# cumulative_displacement force displacement
0.000000 -0.000000 0.000000
0.176555 13.480384 0.176555
0.353124 -0.001136 -0.000013
0.529704 13.481354 0.176568
0.706234 26.959798 0.353098
0.889330 40.939563 0.536194
1.065847 54.417038 0.712711
1.248893 40.441152 0.529666
1.425385 26.965616 0.353174
1.628077 11.489647 0.150482
1.804708 -2.875563 -0.026149
1.987804 -19.257865 -0.209245
2.177352 -36.217417 -0.398793
2.367090 -19.240820 -0.209055
2.556599 -2.284677 -0.019545
2.759304 13.192262 0.183159
2.948889 27.667529 0.372745
3.131998 41.648264 0.555854
3.308490 55.123800 0.732345
3.485071 68.606123 0.908926
3.681209 76.074057 1.105065
3.857739 62.718578 0.928535
4.073462 46.397991 0.712813
4.263073 32.052862 0.523202
4.472254 16.227100 0.314020
4.674972 0.890398 0.111303
4.864633 -11.141464 -0.078359
5.047679 -26.094691 -0.261404
5.224259 -40.722760 -0.437985
5.413845 -56.428154 -0.627571
5.603431 -64.106176 -0.817156
5.806224 -46.223073 -0.614363
5.989231 -30.084827 -0.431356
6.165748 -14.518867 -0.254838
6.348768 -0.697838 -0.071819
6.544920 9.654728 0.124333
6.767208 22.133585 0.346621
6.963385 35.674894 0.542798
7.139902 47.859179 0.719315
7.316445 60.045217 0.895858
7.499477 72.679214 1.078890
7.695667 78.173714 1.275080
7.904912 80.757924 1.484325
8.081442 82.938096 1.660855
8.264563 85.199672 1.843976
8.447646 87.460778 2.027060
8.630768 89.722353 2.210181
8.820404 92.064392 2.399817
9.049258 94.928016 2.628671
9.225852 97.226271 2.805265
9.422041 83.364691 2.609075
9.605099 70.430926 2.426017
9.781654 57.956581 2.249462
9.964699 45.023713 2.066417
10.160876 31.163030 1.870240
10.337368 18.693172 1.693748
10.553154 3.447050 1.477963
10.736199 -1.251321 1.294917
10.971492 -3.444326 1.059624
11.213389 -5.698882 0.817728
11.468430 -8.075948 0.562686
11.703876 -10.270373 0.327241
11.958942 -12.647677 0.072174
12.155183 -23.731639 -0.124066
12.338241 -34.271268 -0.307124
12.521375 -44.815285 -0.490258
12.710960 -55.730754 -0.679844
12.913652 -65.940420 -0.882536
13.122923 -71.811728 -1.091806
13.371347 -78.781546 -1.340231
13.574014 -84.467572 -1.542898
13.770166 -89.970810 -1.739049
13.946657 -94.922478 -1.915541
14.175511 -101.343219 -2.144395
14.352029 -106.295599 -2.320912
14.548129 -111.797411 -2.517013
14.737753 -96.401327 -2.327389
14.920925 -81.529066 -2.144217
15.104008 -66.664023 -1.961134
15.280589 -52.326928 -1.784553
15.522499 -32.685604 -1.542644
15.725178 -16.229498 -1.339964
15.999701 0.551562 -1.065441
16.222028 2.194584 -0.843115
16.490048 4.175296 -0.575094
16.803853 6.494354 -0.261290
17.130738 8.910082 0.065596
17.405299 10.939129 0.340157
17.634153 12.630392 0.569011
17.810620 13.934504 0.745477
18.006797 15.384279 0.941654
18.209463 16.882014 1.144321
18.438330 18.573371 1.373188
18.647575 20.119722 1.582433
18.876404 24.520370 1.811261
19.052959 32.540504 1.987817
19.236068 40.858322 2.170925
19.432207 49.768044 2.367064
19.621830 58.381814 2.556688
19.811467 66.996161 2.746324
19.994524 75.311671 2.929382
20.197204 61.267102 2.726703
20.373785 49.031016 2.550122
20.550315 36.798451 2.373592
20.733385 24.112664 2.190521
20.916417 11.429518 2.007489
21.151774 -0.571025 1.772133
21.393658 -2.532556 1.530248
21.635580 -4.494397 1.288326
21.870835 -6.402168 1.053071
22.158554 -8.735387 0.765353
22.433140 -10.962116 0.490766
22.648926 -12.712005 0.274980
22.910457 -14.832861 0.013449
23.132809 -16.635995 -0.208902
23.315879 -18.120584 -0.391973
23.525099 -19.817227 -0.601193
23.708208 -21.302125 -0.784301
23.904346 -22.892689 -0.980440
24.087404 -31.379652 -1.163498
24.283568 -41.526826 -1.359662
24.466677 -50.998661 -1.542771
24.649735 -60.467867 -1.725828
24.839384 -70.278029 -1.915477
25.015901 -79.408909 -2.091995
25.192482 -88.543073 -2.268576
25.369037 -97.675924 -2.445131
25.552171 -82.932711 -2.261997
25.748412 -67.134367 -2.065757
25.944576 -51.342157 -1.869592
26.127685 -36.600988 -1.686484
26.317296 -21.336344 -1.496873
26.500366 -6.598243 -1.313802
26.709535 0.916141 -1.104633
26.938338 2.563956 -0.875830
27.206410 4.494577 -0.607758
27.382927 5.765835 -0.431241
27.722881 8.214143 -0.091288
27.912479 9.579609 0.098311
28.226296 11.839684 0.412128
28.455150 13.487865 0.640982
28.710115 15.324096 0.895947
28.965068 17.160235 1.150899
29.161232 18.572988 1.347064
29.363899 20.032570 1.549730
29.566553 22.567240 1.752384
29.775849 31.989614 1.961680
29.978528 41.114109 2.164359
30.155045 49.060807 2.340877
30.331575 57.008077 2.517407
30.508169 64.958206 2.694000
30.691252 73.200496 2.877083
30.867795 60.967414 2.700541
31.044388 48.730813 2.523947
31.233961 35.594836 2.334374
31.488939 17.926784 2.079396
31.691593 3.884393 1.876742
31.907378 -1.276414 1.660957
32.083858 -2.686692 1.484478
32.260400 -4.097477 1.307935
32.534936 -6.291344 1.033399
32.724560 -7.806662 0.843775
32.999172 -10.001137 0.569163
33.267282 -12.143651 0.301053
33.568068 -14.547294 0.000267
33.810016 -16.480742 -0.241681
34.012759 -18.100897 -0.444424
34.280805 -20.242904 -0.712470
34.490000 -21.914615 -0.921664
34.679636 -23.430034 -1.111301
34.882290 -33.437804 -1.313955
35.084956 -43.838289 -1.516621
35.261525 -52.899445 -1.693189
35.438029 -61.957343 -1.869694
35.640708 -72.358480 -2.072373
35.823842 -81.756587 -2.255507
36.006900 -91.150783 -2.438565
36.183443 -76.997621 -2.262022
36.373105 -61.792721 -2.072361
36.556213 -47.113181 -1.889252
36.732743 -32.961037 -1.712722
36.928895 -17.235867 -1.516571
37.118519 -2.034021 -1.326947
37.386552 1.714706 -1.058913
37.634989 3.470224 -0.810476
37.948806 5.687730 -0.496659
38.125336 6.935134 -0.320129
38.511048 9.660665 0.065583
38.837972 11.970785 0.392506
39.125627 14.003424 0.680161
39.361021 15.666778 0.915556
39.589875 17.283916 1.144410
39.785976 18.669610 1.340510
39.962506 19.917014 1.517040
40.197888 23.141474 1.752422
40.374456 31.037362 1.928990
40.564041 39.515376 2.118576
40.773312 48.873677 2.327847
40.975991 57.937223 2.530526
41.152572 65.833680 2.707107
41.329077 73.726729 2.883611
41.505581 81.619778 3.060116
41.682187 89.517370 3.236722
41.865220 97.702334 3.419754
42.094099 107.937514 3.648634
42.303382 110.913280 3.857917
42.486517 113.296655 4.041051
42.682719 115.850106 4.237253
42.891977 118.573468 4.446511
43.094707 121.211874 4.649241
43.343195 124.445793 4.897730
43.578678 127.510464 5.133213
43.755234 129.808222 5.309768
44.003760 133.042638 5.558295
44.304572 136.957522 5.859107
44.546533 140.106486 6.101067
44.873520 144.362017 6.428054
45.063232 146.831009 6.617767
45.239800 135.117607 6.441199
45.422896 122.971155 6.258103
45.606005 110.823860 6.074994
45.782522 99.113828 5.898477
45.965618 86.967376 5.715381
46.181366 72.654834 5.499633
46.403628 57.910084 5.277371
46.606282 44.466168 5.074717
46.861235 27.552801 4.819764
47.096477 11.947007 4.584522
47.429852 -0.712301 4.251147
47.795980 -2.413658 3.885019
47.992132 -3.325152 3.688867
48.227513 -4.418944 3.453486
48.469436 -5.543130 3.211563
48.730954 -6.758377 2.950045
48.920565 -7.639478 2.760434
49.195190 -8.915628 2.485809
49.450244 -10.100836 2.230755
49.692179 -11.225081 1.988820
49.953735 -12.440504 1.727264
50.202224 -13.595201 1.478775
50.463869 -14.811038 1.217130
50.725489 -16.026757 0.955510
50.987122 -17.242534 0.693877
51.248780 -18.458430 0.432219
51.490791 -19.583029 0.190208
51.791705 -20.981342 -0.110706
51.987869 -21.892895 -0.306870
52.216748 -22.956471 -0.535749
52.393304 -23.776905 -0.712305
52.576412 -31.142557 -0.895413
52.779104 -39.393299 -1.098105
52.955660 -46.580129 -1.274661
53.164930 -55.098659 -1.483931
53.341473 -62.284973 -1.660474
53.524569 -69.738040 -1.843570
53.707640 -77.190073 -2.026641
53.890761 -84.644174 -2.209762
54.067304 -91.830487 -2.386305
54.250361 -99.282003 -2.569362
54.466147 -108.065735 -2.785148
54.642664 -115.251015 -2.961665
54.858463 -121.987770 -3.177464
55.080713 -124.899709 -3.399714
55.303090 -127.813311 -3.622091
55.505756 -130.468667 -3.824757
55.780368 -134.066658 -4.099369
56.054993 -137.664816 -4.373994
56.238038 -140.063089 -4.557039
56.493080 -143.404663 -4.812081
56.695784 -146.060518 -5.014786
56.996571 -150.001452 -5.315572
57.238506 -153.171306 -5.557507
57.415125 -139.641262 -5.380888
57.591681 -126.116083 -5.204333
57.768274 -112.587985 -5.027740
57.964464 -97.558711 -4.831550
58.160666 -82.528464 -4.635348
58.356932 -67.493353 -4.439082
58.566215 -51.461024 -4.229799
58.827708 -31.429127 -3.968306
59.004213 -17.907839 -3.791801
59.291842 0.179949 -3.504171
59.559927 1.075570 -3.236087
59.775700 1.796428 -3.020314
60.024200 2.626625 -2.771813
60.253143 3.391481 -2.542870
60.560521 4.418376 -2.235492
60.782924 5.161382 -2.013090
61.109949 6.253913 -1.686065
61.358437 7.084067 -1.437577
61.606963 7.914349 -1.189050
61.920780 8.962754 -0.875233
62.221542 9.967544 -0.574472
62.476532 10.819421 -0.319481
62.757647 11.758573 -0.038367
63.025693 12.654067 0.229680
63.260999 13.440181 0.464985
63.581305 14.510267 0.785292
63.849364 15.405803 1.053351
64.110832 16.279319 1.314818
64.431202 17.349618 1.635188
64.633894 18.026775 1.837881
64.843114 18.725740 2.047100
65.163497 19.796082 2.367483
65.405394 20.604215 2.609380
65.595043 21.237799 2.799029
65.823859 22.002231 3.027845
66.163914 23.138294 3.367900
66.464650 24.142998 3.668636
66.719666 24.994960 3.923652
66.915843 25.650352 4.119829
67.105441 26.283765 4.309427
67.347363 27.091984 4.551350
67.530472 27.703716 4.734458
67.713581 32.900415 4.917567
67.929366 39.619838 5.133353
68.132058 45.931532 5.336045
68.308652 51.430536 5.512638
68.491735 57.131625 5.695721
68.714036 64.053925 5.918022
68.890604 69.552138 6.094590
69.067134 75.049165 6.271120
69.256770 80.954316 6.460757
69.446394 86.859072 6.650380
69.642571 92.967891 6.846557
69.851905 99.486415 7.055891
70.028410 87.980136 6.879387
70.231114 74.765881 6.676682
70.414248 62.827434 6.493548
70.603834 50.468409 6.303962
70.786955 38.530789 6.120841
71.009243 24.039899 5.898553
71.211935 10.826471 5.695861
71.408061 -0.110538 5.499735
71.656473 -1.024321 5.251323
71.832914 -1.673360 5.074882
72.126945 -2.754951 4.780851
72.310003 -3.428329 4.597794
72.532291 -4.246016 4.375506
72.761119 -5.087762 4.146677
73.022663 -6.049851 3.885133
73.244951 -6.867538 3.662845
73.532619 -7.925724 3.375177
73.794150 -8.887766 3.113646
74.029557 -9.753712 2.878239
74.245292 -10.547293 2.662504
74.526521 -11.581793 2.381275
74.768418 -12.471611 2.139378
75.016919 -13.385722 1.890878
75.317744 -14.492306 1.590053
75.572810 -15.430570 1.334986
75.795162 -16.248490 1.112634
76.043714 -17.162788 0.864083
76.324917 -18.197195 0.582879
76.579971 -19.135411 0.327825
76.802348 -19.953425 0.105448
77.148919 -21.228284 -0.241122
77.364730 -22.022146 -0.456933
77.606690 -22.912197 -0.698894
77.822476 -23.705965 -0.914679
78.044777 -24.523699 -1.136980
78.280209 -25.389738 -1.372413
78.633282 -26.688516 -1.725486
78.809850 -27.338022 -1.902054
79.064853 -28.276051 -2.157057
79.326384 -29.238094 -2.418588
79.516046 -29.935765 -2.608250
79.725266 -32.243734 -2.817470
79.914953 -38.920353 -3.007157
80.124173 -46.284482 -3.216377
80.300741 -52.499335 -3.392945
80.503458 -59.634592 -3.595662
80.732338 -67.690700 -3.824542
80.935055 -74.825957 -4.027259
81.150879 -82.422533 -4.243083
81.360099 -89.786662 -4.452303
81.536692 -96.002409 -4.628896
81.732869 -102.907453 -4.825073
81.929059 -109.812944 -5.021262
82.131776 -116.948201 -5.223980
82.314834 -123.391478 -5.407038
82.530632 -130.987161 -5.622836
82.726809 -116.098898 -5.426659
82.916484 -101.704116 -5.236985
83.119239 -86.316591 -5.034229
83.308888 -71.923736 -4.844580
83.524674 -55.547322 -4.628794
83.747102 -38.666826 -4.406367
83.943330 -23.774708 -4.210139
84.126387 -9.882081 -4.027081
84.342084 0.268416 -3.811384
84.629727 1.171596 -3.523742
84.852065 1.869728 -3.301403
85.074354 2.567700 -3.079115
85.303296 3.286567 -2.850172
85.571419 4.128456 -2.582050
85.826575 4.929630 -2.326894
86.062045 5.668995 -2.091423
86.349853 6.572693 -1.803616
86.696436 7.660944 -1.457033
86.938358 8.420566 -1.215111
87.199940 9.241918 -0.953529
87.507229 10.206789 -0.646239
87.716423 10.863647 -0.437045
88.036806 11.869631 -0.116662
88.272137 12.608557 0.118669
88.572861 13.552811 0.419392
88.853988 14.435534 0.700519
89.069685 15.112810 0.916216
89.357302 16.015910 1.203833
89.618820 16.837063 1.465351
89.899947 17.719786 1.746479
90.154887 18.520282 2.001418
90.422971 19.362052 2.269503
90.671396 20.142091 2.517927
90.900275 20.860759 2.746807
91.142185 21.620341 2.988716
91.442959 22.564755 3.289490
91.619514 23.119129 3.466046
91.815666 23.735033 3.662197
92.051048 24.474118 3.897579
92.351873 25.418691 4.198404
92.613391 26.239844 4.459923
92.822624 26.896822 4.669155
93.005719 27.471732 4.852251
93.234586 33.402037 5.081118
93.437278 39.503897 5.283810
93.639983 45.606140 5.486514
93.829619 51.314973 5.676151
94.012766 56.828440 5.859297
94.221986 63.126814 6.068517
94.411622 68.835647 6.258154
94.588165 74.150306 6.434696
94.771248 79.661862 6.617780
94.954369 85.174564 6.800901
95.163615 91.473702 7.010146
95.346698 96.985257 7.193229
95.529743 85.076859 7.010184
95.719341 72.742129 6.820586
95.922059 59.553906 6.617868
96.098614 48.067710 6.441313
96.288288 35.728022 6.251639
96.490904 22.546409 6.049023
96.726286 7.233133 5.813641
96.955165 -0.404348 5.584761
97.144637 -1.055270 5.395290
97.347227 -1.751261 5.192700
97.667508 -2.851576 4.872419
97.850579 -3.480508 4.689348
98.092463 -4.311492 4.447464
98.308223 -5.052729 4.231704
98.609010 -6.086071 3.930917
98.818192 -6.804707 3.721735
99.086264 -7.725657 3.453663
99.341280 -8.601755 3.198647
99.609364 -9.522749 2.930563
99.818584 -10.241515 2.721343
100.067059 -11.095144 2.472868
100.302466 -11.903877 2.237461
100.590223 -12.892454 1.949704
100.877929 -13.880856 1.661998
101.146051 -14.801981 1.393876
101.388037 -15.633314 1.151890
101.623508 -16.442265 0.916419
101.904736 -17.408416 0.635190
102.127075 -18.172253 0.412852
102.395198 -19.093378 0.144729
102.682891 -20.081737 -0.142964
102.905242 -20.845618 -0.365316
103.153743 -21.699333 -0.613816
103.415287 -22.597857 -0.875360
103.663788 -23.451573 -1.123861
103.944979 -24.417593 -1.405052
104.167229 -25.181125 -1.627302
104.369997 -25.877728 -1.830070
104.579242 -26.596582 -2.039315
104.899625 -27.697246 -2.359698
105.148139 -28.551005 -2.608212
105.390036 -29.382033 -2.850109
105.605872 -30.123531 -3.065945
105.802011 -36.519646 -3.262084
106.030916 -44.266469 -3.490989
106.253255 -51.791083 -3.713328
106.429848 -57.767535 -3.889921
106.612919 -63.963189 -4.072992
106.802593 -70.382341 -4.262666
106.985664 -76.577995 -4.445737
107.181904 -83.219357 -4.641977
107.364974 -89.415011 -4.825048
107.548083 -95.611954 -5.008156
107.724638 -101.587117 -5.184711
107.901143 -107.560560 -5.361216
108.077737 -113.537013 -5.537810
108.267398 -99.208261 -5.348148
108.463563 -84.388260 -5.151984
108.653237 -70.058550 -4.962309
108.836371 -56.222967 -4.779175
109.012952 -42.882471 -4.602594
109.235342 -26.081161 -4.380205
109.425029 -11.750491 -4.190517
109.614614 0.105564 -4.000932
109.830311 0.774267 -3.785235
110.144128 1.747161 -3.471418
110.405647 2.557920 -3.209900
110.608377 3.186423 -3.007169
110.856979 3.957140 -2.758567
111.144787 4.849400 -2.470760
111.399955 5.640472 -2.215591
111.668077 6.471705 -1.947469
111.929672 7.282699 -1.685874
112.178173 8.053101 -1.437373
112.426661 8.823464 -1.188885
112.786274 9.938335 -0.829272
113.054371 10.769489 -0.561175
113.296243 11.519338 -0.319303
113.597055 12.451916 -0.018491
113.819305 13.140934 0.203759
114.126531 14.093395 0.510984
114.361887 14.823046 0.746341
114.662585 15.755269 1.047039
114.937134 16.606423 1.321587
115.185546 17.376550 1.569999
115.433958 18.146676 1.818411
115.708557 18.997988 2.093011
115.989697 19.869577 2.374151
116.238122 20.639743 2.622575
116.519312 21.511489 2.903766
116.761196 22.261378 3.145650
117.029293 23.092532 3.413747
117.245092 23.761549 3.629546
117.500070 24.552031 3.884524
117.683166 25.119665 4.067620
118.003587 26.113033 4.388040
118.284727 26.984622 4.669180
118.507027 28.460320 4.891481
118.749026 35.695631 5.133480
118.951692 41.754991 5.336146
119.160950 48.011418 5.545404
119.389842 54.854872 5.774296
119.572964 60.329863 5.957418
119.762524 65.997365 6.146978
119.971845 72.255691 6.356299
120.154890 77.728404 6.539344
120.370702 84.180760 6.755155
120.547270 89.459822 6.931724
120.723800 94.737745 7.108254
120.900355 100.016428 7.284809
121.103136 106.079205 7.487590
121.279742 111.359406 7.664196
121.534847 118.986575 7.919301
121.816127 127.396319 8.200580
121.999261 132.871689 8.383714
122.365529 139.872841 8.749982
122.587817 139.024903 8.972271
122.855926 138.002174 9.240380
123.078240 137.154139 9.462694
123.307094 136.281155 9.691548
123.549054 135.358175 9.933508
123.784436 134.460290 10.168890
124.072117 133.362907 10.456570
124.274796 132.589768 10.659250
124.490582 131.120434 10.875035
124.673716 129.389416 11.058169
124.856837 117.690668 10.875048
125.046422 105.578947 10.685462
125.242612 93.045328 10.489273
125.419142 81.767667 10.312743
125.595710 70.487572 10.136175
125.772278 59.207478 9.959607
125.961838 47.097379 9.770046
126.171071 33.730512 9.560814
126.373674 20.787165 9.358211
126.569686 8.264904 9.162199
126.798464 -0.251548 8.933421
127.001130 -0.764394 8.730755
127.269113 -1.442522 8.462772
127.680987 -2.484766 8.050898
127.929437 -3.113467 7.802448
128.171321 -3.725553 7.560564
128.413218 -4.337671 7.318667
128.655115 -4.949789 7.076770
128.896986 -5.561843 6.834899
129.145436 -6.190544 6.586449
129.413470 -6.868801 6.318415
129.661945 -7.497566 6.069940
129.975788 -8.291742 5.756097
130.224238 -8.920443 5.507647
130.446564 -9.483038 5.285321
130.688512 -10.095285 5.043373
130.930472 -10.707564 4.801413
131.159364 -11.286773 4.572521
131.420933 -11.948672 4.310951
131.689069 -12.627186 4.042816
131.930991 -13.239369 3.800894
132.186020 -13.884717 3.545865
132.460657 -14.579685 3.271228
132.669915 -15.109210 3.061970
132.944552 -15.804178 2.787333
133.199594 -16.449559 2.532291
133.448095 -17.078388 2.283790
133.748894 -17.839559 1.982991
133.990817 -18.451742 1.741068
134.265467 -19.146742 1.466418
134.527049 -19.808673 1.204836
134.762481 -20.404433 0.969404
134.971777 -20.934055 0.760108
135.246478 -21.629184 0.485407
135.566975 -22.440200 0.164909
135.828519 -23.102034 -0.096634
136.024798 -23.598716 -0.292913
136.273286 -24.227513 -0.541401
136.508731 -24.823306 -0.776846
136.750666 -25.435520 -1.018781
136.992639 -26.047831 -1.260754
137.358831 -26.974477 -1.626946
137.653141 -27.719225 -1.921256
137.921238 -28.397643 -2.189353
138.130509 -28.927201 -2.398624
138.352860 -29.489860 -2.620975
138.620983 -33.702366 -2.889098
138.817210 -39.240536 -3.085325
139.019940 -44.962224 -3.288055
139.229211 -50.868506 -3.497326
139.431966 -56.590912 -3.700082
139.628194 -62.129082 -3.896309
139.843980 -68.219241 -4.112095
140.027101 -73.387506 -4.295216
140.229882 -79.110628 -4.497997
140.419518 -84.462771 -4.687633
140.615721 -90.000224 -4.883836
140.792302 -94.983896 -5.060417
140.975347 -100.150011 -5.243462
141.158468 -105.318277 -5.426583
141.341564 -110.485825 -5.609679
141.622640 -118.418696 -5.890755
141.838451 -124.509571 -6.106566
142.073859 -131.153512 -6.341974
142.322398 -138.168073 -6.590513
142.610129 -146.288763 -6.878244
142.832442 -151.558168 -7.100557
143.152838 -150.045315 -7.420953
143.375151 -148.995588 -7.643266
143.774058 -147.112017 -8.042173
144.055211 -145.784463 -8.323326
144.264456 -144.796443 -8.532571
144.473727 -143.808302 -8.741842
144.650257 -142.974758 -8.918372
144.826838 -129.909292 -8.741791
145.003406 -116.844767 -8.565223
145.179986 -103.779301 -8.388642
145.356555 -90.714775 -8.212074
145.559297 -75.713546 -8.009331
145.762002 -60.715136 -7.806627
145.964783 -45.711088 -7.603846
146.180721 -29.733520 -7.387907
146.409613 -12.797466 -7.159015
146.644957 0.101982 -6.923672
146.906399 0.529367 -6.662229
147.102500 0.849937 -6.466129
147.350950 1.256084 -6.217679
147.632090 1.715669 -5.936539
147.821688 2.025610 -5.746941
148.070113 2.431715 -5.498516
148.344687 2.880567 -5.223942
148.671521 3.414850 -4.897107
148.919946 3.820955 -4.648683
149.148724 4.194943 -4.419905
149.449409 4.686480 -4.119220
149.717468 5.124682 -3.851161
149.952812 5.509403 -3.615817
150.246956 5.990248 -3.321672
150.514964 6.428366 -3.053664
150.789538 6.877218 -2.779090
151.057559 7.315357 -2.511069
151.306035 7.721546 -2.262594
151.567655 8.149222 -2.000974
151.822747 8.566226 -1.745882
152.090907 9.004594 -1.477721
152.424447 9.549839 -1.144181
152.666370 9.945315 -0.902259
152.927926 10.372887 -0.640702
153.202576 10.821863 -0.366052
153.483754 11.281511 -0.084874
153.784529 11.773193 0.215900
154.059166 12.222149 0.490538
154.366519 12.724585 0.797890
154.647697 13.184232 1.079068
154.896172 13.590421 1.327544
155.144660 13.996630 1.576032
155.425851 14.456298 1.857223
155.622003 14.776951 2.053374
155.962020 15.332784 2.393391
156.236619 15.781678 2.667991
156.472014 16.166482 2.903385
156.727017 16.583342 3.158388
156.995063 17.021522 3.426435
157.289271 17.502471 3.720643
157.511610 17.865933 3.942982
157.799253 18.336148 4.230624
158.067350 18.774412 4.498721
158.270080 19.105819 4.701451
158.544679 19.554713 4.976051
158.799695 19.971593 5.231066
159.002463 20.303062 5.433835
159.192023 20.612941 5.623395
159.388200 20.933635 5.819572
159.571334 21.233008 6.002706
159.878674 21.735423 6.310046
160.153325 22.184400 6.584696
160.388732 22.569225 6.820103
160.604530 22.921995 7.035902
160.833460 23.296233 7.264832
161.036152 25.894700 7.467524
161.225852 29.685638 7.657224
161.408935 33.344348 7.840307
161.624810 37.658357 8.056181
161.821012 41.579237 8.252384
162.063011 46.415303 8.494382
162.272332 50.598354 8.703704
162.455466 54.258079 8.886838
162.651694 58.179467 9.083065
162.841356 61.969643 9.272727
163.063733 66.413595 9.495104
163.266501 70.465688 9.697872
163.449597 74.124652 9.880968
163.626203 77.653926 10.057574
163.822418 81.575061 10.253789
164.005527 85.234278 10.436898
164.221312 89.546511 10.652684
164.397855 93.074517 10.829227
164.594108 96.996412 11.025480
164.796749 101.045967 11.228121
164.979871 104.705438 11.411242
165.156363 93.506881 11.234750
165.332981 82.300266 11.058131
165.509511 71.099291 10.881601
165.699161 59.065899 10.691952
165.875716 47.863313 10.515397
166.052259 36.661532 10.338854
166.248423 24.214751 10.142690
166.470686 10.111999 9.920427
166.660157 -0.054779 9.730956
166.862785 -0.423499 9.528327
167.137283 -0.922997 9.253830
167.333384 -1.279838 9.057729
167.607996 -1.779544 8.783117
167.791028 -2.112605 8.600084
168.078683 -2.636045 8.312429
168.529762 -3.456865 7.861351
168.758565 -3.873214 7.632548
169.033177 -4.372920 7.357935
169.268508 -4.801147 7.122604
169.510405 -5.241323 6.880708
169.785005 -5.741006 6.606108
170.059591 -6.240666 6.331522
170.268786 -6.621333 6.122327
170.536832 -7.109092 5.854281
170.804967 -7.597012 5.586146
171.033821 -8.013454 5.357292
171.471971 -8.810747 4.919142
171.772770 -9.358106 4.618342
172.047408 -9.857859 4.343705
172.302437 -10.321930 4.088676
172.544384 -10.762198 3.846728
172.786332 -11.202465 3.604781
173.054442 -11.690340 3.336671
173.302955 -12.142555 3.088157
173.590687 -12.666134 2.800426
173.845715 -13.130205 2.545397
174.146515 -13.677564 2.244598
174.421127 -14.177271 1.969986
174.656572 -14.605706 1.734541
174.944291 -15.129262 1.446822
175.160051 -15.521877 1.231062
175.447820 -16.045525 0.943292
175.709415 -16.521544 0.681698
175.984103 -17.021389 0.407010
176.258855 -17.521350 0.132258
176.500790 -17.961595 -0.109677
176.775440 -18.461371 -0.384327
177.010835 -18.889713 -0.619722
177.305106 -19.425194 -0.913994
177.547054 -19.865462 -1.155941
177.788938 -20.305614 -1.397825
178.057061 -20.793511 -1.665948
178.325107 -21.281270 -1.933994
178.553999 -21.697781 -2.162886
178.776351 -22.102390 -2.385238
179.024775 -22.554443 -2.633662
179.273302 -23.006682 -2.882189
179.665655 -23.720641 -3.274543
179.848764 -24.053840 -3.457651
180.051507 -24.422767 -3.660394
180.358885 -24.982098 -3.967772
180.626982 -25.469949 -4.235869
180.882023 -25.934043 -4.490911
181.169780 -26.457668 -4.778667
181.477120 -27.016929 -5.086007
181.771430 -33.034526 -5.380317
181.961079 -37.303211 -5.569966
182.209542 -42.895694 -5.818429
182.418850 -47.606883 -6.027737
182.615053 -52.023069 -6.223940
182.811229 -56.438684 -6.420117
183.000891 -60.707654 -6.609779
183.177459 -64.681907 -6.786347
183.399811 -69.686670 -7.008698
183.576417 -73.661781 -7.185304
183.792190 -78.518471 -7.401077
183.988392 -82.934657 -7.597280
184.178054 -87.203627 -7.786942
184.374257 -91.619814 -7.983144
184.570433 -96.035428 -8.179321
184.766636 -100.451614 -8.375523
184.962800 -104.866943 -8.571687
185.145909 -108.988412 -8.754796
185.328992 -113.109309 -8.937879
185.512050 -117.229634 -9.120937
185.688605 -104.278318 -8.944381
185.878254 -90.366506 -8.754732
186.094027 -74.538362 -8.538959
186.277148 -61.105401 -8.355838
186.473363 -46.711944 -8.159623
186.656497 -33.278051 -7.976489
186.846172 -19.364376 -7.786815
187.081579 -2.095954 -7.551407
187.290900 0.286689 -7.342086
187.474009 0.577121 -7.158977
187.670148 0.888221 -6.962839
187.853269 1.178673 -6.779717
188.088651 1.552016 -6.544335
188.297922 1.883944 -6.335065
188.520273 2.236621 -6.112713
188.788421 2.661935 -5.844565
189.063033 3.097502 -5.569953
189.278806 3.439744 -5.354180
189.566499 3.896059 -5.066487
189.841073 4.331566 -4.791913
190.141771 4.808509 -4.491215
190.350953 5.140296 -4.282034
190.671272 5.648361 -3.961714
190.971945 6.125263 -3.661042
191.253046 6.571124 -3.379940
191.534123 7.016945 -3.098864
191.782509 7.410915 -2.850477
192.050543 7.836048 -2.582443
192.325117 8.271555 -2.307869
192.580108 8.676001 -2.052879
192.835085 9.080426 -1.797901
193.070480 9.453790 -1.562506
193.351683 9.899812 -1.281303
193.665564 10.397664 -0.967422
193.920555 10.802109 -0.712432
194.221341 11.279193 -0.411645
194.456774 11.652617 -0.176212
194.751033 12.119347 0.118046
195.038739 12.575682 0.405752
195.319917 13.021664 0.686930
195.548783 13.384674 0.915797
195.829949 13.830635 1.196962
196.058841 14.193685 1.425854
196.405373 14.743327 1.772387
196.719254 15.241179 2.086267
196.941580 15.593814 2.308593
197.209677 16.019048 2.576690
197.471221 16.433888 2.838234
197.745820 16.869435 3.112833
198.033488 17.325710 3.400501
198.249261 17.667952 3.616274
198.556512 18.155289 3.923525
198.818068 18.570148 4.185082
199.105736 19.026423 4.472749
199.373820 19.451637 4.740834
199.609202 19.824981 4.976216
199.831503 20.177576 5.198516
200.093059 20.592436 5.460073
200.341560 20.986588 5.708574
200.550767 21.318415 5.917781
200.740455 21.619282 6.107468
200.975849 21.992645 6.342863
201.198188 22.345301 6.565201
201.413961 22.687543 6.780975
201.760557 23.237285 7.127570
202.067897 27.156527 7.434910
202.342547 32.532255 7.709560
202.610669 37.780214 7.977683
202.833059 42.133048 8.200072
203.075032 46.869187 8.442046
203.264681 50.581188 8.631695
203.526314 55.702125 8.893327
203.702920 59.158837 9.069934
203.918744 63.383156 9.285757
204.108469 67.096649 9.475483
204.317752 71.192951 9.684766
204.540129 75.545536 9.907143
204.716723 79.002000 10.083737
204.899819 82.585736 10.266832
205.096021 86.426003 10.463035
205.298751 90.394039 10.665765
205.475332 93.850254 10.842346
205.664981 97.562256 11.031995
205.848077 101.145992 11.215091
206.044229 104.985265 11.411242
206.220822 108.441729 11.587836
206.462757 113.177122 11.829771
206.652368 101.146147 11.640160
206.848570 88.696949 11.443957
207.051250 75.836780 11.241278
207.234346 64.219193 11.058182
207.450157 50.525800 10.842371
207.626699 39.324020 10.665828
207.803306 28.118210 10.489222
208.038637 13.186264 10.253891
208.241265 0.329318 10.051263
208.437302 -0.313265 9.855225
208.613756 -0.602905 9.678772
209.005957 -1.246683 9.286570
209.417869 -1.922814 8.874658
209.659715 -2.319792 8.632812
209.855867 -2.641764 8.436661
210.097776 -3.038846 8.194751
210.352716 -3.457316 7.939811
210.653465 -3.950979 7.639063
210.908379 -4.369408 7.384148
211.156817 -4.777205 7.135711
211.405241 -5.184981 6.887286
211.673300 -5.624985 6.619227
211.941321 -6.064927 6.351206
212.183231 -6.462009 6.109297
212.457843 -6.912770 5.834685
212.712846 -7.331344 5.579682
212.948317 -7.717857 5.344211
213.236048 -8.190153 5.056480
213.504145 -8.630220 4.788383
213.759174 -9.048836 4.533354
213.988066 -9.424550 4.304462
214.269193 -9.886006 4.023335
214.517732 -10.293969 3.774796
214.785816 -10.734015 3.506711
215.073560 -11.206332 3.218967
215.322061 -11.614233 2.970467
215.596699 -12.065036 2.695829
215.877877 -12.526575 2.414651
216.165646 -12.998933 2.126882
216.427177 -13.428222 1.865351
216.708342 -13.889740 1.584185
216.930669 -14.254677 1.361859
217.224940 -14.737708 1.067587
217.480007 -15.156387 0.812521
217.754645 -15.607190 0.537883
218.003171 -16.015133 0.289357
218.271331 -16.455304 0.021196
218.552535 -16.916884 -0.260007
218.807602 -17.335563 -0.515074
219.023387 -17.689764 -0.730860
219.304527 -18.151240 -1.011999
219.572599 -18.591265 -1.280071
219.814534 -18.988389 -1.522006
220.056507 -19.385575 -1.763979
220.285323 -19.761164 -1.992795
220.553420 -20.201231 -2.260892
220.815002 -20.630604 -2.522474
221.043843 -21.006235 -2.751315
221.331574 -21.478531 -3.039046
221.534292 -21.811280 -3.241764
221.802389 -22.251347 -3.509861
222.037834 -22.637818 -3.745306
222.234023 -22.959853 -3.941496
222.580594 -23.528730 -4.288066
222.763715 -23.829314 -4.471187
223.038416 -24.280221 -4.745888
223.214997 -24.570069 -4.922469
223.463485 -24.977949 -5.170957
223.698930 -25.364420 -5.406403
223.934350 -25.750850 -5.641823
224.169783 -26.137300 -5.877255
224.431390 -31.241088 -6.138863
224.653754 -35.886652 -6.361227
224.882621 -40.668062 -6.590094
225.091892 -45.040077 -6.799364
225.307716 -49.548999 -7.015188
225.510446 -53.784371 -7.217918
225.693605 -57.610879 -7.401077
225.870148 -61.299152 -7.577620
226.046716 -64.987957 -7.754188
226.255974 -69.359706 -7.963446
226.432542 -73.048510 -8.140014
226.609123 -76.737580 -8.316595
226.818406 -81.109860 -8.525878
227.001464 -84.934245 -8.708936
227.178057 -88.623580 -8.885530
227.361140 -92.448496 -9.068613
227.557330 -78.155495 -8.872423
227.746992 -64.338064 -8.682761
227.943169 -50.045989 -8.486584
228.119711 -37.184323 -8.310042
228.302845 -23.842462 -8.126908
228.505576 -9.072967 -7.924178
228.695212 0.101701 -7.734541
228.937236 0.479807 -7.492517
229.166153 0.837437 -7.263600
229.414692 1.225722 -7.015061
229.617461 1.542500 -6.812293
229.852893 1.910309 -6.576860
230.068666 2.247404 -6.361087
230.330312 2.656164 -6.099442
230.578787 3.044349 -5.850966
230.774926 3.350770 -5.654827
231.049487 3.779708 -5.380266
231.297950 4.167873 -5.131803
231.579090 4.607089 -4.850663
231.873260 5.066661 -4.556493
232.187102 5.556967 -4.242651
232.402901 5.894102 -4.026853
232.657866 6.292426 -3.771887
232.965193 6.772553 -3.464560
233.233278 7.191372 -3.196476
233.527562 7.651123 -2.902191
233.802187 8.080161 -2.627566
234.089867 8.529594 -2.339886
234.351449 8.938255 -2.078304
234.619571 9.357134 -1.810182
234.920346 9.827024 -1.509408
235.181940 10.235704 -1.247813
235.463105 10.674960 -0.966648
235.770407 11.155047 -0.659346
236.071232 11.625016 -0.358521
236.332776 12.033617 -0.096977
236.581239 12.421783 0.151486
236.849349 12.840642 0.419595
237.123961 13.269659 0.694207
237.378989 13.668082 0.949236
237.653525 14.096981 1.223772
237.954249 14.566791 1.524495
238.176460 14.913945 1.746707
238.464128 15.363359 2.034375
238.751720 15.812654 2.321966
239.032796 16.251770 2.603043
239.313885 16.690907 2.884132
239.568812 17.089171 3.139059
239.836846 17.507911 3.407093
240.065674 17.865402 3.635921
240.281422 18.202458 3.851669
240.588698 18.682506 4.158945
240.869851 19.121741 4.440098
241.111723 19.499609 4.681969
241.392901 19.938884 4.963147
241.647891 20.337248 5.218138
241.896379 20.725453 5.466626
242.197153 21.195342 5.767400
242.425969 21.552814 5.996216
242.700645 21.981931 6.270892
242.916380 22.318966 6.486627
243.204162 22.768559 6.774409
243.380666 23.044306 6.950913
243.609559 23.401897 7.179805
243.943099 29.635130 7.513345
244.276588 36.094321 7.846835
244.564345 41.667737 8.134591
244.865157 47.494022 8.435403
245.074453 51.547773 8.644699
245.296855 55.855377 8.867102
245.506126 59.908636 9.076372
245.767720 64.975334 9.337967
245.983633 69.157241 9.553880
246.186350 73.083576 9.756597
246.415306 77.518104 9.985553
246.624564 81.571118 10.194811
246.814315 85.246307 10.384561
247.010492 89.045961 10.580738
247.193562 92.591764 10.763809
247.370181 96.012609 10.940428
247.546749 99.432470 11.116996
247.736385 103.105444 11.306632
247.912941 106.525060 11.483188
248.096062 110.071846 11.666309
248.272618 113.491461 11.842864
248.468769 117.290624 12.039016
248.678052 118.081943 12.248299
248.867701 116.289342 12.437948
249.227365 112.889728 12.797612
249.456283 110.725955 13.026530
249.776691 107.697394 13.346938
250.012137 105.558639 13.582383
250.312961 104.114106 13.883208
250.554922 102.952235 14.125169
250.809938 101.727672 14.380185
251.019208 100.722775 14.589455
251.319983 99.278486 14.890229
251.561956 98.116554 15.132202
251.738524 97.268691 15.308770
252.130852 95.384767 15.701099
252.340123 94.379869 15.910369
252.516691 83.397076 15.733801
252.693246 72.415072 15.557246
252.889423 60.212583 15.361069
253.065991 49.229790 15.184501
253.275262 36.212853 14.975230
253.471426 24.011154 14.779066
253.654535 12.621532 14.595958
253.889942 -0.040630 14.360550
254.092507 -0.293921 14.157985
254.268973 -0.514578 13.981519
254.497840 -0.800757 13.752652
254.674421 -1.021557 13.576071
254.877126 -1.275023 13.373367
255.066787 -1.512180 13.183705
255.295629 -1.798327 12.954864
255.524470 -2.084474 12.726022
255.779422 -2.403272 12.471070
256.040915 -2.730247 12.209577
256.269744 -3.016379 11.980748
256.544343 -3.359743 11.706149
256.786253 -3.662231 11.464239
257.001975 -3.931974 11.248517
257.256902 -4.250740 10.993590
257.524949 -4.585909 10.725544
257.819157 -4.953793 10.431335
258.034904 -5.223567 10.215588
258.302963 -5.558753 9.947529
258.564494 -5.885777 9.685998
258.819523 -6.204669 9.430969
259.022215 -6.458119 9.228277
259.283810 -6.785222 8.966683
259.506187 -7.063286 8.744306
259.715445 -7.324946 8.535048
259.970524 -7.643902 8.279968
260.160122 -7.880979 8.090370
260.395542 -8.175352 7.854950
260.670192 -8.518780 7.580300
260.918668 -8.829478 7.331824
261.167182 -9.140224 7.083311
261.415657 -9.450923 6.834835
261.677239 -9.778009 6.573253
261.958417 -10.129600 6.292075
262.233042 -10.472995 6.017450
262.501139 -10.808229 5.749353
262.716937 -11.078067 5.533555
262.991575 -11.421479 5.258918
263.266212 -11.764891 4.984280
263.475457 -12.026535 4.775035
263.782785 -12.410822 4.467708
264.031260 -12.721521 4.219232
264.299370 -13.056770 3.951122
264.573995 -13.400166 3.676498
264.822470 -13.710864 3.428022
265.123270 -14.086989 3.127223
265.384826 -14.414044 2.865666
265.659464 -14.757456 2.591029
265.875249 -15.027279 2.375243
266.156427 -15.378869 2.094065
266.404928 -15.689599 1.845564
266.653391 -16.000281 1.597101
266.914973 -16.327368 1.335519
267.156908 -16.629888 1.093584
267.444614 -16.989641 0.805879
267.699630 -17.308517 0.550863
267.948080 -17.619184 0.302412
268.248879 -17.995309 0.001613
268.523568 -18.338784 -0.273075
268.726222 -18.592186 -0.475729
269.033587 -18.976522 -0.783095
269.471686 -19.524329 -1.221194
269.779013 -19.908617 -1.528521
269.981693 -20.162051 -1.731200
270.269424 -20.521835 -2.018932
270.511384 -20.824387 -2.260892
270.759860 -21.135085 -2.509368
270.969130 -21.396761 -2.718638
271.171810 -21.650195 -2.921317
271.413757 -21.952731 -3.163265
271.609960 -22.198066 -3.359468
271.793030 -22.426980 -3.542538
272.106898 -22.819446 -3.856406
272.296534 -23.056571 -4.046042
272.623559 -23.465489 -4.373067
272.917793 -23.833404 -4.667301
273.179400 -24.160523 -4.928908
273.447535 -24.495804 -5.197043
273.663359 -24.765674 -5.412867
273.905307 -25.068210 -5.654815
274.094994 -25.305398 -5.844502
274.278090 -28.136115 -6.027598
274.526604 -32.375312 -6.276111
274.729346 -35.833741 -6.478854
274.951685 -39.626444 -6.701193
275.134832 -42.750598 -6.884340
275.311413 -45.762750 -7.060921
275.507590 -49.109176 -7.257098
275.690686 -52.232464 -7.440193
275.867305 -55.245266 -7.616812
276.076575 -58.815048 -7.826083
276.285820 -62.384396 -8.035328
276.475495 -65.619903 -8.225003
276.665144 -68.854976 -8.414652
276.861346 -72.201836 -8.610854
277.090188 -76.105458 -8.839695
277.273296 -79.228963 -9.022804
277.593717 -84.694771 -9.343225
277.809528 -88.376122 -9.559036
278.012258 -91.834334 -9.761766
278.241112 -95.738173 -9.990620
278.483060 -99.865367 -10.232568
278.751195 -104.439271 -10.500703
278.973559 -108.232408 -10.723067
279.182805 -111.801756 -10.932312
279.431306 -116.040736 -11.180813
279.673279 -120.168363 -11.422786
279.961023 -125.076758 -11.710530
280.183361 -128.846981 -11.932869
280.444905 -127.631816 -12.194413
280.739152 -126.264712 -12.488659
280.941907 -125.322685 -12.691415
281.118501 -112.590393 -12.514821
281.308175 -98.914969 -12.325147
281.491284 -85.712943 -12.142038
281.667877 -72.980651 -11.965445
281.883688 -57.420793 -11.749634
282.086431 -42.803152 -11.546891
282.269565 -29.599294 -11.363757
282.485389 -14.038520 -11.147933
282.662059 -1.300734 -10.971263
282.858388 0.158447 -10.774934
283.067862 0.344608 -10.565460
283.244442 0.501537 -10.388879
283.434066 0.670057 -10.199256
283.695623 0.902505 -9.937699
283.944073 1.123305 -9.689249
284.218659 1.367333 -9.414662
284.447463 1.570672 -9.185859
284.761242 1.849530 -8.872080
285.016219 2.076131 -8.617102
285.290730 2.320091 -8.342592
285.591441 2.587336 -8.041881
285.918275 2.877797 -7.715047
286.166687 3.098563 -7.466635
286.460870 3.360006 -7.172452
286.715746 3.586516 -6.917576
286.964196 3.807316 -6.669126
287.225638 4.039662 -6.407683
287.493647 4.277844 -6.139675
287.735531 4.492808 -5.897791
287.977428 4.707784 -5.655894
288.245448 4.945977 -5.387873
288.454681 5.131924 -5.178641
288.696591 5.346911 -4.936731
288.905823 5.532858 -4.727499
289.095409 5.701344 -4.537913
289.337344 5.916354 -4.295978
289.605403 6.154581 -4.027919
289.873487 6.392830 -3.759835
290.148137 6.636914 -3.485185
290.442383 6.898413 -3.190939
290.690846 7.119224 -2.942476
291.057025 7.444651 -2.576297
291.312029 7.671275 -2.321293
291.567057 7.897921 -2.066265
291.887478 8.182682 -1.745844
292.188240 8.449972 -1.445082
292.462903 8.694067 -1.170419
292.724421 8.926481 -0.908901
293.038289 9.205418 -0.595033
293.293317 9.432065 -0.340004
293.567942 9.676126 -0.065380
293.836065 9.914409 0.202743
294.130311 10.175909 0.496989
294.398433 10.414191 0.765112
294.679573 10.664043 1.046251
294.967292 10.919741 1.333970
295.235414 11.158024 1.602092
295.523133 11.413722 1.889811
295.830460 11.686847 2.197138
296.111663 11.936755 2.478341
296.360126 12.157566 2.726804
296.588980 12.360951 2.955658
296.863618 12.605023 3.230296
297.105553 12.820033 3.472231
297.393271 13.075731 3.759949
297.628678 13.284940 3.995357
297.890209 13.517365 4.256888
298.171349 13.767217 4.538028
298.426302 13.993795 4.792980
298.655143 14.197169 5.021821
298.910185 14.423826 5.276863
299.178269 14.662075 5.544947
299.374420 14.836397 5.741098
299.688326 15.115368 6.055004
299.930236 15.330355 6.296914
300.119872 15.498887 6.486550
300.401063 15.748784 6.767741
300.616899 15.940600 6.983578
300.878456 16.173047 7.245134
301.094229 16.364807 7.460907
301.316568 16.562401 7.683246
301.578124 16.794849 7.944802
301.761233 16.957579 8.127911
301.983572 17.155174 8.350250
302.186251 17.335297 8.552929
302.421722 17.544562 8.788400
302.598277 17.701468 8.964955
302.964558 18.026985 9.331236
303.154182 18.195506 9.520860
303.330775 18.352446 9.697453
303.513846 18.515142 9.880524
303.827828 22.104799 10.194506
304.102541 25.576351 10.469220
304.429528 29.708479 10.796207
304.704179 33.179228 11.070857
305.005054 36.981390 11.371732
305.318986 40.948534 11.685664
305.580542 44.253819 11.947220
305.848664 47.642077 12.215343
306.116812 51.030656 12.483490
306.404594 54.667352 12.771272
306.646542 57.724841 13.013220
306.868919 60.535016 13.235597
307.123948 63.757809 13.490626
307.320125 66.236893 13.686803
307.581706 69.542499 13.948385
307.817152 72.517817 14.183830
308.046082 75.410804 14.412760
308.242335 77.890851 14.609013
308.451580 80.535079 14.818258
308.667379 83.262120 15.034057
308.850513 85.576381 15.217191
309.046715 88.055786 15.413393
309.269041 90.865319 15.635719
309.465243 93.344724 15.831922
309.641799 93.864965 16.008477
309.838001 92.922821 16.204679
310.014557 92.075018 16.381235
310.230368 91.038714 16.597046
310.446166 77.657315 16.381247
310.629313 66.300609 16.198101
310.812409 54.947053 16.015005
311.021667 41.971222 15.805747
311.230975 28.992242 15.596438
311.414058 17.639473 15.413355
311.623380 4.659706 15.204034
311.839216 -0.142775 14.988197
312.120293 -0.428017 14.707121
312.460246 -0.773008 14.367167
312.643368 -0.958843 14.184046
312.826464 -1.144652 14.000950
313.029130 -1.350322 13.798283
313.231809 -1.556005 13.595604
313.506358 -1.834622 13.321055
313.728684 -2.060243 13.098729
313.983611 -2.318947 12.843802
314.232011 -2.571028 12.595403
314.480410 -2.823108 12.347003
314.774593 -3.121650 12.052821
314.970719 -3.320682 11.856695
315.232212 -3.586050 11.595202
315.519892 -3.877994 11.307521
315.787926 -4.149999 11.039488
316.042904 -4.408755 10.784510
316.297920 -4.667550 10.529494
316.579047 -4.952844 10.248367
316.807863 -5.185050 10.019551
317.062841 -5.443806 9.764573
317.272073 -5.656139 9.555340
317.481395 -5.868563 9.346019
317.749504 -6.140645 9.077909
318.024116 -6.419327 8.803297
318.279183 -6.678173 8.548230
318.521182 -6.923758 8.306232
318.867803 -7.275516 7.959611
319.181683 -7.594047 7.645730
319.489011 -7.905929 7.338403
319.744052 -8.164749 7.083361
319.992553 -8.416933 6.834861
320.247569 -8.675728 6.579845
320.567990 -9.000897 6.259424
320.809950 -9.246443 6.017463
321.084575 -9.525137 5.742838
321.372281 -9.817106 5.455133
321.653446 -10.102438 5.173967
321.915003 -10.367871 4.912411
322.124261 -10.580229 4.703153
322.431575 -10.892098 4.395838
322.706213 -11.170805 4.121201
322.954701 -11.422976 3.872713
323.235866 -11.708307 3.591547
323.503963 -11.980377 3.323450
323.765545 -12.245835 3.061868
324.000952 -12.484731 2.826461
324.275590 -12.763438 2.551824
324.510984 -13.002321 2.316429
324.759485 -13.254504 2.067928
325.066800 -13.566373 1.760614
325.328382 -13.831831 1.499032
325.583410 -14.090639 1.244003
325.831886 -14.342796 0.995528
326.152294 -14.667953 0.675119
326.400808 -14.920149 0.426606
326.649309 -15.172332 0.178105
326.897784 -15.424490 -0.070371
327.172422 -15.703197 -0.345008
327.414382 -15.948743 -0.586969
327.715182 -16.254000 -0.887768
327.944074 -16.486284 -1.116660
328.199077 -16.745066 -1.371663
328.421390 -16.970674 -1.593977
328.722139 -17.275879 -1.894726
328.951019 -17.508150 -2.123605
329.225631 -17.786832 -2.398217
329.467578 -18.032365 -2.640165
329.729084 -18.297746 -2.901671
329.957951 -18.530004 -3.130537
330.212992 -18.788825 -3.385579
330.461430 -19.040943 -3.634016
330.781876 -19.366138 -3.954462
331.239609 -19.830655 -4.412196
331.645019 -20.242072 -4.817605
331.873911 -20.474356 -5.046497
332.089671 -20.693313 -5.262258
332.279320 -20.885773 -5.451907
332.488553 -21.098106 -5.661139
332.697836 -21.310490 -5.870423
333.044368 -21.662158 -6.216955
333.234030 -21.854630 -6.406617
333.508706 -22.133376 -6.681292
333.711461 -22.339136 -6.884048
333.966515 -22.597969 -7.139102
334.286936 -22.923139 -7.459523
334.594276 -23.908957 -7.766863
334.855845 -27.688303 -8.028432
335.130521 -31.657021 -8.303108
335.359388 -34.963857 -8.531974
335.634051 -38.932391 -8.806637
335.869496 -42.334280 -9.042082
336.111431 -45.829937 -9.284017
336.359919 -49.420280 -9.532506
336.588849 -52.728034 -9.761436
336.837325 -56.318193 -10.009911
337.026987 -59.058567 -10.199573
337.301688 -63.027652 -10.474274
337.582878 -67.090504 -10.755465
337.785621 -70.019883 -10.958208
337.981811 -72.854577 -11.154397
338.204124 -76.066728 -11.376711
338.433080 -79.374849 -11.605666
338.648866 -82.492681 -11.821452
338.851621 -85.422243 -12.024208
339.067445 -88.540626 -12.240031
339.257094 -91.280818 -12.429680
339.446730 -94.020826 -12.619317
339.656014 -97.044707 -12.828600
339.839071 -99.689662 -13.011658
340.041814 -85.197666 -12.808915
340.224885 -72.111841 -12.625845
340.408057 -59.018753 -12.442673
340.610774 -44.528573 -12.239955
340.806989 -30.503182 -12.043740
340.996651 -16.946212 -11.854078
341.232134 -0.113928 -11.618595
341.441430 0.168962 -11.409299
341.631105 0.323259 -11.219625
341.886350 0.530896 -10.964380
342.154764 0.749246 -10.695965
342.455830 0.994158 -10.394899
342.678169 1.175027 -10.172560
342.939789 1.387850 -9.910940
343.181724 1.584659 -9.669005
343.456324 1.808041 -9.394406
343.691629 1.999458 -9.159100
343.985850 2.238801 -8.864879
344.279995 2.478083 -8.570735
344.580718 2.722716 -8.270011
344.822551 2.919443 -8.028178
345.070963 3.121521 -7.779766
345.338959 3.339531 -7.511771
345.626588 3.573512 -7.224141
345.907690 3.802184 -6.943039
346.169158 4.014883 -6.681572
346.411017 4.211630 -6.439713
346.685578 4.434981 -6.165152
346.940518 4.642370 -5.910212
347.202011 4.855090 -5.648719
347.430814 5.041217 -5.419916
347.659643 5.227365 -5.191087
347.881943 5.408203 -4.968786
348.084661 5.573110 -4.766069
348.326583 5.769909 -4.524146
348.646953 6.030524 -4.203776
348.947740 6.275209 -3.902989
349.235420 6.509232 -3.615309
349.510071 6.732655 -3.340659
349.823913 6.987960 -3.026816
350.065848 7.184770 -2.784881
350.366622 7.429444 -2.484107
350.621651 7.636905 -2.229079
350.935519 7.892231 -1.915211
351.210131 8.115623 -1.640599
351.510905 8.360297 -1.339825
351.772461 8.573069 -1.078268
352.047112 8.796492 -0.803618
352.328277 9.025215 -0.522453
352.596374 9.243307 -0.254356
352.877539 9.472030 0.026810
353.119474 9.668839 0.268745
353.407205 9.902903 0.556476
353.681843 10.126316 0.831113
353.969561 10.360370 1.118832
354.211509 10.557190 1.360780
354.486147 10.780603 1.635417
354.767325 11.009336 1.916595
355.048490 11.238059 2.197760
355.349277 11.482743 2.498547
355.584709 11.674264 2.733980
355.892024 11.924258 3.041294
356.094741 12.089165 3.244012
356.408571 12.344460 3.557841
356.663600 12.551921 3.812870
356.905535 12.748731 4.054805
357.199768 12.988085 4.349039
357.435188 13.179595 4.584459
357.696732 13.392356 4.846002
357.958263 13.605107 5.107534
358.219807 13.817868 5.369077
358.455214 14.009367 5.604485
358.749397 14.248680 5.898667
358.952089 14.413566 6.101359
359.226650 14.636917 6.375921
359.442360 14.812392 6.591630
359.690797 15.014492 6.840068
359.998137 15.264507 7.147408
360.220425 15.445335 7.369696
360.462322 15.642113 7.611593
360.750053 15.876177 7.899324
360.933136 16.025112 8.082407
361.168518 16.216591 8.317789
361.423496 16.424011 8.572767
361.658903 16.615511 8.808174
361.920511 16.828323 9.069781
362.129769 16.998551 9.279039
362.371729 17.195381 9.521000
362.620192 17.397501 9.769462
362.842531 17.578370 9.991801
363.032180 17.732646 10.181450
363.267625 18.333664 10.416896
363.489964 20.948987 10.639235
363.666481 23.025322 10.815752
364.019681 27.179932 11.168952
364.346681 31.026357 11.495951
364.660586 34.718763 11.809857
364.954896 38.180665 12.104167
365.236176 41.489295 12.385446
365.510851 44.720244 12.660122
365.805110 48.181548 12.954381
366.099420 51.643449 13.248691
366.328338 54.336156 13.477608
366.563770 57.105498 13.713041
366.759998 59.413681 13.909269
366.956213 61.721715 14.105484
367.165484 64.183319 14.314754
367.433606 67.337184 14.582877
367.662485 70.029442 14.811756
367.897931 72.798933 15.047201
368.100686 75.183902 15.249957
368.303429 77.568721 15.452700
368.480023 79.645952 15.629293
368.682740 82.030472 15.832011
368.905079 84.645796 16.054349
369.081660 86.722877 16.230930
369.271334 88.953976 16.420605
369.460971 90.966052 16.610241
369.735621 89.647207 16.884891
369.912163 78.713818 16.708349
370.095285 67.373013 16.525227
370.284908 55.629510 16.335604
370.461489 44.693761 16.159023
370.664194 32.140145 15.956318
370.866937 19.584169 15.753575
371.108923 4.597851 15.511589
371.383585 -0.179599 15.236927
371.579699 -0.355337 15.040813
371.795561 -0.548773 14.824951
372.200957 -0.912052 14.419555
372.377513 -1.070265 14.242999
372.612882 -1.281181 14.007630
373.050956 -1.673742 13.569556
373.279772 -1.878786 13.340740
373.495494 -2.072096 13.125018
373.789651 -2.335693 12.830861
374.044616 -2.564169 12.575896
374.253836 -2.751653 12.366676
374.547994 -3.015249 12.072518
374.776810 -3.220293 11.843702
375.012141 -3.431175 11.608372
375.299796 -3.688945 11.320716
375.574408 -3.935027 11.046104
375.835901 -4.169353 10.784611
376.090955 -4.397909 10.529557
376.365592 -4.644013 10.254920
376.581391 -4.837392 10.039121
376.842973 -5.071797 9.777539
377.058809 -5.265210 9.561703
377.307323 -5.487905 9.313189
377.582049 -5.734090 9.038463
377.850171 -5.974356 8.770341
378.151022 -6.243950 8.469490
378.432225 -6.495939 8.188287
378.713429 -6.747927 7.907083
379.020730 -7.023303 7.599782
379.314989 -7.286991 7.305523
379.589665 -7.533130 7.030847
379.903520 -7.814378 6.716992
380.145493 -8.031212 6.475019
380.400497 -8.259722 6.220015
380.688215 -8.517549 5.932297
380.936691 -8.740210 5.683821
381.217856 -8.992164 5.402656
381.466344 -9.214836 5.154168
381.714832 -9.437508 4.905680
382.002538 -9.695324 4.617974
382.283703 -9.947278 4.336809
382.571396 -10.205082 4.049116
382.826425 -10.433615 3.794087
383.094548 -10.673882 3.525965
383.369172 -10.919975 3.251340
383.663406 -11.183640 2.957106
383.885732 -11.382869 2.734780
384.193072 -11.658278 2.427440
384.487318 -11.921955 2.133194
384.729253 -12.138754 1.891259
385.030053 -12.408303 1.590459
385.278541 -12.630975 1.341971
385.572813 -12.894675 1.047699
385.821288 -13.117335 0.799224
386.115547 -13.381023 0.504965
386.409819 -13.644722 0.210693
386.638711 -13.849834 -0.018199
386.893714 -14.078345 -0.273202
387.142215 -14.301028 -0.521703
387.403772 -14.535411 -0.783260
387.671894 -14.775678 -1.051382
387.953072 -15.027643 -1.332560
388.181952 -15.232744 -1.561440
388.430440 -15.455416 -1.809928
388.750797 -15.742491 -2.130285
389.031975 -15.994457 -2.411463
389.234655 -16.176079 -2.614143
389.541982 -16.451478 -2.921470
389.777376 -16.662416 -3.156864
390.051976 -16.908487 -3.431464
390.346209 -17.172152 -3.725697
390.568536 -17.371380 -3.948024
390.823539 -17.599891 -4.203027
391.117823 -17.863601 -4.497311
391.327030 -18.051073 -4.706518
391.568965 -18.267873 -4.948453
391.863237 -18.531572 -5.242725
392.078972 -18.724894 -5.458460
392.301324 -18.924145 -5.680812
392.549774 -19.146783 -5.929262
392.857114 -19.422193 -6.236602
393.242952 -19.767946 -6.622440
393.452223 -19.955475 -6.831711
393.661494 -20.143004 -7.040982
394.001523 -20.447707 -7.381011
394.197688 -20.623491 -7.577176
394.374243 -20.781704 -7.753731
394.701268 -21.074753 -8.080756
394.995527 -21.338441 -8.375015
395.276756 -21.590453 -8.656244
395.564462 -22.136233 -8.943950
395.865274 -26.061892 -9.244762
396.120303 -29.390067 -9.499790
396.342667 -32.291966 -9.722155
396.565006 -35.193533 -9.944494
396.793923 -38.180952 -10.173411
397.003156 -40.911478 -10.382644
397.310559 -44.923155 -10.690047
397.559047 -48.165976 -10.938535
397.774871 -50.982519 -11.154359
397.997223 -53.884252 -11.376711
398.226140 -56.871671 -11.605628
398.441951 -59.688049 -11.821439
398.625060 -62.077653 -12.004548
398.821262 -64.638132 -12.200750
399.010911 -67.113091 -12.390399
399.187492 -69.417505 -12.566980
399.396750 -72.148363 -12.776238
399.586387 -74.623156 -12.965874
399.789142 -77.269155 -13.168630
399.972263 -64.274240 -12.985509
400.155397 -51.278424 -12.802375
400.332004 -38.745843 -12.625768
400.521627 -25.289496 -12.436145
400.724383 -10.901271 -12.233389
400.940207 0.048457 -12.017565
401.129856 0.196191 -11.827916
401.365339 0.379628 -11.592433
401.581137 0.547732 -11.376635
401.836306 0.746504 -11.121466
402.111299 0.960719 -10.846473
402.490711 1.256275 -10.467061
402.915755 1.587377 -10.042017
403.190367 1.801295 -9.767405
403.458401 2.010089 -9.499371
403.700259 2.198493 -9.257513
403.994442 2.427656 -8.963330
404.340886 2.697530 -8.616886
404.615434 2.911398 -8.342338
404.870361 3.109982 -8.087411
405.138382 3.318766 -7.819390
405.406416 3.527560 -7.551356
405.674398 3.736314 -7.283374
405.968581 3.965477 -6.989191
406.216930 4.158937 -6.740843
406.524206 4.398300 -6.433566
406.726822 4.556134 -6.230950
406.994881 4.764948 -5.962891
407.223671 4.943172 -5.734101
407.452487 5.121416 -5.505285
407.700975 5.314984 -5.256797
407.929817 5.493247 -5.027955
408.184845 5.691910 -4.772927
408.479104 5.921133 -4.478668
408.779878 6.155431 -4.177894
409.067584 6.379549 -3.890188
409.348762 6.598582 -3.609010
409.643009 6.827795 -3.314764
409.898025 7.026449 -3.059747
410.205326 7.265832 -2.752446
410.506126 7.500150 -2.451646
410.800372 7.729363 -2.157400
411.061916 7.933101 -1.895856
411.310392 8.126659 -1.647380
411.578476 8.335492 -1.379296
411.892306 8.579960 -1.065467
412.166994 8.793938 -0.790778
412.467768 9.028236 -0.490004
412.755474 9.252354 -0.202298
413.023571 9.461197 0.065799
413.304761 9.680240 0.346989
413.585914 9.899253 0.628142
413.847483 10.103011 0.889711
414.128674 10.322054 1.170902
414.396771 10.530897 1.438999
414.645246 10.724456 1.687474
414.926424 10.943489 1.968652
415.188019 11.147267 2.230247
415.443022 11.345910 2.485250
415.704604 11.549678 2.746832
415.966135 11.753406 3.008363
416.234245 11.962259 3.276473
416.502329 12.171092 3.544557
416.790061 12.395230 3.832289
417.071239 12.614263 4.113467
417.319689 12.807802 4.361917
417.600867 13.026835 4.643095
417.836261 13.210203 4.878489
418.097856 13.413981 5.140084
418.372455 13.627889 5.414683
418.647093 13.841827 5.689321
418.889053 14.030311 5.931281
419.189853 14.264628 6.232081
419.477533 14.488727 6.519761
419.699859 14.661915 6.742087
420.000570 14.896164 7.042798
420.216343 15.064247 7.258571
420.458240 15.252681 7.500468
420.719745 15.456389 7.761973
420.981289 15.660128 8.023517
421.255914 15.874056 8.298142
421.471700 16.042149 8.513928
421.752903 16.261202 8.795131
422.014396 16.464901 9.056624
422.256369 16.653394 9.298597
422.491789 16.836782 9.534017
422.687953 16.989591 9.730181
422.942969 17.188244 9.985197
423.178376 17.371622 10.220604
423.407256 17.549915 10.449484
423.695000 19.850103 10.737228
424.061166 24.007067 11.103394
424.276990 26.457242 11.319218
424.453583 28.462048 11.495811
424.819826 32.619877 11.862054
425.166434 36.554805 12.208662
425.480378 40.118905 12.522606
425.742037 43.089421 12.784265
426.042887 46.504873 13.085115
426.225970 48.583355 13.268198
426.474496 51.404790 13.516724
426.664184 53.558245 13.706411
426.912684 56.379392 13.954912
427.102410 58.533279 14.144638
427.311668 60.908914 14.353896
427.573326 63.879430 14.615554
427.762975 66.032452 14.805203
427.972258 68.408375 15.014486
428.174976 70.709757 15.217204
428.416974 73.457084 15.459202
428.632836 75.907692 15.675064
428.868230 78.580046 15.910458
429.057880 80.733068 16.100108
429.267176 83.109135 16.309403
429.443744 85.113653 16.485972
429.653014 87.489432 16.695242
429.862247 89.548416 16.904475
430.091139 88.449298 17.133367
430.293894 87.475685 17.336122
430.483543 86.565008 17.525771
430.915140 84.492521 17.957368
431.196331 83.142270 18.238559
431.477509 81.792080 18.519737
431.726010 80.598802 18.768238
431.954877 79.499806 18.997104
432.229539 78.180900 19.271767
432.491096 76.924931 19.533324
432.772274 75.574740 19.814502
433.046911 74.255957 20.089139
433.328089 72.905767 20.370317
433.609280 71.555515 20.651508
433.857781 70.362238 20.900009
434.053945 69.420276 21.096173
434.263190 56.671733 20.886928
434.459380 44.718619 20.690738
434.649055 33.162447 20.501064
434.845231 21.210108 20.304887
435.028404 10.050103 20.121715
435.224644 -0.021964 19.925474
435.407778 -0.150536 19.742341
435.623653 -0.302093 19.526466
435.839375 -0.453543 19.310744
436.140212 -0.664750 19.009906
436.316780 -0.788711 18.833338
436.539119 -0.944807 18.610999
436.853038 -1.165197 18.297080
437.094960 -1.335041 18.055158
437.363006 -1.523226 17.787112
437.598376 -1.688470 17.551743
437.853353 -1.867480 17.296765
438.121362 -2.055638 17.028757
438.317475 -2.193322 16.832643
438.605155 -2.395291 16.544963
438.833959 -2.555925 16.316160
439.160793 -2.785383 15.989325
439.402690 -2.955210 15.747428
439.664208 -3.138812 15.485910
439.906118 -3.308647 15.244001
440.174177 -3.496841 14.975942
440.422640 -3.671277 14.727479
440.677605 -3.850278 14.472514
440.912999 -4.015540 14.237119
441.115742 -4.157878 14.034376
441.351162 -4.323157 13.798956
441.593097 -4.493010 13.557021
441.808895 -4.644514 13.341223
442.057409 -4.818986 13.092709
442.279748 -4.975081 12.870370
442.482478 -5.117410 12.667640
442.776737 -5.323998 12.373381
443.031753 -5.503035 12.118365
443.332603 -5.714251 11.817515
443.653012 -5.939197 11.497107
443.908040 -6.118243 11.242078
444.195759 -6.320239 10.954360
444.463894 -6.508486 10.686224
444.764693 -6.719666 10.385425
445.013169 -6.894111 10.136950
445.307466 -7.100726 9.842652
445.601687 -7.307287 9.548431
445.876350 -7.500117 9.273769
446.137894 -7.683737 9.012225
446.360233 -7.839833 8.789886
446.634857 -8.032636 8.515261
446.935644 -8.243807 8.214474
447.203728 -8.432019 7.946390
447.498000 -8.638616 7.652118
447.753016 -8.817653 7.397102
448.066909 -9.038025 7.083209
448.308870 -9.207896 6.841249
448.596601 -9.409901 6.553517
448.871226 -9.602705 6.278893
449.139323 -9.790925 6.010796
449.407407 -9.979137 5.742711
449.675504 -10.167357 5.474614
449.924018 -10.341829 5.226101
450.231332 -10.557583 4.918786
450.479833 -10.732046 4.670285
450.728321 -10.906500 4.421797
451.035636 -11.122254 4.114483
451.264490 -11.282923 3.885629
451.486854 -11.439037 3.663264
451.787641 -11.650208 3.362477
452.068806 -11.847603 3.081312
452.323835 -12.026649 2.826283
452.598498 -12.219479 2.551620
452.846986 -12.393933 2.303132
453.167394 -12.618879 1.982724
453.415883 -12.793333 1.734236
453.657843 -12.963205 1.492275
453.919400 -13.146833 1.230719
454.200565 -13.344229 0.949554
454.455606 -13.523283 0.694512
454.684473 -13.683962 0.465645
455.031069 -13.927293 0.119050
455.253408 -14.083389 -0.103289
455.475746 -14.239485 -0.325628
455.756899 -14.436871 -0.606781
456.018494 -14.620527 -0.868375
456.286591 -14.808747 -1.136472
456.528538 -14.978609 -1.378420
456.809716 -15.176014 -1.659598
457.058217 -15.350476 -1.908099
457.339383 -15.547872 -2.189264
457.561709 -15.703959 -2.411590
457.836308 -15.896744 -2.686190
458.032510 -16.034490 -2.882392
458.320216 -16.236477 -3.170098
458.568666 -16.410905 -3.418548
458.823695 -16.589951 -3.673577
459.059051 -16.755185 -3.908933
459.301075 -16.925101 -4.150957
459.569122 -17.113286 -4.419003
459.765298 -17.251014 -4.615180
460.020365 -17.430087 -4.870247
460.242717 -17.586191 -5.092598
460.445396 -17.728485 -5.295278
460.706965 -17.912122 -5.556847
460.922776 -18.063635 -5.772658
461.105872 -18.192179 -5.955754
461.308577 -18.334491 -6.158459
461.537495 -18.495205 -6.387376
461.727131 -18.628341 -6.577013
461.936363 -18.775235 -6.786245
462.282972 -19.018576 -7.132853
462.472596 -19.151703 -7.322477
462.799595 -19.381277 -7.649477
462.982742 -19.509857 -7.832623
463.309665 -19.739378 -8.159547
463.675844 -19.996458 -8.525726
463.865481 -20.129594 -8.715362
464.198983 -20.363733 -9.048864
464.480173 -21.008060 -9.330055
464.794079 -24.347449 -9.643961
465.075283 -27.338944 -9.925164
465.395716 -30.747777 -10.245598
465.650758 -33.460956 -10.500639
465.866518 -35.756254 -10.716400
466.056180 -37.773912 -10.906061
466.252357 -39.860879 -11.102238
466.513939 -42.643636 -11.363820
466.742793 -45.078228 -11.592674
466.925939 -47.026576 -11.775821
467.109073 -48.974790 -11.958955
467.311778 -51.131201 -12.161660
467.488346 -53.009565 -12.338228
467.691026 -55.165706 -12.540907
467.880675 -57.183228 -12.730556
468.076826 -59.269925 -12.926708
468.351527 -62.192246 -13.201409
468.528070 -64.070340 -13.377951
468.737328 -66.296465 -13.587209
469.005425 -69.148531 -13.855306
469.214695 -71.374791 -14.064577
469.456618 -73.948405 -14.306499
469.744349 -77.009344 -14.594230
469.992824 -79.652673 -14.842706
470.260934 -82.504874 -15.110816
470.496341 -85.009180 -15.346223
470.731748 -87.513486 -15.581630
470.999896 -90.366092 -15.849778
471.254912 -93.079000 -16.104794
471.490307 -95.583171 -16.340188
471.764970 -98.505086 -16.614851
472.000390 -101.009527 -16.850271
472.190102 -87.631679 -16.660559
472.366683 -75.179838 -16.483978
472.549817 -62.265889 -16.300844
472.752585 -47.967407 -16.098076
472.935770 -35.049875 -15.914891
473.145104 -20.288389 -15.705557
473.328276 -7.371754 -15.522384
473.517951 0.040081 -15.332710
473.760013 0.154042 -15.090648
473.962755 0.249491 -14.887905
474.263758 0.391201 -14.586903
474.597476 0.548312 -14.253185
474.800359 0.643828 -14.050302
474.996675 0.736252 -13.853986
475.264874 0.862518 -13.585787
475.487314 0.967241 -13.363346
475.703240 1.068897 -13.147421
475.977852 1.198182 -12.872809
476.226264 1.315132 -12.624397
476.507353 1.447466 -12.343308
476.781914 1.576727 -12.068746
477.049922 1.702903 -11.800738
477.272172 1.807537 -11.578488
477.566342 1.946030 -11.284318
477.867040 2.087596 -10.983620
478.128533 2.210704 -10.722127
478.396516 2.336868 -10.454145
478.657984 2.459965 -10.192677
478.926030 2.586159 -9.924631
479.174366 2.703073 -9.676295
479.468586 2.841590 -9.382074
479.677717 2.940047 -9.172943
479.919614 3.053930 -8.931046
480.161511 3.167813 -8.689149
480.370718 3.266306 -8.479942
480.632287 3.389451 -8.218373
480.841495 3.487944 -8.009166
481.076876 3.598760 -7.773784
481.325365 3.715746 -7.525296
481.626151 3.857354 -7.224509
481.894248 3.983571 -6.956412
482.181954 4.119021 -6.668706
482.469660 4.254470 -6.381001
482.711595 4.368371 -6.139066
482.986220 4.497662 -5.864441
483.247764 4.620795 -5.602897
483.502780 4.740854 -5.347881
483.803554 4.882456 -5.047107
484.117434 5.030229 -4.733226
484.372437 5.150282 -4.478223
484.640534 5.276500 -4.210126
484.928228 5.411943 -3.922433
485.215959 5.547405 -3.634702
485.490622 5.676714 -3.360039
485.778327 5.812163 -3.072333
486.020250 5.926058 -2.830411
486.353752 6.083068 -2.496909
486.641470 6.218524 -2.209190
486.883405 6.332425 -1.967255
487.158030 6.461716 -1.692631
487.432655 6.591007 -1.418006
487.687709 6.711084 -1.162952
487.975415 6.846534 -0.875246
488.223890 6.963514 -0.626770
488.524702 7.105134 -0.325958
488.747003 7.209791 -0.103657
489.034747 7.345258 0.184086
489.296240 7.468367 0.445580
489.518604 7.573054 0.667944
489.806323 7.708510 0.955662
490.080935 7.837795 1.230274
490.355585 7.967098 1.504925
490.610614 8.087163 1.759953
490.898332 8.222619 2.047672
491.146808 8.339599 2.296147
491.441092 8.478146 2.590432
491.709202 8.604369 2.858541
491.957652 8.721338 3.106991
492.212668 8.841397 3.362007
492.461169 8.958389 3.610508
492.748875 9.093839 3.898214
493.010419 9.216971 4.159758
493.239298 9.324726 4.388637
493.513923 9.454017 4.663262
493.775492 9.577161 4.924831
494.043589 9.703379 5.192928
494.318227 9.832676 5.467566
494.619026 9.974290 5.768365
494.815152 10.066625 5.964492
495.083262 10.192848 6.232601
495.357887 10.322139 6.507226
495.580226 10.426815 6.729565
495.828638 10.543765 6.977977
496.083628 10.663812 7.232967
496.325487 10.777677 7.474826
496.567435 10.891584 7.716774
496.828966 11.014711 7.978305
497.116595 11.150125 8.265935
497.345526 11.257903 8.494865
497.600440 11.377915 8.749779
497.809698 11.476432 8.959037
498.090850 11.608796 9.240190
498.358947 11.735014 9.508287
498.555112 11.827366 9.704451
498.790532 11.938200 9.939871
499.032492 12.052113 10.181831
499.241724 12.150618 10.391064
499.470629 12.258384 10.619969
499.725683 12.378461 10.875023
499.993793 12.504685 11.143132
500.196510 12.600123 11.345850
500.464595 12.726335 11.613934
500.700027 12.837174 11.849367
500.909285 12.935691 12.058625
501.112015 13.031135 12.261355
501.354014 13.145066 12.503353
501.582881 13.252814 12.732220
501.779070 13.345179 12.928410
502.021018 13.459086 13.170357
502.217169 13.551432 13.366509
502.432993 13.895997 13.582332
502.629208 15.344682 13.778548
502.831951 16.841562 13.981290
503.067345 18.579515 14.216685
503.296238 20.269459 14.445577
503.518538 21.910739 14.667878
503.734311 23.503823 14.883651
503.943582 25.048899 15.092921
504.165959 26.690742 15.315298
504.381745 28.283920 15.531084
504.623718 30.070443 15.773057
504.813316 31.470276 15.962655
505.022587 33.015352 16.171926
505.199180 34.319168 16.348519
505.447668 36.153793 16.597008
505.650424 37.650767 16.799763
505.892359 39.437009 17.041698
506.127791 41.175243 17.277131
506.337062 42.720319 17.486401
506.592065 44.603047 17.741405
506.794795 46.099833 17.944135
507.049837 47.982842 18.199176
507.285244 49.720888 18.434583
507.494515 51.265964 18.643854
507.742990 53.100496 18.892329
507.984925 54.886738 19.134265
508.351180 57.590856 19.500520
508.632358 59.666835 19.781698
508.933221 61.888151 20.082561
509.227544 64.061178 20.376883
509.449896 65.702833 20.599235
509.639570 67.103228 20.788909
509.842313 68.600108 20.991652
510.058111 68.837459 21.207451
510.306638 67.644059 21.455977
510.574747 66.356621 21.724087
510.770962 65.414415 21.920302
510.960662 53.889168 21.730602
511.137294 43.157887 21.553970
511.313849 32.431236 21.377415
511.510115 20.507077 21.181149
511.712909 8.186319 20.978355
511.896043 -0.029995 20.795221
512.131551 -0.175971 20.559712
512.314635 -0.289452 20.376629
512.523918 -0.419173 20.167346
512.837836 -0.613751 19.853427
513.210581 -0.844791 19.480682
513.583238 -1.075776 19.108026
513.838279 -1.233859 18.852985
514.106325 -1.400003 18.584939
514.335154 -1.541839 18.356110
514.590094 -1.699859 18.101170
514.812344 -1.837618 17.878920
515.060819 -1.991631 17.630445
515.315746 -2.149644 17.375518
515.570673 -2.307656 17.120591
515.819098 -2.461638 16.872166
516.106753 -2.639937 16.584511
516.361705 -2.797965 16.329558
516.610143 -2.951955 16.081121
516.838984 -3.093799 15.852280
517.152814 -3.288321 15.538450
517.394787 -3.438304 15.296477
517.662884 -3.604480 15.028380
517.872167 -3.734201 14.819097
518.127171 -3.892261 14.564093
518.342969 -4.026020 14.348295
518.663390 -4.224628 14.027874
518.905363 -4.374611 13.785901
519.219231 -4.569157 13.472033
519.631282 -4.824561 13.059981
519.892839 -4.986682 12.798425
520.206707 -5.181228 12.484557
520.514021 -5.371712 12.177243
520.834468 -5.570336 11.856796
521.154889 -5.768944 11.536375
521.436054 -5.943220 11.255210
521.789177 -6.162098 10.902086
522.135735 -6.376906 10.555529
522.423492 -6.555268 10.267772
522.750415 -6.757906 9.940849
523.044687 -6.940305 9.646577
523.325865 -7.114589 9.365399
523.587421 -7.276711 9.103843
523.875127 -7.455041 8.816137
524.162833 -7.633371 8.528431
524.430930 -7.799546 8.260334
524.705593 -7.969792 7.985671
524.986809 -8.144099 7.704455
525.241799 -8.302151 7.449464
525.503356 -8.464273 7.187908
525.758385 -8.622348 6.932879
526.033060 -8.792602 6.658204
526.301132 -8.958762 6.390132
526.543105 -9.108745 6.148159
526.843904 -9.295191 5.847359
527.092380 -9.449204 5.598884
527.406235 -9.643742 5.285029
527.661264 -9.801818 5.030000
527.929361 -9.967993 4.761903
528.230186 -10.154455 4.461078
528.478661 -10.308469 4.212603
528.772895 -10.490845 3.918369
529.047545 -10.661082 3.643719
529.322233 -10.831344 3.369031
529.583764 -10.993449 3.107499
529.884551 -11.179887 2.806713
530.146108 -11.342009 2.545156
530.433852 -11.520363 2.257412
530.695408 -11.682484 1.995856
530.956965 -11.844606 1.734299
531.225074 -12.010789 1.466190
531.493171 -12.176965 1.198093
531.754740 -12.339095 0.936523
532.022863 -12.505286 0.668401
532.343271 -12.703886 0.347993
532.617909 -12.874116 0.073355
532.872950 -13.032199 -0.181686
533.121438 -13.186221 -0.430174
533.402654 -13.360528 -0.711391
533.651117 -13.514534 -0.959853
533.932295 -13.688818 -1.241031
534.174268 -13.838801 -1.483004
534.475080 -14.025254 -1.783817
534.697407 -14.163060 -2.006143
534.985125 -14.341398 -2.293861
535.240141 -14.499465 -2.548877
535.449361 -14.629147 -2.758097
535.723986 -14.799369 -3.032722
536.011704 -14.977706 -3.320440
536.299397 -15.156028 -3.608134
536.547835 -15.310018 -3.856571
536.763659 -15.443793 -4.072395
537.051352 -15.622115 -4.360088
537.280206 -15.763967 -4.588942
537.561396 -15.938259 -4.870133
537.816374 -16.096303 -5.125110
538.064875 -16.250332 -5.373611
538.267567 -16.375967 -5.576303
538.568430 -16.562453 -5.877166
538.797297 -16.704312 -6.106033
539.052300 -16.862372 -6.361036
539.287733 -17.008301 -6.596469
539.549302 -17.170430 -6.858038
539.758560 -17.300136 -7.067296
539.993967 -17.446049 -7.302703
540.235915 -17.596017 -7.544651
540.458254 -17.733830 -7.766990
540.700214 -17.883805 -8.008950
540.909510 -18.013534 -8.218246
541.125258 -18.147262 -8.433994
541.314932 -18.264828 -8.623668
541.556918 -18.414820 -8.865654
541.766150 -18.544509 -9.074887
541.988464 -18.682306 -9.297200
542.165083 -18.791781 -9.473819
542.380856 -18.925524 -9.689592
542.590088 -19.055214 -9.898824
542.812415 -19.193019 -10.121151
542.988995 -19.502089 -10.297731
543.185160 -21.376224 -10.493896
543.387864 -23.312847 -10.696600
543.584067 -25.187347 -10.892803
543.956799 -28.748398 -11.265535
544.257636 -31.622574 -11.566373
544.453788 -33.496588 -11.762524
544.774222 -36.557983 -12.082958
545.094681 -39.619621 -12.403417
545.284304 -41.431269 -12.593041
545.591644 -44.367569 -12.900381
545.918581 -47.491087 -13.227317
546.219393 -50.365020 -13.528129
546.428663 -52.364373 -13.737400
546.762153 -55.550501 -14.070889
547.049871 -58.299338 -14.358607
547.311440 -60.798347 -14.620176
547.566507 -63.235233 -14.875243
547.782331 -65.297194 -15.091067
547.978508 -67.171451 -15.287244
548.168170 -68.983463 -15.476906
548.364347 -70.857720 -15.673083
548.540889 -72.544393 -15.849625
548.737117 -74.419135 -16.045853
548.939834 -76.355879 -16.248570
549.122943 -78.105283 -16.431679
549.325673 -80.042148 -16.634409
549.528403 -81.979014 -16.837139
549.874935 -85.289752 -17.183671
550.058069 -72.447588 -17.000538
550.260825 -58.229478 -16.797782
550.457078 -44.467345 -16.601529
550.653318 -30.706102 -16.405289
550.869206 -15.567132 -16.189401
551.052390 -2.721406 -16.006216
551.248656 0.067202 -15.809951
551.425288 0.142587 -15.633319
551.654256 0.240309 -15.404351
551.883199 0.338020 -15.175408
552.066384 0.416202 -14.992223
552.243168 0.491653 -14.815439
552.439484 0.575439 -14.619122
552.616167 0.650846 -14.442440
552.943255 0.790445 -14.115351
553.211390 0.904884 -13.847216
553.440295 1.002579 -13.618312
553.695438 1.111472 -13.363169
553.976540 1.231444 -13.082067
554.211896 1.331893 -12.846710
554.466811 1.440689 -12.591796
554.754440 1.563447 -12.304166
555.015908 1.675040 -12.042699
555.310091 1.800595 -11.748516
555.571546 1.912182 -11.487061
555.813405 2.015406 -11.245202
556.114102 2.143741 -10.944504
556.342918 2.241399 -10.715689
556.617442 2.358563 -10.441165
556.911612 2.484113 -10.146995
557.166539 2.592914 -9.892068
557.401870 2.693352 -9.656737
557.663325 2.804939 -9.395282
557.879060 2.897013 -9.179547
558.160199 3.017002 -8.898407
558.356326 3.100707 -8.702281
558.598261 3.203963 -8.460346
558.872885 3.321171 -8.185721
559.127939 3.430027 -7.930667
559.402539 3.547224 -7.656068
559.670636 3.661646 -7.387971
559.958367 3.784448 -7.100240
560.285303 3.923982 -6.773304
560.546847 4.035607 -6.511760
560.841106 4.161195 -6.217501
561.115743 4.278408 -5.942863
561.429586 4.412354 -5.629021
561.736926 4.543525 -5.321681
561.972346 4.644000 -5.086261
562.292729 4.780738 -4.765878
562.508514 4.872833 -4.550092
562.815880 5.004015 -4.242727
563.129697 5.137950 -3.928910
563.358589 5.235639 -3.700018
563.679010 5.372393 -3.379597
563.934026 5.481232 -3.124581
564.228298 5.606825 -2.830309
564.535638 5.737996 -2.522969
564.771032 5.838461 -2.287575
565.071819 5.966834 -1.986788
565.352997 6.086839 -1.705610
565.634175 6.206844 -1.424432
565.895731 6.318475 -1.162875
566.137679 6.421736 -0.920928
566.425398 6.544533 -0.633209
566.673873 6.650580 -0.384734
566.974673 6.778960 -0.083934
567.255812 6.898948 0.197206
567.452002 6.982681 0.393395
567.752776 7.111049 0.694169
568.020873 7.225471 0.962266
568.275889 7.334310 1.217282
568.511258 7.434764 1.452651
568.812070 7.563149 1.753464
569.099776 7.685940 2.041169
569.361358 7.797581 2.302751
569.603280 7.900832 2.544674
569.871365 8.015248 2.812758
570.119853 8.121301 3.061246
570.381435 8.232943 3.322828
570.629898 8.338985 3.571291
570.917642 8.461792 3.859035
571.133389 8.553872 4.074782
571.421146 8.676684 4.362539
571.676149 8.785518 4.617542
571.898475 8.880405 4.839868
572.179653 9.000410 5.121046
572.434682 9.109255 5.376075
572.696264 9.220896 5.637657
572.938186 9.324147 5.879579
573.258607 9.460901 6.200000
573.461325 9.547419 6.402718
573.722868 9.659044 6.664262
573.984399 9.770664 6.925793
574.265539 9.890652 7.206932
574.514002 9.996695 7.455395
574.755886 10.099929 7.697279
574.984740 10.197603 7.926133
575.265868 10.317586 8.207261
575.547058 10.437596 8.488451
575.802049 10.546424 8.743442
576.057039 10.655253 8.998433
576.253229 10.738985 9.194622
576.527854 10.856193 9.469247
576.769789 10.959449 9.711182
577.018277 11.065502 9.959670
577.227484 11.154791 10.168877
577.475985 11.260849 10.417378
577.704864 11.358533 10.646258
577.953365 11.464592 10.894759
578.156045 11.551094 11.097438
578.456870 11.679484 11.398263
578.666127 11.768794 11.607521
578.901573 11.869280 11.842966
579.156576 11.978114 12.097969
579.378864 12.072985 12.320257
579.607744 12.170669 12.549137
579.823504 12.262754 12.764897
580.085137 12.374417 13.026530
580.274773 12.455353 13.216166
580.523261 12.561406 13.464654
580.758668 12.661876 13.700062
580.974467 12.753977 13.915860
581.183687 12.843271 14.125080
581.464915 14.551017 14.406308
581.667645 15.923033 14.609039
581.890010 17.427928 14.831403
582.099230 18.843864 15.040623
582.301972 20.215967 15.243365
582.563478 21.985759 15.504871
582.792370 23.534831 15.733763
582.995075 24.906676 15.936468
583.230520 26.500099 16.171913
583.439778 27.916293 16.381171
583.675173 29.509373 16.616566
583.897499 31.014009 16.838892
584.080607 32.253233 17.022001
584.302934 33.757870 17.244327
584.551434 35.439650 17.492828
584.780314 36.988636 17.721707
584.983031 38.360567 17.924424
585.218451 39.953818 18.159844
585.480033 41.724126 18.421426
585.708912 43.273112 18.650306
585.950847 44.910456 18.892241
586.192833 46.548143 19.134226
586.395563 47.920159 19.336956
586.611362 49.380618 19.552755
586.807564 50.708456 19.748957
587.049537 52.346057 19.990930
587.396107 54.691541 20.337501
587.696907 56.727261 20.638300
587.932352 58.320684 20.873745
588.180879 60.002635 21.122272
588.390200 61.419260 21.331593
588.612513 62.923811 21.553907
588.802163 64.207299 21.743556
588.978705 65.402087 21.920098
589.174895 64.462354 22.116288
589.351438 53.743481 21.939745
589.554218 41.431544 21.736964
589.730812 30.709587 21.560371
589.907482 19.983004 21.383701
590.129884 6.479739 21.161299
590.319622 -0.043033 20.971561
590.594260 -0.185398 20.696923
590.829692 -0.307440 20.461491
591.006209 -0.398942 20.284973
591.346328 -0.575250 19.944855
591.562063 -0.687081 19.729120
591.967485 -0.897242 19.323698
592.196339 -1.015873 19.094844
592.431683 -1.137869 18.859500
592.719351 -1.286989 18.571832
592.895893 -1.378504 18.395290
593.131250 -1.500506 18.159933
593.366581 -1.622496 17.924602
593.647670 -1.768205 17.643513
593.915729 -1.907160 17.375454
594.170668 -2.039314 17.120514
594.432161 -2.174865 16.859021
594.667505 -2.296861 16.623678
594.909402 -2.422254 16.381781
595.223206 -2.584922 16.067977
595.471656 -2.713712 15.819526
595.726685 -2.845912 15.564498
595.935918 -2.954372 15.355265
596.190934 -3.086566 15.100249
596.445988 -3.218779 14.845195
596.727178 -3.364541 14.564004
597.001854 -3.506926 14.289329
597.315760 -3.669646 13.975423
597.655828 -3.845928 13.635355
597.943521 -3.995061 13.347662
598.283576 -4.171337 13.007607
598.630146 -4.350990 12.661036
598.911337 -4.496751 12.379846
599.284044 -4.689953 12.007139
599.552166 -4.828940 11.739016
599.885643 -5.001806 11.405540
600.206013 -5.167877 11.085170
600.565665 -5.354311 10.725518
600.899205 -5.527209 10.391978
601.226179 -5.696704 10.065004
601.546613 -5.862809 9.744570
601.840859 -6.015338 9.450324
602.108943 -6.154306 9.182240
602.390096 -6.300048 8.901087
602.651665 -6.435639 8.639518
602.932843 -6.581394 8.358340
603.266358 -6.754279 8.024825
603.521374 -6.886473 7.769809
603.815620 -7.039002 7.475563
604.116394 -7.194916 7.174789
604.364933 -7.323752 6.926250
604.613396 -7.452548 6.677787
604.914195 -7.608475 6.376988
605.169224 -7.740675 6.121959
605.496186 -7.910163 5.794997
605.764295 -8.049144 5.526888
606.025839 -8.184722 5.265344
606.300477 -8.327086 4.990706
606.575127 -8.469458 4.716056
606.790874 -8.581296 4.500309
607.124376 -8.754174 4.166806
607.398988 -8.896526 3.892194
607.660570 -9.032123 3.630612
607.909033 -9.160920 3.382150
608.190211 -9.306675 3.100972
608.484496 -9.459224 2.806687
608.778742 -9.611754 2.512441
609.066473 -9.760906 2.224710
609.380354 -9.923613 1.910829
609.648451 -10.062588 1.642732
609.910020 -10.198178 1.381163
610.204291 -10.350721 1.086891
610.452780 -10.479531 0.838403
610.733945 -10.625280 0.557238
610.995514 -10.760870 0.295669
611.283271 -10.910036 0.007912
611.492478 -11.018483 -0.201295
611.780209 -11.167635 -0.489026
612.028735 -11.296465 -0.737553
612.290305 -11.432055 -0.999122
612.564955 -11.574427 -1.273772
612.865754 -11.730353 -1.574571
613.075012 -11.838827 -1.783829
613.375812 -11.994754 -2.084629
613.656952 -12.140489 -2.365769
613.944683 -12.289641 -2.653500
614.212767 -12.428609 -2.921584
614.480839 -12.567570 -3.189656
614.709693 -12.686202 -3.418510
614.964683 -12.818383 -3.673500
615.239308 -12.960741 -3.948125
615.513907 -13.103086 -4.222725
615.782055 -13.242087 -4.490872
616.036970 -13.374228 -4.745787
616.318198 -13.520009 -5.027016
616.560095 -13.645402 -5.268912
616.867423 -13.804713 -5.576240
617.135520 -13.943687 -5.844337
617.344778 -14.052161 -6.053595
617.612887 -14.191142 -6.321704
617.848269 -14.313158 -6.557086
618.096757 -14.441967 -6.805574
618.351824 -14.574187 -7.060641
618.587231 -14.696216 -7.296048
618.855316 -14.835184 -7.564133
619.090748 -14.957226 -7.799565
619.358883 -15.096220 -8.067700
619.568103 -15.204674 -8.276920
619.810076 -15.330107 -8.518893
620.065118 -15.462313 -8.773935
620.293933 -15.580926 -9.002751
620.516298 -15.696193 -9.225115
620.745203 -15.814852 -9.454020
620.947958 -15.919955 -9.656775
621.150675 -16.025038 -9.859493
621.359921 -16.133505 -10.068738
621.562638 -16.238589 -10.271455
621.739206 -16.330117 -10.448023
621.968060 -16.448749 -10.676877
622.334201 -16.638547 -11.043018
622.680810 -16.818219 -11.389627
622.975094 -19.165645 -11.683911
623.315162 -21.943177 -12.023979
623.589799 -24.186300 -12.298616
623.785989 -25.788694 -12.494806
624.073707 -28.138658 -12.782525
624.354885 -30.435202 -13.063703
624.727605 -33.479419 -13.436422
625.002306 -35.723061 -13.711123
625.198470 -37.325248 -13.907287
625.525444 -39.995836 -14.234262
625.767405 -41.972066 -14.476222
626.028974 -44.108454 -14.737791
626.244798 -45.871212 -14.953615
626.447528 -47.527026 -15.156345
626.669892 -49.343204 -15.378709
626.918406 -51.372959 -15.627223
627.108055 -52.921933 -15.816872
627.323853 -54.684483 -16.032670
627.598516 -56.927814 -16.307333
627.833962 -58.850833 -16.542779
628.017045 -60.346179 -16.725862
628.206681 -61.895049 -16.915498
628.422518 -63.657911 -17.131335
628.651392 -65.527260 -17.360209
628.841125 -52.287835 -17.170476
629.050421 -37.683313 -16.961180
629.227014 -25.360747 -16.784587
629.423267 -11.666348 -16.588334
629.599899 -0.942078 -16.411702
629.802718 0.087715 -16.208883
629.992456 0.166123 -16.019145
630.227939 0.263435 -15.783662
630.555041 0.398606 -15.456560
630.790638 0.495965 -15.220963
631.019746 0.590642 -14.991855
631.373086 0.736657 -14.638515
631.562811 0.815059 -14.448790
631.745856 0.890701 -14.265745
632.000948 0.996116 -14.010653
632.236419 1.093422 -13.775182
632.504630 1.204258 -13.506971
632.772702 1.315037 -13.238899
633.027604 1.420373 -12.983997
633.328340 1.544649 -12.683261
633.576739 1.647298 -12.434862
633.831679 1.752650 -12.179922
634.158513 1.887712 -11.853088
634.348073 1.966046 -11.663528
634.661852 2.095713 -11.349749
634.910239 2.198356 -11.101362
635.178247 2.309109 -10.833354
635.498579 2.441483 -10.513022
635.746991 2.544137 -10.264610
636.008421 2.652171 -10.003180
636.276416 2.762918 -9.735185
636.544450 2.873681 -9.467151
636.779831 2.970950 -9.231770
637.015213 3.068220 -8.996388
637.302906 3.187107 -8.708695
637.551356 3.289777 -8.460245
637.806385 3.395165 -8.205216
638.074495 3.505959 -7.937106
638.381835 3.632965 -7.629766
638.649932 3.743754 -7.361669
638.957272 3.870760 -7.054329
639.199232 3.970748 -6.812369
639.526156 4.105846 -6.485445
639.813861 4.224738 -6.197740
640.068877 4.330122 -5.942724
640.369664 4.454419 -5.641937
640.605071 4.551699 -5.406530
640.918952 4.681408 -5.092649
641.200117 4.797597 -4.811484
641.461686 4.905688 -4.549915
641.775529 5.035381 -4.236072
642.024042 5.138077 -3.987559
642.298680 5.251569 -3.712921
642.573292 5.365050 -3.438309
642.913334 5.505570 -3.098267
643.161823 5.608256 -2.849778
643.475703 5.737964 -2.535898
643.743787 5.848748 -2.267814
644.031506 5.967645 -1.980095
644.312684 6.083840 -1.698917
644.580768 6.194623 -1.430833
644.855431 6.308126 -1.156170
645.084285 6.402698 -0.927316
645.365463 6.518892 -0.646138
645.653182 6.637790 -0.358419
645.921279 6.748578 -0.090322
646.209023 6.867486 0.197421
646.450932 6.967453 0.439331
646.732110 7.083648 0.720509
646.993717 7.191755 0.982116
647.301007 7.318740 1.289406
647.529873 7.413317 1.518272
647.830673 7.537620 1.819072
648.039931 7.624094 2.028330
648.353799 7.753797 2.342198
648.615368 7.861889 2.603767
648.804991 7.940249 2.793390
649.112331 8.067255 3.100730
649.321551 8.153713 3.309950
649.641972 8.286125 3.630371
649.883882 8.386092 3.872281
650.119314 8.483382 4.107713
650.393927 8.596864 4.382326
650.622793 8.691441 4.611192
650.917052 8.813041 4.905451
651.152459 8.910321 5.140858
651.414029 9.018412 5.402428
651.682138 9.129207 5.670537
651.910967 9.223768 5.899366
652.166008 9.329162 6.154407
652.427501 9.437222 6.415900
652.695560 9.547995 6.683959
652.924389 9.642556 6.912788
653.212031 9.761422 7.200430
653.401629 9.839772 7.390028
653.689272 9.958638 7.677671
653.983518 10.080233 7.971917
654.186197 10.163988 8.174596
654.447678 10.272043 8.436077
654.715800 10.382842 8.704199
654.938101 10.474706 8.926500
655.232347 10.596301 9.220746
655.467754 10.693581 9.456153
655.722796 10.798975 9.711195
655.984314 10.907045 9.972713
656.213232 11.001644 10.201631
656.474763 11.109719 10.463162
656.723251 11.212405 10.711650
657.010957 11.331297 10.999356
657.194078 11.406970 11.182477
657.488299 11.528555 11.476698
657.723693 11.625830 11.712092
657.978773 11.731239 11.967172
658.168384 11.809594 12.156783
658.423400 11.914978 12.411799
658.684969 12.023069 12.673368
658.939960 12.128442 12.928359
659.175329 12.225706 13.163728
659.423766 12.328371 13.412165
659.685424 12.436499 13.673823
659.914304 12.531081 13.902703
660.149698 12.628356 14.138097
660.430864 13.845932 14.419263
660.868963 16.726700 14.857362
661.078221 18.102698 15.066620
661.294044 19.521870 15.282443
661.496762 20.854860 15.485161
661.712535 22.273698 15.700934
661.928359 23.692871 15.916758
662.163702 25.240398 16.152101
662.346811 26.444448 16.335210
662.595299 28.078409 16.583698
662.843825 29.712620 16.832224
663.079258 31.260732 17.067657
663.308125 32.765670 17.296524
663.537004 34.270690 17.525403
663.765884 35.775711 17.754282
663.988235 37.237808 17.976634
664.230183 38.828761 18.218582
664.439441 40.204758 18.427840
664.655226 41.623680 18.643625
664.890672 43.171876 18.879071
665.113011 44.633889 19.101410
665.315741 45.966962 19.304140
665.538092 47.429059 19.526491
665.740822 48.762132 19.729221
665.923931 49.966182 19.912330
666.159351 51.514211 20.147750
666.571339 54.223282 20.559738
666.891798 56.330495 20.880197
667.205691 58.394533 21.194090
667.414975 59.770697 21.403374
667.676556 61.490757 21.664955
667.912040 63.039203 21.900439
668.206337 64.081843 22.194736
668.461378 62.857158 22.449777
668.801446 61.224185 22.789845
669.108812 59.748245 23.097211
669.455369 58.084108 23.443768
669.730019 56.765264 23.718418
670.063521 55.163818 24.051920
670.423173 53.436807 24.411572
670.750147 51.866708 24.738546
671.057474 50.390951 25.045873
671.358274 48.946540 25.346673
671.724453 47.188183 25.712852
672.064495 45.555331 26.052894
672.417644 43.859543 26.406043
672.724946 42.383908 26.713345
673.071555 40.719527 27.059953
673.418150 39.055207 27.406549
673.640464 37.987679 27.628863
673.817095 27.437210 27.452231
673.993676 16.889775 27.275650
674.170270 6.341582 27.099057
674.353454 -0.026960 26.915872
674.543091 -0.093343 26.726236
674.758953 -0.168907 26.510374
674.987832 -0.249028 26.281494
675.229767 -0.333718 26.039559
675.465212 -0.416137 25.804114
675.667968 -0.487113 25.601358
675.896847 -0.567233 25.372479
676.295780 -0.706882 24.973547
676.485442 -0.773274 24.783885
676.746985 -0.864829 24.522341
676.969312 -0.942655 24.300015
677.237383 -1.036495 24.031943
677.453093 -1.112006 23.816234
677.727679 -1.208126 23.541647
678.002253 -1.304242 23.267073
678.257168 -1.393477 23.012159
678.551401 -1.496475 22.717925
678.793260 -1.581139 22.476066
679.087468 -1.684128 22.181858
679.296663 -1.757358 21.972664
679.525466 -1.837451 21.743861
679.800065 -1.933576 21.469261
680.028983 -2.013710 21.240344
680.316765 -2.114450 20.952562
680.565253 -2.201435 20.704073
680.839941 -2.297591 20.429385
681.108089 -2.391457 20.161237
681.454685 -2.512785 19.814642
681.781634 -2.627235 19.487693
682.082420 -2.732528 19.186906
682.415910 -2.849267 18.853417
682.821357 -2.991196 18.447969
683.167940 -3.112520 18.101386
683.494902 -3.226974 17.774425
683.834995 -3.346026 17.434331
684.214281 -3.478797 17.055046
684.521659 -3.586396 16.747668
684.848696 -3.700878 16.420630
685.227944 -3.833635 16.041383
685.541812 -3.943507 15.727515
685.809934 -4.037364 15.459392
686.130317 -4.149516 15.139010
686.489943 -4.275405 14.779384
686.875642 -4.410421 14.393685
687.228689 -4.534007 14.040637
687.581851 -4.657634 13.687476
687.908838 -4.772097 13.360489
688.261986 -4.895719 13.007340
688.647787 -5.030771 12.621539
688.935480 -5.131479 12.333846
689.301608 -5.259644 11.967718
689.563114 -5.351186 11.706212
689.890038 -5.465627 11.379289
690.177731 -5.566336 11.091596
690.491598 -5.676207 10.777728
690.785832 -5.779205 10.483494
691.034282 -5.866176 10.235044
691.341622 -5.973762 9.927704
691.583583 -6.058462 9.685744
691.851667 -6.152306 9.417660
692.139385 -6.253024 9.129941
692.433632 -6.356026 8.835695
692.701754 -6.449884 8.567572
692.996013 -6.552891 8.273313
693.257570 -6.644450 8.011757
693.519139 -6.736014 7.750188
693.767602 -6.822990 7.501725
694.101104 -6.939734 7.168223
694.369213 -7.033588 6.900113
694.624229 -7.122857 6.645097
694.938110 -7.232733 6.331217
695.212747 -7.328871 6.056579
695.487397 -7.425014 5.781929
695.762035 -7.521152 5.507292
696.036660 -7.617286 5.232667
696.298254 -7.708859 4.971072
696.559798 -7.800414 4.709528
696.854044 -7.903416 4.415282
697.096005 -7.988116 4.173322
697.370655 -8.084259 3.898671
697.645293 -8.180397 3.624034
697.952658 -8.287992 3.316669
698.214214 -8.379552 3.055112
698.488852 -8.475690 2.780474
698.737353 -8.562679 2.531974
699.005463 -8.656532 2.263864
699.280100 -8.752671 1.989226
699.522035 -8.837361 1.747291
699.803226 -8.935794 1.466101
700.058254 -9.025068 1.211072
700.359054 -9.130364 0.910273
700.601002 -9.215060 0.668325
700.882154 -9.313479 0.387172
701.137132 -9.402735 0.132194
701.431378 -9.505738 -0.162052
701.679854 -9.592718 -0.410528
701.941410 -9.684277 -0.672084
702.202967 -9.775836 -0.933640
702.464549 -9.867405 -1.195222
702.752229 -9.968109 -1.482903
702.994190 -10.052808 -1.724863
703.177273 -10.116898 -1.907946
703.504184 -10.231335 -2.234857
703.772331 -10.325201 -2.503005
704.059948 -10.425883 -2.790622
704.288853 -10.506012 -3.019527
704.563503 -10.602155 -3.294177
704.857762 -10.705162 -3.588436
705.073510 -10.780686 -3.804183
705.322011 -10.867675 -4.052684
705.609717 -10.968388 -4.340390
705.877826 -11.062241 -4.608500
706.158992 -11.160665 -4.889665
706.394386 -11.243066 -5.125060
706.675551 -11.341489 -5.406225
706.897878 -11.419316 -5.628551
707.211771 -11.529196 -5.942444
707.421003 -11.602439 -6.151677
707.715288 -11.705455 -6.445961
707.944154 -11.785571 -6.674828
708.218766 -11.881700 -6.949440
708.480386 -11.973282 -7.211060
708.722347 -12.057982 -7.453020
708.925077 -12.128948 -7.655750
709.186659 -12.220517 -7.917332
709.454756 -12.314365 -8.185429
709.683584 -12.394468 -8.414258
709.905961 -12.472312 -8.636635
710.160990 -12.561587 -8.891664
710.402963 -12.646291 -9.133637
710.788777 -12.781347 -9.519450
711.004575 -12.856888 -9.735249
711.220348 -12.932421 -9.951021
711.449189 -13.012528 -10.179863
711.802300 -13.136136 -10.532974
711.985421 -13.200239 -10.716095
712.175070 -13.266627 -10.905744
712.508572 -13.383371 -11.239246
712.855219 -14.174688 -11.585892
713.221373 -16.273235 -11.952046
713.522210 -17.997433 -12.252884
713.698778 -19.009402 -12.429452
713.881849 -20.058639 -12.612522
714.195717 -21.857517 -12.926390
714.378838 -22.907045 -13.109511
714.575015 -24.031399 -13.305688
714.954288 -26.205135 -13.684961
715.143899 -27.291857 -13.874572
715.536278 -29.540710 -14.266951
715.863252 -31.414705 -14.593926
716.039795 -32.426529 -14.770468
716.307930 -33.963299 -15.038603
716.556418 -35.387465 -15.287092
716.850715 -37.074178 -15.581389
717.073079 -38.348620 -15.803753
717.373866 -40.072527 -16.104540
717.661661 -41.721972 -16.392335
717.903621 -43.108726 -16.634295
718.080240 -44.120987 -16.810914
718.315698 -45.470473 -17.046372
718.544608 -46.782430 -17.275282
718.793100 -48.206619 -17.523774
719.015452 -49.480988 -17.746125
719.263953 -50.905228 -17.994626
719.518995 -52.366960 -18.249669
719.728237 -53.566191 -18.458910
719.989812 -55.065365 -18.720486
720.205620 -56.302227 -18.936293
720.460660 -57.763945 -19.191333
720.748383 -59.412983 -19.479057
720.990345 -60.799744 -19.721018
721.193072 -61.961642 -19.923746
721.467707 -63.535664 -20.198381
721.722745 -64.997367 -20.453419
721.932019 -66.196787 -20.662693
722.187053 -67.658469 -20.917727
722.396302 -67.576439 -21.126976
722.585944 -64.979353 -21.316617
722.788702 -50.906718 -21.113859
722.984952 -37.285741 -20.917609
723.168129 -24.572136 -20.734431
723.390553 -9.134564 -20.512007
723.567214 0.008690 -20.335347
723.743898 0.042772 -20.158663
723.946700 0.081892 -19.955861
724.182204 0.127321 -19.720357
724.404659 0.170232 -19.497902
724.646733 0.216928 -19.255828
724.908424 0.267408 -18.994137
725.268289 0.336825 -18.634272
725.510313 0.383511 -18.392248
725.732658 0.426401 -18.169903
725.935395 0.465509 -17.967166
726.210107 0.518500 -17.692454
726.458686 0.566451 -17.443875
726.687661 0.610620 -17.214900
726.955741 0.662332 -16.946820
727.249960 0.719086 -16.652601
727.491857 0.765748 -16.410704
727.779499 0.821234 -16.123061
728.093278 0.881761 -15.809283
728.341676 0.929677 -15.560885
728.583542 0.976332 -15.319019
728.897327 1.036861 -15.005234
729.106509 1.077212 -14.796052
729.381013 1.130163 -14.521548
729.649027 1.181863 -14.253534
729.917042 1.233562 -13.985519
730.198105 1.287779 -13.704456
730.472660 1.340740 -13.429901
730.675276 1.379825 -13.227285
730.930265 1.429012 -12.972296
731.165626 1.474412 -12.736935
731.453380 1.529920 -12.449181
731.721430 1.581626 -12.181131
731.982995 1.632082 -11.919566
732.264131 1.686313 -11.638430
732.506099 1.732988 -11.396462
732.787268 1.787225 -11.115293
733.055335 1.838935 -10.847226
733.303789 1.886861 -10.598772
733.552264 1.934792 -10.350297
733.846498 1.991549 -10.056063
734.094999 2.039484 -9.807562
734.336896 2.086146 -9.565665
734.618048 2.140380 -9.284513
734.925350 2.199658 -8.977211
735.147689 2.242547 -8.754872
735.448450 2.300563 -8.454111
735.677330 2.344714 -8.225231
736.017360 2.410305 -7.885201
736.318146 2.468326 -7.584415
736.586243 2.520042 -7.316318
736.854328 2.571755 -7.048233
737.102829 2.619690 -6.799732
737.384019 2.673931 -6.518542
737.658644 2.726906 -6.243917
737.965984 2.786192 -5.936577
738.168676 2.825291 -5.733885
738.462948 2.882055 -5.439613
738.717951 2.931245 -5.184610
738.999142 2.985486 -4.903419
739.260698 3.035940 -4.641863
739.515714 3.085132 -4.386847
739.796905 3.139374 -4.105656
740.078058 3.193607 -3.824503
740.346116 3.245316 -3.556445
740.614252 3.297038 -3.288309
740.882310 3.348747 -3.020250
741.150382 3.400457 -2.752179
741.411900 3.450904 -2.490661
741.647257 3.496304 -2.255304
741.921869 3.549276 -1.980692
742.203034 3.603512 -1.699527
742.510349 3.662793 -1.392212
742.745756 3.708203 -1.156805
743.020343 3.761170 -0.882218
743.288414 3.812881 -0.614147
743.549958 3.863332 -0.352603
743.804974 3.912524 -0.097587
744.060003 3.961719 0.157442
744.315006 4.010909 0.412445
744.615768 4.068925 0.713207
744.870822 4.118125 0.968261
745.158527 4.173623 1.255966
745.393947 4.219035 1.491386
745.648951 4.268224 1.746390
745.903967 4.317417 2.001406
746.185132 4.371653 2.282571
746.440161 4.420848 2.537600
746.701679 4.471294 2.799118
746.982870 4.525536 3.080309
747.211762 4.569688 3.309201
747.492889 4.623917 3.590328
747.754420 4.674366 3.851859
748.002921 4.722302 4.100360
748.290690 4.777812 4.388129
748.571868 4.832051 4.669307
748.768045 4.869893 4.865484
749.029602 4.920347 5.127041
749.304239 4.973324 5.401678
749.578889 5.026304 5.676329
749.840421 5.076753 5.937860
750.154288 5.137297 6.251727
750.435466 5.191536 6.532905
750.644724 5.231902 6.742163
750.912809 5.283615 7.010248
751.154769 5.330289 7.252208
751.435922 5.384523 7.533361
751.743262 5.443808 7.840701
751.939451 5.481653 8.036890
752.174896 5.527070 8.272336
752.449521 5.580045 8.546960
752.750321 5.638068 8.847760
752.979213 5.682221 9.076652
753.260416 5.736465 9.357855
753.535066 5.789445 9.632506
753.770461 5.834852 9.867900
754.005919 5.880271 10.103358
754.247892 5.926948 10.345331
754.574866 5.990020 10.672305
754.810299 6.035435 10.907738
755.098068 6.090945 11.195507
755.346569 6.138881 11.444008
755.608151 6.189340 11.705590
755.863180 6.238534 11.960619
756.065910 6.277641 12.163349
756.333981 6.329351 12.431420
756.628266 6.386118 12.725705
756.922537 6.442883 13.019977
757.177553 6.492075 13.274992
757.419514 6.538749 13.516953
757.713760 6.595508 13.811199
757.968802 6.644706 14.066241
758.197681 6.688856 14.295120
758.433063 6.734261 14.530502
758.746956 6.794810 14.844395
758.988904 6.841482 15.086343
759.230851 6.888153 15.328290
759.479314 6.936081 15.576753
759.753977 6.989063 15.851416
760.041683 7.044561 16.139122
760.296712 7.093756 16.394151
760.551753 7.142953 16.649192
760.793713 7.189627 16.891152
761.002933 7.229985 17.100372
761.290715 7.285498 17.388154
761.552297 7.335957 17.649736
761.820381 7.387670 17.917820
762.068870 7.435603 18.166309
762.369682 8.106633 18.467121
762.618157 8.915344 18.715596
762.945119 9.979501 19.042558
763.200173 10.809623 19.297612
763.461742 11.660949 19.559181
763.729864 12.533604 19.827303
763.997987 13.406259 20.095426
764.279152 14.321364 20.376591
764.553828 15.215348 20.651267
764.848087 16.173069 20.945526
765.122737 17.066970 21.220176
765.430090 18.067307 21.527529
765.711318 18.982619 21.808757
765.985931 19.876396 22.083370
766.273687 20.812954 22.371126
766.587555 21.834496 22.684994
766.875299 22.771013 22.972738
767.169596 23.728858 23.267035
767.463830 24.686497 23.561269
767.731927 25.559069 23.829366
768.026198 26.516832 24.123637
768.340053 27.538332 24.437492
768.673517 28.623653 24.770956
768.980895 29.624073 25.078334
769.235899 30.454030 25.333338
769.504059 31.326809 25.601498
769.857157 32.476033 25.954596
770.118752 33.327442 26.216191
770.452267 34.412928 26.549706
770.753104 35.392061 26.850543
771.047325 36.349658 27.144764
771.393921 37.477719 27.491360
771.668571 37.266680 27.766010
772.021682 35.571075 28.119121
772.309400 34.189478 28.406839
772.512080 33.216231 28.609519
772.701881 21.908099 28.419717
772.930837 8.267215 28.190762
773.133592 -0.013962 27.988006
773.316777 -0.053929 27.804821
773.552286 -0.105312 27.569312
773.787756 -0.156686 27.333842
774.003542 -0.203766 27.118056
774.219506 -0.250884 26.902092
774.546708 -0.322272 26.574890
774.867383 -0.392236 26.254215
775.181454 -0.460760 25.940144
775.456219 -0.520707 25.665379
775.848801 -0.606360 25.272797
776.136571 -0.669145 24.985028
776.430842 -0.733348 24.690756
776.770936 -0.807549 24.350662
777.117519 -0.883165 24.004079
777.496791 -0.965914 23.624807
777.856405 -1.044374 23.265193
778.183328 -1.115701 22.938270
778.510264 -1.187031 22.611334
778.909082 -1.274044 22.212516
779.262168 -1.351079 21.859430
779.660935 -1.438082 21.460663
780.046659 -1.522238 21.074939
780.432396 -1.606397 20.689202
780.693889 -1.663449 20.427709
781.007541 -1.731881 20.114057
781.334325 -1.803178 19.787273
781.667725 -1.875918 19.453873
782.014296 -1.951532 19.107302
782.301963 -2.014295 18.819635
782.556865 -2.069908 18.564733
782.824772 -2.128360 18.296827
783.112414 -2.191117 18.009184
783.413175 -2.256736 17.708423
783.700868 -2.319504 17.420730
784.014711 -2.387978 17.106887
784.335081 -2.457875 16.786517
784.616246 -2.519219 16.505352
784.923574 -2.586271 16.198024
785.158981 -2.637632 15.962617
785.525122 -2.717515 15.596476
785.793181 -2.776000 15.328417
786.061265 -2.834490 15.060333
786.296660 -2.885847 14.824939
786.584327 -2.948610 14.537271
786.819709 -2.999965 14.301889
787.113943 -3.064160 14.007656
787.395095 -3.125501 13.726503
787.689303 -3.189691 13.432295
787.931188 -3.242465 13.190411
788.238388 -3.309489 12.883210
788.480310 -3.362271 12.641288
788.715578 -3.413601 12.406020
788.964002 -3.467802 12.157596
789.205849 -3.520567 11.915750
789.473869 -3.579043 11.647729
789.709200 -3.630387 11.412398
789.990315 -3.691720 11.131283
790.304106 -3.760182 10.817492
790.532897 -3.810099 10.588701
790.807496 -3.870011 10.314102
791.095189 -3.932779 10.026409
791.363248 -3.991263 9.758350
791.650954 -4.054034 9.470644
791.932081 -4.115370 9.189517
792.200216 -4.173871 8.921382
792.435624 -4.225231 8.685975
792.729845 -4.289424 8.391754
793.017563 -4.352197 8.104035
793.279158 -4.409272 7.842441
793.560298 -4.470610 7.561301
793.848016 -4.533384 7.273582
794.103045 -4.589025 7.018553
794.351508 -4.643234 6.770091
794.626170 -4.703159 6.495428
794.940038 -4.771638 6.181560
795.214727 -4.831569 5.906872
795.443581 -4.881500 5.678018
795.750908 -4.948552 5.370690
795.992830 -5.001334 5.128768
796.287089 -5.065535 4.834509
796.548671 -5.122606 4.572927
796.823309 -5.182526 4.298290
797.071784 -5.236737 4.049814
797.372545 -5.302357 3.749053
797.653723 -5.363703 3.467875
797.882565 -5.413631 3.239033
798.137606 -5.469276 2.983992
798.418797 -5.530625 2.702801
798.726124 -5.597677 2.395474
798.961569 -5.649046 2.160029
799.229666 -5.707539 1.891932
799.497751 -5.766029 1.623847
799.798576 -5.831662 1.323022
800.079804 -5.893020 1.041794
800.315275 -5.944394 0.806323
800.550682 -5.995755 0.570916
800.851533 -6.061394 0.270066
801.126196 -6.121319 -0.004597
801.440076 -6.189800 -0.318478
801.708173 -6.248293 -0.586575
801.989376 -6.309645 -0.867778
802.283674 -6.373854 -1.162075
802.538702 -6.429496 -1.417104
802.865664 -6.500832 -1.744066
803.133799 -6.559333 -2.012201
803.414951 -6.620674 -2.293353
803.669980 -6.676315 -2.548382
803.925009 -6.731957 -2.803411
804.193119 -6.790452 -3.071520
804.487390 -6.854656 -3.365792
804.729325 -6.907441 -3.607727
805.036678 -6.974498 -3.915080
805.298247 -7.031567 -4.176649
805.520573 -7.080073 -4.398975
805.795249 -7.140001 -4.673651
806.089457 -7.204191 -4.967859
806.324915 -7.255563 -5.203317
806.566812 -7.308339 -5.445214
806.848015 -7.369691 -5.726417
807.135734 -7.432465 -6.014136
807.364626 -7.482404 -6.243028
807.600008 -7.533759 -6.478410
807.881211 -7.595111 -6.759613
808.162402 -7.656461 -7.040804
808.417431 -7.712102 -7.295833
808.672434 -7.767738 -7.550836
808.933990 -7.824804 -7.812392
809.202126 -7.883305 -8.080527
809.450601 -7.937517 -8.329003
809.725277 -7.997445 -8.603678
809.908398 -8.037398 -8.786800
810.189589 -8.098747 -9.067991
810.444643 -8.154394 -9.323045
810.712727 -8.212884 -9.591129
811.020080 -8.279942 -9.898482
811.275121 -8.335586 -10.153523
811.484392 -8.381244 -10.362794
811.739433 -8.436889 -10.617835
812.001040 -8.493965 -10.879442
812.262622 -8.551037 -11.141024
812.491540 -8.600981 -11.369942
812.746607 -8.656631 -11.625008
813.034363 -8.719413 -11.912765
813.243621 -8.765069 -12.122023
813.544433 -8.830699 -12.422835
813.747176 -8.874933 -12.625578
814.041397 -9.188035 -12.919799
814.263749 -10.007538 -13.142150
814.486100 -10.827042 -13.364502
814.734601 -11.742922 -13.613003
814.956978 -12.562519 -13.835380
815.153168 -13.285600 -14.031570
815.388600 -14.153315 -14.267002
815.610965 -14.972866 -14.489366
815.826776 -15.768263 -14.705178
816.036046 -16.539556 -14.914448
816.271479 -17.407271 -15.149881
816.487290 -18.202669 -15.365692
816.722697 -19.070290 -15.601099
816.918912 -19.793464 -15.797314
817.193550 -20.805674 -16.071952
817.370131 -21.456484 -16.248532
817.625147 -22.396376 -16.503548
817.880213 -23.336456 -16.758615
818.102561 -24.155945 -16.980963
818.324889 -24.975360 -17.203290
818.547197 -25.794705 -17.425599
818.776073 -26.638253 -17.654474
819.011494 -27.505926 -17.889896
819.253452 -28.397691 -18.131853
819.514999 -29.361657 -18.393401
819.743870 -30.205186 -18.622272
819.992353 -31.121001 -18.870755
820.247382 -32.060940 -19.125783
820.489337 -32.952696 -19.367739
820.744367 -33.892639 -19.622769
821.012519 -34.880944 -19.890920
821.247904 -35.748487 -20.126306
821.476787 -36.592063 -20.355189
821.712210 -37.459741 -20.590612
821.954177 -38.351539 -20.832578
822.189645 -39.219385 -21.068047
822.398885 -39.990565 -21.277287
822.647397 -40.906487 -21.525799
822.882858 -41.774305 -21.761260
823.065941 -42.449081 -21.944343
823.242631 -30.243934 -21.767653
823.419293 -18.040717 -21.590991
823.628592 -3.583084 -21.381692
823.837827 0.025507 -21.172457
824.079767 0.064722 -20.930517
824.256335 0.093341 -20.753949
824.465595 0.127260 -20.544688
824.772931 0.177075 -20.237352
824.988561 0.212026 -20.021723
825.296004 0.261858 -19.714280
825.524996 0.298975 -19.485287
825.767031 0.338205 -19.243252
825.969782 0.371069 -19.040502
826.231436 0.413479 -18.778847
826.421144 0.444228 -18.589140
826.708997 0.490886 -18.301287
826.983736 0.535417 -18.026548
827.219214 0.573585 -17.791069
827.422009 0.606456 -17.588274
827.716338 0.654162 -17.293946
827.971374 0.695500 -17.038909
828.239485 0.738958 -16.770798
828.520672 0.784534 -16.489611
828.775679 0.825868 -16.234604
829.089567 0.876745 -15.920716
829.344567 0.918077 -15.665717
829.651907 0.967893 -15.358377
829.906923 1.009228 -15.103361
830.155398 1.049502 -14.854885
830.449645 1.097196 -14.560639
830.717729 1.140649 -14.292555
830.966243 1.180929 -14.044041
831.234314 1.224380 -13.775969
831.495858 1.266773 -13.514426
831.757427 1.309170 -13.252856
832.012430 1.350503 -12.997853
832.280515 1.393956 -12.729769
832.561655 1.439525 -12.448629
832.842782 1.485092 -12.167502
833.065083 1.521124 -11.945201
833.339695 1.565635 -11.670589
833.594673 1.606963 -11.415611
833.843148 1.647238 -11.167135
834.085083 1.686453 -10.925200
834.385870 1.735206 -10.624414
834.660507 1.779721 -10.349776
834.895915 1.817878 -10.114369
835.190174 1.865573 -9.820110
835.451756 1.907972 -9.558528
835.713261 1.950359 -9.297022
835.974830 1.992756 -9.035453
836.282120 2.042563 -8.728164
836.569775 2.089188 -8.440509
836.870587 2.137946 -8.139697
837.164820 2.185638 -7.845463
837.400177 2.223786 -7.610107
837.648602 2.264052 -7.361682
837.968934 2.315974 -7.041350
838.276210 2.365779 -6.734073
838.511503 2.403917 -6.498780
838.746834 2.442061 -6.263450
839.080196 2.496095 -5.930087
839.367851 2.542720 -5.642432
839.655481 2.589341 -5.354803
839.864650 2.623244 -5.145634
840.171838 2.673036 -4.838446
840.439871 2.716480 -4.570412
840.688232 2.756736 -4.322051
840.936670 2.797005 -4.073614
841.198125 2.839383 -3.812159
841.492269 2.887060 -3.518014
841.740694 2.927327 -3.269590
842.041443 2.976074 -2.968841
842.257203 3.011046 -2.753081
842.518696 3.053431 -2.491588
842.819457 3.102180 -2.190826
843.048349 3.139280 -1.961934
843.349124 3.188032 -1.661160
843.623748 3.232545 -1.386535
843.898386 3.277060 -1.111898
844.153389 3.318393 -0.856894
844.414996 3.360796 -0.595287
844.663485 3.401073 -0.346799
844.964322 3.449834 -0.045961
845.232457 3.493296 0.222174
845.526742 3.540995 0.516458
845.729485 3.573857 0.719201
845.991028 3.616250 0.980745
846.252598 3.658647 1.242314
846.488005 3.696803 1.477721
846.834588 3.752980 1.824304
847.083089 3.793259 2.072805
847.318547 3.831423 2.308263
847.567009 3.871696 2.556726
847.848200 3.917273 2.837917
848.103229 3.958610 3.092945
848.397501 4.006308 3.387217
848.672125 4.050821 3.661842
848.907520 4.088975 3.897236
849.182157 4.133490 4.171874
849.450267 4.176947 4.439984
849.705258 4.218278 4.694974
849.973355 4.261733 4.963071
850.261048 4.308364 5.250764
850.509561 4.348645 5.499278
850.803770 4.396332 5.793486
851.071905 4.439793 6.061621
851.294205 4.475826 6.283922
851.575422 4.521407 6.565138
851.863140 4.568042 6.852856
852.124747 4.610445 7.114464
852.392832 4.653898 7.382548
852.693657 4.702658 7.683373
852.942157 4.742937 7.931874
853.229876 4.789572 8.219592
853.537216 4.839388 8.526932
853.792232 4.880723 8.781948
854.053814 4.923122 9.043530
854.295762 4.962338 9.285478
854.563884 5.005798 9.553600
854.812385 5.046076 9.802101
855.093614 5.091660 10.083330
855.387860 5.139353 10.377576
855.662548 5.183877 10.652265
855.917602 5.225218 10.907319
856.172682 5.266563 11.162398
856.460489 5.313212 11.450206
856.826757 5.372580 11.816474
857.055675 5.409684 12.045391
857.363015 5.459500 12.352731
857.546098 5.489175 12.535814
857.807718 5.531580 12.797434
858.056219 5.571859 13.045935
858.357031 5.620617 13.346747
858.690508 5.674669 13.680224
858.978201 5.721300 13.967917
859.233242 5.762639 14.222959
859.468649 5.800796 14.458366
859.775977 5.850609 14.765693
860.011397 5.888768 15.001113
860.286021 5.933281 15.275738
860.586859 5.982043 15.576575
860.854969 6.025500 15.844685
861.083861 6.062600 16.073577
861.365026 6.108173 16.354743
861.659310 6.155873 16.649027
861.901258 6.195090 16.890975
862.169355 6.238545 17.159072
862.483223 6.289418 17.472939
862.757848 6.333932 17.747564
862.986714 6.371028 17.976431
863.248271 6.413423 18.237987
863.555611 6.463239 18.545327
863.784478 6.500335 18.774194
864.072209 6.867135 19.061925
864.340319 7.606716 19.330035
864.562645 8.220003 19.552361
864.850351 9.013641 19.840067
865.098851 9.699131 20.088568
865.419260 10.582978 20.408976
865.667723 11.268363 20.657439
865.975050 12.116126 20.964766
866.230040 12.819518 21.219757
866.511257 13.595254 21.500973
866.825137 14.461094 21.814854
867.112843 15.254731 22.102559
867.380965 15.994347 22.370682
867.681765 16.824103 22.671481
867.943347 17.545678 22.933063
868.217984 18.303266 23.207701
868.499124 19.078791 23.488840
868.819532 19.962638 23.809249
869.074536 20.666065 24.064252
869.388378 21.531800 24.378094
869.669556 22.307430 24.659273
869.957211 23.100927 24.946928
870.218755 23.822397 25.208471
870.584909 24.832432 25.574625
870.853006 25.571979 25.842722
871.173388 26.455756 26.163105
871.493797 27.339603 26.483513
871.827248 28.259429 26.816964
872.167303 29.197472 27.157020
872.513835 30.153382 27.503552
872.840797 31.055306 27.830513
873.174324 31.975342 28.164041
873.462081 32.769119 28.451797
873.860988 32.046043 28.850704
874.063680 31.072735 29.053396
874.240337 20.559625 28.876739
874.423585 9.654258 28.693491
874.619826 -0.004259 28.497251
874.829223 -0.030476 28.287853
875.045110 -0.057505 28.071966
875.437756 -0.106666 27.679320
875.686435 -0.137801 27.430641
875.922058 -0.167302 27.195018
876.144588 -0.195163 26.972489
876.347445 -0.220561 26.769631
876.582953 -0.250047 26.534123
876.805369 -0.277894 26.311708
877.106244 -0.315565 26.010832
877.413559 -0.354041 25.703517
877.707805 -0.390881 25.409271
878.041206 -0.432624 25.075871
878.368104 -0.473552 24.748973
878.740785 -0.520213 24.376291
879.067645 -0.561137 24.049431
879.381487 -0.600431 23.735589
879.688827 -0.638910 23.428249
880.068062 -0.686391 23.049014
880.427688 -0.731418 22.689388
880.787276 -0.776439 22.329800
881.159957 -0.823099 21.957119
881.486665 -0.864004 21.630411
881.793890 -0.902469 21.323186
882.199173 -0.953212 20.917903
882.538974 -0.995756 20.578102
882.852842 -1.035053 20.264234
883.218996 -1.080896 19.898081
883.467484 -1.112007 19.649592
883.807539 -1.154583 19.309537
884.095270 -1.190608 19.021806
884.382976 -1.226629 18.734100
884.696856 -1.265928 18.420220
884.958388 -1.298672 18.158689
885.265740 -1.337154 17.851336
885.507675 -1.367445 17.609401
885.743070 -1.396916 17.374006
886.070031 -1.437853 17.047045
886.351222 -1.473059 16.765854
886.606251 -1.504989 16.510825
886.880875 -1.539373 16.236201
887.162066 -1.574578 15.955010
887.443244 -1.609783 15.673832
887.685192 -1.640075 15.431884
887.966344 -1.675276 15.150732
888.260654 -1.712124 14.856422
888.502589 -1.742415 14.614487
888.796823 -1.779254 14.320253
889.045311 -1.810365 14.071765
889.326514 -1.845573 13.790562
889.555356 -1.874224 13.561720
889.836534 -1.909428 13.280542
890.071954 -1.938903 13.045122
890.372791 -1.976569 12.744285
890.660497 -2.012591 12.456579
890.889326 -2.041240 12.227751
891.163989 -2.075629 11.953088
891.412451 -2.106737 11.704625
891.680548 -2.140304 11.436528
891.961739 -2.175509 11.155337
892.203674 -2.205800 10.913402
892.465231 -2.238548 10.651846
892.726787 -2.271295 10.390289
893.001399 -2.305677 10.115677
893.269433 -2.339236 9.847644
893.530900 -2.371972 9.586176
893.818619 -2.407995 9.298457
894.047397 -2.436639 9.069680
894.335077 -2.472657 8.781999
894.557327 -2.500483 8.559749
894.818845 -2.533226 8.298231
895.080364 -2.565969 8.036712
895.335316 -2.597890 7.781760
895.583792 -2.628999 7.533284
895.786471 -2.654375 7.330605
896.119922 -2.696124 6.997154
896.348802 -2.724780 6.768275
896.571128 -2.752616 6.545948
896.878417 -2.791090 6.238659
897.179204 -2.828749 5.937872
897.466910 -2.864770 5.650167
897.708845 -2.895061 5.408232
898.003104 -2.931903 5.113973
898.271188 -2.965468 4.845888
898.539310 -2.999038 4.577766
898.813922 -3.033420 4.303154
899.062423 -3.064533 4.054653
899.356682 -3.101375 3.760394
899.703253 -3.144766 3.413823
899.958294 -3.176698 3.158782
900.252553 -3.213540 2.864523
900.481407 -3.242193 2.635669
900.801853 -3.282314 2.315223
901.037248 -3.311785 2.079828
901.318451 -3.346993 1.798625
901.593114 -3.381381 1.523962
901.880858 -3.417408 1.236218
902.162062 -3.452615 0.955015
902.456321 -3.489457 0.660756
902.730958 -3.523842 0.386118
903.018689 -3.559867 0.098387
903.332570 -3.599165 -0.215494
903.594101 -3.631910 -0.477025
903.868738 -3.666295 -0.751662
904.136835 -3.699862 -1.019759
904.391851 -3.731790 -1.274775
904.673029 -3.766994 -1.555953
904.954220 -3.802200 -1.837144
905.202696 -3.833310 -2.085619
905.477333 -3.867695 -2.360257
905.771579 -3.904536 -2.654503
906.033174 -3.937288 -2.916098
906.288177 -3.969215 -3.171101
906.503925 -3.996227 -3.386849
906.817805 -4.035526 -3.700729
907.072783 -4.067449 -3.955707
907.367030 -4.104290 -4.249953
907.635127 -4.137856 -4.518050
907.935875 -4.175511 -4.818799
908.164767 -4.204169 -5.047691
908.491678 -4.245099 -5.374602
908.799018 -4.283578 -5.681942
909.060575 -4.316326 -5.943498
909.354795 -4.353163 -6.237719
909.590241 -4.382641 -6.473165
909.851759 -4.415384 -6.734683
910.152533 -4.453042 -7.035457
910.381413 -4.481698 -7.264336
910.669131 -4.517721 -7.552055
910.904538 -4.547195 -7.787462
911.198721 -4.584027 -8.081645
911.453788 -4.615962 -8.336712
911.741506 -4.651985 -8.624430
912.003101 -4.684737 -8.886025
912.231930 -4.713387 -9.114854
912.532716 -4.751047 -9.415640
912.715812 -4.773971 -9.598736
913.016599 -4.811630 -9.899523
913.297803 -4.846837 -10.180726
913.572415 -4.881219 -10.455338
913.860133 -4.917242 -10.743057
914.134796 -4.951631 -11.017720
914.383272 -4.982741 -11.266195
914.612151 -5.011397 -11.495075
914.893304 -5.046598 -11.776227
915.128749 -5.076076 -12.011673
915.390305 -5.108824 -12.273229
915.664943 -5.143209 -12.547867
915.900350 -5.172683 -12.783274
916.142272 -5.202972 -13.025196
916.377705 -5.232449 -13.260629
916.645827 -5.266018 -13.528751
916.920554 -5.300415 -13.803478
917.175621 -5.419823 -14.058544
917.424121 -5.957564 -14.307045
917.666082 -6.481152 -14.549006
917.927664 -7.047200 -14.810588
918.163071 -7.556607 -15.045995
918.418100 -8.108473 -15.301023
918.836552 -9.013979 -15.719476
919.026150 -9.424258 -15.909074
919.418409 -10.273082 -16.301333
919.634226 -10.740098 -16.517150
919.993752 -11.518090 -16.876676
920.183355 -11.928380 -17.066279
920.412194 -12.423573 -17.295118
920.654132 -12.947111 -17.537055
920.882964 -13.442291 -17.765888
921.092193 -13.895049 -17.975116
921.307938 -14.361909 -18.190862
921.490983 -14.758007 -18.373907
921.687087 -15.182365 -18.570011
921.902797 -15.649148 -18.785721
922.111985 -16.101818 -18.994909
922.392982 -16.709880 -19.275906
922.575864 -17.105624 -19.458788
922.771949 -17.529941 -19.654873
923.079120 -18.194641 -19.962044
923.255594 -18.576520 -20.138518
923.445199 -18.986813 -20.328123
923.778605 -19.708283 -20.661528
923.981269 -20.146835 -20.864192
924.164386 -7.550498 -20.681075
924.360328 0.013145 -20.485133
924.536156 0.039965 -20.309305
924.804285 0.080865 -20.041177
925.052789 0.118771 -19.792672
925.320993 0.159682 -19.524468
925.582632 0.199591 -19.262829
925.791909 0.231513 -19.053552
926.046920 0.270412 -18.798541
926.315069 0.311314 -18.530392
926.583142 0.352205 -18.262319
926.812053 0.387123 -18.033408
927.073614 0.427020 -17.771847
927.341727 0.467917 -17.503734
927.616382 0.509812 -17.229079
927.871398 0.548711 -16.974063
928.126434 0.587614 -16.719027
928.401043 0.629501 -16.444418
928.695312 0.674388 -16.150149
928.950319 0.713286 -15.895142
929.224956 0.755178 -15.620505
929.519228 0.800065 -15.326233
929.793878 0.841960 -15.051583
930.055435 0.881856 -14.790026
930.369328 0.929737 -14.476133
930.617816 0.967640 -14.227645
930.866292 1.005542 -13.979169
931.140916 1.047432 -13.704545
931.389417 1.085337 -13.456044
931.644433 1.124237 -13.201028
931.879802 1.160139 -12.965659
932.167534 1.204028 -12.677927
932.416009 1.241930 -12.429452
932.690672 1.283826 -12.154789
932.939173 1.321732 -11.906288
933.200729 1.361628 -11.644732
933.495001 1.406516 -11.350460
933.736962 1.443423 -11.108500
934.037748 1.489304 -10.807713
934.266640 1.524219 -10.578821
934.541278 1.566111 -10.304183
934.809413 1.607011 -10.036048
935.012130 1.637933 -9.833331
935.260631 1.675839 -9.584830
935.561456 1.721725 -9.284005
935.823076 1.761632 -9.022385
936.051968 1.796546 -8.793493
936.307035 1.835453 -8.538426
936.562140 1.874366 -8.283321
936.797560 1.910276 -8.047901
937.124509 1.960148 -7.720952
937.366431 1.997050 -7.479030
937.667167 2.042923 -7.178294
937.895983 2.077826 -6.949478
938.196706 2.123697 -6.648755
938.464740 2.164582 -6.380721
938.706573 2.201470 -6.138888
938.994215 2.245346 -5.851246
939.249117 2.284228 -5.596344
939.504070 2.323117 -5.341391
939.778656 2.365002 -5.066805
940.059707 2.407872 -4.785754
940.314634 2.446758 -4.530827
940.582655 2.487641 -4.262806
940.896396 2.535498 -3.949065
941.170995 2.577384 -3.674466
941.399799 2.612285 -3.445662
941.667883 2.653178 -3.177578
941.955614 2.697067 -2.889847
942.230226 2.738956 -2.615235
942.498323 2.779850 -2.347138
942.746811 2.817754 -2.098650
943.067207 2.866626 -1.778254
943.348436 2.909523 -1.497025
943.610056 2.949430 -1.235405
943.897812 2.993323 -0.947649
944.172539 3.035229 -0.672922
944.421040 3.073134 -0.424421
944.721827 3.119015 -0.123634
944.944178 3.152932 0.098717
945.225331 3.195818 0.379870
945.526143 3.241703 0.680682
945.846577 3.290581 1.001116
946.121227 3.332475 1.275766
946.376217 3.371370 1.530756
946.677017 3.417253 1.831556
946.932046 3.456154 2.086585
947.187049 3.495052 2.341588
947.474780 3.538941 2.629319
947.729809 3.577842 2.884348
947.997919 3.618739 3.152458
948.259488 3.658638 3.414027
948.534138 3.700532 3.688677
948.841478 3.747412 3.996017
949.109575 3.788307 4.264114
949.351523 3.825213 4.506062
949.671956 3.874090 4.826495
949.926947 3.912986 5.081486
950.201584 3.954878 5.356123
950.450073 3.992782 5.604612
950.744344 4.037669 5.898883
950.999386 4.076572 6.153925
951.234806 4.112482 6.389345
951.515984 4.155372 6.670523
951.771012 4.194273 6.925551
952.052190 4.237163 7.206729
952.359518 4.284041 7.514057
952.601478 4.320949 7.756017
952.876141 4.362845 8.030680
953.150766 4.404736 8.305305
953.399279 4.442643 8.553818
953.686972 4.486527 8.841511
953.941988 4.525426 9.096527
954.262397 4.574300 9.416936
954.497829 4.610212 9.652368
954.818225 4.659084 9.972764
955.060173 4.695990 10.214712
955.347878 4.739875 10.502417
955.602894 4.778775 10.757433
955.890613 4.822662 11.045152
956.112965 4.856579 11.267504
956.433360 4.905451 11.587899
956.747241 4.953329 11.901780
956.982635 4.989235 12.137174
957.257260 5.031126 12.411799
957.525332 5.072016 12.679870
957.773794 5.109916 12.928333
958.074594 5.155799 13.229133
958.388462 5.203675 13.543001
958.630422 5.240583 13.784961
958.891966 5.280478 14.046505
959.133914 5.317384 14.288453
959.454322 5.366258 14.608861
959.722419 5.407152 14.876958
959.997031 5.449040 15.151570
960.219332 5.482949 15.373871
960.513591 5.527835 15.668130
960.775160 5.567733 15.929699
961.075972 5.613618 16.230511
961.311367 5.649525 16.465906
961.566383 5.688424 16.720922
961.834442 5.729312 16.988981
962.135241 5.775195 17.289780
962.416444 5.818089 17.570983
962.677976 5.857982 17.832514
962.933004 5.896883 18.087543
963.194561 5.936780 18.349100
963.443024 5.974680 18.597562
963.704580 6.014577 18.859119
963.946515 6.051481 19.101054
964.234272 6.095374 19.388811
964.508909 6.625524 19.663448
964.777006 7.323364 19.931545
965.051631 8.038196 20.206170
965.319728 8.736036 20.474267
965.581272 9.416819 20.735811
965.842854 10.097700 20.997393
966.110938 10.795508 21.265477
966.352898 11.425316 21.507437
966.653685 12.208245 21.808224
966.954472 12.991175 22.109011
967.242190 13.740089 22.396729
967.523318 14.471846 22.677857
967.771806 15.118645 22.926345
968.020307 15.765478 23.174846
968.288416 16.463351 23.442955
968.595744 17.263306 23.750283
968.850798 17.927196 24.005337
969.118908 18.625069 24.273446
969.413128 19.390908 24.567667
969.681251 20.088814 24.835790
970.080132 21.127079 25.234671
970.322042 21.756755 25.476581
970.662085 22.641865 25.816623
970.936760 23.356829 26.091299
971.250615 24.173774 26.405154
971.564534 24.990885 26.719073
971.845725 25.722808 27.000263
972.166146 26.556844 27.320684
972.473473 27.356798 27.628012
972.813528 28.241941 27.968067
973.186260 29.212141 28.340799
973.545937 30.148357 28.700476
973.905588 31.034666 29.060127
974.226022 29.495973 29.380561
974.566039 27.863243 29.720578
974.899541 26.261798 30.054080
975.187247 24.880262 30.341786
975.573060 23.794908 30.727599
975.828064 23.588710 30.982602
976.174634 23.308470 31.329173
976.514676 23.033508 31.669215
976.822016 22.784991 31.976555
977.155518 22.515318 32.310057
977.443237 22.282666 32.597776
977.783267 22.007715 32.937806
978.149471 21.711598 33.304010
978.417568 21.494813 33.572107
978.744530 21.230428 33.899069
978.927626 21.082375 34.082164
979.143399 20.907899 34.297938
979.320043 10.522849 34.121293
979.562168 -0.004615 33.879168
979.738749 -0.017522 33.702587
979.941517 -0.032343 33.499819
980.268657 -0.056255 33.172679
980.497638 -0.072992 32.943698
980.955689 -0.106473 32.485647
981.243432 -0.127506 32.197904
981.609637 -0.154273 31.831699
981.956195 -0.179605 31.485142
982.309280 -0.205413 31.132056
982.610092 -0.227401 30.831244
982.930500 -0.250821 30.510836
983.296667 -0.277586 30.144669
983.695536 -0.306741 29.745800
984.055124 -0.333024 29.386212
984.434358 -0.360744 29.006978
984.820172 -0.388945 28.621164
985.212487 -0.417621 28.228849
985.696421 -0.452994 27.744915
986.062600 -0.479759 27.378736
986.467997 -0.509392 26.973340
986.781839 -0.532332 26.659497
987.102184 -0.555747 26.339152
987.461797 -0.582033 25.979539
987.808316 -0.607361 25.633020
988.122146 -0.630301 25.319190
988.429512 -0.652767 25.011824
988.769567 -0.677623 24.671769
989.096516 -0.701521 24.344821
989.403868 -0.723987 24.037468
989.678480 -0.744060 23.762856
989.998914 -0.767482 23.442422
990.273552 -0.787556 23.167784
990.600500 -0.811454 22.840836
990.914355 -0.834395 22.526981
991.149788 -0.851604 22.291548
991.470171 -0.875022 21.971165
991.705565 -0.892228 21.735771
992.012918 -0.914694 21.428418
992.333326 -0.938114 21.108010
992.614530 -0.958668 20.826806
992.928385 -0.981609 20.512951
993.183426 -1.000251 20.257910
993.510401 -1.024151 19.930936
993.739242 -1.040878 19.702094
994.020445 -1.061433 19.420891
994.282027 -1.080553 19.159309
994.543571 -1.099670 18.897765
994.857477 -1.122615 18.583859
995.099425 -1.140300 18.341911
995.406765 -1.162765 18.034571
995.681440 -1.182842 17.759896
995.956065 -1.202915 17.485271
996.198000 -1.220599 17.243336
996.492284 -1.242110 16.949052
996.799624 -1.264575 16.641712
997.041559 -1.282259 16.399777
997.283520 -1.299945 16.157816
997.571213 -1.320973 15.870123
997.839297 -1.340569 15.602039
998.087785 -1.358732 15.353551
998.368938 -1.379283 15.072398
998.591290 -1.395535 14.850046
998.865902 -1.415608 14.575434
999.173204 -1.438070 14.268133
999.474041 -1.460059 13.967295
999.729019 -1.478697 13.712317
1000.010159 -1.499246 13.431177
1000.258622 -1.517408 13.182714
1000.467842 -1.532700 12.973494
1000.742416 -1.552770 12.698920
1001.043139 -1.574751 12.398197
1001.324228 -1.595297 12.117108
1001.611883 -1.616323 11.829453
1001.847214 -1.633525 11.594122
1002.121826 -1.653597 11.319510
1002.396387 -1.673666 11.044949
1002.677540 -1.694217 10.763796
1002.912922 -1.711422 10.528414
1003.187508 -1.731493 10.253828
1003.488295 -1.753478 9.953041
1003.802176 -1.776421 9.639160
1004.070285 -1.796019 9.371051
1004.364519 -1.817525 9.076817
1004.599901 -1.834730 8.841435
1004.894185 -1.856241 8.547151
1005.208028 -1.879181 8.233308
1005.476150 -1.898779 7.965186
1005.763869 -1.919810 7.677467
1006.012369 -1.937974 7.428967
1006.306603 -1.959481 7.134733
1006.542036 -1.976689 6.899300
1006.816648 -1.996762 6.624688
1007.097800 -2.017313 6.343536
1007.392034 -2.038819 6.049302
1007.692872 -2.060809 5.748464
1007.941360 -2.078972 5.499976
1008.242147 -2.100958 5.199190
1008.529865 -2.121988 4.911471
1008.824111 -2.143496 4.617225
1009.033382 -2.158793 4.407954
1009.340697 -2.181256 4.100639
1009.615372 -2.201333 3.825964
1009.903091 -2.222363 3.538245
1010.171200 -2.241961 3.270136
1010.452404 -2.262515 2.988932
1010.713960 -2.281633 2.727376
1010.929733 -2.297405 2.511603
1011.263223 -2.321781 2.178113
1011.570563 -2.344246 1.870774
1011.805957 -2.361452 1.635379
1012.093688 -2.382484 1.347648
1012.342176 -2.400647 1.099160
1012.610286 -2.420244 0.831050
1012.924167 -2.443187 0.517169
1013.192264 -2.462783 0.249072
1013.473467 -2.483337 -0.032131
1013.741551 -2.502933 -0.300215
1013.970418 -2.519662 -0.529082
1014.245081 -2.539738 -0.803745
1014.513178 -2.559334 -1.071842
1014.787841 -2.579411 -1.346505
1015.023261 -2.596619 -1.581925
1015.297911 -2.616694 -1.856575
1015.579076 -2.637246 -2.137740
1015.853726 -2.657321 -2.412390
1016.108755 -2.675962 -2.667419
1016.409542 -2.697948 -2.968206
1016.625328 -2.713721 -3.183992
1016.880369 -2.732363 -3.439033
1017.141938 -2.751482 -3.700602
1017.442750 -2.773469 -4.001414
1017.684736 -2.791157 -4.243400
1017.965889 -2.811708 -4.524553
1018.240526 -2.831782 -4.799190
1018.462840 -2.848032 -5.021504
1018.730924 -2.867628 -5.289588
1018.966306 -2.884833 -5.524970
1019.254050 -2.905865 -5.812714
1019.548271 -2.927371 -6.106935
1019.816419 -2.946971 -6.375083
1020.084503 -2.966567 -6.643167
1020.319910 -2.983773 -6.878574
1020.607616 -3.004803 -7.166280
1020.882279 -3.024879 -7.440943
1021.150338 -3.044473 -7.709002
1021.385745 -3.061680 -7.944409
1021.666936 -3.082233 -8.225599
1021.993884 -3.106131 -8.552548
1022.255441 -3.125250 -8.814105
1022.510457 -3.143890 -9.069121
1022.771988 -3.163006 -9.330652
1023.027017 -3.181647 -9.585681
1023.314735 -3.202678 -9.873399
1023.576304 -3.221797 -10.134968
1023.824831 -3.239963 -10.383495
1024.099430 -3.260035 -10.658094
1024.354471 -3.278677 -10.913135
1024.629109 -3.298751 -11.187773
1024.864503 -3.315957 -11.423167
1025.165316 -3.337945 -11.723980
1025.413766 -3.356105 -11.972430
1025.662279 -3.374270 -12.220943
1025.936904 -3.394344 -12.495568
1026.191920 -3.412984 -12.750584
1026.414284 -3.429237 -12.972948
1026.669300 -3.447878 -13.227964
1026.917763 -3.466039 -13.476427
1027.244725 -3.489938 -13.803389
1027.512822 -3.509534 -14.071486
1027.767812 -3.798159 -14.326476
1028.003245 -4.099512 -14.561909
1028.258274 -4.425949 -14.816938
1028.545979 -4.794212 -15.104643
1028.787914 -5.103888 -15.346578
1029.036390 -5.421936 -15.595054
1029.271757 -5.723205 -15.830420
1029.546438 -6.074798 -16.105102
1029.814549 -6.417979 -16.373213
1030.102264 -6.786254 -16.660928
1030.331137 -7.079211 -16.889801
1030.566567 -7.380561 -17.125231
1030.841179 -7.732064 -17.399843
1031.102735 -8.066854 -17.661399
1031.377400 -8.418426 -17.936064
1031.593191 -8.694638 -18.151855
1031.887450 -9.071289 -18.446114
1032.090203 -9.330812 -18.648867
1032.351800 -9.665656 -18.910464
1032.619905 -10.008829 -19.178568
1032.855296 -10.310131 -19.413960
1033.129967 -10.661709 -19.688631
1033.404622 -11.013267 -19.963286
1033.712054 -11.406779 -20.270718
1033.954017 -11.716491 -20.512681
1034.254784 -12.101473 -20.813448
1034.529456 -12.453053 -21.088120
1034.784487 -12.779492 -21.343151
1035.144197 -13.239920 -21.702861
1035.333837 -13.482659 -21.892501
1035.562731 -13.775643 -22.121395
1035.778477 -14.051798 -22.337141
1035.974650 -14.302899 -22.533314
1037.065999 -15.699824 -23.624663
1037.373508 -16.093435 -23.932172
1037.726656 -16.545463 -24.285320
1038.112505 -17.039349 -24.671169
1038.563839 -17.617056 -25.122502
1038.786147 -17.846197 -25.344811
1039.034600 -17.677574 -25.593264
1039.276526 -17.513380 -25.835190
1039.505392 -17.358049 -26.064056
1039.766960 -17.180525 -26.325624
1039.943514 -17.060698 -26.502178
1040.120043 -16.940889 -26.678707
1040.296601 -4.886916 -26.502149
1040.505778 0.011490 -26.292973
1040.708466 0.028415 -26.090284
1040.911218 0.045345 -25.887533
1041.153156 0.065548 -25.645594
1041.395094 0.085750 -25.403656
1041.676322 0.109234 -25.122429
1041.918264 0.129436 -24.880486
1042.153680 0.149094 -24.645070
1042.395647 0.169299 -24.403103
1042.644168 0.190052 -24.154582
1042.899192 0.211347 -23.899559
1043.186915 0.235373 -23.611835
1043.435428 0.256124 -23.363323
1043.710050 0.279056 -23.088700
1043.932409 0.297623 -22.866341
1044.233149 0.322736 -22.565601
1044.475118 0.342941 -22.323632
1044.756277 0.366419 -22.042473
1045.017859 0.388262 -21.780891
1045.285957 0.410649 -21.512793
1045.567129 0.434127 -21.231621
1045.841779 0.457061 -20.956971
1046.116423 0.479995 -20.682327
1046.391029 0.502925 -20.407721
1046.659145 0.525314 -20.139605
1046.933808 0.548249 -19.864942
1047.182302 0.568999 -19.616448
1047.483102 0.594117 -19.315648
1047.711971 0.613228 -19.086779
1047.986631 0.636163 -18.812119
1048.254727 0.658550 -18.544023
1048.490141 0.678207 -18.308610
1048.771319 0.701687 -18.027432
1049.045970 0.724621 -17.752780
1049.333714 0.748648 -17.465036
1049.608336 0.771580 -17.190414
1049.876441 0.793968 -16.922309
1050.118389 0.814171 -16.680362
1050.399573 0.837651 -16.399177
1050.661133 0.859492 -16.137617
1050.961939 0.884610 -15.836811
1051.236589 0.907544 -15.562161
1051.504712 0.929933 -15.294038
1051.772834 0.952322 -15.025916
1052.040969 0.974712 -14.757781
1052.315607 0.997645 -14.483144
1052.622998 1.023313 -14.175753
1052.904252 1.046799 -13.894498
1053.120050 1.064818 -13.678700
1053.362074 1.085028 -13.436676
1053.643328 1.108514 -13.155422
1053.931098 1.132543 -12.867653
1054.238488 1.158211 -12.560262
1054.519743 1.181697 -12.279008
1054.787865 1.204086 -12.010885
1055.101822 1.230302 -11.696929
1055.369970 1.252693 -11.428781
1055.651224 1.276179 -11.147527
1055.965193 1.302396 -10.833557
1056.266069 1.327520 -10.532682
1056.501489 1.347178 -10.297262
1056.861178 1.377214 -9.937572
1057.135866 1.400151 -9.662884
1057.449772 1.426363 -9.348978
1057.717920 1.448754 -9.080830
1058.025247 1.474417 -8.773503
1058.319532 1.498990 -8.479218
1058.594182 1.521925 -8.204568
1058.868845 1.544860 -7.929905
1059.123899 1.566157 -7.674851
1059.444333 1.592915 -7.354418
1059.679753 1.612573 -7.118998
1059.987118 1.638239 -6.811632
1060.294458 1.663903 -6.504292
1060.608351 1.690114 -6.190399
1060.876474 1.712503 -5.922277
1061.118853 -0.034215 -6.164656
1061.315030 0.024581 -5.968479
1061.583140 0.058262 -5.700370
1061.896995 0.097690 -5.386514
1062.178186 0.133015 -5.105324
1062.446308 0.166698 -4.837201
1062.662106 0.193807 -4.621403
1063.002162 0.236526 -4.281348
1063.289880 0.272671 -3.993629
1063.564518 0.307172 -3.718992
1063.799950 0.336748 -3.483559
1064.094196 0.373713 -3.189313
1064.323101 0.402469 -2.960408
1064.650063 0.443543 -2.633447
1064.878917 0.472293 -2.404593
1065.192823 0.511727 -2.090687
1065.487069 0.548692 -1.796440
1065.735595 0.579913 -1.547914
1065.990573 0.611944 -1.292936
1066.271751 0.647267 -1.011758
1066.585632 0.686698 -0.697878
1066.827579 0.717093 -0.455930
1067.121851 0.754061 -0.161658
1067.396501 0.788563 0.112992
1067.658045 0.821420 0.374536
1067.952291 0.858384 0.668782
1068.233457 0.893706 0.949947
1068.527728 0.930673 1.244219
1068.723905 0.955318 1.440396
1068.998530 0.989818 1.715021
1069.273180 1.024320 1.989671
1069.541303 1.058003 2.257793
1069.783238 1.088396 2.499728
1070.070931 1.124537 2.787421
1070.345594 1.159042 3.062084
1070.594069 1.190256 3.310560
1070.862179 1.223938 3.578670
1071.123748 1.256797 3.840239
1071.424560 1.294586 4.141051
1071.712279 1.330731 4.428769
1071.960754 1.361946 4.677245
1072.189634 1.390698 4.906124
1072.470799 1.426020 5.187290
1072.771611 1.463809 5.488102
1073.020125 1.495029 5.736615
1073.268600 1.526243 5.985091
1073.530195 1.559106 6.246685
1073.817901 1.595249 6.534391
1074.079457 1.628107 6.795948
1074.373729 1.665074 7.090219
1074.602583 1.693824 7.319074
1074.864139 1.726682 7.580630
1075.125721 1.759543 7.842212
1075.400346 1.794043 8.116837
1075.635779 1.823619 8.352269
1075.916957 1.858942 8.633447
1076.178539 1.891803 8.895029
1076.433605 1.923846 9.150096
1076.721311 1.959988 9.437802
1076.989383 1.993665 9.705873
1077.270573 2.028989 9.987064
1077.551701 2.064306 10.268191
1077.819747 2.097979 10.536238
1078.133538 2.137399 10.850029
1078.460411 2.178462 11.176902
1078.741487 2.213772 11.457978
1078.983346 2.244156 11.699837
1079.270963 2.280287 11.987454
1079.565146 2.317244 12.281637
1079.846197 2.352551 12.562688
1080.114205 2.386219 12.830696
1080.428009 2.425641 13.144500
1080.689464 2.458486 13.405955
1080.918267 2.487229 13.634758
1081.160177 2.517619 13.876668
1081.447857 2.553759 14.164348
1081.689742 2.584145 14.406232
1081.970945 2.619471 14.687436
1082.239029 2.653149 14.955520
1082.520207 2.688472 15.236698
1082.814416 2.725432 15.530906
1083.075985 2.758291 15.792475
1083.363716 2.794438 16.080207
1083.605613 2.824826 16.322104
1083.906450 2.862618 16.622941
1084.154926 2.893833 16.871417
1084.449172 2.930798 17.165663
1084.730363 2.966122 17.446854
1085.011528 3.001443 17.728019
1085.273072 3.034300 17.989563
1085.534616 3.067156 18.251106
1085.815768 3.102476 18.532259
1086.070772 3.134510 18.787262
1086.391244 3.174769 19.107734
1086.685477 3.211732 19.401968
1086.966655 3.247055 19.683146
1087.215131 3.278270 19.931621
1087.483215 3.311948 20.199706
1087.738256 3.343987 20.454747
1088.019396 3.379305 20.735887
1088.326736 3.417915 21.043227
1088.594846 3.451596 21.311337
1088.862930 3.485274 21.579421
1089.091822 3.514028 21.808313
1089.399124 3.552633 22.115615
1089.641047 3.583024 22.357537
1089.948374 3.621632 22.664865
1090.203377 3.653667 22.919868
1090.432244 3.682418 23.148734
1090.713447 3.717744 23.429938
1091.001153 3.753887 23.717644
1091.262748 3.786750 23.979238
1091.563496 3.824531 24.279987
1091.851228 3.860677 24.567718
1092.119325 3.894357 24.835815
1092.393975 3.928860 25.110465
1092.668625 3.963363 25.385116
1092.949765 3.998681 25.666255
1093.244049 4.035650 25.960540
1093.499040 4.067683 26.215530
1093.793286 4.104648 26.509777
1094.061409 4.652223 26.777899
1094.309871 5.188757 27.026362
1094.636795 5.894720 27.353285
1094.944122 6.558368 27.660613
1095.225275 7.165493 27.941765
1095.493359 7.744398 28.209850
1095.807214 8.422141 28.523705
1096.140678 9.142228 28.857169
1096.461099 9.834150 29.177590
1096.735736 10.427206 29.452227
1097.082307 11.175595 29.798797
1097.396187 11.853394 30.112678
1097.729689 12.573563 30.446180
1098.069732 13.307856 30.786222
1098.390140 13.999750 31.106631
1098.710536 14.691617 31.427026
1099.089783 15.510570 31.806274
1099.384055 16.146024 32.100545
1099.717582 16.866248 32.434073
1100.051059 17.586363 32.767549
1100.391089 18.320628 33.107579
1100.744187 19.083113 33.460677
1101.084204 19.817351 33.800694
1101.273853 8.667739 33.611045
1101.463502 -0.002243 33.421396
1101.738178 -0.016835 33.146721
1102.104369 -0.036290 32.780529
1102.503378 -0.057488 32.381520
1102.758584 -0.071046 32.126314
1102.967931 -0.082168 31.916967
1103.491019 -0.109957 31.393879
1103.896377 -0.131492 30.988521
1104.236344 -0.149554 30.648554
1104.556765 -0.166576 30.328133
1104.929472 -0.186377 29.955427
1105.315272 -0.206873 29.569626
1105.701098 -0.227371 29.183800
1106.060737 -0.246477 28.824161
1106.407294 -0.264888 28.477604
1106.753877 -0.283301 28.131021
1107.093907 -0.301365 27.790991
1107.453559 -0.320472 27.431340
1107.747779 -0.336103 27.137119
1108.048541 -0.352082 26.836357
1108.388533 -0.370144 26.496366
1108.695809 -0.386469 26.189089
1108.976987 -0.401406 25.907911
1109.271246 -0.417039 25.613652
1109.598182 -0.434408 25.286716
1109.885901 -0.449694 24.998998
1110.186713 -0.465675 24.698185
1110.513649 -0.483044 24.371249
1110.788299 -0.497635 24.096599
1111.049868 -0.511531 23.835030
1111.337587 -0.526816 23.547311
1111.605697 -0.541060 23.279202
1111.873781 -0.555302 23.011117
1112.174606 -0.571284 22.710292
1112.423081 -0.584485 22.461817
1112.710812 -0.599771 22.174086
1112.965867 -0.613321 21.919032
1113.207802 -0.626174 21.677097
1113.515167 -0.642503 21.369731
1113.789817 -0.657094 21.095081
1114.044820 -0.670642 20.840078
1114.365229 -0.687664 20.519669
1114.626836 -0.701562 20.258062
1114.927724 -0.717547 19.957174
1115.228537 -0.733528 19.656361
1115.509689 -0.748465 19.375209
1115.790905 -0.763405 19.093993
1116.052487 -0.777302 18.832411
1116.333665 -0.792240 18.551233
1116.621396 -0.807526 18.263502
1116.869910 -0.820728 18.014988
1117.164156 -0.836361 17.720742
1117.412619 -0.849560 17.472279
1117.687282 -0.864152 17.197616
1118.020797 -0.881871 16.864101
1118.282353 -0.895766 16.602545
1118.530841 -0.908967 16.354057
1118.805492 -0.923559 16.079407
1119.080129 -0.938149 15.804769
1119.354767 -0.952740 15.530131
1119.609795 -0.966288 15.275103
1119.884458 -0.980880 15.000440
1120.165636 -0.995818 14.719262
1120.440299 -1.010410 14.444599
1120.741099 -1.026390 14.143800
1121.061507 -1.043412 13.823391
1121.296914 -1.055919 13.587984
1121.558483 -1.069815 13.326415
1121.833159 -1.084407 13.051739
1122.127418 -1.100040 12.757480
1122.434783 -1.116369 12.450115
1122.702918 -1.130614 12.181980
1122.944866 -1.143468 11.940032
1123.232635 -1.158756 11.652263
1123.487664 -1.172305 11.397234
1123.795017 -1.188634 11.089881
1124.043530 -1.201836 10.841368
1124.337815 -1.217470 10.547083
1124.605925 -1.231714 10.278974
1124.874034 -1.245958 10.010864
1125.142144 -1.260202 9.742754
1125.410241 -1.274445 9.474657
1125.697959 -1.289730 9.186939
1125.952988 -1.303279 8.931910
1126.240719 -1.318565 8.644179
1126.534966 -1.334197 8.349932
1126.783441 -1.347398 8.101457
1127.051576 -1.361643 7.833322
1127.313133 -1.375538 7.571765
1127.587796 -1.390130 7.297103
1127.868974 -1.405068 7.015924
1128.130556 -1.418965 6.754343
1128.392125 -1.432861 6.492773
1128.653681 -1.446757 6.231217
1128.947953 -1.462390 5.936945
1129.222590 -1.476981 5.662308
1129.497228 -1.491571 5.387670
1129.719554 -1.503382 5.165344
1130.026894 -1.519710 4.858004
1130.314625 -1.534996 4.570273
1130.543492 -1.547155 4.341406
1130.824683 -1.562094 4.060215
1131.086227 -1.575989 3.798672
1131.328200 -1.588844 3.556698
1131.576688 -1.602045 3.308210
1131.844785 -1.616288 3.040113
1132.112895 -1.630532 2.772004
1132.407154 -1.646165 2.477745
1132.668723 -1.660061 2.216175
1132.910658 -1.672914 1.974240
1133.159184 -1.686117 1.725714
1133.479592 -1.703139 1.405306
1133.924270 -1.726763 0.960628
1134.185814 -1.740658 0.699084
1134.453924 -1.754902 0.430974
1134.682803 -1.767061 0.202095
1134.931304 -1.780263 -0.046406
1135.212495 -1.795202 -0.327597
1135.493723 -1.810143 -0.608825
1135.774876 -1.825079 -0.889978
1136.023390 -1.838282 -1.138491
1136.317661 -1.853915 -1.432763
1136.624989 -1.870243 -1.740090
1136.866949 -1.883097 -1.982051
1137.089275 -1.894908 -2.204377
1137.396603 -1.911236 -2.511704
1137.664725 -1.925480 -2.779827
1137.965499 -1.941459 -3.080601
1138.181272 -1.952922 -3.296374
1138.495178 -1.969599 -3.610280
1138.678261 -1.979325 -3.793363
1138.952899 -1.993916 -4.068001
1139.181765 -2.006075 -4.296867
1139.495646 -2.022750 -4.610748
1139.717972 -2.034561 -4.833074
1139.933707 -2.046023 -5.048809
1140.254090 -2.063043 -5.369192
1140.489522 -2.075551 -5.604624
1140.737896 -2.088746 -5.852998
1140.979768 -2.101596 -6.094870
1141.254367 -2.116184 -6.369469
1141.515873 -2.130077 -6.630975
1141.764310 -2.143276 -6.879412
1142.025791 -2.157167 -7.140892
1142.313458 -2.172450 -7.428560
1142.620735 -2.188774 -7.735837
1142.875751 -2.202323 -7.990853
1143.130716 -2.215868 -8.245818
1143.477312 -2.234281 -8.592414
1143.745396 -2.248524 -8.860498
1144.046170 -2.264503 -9.161272
1144.242322 -2.274923 -9.357423
1144.543096 -2.290902 -9.658198
1144.745839 -2.301673 -9.860940
1145.007395 -2.315569 -10.122497
1145.255883 -2.328770 -10.370985
1145.458588 -2.339539 -10.573690
1145.720157 -2.353435 -10.835259
1145.922887 -2.364206 -11.037989
1146.190959 -2.378447 -11.306061
1146.432919 -2.391302 -11.548021
1146.668288 -2.403806 -11.783390
1146.936423 -2.418051 -12.051525
1147.126047 -2.428125 -12.241149
1147.361454 -2.440631 -12.476556
1147.590308 -2.452790 -12.705410
1147.838758 -2.465989 -12.953860
1148.093787 -2.479538 -13.208889
1148.342237 -2.492737 -13.457339
1148.610334 -2.506980 -13.725436
1148.858825 -2.520181 -13.973927
1149.133442 -2.534771 -14.248544
1149.349195 -2.546233 -14.464297
1149.695779 -2.564645 -14.810881
1149.963898 -2.578890 -15.079000
1150.362868 -2.600085 -15.477970
1150.729160 -2.619545 -15.844262
1151.056171 -2.636918 -16.171273
1151.350447 -2.652552 -16.465549
1151.546603 -2.662973 -16.661705
1151.873574 -2.680344 -16.988676
1152.128592 -2.693892 -17.243694
1152.337866 -2.705010 -17.452967
1152.619055 -2.719948 -17.734157
1152.893704 -2.734539 -18.008806
1153.142217 -2.747742 -18.257319
1153.358017 -2.759207 -18.473119
1153.600031 -2.772064 -18.715133
1153.789691 -2.782140 -18.904793
1154.018566 -2.794299 -19.133668
1154.312867 -3.015117 -19.427969
1154.535186 -3.222963 -19.650288
1154.835989 -3.504181 -19.951090
1155.273958 -3.913636 -20.389060
1155.515917 -4.139842 -20.631019
1156.038798 -4.628680 -21.153900
1156.300391 -4.873242 -21.415493
1156.568523 -5.123916 -21.683624
1156.797361 -5.337856 -21.912463
1156.993499 -5.521224 -22.108601
1157.241973 -5.753521 -22.357075
1157.490435 -5.985806 -22.605536
1157.765058 -6.242549 -22.880160
1158.065814 -6.523725 -23.180916
1158.347028 -6.786629 -23.462130
1158.575854 -7.000558 -23.690956
1158.817759 -7.226713 -23.932860
1159.033544 -7.428449 -24.148646
1159.236234 -7.617942 -24.351336
1159.458588 -7.825820 -24.573690
1159.844376 -8.186491 -24.959478
1160.020958 -8.351576 -25.136060
1160.236763 -8.553331 -25.351864
1160.511395 -8.810083 -25.626497
1160.733795 -9.018003 -25.848897
1160.943114 -9.213694 -26.058216
1161.139386 -9.397188 -26.254488
1161.335862 0.004799 -26.058011
1161.571431 0.024572 -25.822443
1161.865882 0.049289 -25.527992
1162.107838 0.069599 -25.286035
1162.356344 0.090458 -25.037529
1162.611381 0.111866 -24.782493
1162.899100 0.136017 -24.494773
1163.127968 0.155229 -24.265905
1163.415681 0.179379 -23.978193
1163.683789 0.201885 -23.710085
1163.945359 0.223841 -23.448514
1164.246146 0.249089 -23.147727
1164.514281 0.271596 -22.879592
1164.743130 0.290806 -22.650743
1165.017766 0.313859 -22.376107
1165.259726 0.334169 -22.134148
1165.508204 0.355027 -21.885670
1165.776334 0.377533 -21.617540
1166.037881 0.399488 -21.355992
1166.332149 0.424189 -21.061724
1166.613327 0.447791 -20.780546
1166.835650 0.466453 -20.558224
1167.123411 0.490608 -20.270462
1167.398046 0.513661 -19.995827
1167.646513 0.534517 -19.747361
1167.901555 0.555925 -19.492318
1168.163128 0.577882 -19.230745
1168.457395 0.602583 -18.936479
1168.732069 0.625639 -18.661804
1168.967459 0.645398 -18.426415
1169.202888 0.665160 -18.190986
1169.536419 0.693156 -17.857455
1169.791460 0.714565 -17.602413
1170.066104 0.737618 -17.327770
1170.327672 0.759574 -17.066202
1170.576186 0.780435 -16.817688
1170.877016 0.805687 -16.516858
1171.171299 0.830389 -16.222575
1171.413249 0.850698 -15.980625
1171.714085 0.875950 -15.679788
1171.982246 0.898460 -15.411628
1172.302667 0.925356 -15.091207
1172.544653 0.945669 -14.849221
1172.793192 0.966531 -14.600682
1173.080897 0.990681 -14.312976
1173.362139 1.014289 -14.031735
1173.623734 1.036247 -13.770140
1173.891843 1.058752 -13.502030
1174.159966 1.081259 -13.233908
1174.428101 1.103766 -12.965773
1174.715845 1.127919 -12.678029
1174.964358 1.148780 -12.429515
1175.284767 1.175675 -12.109107
1175.533280 1.196535 -11.860594
1175.788296 1.217941 -11.605578
1176.108717 1.244837 -11.285156
1176.376814 1.267342 -11.017060
1176.625328 1.288202 -10.768546
1176.886897 1.310158 -10.506977
1177.154994 1.332662 -10.238880
1177.455806 1.357913 -9.938068
1177.697767 1.378223 -9.696107
1177.978945 1.401825 -9.414929
1178.227445 1.422684 -9.166428
1178.521704 1.447384 -8.872169
1178.789827 1.469891 -8.604047
1179.005625 1.488005 -8.388248
1179.299872 1.512704 -8.094002
1179.620318 1.539602 -7.773556
1179.862253 1.559911 -7.531621
1180.169606 1.585710 -7.224268
1180.411553 1.606019 -6.982320
1180.705812 1.630719 -6.688061
1180.908492 1.647732 -6.485382
1181.196223 1.671884 -6.197651
1181.431617 1.691644 -5.962256
1181.680106 1.712502 -5.713768
1181.980956 1.737755 -5.412918
1182.294874 1.764106 -5.098999
1182.615295 1.791002 -4.778578
1182.870311 1.812408 -4.523562
1183.125327 1.833814 -4.268546
1183.426178 1.859068 -3.967696
1183.824932 1.892539 -3.568941
1184.132285 1.918339 -3.261589
1184.380786 1.939198 -3.013088
1184.648896 1.961703 -2.744978
1184.910465 1.983659 -2.483409
1185.172009 2.005613 -2.221865
1185.472834 2.030865 -1.921040
1185.760565 2.055017 -1.633309
1186.035202 2.078070 -1.358671
1186.296759 2.100025 -1.097115
1186.551775 2.121431 -0.842099
1186.826400 2.144484 -0.567474
1187.068360 2.164794 -0.325514
1187.329929 2.186750 -0.063945
1187.650337 2.213645 0.256464
1187.924988 2.236699 0.531114
1188.199625 2.259753 0.805751
1188.467709 2.282256 1.073836
1188.716210 2.303115 1.322337
1188.971226 2.324521 1.577353
1189.258970 2.348674 1.865097
1189.520527 2.370630 2.126653
1189.782096 2.392586 2.388222
1190.037099 2.413991 2.643226
1190.298681 2.435948 2.904807
1190.579872 2.459551 3.185998
1190.802198 2.478213 3.408324
1191.089878 2.502361 3.696005
1191.279540 2.518282 3.885667
1191.586893 2.544081 4.193019
1191.855003 2.566586 4.461129
1192.083869 2.585797 4.689996
1192.404290 2.612694 5.010417
1192.665834 2.634648 5.271960
1192.927403 2.656604 5.533530
1193.195513 2.679109 5.801639
1193.489797 2.703812 6.095924
1193.751354 2.725767 6.357480
1194.025979 2.748819 6.632105
1194.333331 2.774618 6.939458
1194.594901 2.796574 7.201027
1194.876079 2.820176 7.482205
1195.124554 2.841034 7.730681
1195.412260 2.865184 8.018386
1195.673842 2.887141 8.279968
1195.961573 2.911293 8.567699
1196.236211 2.934346 8.842337
1196.510873 2.957402 9.117000
1196.752847 2.977713 9.358973
1197.060199 3.003512 9.666326
1197.347905 3.027662 9.954031
1197.609474 3.049619 10.215601
1197.923367 3.075967 10.529494
1198.211124 3.100121 10.817250
1198.459625 3.120981 11.065751
1198.688504 3.140193 11.294631
1199.015491 3.167640 11.621618
1199.263979 3.188498 11.870106
1199.499361 3.208256 12.105488
1199.793658 3.232960 12.399785
1200.081390 3.257112 12.687516
1200.342984 3.279070 12.949110
1200.663418 3.305968 13.269544
1200.872650 3.323531 13.478777
1201.193046 3.350425 13.799172
1201.467709 3.373480 14.073835
1201.676967 3.391045 14.283093
1201.977766 3.416295 14.583893
1202.213173 3.436055 14.819300
1202.494390 3.459660 15.100516
1202.736350 3.479970 15.342476
1203.017515 3.503572 15.623642
1203.285638 3.526078 15.891764
1203.619152 3.554073 16.225279
1203.880683 3.576026 16.486810
1204.129172 3.596884 16.735298
1204.410350 3.620487 17.016476
1204.698081 3.644639 17.304207
1204.959625 3.666593 17.565751
1205.247292 3.690740 17.853419
1205.528445 3.714340 18.134571
1205.789913 3.736288 18.396039
1206.038299 3.757137 18.644426
1206.299779 3.779086 18.905906
1206.574328 3.802132 19.180454
1206.875013 3.827371 19.481140
1207.123400 3.848221 19.729526
1207.345650 3.866877 19.951776
1207.633279 3.891020 20.239406
1207.862083 3.910226 20.468209
1208.117086 3.931631 20.723212
1208.430928 3.957975 21.037055
1208.666323 3.977734 21.272449
1208.973587 4.003526 21.579713
1209.215509 4.023833 21.821635
1209.490134 4.046885 22.096260
1209.784329 4.071580 22.390456
1210.006617 4.090239 22.612744
1210.412090 4.414799 23.018217
1210.667081 4.787261 23.273207
1210.941718 5.188421 23.547845
1211.229424 5.608670 23.835551
1211.523658 6.038454 24.129784
1211.745959 6.363167 24.352085
1212.086014 6.859882 24.692140
1212.301799 7.175078 24.907926
1212.648319 7.681235 25.254445
1212.962212 8.139736 25.568338
1213.184526 8.464467 25.790652
1213.557220 9.008857 26.163346
1213.799155 9.362249 26.405281
1214.126129 9.839857 26.732255
1214.433444 10.288749 27.039570
1214.721149 10.708997 27.327276
1215.002327 11.119711 27.608454
1215.322761 11.587765 27.928887
1215.636629 12.046229 28.242755
1215.872036 12.390086 28.478162
1216.166295 12.819907 28.772422
1216.506338 13.316604 29.112464
1216.800546 13.746350 29.406672
1217.127482 14.223903 29.733608
1217.408622 14.634561 30.014748
1217.722490 15.093024 30.328616
1218.010221 15.513310 30.616347
1218.337157 15.990862 30.943283
1218.605241 16.382450 31.211368
1218.951799 16.888664 31.557925
1219.246058 17.318485 31.852184
1219.514155 17.710091 32.120281
1219.906458 18.283124 32.512584
1220.272662 18.818035 32.878789
1220.560368 19.238284 33.166494
1220.782694 19.563034 33.388821
1220.959250 9.183210 33.212265
1221.135792 -0.001052 33.035723
1221.443120 -0.016942 32.728395
1221.717783 -0.031144 32.453732
1222.051297 -0.048388 32.120218
1222.437149 -0.068339 31.734366
1222.849365 -0.089653 31.322150
1223.111163 -0.103189 31.060352
1223.418744 -0.119093 30.752771
1223.719607 -0.134649 30.451908
1223.961504 -0.147157 30.210011
1224.268768 -0.163044 29.902747
1224.589075 -0.179605 29.582440
1224.916062 -0.196512 29.255453
1225.282266 -0.215447 28.889249
1225.609202 -0.232352 28.562313
1225.890317 -0.246887 28.281198
1226.197581 -0.262774 27.973934
1226.517951 -0.279339 27.653564
1226.799154 -0.293879 27.372361
1227.093401 -0.309093 27.078115
1227.439958 -0.327012 26.731557
1227.734230 -0.342227 26.437285
1228.061204 -0.359134 26.110311
1228.420830 -0.377728 25.750685
1228.675871 -0.390915 25.495644
1228.989752 -0.407145 25.181763
1229.244755 -0.420330 24.926760
1229.539014 -0.435544 24.632501
1229.813664 -0.449745 24.357851
1230.049059 -0.461917 24.122456
1230.317169 -0.475779 23.854346
1230.591793 -0.489979 23.579722
1230.872984 -0.504518 23.298531
1231.114919 -0.517027 23.056596
1231.383054 -0.530891 22.788461
1231.644611 -0.544415 22.526904
1231.925789 -0.558954 22.245726
1232.193911 -0.572817 21.977604
1232.455455 -0.586340 21.716060
1232.717049 -0.599866 21.454466
1232.985146 -0.613728 21.186369
1233.266312 -0.628266 20.905203
1233.521366 -0.641454 20.650149
1233.756773 -0.653626 20.414742
1234.096803 -0.671207 20.074712
1234.345278 -0.684055 19.826237
1234.580724 -0.696228 19.590791
1234.855348 -0.710428 19.316167
1235.162688 -0.726319 19.008827
1235.385027 -0.737815 18.786488
1235.659690 -0.752017 18.511825
1235.953949 -0.767232 18.217566
1236.195884 -0.779741 17.975631
1236.464019 -0.793605 17.707496
1236.751725 -0.808481 17.419790
1237.039469 -0.823359 17.132046
1237.255255 -0.834516 16.916260
1237.582229 -0.851423 16.589286
1237.863432 -0.865963 16.308083
1238.111959 -0.878813 16.059556
1238.412784 -0.894367 15.758731
1238.687497 -0.908571 15.484018
1238.981794 -0.923788 15.189721
1239.243376 -0.937313 14.928139
1239.524567 -0.951852 14.646948
1239.799204 -0.966053 14.372311
1240.047705 -0.978901 14.123810
1240.335437 -0.993779 13.836078
1240.623142 -1.008655 13.548373
1240.910874 -1.023532 13.260642
1241.198592 -1.038409 12.972923
1241.486336 -1.053286 12.685179
1241.728309 -1.065798 12.443206
1241.983300 -1.078982 12.188215
1242.271018 -1.093859 11.900497
1242.571843 -1.109413 11.599672
1242.833412 -1.122938 11.338103
1243.094956 -1.136461 11.076559
1243.343444 -1.149309 10.828071
1243.663853 -1.165876 10.507663
1243.905813 -1.178387 10.265702
1244.154276 -1.191234 10.017239
1244.402764 -1.204082 9.768751
1244.690482 -1.218958 9.481033
1245.010916 -1.235527 9.160599
1245.259392 -1.248374 8.912123
1245.547097 -1.263250 8.624418
1245.795598 -1.276099 8.375917
1246.089857 -1.291314 8.081658
1246.364508 -1.305515 7.807008
1246.619524 -1.318700 7.551991
1246.868037 -1.331550 7.303478
1247.175352 -1.347440 6.996163
1247.449989 -1.361640 6.721526
1247.711546 -1.375164 6.459969
1248.031941 -1.391730 6.139574
1248.267323 -1.403901 5.904192
1248.496152 -1.415732 5.675363
1248.757708 -1.429256 5.413807
1249.032333 -1.443456 5.139182
1249.241566 -1.454274 4.929950
1249.542340 -1.469826 4.629175
1249.803871 -1.483349 4.367644
1250.071980 -1.497211 4.099535
1250.346605 -1.511411 3.824910
1250.640877 -1.526626 3.530638
1250.908999 -1.540490 3.262516
1251.144381 -1.552660 3.027134
1251.419057 -1.566863 2.752458
1251.700247 -1.581402 2.471268
1251.987953 -1.596278 2.183562
1252.203739 -1.607435 1.967776
1252.524173 -1.624003 1.647342
1252.785742 -1.637528 1.385773
1253.040783 -1.650715 1.130732
1253.302340 -1.664239 0.869175
1253.537747 -1.676411 0.633768
1253.851615 -1.692639 0.319900
1254.106669 -1.705827 0.064846
1254.381306 -1.720027 -0.209791
1254.655957 -1.734228 -0.484442
1254.897879 -1.746737 -0.726364
1255.198704 -1.762291 -1.027189
1255.447205 -1.775140 -1.275690
1255.721842 -1.789340 -1.550327
1255.963752 -1.801848 -1.792237
1256.251483 -1.816726 -2.079968
1256.506537 -1.829913 -2.335022
1256.755025 -1.842762 -2.583510
1257.036191 -1.857299 -2.864676
1257.337003 -1.872853 -3.165488
1257.592044 -1.886040 -3.420529
1257.866656 -1.900239 -3.695141
1258.134766 -1.914102 -3.963251
1258.422472 -1.928978 -4.250957
1258.703701 -1.943519 -4.532185
1258.952163 -1.956366 -4.780648
1259.233341 -1.970904 -5.061826
1259.553750 -1.987471 -5.382235
1259.808804 -2.000659 -5.637289
1260.103050 -2.015873 -5.931535
1260.364619 -2.029397 -6.193104
1260.639269 -2.043598 -6.467754
1260.887745 -2.056446 -6.716230
1261.110084 -2.067942 -6.938569
1261.417437 -2.083834 -7.245921
1261.685546 -2.097696 -7.514031
1261.947115 -2.111221 -7.775600
1262.169454 -2.122717 -7.997939
1262.463739 -2.137933 -8.292224
1262.751457 -2.152810 -8.579942
1262.993405 -2.165320 -8.821890
1263.300732 -2.181210 -9.129217
1263.575408 -2.195413 -9.403893
1263.843518 -2.209275 -9.672002
1264.118117 -2.223474 -9.946602
1264.386227 -2.237336 -10.214712
1264.667419 -2.251876 -10.495904
1264.961673 -2.267090 -10.790157
1265.249378 -2.281966 -11.077863
1265.517488 -2.295829 -11.345973
1265.772519 -2.309015 -11.601004
1266.053716 -2.323555 -11.882201
1266.308744 -2.336741 -12.137229
1266.563767 -2.349927 -12.392252
1266.818795 -2.363114 -12.647280
1267.126113 -2.379004 -12.954598
1267.368062 -2.391514 -13.196547
1267.649253 -2.406053 -13.477738
1267.923897 -2.420253 -13.752382
1268.133120 -2.431071 -13.961605
1268.381597 -2.443919 -14.210082
1268.630101 -2.456768 -14.458586
1268.957070 -2.473674 -14.785555
1269.205557 -2.486522 -15.034042
1269.480197 -2.500723 -15.308682
1269.735228 -2.513909 -15.563713
1270.022957 -2.528786 -15.851441
1270.264894 -2.541296 -16.093379
1270.526470 -2.554821 -16.354955
1270.781492 -2.568007 -16.609977
1271.023464 -2.580518 -16.851949
1271.271915 -2.593364 -17.100400
1271.520406 -2.606213 -17.348891
1271.795048 -2.620413 -17.623533
1272.030471 -2.632586 -17.858956
1272.318177 -2.647462 -18.146662
1272.625547 -2.663355 -18.454032
1272.906725 -2.677893 -18.735210
1273.161730 -2.691078 -18.990215
1273.429852 -2.704942 -19.258337
1273.691411 -2.718466 -19.519896
1273.952966 -2.731989 -19.781451
1274.221077 -2.745852 -20.049562
1274.430349 -2.756673 -20.258834
1274.718093 -2.771551 -20.546578
1274.986238 -2.785415 -20.814723
1275.228231 -2.811337 -21.056716
1275.457140 -3.019684 -21.285625
1275.686053 -3.228033 -21.514538
1275.928003 -3.448248 -21.756488
1276.137241 -3.638689 -21.965726
1276.366095 -3.846985 -22.194580
1276.660326 -4.114784 -22.488811
1276.908750 -4.340892 -22.737235
1277.111385 -4.525324 -22.939870
1277.431740 -4.816901 -23.260225
1277.719360 -5.078683 -23.547845
1277.993948 -5.328604 -23.822433
1278.203119 -5.518985 -24.031604
1278.471153 -5.762940 -24.299638
1278.745715 -6.012838 -24.574200
1279.026846 -6.268715 -24.855331
1279.275289 -6.494839 -25.103774
1279.536822 -6.732878 -25.365307
1279.785242 -6.958982 -25.613727
1280.007534 -7.161305 -25.836019
1280.269106 -7.399379 -26.097591
1280.537177 -7.643369 -26.365662
1280.792140 -7.875428 -26.620625
1280.994807 -8.059888 -26.823292
1281.275977 -8.315801 -27.104462
1281.504792 -8.524060 -27.333277
1281.772889 0.011634 -27.065180
1282.132616 0.041291 -26.705452
1282.420368 0.065014 -26.417701
1282.681974 0.086582 -26.156094
1283.146272 0.124860 -25.691796
1283.420914 0.147503 -25.417154
1283.715175 0.171763 -25.122894
1283.983294 0.193867 -24.854774
1284.212146 0.212735 -24.625922
1284.441019 0.231604 -24.397049
1284.702596 0.253169 -24.135472
1285.042634 0.281203 -23.795434
1285.369587 0.308158 -23.468481
1285.604997 0.327566 -23.233071
1285.886187 0.350749 -22.951881
1286.101976 0.368539 -22.736092
1286.317782 0.386331 -22.520286
1286.585875 0.408434 -22.252193
1286.840916 0.429460 -21.997152
1287.095959 0.450487 -21.742109
1287.364061 0.472590 -21.474007
1287.638705 0.495233 -21.199363
1287.900279 0.516798 -20.937789
1288.174923 0.539440 -20.663145
1288.436505 0.561006 -20.401563
1288.724218 0.584726 -20.113850
1288.979260 0.605753 -19.858808
1289.253932 0.628398 -19.584137
1289.535090 0.651578 -19.302978
1289.822824 0.675299 -19.015244
1290.084409 0.696865 -18.753659
1290.339451 0.717892 -18.498617
1290.627184 0.741614 -18.210884
1290.901830 0.764257 -17.936238
1291.137268 0.783667 -17.700800
1291.431545 0.807928 -17.406523
1291.693118 0.829493 -17.144950
1291.928527 0.848901 -16.909541
1292.209719 0.872084 -16.628349
1292.530133 0.898500 -16.307935
1292.785170 0.919526 -16.052898
1293.092528 0.944866 -15.745540
1293.367148 0.967506 -15.470920
1293.628718 0.989071 -15.209350
1293.883729 1.010095 -14.954339
1294.184562 1.034897 -14.653506
1294.433042 1.055382 -14.405026
1294.720824 1.079108 -14.117244
1294.936648 1.096902 -13.901420
1295.211324 1.119547 -13.626744
1295.479421 1.141650 -13.358647
1295.793339 1.167530 -13.044729
1296.041802 1.188014 -12.796266
1296.316465 1.210659 -12.521603
1296.584575 1.232763 -12.253493
1296.839591 1.253787 -11.998477
1297.061930 1.272117 -11.776139
1297.303890 1.292065 -11.534178
1297.630864 1.319022 -11.207204
1297.905527 1.341667 -10.932541
1298.199735 1.365922 -10.638333
1298.480977 1.389109 -10.357091
1298.768670 1.412827 -10.069398
1299.004077 1.432235 -9.833991
1299.278727 1.454878 -9.559341
1299.559918 1.478061 -9.278150
1299.808406 1.498547 -9.029662
1300.076516 1.520651 -8.761552
1300.344626 1.542755 -8.493443
1300.625804 1.565936 -8.212264
1300.880820 1.586960 -7.957249
1301.135848 1.607986 -7.702220
1301.390890 1.629013 -7.447178
1301.658974 1.651114 -7.179094
1301.953258 1.675376 -6.884810
1302.214802 1.696939 -6.623266
1302.489452 1.719582 -6.348616
1302.718319 1.738451 -6.119749
1302.986429 1.760555 -5.851639
1303.247998 1.782119 -5.590070
1303.457243 1.799370 -5.380825
1303.790758 1.826866 -5.047310
1304.006531 1.844655 -4.831537
1304.307343 1.869455 -4.530725
1304.575453 1.891559 -4.262615
1304.850090 1.914201 -3.987978
1305.098591 1.934689 -3.739477
1305.360148 1.956252 -3.477920
1305.608623 1.976738 -3.229445
1305.922516 2.002616 -2.915552
1306.177545 2.023642 -2.660523
1306.484872 2.048979 -2.353196
1306.739914 2.070005 -2.098154
1307.014551 2.092647 -1.823517
1307.243418 2.111516 -1.594650
1307.531149 2.135238 -1.306919
1307.831949 2.160037 -1.006119
1308.080450 2.180524 -0.757618
1308.328925 2.201009 -0.509143
1308.583967 2.222036 -0.254102
1308.871672 2.245755 0.033604
1309.159391 2.269476 0.321323
1309.401326 2.289422 0.563258
1309.669448 2.311527 0.831380
1309.931017 2.333091 1.092949
1310.172940 2.353036 1.334872
1310.460671 2.376758 1.622603
