0.000000 0.000000
0.000000 0.666638
0.176555 0.666650
0.353124 0.666746
0.529704 3.333093
0.706234 8.814898
0.889330 17.011675
1.065847 16.862877
1.248893 8.667251
1.425385 3.151793
1.628077 0.539869
1.804708 1.303803
1.987804 5.633505
2.177352 5.631326
2.367090 1.292349
2.556599 0.722729
2.759304 3.532686
2.948889 9.277367
3.131998 17.635501
3.308490 28.557848
3.485071 42.384714
3.681209 43.686126
3.857739 31.282034
4.073462 21.636755
4.263073 15.769336
4.472254 13.063988
4.674972 13.336608
4.864633 16.074420
5.047679 21.569908
5.224259 30.611613
5.413845 43.088064
5.603431 43.190586
5.806224 32.082704
5.989231 25.403184
6.165748 22.080922
6.348768 21.455415
6.544920 23.233530
6.767208 27.347246
6.963385 33.655812
7.139902 42.284519
7.316445 53.678435
7.499477 67.956284
7.695667 84.439973
7.904912 100.569548
8.081442 115.957426
8.264563 131.952843
8.447646 148.281446
8.630768 165.247396
8.820404 184.723159
9.049258 203.950377
9.225852 203.757146
9.422041 188.493417
9.605099 176.879171
9.781654 168.073542
9.964699 161.802498
10.160876 158.497889
10.337368 157.658528
10.553154 157.860735
10.736199 158.554659
10.971492 159.763078
11.213389 161.522437
11.468430 163.740282
11.703876 166.472634
11.958942 169.779793
12.155183 174.297259
12.338241 181.148420
12.521375 190.898677
12.710960 203.977456
12.913652 219.859363
13.122923 238.767116
13.371347 258.075145
13.574014 275.787971
13.770166 292.850085
13.946657 312.033560
14.175511 331.736581
14.352029 350.421201
14.548129 351.581078
14.737753 336.116661
14.920925 324.589491
15.104008 316.744607
15.280589 312.069685
15.522499 310.254064
15.725178 310.402291
15.999701 311.049049
16.222028 312.058315
16.490048 313.690842
16.803853 316.020028
17.130738 318.700002
17.405299 321.333281
17.634153 323.708363
17.810620 326.112824
18.006797 328.897200
18.209463 332.165558
18.438330 335.947759
18.647575 341.195740
18.876404 348.064551
19.052959 356.408182
19.236068 367.352130
19.432207 380.667190
19.621830 395.979222
19.811467 412.874832
19.994524 412.543933
20.197204 397.085816
20.373785 385.549470
20.550315 376.559547
20.733385 370.214694
20.916417 366.640855
21.151774 365.618057
21.393658 365.975535
21.635580 366.659236
21.870835 367.811384
22.158554 369.467119
22.433140 371.270124
22.648926 373.397285
22.910457 375.862034
23.132809 378.189274
23.315879 380.687352
23.525099 383.394605
23.708208 386.235168
23.904346 389.277282
24.087404 392.581163
24.283568 396.727889
24.466677 402.663650
24.649735 411.211524
24.839384 421.984432
25.015901 434.705520
25.192482 449.677079
25.369037 449.694649
25.552171 435.059211
25.748412 423.918208
25.944576 417.013904
26.127685 413.891620
26.317296 413.200662
26.500366 413.452018
26.709535 413.985012
26.938338 414.915855
27.206410 415.996609
27.382927 417.684039
27.722881 419.680883
27.912479 422.031865
28.226296 424.878521
28.455150 427.794977
28.710115 431.208087
28.965068 434.507542
29.161232 437.675622
29.363899 441.538322
29.566553 447.161935
29.775849 455.167235
29.978528 464.747923
30.155045 475.692440
30.331575 488.524901
30.508169 503.551446
30.691252 504.018143
30.867795 490.003916
31.044388 478.331878
31.233961 468.253234
31.488939 461.706405
31.691593 459.453358
31.907378 459.099086
32.083858 459.393537
32.260400 460.066702
32.534936 461.007445
32.724560 462.320420
32.999172 464.217946
33.267282 466.684744
33.568068 469.442129
33.810016 472.028202
34.012759 475.116476
34.280805 478.533999
34.490000 481.656444
34.679636 484.963487
34.882290 489.172710
35.084956 494.850744
35.261525 502.441618
35.438029 513.190916
35.640708 526.633974
35.823842 541.944335
36.006900 542.491644
36.183443 528.360394
36.373105 517.576195
36.556213 510.708653
36.732743 507.175217
36.928895 506.097972
37.118519 506.304917
37.386552 506.970093
37.634989 508.144099
37.948806 509.454506
38.125336 511.497880
38.511048 514.581193
38.837972 517.809319
39.125627 520.961128
39.361021 524.088347
39.589875 527.203026
39.785976 530.141922
39.962506 534.118916
40.197888 539.450762
40.374456 546.295898
40.564041 556.079392
40.773312 568.627473
40.975991 582.392556
41.152572 597.232069
41.329077 613.660166
41.505581 630.984928
41.682187 649.012386
41.865220 670.004114
42.094099 692.687664
42.303382 713.335977
42.486517 733.612779
42.682719 755.613663
42.891977 778.307252
43.094707 803.587152
43.343195 831.138878
43.578678 854.956281
43.755234 879.892339
44.003760 912.325079
44.304572 944.390919
44.546533 977.921924
44.873520 1008.323005
45.063232 1009.766725
45.239800 991.401245
45.422896 975.505824
45.606005 962.649130
45.782522 952.596429
45.965618 944.777731
46.181366 939.971051
46.403628 938.410062
46.606282 938.376316
46.861235 938.670482
47.096477 939.257119
47.429852 940.287384
47.795980 941.333960
47.992132 942.327595
48.227513 943.580011
48.469436 945.084523
48.730954 946.575518
48.920565 948.292419
49.195190 950.424133
49.450244 952.612616
49.692179 955.020546
49.953735 957.643316
50.202224 960.462340
50.463869 963.549743
50.725489 966.837932
50.987122 970.327238
51.248780 973.871798
51.490791 977.916683
51.791705 981.779781
51.987869 985.248250
52.216748 988.667561
52.393304 991.809557
52.576412 995.573301
52.779104 1000.278717
52.955660 1006.985267
53.164930 1015.549641
53.341473 1025.457589
53.524569 1037.341340
53.707640 1051.054987
53.890761 1066.288244
54.067304 1083.277538
54.250361 1103.684853
54.466147 1124.453600
54.642664 1145.519834
54.858463 1169.252704
55.080713 1193.577241
55.303090 1217.048493
55.505756 1243.690627
55.780368 1274.666068
56.054993 1300.730296
56.238038 1325.959435
56.493080 1352.533970
56.695784 1382.102179
56.996571 1414.265624
57.238506 1418.944803
57.415125 1401.126750
57.591681 1386.653737
57.768274 1375.100914
57.964464 1366.861719
58.160666 1362.537260
58.356932 1361.104150
58.566215 1361.011334
58.827708 1361.230011
59.004213 1361.610010
59.291842 1362.208719
59.559927 1362.871715
59.775700 1363.647406
60.024200 1364.568624
60.253143 1365.776886
60.560521 1367.109519
60.782924 1368.694352
61.109949 1370.512090
61.358437 1372.248309
61.606963 1374.396700
61.920780 1376.941043
62.221542 1379.425750
62.476532 1382.004097
62.757647 1384.812334
63.025693 1387.537542
63.260999 1390.735871
63.581305 1394.295037
63.849364 1397.677492
64.110832 1401.593274
64.431202 1405.254738
64.633894 1408.265051
64.843114 1412.296627
65.163497 1416.724523
65.405394 1420.250951
65.595043 1423.785080
65.823859 1428.764761
66.163914 1434.571415
66.464650 1439.799865
66.719666 1444.175069
66.915843 1448.015704
67.105441 1452.616906
67.347363 1457.882509
67.530472 1463.754885
67.713581 1471.871927
67.929366 1482.133372
68.132058 1493.043164
68.308652 1504.889411
68.491735 1519.989742
68.714036 1536.398692
68.890604 1552.447582
69.067134 1570.540511
69.256770 1590.782131
69.446394 1612.678149
69.642571 1636.324613
69.851905 1638.918816
70.028410 1619.789071
70.231114 1603.278524
70.414248 1590.441601
70.603834 1580.510708
70.786955 1573.262642
71.009243 1569.154714
71.211935 1568.114155
71.408061 1568.161185
71.656473 1568.353736
71.832914 1568.713748
72.126945 1569.177473
72.310003 1569.691841
72.532291 1570.371164
72.761119 1571.246065
73.022663 1572.234836
73.244951 1573.438086
73.532619 1574.886762
73.794150 1576.347093
74.029557 1577.796689
74.245292 1579.541192
74.526521 1581.515228
74.768418 1583.515182
75.016919 1585.926935
75.317744 1588.528522
75.572810 1590.906516
75.795162 1593.388464
76.043714 1596.334031
76.324917 1599.471086
76.579971 1602.402297
76.802348 1606.092255
77.148919 1609.881369
77.364730 1613.120619
77.606690 1616.473322
77.822476 1619.799013
78.044777 1623.392647
78.280209 1628.207722
78.633282 1632.666685
78.809850 1636.450959
79.064853 1641.110397
79.326384 1645.295814
79.516046 1649.103976
79.725266 1652.999419
79.914953 1656.990869
80.124173 1660.932320
80.300741 1665.052232
80.503458 1670.768270
80.732338 1678.269831
80.935055 1687.778241
81.150879 1699.535701
81.360099 1712.024980
81.536692 1725.905684
81.732869 1742.271487
81.929059 1760.819769
82.131776 1780.513299
82.314834 1802.789740
82.530632 1804.528799
82.726809 1785.352705
82.916484 1770.046203
83.119239 1758.730696
83.308888 1751.588160
83.524674 1748.145011
83.747102 1747.448803
83.943330 1747.569406
84.126387 1747.787452
84.342084 1748.194306
84.629727 1748.730632
84.852065 1749.324185
85.074354 1750.039680
85.303296 1750.963275
85.571419 1752.076304
85.826575 1753.257144
86.062045 1754.674411
86.349853 1756.597752
86.696436 1758.555169
86.938358 1760.399979
87.199940 1762.657859
87.507229 1764.842888
87.716423 1767.267975
88.036806 1769.949984
88.272137 1772.722076
88.572861 1775.897936
88.853988 1778.752238
89.069685 1781.802853
89.357302 1785.276777
89.618820 1788.881102
89.899947 1792.595537
90.154887 1796.379176
90.422971 1800.260121
90.671396 1803.978264
90.900275 1807.773899
91.142185 1812.308851
91.442959 1816.408636
91.619514 1819.712708
91.815666 1823.637035
92.051048 1828.661296
92.351873 1834.085691
92.613391 1838.759972
92.822624 1842.843058
93.005719 1847.977126
93.234586 1854.858134
93.437278 1863.170932
93.639983 1872.842698
93.829619 1883.552404
94.012766 1896.478573
94.221986 1911.189845
94.411622 1926.188665
94.588165 1942.335579
94.771248 1960.169769
94.954369 1980.904834
95.163615 2002.935807
95.346698 2003.517344
95.529743 1984.690224
95.719341 1968.090412
95.922059 1954.998305
96.098614 1945.415134
96.288288 1938.316010
96.490904 1934.321071
96.726286 1933.206098
96.955165 1933.308133
97.144637 1933.499443
97.347227 1933.905349
97.667508 1934.405907
97.850579 1934.963635
98.092463 1935.667510
98.308223 1936.620540
98.609010 1937.684012
98.818192 1938.832830
99.086264 1940.229327
99.341280 1941.784502
99.609364 1943.328863
99.818584 1944.943513
100.067059 1946.772244
100.302466 1948.908117
100.590223 1951.427782
100.877929 1954.036251
101.146051 1956.582997
101.388037 1959.102734
101.623508 1961.982494
101.904736 1964.919470
102.127075 1967.932411
102.395198 1971.507180
102.682891 1974.929077
102.905242 1978.230841
103.153743 1981.947041
103.415287 1985.806629
103.663788 1989.977503
103.944979 1994.075729
104.167229 1997.651912
104.369997 2001.219232
104.579242 2005.961619
104.899625 2011.202928
105.148139 2015.877114
105.390036 2020.360076
105.605872 2024.496969
105.802011 2028.872017
106.030916 2033.995857
106.253255 2039.604938
106.429848 2046.226596
106.612919 2054.712448
106.802593 2064.821102
106.985664 2076.848393
107.181904 2090.527072
107.364974 2105.383918
107.548083 2121.514418
107.724638 2138.858432
107.901143 2157.687036
108.077737 2157.528741
108.267398 2139.325366
108.463563 2125.044729
108.653237 2115.036826
108.836371 2108.911987
109.012952 2105.961418
109.235342 2105.188070
109.425029 2105.302434
109.614614 2105.514949
109.830311 2105.939128
110.144128 2106.550932
110.405647 2107.176424
110.608377 2107.911068
110.856979 2108.928830
111.144787 2110.109406
111.399955 2111.407090
111.668077 2112.871177
111.929672 2114.425887
112.178173 2116.079996
112.426661 2118.307183
112.786274 2120.784430
113.054371 2122.965618
113.296243 2125.456438
113.597055 2127.990641
113.819305 2130.732880
114.126531 2133.679478
114.361887 2136.769755
114.662585 2140.247200
114.937134 2143.566417
115.185546 2146.862562
115.433958 2150.482805
115.708557 2154.491353
115.989697 2158.463350
116.238122 2162.599432
116.519312 2166.825409
116.761196 2171.099581
117.029293 2175.276863
117.245092 2179.476252
117.500070 2183.479983
117.683166 2188.241080
118.003587 2194.082754
118.284727 2199.121785
118.507027 2204.392955
118.749026 2210.796376
118.951692 2218.596037
119.160950 2228.879801
119.389842 2240.249411
119.572964 2252.172859
119.762524 2266.579944
119.971845 2282.288424
120.154890 2300.039065
120.370702 2318.984632
120.547270 2337.489721
120.723800 2357.179475
120.900355 2379.125596
121.103136 2401.253737
121.279742 2426.388803
121.534847 2457.562340
121.816127 2484.506825
121.999261 2516.301337
122.365529 2550.307510
122.587817 2578.571492
122.855926 2606.787384
123.078240 2632.693789
123.307094 2659.678657
123.549054 2686.987305
123.784436 2716.848621
124.072117 2744.794151
124.274796 2768.583168
124.490582 2791.191631
124.673716 2791.927649
124.856837 2773.848821
125.046422 2758.247548
125.242612 2746.075843
125.419142 2737.343604
125.595710 2731.261803
125.772278 2727.806615
125.961838 2726.571266
126.171071 2726.458429
126.373674 2726.579733
126.569686 2726.784422
126.798464 2727.063110
127.001130 2727.463349
127.269113 2728.213452
127.680987 2729.082356
127.929437 2729.859509
128.171321 2730.723909
128.413218 2731.684660
128.655115 2732.741683
128.896986 2733.911977
129.145436 2735.253106
129.413470 2736.699938
129.661945 2738.409755
129.975788 2740.234495
130.224238 2741.866136
130.446564 2743.568948
130.688512 2745.436241
130.930472 2747.344399
131.159364 2749.433666
131.420933 2751.798458
131.689069 2754.181236
131.930991 2756.609789
132.186020 2759.310826
132.460657 2761.870922
132.669915 2764.540410
132.944552 2767.563689
133.199594 2770.546204
133.448095 2773.925410
133.748894 2777.373691
133.990817 2780.778173
134.265467 2784.423345
134.527049 2787.906266
134.762481 2791.108974
134.971777 2794.696091
135.246478 2799.237151
135.566975 2803.806288
135.828519 2807.497658
136.024798 2811.177126
136.273286 2815.266601
136.508731 2819.397055
136.750666 2823.679074
136.992639 2829.212838
137.358831 2835.368604
137.653141 2840.756963
137.921238 2845.429510
138.130509 2849.741420
138.352860 2854.737628
138.620983 2859.547722
138.817210 2863.929075
139.019940 2869.283473
139.229211 2876.066076
139.431966 2884.226069
139.628194 2894.349531
139.843980 2905.640104
140.027101 2918.152118
140.229882 2932.314834
140.419518 2947.755030
140.615721 2964.016226
140.792302 2981.045636
140.975347 2999.680886
141.158468 3019.638233
141.341564 3046.633786
141.622640 3076.453875
141.838451 3103.941719
142.073859 3133.411787
142.322398 3165.971389
142.610129 3196.855887
142.832442 3229.604473
143.152838 3262.269839
143.375151 3299.506655
143.774058 3340.152285
144.055211 3369.359401
144.264456 3394.214581
144.473727 3417.075513
144.650257 3417.918197
144.826838 3400.378576
145.003406 3386.178594
145.179986 3375.318011
145.356555 3367.505626
145.559297 3363.046027
145.762002 3361.632381
145.964783 3361.503823
146.180721 3361.623263
146.409613 3361.812876
146.644957 3362.091315
146.906399 3362.408969
147.102500 3362.787889
147.350950 3363.317662
147.632090 3363.852503
147.821688 3364.422099
148.070113 3365.177470
148.344687 3366.153364
148.671521 3367.180116
148.919946 3368.114064
149.148724 3369.240442
149.449409 3370.538006
149.717468 3371.770166
149.952812 3373.158479
150.246956 3374.720177
150.514964 3376.323188
150.789538 3378.016420
151.057559 3379.711977
151.306035 3381.470294
151.567655 3383.332100
151.822747 3385.303429
152.090907 3387.680128
152.424447 3390.044205
152.666370 3392.205468
152.927926 3394.593109
153.202576 3397.161660
153.483754 3399.954768
153.784529 3402.815653
154.059166 3405.818990
154.366519 3408.957508
154.647697 3411.873331
154.896172 3414.690812
155.144660 3417.780760
155.425851 3420.631208
155.622003 3423.936214
155.962020 3427.814497
156.236619 3431.123597
156.472014 3434.386078
156.727017 3437.947432
156.995063 3441.871476
157.289271 3445.555068
157.511610 3449.283846
157.799253 3453.431701
158.067350 3457.017391
158.270080 3460.732924
158.544679 3464.930622
158.799695 3468.626751
159.002463 3471.848477
159.192023 3475.063793
159.388200 3478.269378
159.571334 3482.490987
159.878674 3487.582907
160.153325 3492.131315
160.388732 3496.223533
160.604530 3500.321039
160.833460 3504.353798
161.036152 3508.070954
161.225852 3511.646946
161.408935 3515.524196
161.624810 3519.662854
161.821012 3524.755643
162.063011 3531.184126
162.272332 3538.034374
162.455466 3545.818130
162.651694 3554.822410
162.841356 3565.739638
163.063733 3578.264300
163.266501 3590.813504
163.449597 3603.542581
163.626203 3617.804049
163.822418 3633.344872
164.005527 3650.928830
164.221312 3669.289117
164.397855 3687.895531
164.594108 3708.946985
164.796749 3730.173258
164.979871 3731.190800
165.156363 3714.082078
165.332981 3699.622220
165.509511 3687.480478
165.699161 3678.087093
165.875716 3671.779098
166.052259 3668.074403
166.248423 3666.649416
166.470686 3666.470913
166.660157 3666.564719
166.862785 3666.750260
167.137283 3666.993778
167.333384 3667.320712
167.607996 3667.694526
167.791028 3668.164345
168.078683 3669.052787
168.529762 3669.983690
168.758565 3670.790791
169.033177 3671.684687
169.268508 3672.600730
169.510405 3673.677089
169.785005 3674.913048
170.059591 3676.077292
170.268786 3677.309314
170.536832 3678.776033
170.804967 3680.215185
171.033821 3682.298586
171.471971 3684.732932
171.772770 3686.760892
172.047408 3688.722492
172.302437 3690.645822
172.544384 3692.596084
172.786332 3694.735690
173.054442 3696.984555
173.302955 3699.414959
173.590687 3701.963032
173.845715 3704.677954
174.146515 3707.586815
174.421127 3710.253503
174.656572 3713.083591
174.944291 3715.880454
175.160051 3718.771053
175.447820 3722.009345
175.709415 3725.267807
175.984103 3728.701250
176.258855 3732.016105
176.500790 3735.421838
176.775440 3738.862966
177.010835 3742.533658
177.305106 3746.332312
177.547054 3749.843505
177.788938 3753.628544
178.057061 3757.695921
178.325107 3761.545350
178.553999 3765.112181
178.776351 3768.905875
179.024775 3772.985962
179.273302 3778.380180
179.665655 3783.303890
179.848764 3786.679323
180.051507 3791.222559
180.358885 3796.435236
180.626982 3801.268733
180.882023 3806.381177
181.169780 3812.094137
181.477120 3817.982948
181.771430 3822.797396
181.961079 3827.232445
182.209542 3831.925409
182.418850 3836.375761
182.615053 3841.520708
182.811229 3847.752908
183.000891 3854.811491
183.177459 3863.876447
183.399811 3874.122152
183.576417 3885.638460
183.792190 3899.016028
183.988392 3912.855741
184.178054 3927.963372
184.374257 3944.593841
184.570433 3962.513636
184.766636 3981.721928
184.962800 4001.493894
185.145909 4021.746862
185.328992 4042.888910
185.512050 4044.056841
185.688605 4026.071667
185.878254 4010.419377
186.094027 3999.000593
186.277148 3992.326286
186.473363 3989.157436
186.656497 3988.494717
186.846172 3988.560422
187.081579 3988.682568
187.290900 3988.839780
187.474009 3989.037991
187.670148 3989.278011
187.853269 3989.597218
188.088651 3989.988883
188.297922 3990.428531
188.520273 3990.998629
188.788421 3991.710649
189.063033 3992.425382
189.278806 3993.244384
189.566499 3994.242017
189.841073 3995.364597
190.141771 3996.433806
190.350953 3997.643127
190.671272 3999.156694
190.971945 4000.679979
191.253046 4002.250384
191.534123 4003.813775
191.782509 4005.423999
192.050543 4007.201279
192.325117 4009.019198
192.580108 4010.851123
192.835085 4012.685028
193.070480 4014.700376
193.351683 4017.120288
193.665564 4019.525407
193.920555 4021.977983
194.221341 4024.423398
194.456774 4026.933905
194.751033 4029.783792
195.038739 4032.668144
195.319917 4035.333468
195.548783 4038.085045
195.829949 4040.907030
196.058841 4044.199376
196.405373 4048.085873
196.719254 4051.333226
196.941580 4054.389207
197.209677 4057.766696
197.471221 4061.273220
197.745820 4065.043540
198.033488 4068.493696
198.249261 4072.171708
198.556512 4076.253393
198.818068 4080.292889
199.105736 4084.468985
199.373820 4088.331444
199.609202 4091.910213
199.831503 4095.766016
200.093059 4099.902878
200.341560 4103.680005
200.550767 4107.024392
200.740455 4110.645218
200.975849 4114.600931
201.198188 4118.446565
201.413961 4123.479188
201.760557 4129.434196
202.067897 4134.842856
202.342547 4139.981056
202.610669 4144.697905
202.833059 4149.341144
203.075032 4154.140708
203.264681 4160.518897
203.526314 4167.901860
203.702920 4175.901198
203.918744 4185.268600
204.108469 4195.741565
204.317752 4208.389436
204.540129 4221.220038
204.716723 4233.867873
204.899819 4248.252780
205.096021 4264.522617
205.298751 4281.039785
205.475332 4298.051944
205.664981 4316.359980
205.848077 4336.071356
206.044229 4356.289872
206.220822 4379.489858
206.462757 4383.191917
206.652368 4364.981752
206.848570 4349.481506
207.051250 4337.601434
207.234346 4328.866111
207.450157 4323.274220
207.626699 4321.048246
207.803306 4320.551074
208.038637 4320.620869
208.241265 4320.737809
208.437302 4320.890924
208.613756 4321.228557
209.005957 4321.852920
209.417869 4322.489268
209.659715 4322.998313
209.855867 4323.573243
210.097776 4324.294933
210.352716 4325.195738
210.653465 4326.184484
210.908379 4327.165997
211.156817 4328.212523
211.405241 4329.383222
211.673300 4330.684319
211.941321 4332.002710
212.183231 4333.425186
212.457843 4334.965452
212.712846 4336.469580
212.948317 4338.162261
213.236048 4340.047419
213.504145 4341.909841
213.759174 4343.707376
213.988066 4345.686777
214.269193 4347.820961
214.517732 4349.990709
214.785816 4352.417683
215.073560 4354.845177
215.322061 4357.304709
215.596699 4360.009300
215.877877 4362.877164
216.165646 4365.738575
216.427177 4368.661472
216.708342 4371.448873
216.930669 4374.401154
217.224940 4377.621985
217.480007 4380.821287
217.754645 4384.062907
218.003171 4387.351491
218.271331 4390.938434
218.552535 4394.527025
218.807602 4397.750530
219.023387 4401.235283
219.304527 4405.169226
219.572599 4408.905196
219.814534 4412.526636
220.056507 4416.118724
220.285323 4419.988850
220.553420 4424.194836
220.815002 4428.164794
221.043843 4432.434553
221.331574 4436.554116
221.534292 4440.590030
221.802389 4444.975014
222.037834 4448.796045
222.234023 4453.698910
222.580594 4458.546122
222.763715 4462.823991
223.038416 4467.091157
223.214997 4471.179530
223.463485 4475.895993
223.698930 4480.555853
223.934350 4485.284442
224.169783 4490.352743
224.431390 4495.612620
224.653754 4501.540797
224.882621 4508.711595
225.091892 4517.211087
225.307716 4526.986617
225.510446 4537.255297
225.693605 4547.940083
225.870148 4559.465344
226.046716 4573.272746
226.255974 4588.191675
226.432542 4602.958667
226.609123 4620.308273
226.818406 4639.100214
227.001464 4657.458597
227.178057 4676.892631
227.361140 4676.903157
227.557330 4658.909048
227.746992 4644.969092
227.943169 4635.157757
228.119711 4629.342733
228.302845 4626.589782
228.505576 4625.951339
228.695212 4626.025933
228.937236 4626.164759
229.166153 4626.373762
229.414692 4626.628094
229.617461 4626.936843
229.852893 4627.309790
230.068666 4627.773560
230.330312 4628.338114
230.578787 4628.889485
230.774926 4629.544952
231.049487 4630.341048
231.297950 4631.232922
231.579090 4632.292745
231.873260 4633.518236
232.187102 4634.664475
232.402901 4635.761328
232.657866 4637.157160
232.965193 4638.673266
233.233278 4640.253602
233.527562 4641.942295
233.802187 4643.706750
234.089867 4645.516105
234.351449 4647.346832
234.619571 4649.406243
234.920346 4651.528836
235.181940 4653.669464
235.463105 4656.087921
235.770407 4658.690315
236.071232 4661.190119
236.332776 4663.538804
236.581239 4665.997461
236.849349 4668.663307
237.123961 4671.345644
237.378989 4674.112343
237.653525 4677.210939
237.954249 4680.103397
238.176460 4683.011071
238.464128 4686.377047
238.751720 4689.798709
239.032796 4693.274410
239.313885 4696.672165
239.568812 4700.070849
239.836846 4703.369967
240.065674 4706.384588
240.281422 4710.012870
240.588698 4714.180082
240.869851 4717.967801
241.111723 4721.841419
241.392901 4725.889830
241.647891 4729.769126
241.896379 4734.090143
242.197153 4738.330063
242.425969 4742.445471
242.700645 4746.517492
242.916380 4750.780871
243.204162 4754.765150
243.380666 4758.305106
243.609559 4763.299906
243.943099 4769.332922
244.276588 4775.064327
244.564345 4780.603059
244.865157 4785.477328
245.074453 4789.827671
245.296855 4794.835457
245.506126 4801.749292
245.767720 4810.233312
245.983633 4819.081136
246.186350 4829.597563
246.415306 4841.582821
246.624564 4853.707632
246.814315 4866.569887
247.010492 4880.235081
247.193562 4894.168176
247.370181 4908.770724
247.546749 4924.884349
247.736385 4941.935368
247.912941 4959.655513
248.096062 4978.296889
248.272618 4998.427062
248.468769 5020.679293
248.678052 5042.563732
248.867701 5072.490201
249.227365 5104.392452
249.456283 5133.918955
249.776691 5163.624973
250.012137 5192.057013
250.312961 5220.625039
250.554922 5246.502245
250.809938 5270.439973
251.019208 5296.415749
251.319983 5323.779552
251.561956 5344.654895
251.738524 5372.620614
252.130852 5401.930949
252.340123 5404.213926
252.516691 5389.899422
252.693246 5377.741788
252.889423 5368.380201
253.065991 5362.013379
253.275262 5358.530767
253.471426 5357.724835
253.654535 5357.768992
253.889942 5357.857636
254.092507 5357.973568
254.268973 5358.141476
254.497840 5358.345390
254.674421 5358.577268
254.877126 5358.853243
255.066787 5359.192971
255.295629 5359.612622
255.524470 5360.115013
255.779422 5360.714926
256.040915 5361.344084
256.269744 5362.057857
256.544343 5362.851258
256.786253 5363.610587
257.001975 5364.450259
257.256902 5365.446838
257.524949 5366.595834
257.819157 5367.699933
258.034904 5368.815754
258.302963 5370.100665
258.564494 5371.421841
258.819523 5372.645907
259.022215 5373.947789
259.283810 5375.356548
259.506187 5376.664020
259.715445 5378.126246
259.970524 5379.571119
260.160122 5381.004484
260.395542 5382.784172
260.670192 5384.673005
260.918668 5386.532784
261.167182 5388.454608
261.415657 5390.492327
261.677239 5392.732913
261.958417 5395.102210
262.233042 5397.490633
262.501139 5399.679787
262.716937 5401.965399
262.991575 5404.592895
263.266212 5406.966403
263.475457 5409.575781
263.782785 5412.447233
264.031260 5415.190751
264.299370 5418.144466
264.573995 5421.059211
264.822470 5424.199203
265.123270 5427.486027
265.384826 5430.697452
265.659464 5433.693552
265.875249 5436.799000
266.156427 5440.170659
266.404928 5443.400193
266.653391 5446.780092
266.914973 5450.178763
267.156908 5453.826853
267.444614 5457.632796
267.699630 5461.231263
267.948080 5465.233654
268.248879 5469.502873
268.523568 5473.104377
268.726222 5477.027003
269.033587 5482.880463
269.471686 5488.848734
269.779013 5493.014208
269.981693 5497.092941
270.269424 5501.557541
270.511384 5505.757330
270.759860 5509.729072
270.969130 5513.350142
271.171810 5517.308845
271.413757 5521.253786
271.609960 5524.709114
271.793030 5529.300097
272.106898 5533.998883
272.296534 5538.903637
272.623559 5544.876868
272.917793 5550.303319
273.179400 5555.549820
273.447535 5560.400933
273.663359 5565.048206
273.905307 5569.474113
274.094994 5573.537610
274.278090 5579.221614
274.526604 5586.357977
274.729346 5594.482871
274.951685 5603.329622
275.134832 5612.183568
275.311413 5622.348995
275.507590 5633.647965
275.690686 5645.303928
275.867305 5658.868978
276.076575 5674.712502
276.285820 5690.929340
276.475495 5707.409797
276.665144 5725.217156
276.861346 5746.079659
277.090188 5767.394385
277.273296 5795.313923
277.593717 5826.111486
277.809528 5850.607461
278.012258 5875.800613
278.241112 5903.183079
278.483060 5932.655303
278.751195 5960.775723
278.973559 5985.310653
279.182805 6011.112356
279.431306 6038.533994
279.673279 6067.861067
279.961023 6095.860511
280.183361 6122.151759
280.444905 6152.058336
280.739152 6178.567135
280.941907 6180.825486
281.118501 6165.063955
281.308175 6152.609749
281.491284 6144.117549
281.667877 6139.041550
281.883688 6137.028120
282.086431 6136.802505
282.269565 6136.851993
282.485389 6136.925233
282.662059 6137.021567
282.858388 6137.153619
283.067862 6137.304278
283.244442 6137.472602
283.434066 6137.714358
283.695623 6138.026482
283.944073 6138.395341
284.218659 6138.792118
284.447463 6139.275294
284.761242 6139.829624
285.016219 6140.399842
285.290730 6141.074891
285.591441 6141.876962
285.918275 6142.667114
286.166687 6143.471007
286.460870 6144.332526
286.715746 6145.169776
286.964196 6146.063725
287.225638 6147.039509
287.493647 6148.023872
287.735531 6149.000719
287.977428 6150.075551
288.245448 6151.118968
288.454681 6152.145299
288.696591 6153.204457
288.905823 6154.170694
289.095409 6155.250014
289.337344 6156.566194
289.605403 6157.997405
289.873487 6159.497428
290.148137 6161.125382
290.442383 6162.727763
290.690846 6164.613111
291.057025 6166.572902
291.312029 6168.237111
291.567057 6170.172351
291.887478 6172.321421
292.188240 6174.371726
292.462903 6176.334624
292.724421 6178.499929
293.038289 6180.691907
293.293317 6182.786879
293.567942 6184.983012
293.836065 6187.314166
294.130311 6189.697757
294.398433 6192.080749
294.679573 6194.603738
294.967292 6197.122079
295.235414 6199.696035
295.523133 6202.511078
295.830460 6205.353519
296.111663 6207.962848
296.360126 6210.356616
296.588980 6212.927449
296.863618 6215.607359
297.105553 6218.406923
297.393271 6221.215402
297.628678 6223.930749
297.890209 6226.944728
298.171349 6229.970314
298.426302 6232.743638
298.655143 6235.560382
298.910185 6238.650764
299.178269 6241.429673
299.374420 6244.534486
299.688326 6247.960172
299.930236 6250.657726
300.119872 6253.643647
300.401063 6256.830768
300.616899 6259.937040
300.878456 6263.078721
301.094229 6265.999143
301.316568 6269.264916
301.578124 6272.297275
301.761233 6275.096307
301.983572 6278.058957
302.186251 6281.148022
302.421722 6284.080076
302.598277 6287.999797
302.964558 6292.049277
303.154182 6294.751551
303.330775 6297.428778
303.513846 6301.171081
303.827828 6305.650224
304.102541 6310.295376
304.429528 6314.997508
304.704179 6319.558397
305.005054 6324.493499
305.318986 6329.169263
305.580542 6333.526443
305.848664 6338.169202
306.116812 6343.820959
306.404594 6350.403705
306.646542 6357.362259
306.868919 6365.707327
307.123948 6374.542012
307.320125 6384.691592
307.581706 6396.788264
307.817152 6409.233178
308.046082 6421.548760
308.242335 6434.185686
308.451580 6448.310505
308.667379 6462.353033
308.850513 6476.489960
309.046715 6492.938957
309.269041 6510.212009
309.465243 6526.342109
309.641799 6543.206146
309.838001 6560.561447
310.014557 6578.949723
310.230368 6579.992369
310.446166 6564.831273
310.629313 6554.016490
310.812409 6545.701366
311.021667 6540.319923
311.230975 6538.199492
311.414058 6537.855090
311.623380 6537.903862
311.839216 6538.007093
312.120293 6538.201590
312.460246 6538.411472
312.643368 6538.594755
312.826464 6538.816052
313.029130 6539.078248
313.231809 6539.430145
313.506358 6539.836592
313.728684 6540.274926
313.983611 6540.782154
314.232011 6541.330241
314.480410 6541.984688
314.774593 6542.617432
314.970719 6543.256230
315.232212 6544.073235
315.519892 6544.955796
315.787926 6545.840262
316.042904 6546.753319
316.297920 6547.767720
316.579047 6548.779356
316.807863 6549.788320
317.062841 6550.795019
317.272073 6551.739573
317.481395 6552.860229
317.749504 6554.183966
318.024116 6555.528462
318.279183 6556.838888
318.521182 6558.457871
318.867803 6560.344216
319.181683 6562.195407
319.489011 6563.931955
319.744052 6565.539949
319.992553 6567.196582
320.247569 6569.151949
320.567990 6571.115973
320.809950 6572.978377
321.084575 6575.062207
321.372281 6577.230255
321.653446 6579.355196
321.915003 6581.242399
322.124261 6583.368766
322.431575 6585.817677
322.706213 6588.074200
322.954701 6590.414728
323.235866 6592.895735
323.503963 6595.342822
323.765545 6597.686356
324.000952 6600.143338
324.275590 6602.645812
324.510984 6605.068070
324.759485 6607.907568
325.066800 6610.868943
325.328382 6613.613257
325.583410 6616.336669
325.831886 6619.475816
326.152294 6622.668813
326.400808 6625.511881
326.649309 6628.401588
326.897784 6631.495183
327.172422 6634.598314
327.414382 6637.917847
327.715182 6641.204768
327.944074 6644.258530
328.199077 6647.311634
328.421390 6650.712489
328.722139 6654.201369
328.951019 6657.573032
329.225631 6661.078348
329.467578 6664.545929
329.729084 6667.967212
329.957951 6671.390815
330.212992 6674.998468
330.461430 6679.136885
330.781876 6684.902102
331.239609 6691.415632
331.645019 6696.284881
331.873911 6699.750678
332.089671 6702.942788
332.279320 6706.115660
332.488553 6709.476385
332.697836 6713.998241
333.044368 6718.401047
333.234030 6722.268544
333.508706 6726.280642
333.711461 6730.173858
333.966515 6735.124819
334.286936 6740.592585
334.594276 6745.610567
334.855845 6750.399647
335.130521 6754.943517
335.359388 6759.539748
335.634051 6764.338381
335.869496 6769.402157
336.111431 6775.734855
336.359919 6783.170392
336.588849 6791.946895
336.837325 6801.038241
337.026987 6812.047098
337.301688 6826.705473
337.582878 6840.772478
337.785621 6853.445215
337.981811 6867.745224
338.204124 6884.249360
338.433080 6901.616169
338.648866 6918.981297
338.851621 6937.369271
339.067445 6956.080914
339.257094 6974.453398
339.446730 6994.625215
339.656014 7014.976804
339.839071 7015.085229
340.041814 6998.971700
340.224885 6987.456929
340.408057 6979.307379
340.610774 6974.931607
340.806989 6973.821263
340.996651 6973.822328
341.232134 6973.881747
341.441430 6973.962917
341.631105 6974.087396
341.886350 6974.273320
342.154764 6974.527567
342.455830 6974.803449
342.678169 6975.103283
342.939789 6975.453671
343.181724 6975.858601
343.456324 6976.298318
343.691629 6976.804446
343.985850 6977.417998
344.279995 6978.096482
344.580718 6978.763083
344.822551 6979.409647
345.070963 6980.133974
345.338959 6980.962246
345.626588 6981.861368
345.907690 6982.768082
346.169158 6983.652464
346.411017 6984.605337
346.685578 6985.625568
346.940518 6986.666107
347.202011 6987.692954
347.430814 6988.688260
347.659643 6989.702863
347.881943 6990.688877
348.084661 6991.754327
348.326583 6993.150026
348.646953 6994.747226
348.947740 6996.319163
349.235420 6997.874451
349.510071 6999.560262
349.823913 7001.199531
350.065848 7002.855061
350.366622 7004.595918
350.621651 7006.435241
350.935519 7008.389092
351.210131 7010.357578
351.510905 7012.330940
351.772461 7014.263323
352.047112 7016.315937
352.328277 7018.393333
352.596374 7020.521478
352.877539 7022.592095
353.119474 7024.738213
353.407205 7027.064569
353.681843 7029.444043
353.969561 7031.730157
354.211509 7034.007544
354.486147 7036.505655
354.767325 7039.084460
355.048490 7041.808835
355.349277 7044.364630
355.584709 7047.005769
355.892024 7049.524426
356.094741 7052.127975
356.408571 7055.037973
356.663600 7057.625575
356.905535 7060.465699
357.199768 7063.312854
357.435188 7066.029668
357.696732 7068.931939
357.958263 7071.879167
358.219807 7074.719778
358.455214 7077.795315
358.749397 7080.716628
358.952089 7083.567179
359.226650 7086.529185
359.442360 7089.373248
359.690797 7092.826543
359.998137 7096.158324
360.220425 7099.120306
360.462322 7102.544266
360.750053 7105.620882
360.933136 7108.391380
361.168518 7111.673160
361.423496 7114.993044
361.658903 7118.399996
361.920511 7121.662101
362.129769 7124.825429
362.371729 7128.300492
362.620192 7131.672436
362.842531 7134.652807
363.032180 7137.759966
363.267625 7141.137054
363.489964 7144.106428
363.666481 7148.100117
364.019681 7153.284610
364.346681 7158.239856
364.660586 7163.004447
364.954896 7167.569743
365.236176 7172.031285
365.510851 7176.884264
365.805110 7182.820584
366.099420 7189.263297
366.328338 7196.162707
366.563770 7203.457999
366.759998 7210.904248
366.956213 7219.387839
367.165484 7230.440755
367.433606 7242.993758
367.662485 7255.844650
367.897931 7268.881134
368.100686 7281.798287
368.303429 7294.573325
368.480023 7308.086317
368.682740 7324.043575
368.905079 7339.746492
369.081660 7354.888531
369.271334 7371.237627
369.460971 7392.046040
369.735621 7397.080274
369.912163 7383.347261
370.095285 7372.014132
370.284908 7363.678056
370.461489 7358.205230
370.664194 7355.396696
370.866937 7354.768084
371.108923 7354.826924
371.383585 7354.918293
371.579699 7355.035242
371.795561 7355.280005
372.200957 7355.551085
372.377513 7355.791280
372.612882 7356.259736
373.050956 7356.780298
373.279772 7357.180498
373.495494 7357.688333
373.789651 7358.282567
374.044616 7358.827656
374.253836 7359.469367
374.547994 7360.177993
374.776810 7360.851896
375.012141 7361.660672
375.299796 7362.582679
375.574408 7363.515676
375.835901 7364.464719
376.090955 7365.489894
376.365592 7366.481365
376.581391 7367.493299
376.842973 7368.543035
377.058809 7369.607395
377.307323 7370.853726
377.582049 7372.198101
377.850171 7373.667119
378.151022 7375.228439
378.432225 7376.796979
378.713429 7378.501705
379.020730 7380.307617
379.314989 7382.076193
379.589665 7383.971197
379.903520 7385.813469
380.145493 7387.512430
380.400497 7389.420397
380.688215 7391.354833
380.936691 7393.320781
381.217856 7395.334958
381.466344 7397.273053
381.714832 7399.416716
382.002538 7401.746174
382.283703 7404.135496
382.571396 7406.468308
382.826425 7408.770224
383.094548 7411.210986
383.369172 7413.827730
383.663406 7416.250891
383.885732 7418.793859
384.193072 7421.739007
384.487318 7424.417866
384.729253 7427.188583
385.030053 7430.042065
385.278541 7432.920758
385.572813 7435.848757
385.821288 7438.835157
386.115547 7442.132022
386.409819 7445.112810
386.638711 7447.918516
386.893714 7450.881916
387.142215 7453.932115
387.403772 7457.149743
387.671894 7460.541137
387.953072 7463.736648
388.181952 7466.773640
388.430440 7470.449803
388.750797 7474.395546
389.031975 7477.615710
389.234655 7481.064844
389.541982 7484.778749
389.777376 7488.323019
390.051976 7492.331347
390.346209 7496.018315
390.568536 7499.473265
390.823539 7503.500998
391.117823 7507.235707
391.327030 7510.626391
391.568965 7514.705819
391.863237 7518.628645
392.078972 7522.039711
392.301324 7525.745511
392.549774 7530.174165
392.857114 7535.778045
393.242952 7540.645377
393.452223 7544.114172
393.661494 7548.721908
394.001523 7553.259497
394.197688 7556.448914
394.374243 7560.806354
394.701268 7566.235819
394.995527 7571.329141
395.276756 7576.425072
395.564462 7581.797961
395.865274 7587.341268
396.120303 7593.095227
396.342667 7599.621734
396.565006 7607.363473
396.793923 7615.919458
397.003156 7627.530698
397.310559 7641.422407
397.559047 7654.360544
397.774871 7667.704092
397.997223 7682.549246
398.226140 7698.250049
398.441951 7713.236820
398.625060 7728.345711
398.821262 7744.505493
399.010911 7760.593734
399.187492 7778.389159
399.396750 7797.589473
399.586387 7817.279985
399.789142 7819.051790
399.972263 7803.700216
400.155397 7792.083835
400.332004 7783.910132
400.521627 7779.135152
400.724383 7777.522294
400.940207 7777.365128
401.129856 7777.418957
401.365339 7777.505265
401.581137 7777.632174
401.836306 7777.816512
402.111299 7778.110249
402.490711 7778.561109
402.915755 7779.026179
403.190367 7779.446835
403.458401 7779.884081
403.700259 7780.391792
403.994442 7781.058639
404.340886 7781.761348
404.615434 7782.411256
404.870361 7783.098382
405.138382 7783.847417
405.406416 7784.642199
405.674398 7785.526136
405.968581 7786.423856
406.216930 7787.396515
406.524206 7788.325771
406.726822 7789.226721
406.994881 7790.211944
407.223671 7791.155595
407.452487 7792.176181
407.700975 7793.231645
407.929817 7794.340409
408.184845 7795.644878
408.479104 7797.110705
408.779878 7798.614983
409.067584 7800.121944
409.348762 7801.699612
409.643009 7803.252498
409.898025 7804.896218
410.205326 7806.727648
410.506126 7808.576818
410.800372 7810.353820
411.061916 7812.028606
411.310392 7813.768481
411.578476 7815.780643
411.892306 7817.866561
412.166994 7819.962586
412.467768 7822.158783
412.755474 7824.283431
413.023571 7826.432989
413.304761 7828.682874
413.585914 7830.901212
413.847483 7833.168361
414.128674 7835.509155
414.396771 7837.754150
414.645246 7840.102370
414.926424 7842.552887
415.188019 7844.929386
415.443022 7847.348908
415.704604 7849.842079
415.966135 7852.411083
416.234245 7855.057141
416.502329 7857.849279
416.790061 7860.757005
417.071239 7863.509232
417.319689 7866.308938
417.600867 7869.079473
417.836261 7871.787977
418.097856 7874.753733
418.372455 7877.838580
418.647093 7880.782645
418.889053 7883.925594
419.189853 7887.382979
419.477533 7890.421854
419.699859 7893.587429
420.000570 7896.749411
420.216343 7899.590915
420.458240 7902.754657
420.719745 7906.083850
420.981289 7909.542370
421.255914 7912.743046
421.471700 7916.030693
421.752903 7919.661990
422.014396 7923.072777
422.256369 7926.344745
422.491789 7929.332890
422.687953 7932.491985
422.942969 7935.959593
423.178376 7939.278213
423.407256 7943.014008
423.695000 7947.804578
424.061166 7952.114977
424.276990 7955.055293
424.453583 7959.173040
424.819826 7964.639909
425.166434 7969.777322
425.480378 7974.309851
425.742037 7978.873413
426.042887 7983.092954
426.225970 7987.673423
426.474496 7993.090462
426.664184 7999.529106
426.912684 8006.748473
427.102410 8014.178323
427.311668 8023.945091
427.573326 8034.149908
427.762975 8044.051983
427.972258 8055.036950
428.174976 8067.835872
428.416974 8081.912355
428.632836 8096.796629
428.868230 8111.625043
429.057880 8126.375393
429.267176 8141.305148
429.443744 8156.991705
429.653014 8174.763854
429.862247 8194.118938
430.091139 8213.512975
430.293894 8231.097854
430.483543 8258.491364
430.915140 8289.541141
431.196331 8313.584402
431.477509 8335.912203
431.726010 8355.759065
431.954877 8376.395190
432.229539 8398.073115
432.491096 8419.672662
432.772274 8441.455169
433.046911 8462.883569
433.328089 8484.210493
433.609280 8503.980337
433.857781 8520.336238
434.053945 8520.834877
434.263190 8509.616247
434.459380 8502.207348
434.649055 8498.013096
434.845231 8496.428831
435.028404 8496.200297
435.224644 8496.236789
435.407778 8496.300698
435.623653 8496.396551
435.839375 8496.552710
436.140212 8496.726108
436.316780 8496.903394
436.539119 8497.182556
436.853038 8497.511975
437.094960 8497.860282
437.363006 8498.241414
437.598376 8498.652468
437.853353 8499.131753
438.121362 8499.589594
438.317475 8500.108577
438.605155 8500.696698
438.833959 8501.382413
439.160793 8502.125846
439.402690 8502.829881
439.664208 8503.571745
439.906118 8504.365175
440.174177 8505.208122
440.422640 8506.070577
440.677605 8506.947479
440.912999 8507.762125
441.115742 8508.608844
441.351162 8509.564253
441.593097 8510.512455
441.808895 8511.509637
442.057409 8512.552893
442.279748 8513.524485
442.482478 8514.700325
442.776737 8516.038902
443.031753 8517.444898
443.332603 8519.071795
443.653012 8520.628356
443.908040 8522.147732
444.195759 8523.748944
444.463894 8525.439818
444.764693 8527.116316
445.013169 8528.823113
445.307466 8530.723343
445.601687 8532.610426
445.876350 8534.435378
446.137894 8536.119582
446.360233 8537.890683
446.634857 8539.988091
446.935644 8542.109587
447.203728 8544.258737
447.498000 8546.402551
447.753016 8548.676659
448.066909 8550.941466
448.308870 8553.149150
448.596601 8555.538074
448.871226 8557.890422
449.139323 8560.259597
449.407407 8562.673404
449.675504 8565.040538
449.924018 8567.637022
450.231332 8570.276333
450.479833 8572.679187
450.728321 8575.414355
451.035636 8578.092633
451.264490 8580.383670
451.486854 8583.082958
451.787641 8586.131131
452.068806 8588.985897
452.323835 8591.851751
452.598498 8594.723112
452.846986 8597.898107
453.167394 8601.116994
453.415883 8603.934832
453.657843 8606.867622
453.919400 8610.072842
454.200565 8613.282588
454.455606 8616.217589
454.684473 8619.761635
455.031069 8623.305331
455.253408 8626.114351
455.475746 8629.334251
455.756899 8632.845973
456.018494 8636.318387
456.286591 8639.701877
456.528538 8643.216751
456.809716 8646.815985
457.058217 8650.461374
457.339383 8653.963419
457.561709 8657.462669
457.836308 8660.808551
458.032510 8664.289820
458.320216 8668.183974
458.568666 8671.883213
458.823695 8675.523080
459.059051 8679.103256
459.301075 8682.968456
459.569122 8686.517819
459.765298 8690.004589
460.020365 8693.724632
460.242717 8697.066675
460.445396 8700.751966
460.706965 8704.572515
460.922776 8707.792567
461.105872 8710.931889
461.308577 8714.471676
461.537495 8717.929782
461.727131 8721.252381
461.936363 8725.928839
462.282972 8730.473526
462.472596 8734.906050
462.799595 8739.312525
462.982742 8743.770124
463.309665 8749.886385
463.675844 8754.835734
463.865481 8759.702148
464.198983 8766.061777
464.480173 8773.717141
464.794079 8782.982679
465.075283 8794.185748
465.395716 8806.386158
465.650758 8817.581802
465.866518 8828.090021
466.056180 8838.855244
466.252357 8852.620761
466.513939 8868.371683
466.742793 8882.484990
466.925939 8895.758056
467.109073 8910.456026
467.311778 8925.560152
467.488346 8941.402840
467.691026 8958.483136
467.880675 8976.019429
468.076826 8998.473469
468.351527 9020.762718
468.528070 9040.365093
468.737328 9064.580484
469.005425 9088.593546
469.214695 9111.056161
469.456618 9137.157504
469.744349 9163.314648
469.992824 9188.222910
470.260934 9212.253535
470.496341 9234.482578
470.731748 9257.999833
470.999896 9282.172212
471.254912 9304.580376
471.490307 9327.611793
471.764970 9350.400380
472.000390 9353.437361
472.190102 9340.850045
472.366683 9332.074882
472.549817 9326.575130
472.752585 9324.319880
472.935770 9323.970069
473.145104 9323.992927
473.328276 9324.028803
473.517951 9324.087823
473.760013 9324.165245
473.962755 9324.278969
474.263758 9324.454676
474.597476 9324.628960
474.800359 9324.778759
474.996675 9324.973900
475.264874 9325.199574
475.487314 9325.421407
475.703240 9325.692853
475.977852 9326.005394
476.226264 9326.349817
476.507353 9326.738912
476.781914 9327.147208
477.049922 9327.539326
477.272172 9327.980005
477.566342 9328.517240
477.867040 9329.054703
478.128533 9329.589553
478.396516 9330.150735
478.657984 9330.739005
478.926030 9331.337746
479.174366 9331.995877
479.468586 9332.628373
479.677717 9333.218138
479.919614 9333.871521
480.161511 9334.500127
480.370718 9335.178709
480.632287 9335.876042
480.841495 9336.555619
481.076876 9337.316321
481.325365 9338.207883
481.626151 9339.159249
481.894248 9340.119876
482.181954 9341.144840
482.469660 9342.114978
482.711595 9343.088808
482.986220 9344.125302
483.247764 9345.149935
483.502780 9346.282136
483.803554 9347.567537
484.117434 9348.787317
484.372437 9349.937911
484.640534 9351.189123
484.928228 9352.514982
485.215959 9353.840925
485.490622 9355.197614
485.778327 9356.501364
486.020250 9357.951875
486.353752 9359.549150
486.641470 9360.940003
486.883405 9362.324125
487.158030 9363.822848
487.432655 9365.294877
487.687709 9366.832315
487.975415 9368.376819
488.223890 9369.989851
488.524702 9371.549462
488.747003 9373.098688
489.034747 9374.792253
489.296240 9376.307716
489.518604 9377.931988
489.806323 9379.749238
490.080935 9381.553661
490.355585 9383.320456
490.610614 9385.159896
490.898332 9387.002828
491.146808 9388.898399
491.441092 9390.890197
491.709202 9392.746356
491.957652 9394.580538
492.212668 9396.438724
492.461169 9398.445253
492.748875 9400.527258
493.010419 9402.410391
493.239298 9404.369451
493.513923 9406.480737
493.775492 9408.593685
494.043589 9410.786469
494.318227 9413.142542
494.619026 9415.199428
494.815152 9417.146145
495.083262 9419.446359
495.357887 9421.575790
495.580226 9423.616341
495.828638 9425.821302
496.083628 9428.020747
496.325487 9430.185342
496.567435 9432.462079
496.828966 9434.973075
497.116595 9437.359125
497.345526 9439.619048
497.600440 9441.806450
497.809698 9444.142524
498.090850 9446.783839
498.358947 9449.037543
498.555112 9451.153307
498.790532 9453.513490
499.032492 9455.763300
499.241724 9457.967649
499.470629 9460.423925
499.725683 9463.103933
499.993793 9465.536355
500.196510 9467.992676
500.464595 9470.640685
500.700027 9472.999532
500.909285 9475.202093
501.112015 9477.598797
501.354014 9480.155700
501.582881 9482.481581
501.779070 9484.898678
502.021018 9487.331927
502.217169 9489.638034
502.432993 9491.959887
502.629208 9494.223925
502.831951 9496.728304
503.067345 9499.401229
503.296238 9502.018432
503.518538 9504.578080
503.734311 9507.079054
503.943582 9509.636892
504.165959 9512.251065
504.381745 9515.002388
504.623718 9517.612969
504.813316 9520.042866
505.022587 9522.406989
505.199180 9525.029915
505.447668 9527.843463
505.650424 9530.842318
505.892359 9534.587180
506.127791 9538.692905
506.337062 9543.679597
506.592065 9549.176037
506.794795 9555.391015
507.049837 9562.710513
507.285244 9569.981920
507.494515 9578.148231
507.742990 9587.577818
507.984925 9600.421918
508.351180 9615.136386
508.632358 9629.558846
508.933221 9645.360466
509.227544 9659.909087
509.449896 9672.124321
509.639570 9684.271257
509.842313 9697.748770
510.058111 9713.344991
510.306638 9731.223795
510.574747 9747.384488
510.770962 9748.416248
510.960662 9738.661282
511.137294 9732.002579
511.313849 9727.925190
511.510115 9726.211093
511.712909 9725.917315
511.896043 9725.950487
512.131551 9726.001469
512.314635 9726.069536
512.523918 9726.190515
512.837836 9726.395733
513.210581 9726.677973
513.583238 9726.961435
513.838279 9727.236601
514.106325 9727.525915
514.335154 9727.836997
514.590094 9728.168860
514.812344 9728.523764
515.060819 9728.931218
515.315746 9729.373718
515.570673 9729.840016
515.819098 9730.370431
516.106753 9730.939044
516.361705 9731.497918
516.610143 9732.054634
516.838984 9732.723082
517.152814 9733.438112
517.394787 9734.128800
517.662884 9734.800254
517.872167 9735.481513
518.127171 9736.195586
518.342969 9737.044734
518.663390 9737.965248
518.905363 9738.916003
519.219231 9740.212843
519.631282 9741.461271
519.892839 9742.576269
520.206707 9743.820994
520.514021 9745.125172
520.834468 9746.503326
521.154889 9747.839063
521.436054 9749.297055
521.789177 9750.956395
522.135735 9752.507951
522.423492 9754.059586
522.750415 9755.669679
523.044687 9757.201866
523.325865 9758.681999
523.587421 9760.216244
523.875127 9761.860256
524.162833 9763.484141
524.430930 9765.105386
524.705593 9766.801300
524.986809 9768.470199
525.241799 9770.110487
525.503356 9771.781511
525.758385 9773.527979
526.033060 9775.350441
526.301132 9777.093713
526.543105 9778.984724
526.843904 9780.929693
527.092380 9782.961055
527.406235 9785.049374
527.661264 9787.005094
527.929361 9789.168772
528.230186 9791.290800
528.478661 9793.424890
528.772895 9795.696488
529.047545 9797.926357
529.322233 9800.136381
529.583764 9802.491573
529.884551 9804.881052
530.146108 9807.252675
530.433852 9809.657689
530.695408 9811.981435
530.956965 9814.366891
531.225074 9816.814805
531.493171 9819.265460
531.754740 9821.749238
532.022863 9824.548718
532.343271 9827.416718
532.617909 9830.005081
532.872950 9832.496269
533.121438 9835.149963
533.402654 9837.834117
533.651117 9840.552690
533.932295 9843.267766
534.174268 9846.121448
534.475080 9848.900061
534.697407 9851.644009
534.985125 9854.593926
535.240141 9857.143987
535.449361 9859.831538
535.723986 9862.987588
536.011704 9866.254580
536.299397 9869.331949
536.547835 9872.023954
536.763659 9874.974951
537.051352 9878.029006
537.280206 9881.078332
537.561396 9884.313986
537.816374 9887.383353
538.064875 9890.157964
538.267567 9893.286721
538.568430 9896.604675
538.797297 9899.666641
539.052300 9902.796617
539.287733 9905.998330
539.549302 9909.055753
539.758560 9911.968966
539.993967 9915.121373
540.235915 9918.212174
540.458254 9921.329168
540.700214 9924.381233
540.909510 9927.278615
541.125258 9930.061040
541.314932 9933.046497
541.556918 9936.188138
541.766150 9939.216091
541.988464 9942.033097
542.165083 9944.823893
542.380856 9947.865701
542.590088 9950.976381
542.812415 9953.869590
542.988995 9956.591177
543.185160 9959.521086
543.387864 9962.469463
543.584067 9966.712580
543.956799 9971.774969
544.257636 9975.543074
544.453788 9979.497046
544.774222 9984.682845
545.094681 9989.307479
545.284304 9994.859676
545.591644 10003.181466
545.918581 10012.857216
546.219393 10021.750717
546.428663 10032.512179
546.762153 10045.993255
547.049871 10059.146117
547.311440 10072.574570
547.566507 10085.661703
547.782331 10097.813209
547.978508 10109.783062
548.168170 10122.323774
548.364347 10134.952780
548.540889 10148.135103
548.737117 10162.813598
548.939834 10177.561299
549.122943 10192.899397
549.325673 10209.607429
549.528403 10233.037830
549.874935 10240.911240
550.058069 10228.152048
550.260825 10219.006492
550.457078 10214.197367
550.653318 10212.636282
550.869206 10212.458932
551.052390 10212.484139
551.248656 10212.520867
551.425288 10212.576186
551.654256 10212.655189
551.883199 10212.741430
552.066384 10212.829772
552.243168 10212.933954
552.439484 10213.049856
552.616167 10213.229891
552.943255 10213.466202
553.211390 10213.688160
553.440295 10213.926887
553.695438 10214.215730
553.976540 10214.516488
554.211896 10214.825415
554.466811 10215.192566
554.754440 10215.589418
555.015908 10216.019816
555.310091 10216.476096
555.571546 10216.913451
555.813405 10217.412086
556.114102 10217.920944
556.342918 10218.430449
556.617442 10219.032613
556.911612 10219.639934
557.166539 10220.205311
557.401870 10220.801075
557.663325 10221.392521
557.879060 10222.032389
558.160199 10222.664523
558.356326 10223.265150
558.598261 10223.995076
558.872885 10224.766998
559.127939 10225.564807
559.402539 10226.407562
559.670636 10227.298562
559.958367 10228.316476
560.285303 10229.319827
560.546847 10230.298232
560.841106 10231.326868
561.115743 10232.422803
561.429586 10233.611856
561.736926 10234.677361
561.972346 10235.799562
562.292729 10236.903678
562.508514 10238.010253
562.815880 10239.353502
563.129697 10240.552995
563.358589 10241.798130
563.679010 10243.127295
563.934026 10244.426148
564.228298 10245.878875
564.535638 10247.215048
564.771032 10248.564144
565.071819 10250.055226
565.352997 10251.525232
565.634175 10252.970197
565.895731 10254.334188
566.137679 10255.794977
566.425398 10257.297203
566.673873 10258.864884
566.974673 10260.553258
567.255812 10261.959268
567.452002 10263.448883
567.752776 10265.177571
568.020873 10266.793119
568.275889 10268.329594
568.511258 10270.036115
568.812070 10271.936642
569.099776 10273.738010
569.361358 10275.412997
569.603280 10277.133687
569.871365 10278.899105
570.119853 10280.666376
570.381435 10282.456146
570.629898 10284.363969
570.917642 10286.176219
571.133389 10288.014336
571.421146 10290.018532
571.676149 10291.802816
571.898475 10293.709001
572.179653 10295.761801
572.434682 10297.764568
572.696264 10299.738821
572.938186 10301.972950
573.258607 10304.072051
573.461325 10305.958983
573.722868 10308.106596
573.984399 10310.360909
574.265539 10312.585005
574.514002 10314.667098
574.755886 10316.685952
574.984740 10318.896876
575.265868 10321.360254
575.547058 10323.734750
575.802049 10326.017586
576.057039 10328.055350
576.253229 10330.204012
576.527854 10332.581612
576.769789 10334.861773
577.018277 10337.008170
577.227484 10339.174898
577.475985 10341.453389
577.704864 10343.753023
577.953365 10345.943797
578.156045 10348.413285
578.456870 10350.933764
578.666127 10353.152434
578.901573 10355.619623
579.156576 10358.040093
579.378864 10360.347538
579.607744 10362.638953
579.823504 10365.120027
580.085137 10367.481635
580.274773 10369.794370
580.523261 10372.367045
580.758668 10374.784590
580.974467 10377.078664
581.183687 10379.747627
581.464915 10382.399040
581.667645 10384.747036
581.890010 10387.146721
582.099230 10389.452913
582.301972 10392.071279
582.563478 10394.855990
582.792370 10397.324655
582.995075 10399.848933
583.230520 10402.427292
583.439778 10405.024013
583.675173 10407.714655
583.897499 10410.113063
584.080607 10412.527535
584.302934 10415.481750
584.551434 10418.885524
584.780314 10422.491022
584.983031 10426.742290
585.218451 10432.235273
585.480033 10438.317695
585.708912 10444.845340
585.950847 10452.216834
586.192833 10459.565759
586.395563 10467.038689
586.611362 10474.872673
586.807564 10483.787226
587.049537 10496.689237
587.396107 10511.901883
587.696907 10525.410114
587.932352 10538.374109
588.180879 10551.230068
588.390200 10563.940556
588.612513 10576.549358
588.802163 10588.181693
588.978705 10600.438630
589.174895 10601.656709
589.351438 10591.829858
589.554218 10584.845834
589.730812 10581.188237
589.907482 10579.707888
590.129884 10579.405095
590.319622 10579.445654
590.594260 10579.514654
590.829692 10579.591333
591.006209 10579.721020
591.346328 10579.885133
591.562063 10580.120734
591.967485 10580.393103
592.196339 10580.625970
592.431683 10580.918797
592.719351 10581.200257
592.895893 10581.474288
593.131250 10581.809285
593.366581 10582.206898
593.647670 10582.660875
593.915729 10583.124839
594.170668 10583.613809
594.432161 10584.111688
594.667505 10584.617013
594.909402 10585.239819
595.223206 10585.901051
595.471656 10586.525448
595.726685 10587.125164
595.935918 10587.751559
596.190934 10588.466477
596.445988 10589.250498
596.727178 10590.096403
597.001854 10591.031581
597.315760 10592.115983
597.655828 10593.199496
597.943521 10594.331119
598.283576 10595.617976
598.630146 10596.838477
598.911337 10598.162818
599.284044 10599.500377
599.552166 10600.803948
599.885643 10602.264112
600.206013 10603.835867
600.565665 10605.489163
600.899205 10607.115653
601.226179 10608.757600
601.546613 10610.359593
601.840859 10611.862460
602.108943 10613.365962
602.390096 10614.884037
602.651665 10616.436590
602.932843 10618.236185
603.266358 10619.994764
603.521374 10621.674877
603.815620 10623.532242
604.116394 10625.280544
604.364933 10626.893128
604.613396 10628.709295
604.914195 10630.578722
605.169224 10632.577329
605.496186 10634.655953
605.764295 10636.541210
606.025839 10638.482509
606.300477 10640.504465
606.575127 10642.336756
606.790874 10644.426595
607.124376 10646.774025
607.398988 10648.879802
607.660570 10650.912961
607.909033 10653.056644
608.190211 10655.420998
608.484496 10657.877223
608.778742 10660.344285
609.066473 10662.935823
609.380354 10665.479253
609.648451 10667.828427
609.910020 10670.328932
610.204291 10672.801801
610.452780 10675.249315
610.733945 10677.788486
610.995514 10680.393726
611.283271 10682.777010
611.492478 10685.192412
611.780209 10687.826601
612.028735 10690.363866
612.290305 10693.062701
612.564955 10695.995469
612.865754 10698.622792
613.075012 10701.284709
613.375812 10704.353940
613.656952 10707.391992
613.944683 10710.394736
614.212767 10713.324865
614.480839 10716.068438
614.709693 10718.768321
614.964683 10721.753670
615.239308 10724.882341
615.513907 10728.007327
615.782055 10731.050197
616.036970 10734.202370
616.318198 10737.307309
616.560095 10740.603594
616.867423 10744.090209
617.135520 10747.010402
617.344778 10749.959529
617.612887 10753.095286
617.848269 10756.137020
618.096757 10759.330342
618.351824 10762.467467
618.587231 10765.717548
618.855316 10768.994521
619.090748 10772.302266
619.358883 10775.461758
619.568103 10778.474038
619.810076 10781.818249
620.065118 10785.099610
620.293933 10788.183650
620.516298 10791.291584
620.745203 10794.285158
620.947958 10797.116852
621.150675 10800.013003
621.359921 10802.927984
621.562638 10805.628244
621.739206 10808.534305
621.968060 10812.835626
622.334201 10818.034455
622.680810 10822.756875
622.975094 10827.480210
623.315162 10832.096681
623.589799 10835.681741
623.785989 10839.751904
624.073707 10845.397788
624.354885 10853.473868
624.727605 10862.792157
625.002306 10870.553423
625.198470 10880.332713
625.525444 10891.883875
625.767405 10903.195878
626.028974 10914.723625
626.244798 10925.544539
626.447528 10937.218893
626.669892 10950.931240
626.918406 10964.354145
627.108055 10977.466469
627.323853 10994.164827
627.598516 11012.377765
627.833962 11028.024788
628.017045 11042.541293
628.206681 11058.927722
628.422518 11077.512874
628.651392 11080.035424
628.841125 11067.147812
629.050421 11058.464062
629.227014 11054.116559
629.423267 11052.607616
629.599899 11052.469151
629.802718 11052.492500
629.992456 11052.534034
630.227939 11052.614323
630.555041 11052.717728
630.790638 11052.825650
631.019746 11052.990808
631.373086 11053.164620
631.562811 11053.301353
631.745856 11053.479045
632.000948 11053.695891
632.236419 11053.941506
632.504630 11054.226550
632.772702 11054.528361
633.027604 11054.876564
633.328340 11055.244777
633.576739 11055.606656
633.831679 11056.054089
634.158513 11056.471243
634.348073 11056.905950
634.661852 11057.412917
634.910239 11057.904788
635.178247 11058.494346
635.498579 11059.089862
635.746991 11059.649551
636.008421 11060.254563
636.276416 11060.891854
636.544450 11061.512453
636.779831 11062.113452
637.015213 11062.805077
637.302906 11063.536587
637.551356 11064.247343
637.806385 11065.009400
638.074495 11065.875861
638.381835 11066.769191
638.649932 11067.693344
638.957272 11068.599938
639.199232 11069.570297
639.526156 11070.647054
639.813861 11071.625361
640.068877 11072.655751
640.369664 11073.672705
640.605071 11074.743915
640.918952 11075.931147
641.200117 11077.041225
641.461686 11078.247975
641.775529 11079.452342
642.024042 11080.599574
642.298680 11081.829078
642.573292 11083.237915
642.913334 11084.613703
643.161823 11085.960380
643.475703 11087.380180
643.743787 11088.765292
644.031506 11090.210265
644.312684 11091.631972
644.580768 11093.063104
644.855431 11094.412598
645.084285 11095.804258
645.365463 11097.382144
645.653182 11098.950353
645.921279 11100.546509
646.209023 11102.091004
646.450932 11103.642287
646.732110 11105.275802
646.993717 11107.017073
647.301007 11108.681048
647.529873 11110.352950
647.830673 11111.982430
648.039931 11113.681681
648.353799 11115.574462
648.615368 11117.078365
648.804991 11118.759468
649.112331 11120.524813
649.321551 11122.363837
649.641972 11124.338474
649.883882 11126.037795
650.119314 11127.876493
650.393927 11129.711892
650.622793 11131.644846
650.917052 11133.623397
651.152459 11135.503909
651.414029 11137.531405
651.682138 11139.454814
651.910967 11141.349701
652.166008 11143.394576
652.427501 11145.515125
652.695560 11147.526104
652.924389 11149.641350
653.212031 11151.613327
653.401629 11153.609229
653.689272 11156.067322
653.983518 11158.187736
654.186197 11160.190814
654.447678 11162.498039
654.715800 11164.655254
654.938101 11166.952694
655.232347 11169.329552
655.467754 11171.553953
655.722796 11173.919148
655.984314 11176.185412
656.213232 11178.474090
656.474763 11180.875313
656.723251 11183.425433
657.010957 11185.682379
657.194078 11187.994763
657.488299 11190.579688
657.723693 11192.997052
657.978773 11195.205236
658.168384 11197.432869
658.423400 11200.041332
658.684969 11202.672625
658.939960 11205.191693
659.175329 11207.698320
659.423766 11210.363247
659.685424 11212.946399
659.914304 11215.411358
660.149698 11218.176877
660.430864 11222.069835
660.868963 11225.601268
661.078221 11227.944377
661.294044 11230.266460
661.496762 11232.604002
661.712535 11235.030493
661.928359 11237.584749
662.163702 11239.968337
662.346811 11242.444997
662.595299 11245.315742
662.843825 11248.131488
663.079258 11250.852166
663.308125 11253.597536
663.537004 11256.595129
663.765884 11260.031566
663.988235 11264.190608
664.230183 11268.787434
664.439441 11273.672263
664.655226 11279.429996
664.890672 11285.843015
665.113011 11292.328608
665.315741 11299.353179
665.538092 11306.869003
665.740822 11314.136877
665.923931 11322.543191
666.159351 11336.644762
666.571339 11353.759111
666.891798 11369.893822
667.205691 11383.990731
667.414975 11397.450459
667.676556 11412.289250
667.912040 11428.944066
668.206337 11446.828731
668.461378 11466.423548
668.801446 11487.444063
669.108812 11508.166611
669.455369 11527.442823
669.730019 11545.845373
670.063521 11566.321937
670.423173 11586.091892
670.750147 11603.875995
671.057474 11620.493726
671.358274 11638.210733
671.724453 11656.457430
672.064495 11673.802564
672.417644 11689.844099
672.724946 11705.208382
673.071555 11720.982386
673.418150 11733.561354
673.640464 11735.259957
673.817095 11730.325066
673.993676 11727.948310
674.170270 11727.380894
674.353454 11727.395917
674.543091 11727.427752
674.758953 11727.480493
674.987832 11727.556966
675.229767 11727.655732
675.465212 11727.765054
675.667968 11727.891930
675.896847 11728.112645
676.295780 11728.343164
676.485442 11728.548415
676.746985 11728.787614
676.969312 11729.054913
677.237383 11729.338898
677.453093 11729.652187
677.727679 11730.028873
678.002253 11730.418914
678.257168 11730.853350
678.551401 11731.302960
678.793260 11731.782758
679.087468 11732.255064
679.296663 11732.687942
679.525466 11733.208783
679.800065 11733.751814
680.028983 11734.336888
680.316765 11734.968641
680.565253 11735.613148
680.839941 11736.308732
681.108089 11737.133031
681.454685 11738.074561
681.781634 11738.990972
682.082420 11739.957046
682.415910 11741.132507
682.821357 11742.377772
683.167940 11743.540317
683.494902 11744.735524
683.834995 11746.073137
684.214281 11747.392496
684.521659 11748.654377
684.848696 11750.105651
685.227944 11751.572403
685.541812 11752.840075
685.809934 11754.157684
686.130317 11755.721038
686.489943 11757.484953
686.875642 11759.283716
687.228689 11761.053223
687.581851 11762.801725
687.908838 11764.596198
688.261986 11766.596285
688.647787 11768.460537
688.935480 11770.317415
689.301608 11772.132930
689.563114 11773.874092
689.890038 11775.725068
690.177731 11777.573640
690.491598 11779.476198
690.785832 11781.203309
691.034282 11783.004149
691.341622 11784.809759
691.583583 11786.514437
691.851667 11788.400240
692.139385 11790.406149
692.433632 11792.374449
692.701754 11794.374488
692.996013 11796.379368
693.257570 11798.294179
693.519139 11800.185973
693.767602 11802.377741
694.101104 11804.673264
694.369213 11806.698797
694.624229 11808.933259
694.938110 11811.274640
695.212747 11813.490904
695.487397 11815.736060
695.762035 11818.010004
696.036660 11820.257485
696.298254 11822.477001
696.559798 11824.864632
696.854044 11827.193989
697.096005 11829.466362
697.370655 11831.909643
697.645293 11834.530883
697.952658 11837.122421
698.214214 11839.594763
698.488852 11842.032459
698.737353 11844.466588
699.005463 11847.051056
699.280100 11849.536116
699.522035 11852.080546
699.803226 11854.714182
700.058254 11857.475104
700.359054 11860.196880
700.601002 11862.849284
700.882154 11865.593270
701.137132 11868.434536
701.431378 11871.268328
701.679854 11873.958580
701.941410 11876.743380
702.202967 11879.554522
702.464549 11882.534934
702.752229 11885.434416
702.994190 11887.780449
703.177273 11890.623149
703.504184 11893.965712
703.772331 11897.120260
704.059948 11900.076649
704.288853 11902.985935
704.563503 11906.301307
704.857762 11909.297369
705.073510 11912.048753
705.322011 11915.252451
705.609717 11918.600805
705.877826 11921.939679
706.158992 11925.104596
706.394386 11928.297329
706.675551 11931.431360
706.897878 11934.799666
707.211771 11938.107341
707.421003 11941.320358
707.715288 11944.680611
707.944154 11947.941937
708.218766 11951.440612
708.480386 11954.751160
708.722347 11957.694340
708.925077 11960.789774
709.186659 11964.344872
709.454756 11967.703474
709.683584 11970.774258
709.905961 11974.045474
710.160990 11977.473065
710.402963 11981.841143
710.788777 11986.053473
711.004575 11989.100088
711.220348 11992.257709
711.449189 11996.422397
711.802300 12000.281049
711.985421 12002.982829
712.175070 12006.800426
712.508572 12011.798613
712.855219 12017.084505
713.221373 12022.237721
713.522210 12026.288925
713.698778 12029.809431
713.881849 12035.450615
714.195717 12041.672334
714.378838 12047.037198
714.575015 12056.207775
714.954288 12065.973096
715.143899 12077.394525
715.536278 12092.695879
715.863252 12104.319046
716.039795 12115.427276
716.307930 12129.032472
716.556418 12144.299476
716.850715 12159.606921
717.073079 12176.098721
717.373866 12195.610018
717.661661 12214.087488
717.903621 12229.306703
718.080240 12244.916425
718.315698 12263.107062
718.544608 12282.544531
718.793100 12302.220061
719.015452 12321.997690
719.263953 12342.942509
719.518995 12362.038430
719.728237 12381.155943
719.989812 12400.333923
720.205620 12418.851978
720.460660 12439.401104
720.748383 12458.549630
720.990345 12473.867485
721.193072 12489.453742
721.467707 12505.905275
721.722745 12519.545830
721.932019 12532.363171
722.187053 12544.504478
722.396302 12554.319260
722.585944 12555.238335
722.788702 12550.228435
722.984952 12548.655465
723.168129 12548.487974
723.390553 12548.499421
723.567214 12548.515380
723.743898 12548.538465
723.946700 12548.572590
724.182204 12548.616286
724.404659 12548.669770
724.646733 12548.737844
724.908424 12548.837284
725.268289 12548.946098
725.510313 12549.041214
725.732658 12549.136090
725.935395 12549.252454
726.210107 12549.389743
726.458686 12549.524965
726.687661 12549.676314
726.955741 12549.859678
727.249960 12550.045794
727.491857 12550.242350
727.779499 12550.479388
728.093278 12550.713402
728.341676 12550.928731
728.583542 12551.185677
728.897327 12551.437251
729.106509 12551.681678
729.381013 12551.966527
729.649027 12552.259977
729.917042 12552.573021
730.198105 12552.902242
730.472660 12553.194511
730.675276 12553.484802
730.930265 12553.804734
731.165626 12554.157768
731.453380 12554.544417
731.721430 12554.924862
731.982995 12555.327014
732.264131 12555.725521
732.506099 12556.136201
732.787268 12556.578936
733.055335 12557.006597
733.303789 12557.428636
733.552264 12557.901718
733.846498 12558.385961
734.094999 12558.834364
734.336896 12559.324062
734.618048 12559.888341
734.925350 12560.407234
735.147689 12560.932854
735.448450 12561.474915
735.677330 12562.072219
736.017360 12562.759036
736.318146 12563.383042
736.586243 12563.983772
736.854328 12564.573568
737.102829 12565.190341
737.384019 12565.849540
737.658644 12566.553896
737.965984 12567.181244
738.168676 12567.804863
738.462948 12568.504508
738.717951 12569.200232
738.999142 12569.916037
739.260698 12570.608759
739.515714 12571.339828
739.796905 12572.118982
740.078058 12572.892399
740.346116 12573.659646
740.614252 12574.438764
740.882310 12575.229660
741.150382 12576.022489
741.411900 12576.776671
741.647257 12577.562018
741.921869 12578.429764
742.203034 12579.362711
742.510349 12580.234692
742.745756 12581.066345
743.020343 12581.962546
743.288414 12582.848932
743.549958 12583.724625
743.804974 12584.600154
744.060003 12585.486403
744.315006 12586.464874
744.615768 12587.455141
744.870822 12588.435337
745.158527 12589.390670
745.393947 12590.297272
745.648951 12591.250429
745.903967 12592.264350
746.185132 12593.289589
746.440161 12594.288838
746.701679 12595.350713
746.982870 12596.359081
747.211762 12597.379166
747.492889 12598.475522
747.754420 12599.517116
748.002921 12600.624458
748.290690 12601.811720
748.571868 12602.817389
748.768045 12603.791979
749.029602 12604.944050
749.304239 12606.136416
749.578889 12607.312203
749.840421 12608.587973
750.154288 12609.920640
750.435466 12611.029616
750.644724 12612.119812
750.912809 12613.294200
751.154769 12614.510542
751.435922 12615.892254
751.743262 12617.084408
751.939451 12618.116020
752.174896 12619.345008
752.449521 12620.744207
752.750321 12622.043216
752.979213 12623.306427
753.260416 12624.694512
753.535066 12625.979083
753.770461 12627.174865
754.005919 12628.396766
754.247892 12629.866100
754.574866 12631.329630
754.810299 12632.704421
755.098068 12634.124267
755.346569 12635.486350
755.608151 12636.876606
755.863180 12638.117262
756.065910 12639.403438
756.333981 12640.951271
756.628266 12642.584885
756.922537 12644.121964
757.177553 12645.523664
757.419514 12647.048174
757.713760 12648.621147
757.968802 12650.017386
758.197681 12651.366304
758.433063 12652.974542
758.746956 12654.612960
758.988904 12656.050416
759.230851 12657.517157
759.479314 12659.092904
759.753977 12660.799309
760.041683 12662.458010
760.296712 12664.028313
760.551753 12665.568584
760.793713 12666.975498
761.002933 12668.536169
761.290715 12670.271947
761.552297 12671.957646
761.820381 12673.612554
762.068870 12675.385214
762.369682 12677.169105
762.618157 12679.052837
762.945119 12680.970207
763.200173 12682.684707
763.461742 12684.454019
763.729864 12686.256950
763.997987 12688.116192
764.279152 12690.010075
764.553828 12691.962090
764.848087 12693.926923
765.122737 12695.951436
765.430090 12698.012344
765.711318 12699.971969
765.985931 12701.967821
766.273687 12704.229317
766.587555 12706.826783
766.875299 12709.827667
767.169596 12713.359762
767.463830 12717.194205
767.731927 12721.509869
768.026198 12726.690986
768.340053 12732.796531
768.673517 12739.419537
768.980895 12745.712604
769.235899 12752.004398
769.504059 12760.024939
769.857157 12768.433941
770.118752 12777.168850
770.452267 12786.998249
770.753104 12796.761626
771.047325 12807.878705
771.393921 12819.169853
771.668571 12831.217747
772.021682 12843.861426
772.309400 12853.533136
772.512080 12854.591760
772.701881 12850.255988
772.930837 12848.660008
773.133592 12848.516890
773.316777 12848.531124
773.552286 12848.556015
773.787756 12848.589035
774.003542 12848.629404
774.219506 12848.693472
774.546708 12848.785547
774.867383 12848.894086
775.181454 12849.010564
775.456219 12849.163807
775.848801 12849.337272
776.136571 12849.503674
776.430842 12849.702970
776.770936 12849.938518
777.117519 12850.211018
777.496791 12850.511908
777.856405 12850.813313
778.183328 12851.120587
778.510264 12851.485365
778.909082 12851.886312
779.262168 12852.314236
779.660935 12852.786836
780.046659 12853.278840
780.432396 12853.710479
780.693889 12854.112157
781.007541 12854.576401
781.334325 12855.074196
781.667725 12855.607529
782.014296 12856.122730
782.301963 12856.578162
782.556865 12857.030087
782.824772 12857.523887
783.112414 12858.061957
783.413175 12858.615320
783.700868 12859.197632
784.014711 12859.828943
784.335081 12860.443844
784.616246 12861.062047
784.923574 12861.644806
785.158981 12862.308961
785.525122 12863.023543
785.793181 12863.642953
786.061265 12864.236040
786.296660 12864.865286
786.584327 12865.505605
786.819709 12866.167841
787.113943 12866.900692
787.395095 12867.648757
787.689303 12868.358393
787.931188 12869.100098
788.238388 12869.853818
788.480310 12870.520460
788.715578 12871.206867
788.964002 12871.913143
789.205849 12872.659507
789.473869 12873.407149
789.709200 12874.187011
789.990315 12875.100064
790.304106 12875.945269
790.532897 12876.742760
790.807496 12877.646646
791.095189 12878.553598
791.363248 12879.474972
791.650954 12880.432078
791.932081 12881.370004
792.200216 12882.241570
792.435624 12883.171699
792.729845 12884.207406
793.017563 12885.198795
793.279158 12886.192215
793.560298 12887.247523
793.848016 12888.267496
794.103045 12889.225853
794.351508 12890.234060
794.626170 12891.383224
794.940038 12892.546997
795.214727 12893.554976
795.443581 12894.642344
795.750908 12895.767858
795.992830 12896.881118
796.287089 12898.047799
796.548671 12899.187034
796.823309 12900.310437
797.071784 12901.504175
797.372545 12902.782869
797.653723 12903.915697
797.882565 12905.002156
798.137606 12906.218470
798.418797 12907.568287
798.726124 12908.825810
798.961569 12910.005490
799.229666 12911.273793
799.497751 12912.634088
799.798576 12914.040209
800.079804 12915.300927
800.315275 12916.460798
800.550682 12917.794663
800.851533 12919.239391
801.126196 12920.733121
801.440076 12922.224411
801.708173 12923.646687
801.989376 12925.151377
802.283674 12926.600896
802.538702 12928.152889
802.865664 12929.753853
803.133799 12931.246621
803.414951 12932.716402
803.669980 12934.126888
803.925009 12935.585871
804.193119 12937.168210
804.487390 12938.689219
804.729325 12940.262214
805.036678 12941.904336
805.298247 12943.312581
805.520573 12944.770971
805.795249 12946.453522
806.089457 12948.032248
806.324915 12949.466580
806.566812 12951.050536
806.848015 12952.786808
807.135734 12954.375300
807.364626 12955.813802
807.600008 12957.426251
807.881211 12959.194769
808.162402 12960.893925
808.417431 12962.522415
808.672434 12964.183764
808.933990 12965.899825
809.202126 12967.585373
809.450601 12969.305048
809.725277 12970.818791
809.908398 12972.365700
810.189589 12974.162842
810.444643 12975.929000
810.712727 12977.886296
811.020080 12979.812476
811.275121 12981.413530
811.484392 12983.025249
811.739433 12984.829595
812.001040 12986.668954
812.262622 12988.404222
812.491540 12990.127701
812.746607 12992.073337
813.034363 12993.865173
813.243621 12995.717596
813.544433 12997.555700
813.747176 12999.383061
814.041397 13001.292413
814.263749 13002.946466
814.486100 13004.707765
814.734601 13006.478589
814.956978 13008.061068
815.153168 13009.701805
815.388600 13011.450669
815.610965 13013.133479
815.826776 13014.774266
816.036046 13016.499827
816.271479 13018.259404
816.487290 13020.028449
816.722697 13021.768327
816.918912 13023.901799
817.193550 13026.196005
817.370131 13028.756078
817.625147 13032.133864
817.880213 13035.659837
818.102561 13039.283555
818.324889 13043.223182
818.547197 13047.546439
818.776073 13052.335264
819.011494 13057.618526
819.253452 13063.591163
819.514999 13069.777877
819.743870 13076.189192
819.992353 13083.341545
820.247382 13090.791023
820.489337 13098.645970
820.744367 13107.341817
821.012519 13116.106129
821.247904 13124.556043
821.476787 13133.356268
821.712210 13142.763996
821.954177 13152.532216
822.189645 13161.951797
822.398885 13171.862251
822.647397 13182.146405
822.882858 13190.562581
823.065941 13191.632575
823.242631 13188.205913
823.419293 13187.063184
823.628592 13186.890420
823.837827 13186.905190
824.079767 13186.924908
824.256335 13186.949575
824.465595 13186.991918
824.772931 13187.043064
824.988561 13187.106205
825.296004 13187.179848
825.524996 13187.254158
825.767031 13187.331485
825.969782 13187.420940
826.231436 13187.514484
826.421144 13187.623238
826.708997 13187.761094
826.983736 13187.896068
827.219214 13188.019809
827.422009 13188.169982
827.716338 13188.345310
827.971374 13188.523236
828.239485 13188.721034
828.520672 13188.924566
828.775679 13189.153129
829.089567 13189.392501
829.344567 13189.642137
829.651907 13189.902469
829.906923 13190.145981
830.155398 13190.419576
830.449645 13190.713882
830.717729 13190.994702
830.966243 13191.285838
831.234314 13191.594384
831.495858 13191.909469
831.757427 13192.230558
832.012430 13192.566022
832.280515 13192.929222
832.561655 13193.312556
832.842782 13193.665221
833.065083 13194.023614
833.339695 13194.414995
833.594673 13194.796875
833.843148 13195.177944
834.085083 13195.610770
834.385870 13196.080755
834.660507 13196.507533
834.895915 13196.961959
835.190174 13197.449136
835.451756 13197.918441
835.713261 13198.397932
835.974830 13198.931452
836.282120 13199.501614
836.569775 13200.078905
836.870587 13200.675555
837.164820 13201.217154
837.400177 13201.721690
837.648602 13202.326626
837.968934 13203.007155
838.276210 13203.606709
838.511503 13204.136279
838.746834 13204.788253
839.080196 13205.512319
839.367851 13206.196377
839.655481 13206.796307
839.864650 13207.431303
840.171838 13208.148917
840.439871 13208.803835
840.688232 13209.443462
840.936670 13210.109636
841.198125 13210.846761
841.492269 13211.576908
841.740694 13212.328119
842.041443 13213.043583
842.257203 13213.714671
842.518696 13214.516106
842.819457 13215.280752
843.048349 13216.057290
843.349124 13216.911675
843.623748 13217.739028
843.898386 13218.547281
844.153389 13219.345973
844.414996 13220.144164
844.663485 13221.015258
844.964322 13221.928461
845.232457 13222.843620
845.526742 13223.661096
845.729485 13224.434340
845.991028 13225.314609
846.252598 13226.160101
846.488005 13227.163415
846.834588 13228.200033
847.083089 13229.053573
847.318547 13229.916009
847.567009 13230.870147
847.848200 13231.846175
848.103229 13232.857793
848.397501 13233.916730
848.672125 13234.876142
848.907520 13235.846018
849.182157 13236.888290
849.450267 13237.903158
849.705258 13238.928454
849.973355 13240.029091
850.261048 13241.101270
850.509561 13242.198246
850.803770 13243.345711
851.071905 13244.355888
851.294205 13245.403318
851.575422 13246.597645
851.863140 13247.761922
852.124747 13248.895557
852.392832 13250.125050
852.693657 13251.322796
852.942157 13252.503726
853.229876 13253.826567
853.537216 13255.088082
853.792232 13256.257904
854.053814 13257.407458
854.295762 13258.582014
854.563884 13259.781103
854.812385 13261.021458
855.093614 13262.380565
855.387860 13263.736013
855.662548 13265.008933
855.917602 13266.244806
856.172682 13267.571013
856.460489 13269.183985
856.826757 13270.663196
857.055675 13272.009415
857.363015 13273.248102
857.546098 13274.380741
857.807718 13275.688201
858.056219 13277.107627
858.357031 13278.760388
858.690508 13280.392587
858.978201 13281.830593
859.233242 13283.139626
859.468649 13284.599587
859.775977 13286.069106
860.011397 13287.461143
860.286021 13289.043223
860.586859 13290.618898
860.854969 13292.005136
861.083861 13293.438229
861.365026 13295.066273
861.659310 13296.593819
861.901258 13298.057455
862.169355 13299.739530
862.483223 13301.452376
862.757848 13302.928004
862.986714 13304.375132
863.248271 13306.065185
863.555611 13307.667926
863.784478 13309.223512
864.072209 13310.907562
864.340319 13312.402775
864.562645 13313.968296
864.850351 13315.623568
865.098851 13317.392687
865.419260 13319.172223
865.667723 13320.923842
865.975050 13322.706584
866.230040 13324.418306
866.511257 13326.330638
866.825137 13328.276580
867.112843 13330.086565
867.380965 13331.951665
867.681765 13333.806427
867.943347 13335.677081
868.217984 13337.910964
868.499124 13340.794840
868.819532 13343.960753
869.074536 13347.566920
869.388378 13351.760270
869.669556 13356.220835
869.957211 13360.920990
870.218755 13366.834826
870.584909 13373.253950
870.853006 13379.743285
871.173388 13387.307396
871.493797 13395.590250
871.827248 13404.709321
872.167303 13414.621946
872.513835 13424.938683
872.840797 13435.649284
873.174324 13446.228402
873.462081 13458.542676
873.860988 13469.572144
874.063680 13470.755438
874.240337 13466.942243
874.423585 13465.398067
874.619826 13465.112016
874.829223 13465.122215
875.045110 13465.149763
875.437756 13465.189330
875.686435 13465.229968
875.922058 13465.276045
876.144588 13465.325422
876.347445 13465.383405
876.582953 13465.450860
876.805369 13465.537869
877.106244 13465.650385
877.413559 13465.774334
877.707805 13465.917876
878.041206 13466.083387
878.368104 13466.276210
878.740785 13466.485193
879.067645 13466.692150
879.381487 13466.906732
879.688827 13467.160727
880.068062 13467.451490
880.427688 13467.753310
880.787276 13468.079568
881.159957 13468.408149
881.486665 13468.721217
881.793890 13469.091531
882.199173 13469.495820
882.538974 13469.867129
882.852842 13470.270381
883.218996 13470.647084
883.467484 13471.022487
883.807539 13471.434825
884.095270 13471.825552
884.382976 13472.246830
884.696856 13472.660954
884.958388 13473.082875
885.265740 13473.500041
885.507675 13473.871717
885.743070 13474.320911
886.070031 13474.817795
886.351222 13475.266940
886.606251 13475.720995
886.880875 13476.208016
887.162066 13476.711831
887.443244 13477.190165
887.685192 13477.678876
887.966344 13478.227418
888.260654 13478.748496
888.502589 13479.280657
888.796823 13479.828733
889.045311 13480.374427
889.326514 13480.908490
889.555356 13481.452667
889.836534 13482.012344
890.071954 13482.604355
890.372791 13483.264974
890.660497 13483.854439
890.889326 13484.439031
891.163989 13485.055248
891.412451 13485.673645
891.680548 13486.341508
891.961739 13486.986995
892.203674 13487.617917
892.465231 13488.282740
892.726787 13488.974320
893.001399 13489.684416
893.269433 13490.387347
893.530900 13491.127202
893.818619 13491.831971
894.047397 13492.547196
894.335077 13493.261512
894.557327 13493.948575
894.818845 13494.700354
895.080364 13495.452127
895.335316 13496.193993
895.583792 13496.866128
895.786471 13497.675891
896.119922 13498.533808
896.348802 13499.231054
896.571128 13500.059506
896.878417 13501.021938
897.179204 13501.965755
897.466910 13502.825350
897.708845 13503.706613
898.003104 13504.640995
898.271188 13505.542612
898.539310 13506.465619
898.813922 13507.364812
899.062423 13508.308693
899.356682 13509.436605
899.703253 13510.507175
899.958294 13511.497103
900.252553 13512.448788
900.481407 13513.460053
900.801853 13514.492484
901.037248 13515.463013
901.318451 13516.517340
901.593114 13517.595387
901.880858 13518.697153
902.162062 13519.823378
902.456321 13520.947934
902.730958 13522.071158
903.018689 13523.285281
903.332570 13524.457705
903.594101 13525.561326
903.868738 13526.688626
904.136835 13527.784967
904.391851 13528.919136
904.673029 13530.119333
904.954220 13531.259657
905.202696 13532.396152
905.477333 13533.643004
905.771579 13534.871808
906.033174 13536.023889
906.288177 13537.081671
906.503925 13538.282404
906.817805 13539.581545
907.072783 13540.847655
907.367030 13542.154409
907.635127 13543.488240
907.935875 13544.739450
908.164767 13546.064800
908.491678 13547.589239
908.799018 13548.968435
909.060575 13550.327647
909.354795 13551.632309
909.590241 13552.866184
909.851759 13554.272920
910.152533 13555.607184
910.381413 13556.919309
910.669131 13558.256602
910.904538 13559.621316
911.198721 13561.046216
911.453788 13562.465514
911.741506 13563.911916
912.003101 13565.212212
912.231930 13566.626952
912.532716 13567.926576
912.715812 13569.236492
913.016599 13570.821548
913.297803 13572.346626
913.572415 13573.900892
913.860133 13575.466220
914.134796 13576.932238
914.383272 13578.278453
914.612151 13579.726374
914.893304 13581.201416
915.128749 13582.630042
915.390305 13584.180996
915.664943 13585.665275
915.900350 13587.063068
916.142272 13588.468882
916.377705 13589.960937
916.645827 13591.579213
916.920554 13593.168370
917.175621 13594.688177
917.424121 13596.177048
917.666082 13597.714709
917.927664 13599.240748
918.163071 13600.755623
918.418100 13602.851464
918.836552 13604.753248
919.026150 13606.626363
919.418409 13608.688808
919.634226 13611.045050
919.993752 13613.577167
920.183355 13615.819884
920.412194 13618.601557
920.654132 13621.657302
920.882964 13624.752175
921.092193 13627.994952
921.307938 13631.236953
921.490983 13634.517945
921.687087 13638.290515
921.902797 13642.402026
922.111985 13647.455056
922.392982 13652.468286
922.575864 13656.793869
922.771949 13662.851872
923.079120 13668.903038
923.255594 13673.714627
923.445199 13680.928122
923.778605 13688.589262
923.981269 13689.725717
924.164386 13687.372406
924.360328 13686.867303
924.536156 13686.877561
924.804285 13686.897391
925.052789 13686.927203
925.320993 13686.967504
925.582632 13687.011418
925.791909 13687.063352
926.046920 13687.130863
926.315069 13687.210160
926.583142 13687.292548
926.812053 13687.383210
927.073614 13687.490596
927.341727 13687.611116
927.616382 13687.738705
927.871398 13687.871296
928.126434 13688.019079
928.401043 13688.189060
928.695312 13688.363659
928.950319 13688.542866
929.224956 13688.746610
929.519228 13688.961610
929.793878 13689.174978
930.055435 13689.416155
930.369328 13689.662183
930.617816 13689.889655
930.866292 13690.138943
931.140916 13690.397604
931.389417 13690.656170
931.644433 13690.916537
931.879802 13691.204496
932.167534 13691.509011
932.416009 13691.816698
932.690672 13692.133760
932.939173 13692.452727
933.200729 13692.811180
933.495001 13693.166716
933.736962 13693.538201
934.037748 13693.909720
934.266640 13694.273331
934.541278 13694.674993
934.809413 13695.031526
935.012130 13695.381584
935.260631 13695.817715
935.561456 13696.274592
935.823076 13696.682392
936.051968 13697.093748
936.307035 13697.536275
936.562140 13697.970422
936.797560 13698.479941
937.124509 13699.005129
937.366431 13699.518381
937.667167 13700.028213
937.895983 13700.549499
938.196706 13701.119566
938.464740 13701.640568
938.706573 13702.192201
938.994215 13702.767151
939.249117 13703.317421
939.504070 13703.899030
939.778656 13704.520028
940.059707 13705.129272
940.314634 13705.734043
940.582655 13706.418742
940.896396 13707.122677
941.170995 13707.734821
941.399799 13708.348750
941.667883 13709.045826
941.955614 13709.762076
942.230226 13710.464180
942.498323 13711.142216
942.746811 13711.900950
943.067207 13712.714826
943.348436 13713.460566
943.610056 13714.226528
943.897812 13715.021626
944.172539 13715.771336
944.421040 13716.569769
944.721827 13717.339061
944.944178 13718.090030
945.225331 13718.968985
945.526143 13719.920722
945.846577 13720.844710
946.121227 13721.678057
946.376217 13722.564064
946.677017 13723.460338
946.932046 13724.292972
947.187049 13725.189600
947.474780 13726.096237
947.729809 13726.980567
947.997919 13727.885806
948.259488 13728.812702
948.534138 13729.830637
948.841478 13730.848355
949.109575 13731.760508
949.351523 13732.778175
949.671956 13733.829740
949.926947 13734.808962
950.201584 13735.785644
950.450073 13736.810102
950.744344 13737.856888
950.999386 13738.800878
951.234806 13739.805147
951.515984 13740.857004
951.771012 13741.919718
952.052190 13743.097999
952.359518 13744.208107
952.601478 13745.263026
952.876141 13746.394860
953.150766 13747.482666
953.399279 13748.608503
953.686972 13749.757832
953.941988 13750.989042
954.262397 13752.188167
954.497829 13753.400088
954.818225 13754.635879
955.060173 13755.811430
955.347878 13757.025696
955.602894 13758.251235
955.890613 13759.411782
956.112965 13760.658561
956.433360 13762.127844
956.747241 13763.411216
956.982635 13764.613674
957.257260 13765.903012
957.525332 13767.139923
957.773794 13768.466455
958.074594 13769.963393
958.388462 13771.327898
958.630422 13772.574384
958.891966 13773.829611
959.133914 13775.243374
959.454322 13776.733683
959.722419 13778.119646
959.997031 13779.397430
960.219332 13780.736314
960.513591 13782.186663
960.775160 13783.666161
961.075972 13785.086394
961.311367 13786.395142
961.566383 13787.800543
961.834442 13789.340339
962.135241 13790.927225
962.416444 13792.418031
962.677976 13793.846912
962.933004 13795.285592
963.194561 13796.715233
963.443024 13798.154479
963.704580 13799.584195
963.946515 13801.098784
964.234272 13802.717343
964.508909 13804.290184
964.777006 13805.873720
965.051631 13807.467735
965.319728 13809.033554
965.581272 13810.590089
965.842854 13812.176185
966.110938 13813.712771
966.352898 13815.358995
966.653685 13817.195404
966.954472 13819.004388
967.242190 13820.764861
967.523318 13822.414147
967.771806 13823.971309
968.020307 13825.609339
968.288416 13827.584055
968.595744 13829.812354
968.850798 13832.270095
969.118908 13835.306673
969.413128 13838.728788
969.681251 13843.378777
970.080132 13848.263807
970.322042 13853.249977
970.662085 13858.922819
970.936760 13864.845937
971.250615 13871.636347
971.564534 13878.526108
971.845725 13885.978986
972.166146 13894.227910
972.473473 13903.281416
972.813528 13913.869243
973.186260 13925.403650
973.545937 13937.405494
973.905588 13949.193938
974.226022 13960.631540
974.566039 13971.896095
974.899541 13981.843978
975.187247 13992.084143
975.573060 14001.498439
975.828064 14010.120766
976.174634 14019.879968
976.514676 14028.996620
976.822016 14037.934551
977.155518 14046.524638
977.443237 14055.120145
977.783267 14064.697657
978.149471 14073.222255
978.417568 14081.136683
978.744530 14087.874393
978.927626 14093.099896
979.143399 14094.280485
979.320043 14091.973765
979.562168 14091.307457
979.738749 14091.314356
979.941517 14091.332043
980.268657 14091.357847
980.497638 14091.405996
980.955689 14091.469886
981.243432 14091.542165
981.609637 14091.634581
981.956195 14091.740475
982.309280 14091.852212
982.610092 14091.970984
982.930500 14092.116064
983.296667 14092.294319
983.695536 14092.487645
984.055124 14092.693304
984.434358 14092.923464
984.820172 14093.175666
985.212487 14093.482657
985.696421 14093.799939
986.062600 14094.108606
986.467997 14094.411087
986.781839 14094.691680
987.102184 14095.006336
987.461797 14095.347308
987.808316 14095.679585
988.122146 14096.004411
988.429512 14096.355719
988.769567 14096.730414
989.096516 14097.099125
989.403868 14097.447971
989.678480 14097.815926
989.998914 14098.193754
990.273552 14098.587466
990.600500 14099.018218
990.914355 14099.396769
991.149788 14099.790451
991.470171 14100.191998
991.705565 14100.594408
992.012918 14101.070372
992.333326 14101.537190
992.614530 14102.010307
992.928385 14102.471823
993.183426 14102.955232
993.510401 14103.424992
993.739242 14103.865423
994.020445 14104.342155
994.282027 14104.810184
994.543571 14105.335013
994.857477 14105.850412
995.099425 14106.370015
995.406765 14106.929646
995.681440 14107.467461
995.956065 14107.981270
996.198000 14108.523834
996.492284 14109.142544
996.799624 14109.716301
997.041559 14110.229782
997.283520 14110.800279
997.571213 14111.407464
997.839297 14111.980172
998.087785 14112.576142
998.368938 14113.149853
998.591290 14113.724441
998.865902 14114.406545
999.173204 14115.129945
999.474041 14115.800530
999.729019 14116.456760
1000.010159 14117.113058
1000.258622 14117.686999
1000.467842 14118.301316
1000.742416 14119.040671
1001.043139 14119.798151
1001.324228 14120.548709
1001.611883 14121.247028
1001.847214 14121.936578
1002.121826 14122.687623
1002.396387 14123.456927
1002.677540 14124.179937
1002.912922 14124.902305
1003.187508 14125.726623
1003.488295 14126.618145
1003.802176 14127.472259
1004.070285 14128.307853
1004.364519 14129.102859
1004.599901 14129.907343
1004.894185 14130.841071
1005.208028 14131.744501
1005.476150 14132.617462
1005.763869 14133.467962
1006.012369 14134.338322
1006.306603 14135.195456
1006.542036 14136.029589
1006.816648 14136.947151
1007.097800 14137.906980
1007.392034 14138.910093
1007.692872 14139.845084
1007.941360 14140.789956
1008.242147 14141.811830
1008.529865 14142.832791
1008.824111 14143.723676
1009.033382 14144.647056
1009.340697 14145.695841
1009.615372 14146.719405
1009.903091 14147.740118
1010.171200 14148.758294
1010.452404 14149.772993
1010.713960 14150.672524
1010.929733 14151.717470
1011.263223 14152.946730
1011.570563 14153.997133
1011.805957 14155.018974
1012.093688 14156.074218
1012.342176 14157.099508
1012.610286 14158.264454
1012.924167 14159.438787
1013.192264 14160.557042
1013.473467 14161.684154
1013.741551 14162.711518
1013.970418 14163.760726
1014.245081 14164.899814
1014.513178 14166.047894
1014.787841 14167.134599
1015.023261 14168.229729
1015.297911 14169.431735
1015.579076 14170.642949
1015.853726 14171.805773
1016.108755 14173.035623
1016.409542 14174.185975
1016.625328 14175.242351
1016.880369 14176.408887
1017.141938 14177.688204
1017.442750 14178.931216
1017.684736 14180.138390
1017.965889 14181.429571
1018.240526 14182.591606
1018.462840 14183.746344
1018.730924 14184.938805
1018.966306 14186.186599
1019.254050 14187.584037
1019.548271 14188.943848
1019.816419 14190.249555
1020.084503 14191.483187
1020.319910 14192.773664
1020.607616 14194.169632
1020.882279 14195.525929
1021.150338 14196.791869
1021.385745 14198.099385
1021.666936 14199.648910
1021.993884 14201.158041
1022.255441 14202.491778
1022.510457 14203.833600
1022.771988 14205.183401
1023.027017 14206.610622
1023.314735 14208.063601
1023.576304 14209.421159
1023.824831 14210.821855
1024.099430 14212.248039
1024.354471 14213.683101
1024.629109 14215.072477
1024.864503 14216.542463
1025.165316 14218.056255
1025.413766 14219.434144
1025.662279 14220.892858
1025.936904 14222.377747
1026.191920 14223.723276
1026.414284 14225.076148
1026.669300 14226.510132
1026.917763 14228.159128
1027.244725 14229.873661
1027.512822 14231.390007
1027.767812 14232.819112
1028.003245 14234.255872
1028.258274 14235.854326
1028.545979 14237.422155
1028.787914 14238.881786
1029.036390 14240.345939
1029.271757 14242.016626
1029.546438 14244.048788
1029.814549 14246.471371
1030.102264 14249.003515
1030.331137 14251.544835
1030.566567 14254.617154
1030.841179 14258.138057
1031.102735 14261.981201
1031.377400 14265.752209
1031.593191 14269.990998
1031.887450 14274.348778
1032.090203 14278.702265
1032.351800 14283.941032
1032.619905 14289.194103
1032.855296 14294.818239
1033.129967 14301.181512
1033.404622 14308.294585
1033.712054 14315.318348
1033.954017 14322.617665
1034.254784 14330.681795
1034.529456 14338.426733
1034.784487 14347.841236
1035.144197 14356.521271
1035.333837 14363.403565
1035.562731 14370.736004
1035.778477 14377.211142
1035.974650 14394.007590
1037.065999 14411.185589
1037.373508 14418.242493
1037.726656 14425.896185
1038.112505 14434.251303
1038.563839 14440.782379
1038.786147 14445.192176
1039.034600 14449.679104
1039.276526 14453.881561
1039.505392 14458.143680
1039.766960 14461.867976
1039.943514 14464.796932
1040.120043 14465.472406
1040.296601 14464.632082
1040.505778 14464.568896
1040.708466 14464.576296
1040.911218 14464.588549
1041.153156 14464.606384
1041.395094 14464.631391
1041.676322 14464.661695
1041.918264 14464.694505
1042.153680 14464.732148
1042.395647 14464.775791
1042.644168 14464.825831
1042.899192 14464.885855
1043.186915 14464.950807
1043.435428 14465.020326
1043.710050 14465.091266
1043.932409 14465.172230
1044.233149 14465.261500
1044.475118 14465.353917
1044.756277 14465.455517
1045.017859 14465.560758
1045.285957 14465.676127
1045.567129 14465.799184
1045.841779 14465.927182
1046.116423 14466.061480
1046.391029 14466.200345
1046.659145 14466.345461
1046.933808 14466.490985
1047.182302 14466.650391
1047.483102 14466.809392
1047.711971 14466.966608
1047.986631 14467.141713
1048.254727 14467.309530
1048.490141 14467.487643
1048.771319 14467.685215
1049.045970 14467.891814
1049.333714 14468.104865
1049.608336 14468.316786
1049.876441 14468.521460
1050.118389 14468.737394
1050.399573 14468.967140
1050.661133 14469.212039
1050.961939 14469.469094
1051.236589 14469.718008
1051.504712 14469.970018
1051.772834 14470.228050
1052.040969 14470.495379
1052.315607 14470.789050
1052.622998 14471.092905
1052.904252 14471.354920
1053.120050 14471.601268
1053.362074 14471.888277
1053.643328 14472.206683
1053.931098 14472.547044
1054.238488 14472.890685
1054.519743 14473.218017
1054.787865 14473.572081
1055.101822 14473.932690
1055.369970 14474.279882
1055.651224 14474.663279
1055.965193 14475.066801
1056.266069 14475.424936
1056.501489 14475.830569
1056.861178 14476.269738
1057.135866 14476.685505
1057.449772 14477.103262
1057.717920 14477.523776
1058.025247 14477.970468
1058.319532 14478.399823
1058.594182 14478.820909
1058.868845 14479.232843
1059.123899 14479.687534
1059.444333 14480.132416
1059.679753 14480.573967
1059.987118 14481.081004
1060.294458 14481.601500
1060.608351 14482.096143
1060.876474 14482.223404
1061.118853 14482.120538
1061.315030 14482.125592
1061.583140 14482.143368
1061.896995 14482.171797
1062.178186 14482.208070
1062.446308 14482.247570
1062.662106 14482.303546
1063.002162 14482.376681
1063.289880 14482.453039
1063.564518 14482.530669
1063.799950 14482.620735
1064.094196 14482.717312
1064.323101 14482.830761
1064.650063 14482.952182
1064.878917 14483.081662
1065.192823 14483.236722
1065.487069 14483.384688
1065.735595 14483.530625
1065.990573 14483.694935
1066.271751 14483.887915
1066.585632 14484.077294
1066.827579 14484.270223
1067.121851 14484.484137
1067.396501 14484.695095
1067.658045 14484.923682
1067.952291 14485.170135
1068.233457 14485.427223
1068.527728 14485.653684
1068.723905 14485.879477
1068.998530 14486.151017
1069.273180 14486.428584
1069.541303 14486.697686
1069.783238 14486.986349
1070.070931 14487.301963
1070.345594 14487.604366
1070.594069 14487.911777
1070.862179 14488.235454
1071.123748 14488.589153
1071.424560 14488.969439
1071.712279 14489.325146
1071.960754 14489.649556
1072.189634 14490.004656
1072.470799 14490.419508
1072.771611 14490.820212
1073.020125 14491.191303
1073.268600 14491.580324
1073.530195 14492.008505
1073.817901 14492.445670
1074.079457 14492.898208
1074.373729 14493.332170
1074.602583 14493.747543
1074.864139 14494.198685
1075.125721 14494.670116
1075.400346 14495.126510
1075.635779 14495.597775
1075.916957 14496.101356
1076.178539 14496.589402
1076.433605 14497.111479
1076.721311 14497.655185
1076.989383 14498.202320
1077.270573 14498.772149
1077.551701 14499.338119
1077.819747 14499.948612
1078.133538 14500.632785
1078.460411 14501.293367
1078.741487 14501.870904
1078.983346 14502.465111
1079.270963 14503.127822
1079.565146 14503.793316
1079.846197 14504.438212
1080.114205 14505.132435
1080.428009 14505.828394
1080.689464 14506.429862
1080.918267 14507.014783
1081.160177 14507.681449
1081.447857 14508.356119
1081.689742 14509.031873
1081.970945 14509.750261
1082.239029 14510.478306
1082.520207 14511.251127
1082.814416 14512.007075
1083.075985 14512.764240
1083.363716 14513.502654
1083.605613 14514.269361
1083.906450 14515.053813
1084.154926 14515.838983
1084.449172 14516.681044
1084.730363 14517.514115
1085.011528 14518.327321
1085.273072 14519.120031
1085.534616 14519.951697
1085.815768 14520.782028
1086.070772 14521.684112
1086.391244 14522.658283
1086.685477 14523.581043
1086.966655 14524.439440
1087.215131 14525.285517
1087.483215 14526.150611
1087.738256 14527.046534
1088.019396 14528.040226
1088.326736 14529.021831
1088.594846 14529.946152
1088.862930 14530.810616
1089.091822 14531.752976
1089.399124 14532.726348
1089.641047 14533.710356
1089.948374 14534.726564
1090.203377 14535.609123
1090.432244 14536.548050
1090.713447 14537.604505
1091.001153 14538.633901
1091.262748 14539.698120
1091.563496 14540.821944
1091.851228 14541.893330
1092.119325 14542.949078
1092.393975 14544.026926
1092.668625 14545.127198
1092.949765 14546.276610
1093.244049 14547.383026
1093.499040 14548.499506
1093.793286 14549.651908
1094.061409 14550.719286
1094.309871 14551.918901
1094.636795 14553.252300
1094.944122 14554.500699
1095.225275 14555.675763
1095.493359 14556.931655
1095.807214 14558.340858
1096.140678 14559.777367
1096.461099 14561.095992
1096.735736 14562.485561
1097.082307 14564.006959
1097.396187 14565.701737
1097.729689 14567.880685
1098.069732 14570.502032
1098.390140 14573.520435
1098.710536 14577.365439
1099.089783 14581.531557
1099.384055 14585.917144
1099.717582 14591.046584
1100.051059 14596.735223
1100.391089 14603.123747
1100.744187 14610.041222
1101.084204 14612.291917
1101.273853 14610.757327
1101.463502 14610.502186
1101.738178 14610.509796
1102.104369 14610.525744
1102.503378 14610.544789
1102.758584 14610.562075
1102.967931 14610.596915
1103.491019 14610.648675
1103.896377 14610.698788
1104.236344 14610.749569
1104.556765 14610.809443
1104.929472 14610.882094
1105.315272 14610.963791
1105.701098 14611.050115
1106.060737 14611.138776
1106.407294 14611.232312
1106.753877 14611.331242
1107.093907 14611.438632
1107.453559 14611.544511
1107.747779 14611.646084
1108.048541 14611.760879
1108.388533 14611.882080
1108.695809 14611.997133
1108.976987 14612.114248
1109.271246 14612.245704
1109.598182 14612.380537
1109.885901 14612.514556
1110.186713 14612.662641
1110.513649 14612.809163
1110.788299 14612.943964
1111.049868 14613.086161
1111.337587 14613.233971
1111.605697 14613.380525
1111.873781 14613.540330
1112.174606 14613.698403
1112.423081 14613.856908
1112.710812 14614.020996
1112.965867 14614.174743
1113.207802 14614.348784
1113.515167 14614.537193
1113.789817 14614.712616
1114.044820 14614.907751
1114.365229 14615.109127
1114.626836 14615.308402
1114.927724 14615.526069
1115.228537 14615.741105
1115.509689 14615.953257
1115.790905 14616.161947
1116.052487 14616.374685
1116.333665 14616.601832
1116.621396 14616.819717
1116.869910 14617.044454
1117.164156 14617.272760
1117.412619 14617.496788
1117.687282 14617.761951
1118.020797 14618.025647
1118.282353 14618.255615
1118.530841 14618.495221
1118.805492 14618.750627
1119.080129 14619.010044
1119.354767 14619.263934
1119.609795 14619.521708
1119.884458 14619.796175
1120.165636 14620.074706
1120.440299 14620.367526
1120.741099 14620.688544
1121.061507 14620.979737
1121.296914 14621.243953
1121.558483 14621.532686
1121.833159 14621.843230
1122.127418 14622.176278
1122.434783 14622.499171
1122.702918 14622.789091
1122.944866 14623.094089
1123.232635 14623.410210
1123.487664 14623.742190
1123.795017 14624.074050
1124.043530 14624.402454
1124.337815 14624.746582
1124.605925 14625.078706
1124.874034 14625.414658
1125.142144 14625.754429
1125.410241 14626.110737
1125.697959 14626.462446
1125.952988 14626.818321
1126.240719 14627.204164
1126.534966 14627.567855
1126.783441 14627.917915
1127.051576 14628.280434
1127.313133 14628.651295
1127.587796 14629.039741
1127.868974 14629.422920
1128.130556 14629.796035
1128.392125 14630.172774
1128.653681 14630.577176
1128.947953 14630.995156
1129.222590 14631.402869
1129.497228 14631.775040
1129.719554 14632.175805
1130.026894 14632.630097
1130.314625 14633.028167
1130.543492 14633.425060
1130.824683 14633.850923
1131.086227 14634.249519
1131.328200 14634.641109
1131.576688 14635.057064
1131.844785 14635.492505
1132.112895 14635.953401
1132.407154 14636.412855
1132.668723 14636.832651
1132.910658 14637.244902
1133.159184 14637.727371
1133.479592 14638.383240
1133.924270 14638.994118
1134.185814 14639.457290
1134.453924 14639.895141
1134.682803 14640.319000
1134.931304 14640.792901
1135.212495 14641.300048
1135.493723 14641.811370
1135.774876 14642.296682
1136.023390 14642.798171
1136.317661 14643.358449
1136.624989 14643.873930
1136.866949 14644.312914
1137.089275 14644.817575
1137.396603 14645.369628
1137.664725 14645.919998
1137.965499 14646.423051
1138.181272 14646.943225
1138.495178 14647.433935
1138.678261 14647.889458
1138.952899 14648.393306
1139.181765 14648.940674
1139.495646 14649.484666
1139.717972 14649.932176
1139.933707 14650.483730
1140.254090 14651.058886
1140.489522 14651.563190
1140.737896 14652.077320
1140.979768 14652.622548
1141.254367 14653.192095
1141.515873 14653.737399
1141.764310 14654.286225
1142.025791 14654.881192
1142.313458 14655.530281
1142.620735 14656.147808
1142.875751 14656.711701
1143.130716 14657.381673
1143.477312 14658.070534
1143.745396 14658.712945
1144.046170 14659.277194
1144.242322 14659.845420
1144.543096 14660.423857
1144.745839 14660.960717
1145.007395 14661.553533
1145.255883 14662.080736
1145.458588 14662.626374
1145.720157 14663.174548
1145.922887 14663.733718
1146.190959 14664.342501
1146.432919 14664.915447
1146.668288 14665.523230
1146.936423 14666.078383
1147.126047 14666.596693
1147.361454 14667.165429
1147.590308 14667.753217
1147.838758 14668.376481
1148.093787 14669.003074
1148.342237 14669.649528
1148.610334 14670.299450
1148.858825 14670.961353
1149.133442 14671.584862
1149.349195 14672.304527
1149.695779 14673.095168
1149.963898 14673.959808
1150.362868 14674.958156
1150.729160 14675.869326
1151.056171 14676.691311
1151.350447 14677.343586
1151.546603 14678.043671
1151.873574 14678.826023
1152.128592 14679.453472
1152.337866 14680.119789
1152.619055 14680.878502
1152.893704 14681.596301
1153.142217 14682.236388
1153.358017 14682.870504
1153.600031 14683.470743
1153.789691 14684.055336
1154.018566 14684.789456
1154.312867 14685.517481
1154.535186 14686.258811
1154.835989 14687.394953
1155.273958 14688.571611
1155.515917 14690.247343
1156.038798 14692.161055
1156.300391 14693.660116
1156.568523 14695.186778
1156.797361 14696.589658
1156.993499 14698.162096
1157.241973 14700.028629
1157.490435 14702.128428
1157.765058 14704.594117
1158.065814 14707.247700
1158.347028 14709.706616
1158.575854 14712.097557
1158.817759 14714.522698
1159.033544 14716.831877
1159.236234 14719.269214
1159.458588 14722.933126
1159.844376 14726.431999
1160.020958 14728.989801
1160.236763 14732.295970
1160.511395 14735.754093
1160.733795 14738.860912
1160.943114 14741.863514
1161.139386 14742.590096
1161.335862 14741.845090
1161.571431 14741.852177
1161.865882 14741.864717
1162.107838 14741.881761
1162.356344 14741.904503
1162.611381 14741.935113
1162.899100 14741.969485
1163.127968 14742.010083
1163.415681 14742.059552
1163.683789 14742.112790
1163.945359 14742.176015
1164.246146 14742.246291
1164.514281 14742.313196
1164.743130 14742.386701
1165.017766 14742.467215
1165.259726 14742.549028
1165.508204 14742.640726
1165.776334 14742.740405
1166.037881 14742.851550
1166.332149 14742.973164
1166.613327 14743.085023
1166.835650 14743.204423
1167.123411 14743.341925
1167.398046 14743.475695
1167.646513 14743.610043
1167.901555 14743.753408
1168.163128 14743.914054
1168.457395 14744.084879
1168.732069 14744.243685
1168.967459 14744.395305
1169.202888 14744.585310
1169.536419 14744.787913
1169.791460 14744.976994
1170.066104 14745.174208
1170.327672 14745.367402
1170.576186 14745.581939
1170.877016 14745.821119
1171.171299 14746.042732
1171.413249 14746.273820
1171.714085 14746.522148
1171.982246 14746.786684
1172.302667 14747.045467
1172.544653 14747.277021
1172.793192 14747.536108
1173.080897 14747.817310
1173.362139 14748.091854
1173.623734 14748.365852
1173.891843 14748.649178
1174.159966 14748.938541
1174.428101 14749.244966
1174.715845 14749.546379
1174.964358 14749.873400
1175.284767 14750.206345
1175.533280 14750.507092
1175.788296 14750.857645
1176.108717 14751.222617
1176.376814 14751.549153
1176.625328 14751.877223
1176.886897 14752.223622
1177.154994 14752.602387
1177.455806 14752.969552
1177.697767 14753.329813
1177.978945 14753.700020
1178.227445 14754.085914
1178.521704 14754.491845
1178.789827 14754.846314
1179.005625 14755.225927
1179.299872 14755.690333
1179.620318 14756.121534
1179.862253 14756.549920
1180.169606 14756.983885
1180.411553 14757.414264
1180.705812 14757.817753
1180.908492 14758.221921
1181.196223 14758.657853
1181.431617 14759.066518
1181.680106 14759.536636
1181.980956 14760.069991
1182.294874 14760.628582
1182.615295 14761.142163
1182.870311 14761.603519
1183.125327 14762.112807
1183.426178 14762.763372
1183.824932 14763.428980
1184.132285 14763.960490
1184.380786 14764.460704
1184.648896 14764.979232
1184.910465 14765.497136
1185.172009 14766.060531
1185.472834 14766.656934
1185.760565 14767.233581
1186.035202 14767.789558
1186.296759 14768.330922
1186.551775 14768.891931
1186.826400 14769.444490
1187.068360 14769.988740
1187.329929 14770.624639
1187.650337 14771.281515
1187.924988 14771.894714
1188.199625 14772.506753
1188.467709 14773.094979
1188.716210 14773.673843
1188.971226 14774.303919
1189.258970 14774.947533
1189.520527 14775.566498
1189.782096 14776.183300
1190.037099 14776.805778
1190.298681 14777.465909
1190.579872 14778.083402
1190.802198 14778.714931
1191.089878 14779.310132
1191.279540 14779.936059
1191.586893 14780.666300
1191.855003 14781.302528
1192.083869 14782.012497
1192.404290 14782.770681
1192.665834 14783.458572
1192.927403 14784.160974
1193.195513 14784.913308
1193.489797 14785.663044
1193.751354 14786.392653
1194.025979 14787.191515
1194.333331 14787.978848
1194.594901 14788.736649
1194.876079 14789.481827
1195.124554 14790.242580
1195.412260 14791.027799
1195.673842 14791.819676
1195.961573 14792.636691
1196.236211 14793.441192
1196.510873 14794.203445
1196.752847 14795.020627
1197.060199 14795.912444
1197.347905 14796.742192
1197.609474 14797.618753
1197.923367 14798.542126
1198.211124 14799.371458
1198.459625 14800.114903
1198.688504 14800.987278
1199.015491 14801.896183
1199.263979 14802.666108
1199.499361 14803.514946
1199.793658 14804.454055
1200.081390 14805.346796
1200.342984 14806.300099
1200.663418 14807.172863
1200.872650 14808.052675
1201.193046 14809.047211
1201.467709 14809.861370
1201.676967 14810.725650
1201.977766 14811.639236
1202.213173 14812.525754
1202.494390 14813.428750
1202.736350 14814.337821
1203.017515 14815.298226
1203.285638 14816.357909
1203.619152 14817.412586
1203.880683 14818.322777
1204.129172 14819.274053
1204.410350 14820.302201
1204.698081 14821.301110
1204.959625 14822.306524
1205.247292 14823.354302
1205.528445 14824.360061
1205.789913 14825.310744
1206.038299 14826.267037
1206.299779 14827.278271
1206.574328 14828.370241
1206.875013 14829.418563
1207.123400 14830.322287
1207.345650 14831.307093
1207.633279 14832.309435
1207.862083 14833.253953
1208.117086 14834.370957
1208.430928 14835.455100
1208.666323 14836.533318
1208.973587 14837.629998
1209.215509 14838.667797
1209.490134 14839.817008
1209.784329 14840.865858
1210.006617 14842.149886
1210.412090 14843.507408
1210.667081 14844.603556
1210.941718 14845.773807
1211.229424 14846.991774
1211.523658 14848.078370
1211.745959 14849.268831
1212.086014 14850.450602
1212.301799 14851.654204
1212.648319 14853.075131
1212.962212 14854.235210
1213.184526 14855.531063
1213.557220 14856.875628
1213.799155 14858.128514
1214.126129 14859.532681
1214.433444 14860.857580
1214.721149 14862.131296
1215.002327 14863.489791
1215.322761 14865.010421
1215.636629 14866.497512
1215.872036 14868.177283
1216.166295 14870.467399
1216.506338 14873.042114
1216.800546 14875.879732
1217.127482 14878.924593
1217.408622 14882.194939
1217.722490 14885.762641
1218.010221 14889.708377
1218.337157 14893.780339
1218.605241 14898.302432
1218.951799 14903.292058
1219.246058 14907.934500
1219.514155 14913.732282
1219.906458 14920.758471
1220.272662 14927.155042
1220.560368 14932.373224
1220.782694 14933.482679
1220.959250 14931.992492
1221.135792 14931.718385
1221.443120 14931.724464
1221.717783 14931.735989
1222.051297 14931.755923
1222.437149 14931.785935
1222.849365 14931.817073
1223.111163 14931.848814
1223.418744 14931.887276
1223.719607 14931.925541
1223.961504 14931.968689
1224.268768 14932.022678
1224.589075 14932.083811
1224.916062 14932.155592
1225.282266 14932.233381
1225.609202 14932.306843
1225.890317 14932.382879
1226.197581 14932.468996
1226.517951 14932.556234
1226.799154 14932.644376
1227.093401 14932.747865
1227.439958 14932.856362
1227.734230 14932.967094
1228.061204 14933.095432
1228.420830 14933.215071
1228.675871 14933.330889
1228.989752 14933.450549
1229.244755 14933.570513
1229.539014 14933.698767
1229.813664 14933.817334
1230.049059 14933.938006
1230.317169 14934.071753
1230.591793 14934.212773
1230.872984 14934.349085
1231.114919 14934.485713
1231.383054 14934.631134
1231.644611 14934.784092
1231.925789 14934.942760
1232.193911 14935.099570
1232.455455 14935.258124
1232.717049 14935.422387
1232.985146 14935.596674
1233.266312 14935.770543
1233.521366 14935.932937
1233.756773 14936.128010
1234.096803 14936.331291
1234.345278 14936.502142
1234.580724 14936.685764
1234.855348 14936.899459
1235.162688 14937.097447
1235.385027 14937.287058
1235.659690 14937.508006
1235.953949 14937.719920
1236.195884 14937.925314
1236.464019 14938.153045
1236.751725 14938.393054
1237.039469 14938.606430
1237.255255 14938.840856
1237.582229 14939.107548
1237.863432 14939.343884
1238.111959 14939.593216
1238.412784 14939.858429
1238.687497 14940.125126
1238.981794 14940.389624
1239.243376 14940.652029
1239.524567 14940.924701
1239.799204 14941.185012
1240.047705 14941.455839
1240.335437 14941.750561
1240.623142 14942.049676
1240.910874 14942.353190
1241.198592 14942.661105
1241.486336 14942.948265
1241.728309 14943.221248
1241.983300 14943.523173
1242.271018 14943.854937
1242.571843 14944.176059
1242.833412 14944.478654
1243.094956 14944.777135
1243.343444 14945.114456
1243.663853 14945.451566
1243.905813 14945.749249
1244.154276 14946.054129
1244.402764 14946.386906
1244.690482 14946.768924
1245.010916 14947.130338
1245.259392 14947.475287
1245.547097 14947.823787
1245.795598 14948.180738
1246.089857 14948.558834
1246.364508 14948.914709
1246.619524 14949.256519
1246.868037 14949.637976
1247.175352 14950.041402
1247.449989 14950.417153
1247.711546 14950.829565
1248.031941 14951.227091
1248.267323 14951.562506
1248.496152 14951.920066
1248.757708 14952.314600
1249.032333 14952.673655
1249.241566 14953.056007
1249.542340 14953.481080
1249.803871 14953.885457
1250.071980 14954.303692
1250.346605 14954.746333
1250.640877 14955.187964
1250.908999 14955.586888
1251.144381 14955.994677
1251.419057 14956.442901
1251.700247 14956.905875
1251.987953 14957.318942
1252.203739 14957.763186
1252.524173 14958.249046
1252.785742 14958.684260
1253.040783 14959.123049
1253.302340 14959.548394
1253.537747 14960.022706
1253.851615 14960.517685
1254.106669 14960.982668
1254.381306 14961.468713
1254.655957 14961.929350
1254.897879 14962.417472
1255.198704 14962.915084
1255.447205 14963.392968
1255.721842 14963.868191
1255.963752 14964.359413
1256.251483 14964.866404
1256.506537 14965.340322
1256.755025 14965.842584
1257.036191 14966.398704
1257.337003 14966.933816
1257.592044 14967.447748
1257.866656 14967.978128
1258.134766 14968.525451
1258.422472 14969.089838
1258.703701 14969.619064
1258.952163 14970.152191
1259.233341 14970.762278
1259.553750 14971.349965
1259.808804 14971.915414
1260.103050 14972.491380
1260.364619 14973.051086
1260.639269 14973.600664
1260.887745 14974.098391
1261.110084 14974.662266
1261.417437 14975.278610
1261.685546 14975.849916
1261.947115 14976.375003
1262.169454 14976.939399
1262.463739 14977.579158
1262.751457 14978.165156
1262.993405 14978.777183
1263.300732 14979.429667
1263.575408 14980.042328
1263.843518 14980.658857
1264.118117 14981.279248
1264.386227 14981.911225
1264.667419 14982.577574
1264.961673 14983.255859
1265.249378 14983.907819
1265.517488 14984.525220
1265.772519 14985.161973
1266.053716 14985.802351
1266.308744 14986.415100
1266.563767 14987.031301
1266.818795 14987.714875
1267.126113 14988.386173
1267.368062 14989.029623
1267.649253 14989.717096
1267.923897 14990.318707
1268.133120 14990.890959
1268.381597 14991.515340
1268.630101 14992.242729
1268.957070 14992.973891
1269.205557 14993.642740
1269.480197 14994.323495
1269.735228 14995.025121
1270.022957 14995.713314
1270.264894 14996.371195
1270.526470 14997.049578
1270.781492 14997.705539
1271.023464 14998.356103
1271.271915 14999.018548
1271.520406 14999.719537
1271.795048 15000.406290
1272.030471 15001.114534
1272.318177 15001.924471
1272.625547 15002.729965
1272.906725 15003.467792
1273.161730 15004.191465
1273.429852 15004.927835
1273.691411 15005.658752
1273.952966 15006.402545
1274.221077 15007.091715
1274.430349 15007.895367
1274.718093 15008.919024
1274.986238 15009.991386
1275.228231 15011.096429
1275.457140 15012.276848
1275.686053 15013.599970
1275.928003 15014.965067
1276.137241 15016.392018
1276.366095 15018.225379
1276.660326 15020.254759
1276.908750 15022.051858
1277.111385 15024.281893
1277.431740 15027.020947
1277.719360 15029.718374
1277.993948 15032.157655
1278.203119 15034.691283
1278.471153 15037.701227
1278.745715 15040.933968
1279.026846 15044.151024
1279.275289 15047.385186
1279.536822 15050.743864
1279.785242 15053.956133
1280.007534 15057.379565
1280.269106 15061.254676
1280.537177 15065.214352
1280.792140 15068.778161
1280.994807 15072.579554
1281.275977 15076.517829
1281.504792 15077.252234
1281.772889 15076.254328
1282.132616 15076.266311
1282.420368 15076.283470
1282.681974 15076.317326
1283.146272 15076.359906
1283.420914 15076.401528
1283.715175 15076.448925
1283.983294 15076.496135
1284.212146 15076.544277
1284.441019 15076.600787
1284.702596 15076.677117
1285.042634 15076.769782
1285.369587 15076.854540
1285.604997 15076.938837
1285.886187 15077.024524
1286.101976 15077.103332
1286.317782 15077.196488
1286.585875 15077.302242
1286.840916 15077.410823
1287.095959 15077.527791
1287.364061 15077.655031
1287.638705 15077.786557
1287.900279 15077.924118
1288.174923 15078.067426
1288.436505 15078.220555
1288.724218 15078.377604
1288.979260 15078.536982
1289.253932 15078.710323
1289.535090 15078.894291
1289.822824 15079.078036
1290.084409 15079.256590
1290.339451 15079.450289
1290.627184 15079.657086
1290.901830 15079.850119
1291.137268 15080.056754
1291.431545 15080.279243
1291.693118 15080.483562
1291.928527 15080.701690
1292.209719 15080.962559
1292.530133 15081.218408
1292.785170 15081.475685
1293.092528 15081.748233
1293.367148 15082.005588
1293.628718 15082.259135
1293.883729 15082.538356
1294.184562 15082.819962
1294.433042 15083.101343
1294.720824 15083.370379
1294.936648 15083.638065
1295.211324 15083.939658
1295.479421 15084.270074
1295.793339 15084.595294
1296.041802 15084.904120
1296.316465 15085.230288
1296.584575 15085.550325
1296.839591 15085.847156
1297.061930 15086.140596
1297.303890 15086.506567
1297.630864 15086.899941
1297.905527 15087.279130
1298.199735 15087.669257
1298.480977 15088.061748
1298.768670 15088.428155
1299.004077 15088.791302
1299.278727 15089.192928
1299.559918 15089.581326
1299.808406 15089.965944
1300.076516 15090.370846
1300.344626 15090.791796
1300.625804 15091.208457
1300.880820 15091.610400
1301.135848 15092.017693
1301.390890 15092.441016
1301.658974 15092.902423
1301.953258 15093.364494
1302.214802 15093.816491
1302.489452 15094.246001
1302.718319 15094.675457
1302.986429 15095.138493
1303.247998 15095.554675
1303.457243 15096.041070
1303.790758 15096.538097
1304.006531 15097.012245
1304.307343 15097.540069
1304.575453 15098.050007
1304.850090 15098.547058
1305.098591 15099.037282
1305.360148 15099.532673
1305.608623 15100.085528
1305.922516 15100.650694
1306.177545 15101.216492
1306.484872 15101.788179
1306.739914 15102.332949
1307.014551 15102.855789
1307.243418 15103.398177
1307.531149 15104.022474
1307.831949 15104.611191
1308.080450 15105.149420
1308.328925 15105.699926
1308.583967 15106.299285
1308.871672 15106.941126
1309.159391 15107.537661
1309.401326 15108.117932
1309.669448 15108.726003
1309.931017 15109.309257
1310.172940 15109.928778
1310.460671 15110.266755
