0.000000 0.000000
0.000000 -0.000000
0.176555 13.306101
-0.000013 -0.001292
0.176568 13.307058
0.353098 26.611244
0.536194 40.410270
0.712711 53.713499
0.529666 39.918302
0.353174 26.616987
0.150482 11.341101
-0.026149 -2.893928
-0.209245 -21.524194
-0.398793 -40.810920
-0.209055 -21.504811
-0.019545 -2.221962
0.183159 13.054882
0.372745 27.343004
0.555854 41.142986
0.732345 54.444302
0.908926 67.042420
1.105065 70.162997
0.928535 56.894159
0.712813 40.679448
0.523202 26.427379
0.314020 10.704284
0.111303 -2.904684
-0.078359 -12.039813
-0.261404 -28.393910
-0.437985 -45.562144
-0.627571 -63.994781
-0.817156 -71.083067
-0.614363 -50.501737
-0.431356 -31.928530
-0.254838 -14.013956
-0.071819 -0.257326
0.124333 7.766144
0.346621 15.940718
0.542798 29.965284
0.719315 42.584396
0.895858 55.205325
1.078890 68.290198
1.275080 72.867894
1.484325 76.196968
1.660855 79.005547
1.843976 81.918993
2.027060 84.831832
2.210181 87.745278
2.399817 90.762378
2.628671 94.403428
2.805265 96.090546
2.609075 81.507162
2.426017 67.899906
2.249462 54.775993
2.066417 41.169681
1.870240 26.587241
1.693748 13.468049
1.477963 -0.303606
1.294917 -1.909751
1.059624 -3.974349
0.817728 -6.096894
0.562686 -8.334777
0.327241 -10.400712
0.072174 -12.638817
-0.124066 -15.022648
-0.307124 -29.827993
-0.490258 -44.639501
-0.679844 -59.972802
-0.882536 -72.770415
-1.091806 -78.171729
-1.340231 -84.583618
-1.542898 -89.814481
-1.739049 -94.877188
-1.915541 -99.432478
-2.144395 -105.339243
-2.320912 -108.540164
-2.517013 -110.209098
-2.327389 -91.221212
-2.144217 -72.879354
-1.961134 -54.546398
-1.784553 -36.864557
-1.542644 -12.641045
-1.339964 0.503221
-1.065441 2.310498
-0.843115 3.774144
-0.575094 5.538613
-0.261290 7.604490
0.065596 9.756483
0.340157 11.564011
0.569011 13.070632
0.745477 14.232369
0.941654 15.523866
1.144321 16.858086
1.373188 18.364791
1.582433 23.264370
1.811261 36.885284
1.987817 47.394661
2.170925 58.294114
2.367064 69.969183
2.556688 81.256444
2.746324 92.544461
2.929382 97.269931
2.726703 82.211936
2.550122 69.092920
2.373592 55.977679
2.190521 42.376513
2.007489 28.778177
1.772133 11.292447
1.530248 -0.664388
1.288326 -2.452489
1.053071 -4.191309
0.765353 -6.317900
0.490766 -8.347431
0.274980 -9.942350
0.013449 -11.875384
-0.208902 -13.518834
-0.391973 -14.871948
-0.601193 -16.418337
-0.784301 -17.771733
-0.980440 -19.221438
-1.163498 -20.574459
-1.359662 -22.024352
-1.542771 -35.060475
-1.725828 -49.177076
-1.915477 -63.801968
-2.091995 -77.414194
-2.268576 -91.031317
-2.445131 -104.646481
-2.261997 -86.308458
-2.065757 -66.658032
-1.869592 -47.015237
-1.686484 -28.679757
-1.496873 -9.693162
-1.313802 0.558432
-1.104633 1.912415
-0.875830 3.393492
-0.607758 5.128760
-0.431241 6.271383
-0.091288 8.471953
0.098311 9.699252
0.412128 11.730636
0.640982 13.212042
0.895947 14.862470
1.150899 16.512816
1.347064 17.782616
1.549730 19.094508
1.752384 27.473407
1.961680 39.884457
2.164359 51.903143
2.340877 62.370448
2.517407 72.838507
2.694000 83.310330
2.877083 94.166987
2.700541 81.050803
2.523947 67.930845
2.334374 53.846586
2.079396 34.903084
1.876742 19.846977
1.660957 3.815246
1.484478 -0.927791
1.307935 -2.236827
1.033399 -4.272466
0.843775 -5.678496
0.569163 -7.714700
0.301053 -9.702690
0.000267 -11.932976
-0.241681 -13.726979
-0.444424 -15.230284
-0.712470 -17.217803
-0.921664 -18.768946
-1.111301 -20.175069
-1.313955 -21.677715
-1.516621 -32.974317
-1.693189 -46.600429
-1.869694 -60.221641
-2.072373 -75.862807
-2.255507 -89.995623
-2.438565 -104.122559
-2.262022 -86.444566
-2.072361 -67.452901
-1.889252 -49.117437
-1.712722 -31.440716
-1.516571 -11.799209
-1.326947 0.464891
-1.058913 2.200598
-0.810476 3.809407
-0.496659 5.841595
-0.320129 6.984752
0.065583 9.482510
0.392506 11.599571
0.680161 13.462342
0.915556 14.986688
1.144410 16.468681
1.340510 17.738572
1.517040 18.881729
1.752422 27.468521
1.928990 37.939673
2.118576 49.182812
2.327847 61.593346
2.530526 73.612991
2.707107 84.084897
2.883611 94.552284
3.060116 98.513598
3.236722 100.195300
3.419754 101.938194
3.648634 104.117658
3.857917 106.110522
4.041051 107.854383
4.237253 109.722685
4.446511 111.715307
4.649241 113.645769
4.897730 116.011955
5.133213 118.254304
5.309768 119.935522
5.558295 122.302071
5.859107 124.401712
6.101067 123.972443
6.428054 123.392327
6.617767 123.055752
6.441199 110.064743
6.258103 96.593450
6.074994 83.121222
5.898477 70.133950
5.715381 56.662658
5.499633 40.789014
5.277371 24.436021
5.074717 9.525747
4.819764 -0.458935
4.584522 -1.319300
4.251147 -2.538571
3.885019 -3.877633
3.688867 -4.595029
3.453486 -5.455905
3.211563 -6.340701
2.950045 -7.297167
2.760434 -7.990642
2.485809 -8.995043
2.230755 -9.927867
1.988820 -10.812710
1.727264 -11.769316
1.478775 -12.678126
1.217130 -13.635057
0.955510 -14.591895
0.693877 -15.548779
0.432219 -16.505756
0.190208 -17.390877
-0.110706 -18.491427
-0.306870 -19.208869
-0.535749 -20.045963
-0.712305 -20.691689
-0.895413 -21.361383
-1.098105 -22.102700
-1.274661 -32.527781
-1.483931 -45.598247
-1.660474 -56.624617
-1.843570 -68.060283
-2.026641 -79.494362
-2.209762 -90.931614
-2.386305 -101.957985
-2.569362 -110.644376
-2.785148 -112.480840
-2.961665 -113.983107
-3.177464 -115.819679
-3.399714 -117.711159
-3.622091 -119.603719
-3.824757 -121.328532
-4.099369 -123.665643
-4.373994 -126.002863
-4.557039 -127.560686
-4.812081 -129.731239
-5.014786 -131.456376
-5.315572 -134.016250
-5.557507 -134.443386
-5.380888 -116.924246
-5.204333 -99.411405
-5.027740 -81.894784
-4.831550 -62.434391
-4.635348 -42.972739
-4.439082 -23.504788
-4.229799 -2.745609
-3.968305 0.662488
-3.791801 1.162598
-3.504171 1.977571
-3.236087 2.737163
-3.020314 3.348536
-2.771813 4.052641
-2.542870 4.701330
-2.235492 5.572258
-2.013090 6.202415
-1.686065 7.129010
-1.437577 7.833079
-1.189050 8.537256
-0.875233 9.426428
-0.574472 10.278608
-0.319481 11.001101
-0.038367 11.797613
0.229680 12.557098
0.464985 13.223815
0.785292 14.131375
1.053351 14.890895
1.314818 15.631740
1.635188 16.539480
1.837881 17.113789
2.047100 17.706594
2.367483 18.614370
2.609380 19.299763
2.799029 19.837117
3.027845 20.485446
3.367900 21.448961
3.668636 22.301069
3.923652 23.023634
4.119829 23.579484
4.309427 24.116693
4.551350 26.131875
4.734458 34.701227
4.917567 43.270580
5.133353 53.369198
5.336045 62.855040
5.512638 71.119491
5.695721 79.687655
5.918022 90.091175
6.094590 98.354437
6.271120 106.615915
6.460757 115.490765
6.650380 122.985214
6.846557 122.637171
7.055891 122.265786
6.879387 109.289387
6.676682 94.386790
6.493548 80.923006
6.303962 66.984908
6.120841 53.522058
5.898553 37.179713
5.695861 22.278049
5.499735 7.859102
5.251323 -0.421152
5.074882 -0.946253
4.780851 -1.821309
4.597794 -2.366102
4.375506 -3.027647
4.146677 -3.708657
3.885133 -4.487030
3.662845 -5.148575
3.375177 -6.004695
3.113646 -6.783030
2.878239 -7.483618
2.662504 -8.125661
2.381275 -8.962618
2.139378 -9.682520
1.890878 -10.422076
1.590053 -11.317353
1.334986 -12.076449
1.112634 -12.738184
0.864083 -13.477891
0.582879 -14.314772
0.327825 -15.073832
0.105448 -15.735641
-0.241122 -16.767059
-0.456933 -17.409328
-0.698894 -18.129420
-0.914679 -18.771613
-1.136980 -19.433196
-1.372413 -20.133860
-1.725486 -21.184630
-1.902054 -21.710109
-2.157057 -22.469017
-2.418588 -23.247352
-2.608250 -23.811799
-2.817470 -24.434452
-3.007157 -24.998975
-3.216377 -25.621628
-3.392945 -26.147107
-3.595662 -26.750408
-3.824542 -35.228061
-4.027259 -46.821895
-4.243083 -59.165312
-4.452303 -71.131032
-4.628896 -81.230785
-4.825073 -92.450554
-5.021262 -103.671049
-5.223980 -115.264884
-5.407038 -125.734344
-5.622836 -134.191579
-5.426659 -114.735162
-5.236985 -95.923640
-5.034229 -75.814771
-4.844580 -57.005768
-4.628794 -35.604591
-4.406367 -13.544664
-4.210139 0.159402
-4.027081 0.648515
-3.811384 1.224836
-3.523742 1.993390
-3.301403 2.587458
-3.079115 3.181391
-2.850172 3.793105
-2.582050 4.509503
-2.326894 5.191255
-2.091423 5.820411
-1.803616 6.589405
-1.457033 7.515443
-1.215111 8.161836
-0.953529 8.860759
-0.646239 9.681807
-0.437045 10.240754
-0.116662 11.096788
0.118669 11.725570
0.419392 12.529074
0.700519 13.280220
0.916216 13.856542
1.203833 14.625027
1.465351 15.323780
1.746479 16.074925
2.001418 16.756100
2.269503 17.472396
2.517927 18.136164
2.746807 18.747708
2.988716 19.394068
3.289490 20.197708
3.466046 20.669448
3.662197 21.193546
3.897579 21.822464
4.198404 22.626240
4.459923 23.324993
4.669155 23.884042
4.852251 24.373258
5.081118 31.828212
5.283810 41.105496
5.486514 50.383362
5.676151 59.063087
5.859297 67.445775
6.068517 77.021839
6.258154 85.701564
6.434696 93.781986
6.617780 102.161768
6.800901 110.543295
7.010146 120.120521
7.193229 122.017360
7.010184 108.563210
6.820586 94.627387
6.617868 79.727287
6.441313 66.750141
6.251639 52.808718
6.049023 37.916085
5.813641 20.615092
5.584761 3.792036
5.395290 -0.401187
5.192700 -0.990660
4.872419 -1.922576
4.689348 -2.455252
4.447464 -3.159058
4.231704 -3.786851
3.930917 -4.662044
3.721735 -5.270696
3.453663 -6.050698
3.198647 -6.792713
2.930563 -7.572752
2.721343 -8.181514
2.472868 -8.904498
2.237461 -9.589458
1.949704 -10.426737
1.661998 -11.263869
1.393876 -12.044019
1.151890 -12.748120
0.916419 -13.433264
0.635190 -14.251549
0.412852 -14.898484
0.144729 -15.678634
-0.142964 -16.515729
-0.365316 -17.162701
-0.613816 -17.885758
-0.875360 -18.646767
-1.123861 -19.369825
-1.405052 -20.187999
-1.627302 -20.834676
-1.830070 -21.424666
-2.039315 -22.033502
-2.359698 -22.965714
-2.608212 -23.688809
-2.850109 -24.392651
-3.065945 -25.020666
-3.262084 -25.591367
-3.490989 -26.257406
-3.713328 -26.904341
-3.889921 -35.963796
-4.072992 -46.332971
-4.262666 -57.076199
-4.445737 -67.445374
-4.641977 -78.560497
-4.825048 -88.929672
-5.008156 -99.301005
-5.184711 -109.301163
-5.361216 -119.298444
-5.537810 -129.300759
-5.348148 -110.490542
-5.151984 -91.035431
-4.962309 -72.223954
-4.779175 -54.061148
-4.602594 -36.548274
-4.380205 -14.492179
-4.190517 -0.549844
-4.000932 0.615291
-3.785235 1.184524
-3.471418 2.012701
-3.209900 2.702859
-3.007169 3.237873
-2.758567 3.893946
-2.470760 4.653482
-2.215591 5.326882
-1.947469 6.034469
-1.685874 6.724828
-1.437373 7.380633
-1.188885 8.036404
-0.829272 8.985438
-0.561175 9.692958
-0.319303 10.331267
-0.018491 11.125124
0.203759 11.711651
0.510984 12.522433
0.746341 13.143549
1.047039 13.937103
1.321587 14.661649
1.569999 15.317219
1.818411 15.972789
2.093011 16.697468
2.374151 17.439409
2.622575 18.095012
2.903766 18.837087
3.145650 19.475429
3.413747 20.182949
3.629546 20.752450
3.884524 21.425348
4.067620 21.908546
4.388040 22.754151
4.669180 23.496091
4.891481 24.082752
5.133480 28.146564
5.336146 37.377974
5.545404 46.909617
5.774296 57.335592
5.957418 65.676719
6.146978 74.311137
6.356299 83.845672
6.539344 92.183329
6.755155 102.013468
6.931724 110.056099
7.108254 118.096994
7.284809 121.850813
7.487590 121.491054
7.664196 121.177732
7.919301 120.725144
8.200580 120.226118
8.383714 119.901215
8.749982 119.251408
8.972271 118.857041
9.240380 118.381380
9.462694 117.986968
9.691548 117.580951
9.933508 117.151683
10.168890 116.734086
10.456570 116.223704
10.659250 115.864125
10.875035 115.477039
11.058169 115.075688
10.875048 101.684888
10.685462 87.821384
10.489273 73.474960
10.312743 60.566151
10.136175 47.654555
9.959607 34.742960
9.770046 20.881313
9.560814 5.581124
9.358211 -0.263815
9.162199 -0.673307
8.933421 -1.151251
8.730755 -1.574646
8.462772 -2.134494
8.050898 -2.994947
7.802448 -3.513989
7.560564 -4.019315
7.318667 -4.524666
7.076770 -5.030018
6.834899 -5.535316
6.586449 -6.054358
6.318415 -6.614312
6.069940 -7.133407
5.756097 -7.789062
5.507647 -8.308104
5.285321 -8.772570
5.043373 -9.278028
4.801413 -9.783512
4.572521 -10.261695
4.310951 -10.808144
4.042816 -11.368311
3.800894 -11.873715
3.545865 -12.406501
3.271228 -12.980252
3.061970 -13.417416
2.787333 -13.991167
2.532291 -14.523979
2.283790 -15.043127
1.982991 -15.671533
1.741068 -16.176938
1.466418 -16.750715
1.204836 -17.297191
0.969404 -17.789038
0.760108 -18.226282
0.485407 -18.800166
0.164909 -19.469723
-0.096634 -20.016119
-0.292913 -20.426168
-0.541401 -20.945290
-0.776846 -21.437163
-1.018781 -21.942595
-1.260754 -22.448105
-1.626946 -23.213124
-1.921256 -23.827972
-2.189353 -24.388059
-2.398624 -24.825251
-2.620975 -25.289770
-2.889098 -25.849909
-3.085325 -26.259853
-3.288055 -26.683380
-3.497326 -30.905639
-3.700082 -40.734026
-3.896309 -50.245983
-4.112095 -60.705997
-4.295216 -69.582634
-4.497997 -79.412252
-4.687633 -88.604703
-4.883836 -98.115429
-5.060417 -106.675022
-5.243462 -115.547965
-5.426583 -124.424602
-5.609679 -133.300008
-5.890755 -133.210022
-6.106566 -132.436441
-6.341974 -131.592616
-6.590513 -130.701720
-6.878244 -129.670338
-7.100557 -128.873448
-7.420953 -127.724980
-7.643266 -126.928090
-8.042173 -125.498196
-8.323326 -124.490395
-8.532571 -123.740349
-8.741842 -122.990212
-8.918372 -122.357435
-8.741791 -104.940733
-8.565223 -87.525285
-8.388642 -70.108584
-8.212074 -52.693135
-8.009331 -32.695997
-7.806627 -12.702616
-7.603846 0.106345
-7.387907 0.416694
-7.159015 0.745660
-6.923672 1.083898
-6.662229 1.459645
-6.466129 1.741483
-6.217679 2.098558
-5.936539 2.502615
-5.746941 2.775108
-5.498516 3.132146
-5.223942 3.526766
-4.897107 3.996496
-4.648683 4.353535
-4.419905 4.682336
-4.119220 5.114484
-3.851161 5.499741
-3.615817 5.837979
-3.321672 6.260727
-3.053664 6.645911
-2.779090 7.040531
-2.511069 7.425733
-2.262594 7.782845
-2.000974 8.158848
-1.745882 8.525469
-1.477721 8.910872
-1.144181 9.390239
-0.902259 9.737932
-0.640702 10.113843
-0.366052 10.508573
-0.084874 10.912685
0.215900 11.344961
0.490538 11.739672
0.797890 12.181403
1.079068 12.585515
1.327544 12.942626
1.576032 13.299756
1.857223 13.703886
2.053374 13.985797
2.393391 14.474473
2.667991 14.869130
2.903385 15.207441
3.158388 15.573934
3.426435 15.959173
3.720643 16.382012
3.942982 16.701559
4.230624 17.114962
4.498721 17.500273
4.701451 17.791639
4.976051 18.186296
5.231066 18.552807
5.433835 18.844228
5.623395 19.116666
5.819572 19.398613
6.002706 19.661815
6.310046 20.103527
6.584696 20.498257
6.820103 20.836587
7.035902 21.146734
7.264832 21.475755
7.467524 21.767066
7.657224 22.039704
7.840307 22.302833
8.056181 22.613091
8.252384 22.895074
8.494382 26.311143
8.703704 33.527686
8.886838 39.841396
9.083065 46.606522
9.272727 53.145283
9.495104 60.811930
9.697872 67.802545
9.880968 74.114941
10.057574 80.203599
10.253789 86.968287
10.436898 93.281120
10.652684 100.720526
10.829227 106.806994
11.025480 113.572996
11.228121 114.684755
11.411242 114.283433
11.234750 101.382253
11.058131 88.471790
10.881601 75.567825
10.691952 61.704882
10.515397 48.799061
10.338854 35.894168
10.142690 21.554985
9.920427 5.308058
9.730956 -0.175673
9.528327 -0.480292
9.253830 -0.892955
9.057729 -1.187760
8.783117 -1.600594
8.600084 -1.875754
8.312429 -2.308196
7.861351 -2.986319
7.632548 -3.330287
7.357935 -3.743121
7.122604 -4.096903
6.880708 -4.460556
6.606108 -4.873371
6.331522 -5.286167
6.122327 -5.600657
5.854281 -6.003620
5.586146 -6.406718
5.357292 -6.750762
4.919142 -7.409449
4.618342 -7.861652
4.343705 -8.274525
4.088676 -8.657919
3.846728 -9.021647
3.604781 -9.385376
3.336671 -9.788435
3.088157 -10.162035
2.800426 -10.594592
2.545397 -10.977986
2.244598 -11.430188
1.969986 -11.843023
1.734541 -12.196976
1.446822 -12.629514
1.231062 -12.953874
0.943292 -13.386489
0.681698 -13.779753
0.407010 -14.192702
0.132258 -14.605747
-0.109677 -14.969456
-0.384327 -15.382348
-0.619722 -15.736225
-0.913994 -16.178615
-1.155941 -16.542343
-1.397825 -16.905977
-1.665948 -17.309055
-1.933994 -17.712019
-2.162886 -18.056121
-2.385238 -18.390390
-2.633662 -18.763856
-2.882189 -19.137474
-3.274543 -19.727314
-3.457651 -20.002588
-3.660394 -20.307379
-3.967772 -20.769471
-4.235869 -21.172511
-4.490911 -21.555924
-4.778667 -21.988519
-5.086007 -22.450555
-5.380317 -22.893002
-5.569966 -23.178108
-5.818429 -23.551631
-6.027737 -23.866293
-6.223940 -24.161251
-6.420117 -24.456171
-6.609779 -29.086902
-6.786347 -36.208086
-7.008698 -45.175769
-7.185304 -52.298490
-7.401077 -61.000850
-7.597280 -68.913903
-7.786942 -76.563170
-7.983144 -84.476223
-8.179321 -92.388251
-8.375523 -100.301304
-8.571687 -108.212820
-8.754796 -115.597789
-8.937879 -122.263014
-9.120937 -121.606838
-8.944381 -104.197313
-8.754732 -85.496662
-8.538959 -64.220023
-8.355838 -46.163057
-8.159623 -26.814965
-7.976489 -8.756747
-7.786815 0.139507
-7.551407 0.465085
-7.342086 0.754585
-7.158977 1.007832
-6.962839 1.279100
-6.779717 1.532365
-6.544335 1.857907
-6.335065 2.147337
-6.112713 2.454859
-5.844565 2.825718
-5.569953 3.205518
-5.354180 3.503942
-5.066487 3.901833
-4.791913 4.281580
-4.491215 4.697458
-4.282034 4.986765
-3.961714 5.429780
-3.661042 5.845623
-3.379940 6.234398
-3.098864 6.623139
-2.850477 6.966668
-2.582443 7.337369
-2.307869 7.717117
-2.052879 8.069779
-1.797901 8.422424
-1.562506 8.747985
-1.281303 9.136901
-0.967422 9.571011
-0.712432 9.923673
-0.411645 10.339674
-0.176212 10.665287
0.118046 11.072260
0.405752 11.470169
0.686930 11.859050
0.915797 12.175582
1.196962 12.564445
1.425854 12.881013
1.772387 13.360281
2.086267 13.794391
2.308593 14.101877
2.576690 14.472667
2.838234 14.834393
3.112833 15.214175
3.400501 15.612032
3.616274 15.910455
3.923525 16.335396
4.185082 16.697139
4.472749 17.094996
4.740834 17.465768
4.976216 17.791310
5.198516 18.098762
5.460073 18.460505
5.708574 18.804192
5.917781 19.093534
6.107468 19.355880
6.342863 19.681440
6.565201 19.988944
6.780975 20.287367
7.127570 20.766724
7.434910 21.191788
7.709560 21.571640
7.977683 21.942465
8.200072 22.250039
8.442046 22.584698
8.631695 22.846991
8.893327 29.141723
9.069934 35.105885
9.285757 42.394463
9.475483 48.801670
9.684766 55.869370
9.907143 63.379256
10.083737 69.342990
10.266832 75.526315
10.463035 82.152257
10.665765 88.998648
10.842346 94.961953
11.031995 101.366586
11.215091 107.549912
11.411242 114.174138
11.587836 113.888886
11.829771 113.358670
11.640160 99.504473
11.443957 85.168674
11.241278 70.359623
11.058182 56.981462
10.842371 41.212918
10.665828 28.313575
10.489222 15.409593
10.253891 -0.035242
10.051263 -0.327517
9.855225 -0.610285
9.678772 -0.864805
9.286570 -1.430524
8.874658 -2.024673
8.632812 -2.373516
8.436661 -2.656449
8.194751 -3.005384
7.939811 -3.373114
7.639063 -3.806919
7.384148 -4.174613
7.135711 -4.532963
6.887286 -4.891296
6.619227 -5.277949
6.351206 -5.664547
6.109297 -6.013482
5.834685 -6.409588
5.579682 -6.777409
5.344211 -7.117056
5.056480 -7.532085
4.788383 -7.918793
4.533354 -8.286652
4.304462 -8.616810
4.023335 -9.022313
3.774796 -9.380810
3.506711 -9.767500
3.218967 -10.182547
2.970467 -10.540989
2.695829 -10.937132
2.414651 -11.342708
2.126882 -11.757792
1.865351 -12.135029
1.584185 -12.540587
1.361859 -12.861275
1.067587 -13.285738
0.812521 -13.653651
0.537883 -14.049793
0.289357 -14.408272
0.021196 -14.795072
-0.260007 -15.200685
-0.515074 -15.568598
-0.730860 -15.879851
-1.011999 -16.285373
-1.280071 -16.672044
-1.522006 -17.021016
-1.763979 -17.370042
-1.992795 -17.700091
-2.260892 -18.086799
-2.522474 -18.464109
-2.751315 -18.794194
-3.039046 -19.209223
-3.241764 -19.501626
-3.509861 -19.888335
-3.745306 -20.227945
-3.941496 -20.510933
-4.288066 -21.010832
-4.471187 -21.274970
-4.745888 -21.671204
-4.922469 -21.925907
-5.170957 -22.284331
-5.406403 -22.623942
-5.641823 -22.963516
-5.877255 -23.303108
-6.138863 -23.680455
-6.361227 -24.001198
-6.590094 -24.331319
-6.799364 -30.112593
-7.015188 -38.604089
-7.217918 -46.580420
-7.401077 -53.786749
-7.577620 -60.732747
-7.754188 -67.679744
-7.963446 -75.912908
-8.140014 -82.859905
-8.316595 -89.807403
-8.525878 -98.041566
-8.708936 -105.243898
-8.885530 -112.191894
-9.068613 -119.395225
-8.872423 -100.049722
-8.682761 -81.347899
-8.486584 -62.003648
-8.310042 -44.595450
-8.126908 -26.537309
-7.924178 -6.546871
-7.734541 0.165421
-7.492517 0.490275
-7.263600 0.797537
-7.015061 1.131135
-6.812293 1.403299
-6.576860 1.719306
-6.361087 2.008925
-6.099442 2.360116
-5.850966 2.693629
-5.654827 2.956894
-5.380266 3.325421
-5.131803 3.658918
-4.850663 4.036275
-4.556493 4.431122
-4.242651 4.852373
-4.026853 5.142026
-3.771887 5.484251
-3.464560 5.896757
-3.196476 6.256591
-2.902191 6.651591
-2.627566 7.020203
-2.339886 7.406339
-2.078304 7.757444
-1.810182 8.117329
-1.509408 8.521040
-1.247813 8.872162
-0.966648 9.249553
-0.659346 9.662026
-0.358521 10.065805
-0.096977 10.416860
0.151486 10.750356
0.419595 11.110223
0.694207 11.478819
0.949236 11.821128
1.223772 12.189621
1.524495 12.593264
1.746707 12.891525
2.034375 13.277644
2.321966 13.663661
2.603043 14.040933
2.884132 14.418221
3.139059 14.760395
3.407093 15.120160
3.635921 15.427302
3.851669 15.716887
4.158945 16.129326
4.440098 16.506700
4.681969 16.831349
4.963147 17.208758
5.218138 17.551016
5.466626 17.884547
5.767400 18.288257
5.996216 18.595383
6.270892 18.964064
6.486627 19.253631
6.774409 19.639904
6.950913 19.876815
7.179805 20.184043
7.513345 20.631734
7.846835 21.079356
8.134591 21.465594
8.435403 21.869356
8.644699 22.150282
8.867102 22.448799
9.076372 22.729690
9.337967 30.469788
9.553880 37.642634
9.756597 44.377119
9.985553 51.983264
10.194811 58.935030
10.384561 65.238747
10.580738 71.755949
10.763809 77.837743
10.940428 83.705208
11.116996 89.570985
11.306632 95.870905
11.483188 101.736261
11.666309 107.819742
11.842864 113.322430
12.039016 112.892551
12.248299 112.433893
12.437948 112.018265
12.797612 111.230038
13.026530 110.728350
13.346938 110.026154
13.582383 109.510160
13.883208 108.850882
14.125169 108.320610
14.380185 107.629747
14.589455 106.651381
14.890229 105.245225
15.132202 104.113971
15.308770 103.288493
15.701099 101.454310
15.910369 100.475944
15.733801 87.620327
15.557246 74.765635
15.361069 60.482335
15.184501 47.626718
14.975230 32.390089
14.779066 18.107714
14.595958 4.775894
14.360550 -0.198870
14.157985 -0.436099
13.981519 -0.642763
13.752652 -0.910794
13.576071 -1.117591
13.373367 -1.354983
13.183705 -1.577101
12.954864 -1.845102
12.726022 -2.113103
12.471070 -2.411684
12.209577 -2.717924
11.980748 -2.985910
11.706149 -3.307500
11.464239 -3.590806
11.248517 -3.843443
10.993590 -4.141994
10.725544 -4.455909
10.431335 -4.800463
10.215588 -5.053130
9.947529 -5.367059
9.685998 -5.673344
9.430969 -5.972014
9.228277 -6.209392
8.966683 -6.515751
8.744306 -6.776182
8.535048 -7.021248
8.279968 -7.319978
8.090370 -7.542020
7.854950 -7.817726
7.580300 -8.139375
7.331824 -8.430370
7.083311 -8.721410
6.834835 -9.012406
6.573253 -9.318750
6.292075 -9.648044
6.017450 -9.969663
5.749353 -10.283638
5.533555 -10.536364
5.258918 -10.857998
4.984280 -11.179632
4.775035 -11.424684
4.467708 -11.784602
4.219232 -12.075597
3.951122 -12.389587
3.676498 -12.711206
3.428022 -13.002201
3.127223 -13.354474
2.865666 -13.660789
2.591029 -13.982423
2.375243 -14.235135
2.094065 -14.564429
1.845564 -14.855454
1.597101 -15.146434
1.335519 -15.452779
1.093584 -15.736114
0.805879 -16.073053
0.550863 -16.371708
0.302412 -16.662674
0.001613 -17.014947
-0.273075 -17.336640
-0.475729 -17.573973
-0.783095 -17.933935
-1.221194 -18.447003
-1.528521 -18.806921
-1.731200 -19.044284
-2.018932 -19.381252
-2.260892 -19.664617
-2.509368 -19.955613
-2.718638 -20.200694
-2.921317 -20.438057
-3.163265 -20.721407
-3.359468 -20.951184
-3.542538 -21.165582
-3.856406 -21.533160
-4.046042 -21.755247
-4.373067 -22.138233
-4.667301 -22.482817
-4.928908 -22.789191
-5.197043 -23.103210
-5.412867 -23.355966
-5.654815 -23.639317
-5.844502 -23.861464
-6.027598 -24.075892
-6.276111 -24.366932
-6.478854 -29.961471
-6.701193 -37.640219
-6.884340 -43.965416
-7.060921 -50.063852
-7.257098 -56.839063
-7.440193 -63.162506
-7.616812 -69.262257
-7.826083 -76.489676
-8.035328 -83.716217
-8.225003 -90.266859
-8.414652 -96.816625
-8.610854 -103.592713
-8.839695 -111.496030
-9.022804 -117.819911
-9.343225 -120.779312
-9.559036 -119.990024
-9.761766 -119.220724
-9.990620 -118.352291
-10.232568 -117.434171
-10.500703 -116.416678
-10.723067 -115.572872
-10.932312 -114.778848
-11.180813 -113.835861
-11.422786 -112.917645
-11.710530 -111.825743
-11.932869 -110.982033
-12.194413 -109.989552
-12.488659 -108.872974
-12.691415 -108.103577
-12.514821 -90.758863
-12.325147 -72.129356
-12.142038 -54.144739
-11.965445 -36.800025
-11.749634 -15.603425
-11.546891 -0.842247
-11.363757 0.188482
-11.147933 0.367674
-10.971263 0.514358
-10.774934 0.677365
-10.565460 0.851285
-10.388879 0.997895
-10.199256 1.155334
-9.937699 1.372497
-9.689249 1.578778
-9.414662 1.806760
-9.185859 1.996729
-8.872080 2.257251
-8.617102 2.468952
-8.342592 2.696870
-8.041881 2.946542
-7.715047 3.217903
-7.466635 3.424153
-7.172452 3.668404
-6.917576 3.880021
-6.669126 4.086302
-6.407683 4.303370
-6.139675 4.525890
-5.897791 4.726719
-5.655894 4.927560
-5.387873 5.150090
-5.178641 5.323810
-4.936731 5.524660
-4.727499 5.698380
-4.537913 5.855788
-4.295978 6.056660
-4.027919 6.279221
-3.759835 6.501804
-3.485185 6.729839
-3.190939 6.974143
-2.942476 7.180435
-2.576297 7.484463
-2.321293 7.696185
-2.066265 7.907928
-1.745844 8.173965
-1.445082 8.423678
-1.170419 8.651723
-0.908901 8.868855
-0.595033 9.129450
-0.340004 9.341194
-0.065380 9.569207
0.202743 9.791821
0.496989 10.036126
0.765112 10.258740
1.046251 10.492163
1.333970 10.731047
1.602092 10.953662
1.889811 11.192546
2.197138 11.447712
2.478341 11.681187
2.726804 11.887479
2.955658 12.077490
3.230296 12.305513
3.472231 12.506385
3.759949 12.745270
3.995357 12.940722
4.256888 13.157864
4.538028 13.391286
4.792980 13.602966
5.021821 13.792967
5.276863 14.004720
5.544947 14.227303
5.741098 14.390162
6.055004 14.650790
6.296914 14.851640
6.486550 15.009090
6.767741 15.242555
6.983578 15.421758
7.245134 15.638921
7.460907 15.818071
7.683246 16.002673
7.944802 16.219836
8.127911 16.371866
8.350250 16.556467
8.552929 16.724746
8.788400 16.920251
8.964955 17.066840
9.331236 17.370953
9.520860 17.528392
9.697453 17.675013
9.880524 17.827011
10.194506 18.087701
10.469220 18.315788
10.796207 18.587276
11.070857 18.815311
11.371732 19.065119
11.685664 19.325768
11.947220 19.542931
12.215343 19.765545
12.483490 19.988181
12.771272 22.038841
13.013220 28.046668
13.235597 33.568534
13.490626 39.901177
13.686803 44.772465
13.948385 51.267831
14.183830 57.114197
14.412760 62.798785
14.609013 67.671965
14.818258 72.867754
15.034057 78.226265
15.217191 82.773684
15.413393 87.645603
15.635719 93.166207
15.831922 98.038126
16.008477 99.990989
16.204679 99.073719
16.381235 98.248301
16.597046 97.239358
16.381247 81.535378
16.198101 68.207512
16.015005 54.883342
15.805747 39.655324
15.596438 24.423610
15.413355 11.100365
15.204034 -0.049507
14.988197 -0.237682
14.707121 -0.482736
14.367167 -0.779122
14.184046 -0.938775
14.000950 -1.098406
13.798283 -1.275099
13.595604 -1.451804
13.321055 -1.691167
13.098729 -1.885000
12.843802 -2.107256
12.595403 -2.323821
12.347003 -2.540386
12.052821 -2.796867
11.856695 -2.967858
11.595202 -3.195839
11.307521 -3.446650
11.039488 -3.680333
10.784510 -3.902634
10.529494 -4.124968
10.248367 -4.370066
10.019551 -4.569557
9.764573 -4.791858
9.555340 -4.974276
9.346019 -5.156771
9.077909 -5.390520
8.803297 -5.629939
8.548230 -5.852316
8.306232 -6.063301
7.959611 -6.365500
7.645730 -6.639154
7.338403 -6.907095
7.083361 -7.129451
6.834861 -7.346104
6.579845 -7.568438
6.259424 -7.847795
6.017463 -8.058746
5.742838 -8.298175
5.455133 -8.549009
5.173967 -8.794141
4.912411 -9.022177
4.703153 -9.204617
4.395838 -9.472547
4.121201 -9.711987
3.872713 -9.928630
3.591547 -10.173761
3.323450 -10.407500
3.061868 -10.635558
2.826461 -10.840796
2.551824 -11.080236
2.316429 -11.285463
2.067928 -11.502117
1.760614 -11.770047
1.499032 -11.998105
1.244003 -12.220449
0.995528 -12.437081
0.675119 -12.716426
0.426606 -12.933091
0.178105 -13.149744
-0.070371 -13.366376
-0.345008 -13.605816
-0.586969 -13.816768
-0.887768 -14.079017
-1.116660 -14.278575
-1.371663 -14.500898
-1.593977 -14.694720
-1.894726 -14.956925
-2.123605 -15.156472
-2.398217 -15.395890
-2.640165 -15.606831
-2.901671 -15.834822
-3.130537 -16.034358
-3.385579 -16.256714
-3.634016 -16.473312
-3.954462 -16.752691
-4.412196 -17.151762
-4.817605 -17.505215
-5.046497 -17.704773
-5.262258 -17.892882
-5.451907 -18.058226
-5.661139 -18.240643
-5.870423 -18.423105
-6.216955 -18.725227
-6.406617 -18.890582
-6.681292 -19.130056
-6.884048 -19.306826
-7.139102 -19.529193
-7.459523 -19.808550
-7.766863 -20.076502
-8.028432 -20.304549
-8.303108 -20.544023
-8.531974 -20.743558
-8.806637 -20.983021
-9.042082 -21.188292
-9.284017 -21.399221
-9.532506 -21.615864
-9.761436 -25.238346
-10.009911 -32.246865
-10.199573 -37.596480
-10.474274 -45.344717
-10.755465 -53.276004
-10.958208 -58.994583
-11.154397 -64.528321
-11.376711 -70.798913
-11.605666 -77.256852
-11.821452 -83.343320
-12.024208 -89.062257
-12.240031 -95.149800
-12.429680 -100.499057
-12.619317 -105.847956
-12.828600 -107.553528
-13.011658 -106.858878
-12.808915 -86.951750
-12.625845 -68.976227
-12.442673 -50.990727
-12.239955 -31.086093
-12.043740 -11.819923
-11.854078 0.053585
-11.618595 0.235713
-11.409299 0.397588
-11.219625 0.544287
-10.964380 0.741699
-10.695965 0.949297
-10.394899 1.182149
-10.172560 1.354111
-9.910940 1.556454
-9.669005 1.743572
-9.394406 1.955954
-9.159100 2.137945
-8.864879 2.365502
-8.570735 2.593001
-8.270011 2.825587
-8.028178 3.012627
-7.779766 3.204755
-7.511771 3.412029
-7.224141 3.634488
-6.943039 3.851899
-6.681572 4.054124
-6.439713 4.241184
-6.165152 4.453536
-5.910212 4.650712
-5.648719 4.852957
-5.419916 5.029919
-5.191087 5.206901
-4.968786 5.378833
-4.766069 5.535620
-4.524146 5.722728
-4.203776 5.970510
-3.902989 6.203146
-3.615309 6.425645
-3.340659 6.638066
-3.026816 6.880799
-2.784881 7.067917
-2.484107 7.300543
-2.229079 7.497788
-1.915211 7.740541
-1.640599 7.952932
-1.339825 8.185558
-1.078268 8.387852
-0.803618 8.600273
-0.522453 8.817733
-0.254356 9.025086
0.026810 9.242546
0.268745 9.429664
0.556476 9.652202
0.831113 9.864613
1.118832 10.087142
1.360780 10.274270
1.635417 10.486681
1.916595 10.704151
2.197760 10.921610
2.498547 11.154246
2.733980 11.336335
3.041294 11.574020
3.244012 11.730806
3.557841 11.973529
3.812870 12.170775
4.054805 12.357893
4.349039 12.585460
4.584459 12.767540
4.846002 12.969824
5.107534 13.172098
5.369077 13.374382
5.604485 13.556452
5.898667 13.783980
6.101359 13.940747
6.375921 14.153099
6.591630 14.319934
6.840068 14.512081
7.147408 14.749785
7.369696 14.921708
7.611593 15.108797
7.899324 15.331335
8.082407 15.472936
8.317789 15.654986
8.572767 15.852192
8.808174 16.034261
9.069781 16.236595
9.279039 16.398440
9.521000 16.585577
9.769462 16.777744
9.991801 16.949707
10.181450 17.096386
10.416896 17.278485
10.639235 17.450447
10.815752 17.586970
11.168952 17.860143
11.495951 18.113052
11.809857 18.355834
12.104167 18.583460
12.385446 18.801009
12.660122 19.013449
12.954381 19.241036
13.248691 19.468662
13.477608 23.188828
13.713041 28.763909
13.909269 33.410612
14.105484 38.057015
14.314754 43.012576
14.582877 49.361757
14.811756 54.781658
15.047201 60.357040
15.249957 65.158322
15.452700 69.959304
15.629293 74.141066
15.832011 78.941447
16.054349 84.206467
16.230930 88.387929
16.420605 92.879451
16.610241 97.164644
16.884891 95.880620
16.708349 83.035975
16.525227 69.712694
16.335604 55.916320
16.159023 43.068904
15.956318 28.320801
15.753575 13.569926
15.511589 -0.046718
15.236927 -0.278028
15.040813 -0.443186
14.824951 -0.624975
14.419555 -0.966383
14.242999 -1.115070
14.007630 -1.313288
13.569556 -1.682215
13.340740 -1.874914
13.125018 -2.056586
12.830861 -2.304313
12.575896 -2.519033
12.366676 -2.695229
12.072518 -2.942956
11.843702 -3.135655
11.608372 -3.333840
11.320716 -3.576091
11.046104 -3.807358
10.784611 -4.027576
10.529557 -4.242371
10.254920 -4.473659
10.039121 -4.655395
9.777539 -4.875688
9.561703 -5.057457
9.313189 -5.266744
9.038463 -5.498107
8.770341 -5.723908
8.469490 -5.977271
8.188287 -6.214088
7.907083 -6.450906
7.599782 -6.709702
7.305523 -6.957515
7.030847 -7.188834
6.716992 -7.453150
6.475019 -7.656929
6.220015 -7.871682
5.932297 -8.113986
5.683821 -8.323241
5.402656 -8.560027
5.154168 -8.769293
4.905680 -8.978559
4.617974 -9.220852
4.336809 -9.457638
4.049116 -9.699920
3.794087 -9.914694
3.525965 -10.140496
3.251340 -10.371773
2.957106 -10.619564
2.734780 -10.806797
2.427440 -11.065626
2.133194 -11.313427
1.891259 -11.517175
1.590459 -11.770495
1.341971 -11.979761
1.047699 -12.227584
0.799224 -12.436839
0.504965 -12.684652
0.210693 -12.932475
-0.018199 -13.125238
-0.273202 -13.339990
-0.521703 -13.549267
-0.783260 -13.769539
-1.051382 -13.995340
-1.332560 -14.232136
-1.561440 -14.424888
-1.809928 -14.634154
-2.130285 -14.903946
-2.411463 -15.140742
-2.614143 -15.311430
-2.921470 -15.570247
-3.156864 -15.768486
-3.431464 -15.999742
-3.725697 -16.247533
-3.948024 -16.434767
-4.203027 -16.649519
-4.497311 -16.897353
-4.706518 -17.073538
-4.948453 -17.277286
-5.242725 -17.525109
-5.458460 -17.706791
-5.680812 -17.894046
-5.929262 -18.103280
-6.236602 -18.362109
-6.622440 -18.687045
-6.831711 -18.863284
-7.040982 -19.039523
-7.381011 -19.325881
-7.577176 -19.491082
-7.753731 -19.639770
-8.080756 -19.915176
-8.375015 -20.162988
-8.656244 -20.399827
-8.943950 -20.642120
-9.244762 -20.895452
-9.499790 -21.110226
-9.722155 -21.297491
-9.944494 -22.286716
-10.173411 -28.584797
-10.382644 -34.341295
-10.690047 -42.798717
-10.938535 -49.635235
-11.154359 -55.573076
-11.376711 -61.690512
-11.605628 -67.988593
-11.821439 -73.926084
-12.004548 -78.963849
-12.200750 -84.361855
-12.390399 -89.579565
-12.566980 -94.437735
-12.776238 -100.194932
-12.965874 -105.412293
-13.168630 -106.247490
-12.985509 -88.269553
-12.802375 -70.290370
-12.625768 -52.952054
-12.436145 -34.335744
-12.233389 -14.430220
-12.017565 0.051624
-11.827916 0.193847
-11.592433 0.370442
-11.376635 0.532274
-11.121466 0.723631
-10.846473 0.929855
-10.467061 1.214386
-10.042017 1.533137
-9.767405 1.739075
-9.499371 1.940080
-9.257513 2.121456
-8.963330 2.342071
-8.616886 2.601877
-8.342338 2.807768
-8.087411 2.998944
-7.819390 3.199940
-7.551356 3.400945
-7.283374 3.601911
-6.989191 3.822526
-6.740843 4.008769
-6.433566 4.239203
-6.230950 4.391150
-5.962891 4.592174
-5.734101 4.763750
-5.505285 4.935344
-5.256797 5.121692
-5.027955 5.293305
-4.772927 5.484558
-4.478668 5.705230
-4.177894 5.930788
-3.890188 6.146546
-3.609010 6.357408
-3.314764 6.578070
-3.059747 6.769313
-2.752446 6.999766
-2.451646 7.225343
-2.157400 7.446006
-1.895856 7.642144
-1.647380 7.828482
-1.379296 8.029525
-1.065467 8.264874
-0.790778 8.470869
-0.490004 8.696427
-0.202298 8.912185
0.065799 9.113238
0.346989 9.324109
0.628142 9.534953
0.889711 9.731110
1.170902 9.941982
1.438999 10.143034
1.687474 10.329372
1.968652 10.540235
2.230247 10.736411
2.485250 10.927644
2.746832 11.123811
3.008363 11.319939
3.276473 11.521002
3.544557 11.722045
3.832289 11.937821
4.113467 12.148684
4.361917 12.335002
4.643095 12.545865
4.878489 12.722393
5.140084 12.918569
5.414683 13.124498
5.689321 13.330456
5.931281 13.511908
6.232081 13.737485
6.519761 13.953223
6.742087 14.119951
7.042798 14.345461
7.258571 14.507275
7.500468 14.688679
7.761973 14.884789
8.023517 15.080927
8.298142 15.286875
8.513928 15.448698
8.795131 15.659579
9.056624 15.855680
9.298597 16.037141
9.534017 16.213688
9.730181 16.360797
9.985197 16.552040
10.220604 16.728577
10.449484 16.900220
10.737228 17.116006
11.103394 17.390603
11.319218 17.552455
11.495811 17.684886
11.862054 17.959541
12.208662 18.219471
12.522606 18.454905
12.784265 18.651129
13.085115 18.876744
13.268198 19.014043
13.516724 19.200419
13.706411 22.006826
13.954912 27.769175
14.144638 32.168609
14.353896 37.020974
14.615554 43.088417
14.805203 47.486084
15.014486 52.339038
15.217204 57.039739
15.459202 62.651307
15.675064 67.656808
15.910458 73.115239
16.100108 77.512906
16.309403 82.366155
16.485972 86.460494
16.695242 91.313153
16.904475 95.777228
17.133367 94.707129
17.336122 93.759222
17.525771 92.872590
17.957368 90.854821
18.238559 89.540220
18.519737 88.225679
18.768238 87.063906
18.997104 85.993926
19.271767 84.709844
19.533324 83.487035
19.814502 82.172493
20.089139 80.888529
20.370317 79.573987
20.651508 78.259386
20.900009 77.097614
21.096173 76.180522
20.886928 60.996988
20.690738 46.760812
20.501064 32.997394
20.304887 18.762139
20.121715 5.470557
19.925474 -0.086648
19.742341 -0.217954
19.526466 -0.372734
19.310744 -0.527404
19.009906 -0.743102
18.833338 -0.869700
18.610999 -1.029114
18.297080 -1.254191
18.055158 -1.427647
17.787112 -1.619833
17.551743 -1.788591
17.296765 -1.971407
17.028757 -2.163566
16.832643 -2.304178
16.544963 -2.510442
16.316160 -2.674491
15.989325 -2.908828
15.747428 -3.082266
15.485910 -3.269772
15.244001 -3.443219
14.975942 -3.635415
14.727479 -3.813560
14.472514 -3.996367
14.237119 -4.165143
14.034376 -4.310508
13.798956 -4.479301
13.557021 -4.652766
13.341223 -4.807492
13.092709 -4.985673
12.870370 -5.145088
12.667640 -5.290444
12.373381 -5.501424
12.118365 -5.684268
11.817515 -5.899975
11.497107 -6.129705
11.242078 -6.312558
10.954360 -6.518849
10.686224 -6.711099
10.385425 -6.926770
10.136950 -7.104924
9.842652 -7.315932
9.548431 -7.526886
9.273769 -7.723816
9.012225 -7.911341
8.789886 -8.070755
8.515261 -8.267659
8.214474 -8.483320
7.946390 -8.675534
7.652118 -8.886523
7.397102 -9.069367
7.083209 -9.294426
6.841249 -9.467909
6.553517 -9.674209
6.278893 -9.871113
6.010796 -10.063335
5.742711 -10.255549
5.474614 -10.447772
5.226101 -10.625954
4.918786 -10.846295
4.670285 -11.024468
4.421797 -11.202632
4.114483 -11.422973
3.885629 -11.587059
3.663264 -11.746492
3.362477 -11.962153
3.081312 -12.163746
2.826283 -12.346599
2.551620 -12.543530
2.303132 -12.721693
1.982724 -12.951423
1.734236 -13.129587
1.492275 -13.303070
1.230719 -13.490603
0.949554 -13.692196
0.694512 -13.875058
0.465645 -14.039153
0.119050 -14.287659
-0.103289 -14.447074
-0.325628 -14.606489
-0.606781 -14.808072
-0.868375 -14.995633
-1.136472 -15.187856
-1.378420 -15.361330
-1.659598 -15.562932
-1.908099 -15.741104
-2.189264 -15.942697
-2.411590 -16.102103
-2.686190 -16.298988
-2.882392 -16.439663
-3.170098 -16.645945
-3.418548 -16.824081
-3.673577 -17.006935
-3.908933 -17.175683
-4.150957 -17.349211
-4.419003 -17.541398
-4.615180 -17.682055
-4.870247 -17.864935
-5.092598 -18.024359
-5.295278 -18.169678
-5.556847 -18.357221
-5.772658 -18.511955
-5.955754 -18.643233
-6.158459 -18.788570
-6.387376 -18.952702
-6.577013 -19.088669
-6.786245 -19.238687
-7.132853 -19.487202
-7.322477 -19.623160
-7.649477 -19.857616
-7.832623 -19.988930
-8.159547 -20.223331
-8.525726 -20.485878
-8.715362 -20.621845
-9.048864 -20.860963
-9.330055 -21.062574
-9.643961 -21.287641
-9.925164 -26.683467
-10.245598 -34.514973
-10.500639 -40.748270
-10.716400 -46.021523
-10.906061 -50.656921
-11.102238 -55.451549
-11.363820 -61.844698
-11.592674 -67.437966
-11.775821 -71.914132
-11.958955 -76.389988
-12.161660 -81.344158
-12.338228 -85.659541
-12.540907 -90.613090
-12.730556 -95.248177
-12.926708 -100.042185
-13.201409 -106.101585
-13.377951 -105.431658
-13.587209 -104.637586
-13.855306 -103.620238
-14.064577 -102.826118
-14.306499 -101.908095
-14.594230 -100.816240
-14.842706 -99.873350
-15.110816 -98.855953
-15.346223 -97.962653
-15.581630 -97.069352
-15.849778 -96.051811
-16.104794 -95.084101
-16.340188 -94.190849
-16.614851 -93.148585
-16.850271 -92.255236
-16.660559 -73.684957
-16.483978 -56.400101
-16.300844 -38.473777
-16.098076 -18.625532
-15.914891 -0.694236
-15.705557 0.092869
-15.522384 0.176982
-15.332710 0.264080
-15.090648 0.375235
-14.887905 0.468334
-14.586903 0.606554
-14.253185 0.759797
-14.050302 0.852961
-13.853986 0.943109
-13.585787 1.066265
-13.363346 1.168410
-13.147421 1.267563
-12.872809 1.393664
-12.624397 1.507735
-12.343308 1.636811
-12.068746 1.762889
-11.800738 1.885958
-11.578488 1.988015
-11.284318 2.123098
-10.983620 2.261178
-10.722127 2.381255
-10.454145 2.504313
-10.192677 2.624378
-9.924631 2.747465
-9.676295 2.861500
-9.382074 2.996606
-9.172943 3.092639
-8.931046 3.203718
-8.689149 3.314797
-8.479942 3.410864
-8.218373 3.530977
-8.009166 3.627044
-7.773784 3.735132
-7.525296 3.849237
-7.224509 3.987358
-6.956412 4.110468
-6.668706 4.242582
-6.381001 4.374696
-6.139066 4.485793
-5.864441 4.611900
-5.602897 4.732001
-5.347881 4.849104
-5.047107 4.987219
-4.733226 5.131353
-4.478223 5.248450
-4.210126 5.371560
-3.922433 5.503668
-3.634702 5.635794
-3.360039 5.761919
-3.072333 5.894033
-2.830411 6.005124
-2.496909 6.158268
-2.209190 6.290388
-1.967255 6.401484
-1.692631 6.527591
-1.418006 6.653699
-1.162952 6.770820
-0.875246 6.902934
-0.626770 7.017033
-0.325958 7.155166
-0.103657 7.257246
0.184086 7.389378
0.445580 7.509455
0.667944 7.611565
0.955662 7.743685
1.230274 7.869787
1.504925 7.995906
1.759953 8.113015
2.047672 8.245135
2.296147 8.359234
2.590432 8.494370
2.858541 8.617485
3.106991 8.731573
3.362007 8.848676
3.610508 8.962788
3.898214 9.094902
4.159758 9.215003
4.388637 9.320104
4.663262 9.446211
4.924831 9.566324
5.192928 9.689434
5.467566 9.815547
5.768365 9.953674
5.964492 10.043735
6.232601 10.166850
6.507226 10.292958
6.729565 10.395056
6.977977 10.509126
7.232967 10.626218
7.474826 10.737279
7.716774 10.848381
7.978305 10.968476
8.265935 11.100555
8.494865 11.205680
8.749779 11.322736
8.959037 11.418827
9.240190 11.547932
9.508287 11.671042
9.704451 11.761120
9.939871 11.869225
10.181831 11.980333
10.391064 12.076412
10.619969 12.181525
10.875023 12.298646
11.143132 12.421762
11.345850 12.514849
11.613934 12.637953
11.849367 12.746064
12.058625 12.842155
12.261355 12.935248
12.503353 13.046374
12.732220 13.151469
12.928410 13.241559
13.170357 13.352661
13.366509 13.442734
13.582332 13.541840
13.778548 13.631942
13.981290 13.725041
14.216685 13.833134
14.445577 13.938241
14.667878 14.040321
14.883651 14.139404
15.092921 14.235501
15.315298 14.337616
15.531084 14.436705
15.773057 14.547819
15.962655 14.634882
16.171926 14.730979
16.348519 14.812070
16.597008 14.926176
16.799763 15.019281
17.041698 15.130377
17.277131 15.238488
17.486401 17.262676
17.741405 21.391427
17.944135 24.673824
18.199176 28.803192
18.434583 32.614663
18.643854 36.002957
18.892329 40.026016
19.134265 43.943179
19.500520 49.873207
19.781698 54.425752
20.082561 59.297016
20.376883 64.062383
20.599235 67.662471
20.788909 70.733486
20.991652 74.016088
21.207451 75.633022
21.455977 74.471131
21.724087 73.217685
21.920302 72.300356
21.730602 58.541393
21.553970 45.730276
21.377415 32.924686
21.181149 18.689497
20.978355 3.980846
20.795221 -0.069765
20.559712 -0.197878
20.376629 -0.297472
20.167346 -0.411318
19.853427 -0.582085
19.480682 -0.784851
19.108026 -0.987570
18.852985 -1.126308
18.584939 -1.272121
18.356110 -1.396599
18.101170 -1.535282
17.878920 -1.656182
17.630445 -1.791349
17.375518 -1.930025
17.120591 -2.068701
16.872166 -2.203839
16.584511 -2.360319
16.329558 -2.499008
16.081121 -2.634154
15.852280 -2.758640
15.538450 -2.929358
15.296477 -3.060987
15.028380 -3.206827
14.819097 -3.320673
14.564093 -3.459391
14.348295 -3.576781
14.027874 -3.751085
13.785901 -3.882714
13.472033 -4.053453
13.059981 -4.277602
12.798425 -4.419884
12.484557 -4.590623
12.177243 -4.757796
11.856796 -4.932114
11.536375 -5.106417
11.255210 -5.259366
10.902086 -5.451459
10.555529 -5.639981
10.267772 -5.796515
9.940849 -5.974356
9.646577 -6.134435
9.365399 -6.287391
9.103843 -6.429673
8.816137 -6.586180
8.528431 -6.742687
8.260334 -6.888527
7.985671 -7.037939
7.704455 -7.190915
7.449464 -7.329626
7.187908 -7.471908
6.932879 -7.610639
6.658204 -7.760058
6.390132 -7.905884
6.148159 -8.037514
5.847359 -8.201143
5.598884 -8.336310
5.285029 -8.507041
5.030000 -8.645773
4.761903 -8.791613
4.461078 -8.955256
4.212603 -9.090423
3.918369 -9.250481
3.643719 -9.399886
3.369031 -9.549311
3.107499 -9.691580
2.806713 -9.855203
2.545156 -9.997485
2.257412 -10.154012
1.995856 -10.296295
1.734299 -10.438577
1.466190 -10.584424
1.198093 -10.730264
0.936523 -10.872553
0.668401 -11.018407
0.347993 -11.192704
0.073355 -11.342102
-0.181686 -11.480840
-0.430174 -11.616013
-0.711391 -11.768990
-0.959853 -11.904149
-1.241031 -12.057105
-1.483004 -12.188734
-1.783817 -12.352371
-2.006143 -12.473313
-2.293861 -12.629827
-2.548877 -12.768551
-2.758097 -12.882363
-3.032722 -13.031754
-3.320440 -13.188268
-3.608134 -13.344768
-3.856571 -13.479914
-4.072395 -13.597318
-4.360088 -13.753818
-4.588942 -13.878311
-4.870133 -14.031274
-5.125110 -14.169977
-5.373611 -14.305157
-5.576303 -14.415418
-5.877166 -14.579083
-6.106033 -14.703582
-6.361036 -14.842299
-6.596469 -14.970371
-6.858038 -15.112660
-7.067296 -15.226493
-7.302703 -15.354550
-7.544651 -15.486165
-7.766990 -15.607114
-8.008950 -15.738736
-8.218246 -15.852590
-8.433994 -15.969952
-8.623668 -16.073132
-8.865654 -16.204768
-9.074887 -16.318587
-9.297200 -16.439522
-9.473819 -16.535599
-9.689592 -16.652976
-9.898824 -16.766795
-10.121151 -16.887737
-10.297731 -16.983794
-10.493896 -17.090504
-10.696600 -17.200771
-10.892803 -17.307502
-11.265535 -17.510262
-11.566373 -17.673912
-11.762524 -17.780615
-12.082958 -17.954926
-12.403417 -18.129250
-12.593041 -18.232402
-12.900381 -18.399590
-13.227317 -20.591015
-13.528129 -26.521936
-13.737400 -30.647991
-14.070889 -37.223186
-14.358607 -42.895948
-14.620176 -48.053140
-14.875243 -53.082129
-15.091067 -57.337389
-15.287244 -61.205283
-15.476906 -64.944723
-15.673083 -68.812618
-15.849625 -72.293397
-16.045853 -76.162293
-16.248570 -80.159142
-16.431679 -83.769377
-16.634409 -87.766477
-16.837139 -91.763577
-17.183671 -90.959320
-17.000538 -73.037190
-16.797782 -53.194832
-16.601529 -33.988821
-16.405289 -14.784054
-16.189401 0.027367
-16.006216 0.104710
-15.809951 0.187576
-15.633319 0.262152
-15.404351 0.358826
-15.175408 0.455488
-14.992223 0.532831
-14.815439 0.607472
-14.619122 0.690359
-14.442440 0.764957
-14.115351 0.903058
-13.847216 1.016268
-13.618312 1.112914
-13.363169 1.220639
-13.082067 1.339324
-12.846710 1.438694
-12.591796 1.546322
-12.304166 1.667763
-12.042699 1.778158
-11.748516 1.902366
-11.487061 2.012756
-11.245202 2.114871
-10.944504 2.241830
-10.715689 2.338439
-10.441165 2.454346
-10.146995 2.578548
-9.892068 2.686182
-9.656737 2.785542
-9.395282 2.895931
-9.179547 2.987017
-8.898407 3.105718
-8.702281 3.188525
-8.460346 3.290673
-8.185721 3.406623
-7.930667 3.514310
-7.656068 3.630250
-7.387971 3.743444
-7.100240 3.864927
-6.773304 4.002964
-6.511760 4.113391
-6.217501 4.237631
-5.942863 4.353587
-5.629021 4.486095
-5.321681 4.615858
-5.086261 4.715255
-4.765878 4.850525
-4.550092 4.941632
-4.242727 5.071406
-3.928910 5.203903
-3.700018 5.300545
-3.379597 5.435830
-3.124581 5.543501
-2.830309 5.667747
-2.522969 5.797510
-2.287575 5.896896
-1.986788 6.023892
-1.705610 6.142609
-1.424432 6.261326
-1.162875 6.371758
-0.920928 6.473912
-0.633209 6.595390
-0.384734 6.700300
-0.083934 6.827301
0.197206 6.946002
0.393395 7.028836
0.694169 7.155826
0.962266 7.269020
1.217282 7.376691
1.452651 7.476067
1.753464 7.603074
2.041169 7.724547
2.302751 7.834990
2.544674 7.937133
2.812758 8.050322
3.061246 8.155237
3.322828 8.265680
3.571291 8.370584
3.859035 8.492073
4.074782 8.583164
4.362539 8.704659
4.617542 8.812325
4.839868 8.906194
5.121046 9.024911
5.376075 9.132587
5.637657 9.243030
5.879579 9.345173
6.200000 9.480459
6.402718 9.566049
6.664262 9.676476
6.925793 9.786897
7.206932 9.905598
7.455395 10.010502
7.697279 10.112629
7.926133 10.209254
8.207261 10.327950
8.488451 10.446672
8.743442 10.554332
8.998433 10.661992
9.194622 10.744826
9.469247 10.860776
9.711182 10.962924
9.959670 11.067839
10.168877 11.156169
10.417378 11.261089
10.646258 11.357725
10.894759 11.462645
11.097438 11.548219
11.398263 11.675231
11.607521 11.763583
11.842966 11.862991
12.097969 11.970656
12.320257 12.064509
12.549137 12.161145
12.764897 12.252242
13.026530 12.362706
13.216166 12.442773
13.464654 12.547688
13.700062 12.647080
13.915860 12.738193
14.125080 12.826528
14.406308 12.945267
14.609039 13.030862
14.831403 13.124747
15.040623 13.213082
15.243365 13.298683
15.504871 13.409094
15.733763 13.505735
15.936468 13.591320
16.171913 13.690728
16.381171 13.779079
16.616566 13.878466
16.838892 13.972334
17.022001 14.049645
17.244327 14.143514
17.492828 14.248434
17.721707 14.345070
17.924424 14.430660
18.159844 15.113739
18.421426 19.078768
18.650306 22.548095
18.892241 26.215318
19.134226 29.883311
19.336956 32.956271
19.552755 36.227318
19.748957 39.201330
19.990930 42.869130
20.337501 48.122403
20.638300 52.681887
20.873745 56.250740
21.122272 60.017873
21.331593 63.190743
21.553907 66.560545
21.743556 69.435224
21.920098 72.111238
22.116288 71.369890
21.939745 58.566582
21.736964 43.860416
21.560371 31.053424
21.383701 18.240905
21.161299 2.111740
20.971561 -0.084900
20.696923 -0.230067
20.461491 -0.354511
20.284973 -0.447814
19.944855 -0.627593
19.729120 -0.741625
19.323698 -0.955922
19.094844 -1.076889
18.859500 -1.201286
18.571832 -1.353341
18.395290 -1.446657
18.159933 -1.571061
17.924602 -1.695452
17.643513 -1.844029
17.375454 -1.985719
17.120514 -2.120474
16.859021 -2.258693
16.623678 -2.383091
16.381781 -2.510952
16.067977 -2.676821
15.819526 -2.808146
15.564498 -2.942949
15.355265 -3.053544
15.100249 -3.188340
14.845195 -3.323155
14.564004 -3.471786
14.289329 -3.616974
13.975423 -3.782897
13.635355 -3.962649
13.347662 -4.114717
13.007607 -4.294462
12.661036 -4.477651
12.379846 -4.626282
12.007139 -4.823287
11.739016 -4.965010
11.405540 -5.141278
11.085170 -5.310618
10.725518 -5.500722
10.391978 -5.677023
10.065004 -5.849854
9.744570 -6.019228
9.450324 -6.174760
9.182240 -6.316463
8.901087 -6.465074
8.639518 -6.603333
8.358340 -6.751958
8.024825 -6.928246
7.769809 -7.063041
7.475563 -7.218573
7.174789 -7.377555
6.926250 -7.508927
6.677787 -7.640259
6.376988 -7.799255
6.121959 -7.934057
5.794997 -8.106881
5.526888 -8.248598
5.265344 -8.386844
4.990706 -8.532011
4.716056 -8.677185
4.500309 -8.791224
4.166806 -8.967505
3.892194 -9.112659
3.630612 -9.250925
3.382150 -9.382257
3.100972 -9.530881
2.806687 -9.686433
2.512441 -9.841965
2.224710 -9.994053
1.910829 -10.159963
1.642732 -10.301673
1.381163 -10.439932
1.086891 -10.595478
0.838403 -10.726823
0.557238 -10.875440
0.295669 -11.013700
0.007912 -11.165801
-0.201295 -11.276383
-0.489026 -11.428471
-0.737553 -11.559836
-0.999122 -11.698096
-1.273772 -11.843270
-1.574571 -12.002265
-1.783829 -12.112874
-2.084629 -12.271870
-2.365769 -12.420474
-2.653500 -12.572562
-2.921584 -12.714265
-3.189656 -12.855962
-3.418510 -12.976929
-3.673500 -13.111711
-3.948125 -13.256871
-4.222725 -13.402018
-4.490872 -13.543755
-4.745787 -13.678497
-5.027016 -13.827148
-5.268912 -13.955009
-5.576240 -14.117455
-5.844337 -14.259165
-6.053595 -14.369774
-6.321704 -14.511490
-6.557086 -14.635908
-6.805574 -14.767253
-7.060641 -14.902075
-7.296048 -15.026506
-7.564133 -15.168209
-7.799565 -15.292654
-8.067700 -15.434384
-8.276920 -15.544972
-8.518893 -15.672874
-8.773935 -15.807683
-9.002751 -15.928630
-9.225115 -16.046166
-9.454020 -16.167160
-9.656775 -16.274332
-9.859493 -16.381484
-10.068738 -16.492086
-10.271455 -16.599238
-10.448023 -16.692567
-10.676877 -16.813534
-11.043018 -17.007068
-11.389627 -17.190277
-11.683911 -17.345829
-12.023979 -17.525581
-12.298616 -17.670748
-12.494806 -17.774450
-12.782525 -17.926531
-13.063703 -18.075155
-13.436422 -18.573134
-13.711123 -23.865802
-13.907287 -27.645300
-14.234262 -33.945116
-14.476222 -38.606970
-14.737791 -43.646627
-14.953615 -47.804907
-15.156345 -51.710911
-15.378709 -55.995207
-15.627223 -60.783321
-15.816872 -64.437293
-16.032670 -68.595084
-16.307333 -73.887017
-16.542779 -78.423345
-16.725862 -81.950811
-16.915498 -85.604538
-17.131335 -89.763063
-17.360209 -90.272656
-17.170476 -71.707000
-16.961180 -51.227066
-16.784587 -33.947121
-16.588334 -14.743455
-16.411702 -1.933756
-16.208883 0.094374
-16.019145 0.172643
-15.783662 0.269782
-15.456560 0.404715
-15.220963 0.501902
-14.991855 0.596411
-14.638515 0.742168
-14.448790 0.820432
-14.265745 0.895940
-14.010653 1.001168
-13.775182 1.098302
-13.506971 1.208943
-13.238899 1.319525
-12.983997 1.424675
-12.683261 1.548732
-12.434862 1.651199
-12.179922 1.756365
-11.853088 1.891188
-11.663528 1.969383
-11.349749 2.098821
-11.101362 2.201283
-10.833354 2.311839
-10.513022 2.443980
-10.264610 2.546452
-10.003180 2.654295
-9.735185 2.764846
-9.467151 2.875413
-9.231770 2.972510
-8.996388 3.069608
-8.708695 3.188284
-8.460245 3.290773
-8.205216 3.395975
-7.937106 3.506573
-7.629766 3.633354
-7.361669 3.743947
-7.054329 3.870729
-6.812369 3.970540
-6.485445 4.105399
-6.197740 4.224081
-5.942724 4.329278
-5.641937 4.453356
-5.406530 4.550464
-5.092649 4.679943
-4.811484 4.795927
-4.549915 4.903827
-4.236072 5.033291
-3.987559 5.135805
-3.712921 5.249096
-3.438309 5.362377
-3.098267 5.502648
-2.849778 5.605152
-2.535898 5.734631
-2.267814 5.845219
-1.980095 5.963906
-1.698917 6.079895
-1.430833 6.190483
-1.156170 6.303785
-0.927316 6.398189
-0.646138 6.514178
-0.358419 6.632865
-0.090322 6.743458
0.197421 6.862156
0.439331 6.961946
0.720509 7.077935
0.982116 7.185851
1.289406 7.312612
1.518272 7.407022
1.819072 7.531105
2.028330 7.617426
2.342198 7.746900
2.603767 7.854800
2.793390 7.933022
3.100730 8.059803
3.309950 8.146109
3.630371 8.278286
3.872281 8.378076
4.107713 8.475195
4.382326 8.588475
4.611192 8.682885
4.905451 8.804270
5.140858 8.901378
5.402428 9.009279
5.670537 9.119877
5.899366 9.214271
6.154407 9.319479
6.415900 9.427347
6.683959 9.537925
6.912788 9.632319
7.200430 9.750975
7.390028 9.829186
7.677671 9.947842
7.971917 10.069221
8.174596 10.152829
8.436077 10.260692
8.704199 10.371296
8.926500 10.462997
9.220746 10.584377
9.456153 10.681485
9.711195 10.786693
9.972713 10.894572
10.201631 10.989003
10.463162 11.096887
10.711650 11.199392
10.999356 11.318073
11.182477 11.393613
11.476698 11.514982
11.712092 11.612085
11.967172 11.717308
12.156783 11.795525
12.411799 11.900722
12.673368 12.008622
12.928359 12.113808
13.163728 12.210901
13.412165 12.313384
13.673823 12.421321
13.902703 12.515736
14.138097 12.612839
14.419263 12.728823
14.857362 12.909544
15.066620 12.995865
15.282443 13.084894
15.485161 13.168518
15.700934 13.257526
15.916758 13.346556
16.152101 13.443638
16.335210 13.519172
16.583698 13.621676
16.832224 13.724196
17.067657 13.821315
17.296524 13.915725
17.525403 14.010140
17.754282 14.104555
17.976634 14.196278
18.218582 14.296084
18.427840 16.313474
18.643625 19.524521
18.879071 23.028117
19.101410 26.336680
19.304140 29.353450
19.526491 32.662203
19.729221 35.678973
19.912330 38.403761
20.147750 41.906979
20.559738 48.037658
20.880197 52.806320
21.194090 57.477278
21.403374 60.591564
21.664955 64.484092
21.900439 67.988254
22.194736 70.990645
22.449777 69.798295
22.789845 68.208436
23.097211 66.771465
23.443768 65.151265
23.718418 63.867242
24.051920 62.308079
24.411572 60.626665
24.738546 59.098020
25.045873 57.661228
25.346673 56.254953
25.712852 54.543021
26.052894 52.953280
26.406043 51.302266
26.713345 49.865591
27.059953 48.245154
27.406549 46.624777
27.628863 45.585434
27.452231 32.809681
27.275650 20.037602
27.099057 7.264605
26.915872 -0.037376
26.726236 -0.123031
26.510374 -0.220532
26.281494 -0.323912
26.039559 -0.433190
25.804114 -0.539536
25.601358 -0.631117
25.372479 -0.734497
24.973547 -0.914687
24.783885 -1.000354
24.522341 -1.118488
24.300015 -1.218909
24.031943 -1.339992
23.816234 -1.437424
23.541647 -1.561449
23.267073 -1.685469
23.012159 -1.800609
22.717925 -1.933509
22.476066 -2.042752
22.181858 -2.175641
21.972664 -2.270130
21.743861 -2.373476
21.469261 -2.497507
21.240344 -2.600905
20.952562 -2.730891
20.704073 -2.843128
20.429385 -2.967200
20.161237 -3.088317
19.814642 -3.244868
19.487693 -3.392544
19.186906 -3.528404
18.853417 -3.679035
18.447969 -3.862168
18.101386 -4.018713
17.774425 -4.166395
17.434331 -4.320009
17.055046 -4.491325
16.747668 -4.630162
16.420630 -4.777879
16.041383 -4.949178
15.727515 -5.090946
15.459392 -5.212052
15.139010 -5.356763
14.779384 -5.519199
14.393685 -5.693412
14.040637 -5.852877
13.687476 -6.012393
13.360489 -6.160087
13.007340 -6.319598
12.621539 -6.493857
12.333846 -6.623802
11.967718 -6.789175
11.706212 -6.907293
11.379289 -7.054958
11.091596 -7.184903
10.777728 -7.326672
10.483494 -7.459571
10.235044 -7.571792
9.927704 -7.710611
9.685744 -7.819900
9.417660 -7.940989
9.129941 -8.070946
8.835695 -8.203851
8.567572 -8.324957
8.273313 -8.457868
8.011757 -8.576009
7.750188 -8.694154
7.501725 -8.806380
7.168223 -8.957017
6.900113 -9.078117
6.645097 -9.193303
6.331217 -9.335077
6.056579 -9.459126
5.781929 -9.583180
5.507292 -9.707228
5.232667 -9.831271
4.971072 -9.949429
4.709528 -10.067563
4.415282 -10.200469
4.173322 -10.309758
3.898671 -10.433812
3.624034 -10.557860
3.316669 -10.696692
3.055112 -10.814832
2.780474 -10.938880
2.531974 -11.051124
2.263864 -11.172224
1.989226 -11.296272
1.747291 -11.405550
1.466101 -11.532558
1.211072 -11.647750
0.910273 -11.783615
0.668325 -11.892899
0.387172 -12.019890
0.132194 -12.135059
-0.162052 -12.267964
-0.410527 -12.380196
-0.672084 -12.498336
-0.933640 -12.616476
-1.195222 -12.734628
-1.482903 -12.864568
-1.724863 -12.973857
-1.907946 -13.056552
-2.234857 -13.204211
-2.503005 -13.325329
-2.790622 -13.455240
-3.019527 -13.558632
-3.294177 -13.682686
-3.588436 -13.815597
-3.804183 -13.913046
-4.052684 -14.025290
-4.340390 -14.155241
-4.608500 -14.276341
-4.889665 -14.403338
-5.125060 -14.509661
-5.406225 -14.636658
-5.628551 -14.737079
-5.942444 -14.878859
-6.151677 -14.973365
-6.445961 -15.106288
-6.674828 -15.209663
-6.949440 -15.333700
-7.211060 -15.451868
-7.453020 -15.561157
-7.655750 -15.652727
-7.917332 -15.770878
-8.185429 -15.891973
-8.414258 -15.995330
-8.636635 -16.095774
-8.891664 -16.210966
-9.133637 -16.320260
-9.519450 -16.494525
-9.735249 -16.591997
-9.951021 -16.689457
-10.179863 -16.792821
-10.532974 -16.952314
-10.716095 -17.035027
-10.905744 -17.120688
-11.239246 -17.271324
-11.585892 -17.427898
-11.952046 -17.593283
-12.252884 -17.729165
-12.429452 -17.808918
-12.612522 -17.891607
-12.926390 -18.033376
-13.109511 -18.116088
-13.305688 -21.269771
-13.684961 -27.698139
-13.874572 -30.911893
-14.266951 -37.562403
-14.593926 -43.104352
-14.770468 -46.096608
-15.038603 -50.641282
-15.287092 -54.852956
-15.581389 -59.841054
-15.803753 -63.609950
-16.104540 -68.708043
-16.392335 -73.585931
-16.634295 -77.686964
-16.810914 -80.680512
-17.046372 -84.671335
-17.275282 -88.551173
-17.523774 -89.629969
-17.746125 -88.786211
-17.994626 -87.843224
-18.249669 -86.875413
-18.458910 -86.081404
-18.720486 -85.088802
-18.936293 -84.073165
-19.191333 -81.311392
-19.479057 -78.195698
-19.721018 -75.575549
-19.923746 -73.380257
-20.198381 -70.406297
-20.453419 -67.644552
-20.662693 -65.378366
-20.917727 -62.616662
-21.126976 -60.350751
-21.316617 -58.297166
-21.113859 -38.505570
-20.917609 -19.349182
-20.734431 -1.468911
-20.512007 0.042981
-20.335347 0.079597
-20.158663 0.116217
-19.955861 0.158251
-19.720357 0.207062
-19.497902 0.253169
-19.255828 0.303342
-18.994137 0.357581
-18.634272 0.432168
-18.392248 0.482331
-18.169903 0.528415
-17.967166 0.570435
-17.692454 0.627373
-17.443875 0.678895
-17.214900 0.726353
-16.946820 0.781916
-16.652601 0.842897
-16.410704 0.893034
-16.123061 0.952652
-15.809283 1.017687
-15.560885 1.069171
-15.319019 1.119301
-15.005234 1.184337
-14.796052 1.227693
-14.521548 1.284587
-14.253534 1.340137
-13.985519 1.395687
-13.704456 1.453941
-13.429901 1.510847
-13.227285 1.552842
-12.972296 1.605692
-12.736935 1.654473
-12.449181 1.714114
-12.181131 1.769671
-11.919566 1.823885
-11.638430 1.882154
-11.396462 1.932305
-11.115293 1.990581
-10.847226 2.046142
-10.598772 2.097637
-10.350297 2.149137
-10.056063 2.210121
-9.807562 2.261627
-9.565665 2.311763
-9.284513 2.370036
-8.977211 2.433729
-8.754872 2.479811
-8.454111 2.542148
-8.225231 2.589587
-7.885201 2.660063
-7.584415 2.722405
-7.316318 2.777972
-7.048233 2.833536
-6.799732 2.885041
-6.518542 2.943322
-6.243917 3.000242
-5.936577 3.063942
-5.733885 3.105953
-5.439613 3.166945
-5.184610 3.219798
-4.903419 3.278079
-4.641863 3.332290
-4.386847 3.385145
-4.105656 3.443426
-3.824503 3.501699
-3.556445 3.557258
-3.288309 3.612833
-3.020250 3.668392
-2.752179 3.723953
-2.490661 3.778156
-2.255304 3.826937
-1.980692 3.883854
-1.699527 3.942130
-1.392212 4.005825
-1.156805 4.054617
-0.882218 4.111528
-0.614147 4.167090
-0.352603 4.221299
-0.097587 4.274154
0.157442 4.327012
0.412445 4.379865
0.713207 4.442202
0.968261 4.495066
1.255966 4.554697
1.491386 4.603491
1.746390 4.656344
2.001406 4.709200
2.282571 4.767475
2.537600 4.820333
2.799118 4.874537
3.080309 4.932817
3.309201 4.980258
3.590328 5.038526
3.851859 5.092732
4.100360 5.144237
4.388129 5.203881
4.669307 5.262159
4.865484 5.302820
5.127041 5.357031
5.401678 5.413953
5.676329 5.470879
5.937860 5.525085
6.251727 5.590138
6.532905 5.648416
6.742163 5.691788
7.010248 5.747352
7.252208 5.797502
7.533361 5.855774
7.840701 5.919475
8.036890 5.960138
8.272336 6.008937
8.546960 6.065857
8.847760 6.128202
9.076652 6.175643
9.357855 6.233926
9.632506 6.290851
9.867900 6.339640
10.103358 6.388442
10.345331 6.438594
10.672305 6.506364
10.907738 6.555161
11.195507 6.614805
11.444008 6.666310
11.705590 6.720527
11.960619 6.773385
12.163349 6.815404
12.431420 6.870965
12.725705 6.931960
13.019977 6.992952
13.274992 7.045807
13.516953 7.095957
13.811199 7.156944
14.066241 7.209805
14.295120 7.257243
14.530502 7.306029
14.844395 7.371088
15.086343 7.421235
15.328290 7.471382
15.576753 7.522879
15.851416 7.579807
16.139122 7.639438
16.394151 7.692296
16.649192 7.745157
16.891152 7.795307
17.100372 7.838671
17.388154 7.898317
17.649736 7.952534
17.917820 8.008098
18.166309 8.059601
18.467121 8.121948
18.715596 8.173448
19.042558 8.241216
19.297612 8.294079
19.559181 8.348293
19.827303 8.403865
20.095426 8.459437
20.376591 8.517713
20.651267 8.574643
20.945526 8.635632
21.220176 8.692557
21.527529 8.756260
21.808757 8.814549
22.083370 8.871466
22.371126 8.931108
22.684994 8.996161
22.972738 9.055800
23.267035 9.116797
23.561269 11.304226
23.829366 13.535945
24.123637 15.985550
24.437492 18.598172
24.770956 21.374024
25.078334 23.932730
25.333338 26.055453
25.601498 28.287701
25.954596 31.226994
26.216191 33.404584
26.549706 36.180859
26.850543 38.685120
27.144764 41.134302
27.491360 44.019467
27.766010 44.915701
28.119121 43.264865
28.406839 41.919746
28.609519 40.972195
28.419717 27.249581
28.190762 10.696133
27.988006 -0.014246
27.804821 -0.061854
27.569312 -0.123060
27.333842 -0.184257
27.118056 -0.240338
26.902092 -0.296465
26.574890 -0.381502
26.254215 -0.464843
25.940144 -0.546467
25.665379 -0.617876
25.272797 -0.719905
24.985028 -0.794693
24.690756 -0.871172
24.350662 -0.959559
24.004079 -1.049633
23.624807 -1.148203
23.265193 -1.241663
22.938270 -1.326628
22.611334 -1.411595
22.212516 -1.515245
21.859430 -1.607009
21.460663 -1.710645
21.074939 -1.810891
20.689202 -1.911141
20.427709 -1.979100
20.114057 -2.060616
19.787273 -2.145544
19.453873 -2.232192
19.107302 -2.322262
18.819635 -2.397025
18.564733 -2.463271
18.296827 -2.532898
18.009184 -2.607654
17.708423 -2.685819
17.420730 -2.760588
17.106887 -2.842153
16.786517 -2.925414
16.505352 -2.998486
16.198024 -3.078358
15.962617 -3.139538
15.596476 -3.234695
15.328417 -3.304361
15.060333 -3.374034
14.824939 -3.435211
14.537271 -3.509973
14.301889 -3.571147
14.007656 -3.647616
13.726503 -3.720685
13.432295 -3.797147
13.190411 -3.860011
12.883210 -3.939849
12.641288 -4.002723
12.406020 -4.063867
12.157596 -4.128430
11.915750 -4.191284
11.647729 -4.260940
11.412398 -4.322100
11.131283 -4.395160
10.817492 -4.476711
10.588701 -4.536172
10.314102 -4.607538
10.026409 -4.682307
9.758350 -4.751973
9.470644 -4.826745
9.189517 -4.899808
8.921382 -4.969494
8.685975 -5.030674
8.391754 -5.107139
8.104035 -5.181915
7.842441 -5.249901
7.561301 -5.322967
7.273582 -5.397742
7.018553 -5.464022
6.770091 -5.528595
6.495428 -5.599978
6.181560 -5.681549
5.906872 -5.752938
5.678018 -5.812415
5.370690 -5.892287
5.128768 -5.955160
4.834509 -6.031636
4.572927 -6.099619
4.298290 -6.170994
4.049814 -6.235571
3.749053 -6.313736
3.467875 -6.386812
3.239033 -6.446286
2.983992 -6.512569
2.702801 -6.585648
2.395474 -6.665519
2.160029 -6.726710
1.891932 -6.796386
1.623847 -6.866058
1.323022 -6.944240
1.041794 -7.017329
0.806323 -7.078526
0.570916 -7.139706
0.270066 -7.217894
-0.004597 -7.289277
-0.318478 -7.370852
-0.586575 -7.440528
-0.867778 -7.513610
-1.162075 -7.590095
-1.417104 -7.656375
-1.744066 -7.741349
-2.012201 -7.811035
-2.293353 -7.884104
-2.548382 -7.950384
-2.803411 -8.016664
-3.071520 -8.086343
-3.365792 -8.162822
-3.607727 -8.225699
-3.915080 -8.305577
-4.176649 -8.373556
-4.398975 -8.431337
-4.673651 -8.502723
-4.967859 -8.579185
-5.203317 -8.640378
-5.445214 -8.703245
-5.726417 -8.776328
-6.014136 -8.851103
-6.243028 -8.910590
-6.478410 -8.971764
-6.759613 -9.044846
-7.040804 -9.117925
-7.295833 -9.184205
-7.550836 -9.250478
-7.812392 -9.318454
-8.080527 -9.388140
-8.329003 -9.452717
-8.603678 -9.524102
-8.786800 -9.571694
-9.067991 -9.644773
-9.323045 -9.711059
-9.591129 -9.780732
-9.898482 -9.860610
-10.153523 -9.926893
-10.362794 -9.981281
-10.617835 -10.047564
-10.879442 -10.115553
-11.141024 -10.183536
-11.369942 -10.243030
-11.625008 -10.309319
-11.912765 -10.384105
-12.122023 -10.438489
-12.422835 -10.516668
-12.625578 -10.569359
-12.919799 -10.645824
-13.142150 -10.703611
-13.364502 -10.761399
-13.613003 -10.825982
-13.835380 -10.883776
-14.031570 -10.934763
-14.267002 -10.995950
-14.489366 -11.053741
-14.705178 -11.109828
-14.914448 -11.164216
-15.149881 -11.225403
-15.365692 -11.281490
-15.601099 -11.342670
-15.797314 -11.393665
-16.071952 -11.465041
-16.248532 -11.510933
-16.503548 -11.577209
-16.758615 -11.643499
-16.980963 -12.441402
-17.203290 -14.781128
-17.425599 -17.120653
-17.654474 -19.529290
-17.889896 -22.006811
-18.131853 -24.553122
-18.393401 -27.305592
-18.622272 -29.714176
-18.870755 -32.329158
-19.125783 -35.013024
-19.367739 -37.559309
-19.622769 -40.243189
-19.890920 -43.065158
-20.126306 -45.542304
-20.355189 -47.951021
-20.590612 -50.428556
-20.832578 -52.974961
-21.068047 -55.452976
-21.277287 -57.654974
-21.525799 -55.977042
-21.761260 -53.427293
-21.944343 -51.444726
-21.767653 -34.203656
-21.590991 -16.965312
-21.381692 -1.833135
-21.172457 0.044105
-20.930517 0.087718
-20.753949 0.119547
-20.544688 0.157270
-20.237352 0.212671
-20.021723 0.251542
-19.714280 0.306963
-19.485287 0.348242
-19.243252 0.391872
-19.040502 0.428421
-18.778847 0.475588
-18.589140 0.509786
-18.301287 0.561675
-18.026548 0.611201
-17.791069 0.653649
-17.588274 0.690206
-17.293946 0.743263
-17.038909 0.789237
-16.770798 0.837568
-16.489611 0.888256
-16.234604 0.934225
-15.920716 0.990808
-15.665717 1.036775
-15.358377 1.092177
-15.103361 1.138148
-14.854885 1.182939
-14.560639 1.235981
-14.292555 1.284307
-14.044041 1.329105
-13.775969 1.377429
-13.514426 1.424576
-13.252856 1.471728
-12.997853 1.517696
-12.729769 1.566022
-12.448629 1.616702
-12.167502 1.667379
-11.945201 1.707452
-11.670589 1.756954
-11.415611 1.802918
-11.167135 1.847709
-10.925200 1.891322
-10.624414 1.945543
-10.349776 1.995050
-10.114369 2.037486
-9.820110 2.090530
-9.558528 2.137684
-9.297022 2.184824
-9.035453 2.231976
-8.728164 2.287369
-8.440509 2.339223
-8.139697 2.393449
-7.845463 2.446489
-7.610107 2.488915
-7.361682 2.533697
-7.041350 2.591442
-6.734073 2.646833
-6.498780 2.689248
-6.263450 2.731670
-5.930087 2.791763
-5.642432 2.843617
-5.354803 2.895466
-5.145634 2.933172
-4.838446 2.988547
-4.570412 3.036864
-4.322051 3.081635
-4.073614 3.126419
-3.812159 3.173550
-3.518014 3.226574
-3.269590 3.271356
-2.968841 3.325570
-2.753081 3.364464
-2.491588 3.411602
-2.190826 3.465819
-1.961934 3.507080
-1.661160 3.561299
-1.386535 3.610804
-1.111898 3.660311
-0.856894 3.706279
-0.595287 3.753438
-0.346799 3.798232
-0.045961 3.852462
0.222174 3.900797
0.516458 3.953846
0.719201 3.990393
0.980745 4.037540
1.242314 4.084692
1.477721 4.127128
1.824304 4.189604
2.072805 4.234400
2.308263 4.276845
2.556726 4.321634
2.837917 4.372323
3.092945 4.418295
3.387217 4.471342
3.661842 4.520847
3.897236 4.563280
4.171874 4.612788
4.439984 4.661118
4.694974 4.707084
4.963071 4.755412
5.250764 4.807273
5.499278 4.852071
5.793486 4.905107
6.061621 4.953442
6.283922 4.993515
6.565138 5.044208
6.852856 5.096074
7.114464 5.143232
7.382548 5.191558
7.683373 5.245786
7.931874 5.290582
8.219592 5.342448
8.526932 5.397850
8.781948 5.443820
9.043530 5.490974
9.285478 5.534589
9.553600 5.582922
9.802101 5.627718
10.083330 5.678413
10.377576 5.731455
10.652265 5.780972
10.907319 5.826949
11.162398 5.872931
11.450206 5.924812
11.816474 5.990837
12.045391 6.032103
12.352731 6.087506
12.535814 6.120509
12.797434 6.167670
13.045935 6.212466
13.346747 6.266691
13.680224 6.326805
13.967917 6.378666
14.222959 6.424641
14.458366 6.467077
14.765693 6.522477
15.001113 6.564915
15.275738 6.614420
15.576575 6.668650
15.844685 6.716981
16.073577 6.758242
16.354743 6.808926
16.649027 6.861975
16.890975 6.905590
17.159072 6.953918
17.472939 7.010497
17.747564 7.060002
17.976431 7.101259
18.237987 7.148408
18.545327 7.203811
18.774194 7.245067
19.061925 7.296935
19.330035 7.345266
19.552361 7.385343
19.840067 7.437206
20.088568 7.482002
20.408976 7.539760
20.657439 7.584549
20.964766 7.639950
21.219757 7.685915
21.500973 7.736609
21.814854 7.793190
22.102559 7.845053
22.370682 7.893386
22.671481 7.947610
22.933063 7.994764
23.207701 8.044271
23.488840 8.094950
23.809249 8.152709
24.064252 8.198677
24.378094 9.728901
24.659273 11.795507
24.946928 13.909717
25.208471 15.832015
25.574625 18.523176
25.842722 20.493639
26.163105 22.848393
26.483513 25.203334
26.816964 27.654138
27.157020 30.153480
27.503552 32.700427
27.830513 35.103533
28.164041 37.554896
28.451797 39.669854
28.850704 39.832621
29.053396 38.885011
28.876739 26.115091
28.693491 12.868708
28.497251 -0.004083
28.287853 -0.051018
28.071966 -0.099407
27.679320 -0.187416
27.430641 -0.243155
27.195018 -0.295968
26.972489 -0.345846
26.769631 -0.391315
26.534123 -0.444102
26.311708 -0.493954
26.010832 -0.561393
25.703517 -0.630275
25.409271 -0.696228
25.075871 -0.770957
24.748973 -0.844228
24.376291 -0.927762
24.049431 -1.001025
23.735589 -1.071370
23.428249 -1.140258
23.049014 -1.225260
22.689388 -1.305867
22.329800 -1.386466
21.957119 -1.469999
21.630411 -1.543228
21.323186 -1.612090
20.917903 -1.702931
20.578102 -1.779094
20.264234 -1.849445
19.898081 -1.931516
19.649592 -1.987212
19.309537 -2.063433
19.021806 -2.127925
18.734100 -2.192412
18.420220 -2.262766
18.158689 -2.321386
17.851336 -2.390276
17.609401 -2.444504
17.374006 -2.497266
17.047045 -2.570551
16.765854 -2.633578
16.510825 -2.690741
16.236201 -2.752295
15.955010 -2.815322
15.673832 -2.878346
15.431884 -2.932576
15.150732 -2.995594
14.856422 -3.061561
14.614487 -3.115789
14.320253 -3.181739
14.071765 -3.237436
13.790562 -3.300465
13.561720 -3.351758
13.280542 -3.414782
13.045122 -3.467549
12.744285 -3.534979
12.456579 -3.599466
12.227751 -3.650756
11.953088 -3.712320
11.704625 -3.768010
11.436528 -3.828102
11.155337 -3.891129
10.913402 -3.945356
10.651846 -4.003982
10.390289 -4.062608
10.115677 -4.124160
9.847644 -4.184237
9.586176 -4.242843
9.298457 -4.307333
9.069680 -4.358612
8.781999 -4.423093
8.559749 -4.472908
8.298231 -4.531525
8.036712 -4.590143
7.781760 -4.647288
7.533284 -4.702982
7.330605 -4.748411
6.997154 -4.823151
6.768275 -4.874452
6.545948 -4.924285
6.238659 -4.993161
5.937872 -5.060580
5.650167 -5.125067
5.408232 -5.179295
5.113973 -5.245250
4.845888 -5.305339
4.577766 -5.365437
4.303154 -5.426989
4.054653 -5.482688
3.760394 -5.548644
3.413823 -5.626325
3.158782 -5.683490
2.864523 -5.749446
2.635669 -5.800741
2.315223 -5.872567
2.079828 -5.925329
1.798625 -5.988358
1.523962 -6.049921
1.236218 -6.114417
0.955015 -6.177446
0.660756 -6.243402
0.386118 -6.304960
0.098387 -6.369452
-0.215494 -6.439806
-0.477025 -6.498426
-0.751662 -6.559984
-1.019759 -6.620075
-1.274775 -6.677235
-1.555953 -6.740259
-1.837144 -6.803285
-2.085619 -6.858979
-2.360257 -6.920537
-2.654503 -6.986490
-2.916098 -7.045124
-3.171101 -7.102281
-3.386849 -7.150639
-3.700729 -7.220992
-3.955707 -7.278144
-4.249953 -7.344096
-4.518050 -7.404188
-4.818799 -7.471598
-5.047691 -7.522903
-5.374602 -7.596177
-5.681942 -7.665065
-5.943498 -7.723690
-6.237719 -7.789638
-6.473165 -7.842411
-6.734683 -7.901028
-7.035457 -7.968444
-7.264336 -8.019745
-7.552055 -8.084235
-7.787462 -8.137000
-8.081645 -8.202938
-8.336712 -8.260109
-8.624430 -8.324599
-8.886025 -8.383233
-9.114854 -8.434523
-9.415640 -8.501942
-9.598736 -8.542982
-9.899523 -8.610400
-10.180726 -8.673430
-10.455338 -8.734982
-10.743057 -8.799472
-11.017720 -8.861035
-11.266195 -8.916729
-11.495075 -8.968030
-11.776227 -9.031048
-12.011673 -9.083821
-12.273229 -9.142447
-12.547867 -9.204005
-12.783274 -9.256769
-13.025196 -9.310994
-13.260629 -9.363764
-13.528751 -9.423862
-13.803478 -9.485439
-14.058544 -9.542611
-14.307045 -9.598310
-14.549006 -9.652543
-14.810588 -9.711175
-15.045995 -9.763939
-15.301023 -9.821102
-15.719476 -9.914894
-15.909074 -9.957391
-16.301333 -10.045313
-16.517150 -10.093687
-16.876676 -10.174271
-17.066279 -10.216769
-17.295118 -10.268062
-17.537055 -10.671026
-17.765888 -12.779145
-17.975116 -14.706665
-18.190862 -16.694217
-18.373907 -18.380521
-18.570011 -20.187134
-18.785721 -22.174358
-18.994909 -24.101504
-19.275906 -26.690196
-19.458788 -28.374990
-19.654873 -30.181428
-19.962044 -33.011243
-20.138518 -34.637011
-20.328123 -36.383744
-20.661528 -39.455243
-20.864192 -41.322287
-20.681075 -23.454107
-20.485133 -4.334546
-20.309305 0.022727
-20.041177 0.069099
-19.792672 0.112078
-19.524468 0.158464
-19.262829 0.203714
-19.053552 0.239909
-18.798541 0.284013
-18.530392 0.330389
-18.262319 0.376752
-18.033408 0.416342
-17.771847 0.461579
-17.503734 0.507949
-17.229079 0.555451
-16.974063 0.599556
-16.719027 0.643664
-16.444418 0.691158
-16.150149 0.742052
-15.895142 0.786155
-15.620505 0.833653
-15.326233 0.884548
-15.051583 0.932048
-14.790026 0.977284
-14.476133 1.031572
-14.227645 1.074548
-13.979169 1.117522
-13.704545 1.165018
-13.456044 1.207996
-13.201028 1.252101
-12.965659 1.292808
-12.677927 1.342571
-12.429452 1.385545
-12.154789 1.433048
-11.906288 1.476026
-11.644732 1.521262
-11.350460 1.572157
-11.108500 1.614004
-10.807713 1.666025
-10.578821 1.705611
-10.304183 1.753110
-10.036048 1.799484
-9.833331 1.834544
-9.584830 1.877522
-9.284005 1.929549
-9.022385 1.974796
-8.793493 2.014383
-8.538426 2.058497
-8.283321 2.102617
-8.047901 2.143333
-7.720952 2.199879
-7.479030 2.241719
-7.178294 2.293731
-6.949478 2.333305
-6.648755 2.385315
-6.380721 2.431671
-6.138888 2.473496
-5.851246 2.523244
-5.596344 2.567329
-5.341391 2.611423
-5.066805 2.658913
-4.785754 2.707521
-4.530827 2.751610
-4.262806 2.797964
-3.949065 2.852226
-3.674466 2.899718
-3.445662 2.939289
-3.177578 2.985654
-2.889847 3.035417
-2.615235 3.082911
-2.347138 3.129279
-2.098650 3.172255
-1.778254 3.227667
-1.497025 3.276305
-1.235405 3.321552
-0.947649 3.371320
-0.672922 3.418834
-0.424421 3.461812
-0.123634 3.513833
0.098717 3.552289
0.379870 3.600914
0.680682 3.652939
1.001116 3.708358
1.275766 3.755859
1.530756 3.799959
1.831556 3.851983
2.086585 3.896090
2.341588 3.940192
2.629319 3.989955
2.884348 4.034063
3.152458 4.080432
3.414027 4.125670
3.688677 4.173171
3.996017 4.226325
4.264114 4.272693
4.506062 4.314538
4.826495 4.369956
5.081486 4.414057
5.356123 4.461556
5.604612 4.504531
5.898883 4.555426
6.153925 4.599535
6.389345 4.640251
6.670523 4.688881
6.925551 4.732988
7.206729 4.781617
7.514057 4.834769
7.756017 4.876616
8.030680 4.924119
8.305305 4.971616
8.553818 5.014596
8.841511 5.064352
9.096527 5.108457
9.416936 5.163872
9.652368 5.204590
9.972764 5.260002
10.214712 5.301847
10.502417 5.351606
10.757433 5.395711
11.045152 5.445471
11.267504 5.483927
11.587899 5.539339
11.901780 5.593625
12.137174 5.634336
12.411799 5.681833
12.679870 5.728196
12.928333 5.771167
13.229133 5.823190
13.543001 5.877474
13.784961 5.919321
14.046505 5.964555
14.288453 6.006399
14.608861 6.061814
14.876958 6.108181
15.151570 6.155675
15.373871 6.194122
15.668130 6.245014
15.929699 6.290253
16.230511 6.342278
16.465906 6.382989
16.720922 6.427094
16.988981 6.473455
17.289780 6.525478
17.570983 6.574112
17.832514 6.619344
18.087543 6.663451
18.349100 6.708687
18.597562 6.751659
18.859119 6.796895
19.101054 6.838738
19.388811 6.888505
19.663448 6.936003
19.931545 6.982371
20.206170 7.029867
20.474267 7.076234
20.735811 7.121468
20.997393 7.166709
21.265477 7.213074
21.507437 7.254921
21.808224 7.306942
22.109011 7.358963
22.396729 7.408724
22.677857 7.457345
22.926345 7.500321
23.174846 7.543299
23.442955 7.589668
23.750283 7.642820
24.005337 7.686932
24.273446 7.733301
24.567667 7.784187
24.835790 8.928910
25.234671 11.753253
25.476581 13.466132
25.816623 15.873855
26.091299 17.818738
26.405154 20.041038
26.719073 22.263788
27.000263 24.254802
27.320684 26.523593
27.628012 28.699671
27.968067 31.107485
28.340799 33.746674
28.700476 36.293420
29.060127 38.839987
29.380561 37.346420
29.720578 35.756798
30.054080 34.197635
30.341786 32.852575
30.727599 31.048850
30.982602 29.856679
31.329173 28.541056
31.669215 27.731203
31.976555 26.999234
32.310057 26.204958
32.597776 25.519721
32.937806 24.709898
33.304010 23.837737
33.572107 23.199231
33.899069 22.420532
34.082164 21.984466
34.297938 21.470576
34.121293 8.726857
33.879168 -0.024413
33.702587 -0.059993
33.499819 -0.100849
33.172679 -0.166765
32.943698 -0.212903
32.485647 -0.305198
32.197904 -0.363176
31.831699 -0.436964
31.485142 -0.506793
31.132056 -0.577937
30.831244 -0.638548
30.510836 -0.703108
30.144669 -0.776888
29.745800 -0.857258
29.386212 -0.929712
29.006978 -1.006125
28.621164 -1.083864
28.228849 -1.162913
27.744915 -1.260422
27.378736 -1.334205
26.973340 -1.415889
26.659497 -1.479126
26.339152 -1.543673
25.979539 -1.616133
25.633020 -1.685954
25.319190 -1.749189
25.011824 -1.811121
24.671769 -1.879640
24.344821 -1.945517
24.037468 -2.007447
23.762856 -2.062779
23.442422 -2.127344
23.167784 -2.182682
22.840836 -2.248560
22.526981 -2.311800
22.291548 -2.359238
21.971165 -2.423792
21.735771 -2.471223
21.428418 -2.533152
21.108010 -2.597712
20.826806 -2.654373
20.512951 -2.717612
20.257910 -2.769002
19.930936 -2.834885
19.702094 -2.880994
19.420891 -2.937655
19.159309 -2.990362
18.897765 -3.043061
18.583859 -3.106311
18.341911 -3.155062
18.034571 -3.216989
17.759896 -3.272334
17.485271 -3.327669
17.243336 -3.376417
16.949052 -3.435713
16.641712 -3.497640
16.399777 -3.546388
16.157816 -3.595142
15.870123 -3.653110
15.602039 -3.707127
15.353551 -3.757196
15.072398 -3.813846
14.850046 -3.858648
14.575434 -3.913981
14.268133 -3.975900
13.967295 -4.036517
13.712317 -4.087893
13.431177 -4.144541
13.182714 -4.194604
12.973494 -4.236760
12.698920 -4.292085
12.398197 -4.352679
12.117108 -4.409316
11.829453 -4.467277
11.594122 -4.514694
11.319510 -4.570027
11.044949 -4.625349
10.763796 -4.681999
10.528414 -4.729427
10.253828 -4.784754
9.953041 -4.845361
9.639160 -4.908606
9.371051 -4.962628
9.076817 -5.021914
8.841435 -5.069342
8.547151 -5.128638
8.233308 -5.191875
7.965186 -5.245900
7.677467 -5.303873
7.428967 -5.353944
7.134733 -5.413230
6.899300 -5.460668
6.624688 -5.516001
6.343536 -5.572651
6.049302 -5.631937
5.748464 -5.692554
5.499976 -5.742622
5.199190 -5.803229
4.911471 -5.861202
4.617225 -5.920491
4.407954 -5.962657
4.100639 -6.024579
3.825964 -6.079924
3.538245 -6.137897
3.270136 -6.191920
2.988932 -6.248580
2.727376 -6.301282
2.511603 -6.344759
2.178113 -6.411954
1.870774 -6.473881
1.635379 -6.521312
1.347648 -6.579288
1.099160 -6.629356
0.831050 -6.683378
0.517169 -6.746623
0.249072 -6.800643
-0.032131 -6.857303
-0.300215 -6.911320
-0.529082 -6.957436
-0.803745 -7.012778
-1.071842 -7.066798
-1.346505 -7.122141
-1.581925 -7.169576
-1.856575 -7.224916
-2.137740 -7.281569
-2.412390 -7.336909
-2.667419 -7.388296
-2.968206 -7.448902
-3.183992 -7.492381
-3.439033 -7.543770
-3.700602 -7.596475
-4.001414 -7.657086
-4.243400 -7.705845
-4.524553 -7.762495
-4.799190 -7.817833
-5.021504 -7.862627
-5.289588 -7.916644
-5.524970 -7.964072
-5.812714 -8.022051
-6.106935 -8.081334
-6.375083 -8.135364
-6.643167 -8.189381
-6.878574 -8.236814
-7.166280 -8.294785
-7.440943 -8.350127
-7.709002 -8.404139
-7.944409 -8.451572
-8.225599 -8.508230
-8.552548 -8.574108
-8.814105 -8.626810
-9.069121 -8.678194
-9.330652 -8.730891
-9.585681 -8.782277
-9.873399 -8.840250
-10.134968 -8.892955
-10.383495 -8.943031
-10.658094 -8.998361
-10.913135 -9.049750
-11.187773 -9.105087
-11.423167 -9.152518
-11.723980 -9.213129
-11.972430 -9.263190
-12.220943 -9.313264
-12.495568 -9.368599
-12.750584 -9.419983
-12.972948 -9.464788
-13.227964 -9.516172
-13.476427 -9.566235
-13.803389 -9.632116
-14.071486 -9.686136
-14.326476 -9.737514
-14.561909 -9.784952
-14.816938 -9.836339
-15.104643 -9.894310
-15.346578 -9.943058
-15.595054 -9.993124
-15.830420 -10.040549
-16.105102 -10.095895
-16.373213 -10.149918
-16.660928 -10.207890
-16.889801 -10.254006
-17.125231 -10.790041
-17.399843 -13.086177
-17.661399 -15.273140
-17.936064 -17.569722
-18.151855 -19.374030
-18.446114 -21.834441
-18.648867 -23.529736
-18.910464 -25.717048
-19.178568 -27.958773
-19.413960 -29.926974
-19.688631 -32.223599
-19.963286 -34.520096
-20.270718 -37.090646
-20.512681 -39.113790
-20.813448 -41.628624
-21.088120 -43.925259
-21.343151 -46.057672
-21.702861 -49.065341
-21.892501 -50.650995
-22.121395 -49.476680
-22.337141 -47.140412
-22.533314 -45.016097
-23.624663 -33.198122
-23.932172 -29.868176
-24.285320 -26.044020
-24.671169 -21.865749
-25.122502 -18.479637
-25.344811 -18.181785
-25.593264 -17.848906
-25.835190 -17.524771
-26.064056 -17.218133
-26.325624 -16.867682
-26.502178 -16.631133
-26.678707 -16.394618
-26.502149 -3.657128
-26.292973 0.016761
-26.090284 0.032394
-25.887533 0.048031
-25.645594 0.066691
-25.403656 0.085351
-25.122429 0.107041
-24.880486 0.125701
-24.645070 0.143857
-24.403103 0.162519
-24.154582 0.181687
-23.899559 0.201355
-23.611835 0.223546
-23.363323 0.242713
-23.088700 0.263894
-22.866341 0.281043
-22.565601 0.304238
-22.323632 0.322900
-22.042473 0.344585
-21.780891 0.364759
-21.512793 0.385437
-21.231621 0.407122
-20.956971 0.428305
-20.682327 0.449487
-20.407721 0.470666
-20.139605 0.491345
-19.864942 0.512528
-19.616448 0.531694
-19.315648 0.554893
-19.086779 0.572545
-18.812119 0.593728
-18.544023 0.614405
-18.308610 0.632562
-18.027432 0.654248
-17.752780 0.675431
-17.465036 0.697623
-17.190414 0.718803
-16.922309 0.739481
-16.680362 0.758142
-16.399177 0.779828
-16.137617 0.800001
-15.836811 0.823201
-15.562161 0.844384
-15.294038 0.865063
-15.025916 0.885742
-14.757781 0.906422
-14.483144 0.927604
-14.175753 0.951312
-13.894498 0.973004
-13.678700 0.989647
-13.436676 1.008313
-13.155422 1.030005
-12.867653 1.052200
-12.560262 1.075908
-12.279008 1.097600
-12.010885 1.118279
-11.696929 1.142493
-11.428781 1.163174
-11.147527 1.184866
-10.833557 1.209081
-10.532682 1.232286
-10.297262 1.250443
-9.937572 1.278185
-9.662884 1.299370
-9.348978 1.323580
-9.080830 1.344261
-8.773503 1.367964
-8.479218 1.390661
-8.204568 1.411844
-7.929905 1.433027
-7.674851 1.452699
-7.354418 1.477412
-7.118998 1.495569
-6.811632 1.519275
-6.504292 1.542979
-6.190399 1.567188
-5.922277 1.587867
-6.164656 -0.038288
-5.968479 0.022732
-5.700370 0.053862
-5.386514 0.090303
-5.105324 0.122951
-4.837201 0.154082
-4.621403 0.179138
-4.281348 0.218621
-3.993629 0.252027
-3.718992 0.283915
-3.483559 0.311250
-3.189313 0.345415
-2.960408 0.371992
-2.633447 0.409955
-2.404593 0.436527
-2.090687 0.472974
-1.796440 0.507138
-1.547914 0.535994
-1.292936 0.565598
-1.011758 0.598245
-0.697878 0.634689
-0.455930 0.662781
-0.161658 0.696949
0.112992 0.728838
0.374536 0.759205
0.668782 0.793369
0.949947 0.826014
1.244219 0.860182
1.440396 0.882959
1.715021 0.914845
1.989671 0.946734
2.257793 0.977865
2.499728 1.005956
2.787421 1.039359
3.062084 1.071250
3.310560 1.100100
3.578670 1.131229
3.840239 1.161600
4.141051 1.196526
4.428769 1.229932
4.677245 1.258782
4.906124 1.285357
5.187290 1.318003
5.488102 1.352929
5.736615 1.381783
5.985091 1.410633
6.246685 1.441007
6.534391 1.474411
6.795948 1.504780
7.090219 1.538947
7.319074 1.565519
7.580630 1.595888
7.842212 1.626259
8.116837 1.658145
8.352269 1.685481
8.633447 1.718128
8.895029 1.748500
9.150096 1.778115
9.437802 1.811520
9.705873 1.842645
9.987064 1.875293
10.268191 1.907934
10.536238 1.939056
10.850029 1.975490
11.176902 2.013443
11.457978 2.046078
11.699837 2.074159
11.987454 2.107554
12.281637 2.141711
12.562688 2.174343
12.830696 2.205461
13.144500 2.241896
13.405955 2.272253
13.634758 2.298819
13.876668 2.326906
14.164348 2.360308
14.406232 2.388393
14.687436 2.421043
14.955520 2.452169
15.236698 2.484816
15.530906 2.518976
15.792475 2.549346
16.080207 2.582754
16.322104 2.610840
16.622941 2.645770
16.871417 2.674619
17.165663 2.708784
17.446854 2.741432
17.728019 2.774078
17.989563 2.804445
18.251106 2.834812
18.532259 2.867456
18.787262 2.897064
19.107734 2.934273
19.401968 2.968436
19.683146 3.001083
19.931621 3.029933
20.199706 3.061059
20.454747 3.090672
20.735887 3.123314
21.043227 3.158999
21.311337 3.190128
21.579421 3.221255
21.808313 3.247831
22.115615 3.283511
22.357537 3.311600
22.664865 3.347283
22.919868 3.376891
23.148734 3.403464
23.429938 3.436114
23.717644 3.469519
23.979238 3.499892
24.279987 3.534811
24.567718 3.568219
24.835815 3.599347
25.110465 3.631236
25.385116 3.663125
25.666255 3.695768
25.960540 3.729937
26.215530 3.759543
26.509777 3.793707
26.777899 3.824838
27.026362 3.853687
27.353285 3.891645
27.660613 3.927328
27.941765 3.959972
28.209850 3.991099
28.523705 4.027540
28.857169 4.066257
29.177590 4.103461
29.452227 4.135348
29.798797 4.175588
30.112678 4.212032
30.446180 4.250754
30.786222 4.290235
31.106631 5.577875
31.427026 7.151328
31.806274 9.013801
32.100545 10.458960
32.434073 12.096903
32.767549 13.734596
33.107579 15.404472
33.460677 17.138526
33.800694 18.808340
33.611045 5.126546
33.421396 -0.007063
33.146721 -0.023422
32.780529 -0.045231
32.381520 -0.068995
32.126314 -0.084195
31.916967 -0.096663
31.393879 -0.127817
30.988521 -0.151959
30.648554 -0.172206
30.328133 -0.191290
29.955427 -0.213487
29.569626 -0.236464
29.183800 -0.259443
28.824161 -0.280862
28.477604 -0.301502
28.131021 -0.322144
27.790991 -0.342395
27.431340 -0.363815
27.137119 -0.381338
26.836357 -0.399251
26.496366 -0.419500
26.189089 -0.437801
25.907911 -0.454547
25.613652 -0.472072
25.286716 -0.491544
24.998998 -0.508679
24.698185 -0.526595
24.371249 -0.546067
24.096599 -0.562424
23.835030 -0.578002
23.547311 -0.595138
23.279202 -0.611106
23.011117 -0.627073
22.710292 -0.644989
22.461817 -0.659787
22.174086 -0.676924
21.919032 -0.692114
21.677097 -0.706523
21.369731 -0.724829
21.095081 -0.741187
20.840078 -0.756374
20.519669 -0.775457
20.258062 -0.791037
19.957174 -0.808958
19.656361 -0.826873
19.375209 -0.843618
19.093993 -0.860366
18.832411 -0.875946
18.551233 -0.892692
18.263502 -0.909828
18.014988 -0.924629
17.720742 -0.942154
17.472279 -0.956952
17.197616 -0.973310
16.864101 -0.993173
16.602545 -1.008751
16.354057 -1.023550
16.079407 -1.039908
15.804769 -1.056264
15.530131 -1.072621
15.275103 -1.087810
15.000440 -1.104168
14.719262 -1.120914
14.444599 -1.137273
14.143800 -1.155187
13.823391 -1.174270
13.587984 -1.188290
13.326415 -1.203869
13.051739 -1.220228
12.757480 -1.237753
12.450115 -1.256059
12.181980 -1.272028
11.940032 -1.286438
11.652263 -1.303577
11.397234 -1.318766
11.089881 -1.337071
10.841368 -1.351872
10.547083 -1.369399
10.278974 -1.385367
10.010864 -1.401335
9.742754 -1.417302
9.474657 -1.433270
9.186939 -1.450405
8.931910 -1.465594
8.644179 -1.482731
8.349932 -1.500255
8.101457 -1.515054
7.833322 -1.531023
7.571765 -1.546601
7.297103 -1.562959
7.015924 -1.579705
6.754343 -1.595285
6.492773 -1.610863
6.231217 -1.626441
5.936945 -1.643967
5.662308 -1.660323
5.387670 -1.676680
5.165344 -1.689921
4.858004 -1.708226
4.570273 -1.725362
4.341406 -1.738993
4.060215 -1.755740
3.798672 -1.771317
3.556698 -1.785728
3.308210 -1.800528
3.040113 -1.816495
2.772004 -1.832463
2.477745 -1.849988
2.216175 -1.865566
1.974240 -1.879975
1.725714 -1.894777
1.405306 -1.913860
0.960628 -1.940344
0.699084 -1.955920
0.430974 -1.971888
0.202095 -1.985520
-0.046406 -2.000320
-0.327597 -2.017067
-0.608825 -2.033816
-0.889978 -2.050561
-1.138491 -2.065362
-1.432763 -2.082888
-1.740090 -2.101191
-1.982051 -2.115602
-2.204377 -2.128843
-2.511704 -2.147147
-2.779827 -2.163116
-3.080601 -2.181029
-3.296374 -2.193880
-3.610280 -2.212575
-3.793363 -2.223479
-4.068001 -2.239836
-4.296867 -2.253467
-4.610748 -2.272161
-4.833074 -2.285402
-5.048809 -2.298250
-5.369192 -2.317332
-5.604624 -2.331353
-5.852998 -2.346146
-6.094870 -2.360551
-6.369469 -2.376905
-6.630975 -2.392480
-6.879412 -2.407276
-7.140892 -2.422849
-7.428560 -2.439982
-7.735837 -2.458283
-7.990853 -2.473471
-8.245818 -2.488656
-8.592414 -2.509298
-8.860498 -2.525265
-9.161272 -2.543178
-9.357423 -2.554860
-9.658198 -2.572774
-9.860940 -2.584849
-10.122497 -2.600426
-10.370985 -2.615226
-10.573690 -2.627298
-10.835259 -2.642877
-11.037989 -2.654951
-11.306061 -2.670916
-11.548021 -2.685327
-11.783390 -2.699345
-12.051525 -2.715314
-12.241149 -2.726608
-12.476556 -2.740628
-12.705410 -2.754258
-12.953860 -2.769055
-13.208889 -2.784244
-13.457339 -2.799041
-13.725436 -2.815008
-13.973927 -2.829808
-14.248544 -2.846163
-14.464297 -2.859013
-14.810881 -2.879654
-15.079000 -2.895623
-15.477970 -2.919385
-15.844262 -2.941200
-16.171273 -2.960676
-16.465549 -2.978202
-16.661705 -2.989885
-16.988676 -3.009358
-17.243694 -3.024547
-17.452967 -3.037010
-17.734157 -3.053757
-18.008806 -3.070115
-18.257319 -3.084916
-18.473119 -3.097768
-18.715133 -3.112182
-18.904793 -3.123477
-19.133668 -3.137109
-19.427969 -3.154636
-19.650288 -3.167877
-19.951090 -3.185792
-20.389060 -3.211877
-20.631019 -3.226287
-21.153900 -3.257429
-21.415493 -3.273008
-21.683624 -3.288978
-21.912463 -3.828068
-22.108601 -4.343922
-22.357075 -4.997425
-22.605536 -5.650894
-22.880160 -6.373171
-23.180916 -7.164179
-23.462130 -7.903788
-23.690956 -8.505615
-23.932860 -9.141838
-24.148646 -9.709368
-24.351336 -10.242454
-24.573690 -10.827259
-24.959478 -11.841905
-25.136060 -12.306327
-25.351864 -12.873907
-25.626497 -13.596207
-25.848897 -14.181133
-26.058216 -14.731654
-26.254488 -15.247862
-26.058011 -1.073513
-25.822443 0.021385
-25.527992 0.044248
-25.286035 0.063034
-25.037529 0.082330
-24.782493 0.102132
-24.494773 0.124472
-24.265905 0.142243
-23.978193 0.164582
-23.710085 0.185400
-23.448514 0.205710
-23.147727 0.229064
-22.879592 0.249884
-22.650743 0.267653
-22.376107 0.288977
-22.134148 0.307764
-21.885670 0.327057
-21.617540 0.347877
-21.355992 0.368185
-21.061724 0.391033
-20.780546 0.412865
-20.558224 0.430128
-20.270462 0.452471
-19.995827 0.473795
-19.747361 0.493088
-19.492318 0.512890
-19.230745 0.533200
-18.936479 0.556049
-18.661804 0.577376
-18.426415 0.595653
-18.190986 0.613933
-17.857455 0.639830
-17.602413 0.659633
-17.327770 0.680958
-17.066202 0.701267
-16.817688 0.720563
-16.516858 0.743921
-16.222575 0.766771
-15.980625 0.785558
-15.679788 0.808916
-15.411628 0.829738
-15.091207 0.854617
-14.849221 0.873406
-14.600682 0.892704
-14.312976 0.915043
-14.031735 0.936880
-13.770140 0.957192
-13.502030 0.978009
-13.233908 0.998828
-12.965773 1.019647
-12.678029 1.041989
-12.429515 1.061285
-12.109107 1.086163
-11.860594 1.105459
-11.605578 1.125260
-11.285156 1.150139
-11.017060 1.170956
-10.768546 1.190252
-10.506977 1.210562
-10.238880 1.231378
-9.938068 1.254735
-9.696107 1.273522
-9.414929 1.295354
-9.166428 1.314649
-8.872169 1.337497
-8.604047 1.358316
-8.388248 1.375071
-8.094002 1.397918
-7.773556 1.422799
-7.531621 1.441585
-7.224268 1.465449
-6.982320 1.484235
-6.688061 1.507083
-6.485382 1.522820
-6.197651 1.545161
-5.962256 1.563439
-5.713768 1.582733
-5.412918 1.606092
-5.098999 1.630467
-4.778578 1.655346
-4.523562 1.675147
-4.268546 1.694948
-3.967696 1.718307
-3.568941 1.749269
-3.261589 1.773133
-3.013088 1.792428
-2.744978 1.813246
-2.483409 1.833555
-2.221865 1.853863
-1.921040 1.877221
-1.633309 1.899562
-1.358671 1.920886
-1.097115 1.941195
-0.842099 1.960996
-0.567474 1.982319
-0.325514 2.001106
-0.063945 2.021416
0.256464 2.046294
0.531114 2.067620
0.805751 2.088944
1.073836 2.109759
1.322337 2.129054
1.577353 2.148855
1.865097 2.171197
2.126653 2.191506
2.388222 2.211816
2.643226 2.231615
2.904807 2.251926
3.185998 2.273759
3.408324 2.291022
3.696005 2.313359
3.885667 2.328085
4.193019 2.351950
4.461129 2.372767
4.689996 2.390538
5.010417 2.415417
5.271960 2.435725
5.533530 2.456035
5.801639 2.476852
6.095924 2.499702
6.357480 2.520011
6.632105 2.541334
6.939458 2.565199
7.201027 2.585508
7.482205 2.607340
7.730681 2.626633
8.018386 2.648972
8.279968 2.669283
8.567699 2.691624
8.842337 2.712948
9.117000 2.734275
9.358973 2.753063
9.666326 2.776928
9.954031 2.799267
10.215601 2.819576
10.529494 2.843949
10.817250 2.866292
11.065751 2.885587
11.294631 2.903358
11.621618 2.928747
11.870106 2.948041
12.105488 2.966317
12.399785 2.989168
12.687516 3.011509
12.949110 3.031821
13.269544 3.056701
13.478777 3.072947
13.799172 3.097824
14.073835 3.119151
14.283093 3.135399
14.583893 3.158754
14.819300 3.177033
15.100516 3.198868
15.342476 3.217655
15.623642 3.239486
15.891764 3.260305
16.225279 3.286201
16.486810 3.306507
16.735298 3.325801
17.016476 3.347634
17.304207 3.369975
17.565751 3.390282
17.853419 3.412618
18.134571 3.434449
18.396039 3.454750
18.644426 3.474036
18.905906 3.494339
19.180454 3.515657
19.481140 3.539004
19.729526 3.558290
19.951776 3.575546
20.239406 3.597879
20.468209 3.615645
20.723212 3.635445
21.037055 3.659813
21.272449 3.678091
21.579713 3.701948
21.821635 3.720732
22.096260 3.742056
22.390456 3.764899
22.612744 3.782158
23.018217 3.813642
23.273207 3.833440
23.547845 3.854765
23.835551 3.877104
24.129784 3.899950
24.352085 3.917210
24.692140 3.943614
24.907926 3.960369
25.254445 3.987275
25.568338 4.011647
25.790652 4.028909
26.163346 4.057847
26.405281 4.076632
26.732255 4.102020
27.039570 4.125882
27.327276 4.148221
27.608454 4.170053
27.928887 4.194933
28.242755 4.219303
28.478162 4.237582
28.772422 4.260430
29.112464 4.286832
29.406672 4.857839
29.733608 5.956316
30.014748 6.900922
30.328616 7.955490
30.616347 8.922241
30.943283 10.020718
31.211368 10.921458
31.557925 12.085861
31.852184 13.074545
32.120281 13.975328
32.512584 15.293432
32.878789 16.523847
33.166494 17.490513
33.388821 18.237509
33.212265 5.500330
33.035723 -0.006009
32.728395 -0.024423
32.453732 -0.040879
32.120218 -0.060861
31.734366 -0.083979
31.322150 -0.108676
31.060352 -0.124361
30.752771 -0.142790
30.451908 -0.160816
30.210011 -0.175309
29.902747 -0.193718
29.582440 -0.212909
29.255453 -0.232500
28.889249 -0.254441
28.562313 -0.274029
28.281198 -0.290871
27.973934 -0.309281
27.653564 -0.328475
27.372361 -0.345323
27.078115 -0.362953
26.731557 -0.383716
26.437285 -0.401347
26.110311 -0.420937
25.750685 -0.442484
25.495644 -0.457765
25.181763 -0.476570
24.926760 -0.491849
24.632501 -0.509479
24.357851 -0.525934
24.122456 -0.540038
23.854346 -0.556101
23.579722 -0.572555
23.298531 -0.589402
23.056596 -0.603897
22.788461 -0.619962
22.526904 -0.635633
22.245726 -0.652480
21.977604 -0.668544
21.716060 -0.684214
21.454466 -0.699887
21.186369 -0.715950
20.905203 -0.732796
20.650149 -0.748077
20.414742 -0.762181
20.074712 -0.782553
19.826237 -0.797441
19.590791 -0.811547
19.316167 -0.828001
19.008827 -0.846415
18.786488 -0.859736
18.511825 -0.876192
18.217566 -0.893822
17.975631 -0.908318
17.707496 -0.924383
17.419790 -0.941620
17.132046 -0.958860
16.916260 -0.971788
16.589286 -0.991379
16.308083 -1.008227
16.059556 -1.023117
15.758731 -1.041141
15.484018 -1.057600
15.189721 -1.075232
14.928139 -1.090905
14.646948 -1.107752
14.372311 -1.124206
14.123810 -1.139095
13.836078 -1.156334
13.548373 -1.173572
13.260642 -1.190811
12.972923 -1.208049
12.685179 -1.225289
12.443206 -1.239786
12.188215 -1.255064
11.900497 -1.272302
11.599672 -1.290326
11.338103 -1.305997
11.076559 -1.321668
10.828071 -1.336555
10.507663 -1.355752
10.265702 -1.370249
10.017239 -1.385135
9.768751 -1.400023
9.481033 -1.417262
9.160599 -1.436460
8.912123 -1.451347
8.624418 -1.468585
8.375917 -1.483473
8.081658 -1.501104
7.807008 -1.517559
7.551991 -1.532838
7.303478 -1.547727
6.996163 -1.566140
6.721526 -1.582594
6.459969 -1.598265
6.139574 -1.617461
5.904192 -1.631564
5.675363 -1.645274
5.413807 -1.660945
5.139182 -1.677399
4.929950 -1.689935
4.629175 -1.707955
4.367644 -1.723624
4.099535 -1.739688
3.824910 -1.756142
3.530638 -1.773773
3.262516 -1.789837
3.027134 -1.803940
2.752458 -1.820396
2.471268 -1.837244
2.183562 -1.854481
1.967776 -1.867410
1.647342 -1.886608
1.385773 -1.902280
1.130732 -1.917560
0.869175 -1.933231
0.633768 -1.947335
0.319900 -1.966140
0.064846 -1.981422
-0.209791 -1.997876
-0.484442 -2.014332
-0.726364 -2.028826
-1.027189 -2.046850
-1.275690 -2.061738
-1.550327 -2.078193
-1.792237 -2.092687
-2.079968 -2.109926
-2.335022 -2.125207
-2.583510 -2.140095
-2.864676 -2.156941
-3.165488 -2.174963
-3.420529 -2.190244
-3.695141 -2.206697
-3.963251 -2.222760
-4.250957 -2.239998
-4.532185 -2.256848
-4.780648 -2.271734
-5.061826 -2.288580
-5.382235 -2.307777
-5.637289 -2.323059
-5.931535 -2.340688
-6.193104 -2.356360
-6.467754 -2.372815
-6.716230 -2.387702
-6.938569 -2.401023
-7.245921 -2.419438
-7.514031 -2.435501
-7.775600 -2.451173
-7.997939 -2.464494
-8.292224 -2.482126
-8.579942 -2.499364
-8.821890 -2.513860
-9.129217 -2.532273
-9.403893 -2.548730
-9.672002 -2.564794
-9.946602 -2.581246
-10.214712 -2.597310
-10.495904 -2.614157
-10.790157 -2.631787
-11.077863 -2.649024
-11.345973 -2.665088
-11.601004 -2.680368
-11.882201 -2.697215
-12.137229 -2.712495
-12.392252 -2.727774
-12.647280 -2.743054
-12.954598 -2.761467
-13.196547 -2.775963
-13.477738 -2.792810
-13.752382 -2.809265
-13.961605 -2.821800
-14.210082 -2.836688
-14.458586 -2.851576
-14.785555 -2.871166
-15.034042 -2.886054
-15.308682 -2.902509
-15.563713 -2.917789
-15.851441 -2.935028
-16.093379 -2.949523
-16.354955 -2.965195
-16.609977 -2.980475
-16.851949 -2.994972
-17.100400 -3.009858
-17.348891 -3.024746
-17.623533 -3.041201
-17.858956 -3.055306
-18.146662 -3.072543
-18.454032 -3.090959
-18.735210 -3.107806
-18.990215 -3.123084
-19.258337 -3.139148
-19.519896 -3.154819
-19.781451 -3.170490
-20.049562 -3.186553
-20.258834 -3.199092
-20.546578 -3.216332
-20.814723 -3.232397
-21.056716 -3.246896
-21.285625 -3.260611
-21.514538 -3.274326
-21.756488 -3.313534
-21.965726 -3.867045
-22.194580 -4.472450
-22.488811 -5.250800
-22.737235 -5.907976
-22.939870 -6.444021
-23.260225 -7.291479
-23.547845 -8.052340
-23.822433 -8.778727
-24.031604 -9.332064
-24.299638 -10.041113
-24.574200 -10.767433
-24.855331 -11.511129
-25.103774 -12.168352
-25.365307 -12.860206
-25.613727 -13.517369
-25.836019 -14.105414
-26.097591 -14.797368
-26.365662 -15.506518
-26.620625 -16.180989
-26.823292 -16.191954
-27.104462 -15.815239
-27.333277 -15.508671
-27.065180 0.008294
-26.705452 0.035729
-26.417701 0.057675
-26.156094 0.077627
-25.691796 0.113037
-25.417154 0.133983
-25.122894 0.156426
-24.854774 0.176874
-24.625922 0.194328
-24.397049 0.211784
-24.135472 0.231733
-23.795434 0.257667
-23.468481 0.282603
-23.233071 0.300557
-22.951881 0.322002
-22.736092 0.338460
-22.520286 0.354919
-22.252193 0.375365
-21.997152 0.394817
-21.742109 0.414268
-21.474007 0.434715
-21.199363 0.455662
-20.937789 0.475611
-20.663145 0.496557
-20.401563 0.516507
-20.113850 0.538450
-19.858808 0.557902
-19.584137 0.578850
-19.302978 0.600293
-19.015244 0.622238
-18.753659 0.642188
-18.498617 0.661639
-18.210884 0.683584
-17.936238 0.704530
-17.700800 0.722486
-17.406523 0.744930
-17.144950 0.764879
-16.909541 0.782833
-16.628349 0.804279
-16.307935 0.828716
-16.052898 0.848167
-15.745540 0.871608
-15.470920 0.892552
-15.209350 0.912502
-14.954339 0.931951
-14.653506 0.954894
-14.405026 0.973845
-14.117244 0.995793
-13.901420 1.012254
-13.626744 1.033202
-13.358647 1.053649
-13.044729 1.077591
-12.796266 1.096540
-12.521603 1.117488
-12.253493 1.137936
-11.998477 1.157385
-11.776139 1.174342
-11.534178 1.192796
-11.207204 1.217733
-10.932541 1.238681
-10.638333 1.261119
-10.357091 1.282569
-10.069398 1.304510
-9.833991 1.322464
-9.559341 1.343411
-9.278150 1.364856
-9.029662 1.383808
-8.761552 1.404256
-8.493443 1.424704
-8.212264 1.446148
-7.957249 1.465597
-7.702220 1.485048
-7.447178 1.504499
-7.179094 1.524945
-6.884810 1.547389
-6.623266 1.567336
-6.348616 1.588283
-6.119749 1.605738
-5.851639 1.626186
-5.590070 1.646135
-5.380825 1.662093
-5.047310 1.687530
-4.831537 1.703986
-4.530725 1.726928
-4.262615 1.747376
-3.987978 1.768322
-3.739477 1.787274
-3.477920 1.807222
-3.229445 1.826173
-2.915552 1.850112
-2.660523 1.869563
-2.353196 1.893002
-2.098154 1.912453
-1.823517 1.933399
-1.594650 1.950853
-1.306919 1.972798
-1.006119 1.995739
-0.757618 2.014691
-0.509143 2.033642
-0.254102 2.053093
0.033604 2.075035
0.321323 2.096979
0.563258 2.115431
0.831380 2.135879
1.092949 2.155829
1.334872 2.174279
1.622603 2.196224
