0.000000 0.000000
0.000000 0.587316
0.176555 0.587331
0.353124 0.587415
0.529704 2.936495
0.706234 7.766031
0.889330 14.987491
1.065847 14.856398
1.248893 7.635953
1.425385 2.776768
1.628077 0.480308
1.804708 1.225013
1.987804 5.296594
2.177352 5.294545
2.367090 1.214518
2.556599 0.639377
2.759304 3.103062
2.948889 8.152870
3.131998 15.505559
3.308490 25.086210
3.485071 37.177092
3.681209 38.297569
3.857739 27.428020
4.073462 18.984774
4.263073 13.861910
4.472254 11.524815
4.674972 11.838136
4.864633 14.397035
5.047679 19.512139
5.224259 27.969547
5.413845 39.564355
5.603431 39.802404
5.806224 29.866920
5.989231 24.068180
6.165748 21.387787
6.348768 21.103023
6.544920 22.788677
6.767208 26.357540
6.963385 31.810533
7.139902 39.328116
7.316445 49.295052
7.499477 61.869410
7.695667 76.590624
7.904912 91.237876
8.081442 105.454529
8.264563 120.454025
8.447646 135.986980
8.630768 152.350504
8.820404 171.407375
9.049258 190.411358
9.225852 190.110652
9.422041 174.562414
9.605099 162.310108
9.781654 152.504739
9.964699 144.791056
10.160876 139.700612
10.337368 137.223079
10.553154 136.614190
10.736199 137.061598
10.971492 138.016771
11.213389 139.545990
11.468430 141.568954
11.703876 144.140904
11.958942 146.967133
12.155183 150.376773
12.338241 155.838720
12.521375 164.206349
12.710960 175.891093
12.913652 190.514528
13.122923 208.519578
13.371347 227.463858
13.574014 245.356912
13.770166 262.987320
13.946657 283.276547
14.175511 304.430608
14.352029 324.593183
14.548129 325.768413
14.737753 308.704762
14.920925 295.357722
15.104008 285.489989
15.280589 278.460664
15.522499 274.851672
15.725178 274.429758
15.999701 274.961060
16.222028 275.923257
16.490048 277.578351
16.803853 280.028203
17.130738 282.910410
17.405299 285.783290
17.634153 288.397240
17.810620 291.061128
18.006797 294.161184
18.209463 297.817205
18.438330 302.010217
18.647575 307.628883
18.876404 314.789893
19.052959 323.348043
19.236068 334.475527
19.432207 347.933870
19.621830 363.342605
19.811467 380.269101
19.994524 379.861537
20.197204 364.087839
20.373785 351.888778
20.550315 341.867662
20.733385 334.110321
20.916417 328.496698
21.151774 325.496289
21.393658 325.042109
21.635580 325.621366
21.870835 326.768036
22.158554 328.530686
22.433140 330.524080
22.648926 332.937253
22.910457 335.775368
23.132809 338.486358
23.315879 341.422373
23.525099 344.624134
23.708208 348.003207
23.904346 351.638394
24.087404 355.548721
24.283568 360.250992
24.466677 366.719258
24.649735 375.930937
24.839384 387.519304
25.015901 401.187139
25.192482 417.260193
25.369037 417.154600
25.552171 400.907463
25.748412 387.828256
25.944576 378.788498
26.127685 373.504415
26.317296 371.267358
26.500366 370.978490
26.709535 371.411198
26.938338 372.285843
27.206410 373.360067
27.382927 375.116161
27.722881 377.230481
27.912479 379.773054
28.226296 382.881377
28.455150 386.097941
28.710115 389.887249
28.965068 393.568935
29.161232 397.119259
29.363899 401.346992
29.566553 407.230717
29.775849 415.406012
29.978528 425.099690
30.155045 436.109616
30.331575 448.970442
30.508169 463.987438
30.691252 464.377362
30.867795 450.066709
31.044388 437.717986
31.233961 426.289259
31.488939 417.858130
31.691593 413.807809
31.907378 412.403923
32.083858 412.416202
32.260400 413.002633
32.534936 413.921126
32.724560 415.312344
32.999172 417.399270
33.267282 420.193644
33.568068 423.372666
33.810016 426.392477
34.012759 430.034593
34.280805 434.091046
34.490000 437.819403
34.679636 441.786111
34.882290 446.675554
35.084956 452.957180
35.261525 461.183417
35.438029 472.792439
35.640708 487.281394
35.823842 503.758685
36.006900 504.231588
36.183443 488.523662
36.373105 475.890286
36.556213 466.998796
36.732743 461.323169
36.928895 458.665461
37.118519 458.306757
37.386552 458.858645
37.634989 459.989085
37.948806 461.312306
38.125336 463.466268
38.511048 466.777229
38.837972 470.302581
39.125627 473.779063
39.361021 477.252921
39.589875 480.729610
39.785976 484.022772
39.962506 488.366418
40.197888 493.981170
40.374456 500.997712
40.564041 510.922553
40.773312 523.568982
40.975991 537.381469
41.152572 552.225644
41.329077 568.627470
41.505581 585.920029
41.682187 603.942580
41.865220 624.982309
42.094099 647.772106
42.303382 668.567480
42.486517 689.035823
42.682719 711.292515
42.891977 734.298796
43.094707 759.987473
43.343195 788.045736
43.578678 812.350614
43.755234 837.914643
44.003760 871.518123
44.304572 905.095177
44.546533 940.340614
44.873520 972.250450
45.063232 973.648616
45.239800 953.898639
45.422896 936.212246
45.606005 921.222373
45.782522 908.655341
45.965618 897.595115
46.181366 888.714601
46.403628 883.369707
46.606282 881.071184
46.861235 880.597862
47.096477 881.023970
47.429852 881.932788
47.795980 882.935558
47.992132 883.942491
48.227513 885.247408
48.469436 886.852512
48.730954 888.468835
48.920565 890.359691
49.195190 892.732456
49.450244 895.193515
49.692179 897.924602
49.953735 900.919946
50.202224 904.159852
50.463869 907.727217
50.725489 911.544847
50.987122 915.613125
51.248780 919.760799
51.490791 924.511010
51.791705 929.059242
51.987869 933.154260
52.216748 937.198529
52.393304 940.921712
52.576412 945.049237
52.779104 949.663019
52.955660 956.161716
53.164930 964.760761
53.341473 974.979760
53.524569 987.440309
53.707640 1001.995691
53.890761 1018.311160
54.067304 1036.554103
54.250361 1058.320541
54.466147 1080.351050
54.642664 1102.742519
54.858463 1128.115845
55.080713 1154.284745
55.303090 1179.685317
55.505756 1208.712139
55.780368 1242.673021
56.054993 1271.417703
56.238038 1299.426118
56.493080 1329.067130
56.695784 1362.265785
56.996571 1398.465896
57.238506 1403.604273
57.415125 1382.956397
57.591681 1365.403217
57.768274 1350.319872
57.964464 1338.070621
58.160666 1329.638525
58.356932 1325.003266
58.566215 1323.493643
58.827708 1323.437997
59.004213 1323.744332
59.291842 1324.286120
59.559927 1324.930389
59.775700 1325.718471
60.024200 1326.679311
60.253143 1327.969820
60.560521 1329.413968
60.782924 1331.158574
61.109949 1333.177977
61.358437 1335.124567
61.606963 1337.551009
61.920780 1340.441965
62.221542 1343.280125
62.476532 1346.238919
62.757647 1349.473228
63.025693 1352.621873
63.260999 1356.328984
63.581305 1360.464416
63.849364 1364.404506
64.110832 1368.976351
64.431202 1373.258338
64.633894 1376.784928
64.843114 1381.515361
65.163497 1386.717343
65.405394 1390.865739
65.595043 1395.027918
65.823859 1400.899532
66.163914 1407.753838
66.464650 1413.932772
66.719666 1419.108017
66.915843 1423.654409
67.105441 1428.954250
67.347363 1434.778078
67.530472 1441.132171
67.713581 1449.914869
67.929366 1461.017670
68.132058 1472.821859
68.308652 1485.639180
68.491735 1501.977236
68.714036 1519.731100
68.890604 1537.095325
69.067134 1556.671056
69.256770 1578.506109
69.446394 1601.857642
69.642571 1626.720637
69.851905 1629.319634
70.028410 1608.780466
70.231114 1590.432640
70.414248 1575.396042
70.603834 1562.868891
70.786955 1552.311562
71.009243 1544.258178
71.211935 1539.767604
71.408061 1537.828015
71.656473 1537.426412
71.832914 1537.690166
72.126945 1538.085237
72.310003 1538.576613
72.532291 1539.261719
72.761119 1540.182967
73.022663 1541.254320
73.244951 1542.591899
73.532619 1544.230104
73.794150 1545.905819
74.029557 1547.587304
74.245292 1549.630599
74.526521 1551.959579
74.768418 1554.336131
75.016919 1557.220074
75.317744 1560.346760
75.572810 1563.217899
75.795162 1566.226305
76.043714 1569.809165
76.324917 1573.636934
76.579971 1577.223685
76.802348 1581.752632
77.148919 1586.412661
77.364730 1590.406314
77.606690 1594.546735
77.822476 1598.660654
78.044777 1603.112738
78.280209 1609.088689
78.633282 1614.629258
78.809850 1619.339174
79.064853 1625.144693
79.326384 1630.365087
79.516046 1635.119935
79.725266 1639.987675
79.914953 1644.979605
80.124173 1649.912490
80.300741 1654.878479
80.503458 1661.105689
80.732338 1668.810326
80.935055 1678.687205
81.150879 1691.220989
81.360099 1704.762659
81.536692 1720.007253
81.732869 1738.144574
81.929059 1758.859360
82.131776 1780.984087
82.314834 1806.036184
82.530632 1807.850665
82.726809 1785.653095
82.916484 1766.958717
83.119239 1751.956167
83.308888 1740.662845
83.524674 1732.933807
83.747102 1729.544127
83.943330 1728.924461
84.126387 1729.062454
84.342084 1729.394897
84.629727 1729.880947
84.852065 1730.456159
85.074354 1731.175936
85.303296 1732.131655
85.571419 1733.306985
85.826575 1734.574017
86.062045 1736.115157
86.349853 1738.230192
86.696436 1740.400488
86.938358 1742.461859
87.199940 1744.999543
87.507229 1747.465947
87.716423 1750.216915
88.036806 1753.268663
88.272137 1756.434849
88.572861 1760.072257
88.853988 1763.349509
89.069685 1766.860782
89.357302 1770.866768
89.618820 1775.031567
89.899947 1779.330808
90.154887 1783.717322
90.422971 1788.222864
90.671396 1792.544866
90.900275 1796.962071
91.142185 1802.245831
91.442959 1807.026706
91.619514 1810.883407
91.815666 1815.467576
92.051048 1821.341692
92.351873 1827.688784
92.613391 1833.162474
92.822624 1837.840818
93.005719 1843.265408
93.234586 1850.176839
93.437278 1858.508914
93.639983 1868.333977
93.829619 1879.315155
94.012766 1892.663946
94.221986 1907.934888
94.411622 1923.571086
94.588165 1940.461216
94.771248 1959.167425
94.954369 1980.971456
95.163615 2004.120625
95.346698 2004.651808
95.529743 1984.468999
95.719341 1966.001670
95.922059 1950.700143
96.098614 1938.565481
96.288288 1928.300595
96.490904 1920.260732
96.726286 1915.419866
96.955165 1913.862677
97.144637 1913.772554
97.347227 1914.076311
97.667508 1914.509938
97.850579 1915.049804
98.092463 1915.763970
98.308223 1916.773962
98.609010 1917.928728
98.818192 1919.206900
99.086264 1920.784455
99.341280 1922.566063
99.609364 1924.352878
99.818584 1926.238268
100.067059 1928.388034
100.302466 1930.916385
100.590223 1933.916461
100.877929 1937.038931
101.146051 1940.101109
101.388037 1943.142183
101.623508 1946.629862
101.904736 1950.196600
102.127075 1953.866499
102.395198 1958.231626
102.682891 1962.419263
102.905242 1966.468770
103.153743 1971.034877
103.415287 1975.785380
103.663788 1980.927993
103.944979 1985.988138
104.167229 1990.409673
104.369997 1994.825239
104.579242 2000.702837
104.899625 2007.205653
105.148139 2013.011913
105.390036 2018.585901
105.605872 2023.733946
105.802011 2029.182800
106.030916 2035.104890
106.253255 2040.835397
106.429848 2047.377450
106.612919 2056.047499
106.802593 2066.650076
106.985664 2079.512196
107.181904 2094.340885
107.364974 2110.623177
107.548083 2128.447300
107.724638 2147.741981
107.901143 2168.804452
108.077737 2168.409891
108.267398 2147.157033
108.463563 2129.532452
108.653237 2116.009143
108.836371 2106.227398
109.012952 2099.389709
109.235342 2095.838671
109.425029 2095.128453
109.614614 2095.228609
109.830311 2095.576498
110.144128 2096.135636
110.405647 2096.745029
110.608377 2097.489367
110.856979 2098.547617
111.144787 2099.799289
111.399955 2101.197515
111.668077 2102.793514
111.929672 2104.504260
112.178173 2106.338303
112.426661 2108.826360
112.786274 2111.608586
113.054371 2114.071313
113.296243 2116.895722
113.597055 2119.778176
113.819305 2122.908378
114.126531 2126.279874
114.361887 2129.825811
114.662585 2133.824522
114.937134 2137.649237
115.185546 2141.454218
115.433958 2145.640229
115.708557 2150.282347
115.989697 2154.888563
116.238122 2159.691711
116.519312 2164.604750
116.761196 2169.579621
117.029293 2174.446142
117.245092 2179.343192
117.500070 2184.015359
117.683166 2189.576640
118.003587 2196.405053
118.284727 2202.299954
118.507027 2208.104012
118.749026 2214.583775
118.951692 2222.313145
119.160950 2232.687832
119.389842 2244.284602
119.572964 2256.550177
119.762524 2271.460609
119.971845 2287.792322
120.154890 2306.325090
120.370702 2326.163726
120.547270 2345.593872
120.723800 2366.253859
120.900355 2389.181150
121.103136 2412.231624
121.279742 2438.373479
121.534847 2470.744800
121.816127 2498.682338
121.999261 2531.574696
122.365529 2566.705353
122.587817 2595.839002
122.855926 2624.877451
123.078240 2651.492085
123.307094 2679.168751
123.549054 2707.130865
123.784436 2737.648325
124.072117 2766.162523
124.274796 2790.402401
124.490582 2813.437940
124.673716 2814.070082
124.856837 2795.164797
125.046422 2778.271715
125.242612 2764.444980
125.419142 2753.752329
125.595710 2745.338055
125.772278 2739.064825
125.961838 2735.044587
126.171071 2733.391061
126.373674 2733.167657
126.569686 2733.317933
126.798464 2733.560400
127.001130 2733.947008
127.269113 2734.723675
127.680987 2735.656132
127.929437 2736.515965
128.171321 2737.488203
128.413218 2738.582706
128.655115 2739.799381
128.896986 2741.158108
129.145436 2742.726879
129.413470 2744.429779
129.661945 2746.454598
129.975788 2748.625259
130.224238 2750.574465
130.446564 2752.615661
130.688512 2754.860520
130.930472 2757.160602
131.159364 2759.685455
131.420933 2762.549832
131.689069 2765.442094
131.930991 2768.395823
132.186020 2771.686900
132.460657 2774.810918
132.669915 2778.073755
132.944552 2781.773747
133.199594 2785.428745
133.448095 2789.575347
133.748894 2793.811300
133.990817 2797.998410
134.265467 2802.485886
134.527049 2806.777575
134.762481 2810.727152
134.971777 2815.154418
135.246478 2820.763566
135.566975 2826.411734
135.828519 2830.978041
136.024798 2835.532609
136.273286 2840.597376
136.508731 2845.715834
136.750666 2851.024943
136.992639 2857.890474
137.358831 2865.531829
137.653141 2872.224637
137.921238 2878.031005
138.130509 2883.391518
138.352860 2889.605230
138.620983 2895.589498
138.817210 2900.829140
139.019940 2906.525359
139.229211 2913.169615
139.431966 2921.264148
139.628194 2931.712811
139.843980 2943.662929
140.027101 2957.180914
140.229882 2972.699776
140.419518 2989.824039
140.615721 3008.023284
140.792302 3027.233007
140.975347 3048.388236
141.158468 3071.171338
141.341564 3101.695838
141.622640 3134.755622
141.838451 3164.626571
142.073859 3196.462749
142.322398 3231.489633
142.610129 3264.588368
142.832442 3299.511063
143.152838 3334.217519
143.375151 3373.544376
143.774058 3416.289265
144.055211 3446.845773
144.264456 3472.739409
144.473727 3496.475577
144.650257 3497.269259
144.826838 3478.739296
145.003406 3463.284678
145.179986 3450.905183
145.356555 3441.156458
145.559297 3434.527822
145.762002 3431.588623
145.964783 3430.978288
146.180721 3431.073038
146.409613 3431.247195
146.644957 3431.521086
146.906399 3431.844269
147.102500 3432.239720
147.350950 3432.801628
147.632090 3433.375183
147.821688 3433.992222
148.070113 3434.816190
148.344687 3435.887996
148.671521 3437.021300
148.919946 3438.056690
149.148724 3439.309932
149.449409 3440.757681
149.717468 3442.136055
149.952812 3443.692813
150.246956 3445.447277
150.514964 3447.251533
150.789538 3449.160333
151.057559 3451.074388
151.306035 3453.061794
151.567655 3455.168470
151.822747 3457.401414
152.090907 3460.096387
152.424447 3462.779309
152.666370 3465.234282
152.927926 3467.948360
153.202576 3470.870144
153.483754 3474.049572
153.784529 3477.308179
154.059166 3480.731207
154.366519 3484.310237
154.647697 3487.636994
154.896172 3490.853004
155.144660 3494.381528
155.425851 3497.637665
155.622003 3501.414752
155.962020 3505.848431
156.236619 3509.632829
156.472014 3513.365132
156.727017 3517.440553
156.995063 3521.932395
157.289271 3526.150097
157.511610 3530.420804
157.799253 3535.172629
158.067350 3539.281373
158.270080 3543.539936
158.544679 3548.352080
158.799695 3552.590078
159.002463 3556.284779
159.192023 3559.972699
159.388200 3563.649974
159.571334 3568.493668
159.878674 3574.336860
160.153325 3579.557312
160.388732 3584.254925
160.604530 3588.959302
160.833460 3593.589939
161.036152 3597.858718
161.225852 3601.965846
161.408935 3606.419491
161.624810 3611.075745
161.821012 3616.284904
162.063011 3622.393249
162.272332 3628.883729
162.455466 3636.483691
162.651694 3645.454337
162.841356 3656.519480
163.063733 3669.374577
163.266501 3682.390436
163.449597 3695.699966
163.626203 3710.713776
163.822418 3727.165488
164.005527 3745.882488
164.221312 3765.507550
164.397855 3785.479482
164.594108 3807.855652
164.796749 3829.901496
164.979871 3830.867923
165.156363 3812.969158
165.332981 3797.346727
165.509511 3783.598837
165.699161 3772.212909
165.875716 3763.597399
166.052259 3757.042039
166.248423 3752.732009
166.470686 3750.996236
166.660157 3750.786356
166.862785 3750.913823
167.137283 3751.110069
167.333384 3751.403505
167.607996 3751.754005
167.791028 3752.213960
168.078683 3753.111904
168.529762 3754.070280
168.758565 3754.917205
169.033177 3755.864066
169.268508 3756.842822
169.510405 3758.001101
169.785005 3759.339292
170.059591 3760.606076
170.268786 3761.953062
170.536832 3763.562595
170.804967 3765.147292
171.033821 3767.451151
171.471971 3770.150611
171.772770 3772.406895
172.047408 3774.594360
172.302437 3776.743307
172.544384 3778.926074
172.786332 3781.324629
173.054442 3783.849291
173.302955 3786.581864
173.590687 3789.450353
173.845715 3792.510852
174.146515 3795.793720
174.421127 3798.806523
174.656572 3802.007309
174.944291 3805.173039
175.160051 3808.447996
175.447820 3812.119618
175.709415 3815.817180
175.984103 3819.716213
176.258855 3823.483139
176.500790 3827.355991
176.775440 3831.271308
177.010835 3835.450502
177.305106 3839.777601
177.547054 3843.779446
177.788938 3848.095555
178.057061 3852.735825
178.325107 3857.129403
178.553999 3861.202149
178.776351 3865.535642
179.024775 3870.198020
179.273302 3876.365076
179.665655 3881.995984
179.848764 3885.857845
180.051507 3891.057515
180.358885 3897.025176
180.626982 3902.560686
180.882023 3908.417616
181.169780 3914.964643
181.477120 3921.715382
181.771430 3927.235982
181.961079 3932.322968
182.209542 3937.706865
182.418850 3942.543889
182.615053 3947.284072
182.811229 3952.207244
183.000891 3957.628266
183.177459 3965.034477
183.399811 3973.862074
183.576417 3984.277448
183.792190 3996.761576
183.988392 4010.031830
184.178054 4024.828766
184.374257 4041.402022
184.570433 4059.527736
184.766636 4079.205021
184.962800 4099.676185
185.145909 4120.808676
185.328992 4142.856325
185.512050 4144.050159
185.688605 4125.089600
185.878254 4108.019573
186.094027 4094.889995
186.277148 4086.256776
186.473363 4081.048333
186.656497 4079.011118
186.846172 4078.638082
187.081579 4078.737489
187.290900 4078.881993
187.474009 4079.074810
187.670148 4079.315659
187.853269 4079.643871
188.088651 4080.052918
188.297922 4080.518289
188.520273 4081.128110
188.788421 4081.896166
189.063033 4082.672159
189.278806 4083.566736
189.566499 4084.661122
189.841073 4085.897855
190.141771 4087.079290
190.350953 4088.419886
190.671272 4090.101592
190.971945 4091.798072
191.253046 4093.550489
191.534123 4095.297858
191.782509 4097.100229
192.050543 4099.092112
192.325117 4101.131882
192.580108 4103.189547
192.835085 4105.251289
193.070480 4107.519066
193.351683 4110.244401
193.665564 4112.955154
193.920555 4115.721631
194.221341 4118.481681
194.456774 4121.317111
194.751033 4124.537625
195.038739 4127.798938
195.319917 4130.814035
195.548783 4133.928226
195.829949 4137.123302
196.058841 4140.852731
196.405373 4145.256925
196.719254 4148.938273
196.941580 4152.403978
197.209677 4156.235436
197.471221 4160.214535
197.745820 4164.494291
198.033488 4168.411642
198.249261 4172.588961
198.556512 4177.225823
198.818068 4181.816018
199.105736 4186.562544
199.373820 4190.953562
199.609202 4195.022878
199.831503 4199.408055
200.093059 4204.113711
200.341560 4208.410907
200.550767 4212.216366
200.740455 4216.336999
200.975849 4220.839359
201.198188 4225.217062
201.413961 4230.946990
201.760557 4237.728165
202.067897 4243.888293
202.342547 4249.741315
202.610669 4255.115081
202.833059 4260.284271
203.075032 4265.150491
203.264681 4270.704997
203.526314 4276.942116
203.702920 4283.960352
203.918744 4292.467510
204.108469 4302.269539
204.317752 4314.375552
204.540129 4326.864561
204.716723 4339.355277
204.899819 4353.720745
205.096021 4370.129330
205.298751 4386.924668
205.475332 4404.354028
205.664981 4423.225349
205.848077 4443.661164
206.044229 4464.602652
206.220822 4488.416048
206.462757 4492.070534
206.652368 4472.921912
206.848570 4455.982996
207.051250 4442.273497
207.234346 4431.146730
207.450157 4422.780272
207.626699 4417.781228
207.803306 4414.946267
208.038637 4414.060128
208.241265 4414.124465
208.437302 4414.235497
208.613756 4414.525627
209.005957 4415.106493
209.417869 4415.728224
209.659715 4416.240804
209.855867 4416.829875
210.097776 4417.578822
210.352716 4418.525201
210.653465 4419.573699
210.908379 4420.623173
211.156817 4421.749300
211.405241 4423.016093
211.673300 4424.430787
211.941321 4425.870248
212.183231 4427.429386
212.457843 4429.122949
212.712846 4430.781566
212.948317 4432.653254
213.236048 4434.742592
213.504145 4436.811389
213.759174 4438.811869
213.988066 4441.018846
214.269193 4443.402029
214.517732 4445.828842
214.785816 4448.547309
215.073560 4451.269889
215.322061 4454.032018
215.596699 4457.072842
215.877877 4460.300896
216.165646 4463.524979
216.427177 4466.821640
216.708342 4469.967996
216.930669 4473.303453
217.224940 4476.944870
217.480007 4480.564807
217.754645 4484.235053
218.003171 4487.960993
218.271331 4492.027516
218.552535 4496.098299
218.807602 4499.756886
219.023387 4503.714149
219.304527 4508.183618
219.572599 4512.430237
219.814534 4516.548548
220.056507 4520.635126
220.285323 4525.039867
220.553420 4529.828720
220.815002 4534.350544
221.043843 4539.215796
221.331574 4543.911329
221.534292 4548.513252
221.802389 4553.514632
222.037834 4557.874065
222.234023 4563.469754
222.580594 4569.003164
222.763715 4573.888361
223.038416 4578.762304
223.214997 4583.433337
223.463485 4588.823129
223.698930 4594.149538
223.934350 4599.555754
224.169783 4605.351733
224.431390 4611.075218
224.653754 4616.491318
224.882621 4622.105122
225.091892 4628.661173
225.307716 4636.686213
225.510446 4645.599377
225.693605 4655.249570
225.870148 4665.972352
226.046716 4679.152714
226.255974 4693.673242
226.432542 4708.304228
226.609123 4725.755074
226.818406 4744.886734
227.001464 4763.789419
227.178057 4783.988783
227.361140 4783.825507
227.557330 4764.461253
227.746992 4748.829638
227.943169 4737.094249
228.119711 4729.132719
228.302845 4724.199223
228.505576 4722.219894
228.695212 4721.957029
228.937236 4722.070403
229.166153 4722.263941
229.414692 4722.512254
229.617461 4722.824521
229.852893 4723.209424
230.068666 4723.696322
230.330312 4724.296040
230.578787 4724.887044
230.774926 4725.595336
231.049487 4726.460394
231.297950 4727.435087
231.579090 4728.598657
231.873260 4729.949760
232.187102 4731.217342
232.402901 4732.433869
232.657866 4733.985625
232.965193 4735.674579
233.233278 4737.438779
233.527562 4739.327101
233.802187 4741.303313
234.089867 4743.332514
234.351449 4745.388253
234.619571 4747.703446
234.920346 4750.092035
235.181940 4752.503327
235.463105 4755.230017
235.770407 4758.166564
236.071232 4760.989498
236.332776 4763.643593
236.581239 4766.423668
236.849349 4769.439732
237.123961 4772.476077
237.378989 4775.609569
237.653525 4779.120720
237.954249 4782.399673
238.176460 4785.697435
238.464128 4789.516464
238.751720 4793.400264
239.032796 4797.346930
239.313885 4801.206424
239.568812 4805.068277
239.836846 4808.818057
240.065674 4812.245412
240.281422 4816.371631
240.588698 4821.111955
240.869851 4825.421762
241.111723 4829.830475
241.392901 4834.439161
241.647891 4838.856345
241.896379 4843.777636
242.197153 4848.607487
242.425969 4853.296544
242.700645 4857.936932
242.916380 4862.796370
243.204162 4867.338305
243.380666 4871.374429
243.609559 4877.070258
243.943099 4883.951233
244.276588 4890.489431
244.564345 4896.808999
244.865157 4902.371203
245.074453 4907.154222
245.296855 4911.997590
245.506126 4917.840397
245.767720 4924.996155
245.983633 4932.829447
246.186350 4942.501717
246.415306 4953.819912
246.624564 4965.513059
246.814315 4978.122373
247.010492 4991.687720
247.193562 5005.667153
247.370181 5020.448799
247.546749 5036.889194
247.736385 5054.402981
247.912941 5072.718676
248.096062 5092.073179
248.272618 5112.927242
248.468769 5135.809609
248.678052 5158.240662
248.867701 5188.956044
249.227365 5221.732178
249.456283 5252.117612
249.776691 5282.722704
250.012137 5312.067012
250.312961 5341.625847
250.554922 5368.530271
250.809938 5393.508655
251.019208 5420.652593
251.319983 5449.250669
251.561956 5471.070658
251.738524 5500.307426
252.130852 5530.953547
252.340123 5533.215113
252.516691 5517.744633
252.693246 5503.943972
252.889423 5492.538687
253.065991 5483.580243
253.275262 5476.917487
253.471426 5473.393475
253.654535 5472.076563
253.889942 5471.839352
254.092507 5471.919104
254.268973 5472.055589
254.497840 5472.234022
254.674421 5472.448866
254.877126 5472.713193
255.066787 5473.048004
255.295629 5473.470239
255.524470 5473.985091
255.779422 5474.608832
256.040915 5475.270471
256.269744 5476.028813
256.544343 5476.878046
256.786253 5477.696171
257.001975 5478.606030
257.256902 5479.691115
257.524949 5480.948099
257.819157 5482.160396
258.034904 5483.390174
258.302963 5484.810333
258.564494 5486.274660
258.819523 5487.634404
259.022215 5489.083879
259.283810 5490.655041
259.506187 5492.115802
259.715445 5493.752145
259.970524 5495.371136
260.160122 5496.979586
260.395542 5498.979238
260.670192 5501.104188
260.918668 5503.199094
261.167182 5505.366312
261.415657 5507.666691
261.677239 5510.198727
261.958417 5512.878865
262.233042 5515.583205
262.501139 5518.063898
262.716937 5520.656052
262.991575 5523.638066
263.266212 5526.333617
263.475457 5529.299290
263.782785 5532.564671
264.031260 5535.686678
264.299370 5539.049841
264.573995 5542.370454
264.822470 5545.949761
265.123270 5549.698284
265.384826 5553.362754
265.659464 5556.782956
265.875249 5560.329643
266.156427 5564.181811
266.404928 5567.873116
266.653391 5571.737755
266.914973 5575.625226
267.156908 5579.799568
267.444614 5584.155971
267.699630 5588.276304
267.948080 5592.860705
268.248879 5597.752253
268.523568 5601.879941
268.726222 5606.377109
269.033587 5613.090200
269.471686 5619.937102
269.779013 5624.717303
269.981693 5629.399273
270.269424 5634.525218
270.511384 5639.348271
270.759860 5643.910319
270.969130 5648.070361
271.171810 5652.619128
271.413757 5657.152802
271.609960 5661.124451
271.793030 5666.402475
272.106898 5671.805180
272.296534 5677.446011
272.623559 5684.316830
272.917793 5690.559955
273.179400 5696.597168
273.447535 5702.180258
273.663359 5707.529607
273.905307 5712.624780
274.094994 5717.071636
274.278090 5722.275594
274.526604 5728.038942
274.729346 5734.550237
274.951685 5742.044309
275.134832 5749.931700
275.311413 5759.325612
275.507590 5770.061531
275.690686 5781.401659
275.867305 5794.874237
276.076575 5810.880214
276.285820 5827.510831
276.475495 5844.630922
276.665144 5863.331169
276.861346 5885.466660
277.090188 5908.269387
277.273296 5937.879867
277.593717 5969.983092
277.809528 5995.097070
278.012258 6020.813258
278.241112 6048.667640
278.483060 6078.605543
278.751195 6107.177997
278.973559 6132.124543
279.182805 6158.377282
279.431306 6186.297084
279.673279 6216.181281
279.961023 6244.733125
280.183361 6271.566271
280.444905 6302.114580
280.739152 6329.212749
280.941907 6331.431593
281.118501 6314.928204
281.308175 6301.423800
281.491284 6291.628268
281.667877 6284.785893
281.883688 6281.125021
282.086431 6280.261529
282.269565 6280.261605
282.485389 6280.330571
282.662059 6280.428020
282.858388 6280.566566
283.067862 6280.728251
283.244442 6280.911959
283.434066 6281.179328
283.695623 6281.527932
283.944073 6281.943649
284.218659 6282.393617
284.447463 6282.944882
284.761242 6283.579854
285.016219 6284.235641
285.290730 6285.014418
285.591441 6285.942364
285.918275 6286.858544
286.166687 6287.792663
286.460870 6288.795269
286.715746 6289.771056
286.964196 6290.814218
287.225638 6291.954150
287.493647 6293.105243
287.735531 6294.248593
287.977428 6295.507683
288.245448 6296.730808
288.454681 6297.934765
288.696591 6299.177909
288.905823 6300.312591
289.095409 6301.580726
289.337344 6303.127922
289.605403 6304.811205
289.873487 6306.576322
290.148137 6308.492927
290.442383 6310.380235
290.690846 6312.601951
291.057025 6314.912224
291.312029 6316.874877
291.567057 6319.157996
291.887478 6321.694222
292.188240 6324.114700
292.462903 6326.432683
292.724421 6328.990443
293.038289 6331.580352
293.293317 6334.056304
293.567942 6336.652402
293.836065 6339.408758
294.130311 6342.227710
294.398433 6345.046564
294.679573 6348.031618
294.967292 6351.011734
295.235414 6354.058242
295.523133 6357.390703
295.830460 6360.756176
296.111663 6363.846142
296.360126 6366.681246
296.588980 6369.726487
296.863618 6372.901325
297.105553 6376.218384
297.393271 6379.546393
297.628678 6382.764458
297.890209 6386.336862
298.171349 6389.923432
298.426302 6393.211325
298.655143 6396.551045
298.910185 6400.215576
299.178269 6403.511056
299.374420 6407.193428
299.688326 6411.256689
299.930236 6414.456590
300.119872 6417.998881
300.401063 6421.780121
300.616899 6425.465771
300.878456 6429.193694
301.094229 6432.659333
301.316568 6436.535082
301.578124 6440.134039
301.761233 6443.456307
301.983572 6446.972972
302.186251 6450.639928
302.421722 6454.120682
302.598277 6458.774308
302.964558 6463.582218
303.154182 6466.790827
303.330775 6469.969844
303.513846 6474.413831
303.827828 6479.733110
304.102541 6485.249949
304.429528 6490.834810
304.704179 6496.252293
305.005054 6502.114643
305.318986 6507.669259
305.580542 6512.845719
305.848664 6518.145559
306.116812 6523.834182
306.404594 6529.887356
306.646542 6536.342325
306.868919 6544.451997
307.123948 6553.288972
307.320125 6563.722326
307.581706 6576.382436
307.817152 6589.624872
308.046082 6602.889120
308.242335 6616.642257
308.451580 6632.145535
308.667379 6647.668138
308.850513 6663.398443
309.046715 6681.807408
309.269041 6701.235891
309.465243 6719.355350
309.641799 6737.860366
309.838001 6756.334172
310.014557 6775.590841
310.230368 6776.493117
310.446166 6759.992062
310.629313 6747.501476
310.812409 6736.921377
311.021667 6728.622567
311.230975 6723.643537
311.414058 6721.439281
311.623380 6720.876482
311.839216 6720.942601
312.120293 6721.100468
312.460246 6721.286357
312.643368 6721.458253
312.826464 6721.671760
313.029130 6721.930190
313.231809 6722.284086
313.506358 6722.698579
313.728684 6723.151782
313.983611 6723.681384
314.232011 6724.258620
314.480410 6724.953218
314.774593 6725.628404
314.970719 6726.313998
315.232212 6727.194667
315.519892 6728.149963
315.787926 6729.110903
316.042904 6730.106067
316.297920 6731.214905
316.579047 6732.323333
316.807863 6733.431454
317.062841 6734.539040
317.272073 6735.580050
317.481395 6736.817169
317.749504 6738.280714
318.024116 6739.769488
318.279183 6741.222563
318.521182 6743.020475
318.867803 6745.117973
319.181683 6747.179233
319.489011 6749.114991
319.744052 6750.909263
319.992553 6752.759422
320.247569 6754.945205
320.567990 6757.142314
320.809950 6759.227507
321.084575 6761.562269
321.372281 6763.993100
321.653446 6766.377166
321.915003 6768.495685
322.124261 6770.884152
322.431575 6773.636291
322.706213 6776.173604
322.954701 6778.806744
323.235866 6781.599211
323.503963 6784.354775
323.765545 6786.994818
324.000952 6789.763824
324.275590 6792.585099
324.510984 6795.316974
324.759485 6798.520626
325.066800 6801.862924
325.328382 6804.961361
325.583410 6808.037165
325.831886 6811.583711
326.152294 6815.192123
326.400808 6818.406088
326.649309 6821.673642
326.897784 6825.172687
327.172422 6828.683376
327.414382 6832.439930
327.715182 6836.160397
327.944074 6839.617820
328.199077 6843.075180
328.421390 6846.927248
328.722139 6850.879756
328.951019 6854.700352
329.225631 6858.673123
329.467578 6862.603925
329.729084 6866.482917
329.957951 6870.365255
330.212992 6874.456986
330.461430 6879.151615
330.781876 6885.693203
331.239609 6893.085569
331.645019 6898.612957
331.873911 6902.547919
332.089671 6906.172583
332.279320 6909.775833
332.488553 6913.592836
332.697836 6918.729387
333.044368 6923.731231
333.234030 6928.125637
333.508706 6932.684794
333.711461 6937.109438
333.966515 6942.736919
334.286936 6948.952647
334.594276 6954.657825
334.855845 6960.103461
335.130521 6965.270826
335.359388 6970.498350
335.634051 6975.845795
335.869496 6980.903907
336.111431 6986.151944
336.359919 6991.505715
336.588849 6997.758218
336.837325 7004.640788
337.026987 7013.648449
337.301688 7026.277264
337.582878 7038.900585
337.785621 7050.649575
337.981811 7064.229320
338.204124 7080.225137
338.433080 7097.363491
338.648866 7114.766341
338.851621 7133.444722
339.067445 7152.660216
339.257094 7171.719100
339.446730 7192.667168
339.656014 7213.644975
339.839071 7213.634014
340.041814 7196.674133
340.224885 7184.044030
340.408057 7174.390781
340.610774 7168.126480
340.806989 7165.463873
340.996651 7164.922998
341.232134 7164.973166
341.441430 7165.050965
341.631105 7165.177688
341.886350 7165.373220
342.154764 7165.647118
342.455830 7165.948522
342.678169 7166.279865
342.939789 7166.669828
343.181724 7167.123398
343.456324 7167.618199
343.691629 7168.190281
343.985850 7168.886162
344.279995 7169.658165
344.580718 7170.418508
344.822551 7171.157595
345.070963 7171.987030
345.338959 7172.937043
345.626588 7173.969849
345.907690 7175.012751
346.169158 7176.031116
346.411017 7177.129498
346.685578 7178.306565
346.940518 7179.508110
347.202011 7180.694704
347.430814 7181.845632
347.659643 7183.019555
347.881943 7184.160997
348.084661 7185.395046
348.326583 7187.012498
348.646953 7188.864459
348.947740 7190.688141
349.235420 7192.493393
349.510071 7194.451079
349.823913 7196.355447
350.065848 7198.279533
350.366622 7200.303448
350.621651 7202.442653
350.935519 7204.715763
351.210131 7207.006677
351.510905 7209.303908
351.772461 7211.554077
352.047112 7213.944860
352.328277 7216.365096
352.596374 7218.845053
352.877539 7221.258475
353.119474 7223.760452
353.407205 7226.473076
353.681843 7229.248211
353.969561 7231.914932
354.211509 7234.571965
354.486147 7237.486998
354.767325 7240.496701
355.048490 7243.676835
355.349277 7246.660621
355.584709 7249.744547
355.892024 7252.685792
356.094741 7255.726646
356.408571 7259.125800
356.663600 7262.148759
356.905535 7265.467138
357.199768 7268.794081
357.435188 7271.969093
357.696732 7275.361186
357.958263 7278.806185
358.219807 7282.126880
358.455214 7285.722579
358.749397 7289.138245
358.952089 7292.471511
359.226650 7295.935357
359.442360 7299.261571
359.690797 7303.300644
359.998137 7307.197885
360.220425 7310.662861
360.462322 7314.668576
360.750053 7318.268157
360.933136 7321.509829
361.168518 7325.349974
361.423496 7329.234958
361.658903 7333.222106
361.920511 7337.039963
362.129769 7340.742455
362.371729 7344.810047
362.620192 7348.757164
362.842531 7352.246098
363.032180 7355.883651
363.267625 7359.837400
363.489964 7363.313975
363.666481 7367.990130
364.019681 7374.060913
364.346681 7379.863667
364.660586 7385.443516
364.954896 7390.790287
365.236176 7396.015837
365.510851 7401.426696
365.805110 7407.089038
366.099420 7412.378461
366.328338 7417.877564
366.563770 7423.985497
366.759998 7430.541343
366.956213 7438.288468
367.165484 7448.721746
367.433606 7460.872723
367.662485 7473.609010
367.897931 7486.748459
368.100686 7499.959223
368.303429 7513.169552
368.480023 7527.289471
368.682740 7544.116126
368.905079 7560.803872
369.081660 7577.018536
369.271334 7594.623805
369.460971 7616.888605
369.735621 7622.246980
369.912163 7607.357492
370.095285 7594.409048
370.284908 7584.083766
370.461489 7576.096286
370.664194 7570.355268
370.866937 7567.413902
371.108923 7566.618094
371.383585 7566.675753
371.579699 7566.768757
371.795561 7566.987684
372.200957 7567.240839
372.377513 7567.475602
372.612882 7567.946555
373.050956 7568.478100
373.279772 7568.893610
373.495494 7569.426336
373.789651 7570.054480
374.044616 7570.634658
374.253836 7571.322018
374.547994 7572.084367
374.776810 7572.812706
375.012141 7573.690243
375.299796 7574.694058
375.574408 7575.713150
375.835901 7576.752666
376.090955 7577.878424
376.365592 7578.969370
376.581391 7580.085168
376.842973 7581.244442
377.058809 7582.421852
377.307323 7583.802625
377.582049 7585.294190
377.850171 7586.926485
378.151022 7588.663623
378.432225 7590.411046
378.713429 7592.312476
379.020730 7594.328971
379.314989 7596.305811
379.589665 7598.426091
379.903520 7600.489014
380.145493 7602.393034
380.400497 7604.532839
380.688215 7606.703744
380.936691 7608.911553
381.217856 7611.174833
381.466344 7613.353899
381.714832 7615.765451
382.002538 7618.387406
382.283703 7621.078216
382.571396 7623.706663
382.826425 7626.301547
383.094548 7629.054152
383.369172 7632.006536
383.663406 7634.741535
383.885732 7637.613013
384.193072 7640.939819
384.487318 7643.966938
384.729253 7647.099049
385.030053 7650.325693
385.278541 7653.581992
385.572813 7656.895002
385.821288 7660.275184
386.115547 7664.007840
386.409819 7667.383539
386.638711 7670.561821
386.893714 7673.919502
387.142215 7677.376356
387.403772 7681.023805
387.671894 7684.869138
387.953072 7688.493125
388.181952 7691.938083
388.430440 7696.108978
388.750797 7700.586643
389.031975 7704.241625
389.234655 7708.157327
389.541982 7712.374264
389.777376 7716.399389
390.051976 7720.952331
390.346209 7725.140922
390.568536 7729.066606
390.823539 7733.643837
391.117823 7737.888655
391.327030 7741.743059
391.568965 7746.381066
391.863237 7750.841593
392.078972 7754.720757
392.301324 7758.935617
392.549774 7763.973320
392.857114 7770.348888
393.242952 7775.887182
393.452223 7779.834713
393.661494 7785.079044
394.001523 7790.244014
394.197688 7793.874829
394.374243 7798.835884
394.701268 7805.018088
394.995527 7810.818286
395.276756 7816.622146
395.564462 7822.697899
395.865274 7828.499815
396.120303 7833.535469
396.342667 7838.315575
396.565006 7843.649537
396.793923 7849.852427
397.003156 7859.072250
397.310559 7870.742714
397.559047 7882.161515
397.774871 7894.356566
397.997223 7908.296457
398.226140 7923.374602
398.441951 7938.030158
398.625060 7953.040243
398.821262 7969.298421
399.010911 7985.668860
399.187492 8003.974446
399.396750 8023.904206
399.586387 8044.380655
399.789142 8046.204398
399.972263 8030.039916
400.155397 8017.339144
400.332004 8007.759841
400.521627 8001.149991
400.724383 7997.902288
400.940207 7997.138116
401.129856 7997.182974
401.365339 7997.264895
401.581137 7997.393713
401.836306 7997.587505
402.111299 7997.904567
402.490711 7998.399909
402.915755 7998.916511
403.190367 7999.387692
403.458401 7999.879806
403.700259 8000.453659
403.994442 8001.210131
404.340886 8002.009633
404.615434 8002.751008
404.870361 8003.536438
405.138382 8004.394110
405.406416 8005.305585
405.674398 8006.320782
405.968581 8007.353040
406.216930 8008.472865
406.524206 8009.543628
406.726822 8010.582805
406.994881 8011.719956
407.223671 8012.809920
407.452487 8013.989510
407.700975 8015.210119
407.929817 8016.493131
408.184845 8018.003471
408.479104 8019.701598
408.779878 8021.445231
409.067584 8023.192870
409.348762 8025.023383
409.643009 8026.825886
409.898025 8028.734651
410.205326 8030.862194
410.506126 8033.011168
410.800372 8035.076969
411.061916 8037.024539
411.310392 8039.048378
411.578476 8041.389615
411.892306 8043.817310
412.166994 8046.257458
412.467768 8048.814852
412.755474 8051.289518
413.023571 8053.793761
413.304761 8056.415432
413.585914 8059.000853
413.847483 8061.643677
414.128674 8064.372833
414.396771 8066.990739
414.645246 8069.729481
414.926424 8072.587963
415.188019 8075.360528
415.443022 8078.183695
415.704604 8081.093195
415.966135 8084.091599
416.234245 8087.180343
416.502329 8090.440037
416.790061 8093.835106
417.071239 8097.048999
417.319689 8100.318730
417.600867 8103.554721
417.836261 8106.718607
418.097856 8110.183344
418.372455 8113.787577
418.647093 8117.227655
418.889053 8120.900503
419.189853 8124.941173
419.477533 8128.493042
419.699859 8132.193355
420.000570 8135.889728
420.216343 8139.211741
420.458240 8142.910752
420.719745 8146.803496
420.981289 8150.847771
421.255914 8154.590783
421.471700 8158.435796
421.752903 8162.682989
422.014396 8166.672545
422.256369 8170.499968
422.491789 8173.995577
422.687953 8177.691389
422.942969 8181.748338
423.178376 8185.631197
423.407256 8190.002422
423.695000 8195.608202
424.061166 8200.652378
424.276990 8204.093435
424.453583 8208.912734
424.819826 8215.311348
425.166434 8221.324760
425.480378 8226.630459
425.742037 8231.880301
426.042887 8236.437160
426.225970 8240.545777
426.474496 8244.874223
426.664184 8249.920690
426.912684 8255.855964
427.102410 8262.318509
427.311668 8271.178444
427.573326 8280.713105
427.762975 8290.230381
427.972258 8300.996559
428.174976 8313.781067
428.416974 8328.054470
428.632836 8343.370851
428.868230 8358.796715
429.057880 8374.303850
429.267176 8390.121712
429.443744 8406.874762
429.653014 8425.961808
429.862247 8446.648246
430.091139 8467.101485
430.293894 8485.503271
430.483543 8514.175950
430.915140 8546.681343
431.196331 8571.858660
431.477509 8595.244530
431.726010 8616.036229
431.954877 8637.659521
432.229539 8660.379265
432.491096 8683.022466
432.772274 8705.863087
433.046911 8728.338387
433.328089 8750.713339
433.609280 8771.460247
433.857781 8788.628756
434.053945 8788.969743
434.263190 8776.508569
434.459380 8767.441305
434.649055 8761.120774
434.845231 8757.472579
435.028404 8756.098756
435.224644 8755.848567
435.407778 8755.894391
435.623653 8755.974814
435.839375 8756.118913
436.140212 8756.285660
436.316780 8756.462397
436.539119 8756.747135
436.853038 8757.088527
437.094960 8757.454943
437.363006 8757.859718
437.598376 8758.299957
437.853353 8758.816688
438.121362 8759.312785
438.317475 8759.878099
438.605155 8760.520950
438.833959 8761.273737
439.160793 8762.092249
439.402690 8762.869850
439.664208 8763.691128
439.906118 8764.571485
440.174177 8765.508556
440.422640 8766.469069
440.677605 8767.447178
440.912999 8768.357066
441.115742 8769.303984
441.351162 8770.373650
441.593097 8771.436368
441.808895 8772.555179
442.057409 8773.726728
442.279748 8774.818743
442.482478 8776.141543
442.776737 8777.648577
443.031753 8779.232991
443.332603 8781.067874
443.653012 8782.824760
443.908040 8784.541001
444.195759 8786.350813
444.463894 8788.263232
444.764693 8790.160431
445.013169 8792.093068
445.307466 8794.245839
445.601687 8796.384807
445.876350 8798.454327
446.137894 8800.365007
446.360233 8802.375100
446.634857 8804.756452
446.935644 8807.166075
447.203728 8809.608084
447.498000 8812.044848
447.753016 8814.630675
448.066909 8817.206678
448.308870 8819.718560
448.596601 8822.437414
448.871226 8825.115413
449.139323 8827.813298
449.407407 8830.562716
449.675504 8833.259617
449.924018 8836.218578
450.231332 8839.226988
450.479833 8841.966507
450.728321 8845.085595
451.035636 8848.140374
451.264490 8850.753996
451.486854 8853.833945
451.787641 8857.312598
452.068806 8860.571150
452.323835 8863.842959
452.598498 8867.121585
452.846986 8870.747583
453.167394 8874.424258
453.415883 8877.643378
453.657843 8880.994307
453.919400 8884.657037
454.200565 8888.325450
454.455606 8891.680306
454.684473 8895.731952
455.031069 8899.783652
455.253408 8902.995798
455.475746 8906.678228
455.756899 8910.694845
456.018494 8914.666993
456.286591 8918.537845
456.528538 8922.559477
456.809716 8926.678052
457.058217 8930.849919
457.339383 8934.858115
457.561709 8938.863545
457.836308 8942.693724
458.032510 8946.679304
458.320216 8951.137943
458.568666 8955.373821
458.823695 8959.542065
459.059051 8963.642302
459.301075 8968.069338
459.569122 8972.134919
459.765298 8976.129140
460.020365 8980.390865
460.242717 8984.219821
460.445396 8988.442344
460.706965 8992.820117
460.922776 8996.510052
461.105872 9000.107693
461.308577 9004.164503
461.537495 9008.127919
461.727131 9011.936259
461.936363 9017.296770
462.282972 9022.506513
462.472596 9027.588125
462.799595 9032.640116
462.982742 9037.751139
463.309665 9044.764436
463.675844 9050.440032
463.865481 9055.847562
464.198983 9062.253339
464.480173 9068.523961
464.794079 9075.219866
465.075283 9083.494787
465.395716 9093.196108
465.650758 9102.675288
465.866518 9111.939709
466.056180 9121.727769
466.252357 9134.602420
466.513939 9149.669778
466.742793 9163.446960
466.925939 9176.617311
467.109073 9191.400556
467.311778 9206.765801
467.488346 9223.069385
467.691026 9240.813194
467.880675 9259.201924
468.076826 9282.935523
468.351527 9306.428661
468.528070 9326.754485
468.737328 9351.702472
469.005425 9376.461585
469.214695 9399.644816
469.456618 9426.609788
469.744349 9453.658928
469.992824 9479.445853
470.260934 9504.349296
470.496341 9527.410410
470.731748 9551.834648
470.999896 9576.966581
471.254912 9600.290830
471.490307 9624.293199
471.764970 9648.068934
472.000390 9651.110635
472.190102 9637.497768
472.366683 9627.411478
472.549817 9620.173339
472.752585 9616.394086
472.935770 9615.477843
473.145104 9615.458728
473.328276 9615.492000
473.517951 9615.551603
473.760013 9615.633048
473.962755 9615.756691
474.263758 9615.951571
474.597476 9616.147365
474.800359 9616.317315
474.996675 9616.540192
475.264874 9616.799191
475.487314 9617.054959
475.703240 9617.369157
475.977852 9617.732044
476.226264 9618.133204
476.507353 9618.587535
476.781914 9619.065371
477.049922 9619.525099
477.272172 9620.042688
477.566342 9620.674615
477.867040 9621.307692
478.128533 9621.938495
478.396516 9622.601053
478.657984 9623.296276
478.926030 9624.004478
479.174366 9624.783599
479.468586 9625.532856
479.677717 9626.231985
479.919614 9627.006955
480.161511 9627.752921
480.370718 9628.558628
480.632287 9629.386948
480.841495 9630.194556
481.076876 9631.098943
481.325365 9632.159385
481.626151 9633.291422
481.894248 9634.434978
482.181954 9635.655594
482.469660 9636.811319
482.711595 9637.971848
482.986220 9639.207421
483.247764 9640.429215
483.502780 9641.779676
483.803554 9643.313310
484.117434 9644.769036
484.372437 9646.142555
484.640534 9647.636536
484.928228 9649.220010
485.215959 9650.803935
485.490622 9652.424939
485.778327 9653.982978
486.020250 9655.716775
486.353752 9657.626331
486.641470 9659.289410
486.883405 9660.944723
487.158030 9662.737361
487.432655 9664.498333
487.687709 9666.337832
487.975415 9668.186030
488.223890 9670.116515
488.524702 9671.983280
488.747003 9673.837872
489.034747 9675.865477
489.296240 9677.680056
489.518604 9679.625147
489.806323 9681.801556
490.080935 9683.962847
490.355585 9686.079285
490.610614 9688.282980
490.898332 9690.491061
491.146808 9692.762443
491.441092 9695.149345
491.709202 9697.373903
491.957652 9699.572308
492.212668 9701.799660
492.461169 9704.205027
492.748875 9706.701063
493.010419 9708.958849
493.239298 9711.307849
493.513923 9713.839547
493.775492 9716.373423
494.043589 9719.003225
494.318227 9721.829068
494.619026 9724.296214
494.815152 9726.631381
495.083262 9729.390737
495.357887 9731.945367
495.580226 9734.393517
495.828638 9737.039058
496.083628 9739.678124
496.325487 9742.275512
496.567435 9745.007609
496.828966 9748.020982
497.116595 9750.884551
497.345526 9753.596898
497.600440 9756.222316
497.809698 9759.026320
498.090850 9762.196845
498.358947 9764.902217
498.555112 9767.442118
498.790532 9770.275544
499.032492 9772.976569
499.241724 9775.623122
499.470629 9778.572254
499.725683 9781.790141
499.993793 9784.710858
500.196510 9787.660397
500.464595 9790.840221
500.700027 9793.672911
500.909285 9796.318009
501.112015 9799.196352
501.354014 9802.267183
501.582881 9805.060646
501.779070 9807.963758
502.021018 9810.886350
502.217169 9813.656318
502.432993 9816.445272
502.629208 9819.164856
502.831951 9822.173224
503.067345 9825.384147
503.296238 9828.528223
503.518538 9831.603243
503.734311 9834.607858
503.943582 9837.680867
504.165959 9840.821640
504.381745 9844.127280
504.623718 9847.263896
504.813316 9850.183497
505.022587 9853.024127
505.199180 9856.175806
505.447668 9859.541108
505.650424 9862.882574
505.892359 9866.493594
506.127791 9869.981433
506.337062 9874.146049
506.592065 9878.944983
506.794795 9884.689399
507.049837 9891.713664
507.285244 9898.918128
507.494515 9907.230874
507.742990 9917.032481
507.984925 9930.701440
508.351180 9946.623270
508.632358 9962.508656
508.933221 9980.139261
509.227544 9996.538431
509.449896 10010.423285
509.639570 10024.322565
509.842313 10039.732808
510.058111 10057.132525
510.306638 10076.357933
510.574747 10093.395340
510.770962 10094.328379
510.960662 10083.518794
511.137294 10075.442637
511.313849 10069.438373
511.510115 10065.756498
511.712909 10064.428084
511.896043 10064.264780
512.131551 10064.303210
512.314635 10064.362967
512.523918 10064.478014
512.837836 10064.683355
513.210581 10064.975861
513.583238 10065.275768
513.838279 10065.571272
514.106325 10065.884664
514.335154 10066.224198
514.590094 10066.588387
514.812344 10066.979869
515.060819 10067.431196
515.315746 10067.923211
515.570673 10068.443408
515.819098 10069.036985
516.106753 10069.674935
516.361705 10070.303477
516.610143 10070.930818
516.838984 10071.685607
517.152814 10072.494248
517.394787 10073.276719
517.662884 10074.038339
517.872167 10074.812098
518.127171 10075.623931
518.342969 10076.590531
518.663390 10077.639325
518.905363 10078.723845
519.219231 10080.204778
519.631282 10081.631704
519.892839 10082.907452
520.206707 10084.332706
520.514021 10085.827206
520.834468 10087.407620
521.154889 10088.940383
521.436054 10090.614569
521.789177 10092.521086
522.135735 10094.304773
522.423492 10096.089548
522.750415 10097.942410
523.044687 10099.706415
523.325865 10101.411158
523.587421 10103.178900
523.875127 10105.073782
524.162833 10106.946102
524.430930 10108.815995
524.705593 10110.772612
524.986809 10112.698608
525.241799 10114.592117
525.503356 10116.521597
525.758385 10118.538707
526.033060 10120.644094
526.301132 10122.658461
526.543105 10124.844075
526.843904 10127.092508
527.092380 10129.441389
527.406235 10131.856596
527.661264 10134.118939
527.929361 10136.622342
528.230186 10139.077994
528.478661 10141.548099
528.772895 10144.177808
529.047545 10146.759671
529.322233 10149.318974
529.583764 10152.046850
529.884551 10154.814854
530.146108 10157.562621
530.433852 10160.349467
530.695408 10163.042529
530.956965 10165.807482
531.225074 10168.645201
531.493171 10171.486460
531.754740 10174.366482
532.022863 10177.613002
532.343271 10180.939384
532.617909 10183.941808
532.872950 10186.831831
533.121438 10189.910714
533.402654 10193.025248
533.651117 10196.180066
533.932295 10199.331121
534.174268 10202.643397
534.475080 10205.868813
534.697407 10209.054322
534.985125 10212.479230
535.240141 10215.440148
535.449361 10218.560982
535.723986 10222.226143
536.011704 10226.020483
536.299397 10229.594889
536.547835 10232.721930
536.763659 10236.150091
537.051352 10239.698205
537.280206 10243.241115
537.561396 10247.000768
537.816374 10250.567466
538.064875 10253.791848
538.267567 10257.428049
538.568430 10261.284348
538.797297 10264.843379
539.052300 10268.481672
539.287733 10272.203590
539.549302 10275.757965
539.758560 10279.144891
539.993967 10282.810101
540.235915 10286.403872
540.458254 10290.028297
540.700214 10293.577395
540.909510 10296.946789
541.125258 10300.182637
541.314932 10303.654775
541.556918 10307.308709
541.766150 10310.830587
541.988464 10314.107237
542.165083 10317.353544
542.380856 10320.891969
542.590088 10324.510666
542.812415 10327.876502
542.988995 10331.042807
543.185160 10334.451597
543.387864 10337.881998
543.584067 10342.819075
543.956799 10348.709682
544.257636 10353.094477
544.453788 10357.695810
544.774222 10363.449404
545.094681 10368.064037
545.284304 10372.602414
545.591644 10378.603892
545.918581 10385.333789
546.219393 10391.867823
546.428663 10400.517397
546.762153 10411.938914
547.049871 10423.649223
547.311440 10436.045655
547.566507 10448.452508
547.782331 10460.224131
547.978508 10472.019424
548.168170 10484.560908
548.364347 10497.348743
548.540889 10510.859332
548.737117 10526.064380
548.939834 10541.490829
549.122943 10557.688880
549.325673 10575.481786
549.528403 10600.410665
549.874935 10608.732172
550.058069 10594.825279
550.260825 10584.149204
550.457078 10577.478886
550.653318 10574.289639
550.869206 10573.499242
551.052390 10573.519633
551.248656 10573.553833
551.425288 10573.609238
551.654256 10573.691392
551.883199 10573.783261
552.066384 10573.878920
552.243168 10573.993013
552.439484 10574.120992
552.616167 10574.321671
552.943255 10574.586728
553.211390 10574.837232
553.440295 10575.107925
553.695438 10575.436675
553.976540 10575.780033
554.211896 10576.133720
554.466811 10576.555068
554.754440 10577.011433
555.015908 10577.507369
555.310091 10578.033963
555.571546 10578.539446
555.813405 10579.116534
556.114102 10579.706056
556.342918 10580.296999
556.617442 10580.996063
556.911612 10581.701725
557.166539 10582.359173
557.401870 10583.052451
557.663325 10583.741103
557.879060 10584.486620
558.160199 10585.223464
558.356326 10585.923967
558.598261 10586.775664
558.872885 10587.676778
559.127939 10588.608554
559.402539 10589.593243
559.670636 10590.634751
559.958367 10591.825117
560.285303 10592.998887
560.546847 10594.143923
560.841106 10595.348132
561.115743 10596.631566
561.429586 10598.024481
561.736926 10599.273012
561.972346 10600.588373
562.292729 10601.882803
562.508514 10603.180470
562.815880 10604.756027
563.129697 10606.163265
563.358589 10607.624401
563.679010 10609.184417
563.934026 10610.709182
564.228298 10612.414903
564.535638 10613.984036
564.771032 10615.568639
565.071819 10617.320281
565.352997 10619.047448
565.634175 10620.745443
565.895731 10622.348504
566.137679 10624.065569
566.425398 10625.831553
566.673873 10627.674740
566.974673 10629.660070
567.255812 10631.313556
567.452002 10633.065580
567.752776 10635.098989
568.020873 10636.999527
568.275889 10638.807219
568.511258 10640.815187
568.812070 10643.051646
569.099776 10645.171630
569.361358 10647.143061
569.603280 10649.168464
569.871365 10651.246683
570.119853 10653.327259
570.381435 10655.434486
570.629898 10657.680891
570.917642 10659.814908
571.133389 10661.979565
571.421146 10664.339958
571.676149 10666.441503
571.898475 10668.686784
572.179653 10671.104913
572.434682 10673.464265
572.696264 10675.790173
572.938186 10678.422430
573.258607 10680.895726
573.461325 10683.119182
573.722868 10685.649942
573.984399 10688.306598
574.265539 10690.927787
574.514002 10693.381756
574.755886 10695.761309
574.984740 10698.367387
575.265868 10701.271186
575.547058 10704.070358
575.802049 10706.761614
576.057039 10709.164054
576.253229 10711.697361
576.527854 10714.500699
576.769789 10717.189274
577.018277 10719.720226
577.227484 10722.275258
577.475985 10724.962180
577.704864 10727.674146
577.953365 10730.257823
578.156045 10733.170328
578.456870 10736.143065
578.666127 10738.759946
578.901573 10741.670052
579.156576 10744.525149
579.378864 10747.247021
579.607744 10749.950069
579.823504 10752.876948
580.085137 10755.662972
580.274773 10758.391436
580.523261 10761.426652
580.758668 10764.278935
580.974467 10766.985622
581.183687 10770.134726
581.464915 10773.263205
581.667645 10776.033759
581.890010 10778.865376
582.099230 10781.586742
582.301972 10784.676569
582.563478 10787.962776
582.792370 10790.876099
582.995075 10793.855131
583.230520 10796.898057
583.439778 10799.962734
583.675173 10803.138333
583.897499 10805.969090
584.080607 10808.818876
584.302934 10812.149752
584.551434 10815.549724
584.780314 10818.644175
584.983031 10821.841346
585.218451 10825.816216
585.480033 10830.434134
585.708912 10835.765411
585.950847 10842.108573
586.192833 10848.687209
586.395563 10855.604505
586.611362 10863.036750
586.807564 10871.701280
587.049537 10884.549731
587.396107 10900.013942
587.696907 10914.006331
587.932352 10927.642202
588.180879 10941.313704
588.390200 10954.972619
588.612513 10968.631854
588.802163 10981.326971
588.978705 10994.611596
589.174895 10995.914139
589.351438 10984.986745
589.554218 10976.486861
589.730812 10971.002333
589.907482 10967.693510
590.129884 10966.465749
590.319622 10966.391232
590.594260 10966.447265
590.829692 10966.517078
591.006209 10966.643926
591.346328 10966.809214
591.562063 10967.055117
591.967485 10967.343477
592.196339 10967.593820
592.431683 10967.911579
592.719351 10968.218880
592.895893 10968.520020
593.131250 10968.889758
593.366581 10969.330663
593.647670 10969.836040
593.915729 10970.354397
594.170668 10970.902386
594.432161 10971.461770
594.667505 10972.030837
594.909402 10972.733787
595.223206 10973.481458
595.471656 10974.188817
595.726685 10974.869156
595.935918 10975.580766
596.190934 10976.393907
596.445988 10977.286772
596.727178 10978.251218
597.001854 10979.318711
597.315760 10980.557929
597.655828 10981.797383
597.943521 10983.093230
598.283576 10984.568165
598.630146 10985.968189
598.911337 10987.488654
599.284044 10989.025249
599.552166 10990.523917
599.885643 10992.203589
600.206013 10994.012786
600.565665 10995.916920
600.899205 10997.791225
601.226179 10999.684286
601.546613 11001.532109
601.840859 11003.266293
602.108943 11005.001859
602.390096 11006.754822
602.651665 11008.548199
602.932843 11010.627640
603.266358 11012.660278
603.521374 11014.602856
603.815620 11016.750968
604.116394 11018.773471
604.364933 11020.639441
604.613396 11022.741493
604.914195 11024.905654
605.169224 11027.219958
605.496186 11029.627415
605.764295 11031.811405
606.025839 11034.060767
606.300477 11036.404033
606.575127 11038.527852
606.790874 11040.950687
607.124376 11043.672587
607.398988 11046.114741
607.660570 11048.473049
607.909033 11050.959952
608.190211 11053.703281
608.484496 11056.553659
608.778742 11059.417059
609.066473 11062.425408
609.380354 11065.378322
609.648451 11068.106089
609.910020 11071.009961
610.204291 11073.882078
610.452780 11076.725114
610.733945 11079.674947
610.995514 11082.701903
611.283271 11085.471243
611.492478 11088.278233
611.780209 11091.339757
612.028735 11094.288946
612.290305 11097.426246
612.564955 11100.835838
612.865754 11103.890590
613.075012 11106.985890
613.375812 11110.555121
613.656952 11114.088441
613.944683 11117.581010
614.212767 11120.989423
614.480839 11124.181076
614.709693 11127.322156
614.964683 11130.795612
615.239308 11134.436107
615.513907 11138.072599
615.782055 11141.613797
616.036970 11145.282478
616.318198 11148.896427
616.560095 11152.733390
616.867423 11156.792170
617.135520 11160.191800
617.344778 11163.625345
617.612887 11167.276373
617.848269 11170.818150
618.096757 11174.536649
618.351824 11178.189915
618.587231 11181.974949
618.855316 11185.791501
619.090748 11189.644120
619.358883 11193.324243
619.568103 11196.833087
619.810076 11200.728768
620.065118 11204.551422
620.293933 11208.144379
620.516298 11211.765338
620.745203 11215.253207
620.947958 11218.552605
621.150675 11221.927240
621.359921 11225.323946
621.562638 11228.470561
621.739206 11231.857130
621.968060 11236.869908
622.334201 11242.928957
622.680810 11248.433088
622.975094 11253.938610
623.315162 11259.319829
623.589799 11263.474882
623.785989 11267.781335
624.073707 11272.880014
624.354885 11278.825618
624.727605 11285.155007
625.002306 11290.595670
625.198470 11298.156448
625.525444 11307.579750
625.767405 11317.347185
626.028974 11327.660291
626.244798 11337.638359
626.447528 11348.669570
626.669892 11361.912332
626.918406 11375.104590
627.108055 11388.218627
627.323853 11405.179308
627.598516 11423.928134
627.833962 11440.233777
628.017045 11455.517879
628.206681 11472.924210
628.422518 11492.688280
628.651392 11495.306450
628.841125 11481.190830
629.050421 11470.998126
629.227014 11464.848905
629.423267 11461.723555
629.599899 11460.893859
629.802718 11460.813260
629.992456 11460.851971
630.227939 11460.933175
630.555041 11461.041731
630.790638 11461.158038
631.019746 11461.339190
631.373086 11461.531549
631.562811 11461.684209
631.745856 11461.883736
632.000948 11462.128312
632.236419 11462.406610
632.504630 11462.730770
632.772702 11463.075098
633.027604 11463.473525
633.328340 11463.895793
633.576739 11464.311689
633.831679 11464.826907
634.158513 11465.307896
634.348073 11465.809978
634.661852 11466.396129
634.910239 11466.965539
635.178247 11467.648788
635.498579 11468.339569
635.746991 11468.989397
636.008421 11469.692380
636.276416 11470.433401
636.544450 11471.155469
636.779831 11471.855144
637.015213 11472.660783
637.302906 11473.513302
637.551356 11474.342061
637.806385 11475.231049
638.074495 11476.242305
638.381835 11477.285360
638.649932 11478.364891
638.957272 11479.424284
639.199232 11480.558657
639.526156 11481.817820
639.813861 11482.962241
640.068877 11484.167977
640.369664 11485.358293
640.605071 11486.612495
640.918952 11488.002878
641.200117 11489.303239
641.461686 11490.717200
641.775529 11492.128662
642.024042 11493.473473
642.298680 11494.915003
642.573292 11496.567155
642.913334 11498.180837
643.161823 11499.760711
643.475703 11501.426639
643.743787 11503.052159
644.031506 11504.748198
644.312684 11506.417185
644.580768 11508.097487
644.855431 11509.682139
645.084285 11511.316532
645.365463 11513.169863
645.653182 11515.012063
645.921279 11516.887334
646.209023 11518.702113
646.450932 11520.525085
646.732110 11522.444889
646.993717 11524.491572
647.301007 11526.447586
647.529873 11528.413140
647.830673 11530.328972
648.039931 11532.327051
648.353799 11534.552874
648.615368 11536.321542
648.804991 11538.298787
649.112331 11540.375245
649.321551 11542.538574
649.641972 11544.861588
649.883882 11546.860874
650.119314 11549.024299
650.393927 11551.183981
650.622793 11553.458629
650.917052 11555.787077
651.152459 11558.000305
651.414029 11560.386675
651.682138 11562.650670
651.910967 11564.881232
652.166008 11567.288492
652.427501 11569.784985
652.695560 11572.152612
652.924389 11574.643151
653.212031 11576.965106
653.401629 11579.315375
653.689272 11582.210039
653.983518 11584.707174
654.186197 11587.066255
654.447678 11589.783663
654.715800 11592.324507
654.938101 11595.030655
655.232347 11597.830468
655.467754 11600.450820
655.722796 11603.237151
655.984314 11605.907047
656.213232 11608.603467
656.474763 11611.432595
656.723251 11614.437286
657.010957 11617.096636
657.194078 11619.821431
657.488299 11622.867474
657.723693 11625.716183
657.978773 11628.318468
658.168384 11630.943772
658.423400 11634.017989
658.684969 11637.119225
658.939960 11640.088294
659.175329 11643.042803
659.423766 11646.183999
659.685424 11649.228903
659.914304 11652.134580
660.149698 11655.394661
660.430864 11659.983997
660.868963 11664.147261
661.078221 11666.909701
661.294044 11669.647419
661.496762 11672.403432
661.712535 11675.264387
661.928359 11678.276061
662.163702 11681.086568
662.346811 11684.006894
662.595299 11687.391981
662.843825 11690.712301
663.079258 11693.920600
663.308125 11697.105535
663.537004 11700.312167
663.765884 11703.494070
663.988235 11706.790669
664.230183 11710.115408
664.439441 11713.650062
664.655226 11718.088099
664.890672 11723.336732
665.113011 11728.903177
665.315741 11735.173013
665.538092 11742.084037
665.740822 11748.939036
665.923931 11757.057019
666.159351 11771.047734
666.571339 11788.390854
666.891798 11805.124264
667.205691 11819.956041
667.414975 11834.312882
667.676556 11850.291024
667.912040 11868.315055
668.206337 11887.517079
668.461378 11908.226746
668.801446 11930.331699
669.108812 11952.133443
669.455369 11972.421889
669.730019 11991.800559
670.063521 12013.373899
670.423173 12034.214030
670.750147 12052.971577
671.057474 12070.508886
671.358274 12089.218344
671.724453 12108.499647
672.064495 12126.842408
672.417644 12143.819109
672.724946 12160.092880
673.071555 12176.814760
673.418150 12190.160031
673.640464 12191.823161
673.817095 12186.028444
673.993676 12182.490142
674.170270 12180.953814
674.353454 12180.630439
674.543091 12180.656584
674.758953 12180.706278
674.987832 12180.783223
675.229767 12180.886271
675.465212 12181.002866
675.667968 12181.140346
675.896847 12181.382964
676.295780 12181.638245
676.485442 12181.867590
676.746985 12182.136049
676.969312 12182.437457
677.237383 12182.758728
677.453093 12183.114369
677.727679 12183.543112
678.002253 12183.988155
678.257168 12184.484993
678.551401 12185.000093
678.793260 12185.550788
679.087468 12186.093567
679.296663 12186.591692
679.525466 12187.191702
679.800065 12187.817874
680.028983 12188.493251
680.316765 12189.223119
680.565253 12189.968396
680.839941 12190.773347
681.108089 12191.728054
681.454685 12192.819341
681.781634 12193.882297
682.082420 12195.003630
682.415910 12196.368922
682.821357 12197.816157
683.167940 12199.168056
683.494902 12200.558652
683.834995 12202.115697
684.214281 12203.652136
684.521659 12205.122268
684.848696 12206.813705
685.227944 12208.523763
685.541812 12210.002197
685.809934 12211.539330
686.130317 12213.363666
686.489943 12215.422659
686.875642 12217.522928
687.228689 12219.589614
687.581851 12221.632264
687.908838 12223.729121
688.261986 12226.066777
688.647787 12228.246102
688.935480 12230.417285
689.301608 12232.540428
689.563114 12234.577001
689.890038 12236.742325
690.177731 12238.905182
690.491598 12241.131513
690.785832 12243.152801
691.034282 12245.260661
691.341622 12247.374326
691.583583 12249.370080
691.851667 12251.578124
692.139385 12253.927056
692.433632 12256.232192
692.701754 12258.574752
692.996013 12260.923207
693.257570 12263.166373
693.519139 12265.382767
693.767602 12267.950857
694.101104 12270.640738
694.369213 12273.014462
694.624229 12275.633263
694.938110 12278.377585
695.212747 12280.975477
695.487397 12283.607437
695.762035 12286.273344
696.036660 12288.908414
696.298254 12291.510875
696.559798 12294.310654
696.854044 12297.042268
697.096005 12299.707240
697.370655 12302.572821
697.645293 12305.647325
697.952658 12308.687173
698.214214 12311.587389
698.488852 12314.447119
698.737353 12317.302827
699.005463 12320.335073
699.280100 12323.250838
699.522035 12326.236425
699.803226 12329.326831
700.058254 12332.566778
700.359054 12335.760933
700.601002 12338.873838
700.882154 12342.094369
701.137132 12345.429238
701.431378 12348.755479
701.679854 12351.913380
701.941410 12355.182401
702.202967 12358.482484
702.464549 12361.981428
702.752229 12365.385494
702.994190 12368.139895
703.177273 12371.477559
703.504184 12375.402250
703.772331 12379.106345
704.059948 12382.577882
704.288853 12385.994242
704.563503 12389.887605
704.857762 12393.406106
705.073510 12396.637379
705.322011 12400.399979
705.609717 12404.332601
705.877826 12408.254229
706.158992 12411.971652
706.394386 12415.721876
706.675551 12419.403247
706.897878 12423.359945
707.211771 12427.245519
707.421003 12431.020026
707.715288 12434.967597
707.944154 12438.799069
708.218766 12442.909494
708.480386 12446.799005
708.722347 12450.256984
708.925077 12453.893944
709.186659 12458.071085
709.454756 12462.017445
709.683584 12465.625708
709.905961 12469.469575
710.160990 12473.497282
710.402963 12478.630298
710.788777 12483.580397
711.004575 12487.160712
711.220348 12490.871554
711.449189 12495.766029
711.802300 12500.300923
711.985421 12503.476275
712.175070 12507.963126
712.508572 12513.837668
712.855219 12520.050543
713.221373 12525.912907
713.522210 12530.138210
713.698778 12533.340861
713.881849 12537.793713
714.195717 12542.267571
714.378838 12545.854154
714.575015 12552.428852
714.954288 12559.850178
715.143899 12569.345427
715.536278 12582.656386
715.863252 12593.187318
716.039795 12603.608969
716.307930 12616.647193
716.556418 12631.639240
716.850715 12646.940542
717.073079 12663.753193
717.373866 12683.940932
717.661661 12703.329308
717.903621 12719.472493
718.080240 12736.198519
718.315698 12755.844958
718.544608 12776.827192
718.793100 12797.814120
719.015452 12818.705044
719.263953 12840.818365
719.518995 12861.005973
719.728237 12881.246889
719.989812 12901.566971
720.205620 12921.238492
720.460660 12943.256904
720.748383 12964.032079
720.990345 12980.883127
721.193072 12998.304693
721.467707 13016.978935
721.722745 13032.740548
721.932019 13047.860885
722.187053 13062.454351
722.396302 13074.512195
722.585944 13075.230454
722.788702 13067.485063
722.984952 13063.693207
723.168129 13062.660567
723.390553 13062.586690
723.567214 13062.600753
723.743898 13062.623318
723.946700 13062.658742
724.182204 13062.705845
724.404659 13062.765119
724.646733 13062.842038
724.908424 13062.956328
725.268289 13063.082712
725.510313 13063.194228
725.732658 13063.306106
725.935395 13063.444064
726.210107 13063.607504
726.458686 13063.769124
726.687661 13063.950650
726.955741 13064.171246
727.249960 13064.395738
727.491857 13064.633442
727.779499 13064.920729
728.093278 13065.204884
728.341676 13065.466806
728.583542 13065.779846
728.897327 13066.086696
729.106509 13066.385242
729.381013 13066.733516
729.649027 13067.092692
729.917042 13067.476234
730.198105 13067.879965
730.472660 13068.238652
730.675276 13068.595188
730.930265 13068.988365
731.165626 13069.422524
731.453380 13069.898313
731.721430 13070.366757
731.982995 13070.862220
732.264131 13071.353440
732.506099 13071.859933
732.787268 13072.406209
733.055335 13072.934121
733.303789 13073.455310
733.552264 13074.039775
733.846498 13074.638244
734.094999 13075.192624
734.336896 13075.798272
734.618048 13076.496398
734.925350 13077.138567
735.147689 13077.789288
735.448450 13078.460528
735.677330 13079.200424
736.017360 13080.051428
736.318146 13080.824830
736.586243 13081.569578
736.854328 13082.300935
737.102829 13083.065923
737.384019 13083.883706
737.658644 13084.757710
737.965984 13085.536299
738.168676 13086.310430
738.462948 13087.179075
738.717951 13088.043020
738.999142 13088.932052
739.260698 13089.792562
739.515714 13090.700858
739.796905 13091.669050
740.078058 13092.630264
740.346116 13093.583957
740.614252 13094.552544
740.882310 13095.535913
741.150382 13096.521817
741.411900 13097.459779
741.647257 13098.436625
741.921869 13099.516093
742.203034 13100.676823
742.510349 13101.761825
742.745756 13102.796775
743.020343 13103.912169
743.288414 13105.015468
743.549958 13106.105569
743.804974 13107.195575
744.060003 13108.299031
744.315006 13109.517436
744.615768 13110.750643
744.870822 13111.971432
745.158527 13113.161354
745.393947 13114.290681
745.648951 13115.478094
745.903967 13116.741313
746.185132 13118.018732
746.440161 13119.263871
746.701679 13120.587152
746.982870 13121.843842
747.211762 13123.115236
747.492889 13124.481784
747.754420 13125.780168
748.002921 13127.160610
748.290690 13128.640783
748.571868 13129.894639
748.768045 13131.109828
749.029602 13132.546396
749.304239 13134.033305
749.578889 13135.499632
749.840421 13137.090756
750.154288 13138.752942
750.435466 13140.136208
750.644724 13141.496128
750.912809 13142.961141
751.154769 13144.478577
751.435922 13146.202416
751.743262 13147.689831
751.939451 13148.977011
752.174896 13150.510536
752.449521 13152.256537
752.750321 13153.877592
752.979213 13155.454059
753.260416 13157.186445
753.535066 13158.789715
753.770461 13160.282234
754.005919 13161.807416
754.247892 13163.641532
754.574866 13165.468476
754.810299 13167.184732
755.098068 13168.957302
755.346569 13170.657833
755.608151 13172.393605
755.863180 13173.942653
756.065910 13175.548599
756.333981 13177.481327
756.628266 13179.521250
756.922537 13181.440704
757.177553 13183.191168
757.419514 13185.095070
757.713760 13187.059565
757.968802 13188.803396
758.197681 13190.488181
758.433063 13192.496925
758.746956 13194.543429
758.988904 13196.338980
759.230851 13198.171167
759.479314 13200.139583
759.753977 13202.271286
760.041683 13204.343461
760.296712 13206.305266
760.551753 13208.229608
760.793713 13209.987387
761.002933 13211.937327
761.290715 13214.106106
761.552297 13216.212379
761.820381 13218.280236
762.068870 13220.495296
762.369682 13222.724449
762.618157 13225.078442
762.945119 13227.474531
763.200173 13229.617163
763.461742 13231.828353
763.729864 13234.081618
763.997987 13236.405321
764.279152 13238.772381
764.553828 13241.212164
764.848087 13243.668031
765.122737 13246.198564
765.430090 13248.774654
765.711318 13251.224207
765.985931 13253.719107
766.273687 13256.406507
766.587555 13259.111791
766.875299 13261.747412
767.169596 13264.586585
767.463830 13267.753617
767.731927 13271.590346
768.026198 13276.475750
768.340053 13282.521641
768.673517 13289.335538
768.980895 13296.003902
769.235899 13302.833862
769.504059 13311.730665
769.857157 13321.211114
770.118752 13331.239874
770.452267 13342.672442
770.753104 13354.174203
771.047325 13367.423821
771.393921 13380.908819
771.668571 13394.799712
772.021682 13408.711387
772.309400 13419.038804
772.512080 13420.001775
772.701881 13414.592655
772.930837 13411.879232
773.133592 13411.341264
773.316777 13411.355636
773.552286 13411.384615
773.787756 13411.425611
774.003542 13411.477499
774.219506 13411.561940
774.546708 13411.685248
774.867383 13411.832504
775.181454 13411.991890
775.456219 13412.203168
775.848801 13412.443429
776.136571 13412.674946
776.430842 13412.953156
776.770936 13413.282898
777.117519 13413.665381
777.496791 13414.088633
777.856405 13414.513398
778.183328 13414.947113
778.510264 13415.462738
778.909082 13416.030163
779.262168 13416.636511
779.660935 13417.306840
780.046659 13418.005357
780.432396 13418.618606
780.693889 13419.189690
781.007541 13419.850082
781.334325 13420.558593
781.667725 13421.318087
782.014296 13422.052093
782.301963 13422.701215
782.556865 13423.345566
782.824772 13424.049852
783.112414 13424.817530
783.413175 13425.607272
783.700868 13426.438589
784.014711 13427.340123
784.335081 13428.218461
784.616246 13429.101755
784.923574 13429.934584
785.158981 13430.883986
785.525122 13431.905666
785.793181 13432.791472
786.061265 13433.639780
786.296660 13434.539971
786.584327 13435.456139
786.819709 13436.403831
787.113943 13437.452736
787.395095 13438.523592
787.689303 13439.539581
787.931188 13440.601647
788.238388 13441.681048
788.480310 13442.635871
788.715578 13443.619115
788.964002 13444.630929
789.205849 13445.700295
789.473869 13446.771602
789.709200 13447.889203
789.990315 13449.197819
790.304106 13450.409314
790.532897 13451.552544
790.807496 13452.848415
791.095189 13454.148806
791.363248 13455.470005
791.650954 13456.842568
791.932081 13458.187744
792.200216 13459.437848
792.435624 13460.772065
792.729845 13462.257842
793.017563 13463.680157
793.279158 13465.105497
793.560298 13466.619747
793.848016 13468.083399
794.103045 13469.458729
794.351508 13470.905694
794.626170 13472.555073
794.940038 13474.225530
795.214727 13475.672454
795.443581 13477.233442
795.750908 13478.849276
795.992830 13480.447622
796.287089 13482.122757
796.548671 13483.758579
796.823309 13485.371753
797.071784 13487.086022
797.372545 13488.922388
797.653723 13490.549352
797.882565 13492.109799
798.137606 13493.856834
798.418797 13495.795720
798.726124 13497.602115
798.961569 13499.296775
799.229666 13501.118822
799.497751 13503.073114
799.798576 13505.093333
800.079804 13506.904723
800.315275 13508.571281
800.550682 13510.487922
800.851533 13512.563939
801.126196 13514.710467
801.440076 13516.853571
801.708173 13518.897581
801.989376 13521.060114
802.283674 13523.143430
802.538702 13525.374117
802.865664 13527.675268
803.133799 13529.820986
803.414951 13531.933730
803.669980 13533.961306
803.925009 13536.058663
804.193119 13538.333424
804.487390 13540.520080
804.729325 13542.781552
805.036678 13545.142472
805.298247 13547.167201
805.520573 13549.264087
805.795249 13551.683339
806.089457 13553.953369
806.324915 13556.015833
806.566812 13558.293504
806.848015 13560.790267
807.135734 13563.074579
807.364626 13565.143252
807.600008 13567.462130
807.881211 13570.005514
808.162402 13572.449207
808.417431 13574.791325
808.672434 13577.180757
808.933990 13579.648937
809.202126 13582.073284
809.450601 13584.546774
809.725277 13586.724103
809.908398 13588.949187
810.189589 13591.534256
810.444643 13594.074813
810.712727 13596.890379
811.020080 13599.661242
811.275121 13601.964449
811.484392 13604.283044
811.739433 13606.878795
812.001040 13609.524968
812.262622 13612.021437
812.491540 13614.500992
812.746607 13617.300214
813.034363 13619.878205
813.243621 13622.543420
813.544433 13625.188071
813.747176 13627.817319
814.041397 13630.564577
814.263749 13632.944542
814.486100 13635.478857
814.734601 13638.026916
814.956978 13640.303996
815.153168 13642.664940
815.388600 13645.181507
815.610965 13647.603060
815.826776 13649.964171
816.036046 13652.447308
816.271479 13654.979429
816.487290 13657.525211
816.722697 13659.971986
816.918912 13662.656753
817.193550 13665.240497
817.370131 13667.726737
817.625147 13670.679406
817.880213 13673.498920
818.102561 13676.350805
818.324889 13679.636893
818.547197 13683.506971
818.776073 13688.048660
819.011494 13693.309664
819.253452 13699.516931
819.514999 13706.170347
819.743870 13713.287063
819.992353 13721.434791
820.247382 13730.118153
820.489337 13739.468461
820.744367 13750.013770
821.012519 13760.812817
821.247904 13771.376811
821.476787 13782.516764
821.712210 13794.562007
821.954177 13807.199892
822.189645 13819.499404
822.398885 13832.475823
822.647397 13845.975664
822.882858 13857.215841
823.065941 13858.232613
823.242631 13852.189406
823.419293 13848.945880
823.628592 13847.868676
823.837827 13847.783067
824.079767 13847.800190
824.256335 13847.823821
824.465595 13847.866727
824.772931 13847.920175
824.988561 13847.988127
825.296004 13848.068563
825.524996 13848.150856
825.767031 13848.237218
825.969782 13848.337931
826.231436 13848.443799
826.421144 13848.567638
826.708997 13848.725302
826.983736 13848.880322
827.219214 13849.022915
827.422009 13849.196525
827.716338 13849.399713
827.971374 13849.606465
828.239485 13849.836826
828.520672 13850.074332
828.775679 13850.341580
829.089567 13850.621899
829.344567 13850.914735
829.651907 13851.220505
829.906923 13851.506881
830.155398 13851.829004
830.449645 13852.175856
830.717729 13852.507135
830.966243 13852.850889
831.234314 13853.215487
831.495858 13853.588094
831.757427 13853.968069
832.012430 13854.365321
832.280515 13854.795693
832.561655 13855.250201
832.842782 13855.668569
833.065083 13856.093968
833.339695 13856.558732
833.594673 13857.012427
833.843148 13857.465351
834.085083 13857.980021
834.385870 13858.539099
834.660507 13859.046980
834.895915 13859.587978
835.190174 13860.168161
835.451756 13860.727257
835.713261 13861.298672
835.974830 13861.934683
836.282120 13862.614585
836.569775 13863.303212
836.870587 13864.015142
837.164820 13864.661554
837.400177 13865.263884
837.648602 13865.986256
837.968934 13866.799093
838.276210 13867.515378
838.511503 13868.148191
838.746834 13868.927444
839.080196 13869.793032
839.367851 13870.610975
839.655481 13871.328451
839.864650 13872.088013
840.171838 13872.946536
840.439871 13873.730188
840.688232 13874.495666
840.936670 13875.293033
841.198125 13876.175463
841.492269 13877.049666
841.740694 13877.949232
842.041443 13878.806097
842.257203 13879.609931
842.518696 13880.570021
842.819457 13881.486147
843.048349 13882.416653
843.349124 13883.440559
843.623748 13884.432199
843.898386 13885.401055
844.153389 13886.358560
844.414996 13887.315565
844.663485 13888.360094
844.964322 13889.455228
845.232457 13890.552833
845.526742 13891.533367
845.729485 13892.460941
845.991028 13893.516986
846.252598 13894.531398
846.488005 13895.735288
846.834588 13896.979241
847.083089 13898.003594
847.318547 13899.038705
847.567009 13900.183970
847.848200 13901.355600
848.103229 13902.570057
848.397501 13903.841419
848.672125 13904.993377
848.907520 13906.157988
849.182157 13907.409617
849.450267 13908.628424
849.705258 13909.859842
849.973355 13911.181838
850.261048 13912.469738
850.509561 13913.787518
850.803770 13915.166034
851.071905 13916.379694
851.294205 13917.638190
851.575422 13919.073269
851.863140 13920.472325
852.124747 13921.834643
852.392832 13923.312245
852.693657 13924.751773
852.942157 13926.171177
853.229876 13927.761237
853.537216 13929.277668
853.792232 13930.683954
854.053814 13932.065942
854.295762 13933.478058
854.563884 13934.919735
854.812385 13936.411101
855.093614 13938.045331
855.387860 13939.675242
855.662548 13941.205986
855.917602 13942.692248
856.172682 13944.287217
856.460489 13946.227167
856.826757 13948.006312
857.055675 13949.625588
857.363015 13951.115569
857.546098 13952.478048
857.807718 13954.050875
858.056219 13955.758464
858.357031 13957.746844
858.690508 13959.710572
858.978201 13961.440735
859.233242 13963.015779
859.468649 13964.772491
859.775977 13966.540760
860.011397 13968.215861
860.286021 13970.119716
860.586859 13972.015932
860.854969 13973.684229
861.083861 13975.408976
861.365026 13977.368414
861.659310 13979.206955
861.901258 13980.968636
862.169355 13982.993304
862.483223 13985.055076
862.757848 13986.831363
862.986714 13988.573397
863.248271 13990.607923
863.555611 13992.537392
863.784478 13994.410156
864.072209 13996.437632
864.340319 13998.237811
864.562645 14000.122694
864.850351 14002.115687
865.098851 14004.245820
865.419260 14006.388552
865.667723 14008.497735
865.975050 14010.644449
866.230040 14012.705702
866.511257 14015.008593
866.825137 14017.352022
867.112843 14019.531782
867.380965 14021.777980
867.681765 14024.011780
867.943347 14026.155569
868.217984 14028.391144
868.499124 14030.826960
868.819532 14033.170845
869.074536 14035.619868
869.388378 14038.539524
869.669556 14041.901131
869.957211 14045.694381
870.218755 14050.783893
870.584909 14056.543786
870.853006 14062.630370
871.173388 14069.950925
871.493797 14078.206315
871.827248 14087.527107
872.167303 14097.886778
872.513835 14108.874325
872.840797 14120.475040
873.174324 14132.088917
873.462081 14145.572923
873.860988 14157.490305
874.063680 14158.608483
874.240337 14153.951874
874.423585 14151.534805
874.619826 14150.906550
874.829223 14150.917553
875.045110 14150.953827
875.437756 14151.008750
875.686435 14151.067276
875.922058 14151.134739
876.144588 14151.207829
876.347445 14151.294401
876.582953 14151.395747
876.805369 14151.527289
877.106244 14151.698225
877.413559 14151.887359
877.707805 14152.107229
878.041206 14152.361519
878.368104 14152.658616
878.740785 14152.981324
879.067645 14153.301536
879.381487 14153.634068
879.688827 14154.028270
880.068062 14154.480106
880.427688 14154.949704
880.787276 14155.457874
881.159957 14155.970123
881.486665 14156.458583
881.793890 14157.036811
882.199173 14157.668490
882.538974 14158.249010
882.852842 14158.879833
883.218996 14159.469376
883.467484 14160.057176
883.807539 14160.703033
884.095270 14161.315276
884.382976 14161.975620
884.696856 14162.624943
884.958388 14163.286703
885.265740 14163.941165
885.507675 14164.524407
885.743070 14165.229468
886.070031 14166.009552
886.351222 14166.714853
886.606251 14167.428015
886.880875 14168.193104
887.162066 14168.984728
887.443244 14169.736446
887.685192 14170.504611
887.966344 14171.366961
888.260654 14172.186261
888.502589 14173.023126
888.796823 14173.885135
889.045311 14174.743527
889.326514 14175.583723
889.555356 14176.439949
889.836534 14177.320659
890.071954 14178.252374
890.372791 14179.292186
890.660497 14180.220106
890.889326 14181.140461
891.163989 14182.110698
891.412451 14183.084468
891.680548 14184.136235
891.961739 14185.152859
892.203674 14186.146640
892.465231 14187.193907
892.726787 14188.283421
893.001399 14189.402200
893.269433 14190.509784
893.530900 14191.675647
893.818619 14192.786302
894.047397 14193.913527
894.335077 14195.039392
894.557327 14196.122382
894.818845 14197.307460
895.080364 14198.492607
895.335316 14199.662212
895.583792 14200.721940
895.786471 14201.998753
896.119922 14203.351561
896.348802 14204.451085
896.571128 14205.757595
896.878417 14207.275484
897.179204 14208.764110
897.466910 14210.119974
897.708845 14211.510099
898.003104 14212.984090
898.271188 14214.406470
898.539310 14215.862672
898.813922 14217.281370
899.062423 14218.770654
899.356682 14220.550399
899.703253 14222.239745
899.958294 14223.801923
900.252553 14225.303811
900.481407 14226.899805
900.801853 14228.529262
901.037248 14230.061095
901.318451 14231.725254
901.593114 14233.426925
901.880858 14235.166107
902.162062 14236.943972
902.456321 14238.719271
902.730958 14240.492540
903.018689 14242.409390
903.332570 14244.260471
903.594101 14246.002991
903.868738 14247.782957
904.136835 14249.514097
904.391851 14251.305030
904.673029 14253.200285
904.954220 14255.001050
905.202696 14256.795827
905.477333 14258.764943
905.771579 14260.705614
906.033174 14262.525171
906.288177 14264.195838
906.503925 14266.092340
906.817805 14268.144324
907.072783 14270.144199
907.367030 14272.208326
907.635127 14274.315287
907.935875 14276.291786
908.164767 14278.385464
908.491678 14280.793709
908.799018 14282.972564
909.060575 14285.119908
909.354795 14287.181117
909.590241 14289.130540
909.851759 14291.353121
910.152533 14293.461244
910.381413 14295.534439
910.669131 14297.647441
910.904538 14299.803823
911.198721 14302.055349
911.453788 14304.298075
911.741506 14306.583677
912.003101 14308.638442
912.231930 14310.874104
912.532716 14312.927885
912.715812 14314.997976
913.016599 14317.502922
913.297803 14319.913130
913.572415 14322.369517
913.860133 14324.843435
914.134796 14327.160441
914.383272 14329.288139
914.612151 14331.576624
914.893304 14333.908011
915.128749 14336.166076
915.390305 14338.617532
915.664943 14340.963638
915.900350 14343.173076
916.142272 14345.395227
916.377705 14347.753735
916.645827 14350.311802
916.920554 14352.823879
917.175621 14355.226369
917.424121 14357.579989
917.666082 14360.010774
917.927664 14362.423219
918.163071 14364.818052
918.418100 14368.131382
918.836552 14371.137963
919.026150 14374.041459
919.418409 14377.089604
919.634226 14379.997903
919.993752 14382.786168
920.183355 14384.924651
920.412194 14387.363070
920.654132 14389.971097
920.882964 14392.750342
921.092193 14395.881693
921.307938 14399.180404
921.490983 14402.676292
921.687087 14406.851559
921.902797 14411.556092
922.111985 14417.544269
922.392982 14423.629953
922.575864 14429.018067
922.771949 14436.741323
923.079120 14444.578605
923.255594 14450.929612
923.445199 14460.617362
923.778605 14471.031321
923.981269 14472.158574
924.164386 14467.831911
924.360328 14466.281136
924.536156 14466.097757
924.804285 14466.115168
925.052789 14466.144564
925.320993 14466.186394
925.582632 14466.233294
925.791909 14466.289906
926.046920 14466.364495
926.315069 14466.453074
926.583142 14466.545853
926.812053 14466.648647
927.073614 14466.771041
927.341727 14466.909043
927.616382 14467.055697
927.871398 14467.208600
928.126434 14467.379505
928.401043 14467.576580
928.695312 14467.779443
928.950319 14467.988084
929.224956 14468.225704
929.519228 14468.476840
929.793878 14468.726422
930.055435 14469.008913
930.369328 14469.297392
930.617816 14469.564397
930.866292 14469.857276
931.140916 14470.161411
931.389417 14470.465676
931.644433 14470.772266
931.879802 14471.111584
932.167534 14471.470622
932.416009 14471.833630
932.690672 14472.207898
932.939173 14472.584615
933.200729 14473.008181
933.495001 14473.428489
933.736962 14473.867867
934.037748 14474.307450
934.266640 14474.737858
934.541278 14475.213476
934.809413 14475.635790
935.012130 14476.050573
935.260631 14476.567501
935.561456 14477.109180
935.823076 14477.592817
936.051968 14478.080804
936.307035 14478.605898
936.562140 14479.121174
936.797560 14479.726071
937.124509 14480.349704
937.366431 14480.959327
937.667167 14481.565005
937.895983 14482.184440
938.196706 14482.861968
938.464740 14483.481305
938.706573 14484.137182
938.994215 14484.820899
939.249117 14485.475382
939.504070 14486.167257
939.778656 14486.906109
940.059707 14487.631089
940.314634 14488.350860
940.582655 14489.165884
940.896396 14490.003928
941.170995 14490.732794
941.399799 14491.463886
941.667883 14492.294094
941.955614 14493.147249
942.230226 14493.983658
942.498323 14494.791489
942.746811 14495.695580
943.067207 14496.665483
943.348436 14497.554292
943.610056 14498.467304
943.897812 14499.415142
944.172539 14500.308963
944.421040 14501.260970
944.721827 14502.178306
944.944178 14503.073882
945.225331 14504.122180
945.526143 14505.257393
945.846577 14506.359607
946.121227 14507.353785
946.376217 14508.410876
946.677017 14509.480296
946.932046 14510.473861
947.187049 14511.543868
947.474780 14512.625895
947.729809 14513.681377
947.997919 14514.761887
948.259488 14515.868322
948.534138 14517.083517
948.841478 14518.298533
949.109575 14519.387588
949.351523 14520.602704
949.671956 14521.858366
949.926947 14523.027720
950.201584 14524.194106
950.450073 14525.417620
950.744344 14526.667866
950.999386 14527.795396
951.234806 14528.994990
951.515984 14530.251489
951.771012 14531.521025
952.052190 14532.928694
952.359518 14534.254981
952.601478 14535.515398
952.876141 14536.867777
953.150766 14538.167607
953.399279 14539.512946
953.686972 14540.886414
953.941988 14542.357806
954.262397 14543.790910
954.497829 14545.239380
954.818225 14546.716437
955.060173 14548.121555
955.347878 14549.573005
955.602894 14551.037991
955.890613 14552.425336
956.112965 14553.915830
956.433360 14555.672386
956.747241 14557.206741
956.982635 14558.644417
957.257260 14560.186018
957.525332 14561.664985
957.773794 14563.251170
958.074594 14565.041180
958.388462 14566.672885
958.630422 14568.163512
958.891966 14569.664637
959.133914 14571.355412
959.454322 14573.137786
959.722419 14574.795422
959.997031 14576.323715
960.219332 14577.925139
960.513591 14579.659931
960.775160 14581.429646
961.075972 14583.128515
961.311367 14584.694074
961.566383 14586.375295
961.834442 14588.217340
962.135241 14590.115770
962.416444 14591.899307
962.677976 14593.608805
962.933004 14595.330071
963.194561 14597.040563
963.443024 14598.762589
963.704580 14600.473252
963.946515 14602.285512
964.234272 14604.222220
964.508909 14606.104271
964.777006 14607.999167
965.051631 14609.906644
965.319728 14611.780426
965.581272 14613.643138
965.842854 14615.541269
966.110938 14617.380187
966.352898 14619.350362
966.653685 14621.548194
966.954472 14623.713255
967.242190 14625.820304
967.523318 14627.794318
967.771806 14629.658107
968.020307 14631.607019
968.288416 14633.791683
968.595744 14635.939502
968.850798 14637.950560
969.118908 14640.125531
969.413128 14642.387212
969.681251 14645.569934
970.080132 14649.157571
970.322042 14653.176984
970.662085 14657.984828
970.936760 14663.269082
971.250615 14669.559771
971.564534 14676.149988
971.845725 14683.487753
972.166146 14691.798273
972.473473 14701.125610
972.813528 14712.253354
973.186260 14724.594611
973.545937 14737.648016
973.905588 14750.506646
974.226022 14762.823905
974.566039 14774.870477
974.899541 14785.525646
975.187247 14796.511835
975.573060 14806.558117
975.828064 14815.500625
976.174634 14825.344095
976.514676 14834.333048
976.822016 14842.974187
977.155518 14851.130650
977.443237 14859.121079
977.783267 14867.835562
978.149471 14875.432770
978.417568 14882.314364
978.744530 14888.075934
978.927626 14892.452633
979.143399 14893.463188
979.320043 14891.602866
979.562168 14891.079822
979.738749 14891.091701
979.941517 14891.121741
980.268657 14891.165362
980.497638 14891.246426
980.955689 14891.353835
981.243432 14891.475169
981.609637 14891.630189
981.956195 14891.807706
982.309280 14891.994940
982.610092 14892.193893
982.930500 14892.436843
983.296667 14892.735277
983.695536 14893.058873
984.055124 14893.403050
984.434358 14893.788171
984.820172 14894.210118
985.212487 14894.723663
985.696421 14895.254371
986.062600 14895.770615
986.467997 14896.276479
986.781839 14896.745709
987.102184 14897.271870
987.461797 14897.842007
987.808316 14898.397579
988.122146 14898.940670
988.429512 14899.528015
988.769567 14900.154438
989.096516 14900.770834
989.403868 14901.354006
989.678480 14901.969103
989.998914 14902.600691
990.273552 14903.258812
990.600500 14903.978833
990.914355 14904.611584
991.149788 14905.269613
991.470171 14905.940778
991.705565 14906.613370
992.012918 14907.408890
992.333326 14908.189109
992.614530 14908.979842
992.928385 14909.751176
993.183426 14910.559086
993.510401 14911.344175
993.739242 14912.080238
994.020445 14912.876960
994.282027 14913.659126
994.543571 14914.536209
994.857477 14915.397521
995.099425 14916.265848
995.406765 14917.201060
995.681440 14918.099805
995.956065 14918.958425
996.198000 14919.865089
996.492284 14920.898989
996.799624 14921.857763
997.041559 14922.715804
997.283520 14923.669114
997.571213 14924.683723
997.839297 14925.640713
998.087785 14926.636566
998.368938 14927.595218
998.591290 14928.555331
998.865902 14929.695089
999.173204 14930.903842
999.474041 14932.024337
999.729019 14933.120840
1000.010159 14934.217448
1000.258622 14935.176442
1000.467842 14936.202894
1000.742416 14937.438264
1001.043139 14938.703910
1001.324228 14939.957984
1001.611883 14941.124768
1001.847214 14942.276895
1002.121826 14943.531762
1002.396387 14944.817132
1002.677540 14946.025148
1002.912922 14947.232085
1003.187508 14948.609354
1003.488295 14950.098902
1003.802176 14951.525941
1004.070285 14952.922031
1004.364519 14954.250302
1004.599901 14955.594403
1004.894185 14957.154433
1005.208028 14958.663837
1005.476150 14960.122329
1005.763869 14961.543289
1006.012369 14962.997425
1006.306603 14964.429458
1006.542036 14965.823057
1006.816648 14967.356040
1007.097800 14968.959632
1007.392034 14970.635532
1007.692872 14972.197617
1007.941360 14973.776203
1008.242147 14975.483431
1008.529865 14977.189129
1008.824111 14978.677507
1009.033382 14980.220169
1009.340697 14981.972335
1009.615372 14983.682361
1009.903091 14985.387620
1010.171200 14987.088634
1010.452404 14988.783836
1010.713960 14990.286629
1010.929733 14992.032354
1011.263223 14994.085994
1011.570563 14995.840827
1011.805957 14997.547939
1012.093688 14999.310850
1012.342176 15001.023716
1012.610286 15002.969888
1012.924167 15004.931738
1013.192264 15006.799898
1013.473467 15008.682851
1013.741551 15010.399163
1013.970418 15012.151962
1014.245081 15014.054910
1014.513178 15015.972877
1014.787841 15017.788309
1015.023261 15019.617811
1015.297911 15021.625853
1015.579076 15023.649275
1015.853726 15025.591855
1016.108755 15027.646400
1016.409542 15029.568137
1016.625328 15031.332877
1016.880369 15033.281642
1017.141938 15035.418812
1017.442750 15037.495329
1017.684736 15039.511973
1017.965889 15041.668949
1018.240526 15043.610180
1018.462840 15045.539218
1018.730924 15047.531269
1018.966306 15049.615755
1019.254050 15051.950220
1019.548271 15054.221826
1019.816419 15056.403046
1020.084503 15058.463859
1020.319910 15060.619629
1020.607616 15062.951624
1020.882279 15065.217341
1021.150338 15067.332113
1021.385745 15069.516336
1021.666936 15072.104833
1021.993884 15074.625849
1022.255441 15076.853865
1022.510457 15079.095383
1022.771988 15081.350227
1023.027017 15083.734399
1023.314735 15086.161596
1023.576304 15088.429389
1023.824831 15090.769240
1024.099430 15093.151668
1024.354471 15095.548922
1024.629109 15097.869856
1024.864503 15100.325444
1025.165316 15102.854208
1025.413766 15105.155944
1025.662279 15107.592695
1025.936904 15110.073168
1026.191920 15112.320840
1026.414284 15114.580777
1026.669300 15116.976206
1026.917763 15119.730804
1027.244725 15122.594875
1027.512822 15125.127879
1027.767812 15127.515147
1028.003245 15129.915201
1028.258274 15132.585355
1028.545979 15135.204349
1028.787914 15137.642600
1029.036390 15140.059828
1029.271757 15142.621421
1029.546438 15145.361232
1029.814549 15148.182573
1030.102264 15150.817677
1030.331137 15153.227072
1030.566567 15156.104847
1030.841179 15159.598403
1031.102735 15163.707985
1031.377400 15167.956215
1031.593191 15172.980736
1031.887450 15178.311657
1032.090203 15183.831792
1032.351800 15190.650180
1032.619905 15197.654324
1032.855296 15205.328516
1033.129967 15214.179126
1033.404622 15224.265851
1033.712054 15234.379362
1033.954017 15245.060203
1034.254784 15257.006191
1034.529456 15268.618115
1034.784487 15282.909398
1035.144197 15296.191123
1035.333837 15306.648320
1035.562731 15317.589156
1035.778477 15327.320008
1035.974650 15353.179419
1037.065999 15379.367536
1037.373508 15389.152213
1037.726656 15398.710010
1038.112505 15407.883802
1038.563839 15414.473647
1038.786147 15418.749163
1039.034600 15423.126597
1039.276526 15427.253925
1039.505392 15431.470737
1039.766960 15435.178265
1039.943514 15438.114352
1040.120043 15438.686776
1040.296601 15437.611333
1040.505778 15437.423454
1040.708466 15437.430021
1040.911218 15437.441037
1041.153156 15437.457172
1041.395094 15437.479894
1041.676322 15437.507498
1041.918264 15437.537440
1042.153680 15437.571838
1042.395647 15437.611757
1042.644168 15437.657564
1042.899192 15437.712548
1043.186915 15437.772080
1043.435428 15437.835829
1043.710050 15437.900903
1043.932409 15437.975201
1044.233149 15438.057142
1044.475118 15438.141996
1044.756277 15438.235301
1045.017859 15438.331971
1045.285957 15438.437964
1045.567129 15438.551038
1045.841779 15438.668670
1046.116423 15438.792110
1046.391029 15438.919762
1046.659145 15439.053177
1046.933808 15439.186979
1047.182302 15439.333561
1047.483102 15439.479781
1047.711971 15439.624373
1047.986631 15439.785429
1048.254727 15439.939791
1048.490141 15440.103635
1048.771319 15440.285390
1049.045970 15440.475461
1049.333714 15440.671479
1049.608336 15440.866468
1049.876441 15441.054797
1050.118389 15441.253497
1050.399573 15441.464916
1050.661133 15441.690288
1050.961939 15441.926856
1051.236589 15442.155942
1051.504712 15442.387885
1051.772834 15442.625378
1052.040969 15442.871436
1052.315607 15443.141750
1052.622998 15443.421445
1052.904252 15443.662635
1053.120050 15443.889408
1053.362074 15444.153618
1053.643328 15444.446738
1053.931098 15444.760077
1054.238488 15445.076444
1054.519743 15445.377803
1054.787865 15445.703780
1055.101822 15446.035791
1055.369970 15446.355455
1055.651224 15446.708461
1055.965193 15447.080004
1056.266069 15447.409762
1056.501489 15447.783263
1056.861178 15448.187650
1057.135866 15448.570496
1057.449772 15448.955179
1057.717920 15449.342409
1058.025247 15449.753749
1058.319532 15450.149131
1058.594182 15450.536904
1058.868845 15450.916253
1059.123899 15451.334983
1059.444333 15451.744685
1059.679753 15452.151324
1059.987118 15452.618277
1060.294458 15453.097631
1060.608351 15453.553181
1060.876474 15453.670770
1061.118853 15453.576110
1061.315030 15453.580481
1061.583140 15453.596927
1061.896995 15453.623230
1062.178186 15453.656791
1062.446308 15453.693337
1062.662106 15453.745129
1063.002162 15453.812798
1063.289880 15453.883449
1063.564518 15453.955277
1063.799950 15454.038612
1064.094196 15454.127972
1064.323101 15454.232943
1064.650063 15454.345290
1064.878917 15454.465095
1065.192823 15454.608567
1065.487069 15454.745477
1065.735595 15454.880509
1065.990573 15455.032541
1066.271751 15455.211102
1066.585632 15455.386330
1066.827579 15455.564843
1067.121851 15455.762773
1067.396501 15455.957969
1067.658045 15456.169475
1067.952291 15456.397514
1068.233457 15456.635392
1068.527728 15456.844933
1068.723905 15457.053855
1068.998530 15457.305106
1069.273180 15457.561934
1069.541303 15457.810930
1069.783238 15458.078025
1070.070931 15458.370057
1070.345594 15458.649865
1070.594069 15458.934307
1070.862179 15459.233801
1071.123748 15459.561073
1071.424560 15459.912945
1071.712279 15460.242076
1071.960754 15460.542247
1072.189634 15460.870816
1072.470799 15461.254672
1072.771611 15461.625437
1073.020125 15461.968802
1073.268600 15462.328757
1073.530195 15462.724947
1073.817901 15463.129449
1074.079457 15463.548176
1074.373729 15463.949714
1074.602583 15464.334053
1074.864139 15464.751489
1075.125721 15465.187698
1075.400346 15465.609992
1075.635779 15466.046047
1075.916957 15466.512003
1076.178539 15466.963586
1076.433605 15467.446656
1076.721311 15467.949740
1076.989383 15468.455997
1077.270573 15468.983251
1077.551701 15469.506936
1077.819747 15470.071817
1078.133538 15470.704873
1078.460411 15471.316100
1078.741487 15471.850488
1078.983346 15472.400300
1079.270963 15473.013498
1079.565146 15473.629270
1079.846197 15474.225984
1080.114205 15474.868340
1080.428009 15475.512301
1080.689464 15476.068832
1080.918267 15476.610052
1081.160177 15477.226909
1081.447857 15477.851173
1081.689742 15478.476439
1081.970945 15479.141154
1082.239029 15479.814805
1082.520207 15480.529887
1082.814416 15481.229356
1083.075985 15481.929951
1083.363716 15482.613196
1083.605613 15483.322621
1083.906450 15484.048464
1084.154926 15484.774972
1084.449172 15485.554122
1084.730363 15486.324952
1085.011528 15487.077401
1085.273072 15487.810886
1085.534616 15488.580416
1085.815768 15489.348711
1086.070772 15490.183399
1086.391244 15491.084787
1086.685477 15491.938605
1086.966655 15492.732870
1087.215131 15493.515734
1087.483215 15494.316196
1087.738256 15495.145182
1088.019396 15496.064634
1088.326736 15496.972901
1088.594846 15497.828164
1088.862930 15498.628043
1089.091822 15499.499997
1089.399124 15500.400646
1089.641047 15501.311137
1089.948374 15502.251423
1090.203377 15503.068044
1090.432244 15503.936821
1090.713447 15504.914347
1091.001153 15505.866835
1091.262748 15506.851545
1091.563496 15507.891405
1091.851228 15508.882747
1092.119325 15509.859618
1092.393975 15510.856937
1092.668625 15511.875007
1092.949765 15512.938543
1093.244049 15513.962297
1093.499040 15514.995363
1093.793286 15516.061668
1094.061409 15517.049300
1094.309871 15518.159290
1094.636795 15519.393068
1094.944122 15520.548198
1095.225275 15521.635471
1095.493359 15522.797533
1095.807214 15524.101453
1096.140678 15525.430638
1096.461099 15526.650747
1096.735736 15527.936499
1097.082307 15529.314757
1097.396187 15530.678524
1097.729689 15532.110188
1098.069732 15533.626719
1098.390140 15535.436770
1098.710536 15537.989011
1099.089783 15540.954228
1099.384055 15544.267548
1099.717582 15548.301847
1100.051059 15552.932435
1100.391089 15558.282191
1100.744187 15564.210546
1101.084204 15566.131376
1101.273853 15564.753842
1101.463502 15564.513209
1101.738178 15564.521588
1102.104369 15564.539267
1102.503378 15564.560435
1102.758584 15564.579674
1102.967931 15564.618495
1103.491019 15564.676203
1103.896377 15564.732107
1104.236344 15564.788776
1104.556765 15564.855610
1104.929472 15564.936724
1105.315272 15565.027955
1105.701098 15565.124367
1106.060737 15565.223402
1106.407294 15565.327894
1106.753877 15565.438421
1107.093907 15565.558409
1107.453559 15565.676716
1107.747779 15565.790219
1108.048541 15565.918504
1108.388533 15566.053953
1108.695809 15566.182537
1108.976987 15566.313431
1109.271246 15566.460358
1109.598182 15566.611064
1109.885901 15566.760865
1110.186713 15566.926394
1110.513649 15567.090179
1110.788299 15567.240865
1111.049868 15567.399824
1111.337587 15567.565059
1111.605697 15567.728895
1111.873781 15567.907546
1112.174606 15568.084264
1112.423081 15568.261468
1112.710812 15568.444917
1112.965867 15568.616806
1113.207802 15568.811388
1113.515167 15569.022036
1113.789817 15569.218167
1114.044820 15569.436340
1114.365229 15569.661495
1114.626836 15569.884301
1114.927724 15570.127676
1115.228537 15570.368111
1115.509689 15570.605324
1115.790905 15570.838668
1116.052487 15571.076540
1116.333665 15571.330526
1116.621396 15571.574158
1116.869910 15571.825453
1117.164156 15572.080741
1117.412619 15572.331248
1117.687282 15572.627754
1118.020797 15572.922621
1118.282353 15573.179775
1118.530841 15573.447708
1118.805492 15573.733312
1119.080129 15574.023402
1119.354767 15574.307313
1119.609795 15574.595570
1119.884458 15574.902495
1120.165636 15575.213966
1120.440299 15575.541419
1120.741099 15575.900406
1121.061507 15576.226041
1121.296914 15576.521511
1121.558483 15576.844399
1121.833159 15577.191680
1122.127418 15577.564129
1122.434783 15577.925224
1122.702918 15578.249445
1122.944866 15578.590531
1123.232635 15578.944055
1123.487664 15579.315318
1123.795017 15579.686448
1124.043530 15580.053714
1124.337815 15580.438566
1124.605925 15580.809996
1124.874034 15581.185707
1125.142144 15581.565691
1125.410241 15581.964170
1125.697959 15582.357508
1125.952988 15582.755505
1126.240719 15583.187019
1126.534966 15583.593760
1126.783441 15583.985258
1127.051576 15584.390691
1127.313133 15584.805454
1127.587796 15585.239887
1127.868974 15585.668429
1128.130556 15586.085716
1128.392125 15586.507058
1128.653681 15586.959339
1128.947953 15587.426807
1129.222590 15587.882794
1129.497228 15588.299032
1129.719554 15588.747249
1130.026894 15589.255333
1130.314625 15589.700540
1130.543492 15590.144430
1130.824683 15590.620722
1131.086227 15591.066519
1131.328200 15591.504482
1131.576688 15591.969696
1131.844785 15592.456704
1132.112895 15592.972183
1132.407154 15593.486050
1132.668723 15593.955563
1132.910658 15594.416639
1133.159184 15594.956250
1133.479592 15595.689799
1133.924270 15596.373030
1134.185814 15596.891062
1134.453924 15597.380775
1134.682803 15597.854838
1134.931304 15598.384873
1135.212495 15598.952092
1135.493723 15599.523981
1135.774876 15600.066780
1136.023390 15600.627674
1136.317661 15601.254323
1136.624989 15601.830867
1136.866949 15602.321854
1137.089275 15602.886299
1137.396603 15603.503751
1137.664725 15604.119322
1137.965499 15604.681970
1138.181272 15605.263770
1138.495178 15605.812615
1138.678261 15606.322105
1138.952899 15606.885645
1139.181765 15607.497864
1139.495646 15608.106307
1139.717972 15608.606836
1139.933707 15609.223738
1140.254090 15609.867040
1140.489522 15610.431095
1140.737896 15611.006141
1140.979768 15611.615971
1141.254367 15612.253002
1141.515873 15612.862917
1141.764310 15613.476772
1142.025791 15614.142238
1142.313458 15614.868238
1142.620735 15615.558938
1142.875751 15616.189649
1143.130716 15616.939009
1143.477312 15617.709498
1143.745396 15618.428034
1144.046170 15619.059145
1144.242322 15619.694707
1144.543096 15620.341690
1144.745839 15620.942168
1145.007395 15621.605235
1145.255883 15622.194913
1145.458588 15622.805213
1145.720157 15623.418349
1145.922887 15624.043785
1146.190959 15624.724713
1146.432919 15625.365559
1146.668288 15626.045371
1146.936423 15626.666315
1147.126047 15627.246051
1147.361454 15627.882189
1147.590308 15628.539638
1147.838758 15629.236768
1148.093787 15629.937622
1148.342237 15630.660691
1148.610334 15631.387640
1148.858825 15632.127991
1149.133442 15632.825397
1149.349195 15633.630357
1149.695779 15634.514705
1149.963898 15635.481824
1150.362868 15636.598499
1150.729160 15637.617666
1151.056171 15638.537077
1151.350447 15639.266663
1151.546603 15640.049727
1151.873574 15640.924810
1152.128592 15641.626630
1152.337866 15642.371925
1152.619055 15643.220569
1152.893704 15644.023449
1153.142217 15644.739407
1153.358017 15645.448686
1153.600031 15646.120073
1153.789691 15646.773960
1154.018566 15647.595098
1154.312867 15648.409420
1154.535186 15649.238624
1154.835989 15650.416920
1155.273958 15651.506859
1155.515917 15652.743854
1156.038798 15654.018486
1156.300391 15654.885434
1156.568523 15655.732467
1156.797361 15656.540339
1156.993499 15657.521319
1157.241973 15658.763014
1157.490435 15660.249961
1157.765058 15662.093345
1158.065814 15664.170535
1158.347028 15666.168589
1158.575854 15668.174563
1158.817759 15670.258768
1159.033544 15672.286730
1159.236234 15674.468970
1159.458588 15677.826577
1159.844376 15681.078985
1160.020958 15683.503525
1160.236763 15686.679417
1160.511395 15690.041224
1160.733795 15693.098641
1160.943114 15696.082675
1161.139386 15696.752019
1161.335862 15695.888364
1161.571431 15695.831234
1161.865882 15695.842555
1162.107838 15695.858075
1162.356344 15695.878867
1162.611381 15695.906928
1162.899100 15695.938488
1163.127968 15695.975818
1163.415681 15696.021346
1163.683789 15696.070380
1163.945359 15696.128649
1164.246146 15696.193448
1164.514281 15696.255164
1164.743130 15696.322991
1165.017766 15696.397305
1165.259726 15696.472837
1165.508204 15696.557514
1165.776334 15696.649578
1166.037881 15696.752252
1166.332149 15696.864615
1166.613327 15696.967979
1166.835650 15697.078327
1167.123411 15697.205418
1167.398046 15697.329074
1167.646513 15697.453275
1167.901555 15697.585824
1168.163128 15697.734364
1168.457395 15697.892327
1168.732069 15698.039187
1168.967459 15698.179410
1169.202888 15698.355145
1169.536419 15698.542542
1169.791460 15698.717442
1170.066104 15698.899875
1170.327672 15699.078597
1170.576186 15699.277074
1170.877016 15699.498357
1171.171299 15699.703396
1171.413249 15699.917212
1171.714085 15700.146986
1171.982246 15700.391767
1172.302667 15700.631232
1172.544653 15700.845508
1172.793192 15701.085270
1173.080897 15701.345504
1173.362139 15701.599583
1173.623734 15701.853164
1173.891843 15702.115385
1174.159966 15702.383199
1174.428101 15702.666811
1174.715845 15702.945790
1174.964358 15703.248478
1175.284767 15703.556655
1175.533280 15703.835034
1175.788296 15704.159523
1176.108717 15704.497364
1176.376814 15704.799632
1176.625328 15705.103325
1176.886897 15705.423989
1177.154994 15705.774621
1177.455806 15706.114519
1177.697767 15706.448031
1177.978945 15706.790756
1178.227445 15707.148008
1178.521704 15707.523814
1178.789827 15707.851981
1179.005625 15708.203432
1179.299872 15708.633390
1179.620318 15709.032611
1179.862253 15709.429230
1180.169606 15709.831019
1180.411553 15710.229492
1180.705812 15710.603072
1180.908492 15710.977285
1181.196223 15711.380911
1181.431617 15711.759294
1181.680106 15712.194580
1181.980956 15712.688424
1182.294874 15713.205639
1182.615295 15713.681182
1182.870311 15714.108371
1183.125327 15714.579948
1183.426178 15715.182346
1183.824932 15715.798679
1184.132285 15716.290845
1184.380786 15716.754035
1184.648896 15717.234187
1184.910465 15717.713765
1185.172009 15718.235471
1185.472834 15718.787747
1185.760565 15719.321731
1186.035202 15719.836578
1186.296759 15720.337897
1186.551775 15720.857410
1186.826400 15721.369101
1187.068360 15721.873101
1187.329929 15722.461975
1187.650337 15723.070279
1187.924988 15723.638137
1188.199625 15724.204926
1188.467709 15724.749665
1188.716210 15725.285736
1188.971226 15725.869237
1189.258970 15726.465278
1189.520527 15727.038494
1189.782096 15727.609710
1190.037099 15728.186186
1190.298681 15728.797534
1190.579872 15729.369397
1190.802198 15729.954262
1191.089878 15730.505486
1191.279540 15731.085168
1191.586893 15731.761459
1191.855003 15732.350685
1192.083869 15733.008207
1192.404290 15733.710386
1192.665834 15734.347466
1192.927403 15734.997988
1193.195513 15735.694757
1193.489797 15736.389123
1193.751354 15737.064850
1194.025979 15737.804719
1194.333331 15738.533912
1194.594901 15739.235758
1194.876079 15739.925915
1195.124554 15740.630499
1195.412260 15741.357745
1195.673842 15742.091159
1195.961573 15742.847859
1196.236211 15743.592971
1196.510873 15744.298956
1196.752847 15745.055817
1197.060199 15745.881807
1197.347905 15746.650312
1197.609474 15747.462177
1197.923367 15748.317402
1198.211124 15749.085529
1198.459625 15749.774108
1198.688504 15750.582106
1199.015491 15751.423940
1199.263979 15752.137051
1199.499361 15752.923254
1199.793658 15753.793071
1200.081390 15754.619942
1200.342984 15755.502909
1200.663418 15756.311282
1200.872650 15757.126184
1201.193046 15758.047349
1201.467709 15758.801446
1201.676967 15759.601969
1201.977766 15760.448161
1202.213173 15761.269285
1202.494390 15762.105672
1202.736350 15762.947689
1203.017515 15763.837255
1203.285638 15764.818779
1203.619152 15765.795668
1203.880683 15766.638730
1204.129172 15767.519848
1204.410350 15768.472170
1204.698081 15769.397412
1204.959625 15770.328682
1205.247292 15771.299193
1205.528445 15772.230786
1205.789913 15773.111366
1206.038299 15773.997144
1206.299779 15774.933814
1206.574328 15775.945268
1206.875013 15776.916294
1207.123400 15777.753386
1207.345650 15778.665582
1207.633279 15779.594024
1207.862083 15780.468906
1208.117086 15781.503559
1208.430928 15782.507775
1208.666323 15783.506505
1208.973587 15784.522338
1209.215509 15785.483633
1209.490134 15786.548127
1209.784329 15787.519661
1210.006617 15788.709039
1210.412090 15789.966495
1210.667081 15790.981846
1210.941718 15792.065839
1211.229424 15793.194033
1211.523658 15794.200540
1211.745959 15795.303259
1212.086014 15796.397929
1212.301799 15797.512824
1212.648319 15798.829030
1212.962212 15799.903612
1213.184526 15801.103965
1213.557220 15802.349441
1213.799155 15803.509996
1214.126129 15804.810687
1214.433444 15806.037952
1214.721149 15807.217808
1215.002327 15808.472643
1215.322761 15809.802988
1215.636629 15810.960930
1215.872036 15812.083787
1216.166295 15813.435549
1216.506338 15814.834767
1216.800546 15816.391261
1217.127482 15818.178816
1217.408622 15820.248224
1217.722490 15822.628024
1218.010221 15825.390370
1218.337157 15828.342222
1218.605241 15831.739129
1218.951799 15835.583389
1219.246058 15839.247305
1219.514155 15843.930858
1219.906458 15849.714321
1220.272662 15855.073761
1220.560368 15859.506112
1220.782694 15860.444170
1220.959250 15859.153913
1221.135792 15858.913756
1221.443120 15858.920578
1221.717783 15858.933545
1222.051297 15858.955999
1222.437149 15858.989825
1222.849365 15859.024931
1223.111163 15859.060726
1223.418744 15859.104104
1223.719607 15859.147267
1223.961504 15859.195941
1224.268768 15859.256850
1224.589075 15859.325822
1224.916062 15859.406812
1225.282266 15859.494586
1225.609202 15859.577480
1225.890317 15859.663282
1226.197581 15859.760463
1226.517951 15859.858911
1226.799154 15859.958381
1227.093401 15860.075174
1227.439958 15860.197621
1227.734230 15860.322593
1228.061204 15860.467436
1228.420830 15860.602464
1228.675871 15860.733181
1228.989752 15860.868236
1229.244755 15861.003636
1229.539014 15861.148392
1229.813664 15861.282217
1230.049059 15861.418420
1230.317169 15861.569380
1230.591793 15861.728552
1230.872984 15861.882410
1231.114919 15862.036626
1231.383054 15862.200768
1231.644611 15862.373417
1231.925789 15862.552514
1232.193911 15862.729514
1232.455455 15862.908484
1232.717049 15863.093897
1232.985146 15863.290627
1233.266312 15863.486887
1233.521366 15863.670194
1233.756773 15863.890389
1234.096803 15864.119851
1234.345278 15864.312705
1234.580724 15864.519978
1234.855348 15864.761196
1235.162688 15864.984686
1235.385027 15865.198721
1235.659690 15865.448130
1235.953949 15865.687341
1236.195884 15865.919194
1236.464019 15866.176262
1236.751725 15866.447190
1237.039469 15866.688054
1237.255255 15866.952682
1237.582229 15867.253732
1237.863432 15867.520517
1238.111959 15867.801972
1238.412784 15868.101355
1238.687497 15868.402415
1238.981794 15868.700992
1239.243376 15868.997208
1239.524567 15869.305013
1239.799204 15869.598866
1240.047705 15869.904591
1240.335437 15870.237290
1240.623142 15870.574948
1240.910874 15870.917574
1241.198592 15871.265167
1241.486336 15871.589332
1241.728309 15871.897494
1241.983300 15872.238327
1242.271018 15872.612845
1242.571843 15872.975350
1242.833412 15873.316942
1243.094956 15873.653889
1243.343444 15874.034683
1243.663853 15874.415238
1243.905813 15874.751287
1244.154276 15875.095459
1244.402764 15875.471125
1244.690482 15875.902379
1245.010916 15876.310373
1245.259392 15876.699781
1245.547097 15877.093198
1245.795598 15877.496155
1246.089857 15877.922984
1246.364508 15878.324728
1246.619524 15878.710594
1246.868037 15879.141219
1247.175352 15879.596643
1247.449989 15880.020827
1247.711546 15880.486396
1248.031941 15880.935163
1248.267323 15881.313812
1248.496152 15881.717461
1248.757708 15882.162850
1249.032333 15882.568187
1249.241566 15882.999825
1249.542340 15883.479690
1249.803871 15883.936194
1250.071980 15884.408341
1250.346605 15884.908040
1250.640877 15885.406599
1250.908999 15885.856947
1251.144381 15886.317304
1251.419057 15886.823307
1251.700247 15887.345963
1251.987953 15887.812278
1252.203739 15888.313790
1252.524173 15888.862282
1252.785742 15889.353601
1253.040783 15889.848955
1253.302340 15890.329133
1253.537747 15890.864590
1253.851615 15891.423379
1254.106669 15891.948305
1254.381306 15892.497010
1254.655957 15893.017031
1254.897879 15893.568080
1255.198704 15894.129843
1255.447205 15894.669335
1255.721842 15895.205824
1255.963752 15895.760373
1256.251483 15896.332726
1256.506537 15896.867742
1256.755025 15897.434756
1257.036191 15898.062573
1257.337003 15898.666672
1257.592044 15899.246863
1257.866656 15899.845621
1258.134766 15900.463507
1258.422472 15901.100658
1258.703701 15901.698114
1258.952163 15902.299975
1259.233341 15902.988718
1259.553750 15903.652174
1259.808804 15904.290525
1260.103050 15904.940749
1260.364619 15905.572616
1260.639269 15906.193052
1260.887745 15906.754950
1261.110084 15907.391525
1261.417437 15908.087335
1261.685546 15908.732299
1261.947115 15909.325086
1262.169454 15909.962251
1262.463739 15910.684496
1262.751457 15911.346047
1262.993405 15912.036985
1263.300732 15912.773596
1263.575408 15913.465249
1263.843518 15914.161270
1264.118117 15914.861650
1264.386227 15915.575111
1264.667419 15916.327377
1264.961673 15917.093117
1265.249378 15917.829138
1265.517488 15918.526144
1265.772519 15919.244998
1266.053716 15919.967945
1266.308744 15920.659700
1266.563767 15921.355352
1266.818795 15922.127065
1267.126113 15922.884919
1267.368062 15923.611335
1267.649253 15924.387450
1267.923897 15925.066632
1268.133120 15925.712671
1268.381597 15926.417560
1268.630101 15927.238738
1268.957070 15928.064177
1269.205557 15928.819268
1269.480197 15929.587801
1269.735228 15930.379896
1270.022957 15931.156825
1270.264894 15931.899535
1270.526470 15932.665391
1270.781492 15933.405933
1271.023464 15934.140383
1271.271915 15934.888245
1271.520406 15935.679623
1271.795048 15936.454928
1272.030471 15937.254496
1272.318177 15938.168870
1272.625547 15939.078229
1272.906725 15939.911195
1273.161730 15940.728182
1273.429852 15941.559504
1273.691411 15942.384670
1273.952966 15943.224372
1274.221077 15943.984554
1274.430349 15944.780138
1274.718093 15945.673937
1274.986238 15946.498220
1275.228231 15947.262613
1275.457140 15948.009003
1275.686053 15948.781469
1275.928003 15949.555564
1276.137241 15950.408308
1276.366095 15951.600660
1276.660326 15953.008909
1276.908750 15954.327675
1277.111385 15956.053470
1277.431740 15958.256824
1277.719360 15960.515521
1277.993948 15962.617989
1278.203119 15964.863220
1278.471153 15967.589697
1278.745715 15970.583807
1279.026846 15973.620353
1279.275289 15976.727553
1279.536822 15980.002182
1279.785242 15983.175439
1280.007534 15986.600557
1280.269106 15990.521498
1280.537177 15994.572184
1280.792140 15998.232195
1280.994807 16002.122292
1281.275977 16006.164003
1281.504792 16006.916944
1281.772889 16005.882002
1282.132616 16005.892680
1282.420368 16005.908248
1282.681974 16005.939229
1283.146272 16005.978320
1283.420914 16006.016645
1283.715175 16006.060350
1283.983294 16006.103929
1284.212146 16006.148403
1284.441019 16006.200644
1284.702596 16006.271251
1285.042634 16006.357015
1285.369587 16006.435496
1285.604997 16006.513581
1285.886187 16006.592976
1286.101976 16006.666015
1286.317782 16006.752369
1286.585875 16006.850423
1286.840916 16006.951117
1287.095959 16007.059609
1287.364061 16007.177646
1287.638705 16007.299680
1287.900279 16007.427329
1288.174923 16007.560329
1288.436505 16007.702460
1288.724218 16007.848245
1288.979260 16007.996207
1289.253932 16008.157147
1289.535090 16008.327970
1289.822824 16008.498599
1290.084409 16008.664421
1290.339451 16008.844320
1290.627184 16009.036396
1290.901830 16009.215699
1291.137268 16009.407649
1291.431545 16009.614337
1291.693118 16009.804155
1291.928527 16010.006813
1292.209719 16010.249192
1292.530133 16010.486917
1292.785170 16010.725981
1293.092528 16010.979246
1293.367148 16011.218401
1293.628718 16011.454027
1293.883729 16011.713522
1294.184562 16011.975242
1294.433042 16012.236762
1294.720824 16012.486815
1294.936648 16012.735620
1295.211324 16013.015949
1295.479421 16013.323078
1295.793339 16013.625384
1296.041802 16013.912460
1296.316465 16014.215663
1296.584575 16014.513174
1296.839591 16014.789118
1297.061930 16015.061915
1297.303890 16015.402149
1297.630864 16015.767865
1297.905527 16016.120402
1298.199735 16016.483115
1298.480977 16016.848034
1298.768670 16017.188708
1299.004077 16017.526355
1299.278727 16017.899786
1299.559918 16018.260924
1299.808406 16018.618553
1300.076516 16018.995047
1300.344626 16019.386470
1300.625804 16019.773911
1300.880820 16020.147671
1301.135848 16020.526410
1301.390890 16020.920062
1301.658974 16021.349133
1301.953258 16021.778827
1302.214802 16022.199160
1302.489452 16022.598584
1302.718319 16022.997962
1302.986429 16023.428575
1303.247998 16023.815617
1303.457243 16024.267962
1303.790758 16024.730198
1304.006531 16025.171163
1304.307343 16025.662052
1304.575453 16026.136311
1304.850090 16026.598589
1305.098591 16027.054522
1305.360148 16027.515265
1305.608623 16028.029458
1305.922516 16028.555104
1306.177545 16029.081345
1306.484872 16029.613066
1306.739914 16030.119757
1307.014551 16030.606055
1307.243418 16031.110538
1307.531149 16031.691211
1307.831949 16032.238793
1308.080450 16032.739420
1308.328925 16033.251469
1308.583967 16033.808963
1308.871672 16034.405976
1309.159391 16034.960850
1309.401326 16035.500600
1309.669448 16036.066212
1309.931017 16036.608744
1310.172940 16037.185014
1310.460671 16037.499397
