# cumulative_displacement force displacement
0.000000 -0.000000 0.000000
0.176555 14.483817 0.176555
0.353123 -0.361619 -0.000013
0.529704 14.397108 0.176568
0.706234 27.517275 0.353098
0.889330 39.658527 0.536194
1.065847 50.171363 0.712711
1.248893 1.999954 0.529666
1.425385 -0.859556 0.353174
1.628077 -1.203997 0.150482
1.804708 -2.242699 -0.026149
1.987804 -17.001979 -0.209245
2.177352 -30.672759 -0.398793
2.367090 0.327460 -0.209055
2.556599 0.783618 -0.019545
2.759304 5.421726 0.183159
2.948889 19.746001 0.372745
3.131998 35.392652 0.555854
3.308490 50.645709 0.732345
3.485071 60.627561 0.908926
3.681209 69.924114 1.105065
3.857739 13.566528 0.928535
4.073462 -0.586307 0.712813
4.263073 -1.374273 0.523202
4.472254 -1.729696 0.314020
4.674972 -2.288569 0.111303
4.864633 -5.884262 -0.078359
5.047679 -18.432887 -0.261404
5.224259 -33.311450 -0.437985
5.413845 -45.238879 -0.627571
5.603431 -55.889463 -0.817156
5.806224 -4.084781 -0.614363
5.989231 0.726406 -0.431355
6.165748 1.240595 -0.254838
6.348768 1.551566 -0.071819
6.544920 2.129807 0.124333
6.767208 7.277238 0.346621
6.963385 19.777047 0.542798
7.139902 34.106897 0.719315
7.316445 49.210900 0.895858
7.499477 65.026445 1.078890
7.695667 77.146796 1.275080
7.904912 85.086021 1.484325
8.081442 91.054034 1.660855
8.264563 96.614658 1.843976
8.447646 101.598237 2.027060
8.630768 106.066512 2.210181
8.820404 110.206479 2.399817
9.049258 114.616767 2.628671
9.225852 117.630920 2.805265
9.422041 49.924373 2.609075
9.605099 14.787415 2.426017
9.781654 3.827994 2.249462
9.964699 -0.303519 2.066417
10.160876 -2.064046 1.870240
10.337368 -2.768210 1.693748
10.553154 -3.232554 1.477963
10.736199 -3.545173 1.294917
10.971492 -3.944962 1.059624
11.213389 -4.355971 0.817728
11.468430 -4.813905 0.562686
11.703876 -5.427367 0.327241
11.958942 -6.864647 0.072174
12.155183 -9.605270 -0.124066
12.338241 -15.520306 -0.307124
12.521375 -26.845071 -0.490258
12.710960 -42.465806 -0.679844
12.913652 -59.291511 -0.882536
13.122923 -69.329414 -1.091806
13.371347 -79.725940 -1.340231
13.574014 -87.136346 -1.542898
13.770166 -93.503031 -1.739049
13.946657 -98.627778 -1.915541
14.175511 -104.517235 -2.144395
14.352029 -108.540659 -2.320912
14.548129 -112.540211 -2.517013
14.737753 -48.041328 -2.327389
14.920925 -16.796449 -2.144217
15.104008 -6.081976 -1.961134
15.280589 -1.599184 -1.784553
15.522499 1.249680 -1.542644
15.725178 2.414839 -1.339964
15.999701 3.272046 -1.065441
16.222028 3.717730 -0.843115
16.490048 4.177872 -0.575094
16.803853 4.711059 -0.261290
17.130738 5.266473 0.065595
17.405299 5.740568 0.340157
17.634153 6.215325 0.569011
17.810620 6.729937 0.745477
18.006797 7.616859 0.941654
18.209463 9.185647 1.144321
18.438330 12.466570 1.373188
18.647575 17.953187 1.582433
18.876404 28.065669 1.811261
19.052959 39.061512 1.987817
19.236068 52.712845 2.170925
19.432207 68.803437 2.367064
19.621830 85.001939 2.556688
19.811467 101.382474 2.746324
19.994524 117.205368 2.929382
20.197204 48.593707 2.726703
20.373785 18.268162 2.550122
20.550315 7.113233 2.373592
20.733385 1.998514 2.190521
20.916417 -0.585758 2.007489
21.151774 -2.303763 1.772133
21.393658 -3.226658 1.530248
21.635580 -3.789249 1.288326
21.870835 -4.210249 1.053071
22.158554 -4.699162 0.765353
22.433140 -5.165715 0.490766
22.648926 -5.532358 0.274980
22.910457 -5.979267 0.013449
23.132809 -6.403337 -0.208902
23.315879 -6.855229 -0.391973
23.525099 -7.617806 -0.601193
23.708208 -8.688778 -0.784301
23.904346 -10.597896 -0.980440
24.087404 -13.608671 -1.163498
24.283568 -19.008821 -1.359662
24.466677 -26.936678 -1.542771
24.649735 -37.953578 -1.725828
24.839384 -51.973020 -1.915477
25.015901 -66.425350 -2.091995
25.192482 -81.492202 -2.268576
25.369037 -96.740693 -2.445131
25.552171 -36.551398 -2.261997
25.748412 -11.233998 -2.065757
25.944576 -3.405193 -1.869592
26.127685 -0.206248 -1.686484
26.317296 1.521148 -1.496873
26.500366 2.477251 -1.313802
26.709535 3.152049 -1.104633
26.938338 3.651172 -0.875830
27.206410 4.122371 -0.607758
27.382927 4.422293 -0.431241
27.722881 4.999912 -0.091288
27.912479 5.322060 0.098311
28.226296 5.861709 0.412128
28.455150 6.327843 0.640982
28.710115 7.110525 0.895947
28.965068 8.553309 1.150899
29.161232 10.586739 1.347064
29.363899 14.250971 1.549730
29.566553 20.501145 1.752384
29.775849 30.639749 1.961680
29.978528 43.991901 2.164359
30.155045 57.623249 2.340877
30.331575 72.277092 2.517407
30.508169 87.396453 2.694000
30.691252 103.213289 2.877083
30.867795 43.591962 2.700541
31.044388 15.300455 2.523947
31.233961 5.204640 2.334374
31.488939 0.050572 2.079396
31.691593 -1.764886 1.876742
31.907378 -2.820529 1.660957
32.083858 -3.358346 1.484478
32.260400 -3.751354 1.307935
32.534936 -4.243708 1.033399
32.724560 -4.565913 0.843775
32.999172 -5.032509 0.569163
33.267282 -5.488057 0.301053
33.568068 -6.002160 0.000267
33.810016 -6.472851 -0.241681
34.012759 -7.010118 -0.444424
34.280805 -8.197087 -0.712470
34.490000 -9.898635 -0.921664
34.679636 -12.569438 -1.111301
34.882290 -17.474558 -1.313955
35.084956 -25.595283 -1.516621
35.261525 -35.770004 -1.693189
35.438029 -48.401728 -1.869694
35.640708 -64.777495 -2.072373
35.823842 -80.367065 -2.255507
36.006900 -96.173159 -2.438565
36.183443 -37.679604 -2.262022
36.373105 -11.912618 -2.072361
36.556213 -3.992006 -1.889252
36.732743 -0.579199 -1.712722
36.928895 1.369814 -1.516571
37.118519 2.415901 -1.326947
37.386552 3.263532 -1.058913
37.634989 3.771376 -0.810476
37.948806 4.311142 -0.496659
38.125336 4.611085 -0.320129
38.511048 5.266452 0.065583
38.837972 5.826339 0.392506
39.125627 6.422616 0.680161
39.361021 7.188382 0.915556
39.589875 8.498247 1.144410
39.785976 10.492384 1.340510
39.962506 13.505743 1.517040
40.197888 20.494547 1.752422
40.374456 28.788396 1.928990
40.564041 40.715694 2.118576
40.773312 56.572479 2.327847
40.975991 73.389519 2.530526
41.152572 88.526798 2.707107
41.329077 103.777530 2.883611
41.505581 119.033988 3.060116
41.682187 123.786541 3.236722
41.865220 125.955177 3.419754
42.094099 128.353832 3.648634
42.303382 130.277882 3.857917
42.486517 131.775129 4.041051
42.682719 133.207534 4.237253
42.891977 134.561148 4.446511
43.094707 135.720685 4.649241
43.343195 136.963162 4.897730
43.578678 137.982076 5.133213
43.755234 138.657329 5.309768
44.003760 139.494910 5.558295
44.304572 140.355694 5.859107
44.546533 140.944194 6.101067
44.873520 141.615715 6.428054
45.063232 141.949263 6.617767
45.239800 86.161656 6.441199
45.422896 44.227909 6.258103
45.606005 24.496496 6.074994
45.782522 14.793097 5.898477
45.965618 8.893717 5.715381
46.181366 4.628236 5.499633
46.403628 1.865097 5.277371
46.606282 0.178103 5.074717
46.861235 -1.264526 4.819764
47.096477 -2.175338 4.584522
47.429852 -3.056215 4.251147
47.795980 -3.713858 3.885019
47.992132 -3.994204 3.688867
48.227513 -4.296168 3.453486
48.469436 -4.588071 3.211563
48.730954 -4.899669 2.950045
48.920565 -5.125585 2.760434
49.195190 -5.452792 2.485809
49.450244 -5.756680 2.230755
49.692179 -6.044938 1.988820
49.953735 -6.356575 1.727264
50.202224 -6.652683 1.478775
50.463869 -6.969073 1.217130
50.725489 -7.305479 0.955510
50.987122 -7.685246 0.693877
51.248780 -8.142545 0.432219
51.490791 -8.678475 0.190208
51.791705 -9.592535 -0.110706
51.987869 -10.418105 -0.306870
52.216748 -11.737212 -0.535749
52.393304 -13.138038 -0.712305
52.576412 -15.110333 -0.895413
52.779104 -18.205295 -1.098105
52.955660 -22.062502 -1.274661
53.164930 -28.727183 -1.483931
53.341473 -36.768119 -1.660474
53.524569 -47.838342 -1.843570
53.707640 -61.379226 -2.026641
53.890761 -76.485234 -2.209762
54.067304 -91.655960 -2.386305
54.250361 -107.478833 -2.569362
54.466147 -117.303385 -2.785148
54.642664 -120.047497 -2.961665
54.858463 -123.032083 -3.177464
55.080713 -125.729120 -3.399714
55.303090 -128.092172 -3.622091
55.505756 -129.988830 -3.824757
55.780368 -132.218556 -4.099369
56.054993 -134.111087 -4.373994
56.238038 -135.210694 -4.557039
56.493080 -136.555561 -4.812081
56.695784 -137.487558 -5.014786
56.996571 -138.678340 -5.315572
57.238506 -139.492448 -5.557507
57.415125 -81.752030 -5.380888
57.591681 -43.419865 -5.204333
57.768274 -25.715313 -5.027740
57.964464 -15.465849 -4.831550
58.160666 -9.410081 -4.635348
58.356932 -5.455293 -4.439082
58.566215 -2.556855 -4.229799
58.827708 -0.076904 -3.968306
59.004213 1.136629 -3.791801
59.291842 2.601151 -3.504171
59.559927 3.582205 -3.236087
59.775700 4.192533 -3.020314
60.024200 4.758514 -2.771813
60.253143 5.188242 -2.542870
60.560521 5.672718 -2.235492
60.782924 5.979932 -2.013090
61.109949 6.393737 -1.686065
61.358437 6.693084 -1.437577
61.606963 6.989260 -1.189050
61.920780 7.363163 -0.875233
62.221542 7.721510 -0.574472
62.476532 8.025323 -0.319481
62.757647 8.360262 -0.038367
63.025693 8.679631 0.229680
63.260999 8.959990 0.464985
63.581305 9.341653 0.785292
63.849364 9.663927 1.053351
64.110832 9.989821 1.314818
64.431202 10.422605 1.635188
64.633894 10.728033 1.837881
64.843114 11.081607 2.047100
65.163497 11.732221 2.367483
65.405394 12.349247 2.609380
65.595043 12.938857 2.799029
65.823859 13.816231 3.027845
66.163914 15.591075 3.367900
66.464650 17.848620 3.668636
66.719666 20.503121 3.923652
66.915843 23.171409 4.119829
67.105441 26.405366 4.309427
67.347363 31.665324 4.551350
67.530472 36.610347 4.734458
67.713581 42.433848 4.917567
67.929366 50.385233 5.133353
68.132058 58.794283 5.336045
68.308652 66.713535 5.512638
68.491735 75.357471 5.695721
68.714036 86.256426 5.918022
68.890604 95.108211 6.094590
69.067134 104.051212 6.271120
69.256770 113.702002 6.460757
69.446394 123.358716 6.650380
69.642571 133.349156 6.846557
69.851905 140.280887 7.055891
70.028410 85.499302 6.879387
70.231114 43.878445 6.676682
70.414248 27.020426 6.493548
70.603834 17.588795 6.303962
70.786955 11.935313 6.120841
71.009243 7.421286 5.898553
71.211935 4.600975 5.695861
71.408061 2.602023 5.499735
71.656473 0.744133 5.251323
71.832914 -0.259093 5.074882
72.126945 -1.534070 4.780851
72.310003 -2.147458 4.597794
72.532291 -2.759689 4.375506
72.761119 -3.276704 4.146677
73.022663 -3.766339 3.885133
73.244951 -4.121749 3.662845
73.532619 -4.525073 3.375177
73.794150 -4.855297 3.113646
74.029557 -5.134728 2.878239
74.245292 -5.382864 2.662504
74.526521 -5.702657 2.381275
74.768418 -5.977548 2.139378
75.016919 -6.259943 1.890878
75.317744 -6.601799 1.590053
75.572810 -6.891656 1.334986
75.795162 -7.144335 1.112634
76.043714 -7.426789 0.864083
76.324917 -7.746347 0.582879
76.579971 -8.036189 0.327825
76.802348 -8.289264 0.105448
77.148919 -8.692022 -0.241122
77.364730 -8.955262 -0.456933
77.606690 -9.270613 -0.698894
77.822476 -9.578492 -0.914679
78.044777 -9.932843 -1.136980
78.280209 -10.364670 -1.372413
78.633282 -11.169551 -1.725486
78.809850 -11.670390 -1.902054
79.064853 -12.555092 -2.157057
79.326384 -13.730065 -2.418588
79.516046 -14.812226 -2.608250
79.725266 -16.306118 -2.817470
79.914953 -18.015137 -3.007157
80.124173 -20.415336 -3.216377
80.300741 -22.985400 -3.392945
80.503458 -26.728887 -3.595662
80.732338 -32.249035 -3.824542
80.935055 -38.533950 -4.027259
81.150879 -46.839420 -4.243083
81.360099 -56.461356 -4.452303
81.536692 -65.623251 -4.628896
81.732869 -76.645823 -4.825073
81.929059 -88.261157 -5.021262
82.131776 -100.608081 -5.223980
82.314834 -111.884971 -5.407038
82.530632 -125.202733 -5.622836
82.726809 -63.230814 -5.426659
82.916484 -32.121143 -5.236985
83.119239 -18.219020 -5.034229
83.308888 -11.250251 -4.844580
83.524674 -6.359947 -4.628794
83.747102 -3.076095 -4.406367
83.943330 -1.039453 -4.210139
84.126387 0.391527 -4.027081
84.342084 1.679830 -3.811384
84.629727 2.944413 -3.523742
84.852065 3.680468 -3.301403
85.074354 4.271067 -3.079115
85.303296 4.769721 -2.850172
85.571419 5.253382 -2.582050
85.826575 5.644000 -2.326894
86.062045 5.963834 -2.091423
86.349853 6.320915 -1.803616
86.696436 6.724268 -1.457033
86.938358 6.999531 -1.215111
87.199940 7.296792 -0.953529
87.507229 7.645994 -0.646239
87.716423 7.883722 -0.437045
88.036806 8.247803 -0.116662
88.272137 8.515233 0.118669
88.572861 8.856973 0.419392
88.853988 9.176445 0.700519
89.069685 9.421569 0.916216
89.357302 9.750809 1.203833
89.618820 10.060019 1.465351
89.899947 10.414688 1.746479
90.154887 10.769791 2.001418
90.422971 11.196183 2.269503
90.671396 11.661680 2.517927
90.900275 12.174402 2.746807
91.142185 12.835850 2.988716
91.442959 13.896810 3.289490
91.619514 14.685994 3.466046
91.815666 15.753569 3.662197
92.051048 17.376499 3.897579
92.351873 20.184752 4.198404
92.613391 23.539009 4.459923
92.822624 27.021680 4.669155
93.005719 30.771344 4.852251
93.234586 36.498405 5.081118
93.437278 42.583066 5.283810
93.639983 49.583910 5.486514
93.829619 56.864818 5.676151
94.012766 64.444445 5.859297
94.221986 73.599984 6.068517
94.411622 82.219362 6.258154
94.588165 90.421662 6.434696
94.771248 99.036716 6.617780
94.954369 107.709870 6.800901
95.163615 117.639448 7.010146
95.346698 126.328030 7.193229
95.529743 70.640929 7.010184
95.719341 37.105082 6.820586
95.922059 21.965245 6.617868
96.098614 14.853682 6.441313
96.288288 9.973479 6.251639
96.490904 6.458692 6.049023
96.726286 3.645883 5.813641
96.955165 1.711593 5.584761
97.144637 0.501509 5.395290
97.347227 -0.518475 5.192700
97.667508 -1.731209 4.872419
97.850579 -2.269017 4.689348
98.092463 -2.857783 4.447464
98.308223 -3.295489 4.231704
98.609010 -3.807995 3.930917
98.818192 -4.116569 3.721735
99.086264 -4.472967 3.453663
99.341280 -4.784694 3.198647
99.609364 -5.095314 2.930563
99.818584 -5.331477 2.721343
100.067059 -5.609930 2.472868
100.302466 -5.873666 2.237461
100.590223 -6.196050 1.949704
100.877929 -6.518378 1.661998
101.146051 -6.818766 1.393876
101.388037 -7.089872 1.151890
101.623508 -7.353678 0.916419
101.904736 -7.668750 0.635190
102.127075 -7.917845 0.412852
102.395198 -8.218625 0.144729
102.682891 -8.546921 -0.142964
102.905242 -8.810710 -0.365316
103.153743 -9.123836 -0.613816
103.415287 -9.485605 -0.875360
103.663788 -9.874354 -1.123861
103.944979 -10.390598 -1.405052
104.167229 -10.878242 -1.627302
104.369997 -11.405702 -1.830070
104.579242 -12.057764 -2.039315
104.899625 -13.345845 -2.359698
105.148139 -14.681478 -2.608212
105.390036 -16.381587 -2.850109
105.605872 -18.353034 -3.065945
105.802011 -20.641171 -3.262084
106.030916 -24.104777 -3.490989
106.253255 -28.542132 -3.713328
106.429848 -33.016536 -3.889921
106.612919 -38.703892 -4.072992
106.802593 -45.826845 -4.262666
106.985664 -53.887957 -4.445737
107.181904 -63.681955 -4.641977
107.364974 -73.668186 -4.825048
107.548083 -84.228397 -5.008156
107.724638 -94.746661 -5.184711
107.901143 -105.434523 -5.361216
108.077737 -116.188819 -5.537810
108.267398 -56.936198 -5.348148
108.463563 -27.851320 -5.151984
108.653237 -16.263342 -4.962309
108.836371 -10.061982 -4.779175
109.012952 -6.199081 -4.602594
109.235342 -2.920475 -4.380205
109.425029 -0.958968 -4.190517
109.614614 0.512724 -4.000932
109.830311 1.783627 -3.785235
110.144128 3.125418 -3.471418
110.405647 3.942009 -3.209900
110.608377 4.448046 -3.007169
110.856979 4.961327 -2.758567
111.144787 5.451568 -2.470760
111.399955 5.822844 -2.215591
111.668077 6.171009 -1.947469
111.929672 6.484679 -1.685874
112.178173 6.769299 -1.437373
112.426661 7.048425 -1.188885
112.786274 7.451313 -0.829272
113.054371 7.751672 -0.561175
113.296243 8.022650 -0.319303
113.597055 8.359661 -0.018491
113.819305 8.608657 0.203759
114.126531 8.952853 0.510984
114.361887 9.216532 0.746341
114.662585 9.553465 1.047039
114.937134 9.864127 1.321587
115.185546 10.154938 1.569999
115.433958 10.463857 1.818411
115.708557 10.839992 2.093011
115.989697 11.283223 2.374151
116.238122 11.746842 2.622575
116.519312 12.388805 2.903766
116.761196 13.079850 3.145650
117.029293 14.055178 3.413747
117.245092 15.056595 3.629546
117.500070 16.577500 3.884524
117.683166 17.964334 4.067620
118.003587 21.194732 4.388040
118.284727 25.158520 4.669180
118.507027 29.263791 4.891481
118.749026 34.891230 5.133480
118.951692 40.607010 5.336146
119.160950 47.453530 5.545404
119.389842 55.923168 5.774296
119.572964 63.302223 5.957418
119.762524 71.368500 6.146978
119.971845 80.635284 6.356299
120.154890 88.942861 6.539344
120.370702 98.880146 6.755155
120.547270 107.067884 6.931724
120.723800 115.268987 7.108254
120.900355 123.471910 7.284809
121.103136 132.893293 7.487590
121.279742 137.640020 7.664196
121.534847 136.532519 7.919301
121.816127 135.311384 8.200580
121.999261 134.516334 8.383714
122.365529 132.926234 8.749982
122.587817 131.961202 8.972271
122.855926 130.797242 9.240380
123.078240 129.832100 9.462694
123.307094 128.838564 9.691548
123.549054 127.788127 9.933508
123.784436 126.766251 10.168890
124.072117 125.517328 10.456570
124.274796 124.637425 10.659250
124.490582 123.700622 10.875035
124.673716 122.905573 11.058169
124.856837 72.369599 10.875048
125.046422 41.476112 10.685462
125.242612 27.302682 10.489273
125.419142 20.083590 10.312743
125.595710 15.264291 10.136175
125.772278 11.802686 9.959607
125.961838 9.028388 9.770046
126.171071 6.710663 9.560814
126.373674 4.975618 9.358211
126.569686 3.636526 9.162199
126.798464 2.382479 8.933421
127.001130 1.480313 8.730755
127.269113 0.511942 8.462772
127.680987 -0.620350 8.050898
127.929437 -1.154848 7.802448
128.171321 -1.597178 7.560564
128.413218 -1.979427 7.318667
128.655115 -2.314536 7.076770
128.896986 -2.612678 6.834899
129.145436 -2.889003 6.586449
129.413470 -3.161122 6.318415
129.661945 -3.395340 6.069940
129.975788 -3.673601 5.756097
130.224238 -3.884491 5.507647
130.446564 -4.068858 5.285321
130.688512 -4.266994 5.043373
130.930472 -4.464356 4.801413
131.159364 -4.651039 4.572521
131.420933 -4.864375 4.310951
131.689069 -5.083065 4.042816
131.930991 -5.280377 3.800894
132.186020 -5.488377 3.545865
132.460657 -5.712371 3.271228
132.669915 -5.883041 3.061970
132.944552 -6.107035 2.787333
133.199594 -6.315046 2.532291
133.448095 -6.517723 2.283790
133.748894 -6.763055 1.982991
133.990817 -6.960402 1.741068
134.265467 -7.185710 1.466418
134.527049 -7.404179 1.204836
134.762481 -7.606702 0.969404
134.971777 -7.793742 0.760108
135.246478 -8.053277 0.485407
135.566975 -8.384169 0.164909
135.828519 -8.684949 -0.096634
136.024798 -8.934363 -0.292913
136.273286 -9.286922 -0.541401
136.508731 -9.668264 -0.776846
136.750666 -10.120521 -1.018781
136.992639 -10.649820 -1.260754
137.358831 -11.643557 -1.626946
137.653141 -12.668302 -1.921256
137.921238 -13.840686 -2.189353
138.130509 -14.962396 -2.398624
138.352860 -16.409259 -2.620975
138.620983 -18.608336 -2.889098
138.817210 -20.627541 -3.085325
139.019940 -23.186050 -3.288055
139.229211 -26.468660 -3.497326
139.431966 -30.439154 -3.700082
139.628194 -35.205846 -3.896309
139.843980 -41.716514 -4.112095
140.027101 -48.425742 -4.295216
140.229882 -57.177874 -4.497997
140.419518 -66.534427 -4.687633
140.615721 -77.185640 -4.883836
140.792302 -87.373431 -5.060417
140.975347 -98.300462 -5.243462
141.158468 -109.412877 -5.426583
141.341564 -120.567486 -5.609679
141.622640 -137.692184 -5.890755
141.838451 -140.956605 -6.106566
142.073859 -141.451448 -6.341974
142.322398 -141.903639 -6.590513
142.610129 -141.052118 -6.878244
142.832442 -140.086976 -7.100557
143.152838 -138.696025 -7.420953
143.375151 -137.730883 -7.643266
143.774058 -135.999085 -8.042173
144.055211 -134.778502 -8.323326
144.264456 -133.870094 -8.532571
144.473727 -132.961576 -8.741842
144.650257 -132.195196 -8.918372
144.826838 -80.628690 -8.741791
145.003406 -48.081744 -8.565223
145.179986 -32.718120 -8.388642
145.356555 -23.886204 -8.212074
145.559297 -17.343083 -8.009331
145.762002 -12.838292 -7.806627
145.964783 -9.533429 -7.603846
146.180721 -6.863193 -7.387907
146.409613 -4.679357 -7.159015
146.644957 -2.918799 -6.923672
146.906399 -1.373954 -6.662229
147.102500 -0.426707 -6.466129
147.350950 0.575585 -6.217679
147.632090 1.504086 -5.936539
147.821688 2.033872 -5.746941
148.070113 2.635005 -5.498516
148.344687 3.200921 -5.223942
148.671521 3.770089 -4.897107
148.919946 4.143665 -4.648683
149.148724 4.452124 -4.419905
149.449409 4.816250 -4.119220
149.717468 5.109725 -3.851161
149.952812 5.348554 -3.615817
150.246956 5.627997 -3.321672
150.514964 5.868715 -3.053664
150.789538 6.105500 -2.779090
151.057559 6.330102 -2.511069
151.306035 6.534776 -2.262594
151.567655 6.748503 -2.000974
151.822747 6.956556 -1.745882
152.090907 7.175267 -1.477721
152.424447 7.447301 -1.144181
152.666370 7.644613 -0.902259
152.927926 7.857938 -0.640702
153.202576 8.081942 -0.366052
153.483754 8.311270 -0.084874
153.784529 8.556581 0.215900
154.059166 8.780575 0.490538
154.366519 9.031251 0.797890
154.647697 9.260579 1.079068
154.896172 9.463235 1.327544
155.144660 9.665902 1.576032
155.425851 9.895581 1.857223
155.622003 10.056751 2.053374
155.962020 10.340100 2.393391
156.236619 10.574920 2.667991
156.472014 10.782510 2.903385
156.727017 11.016232 3.158388
156.995063 11.274831 3.426435
157.289271 11.578490 3.720643
157.511610 11.825379 3.942982
157.799253 12.172780 4.230624
158.067350 12.531887 4.498721
158.270080 12.831203 4.701451
158.544679 13.283188 4.976051
158.799695 13.761275 5.231066
159.002463 14.190068 5.433835
159.192023 14.637205 5.623395
159.388200 15.155043 5.819572
159.571334 15.697359 6.002706
159.878674 16.761538 6.310046
160.153325 17.913766 6.584696
160.388732 19.089845 6.820103
160.604530 20.353688 7.035902
160.833460 21.926926 7.264832
161.036152 23.555599 7.467524
161.225852 25.313003 7.657224
161.408935 27.252144 7.840307
161.624810 29.882964 8.056181
161.821012 32.629877 8.252384
162.063011 36.520296 8.494382
162.272332 40.347846 8.703704
162.455466 44.044292 8.886838
162.651694 48.345698 9.083065
162.841356 52.807352 9.272727
163.063733 58.366643 9.495104
163.266501 63.688886 9.697872
163.449597 68.657506 9.880968
163.626203 73.561952 10.057574
163.822418 79.105483 10.253789
164.005527 84.340823 10.436898
164.221312 90.557433 10.652684
164.397855 95.662714 10.829227
164.594108 101.343138 11.025480
164.796749 107.208577 11.228121
164.979871 112.509014 11.411242
165.156363 64.809967 11.234750
165.332981 39.216776 11.058131
165.509511 27.612854 10.881601
165.699161 20.419463 10.691952
165.875716 15.964749 10.515397
166.052259 12.710779 10.338854
166.248423 9.975126 10.142690
166.470686 7.610063 9.920427
166.660157 6.018706 9.730956
166.862785 4.627993 9.528327
167.137283 3.119085 9.253830
167.333384 2.239011 9.057729
167.607996 1.213544 8.783117
167.791028 0.635822 8.600084
168.078683 -0.139441 8.312429
168.529762 -1.110218 7.861351
168.758565 -1.517469 7.632548
169.033177 -1.949152 7.357935
169.268508 -2.278893 7.122604
169.510405 -2.586556 6.880708
169.785005 -2.904692 6.606108
170.059591 -3.196385 6.331522
170.268786 -3.404409 6.122327
170.536832 -3.656666 5.854281
170.804967 -3.896351 5.586146
171.033821 -4.093250 5.357292
171.471971 -4.456527 4.919142
171.772770 -4.699401 4.618342
172.047408 -4.918899 4.343705
172.302437 -5.122145 4.088676
172.544384 -5.314951 3.846728
172.786332 -5.507757 3.604781
173.054442 -5.721412 3.336671
173.302955 -5.919450 3.088157
173.590687 -6.148741 2.800426
173.845715 -6.351971 2.545397
174.146515 -6.591676 2.244598
174.421127 -6.810512 1.969986
174.656572 -6.998137 1.734541
174.944291 -7.227417 1.446822
175.160051 -7.399355 1.231062
175.447820 -7.628676 0.943292
175.709415 -7.837138 0.681698
175.984103 -8.056065 0.407010
176.258855 -8.275794 0.132258
176.500790 -8.471120 -0.109677
176.775440 -8.696600 -0.384327
177.010835 -8.894572 -0.619722
177.305106 -9.150722 -0.913994
177.547054 -9.370922 -1.155941
177.788938 -9.602273 -1.397825
178.057061 -9.875236 -1.665948
178.325107 -10.169895 -1.933994
178.553999 -10.442827 -2.162886
178.776351 -10.730785 -2.385238
179.024775 -11.084547 -2.633662
179.273302 -11.479314 -2.882189
179.665655 -12.207654 -3.274543
179.848764 -12.602117 -3.457651
180.051507 -13.088429 -3.660394
180.358885 -13.945291 -3.967772
180.626982 -14.837821 -4.235869
180.882023 -15.844302 -4.490911
181.169780 -17.210908 -4.778667
181.477120 -19.014858 -5.086007
181.771430 -21.172056 -5.380317
181.961079 -22.840523 -5.569966
182.209542 -25.430726 -5.818429
182.418850 -28.034841 -6.027737
182.615053 -30.886002 -6.223940
182.811229 -34.186127 -6.420117
183.000891 -37.845936 -6.609779
183.177459 -41.692853 -6.786347
183.399811 -47.151554 -7.008698
183.576417 -51.960431 -7.185304
183.792190 -58.354408 -7.401077
183.988392 -64.594809 -7.597280
184.178054 -70.938390 -7.786942
184.374257 -77.746127 -7.983144
184.570433 -84.730720 -8.179321
184.766636 -91.831782 -8.375523
184.962800 -98.996689 -8.571687
185.145909 -105.709007 -8.754796
185.328992 -112.423272 -8.937879
185.512050 -119.136606 -9.120937
185.688605 -68.644408 -8.944381
185.878254 -39.490880 -8.754732
186.094027 -25.487392 -8.538959
186.277148 -18.783624 -8.355838
186.473363 -13.943450 -8.159623
186.656497 -10.668355 -7.976489
186.846172 -8.073155 -7.786815
187.081579 -5.602240 -7.551407
187.290900 -3.887884 -7.342086
187.474009 -2.657583 -7.158977
187.670148 -1.552224 -6.962839
187.853269 -0.676599 -6.779717
188.088651 0.274515 -6.544335
188.297922 0.989206 -6.335065
188.520273 1.641397 -6.112713
188.788421 2.310980 -5.844565
189.063033 2.892264 -5.569953
189.278806 3.290037 -5.354180
189.566499 3.756072 -5.066487
189.841073 4.145941 -4.791913
190.141771 4.524746 -4.491215
190.350953 4.764545 -4.282034
190.671272 5.102100 -3.961714
190.971945 5.393474 -3.661042
191.253046 5.649139 -3.379940
191.534123 5.892784 -3.098864
191.782509 6.100816 -2.850477
192.050543 6.319993 -2.582443
192.325117 6.540914 -2.307869
192.580108 6.744454 -2.052879
192.835085 6.947645 -1.797901
193.070480 7.135229 -1.562506
193.351683 7.359318 -1.281303
193.665564 7.609447 -0.967422
193.920555 7.812647 -0.712432
194.221341 8.052341 -0.411645
194.456774 8.239956 -0.176212
194.751033 8.474448 0.118046
195.038739 8.703719 0.405752
195.319917 8.927787 0.686930
195.548783 9.110169 0.915797
195.829949 9.334227 1.196962
196.058841 9.516630 1.425854
196.405373 9.792803 1.772387
196.719254 10.043851 2.086267
196.941580 10.223341 2.308593
197.209677 10.443058 2.576690
197.471221 10.662516 2.838234
197.745820 10.900580 3.112833
198.033488 11.161344 3.400501
198.249261 11.366799 3.616274
198.556512 11.678042 3.923525
198.818068 11.964690 4.185082
199.105736 12.309118 4.472749
199.373820 12.664316 4.740834
199.609202 13.009650 4.976216
199.831503 13.370452 5.198516
200.093059 13.846879 5.460073
200.341560 14.362335 5.708574
200.550767 14.853390 5.917781
200.740455 15.351974 6.107468
200.975849 16.053978 6.342863
201.198188 16.817487 6.565201
201.413961 17.669864 6.780975
201.760557 19.322216 7.127570
202.067897 21.154796 7.434910
202.342547 23.162741 7.709560
202.610669 25.537101 7.977683
202.833059 27.873853 8.200072
203.075032 30.850850 8.442046
203.264681 33.532691 8.631695
203.526314 37.769073 8.893327
203.702920 40.987475 9.069934
203.918744 45.303472 9.285757
204.108469 49.423069 9.475483
204.317752 54.282091 9.684766
204.540129 59.752004 9.907143
204.716723 64.278957 10.083737
204.899819 69.107205 10.266832
205.096021 74.397118 10.463035
205.298751 79.953409 10.665765
205.475332 84.843268 10.842346
205.664981 90.126545 11.031995
205.848077 95.242610 11.215091
206.044229 100.727172 11.411242
206.220822 105.664899 11.587836
206.462757 112.429637 11.829771
206.652368 62.303487 11.640160
206.848570 36.936484 11.443957
207.051250 25.511171 11.241278
207.234346 19.445227 11.058182
207.450157 14.655951 10.842371
207.626699 11.817752 10.665828
207.803306 9.595978 10.489222
208.038637 7.288225 10.253891
208.241265 5.722003 10.051263
208.437302 4.475193 9.855225
208.613756 3.526614 9.678772
209.005957 1.851401 9.286570
209.417869 0.542813 8.874658
209.659715 -0.075218 8.632812
209.855867 -0.514232 8.436661
210.097776 -0.992965 8.194751
210.352716 -1.436058 7.939811
210.653465 -1.893903 7.639063
210.908379 -2.237977 7.384148
211.156817 -2.542128 7.135711
211.405241 -2.821187 6.887286
211.673300 -3.099516 6.619227
211.941321 -3.358848 6.351206
212.183231 -3.579965 6.109297
212.457843 -3.819299 5.834685
212.712846 -4.032959 5.579682
212.948317 -4.224737 5.344211
213.236048 -4.453941 5.056480
213.504145 -4.664178 4.788383
213.759174 -4.862569 4.533354
213.988066 -5.040199 4.304462
214.269193 -5.258349 4.023335
214.517732 -5.451210 3.774796
214.785816 -5.659238 3.506711
215.073560 -5.882522 3.218967
215.322061 -6.075354 2.970467
215.596699 -6.288467 2.695829
215.877877 -6.506656 2.414651
216.165646 -6.729959 2.126882
216.427177 -6.932902 1.865351
216.708342 -7.151081 1.584185
216.930669 -7.323602 1.361859
217.224940 -7.551951 1.067587
217.480007 -7.749878 0.812521
217.754645 -7.962995 0.537883
218.003171 -8.156186 0.289357
218.271331 -8.366105 0.021196
218.552535 -8.589419 -0.260007
218.807602 -8.796410 -0.515074
219.023387 -8.976122 -0.730860
219.304527 -9.218678 -1.011999
219.572599 -9.461459 -1.280071
219.814534 -9.692874 -1.522006
220.056507 -9.938843 -1.763979
220.285323 -10.187701 -1.992795
220.553420 -10.503784 -2.260892
220.815002 -10.843243 -2.522474
221.043843 -11.170741 -2.751315
221.331574 -11.631766 -3.039046
221.534292 -11.996065 -3.241764
221.802389 -12.538577 -3.509861
222.037834 -13.083307 -3.745306
222.234023 -13.595553 -3.941496
222.580594 -14.659408 -4.288066
222.763715 -15.320837 -4.471187
223.038416 -16.472763 -4.745888
223.214997 -17.333581 -4.922469
223.463485 -18.738471 -5.170957
223.698930 -20.320799 -5.406403
223.934350 -22.201536 -5.641823
224.169783 -24.444890 -5.877255
224.431390 -27.453705 -6.138863
224.653754 -30.520049 -6.361227
224.882621 -34.243357 -6.590094
225.091892 -38.208664 -6.799364
225.307716 -42.897118 -7.015188
225.510446 -47.862728 -7.217918
225.693605 -52.798663 -7.401077
225.870148 -57.925835 -7.577620
226.046716 -63.370779 -7.754188
226.255974 -70.161680 -7.963446
226.432542 -76.113664 -8.140014
226.609123 -82.214827 -8.316595
226.818406 -89.577083 -8.525878
227.001464 -96.087500 -8.708936
227.178057 -102.398177 -8.885530
227.361140 -108.948438 -9.068613
227.557330 -55.440205 -8.872423
227.746992 -32.700917 -8.682761
227.943169 -22.204167 -8.486584
228.119711 -16.546822 -8.310042
228.302845 -12.486157 -8.126908
228.505576 -9.222568 -7.924178
228.695212 -6.908647 -7.734541
228.937236 -4.636482 -7.492517
229.166153 -2.970414 -7.263600
229.414692 -1.533063 -7.015061
229.617461 -0.572057 -6.812293
229.852893 0.362974 -6.576860
230.068666 1.086158 -6.361087
230.330312 1.829096 -6.099442
230.578787 2.427394 -5.850966
230.774926 2.840560 -5.654827
231.049487 3.348279 -5.380266
231.297950 3.750042 -5.131803
231.579090 4.152023 -4.850663
231.873260 4.525094 -4.556493
232.187102 4.881254 -4.242651
232.402901 5.106292 -4.026853
232.657866 5.355557 -3.771887
232.965193 5.637042 -3.464560
233.233278 5.869572 -3.196476
233.527562 6.114513 -2.902191
233.802187 6.336092 -2.627566
234.089867 6.563388 -2.339886
234.351449 6.767528 -2.078304
234.619571 6.975712 -1.810182
234.920346 7.209107 -1.509408
235.181940 7.412099 -1.247813
235.463105 7.630278 -0.966648
235.770407 7.868738 -0.659346
236.071232 8.102173 -0.358521
236.332776 8.305125 -0.096977
236.581239 8.497928 0.151486
236.849349 8.705976 0.419595
237.123961 8.919069 0.694207
237.378989 9.116967 0.949236
237.653525 9.330001 1.223772
237.954249 9.563357 1.524495
238.176460 9.735789 1.746707
238.464128 9.959056 2.034375
238.751720 10.183080 2.321966
239.032796 10.404276 2.603043
239.313885 10.629417 2.884132
239.568812 10.838688 3.139059
239.836846 11.065936 3.407093
240.065674 11.267583 3.635921
240.281422 11.465807 3.851669
240.588698 11.765164 4.158945
240.869851 12.061128 4.440098
241.111723 12.336855 4.681969
241.392901 12.687726 4.963147
241.647891 13.040387 5.218138
241.896379 13.422552 5.466626
242.197153 13.947467 5.767400
242.425969 14.402435 5.996216
242.700645 15.026399 6.270892
242.916380 15.587943 6.486627
243.204162 16.456532 6.774409
243.380666 17.069764 6.950913
243.609559 17.974011 7.179805
243.943099 19.559050 7.513345
244.276588 21.543449 7.846835
244.564345 23.662837 8.134591
244.865157 26.378064 8.435403
245.074453 28.622714 8.644699
245.296855 31.370755 8.867102
245.506126 34.327426 9.076372
245.767720 38.555867 9.337967
245.983633 42.494173 9.553880
246.186350 46.544853 9.756597
246.415306 51.494227 9.985553
246.624564 56.319197 10.194811
246.814315 60.900980 10.384561
247.010492 65.803826 10.580738
247.193562 70.497638 10.763809
247.370181 75.107547 10.940428
247.546749 79.774086 11.116996
247.736385 84.829631 11.306632
247.912941 89.561017 11.483188
248.096062 94.480028 11.666309
248.272618 99.224837 11.842864
248.468769 104.496280 12.039016
248.678052 110.120631 12.248299
248.867701 115.217327 12.437948
249.227365 115.354032 12.797612
249.456283 114.360219 13.026530
249.776691 112.969213 13.346938
250.012137 111.947061 13.582383
250.312961 110.641073 13.883208
250.554922 109.590637 14.125169
250.809938 108.483521 14.380185
251.019208 107.575003 14.589455
251.319983 106.269236 14.890229
251.561956 105.218744 15.132202
251.738524 104.452199 15.308770
252.130852 102.748962 15.701099
252.340123 101.840444 15.910369
252.516691 58.385059 15.733801
252.693246 37.306584 15.557246
252.889423 26.889158 15.361069
253.065991 21.332635 15.184501
253.275262 16.857839 14.975230
253.471426 13.825652 14.779066
253.654535 11.628659 14.595958
253.889942 9.406066 14.360550
254.092507 7.876533 14.157985
254.268973 6.756881 13.981519
254.497840 5.530968 13.752652
254.674421 4.723460 13.576071
254.877126 3.915136 13.373367
255.066787 3.253349 13.183705
255.295629 2.554537 12.954864
255.524470 1.945416 12.726022
255.779422 1.352996 12.471070
256.040915 0.822549 12.209577
256.269744 0.411226 11.980748
256.544343 -0.028485 11.706149
256.786253 -0.375106 11.464239
257.001975 -0.657085 11.248517
257.256902 -0.962296 10.993590
257.524949 -1.255478 10.725544
257.819157 -1.549977 10.431335
258.034904 -1.750667 10.215588
258.302963 -1.984880 9.947529
258.564494 -2.199712 9.685998
258.819523 -2.398336 9.430969
259.022215 -2.549739 9.228277
259.283810 -2.738046 8.966683
259.506187 -2.892844 8.744306
259.715445 -3.034837 8.535048
259.970524 -3.203973 8.279968
260.160122 -3.327404 8.090370
260.395542 -3.478530 7.854950
260.670192 -3.652588 7.580300
260.918668 -3.808631 7.331824
261.167182 -3.963909 7.083311
261.415657 -4.118857 6.834835
261.677239 -4.281953 6.573253
261.958417 -4.457268 6.292075
262.233042 -4.628496 6.017450
262.501139 -4.795655 5.749353
262.716937 -4.930205 5.533555
262.991575 -5.101442 5.258918
263.266212 -5.272678 4.984280
263.475457 -5.403143 4.775035
263.782785 -5.594761 4.467708
264.031260 -5.749686 4.219232
264.299370 -5.916852 3.951122
264.573995 -6.088081 3.676498
264.822470 -6.243005 3.428022
265.123270 -6.430554 3.127223
265.384826 -6.593634 2.865666
265.659464 -6.764871 2.591029
265.875249 -6.899413 2.375243
266.156427 -7.074745 2.094065
266.404928 -7.230009 1.845564
266.653391 -7.386098 1.597101
266.914973 -7.552025 1.335519
267.156908 -7.707639 1.093584
267.444614 -7.896414 0.805879
267.699630 -8.068178 0.550863
267.948080 -8.240625 0.302412
268.248879 -8.457840 0.001613
268.523568 -8.666170 -0.273075
268.726222 -8.827227 -0.475729
269.033587 -9.085806 -0.783095
269.471686 -9.491255 -1.221194
269.779013 -9.808154 -1.528521
269.981693 -10.035016 -1.731200
270.269424 -10.385909 -2.018932
270.511384 -10.711515 -2.260892
270.759860 -11.080050 -2.509368
270.969130 -11.421548 -2.718638
271.171810 -11.783481 -2.921317
271.413757 -12.261797 -3.163265
271.609960 -12.692171 -3.359468
271.793030 -13.133084 -3.542538
272.106898 -13.992393 -3.856406
272.296534 -14.585640 -4.046042
272.623559 -15.767910 -4.373067
272.917793 -17.041259 -4.667301
273.179400 -18.380572 -4.928908
273.447535 -20.002457 -5.197043
273.663359 -21.529750 -5.412867
273.905307 -23.525806 -5.654815
274.094994 -25.338776 -5.844502
274.278090 -27.330375 -6.027598
274.526604 -30.475549 -6.276111
274.729346 -33.476612 -6.478854
274.951685 -37.280968 -6.701193
275.134832 -40.857853 -6.884340
275.311413 -44.708877 -7.060921
275.507590 -49.460046 -7.257098
275.690686 -54.333794 -7.440193
275.867305 -59.410316 -7.616812
276.076575 -65.845833 -7.826083
276.285820 -72.656076 -8.035328
276.475495 -79.077247 -8.225003
276.665144 -85.665463 -8.414652
276.861346 -92.596447 -8.610854
277.090188 -100.758822 -8.839695
277.273296 -107.309485 -9.022804
277.593717 -118.773521 -9.343225
277.809528 -126.494820 -9.559036
278.012258 -128.533721 -9.761766
278.241112 -127.540184 -9.990620
278.483060 -126.489803 -10.232568
278.751195 -125.325733 -10.500703
278.973559 -124.360371 -10.723067
279.182805 -123.451963 -10.932312
279.431306 -122.373132 -11.180813
279.673279 -121.322640 -11.422786
279.961023 -120.073442 -11.710530
280.183361 -119.108189 -11.932869
280.444905 -117.972734 -12.194413
280.739152 -116.695306 -12.488659
280.941907 -115.815073 -12.691415
281.118501 -69.161726 -12.514821
281.308175 -43.078455 -12.325147
281.491284 -31.681354 -12.142038
281.667877 -24.989230 -11.965445
281.883688 -19.445844 -11.749634
282.086431 -15.697787 -11.546891
282.269565 -13.064883 -11.363757
282.485389 -10.582667 -11.147933
282.662059 -8.913260 -10.971263
282.858388 -7.344594 -10.774934
283.067862 -5.928797 -10.565460
283.244442 -4.899188 -10.388879
283.434066 -3.928655 -10.199256
283.695623 -2.775961 -9.937699
283.944073 -1.841542 -9.689249
284.218659 -0.953576 -9.414662
284.447463 -0.308223 -9.185859
284.761242 0.463372 -8.872080
285.016219 1.010714 -8.617102
285.290730 1.534322 -8.342592
285.591441 2.042856 -8.041881
285.918275 2.531915 -7.715047
286.166687 2.866657 -7.466635
286.460870 3.228448 -7.172452
286.715746 3.515986 -6.917576
286.964196 3.776486 -6.669126
287.225638 4.032441 -6.407683
287.493647 4.278211 -6.139675
287.735531 4.487617 -5.897791
287.977428 4.686897 -5.655894
288.245448 4.897525 -5.387873
288.454681 5.055549 -5.178641
288.696591 5.232248 -4.936731
288.905823 5.380591 -4.727499
289.095409 5.511904 -4.537913
289.337344 5.675810 -4.295978
289.605403 5.853405 -4.027919
289.873487 6.027629 -3.759835
290.148137 6.203405 -3.485185
290.442383 6.389490 -3.190939
290.690846 6.545394 -2.942476
291.057025 6.774054 -2.576297
291.312029 6.933051 -2.321293
291.567057 7.092061 -2.066265
291.887478 7.291844 -1.745844
292.188240 7.479369 -1.445082
292.462903 7.650621 -1.170419
292.724421 7.813678 -0.908901
293.038289 8.009375 -0.595033
293.293317 8.168385 -0.340004
293.567942 8.339614 -0.065380
293.836065 8.506788 0.202743
294.130311 8.690251 0.496989
294.398433 8.857425 0.765112
294.679573 9.032716 1.046251
294.967292 9.212108 1.333970
295.235414 9.379283 1.602092
295.523133 9.558675 1.889811
295.830460 9.750294 2.197138
296.111663 9.925624 2.478341
296.360126 10.080541 2.726804
296.588980 10.223239 2.955658
296.863618 10.394656 3.230296
297.105553 10.546075 3.472231
297.393271 10.727029 3.759949
297.628678 10.876121 3.995357
297.890209 11.043245 4.256888
298.171349 11.225155 4.538028
298.426302 11.392666 4.792980
298.655143 11.545540 5.021821
298.910185 11.719273 5.276863
299.178269 11.906417 5.544947
299.374420 12.046778 5.741098
299.688326 12.278494 6.055004
299.930236 12.463987 6.296914
300.119872 12.614265 6.486550
300.401063 12.846117 6.767741
300.616899 13.032396 6.983578
300.878456 13.269269 7.245134
301.094229 13.475109 7.460907
301.316568 13.698418 7.683246
301.578124 13.977660 7.944802
301.761233 14.185167 8.127911
301.983572 14.452156 8.350250
302.186251 14.711595 8.552929
302.421722 15.034736 8.788400
302.598277 15.294202 8.964955
302.964558 15.886891 9.331236
303.154182 16.226890 9.520860
303.330775 16.566928 9.697453
303.513846 16.945964 9.880524
303.827828 17.667956 10.194506
304.102541 18.386721 10.469220
304.429528 19.369955 10.796207
304.704179 20.324383 11.070857
305.005054 21.532570 11.371732
305.318986 23.011525 11.685664
305.580542 24.447648 11.947220
305.848664 26.147360 12.215343
306.116812 28.114751 12.483490
306.404594 30.568026 12.771272
306.646542 32.936760 13.013220
306.868919 35.380528 13.235597
307.123948 38.510700 13.490626
307.320125 41.157615 13.686803
307.581706 44.998041 13.948385
307.817152 48.734062 14.183830
308.046082 52.587456 14.412760
308.242335 56.036314 14.609013
308.451580 59.833089 14.818258
308.667379 63.849100 15.034057
308.850513 67.316460 15.217191
309.046715 71.073503 15.413393
309.269041 75.364281 15.635719
309.465243 79.166032 15.831922
309.641799 82.590407 16.008477
309.838001 86.395917 16.204679
310.014557 89.820358 16.381235
310.230368 94.006196 16.597046
310.446166 46.655353 16.381247
310.629313 32.014413 16.198101
310.812409 24.718924 16.015005
311.021667 19.514776 15.805747
311.230975 15.922423 15.596438
311.414058 13.543320 15.413355
311.623380 11.388185 15.204034
311.839216 9.604255 14.988197
312.120293 7.746444 14.707121
312.460246 5.987875 14.367167
312.643368 5.202239 14.184046
312.826464 4.504852 14.000950
313.029130 3.818598 13.798283
313.231809 3.207747 13.595604
313.506358 2.479680 13.321055
313.728684 1.959670 13.098729
313.983611 1.426791 12.843802
314.232011 0.962324 12.595403
314.480410 0.543366 12.347003
314.774593 0.096689 12.052821
314.970719 -0.175617 11.856695
315.232212 -0.511523 11.595202
315.519892 -0.850172 11.307521
315.787926 -1.140887 11.039488
316.042904 -1.398455 10.784510
316.297920 -1.640105 10.529494
316.579047 -1.890576 10.248367
316.807863 -2.083779 10.019551
317.062841 -2.289327 9.764573
317.272073 -2.451278 9.555340
317.481395 -2.607979 9.346019
317.749504 -2.801902 9.077909
318.024116 -2.993736 8.803297
318.279183 -3.166704 8.548230
318.521182 -3.326889 8.306232
318.867803 -3.550850 7.959611
319.181683 -3.749212 7.645730
319.489011 -3.940307 7.338403
319.744052 -4.097119 7.083361
319.992553 -4.248778 6.834861
320.247569 -4.403607 6.579845
320.567990 -4.597482 6.259424
320.809950 -4.743715 6.017463
321.084575 -4.909685 5.742838
321.372281 -5.083561 5.455133
321.653446 -5.253483 5.173967
321.915003 -5.411555 4.912411
322.124261 -5.538021 4.703153
322.431575 -5.723747 4.395838
322.706213 -5.889724 4.121201
322.954701 -6.039899 3.872713
323.235866 -6.209821 3.591547
323.503963 -6.371846 3.323450
323.765545 -6.529933 3.061868
324.000952 -6.672202 2.826461
324.275590 -6.838180 2.551824
324.510984 -6.980441 2.316429
324.759485 -7.130622 2.067928
325.066800 -7.316348 1.760614
325.328382 -7.474436 1.499032
325.583410 -7.628563 1.244003
325.831886 -7.778729 0.995528
326.152294 -7.972369 0.675119
326.400808 -8.122594 0.426606
326.649309 -8.273062 0.178105
326.897784 -8.424055 -0.070371
327.172422 -8.591960 -0.345008
327.414382 -8.741140 -0.586969
327.715182 -8.928808 -0.887768
327.944074 -9.073704 -1.116660
328.199077 -9.237777 -1.371663
328.421390 -9.383539 -1.593977
328.722139 -9.585576 -1.894726
328.951019 -9.743745 -2.123605
329.225631 -9.939475 -2.398217
329.467578 -10.118179 -2.640165
329.729084 -10.318995 -2.901671
329.957951 -10.502252 -3.130537
330.212992 -10.715944 -3.385579
330.461430 -10.935082 -3.634016
330.781876 -11.236305 -3.954462
331.239609 -11.710236 -4.412196
331.645019 -12.182975 -4.817605
331.873911 -12.476538 -5.046497
332.089671 -12.773753 -5.262258
332.279320 -13.053420 -5.451907
332.488553 -13.384337 -5.661139
332.697836 -13.741604 -5.870423
333.044368 -14.399891 -6.216955
333.234030 -14.800761 -6.406617
333.508706 -15.440812 -6.681292
333.711461 -15.964768 -6.884048
333.966515 -16.695783 -7.139102
334.286936 -17.747384 -7.459523
334.594276 -18.923664 -7.766863
334.855845 -20.080754 -8.028432
335.130521 -21.480824 -8.303108
335.359388 -22.818084 -8.531974
335.634051 -24.664985 -8.806637
335.869496 -26.493689 -9.042082
336.111431 -28.647393 -9.284017
336.359919 -31.191094 -9.532506
336.588849 -33.869232 -9.761436
336.837325 -37.175712 -10.009911
337.026987 -39.997165 -10.199573
337.301688 -44.553281 -10.474274
337.582878 -49.780110 -10.755465
337.785621 -53.875497 -10.958208
337.981811 -58.068233 -11.154397
338.204124 -63.050616 -11.376711
338.433080 -68.386985 -11.605666
338.648866 -73.558460 -11.821452
338.851621 -78.505466 -12.024208
339.067445 -83.830936 -12.240031
339.257094 -88.538379 -12.429680
339.446730 -93.254683 -12.619317
339.656014 -98.460302 -12.828600
339.839071 -103.013600 -13.011658
340.041814 -53.499784 -12.808915
340.224885 -35.282097 -12.625845
340.408057 -26.501039 -12.442673
340.610774 -20.513094 -12.239955
340.806989 -16.502331 -12.043740
340.996651 -13.581951 -11.854078
341.232134 -10.782938 -11.618595
341.441430 -8.816074 -11.409299
341.631105 -7.335944 -11.219625
341.886350 -5.680621 -10.964380
342.154764 -4.252106 -10.695965
342.455830 -2.932280 -10.394899
342.678169 -2.105260 -10.172560
342.939789 -1.258941 -9.910940
343.181724 -0.576006 -9.669005
343.456324 0.104405 -9.394406
343.691629 0.620897 -9.159100
343.985850 1.195113 -8.864879
344.279995 1.702982 -8.570735
344.580718 2.165650 -8.270011
344.822551 2.502834 -8.028178
345.070963 2.821577 -7.779766
345.338959 3.138400 -7.511771
345.626588 3.451668 -7.224141
345.907690 3.734983 -6.943039
346.169158 3.981173 -6.681572
346.411017 4.196060 -6.439713
346.685578 4.427080 -6.165152
346.940518 4.630954 -5.910212
347.202011 4.830925 -5.648719
347.430814 4.999329 -5.419916
347.659643 5.162443 -5.191087
347.881943 5.316482 -4.968786
348.084661 5.453647 -4.766069
348.326583 5.613781 -4.524146
348.646953 5.820858 -4.203776
348.947740 6.011121 -3.902989
349.235420 6.190183 -3.615309
349.510071 6.359131 -3.340659
349.823913 6.550492 -3.026816
350.065848 6.697205 -2.784881
350.366622 6.879104 -2.484107
350.621651 7.033231 -2.229079
350.935519 7.222918 -1.915211
351.210131 7.388880 -1.640599
351.510905 7.570653 -1.339825
351.772461 7.728725 -1.078268
352.047112 7.894710 -0.803618
352.328277 8.064633 -0.522453
352.596374 8.226658 -0.254356
352.877539 8.396580 0.026810
353.119474 8.542794 0.268745
353.407205 8.716685 0.556476
353.681843 8.882662 0.831113
353.969561 9.056545 1.118832
354.211509 9.202767 1.360780
354.486147 9.368744 1.635417
354.767325 9.538675 1.916595
355.048490 9.708597 2.197760
355.349277 9.890378 2.498547
355.584709 10.032662 2.733980
355.892024 10.218388 3.041294
356.094741 10.340908 3.244012
356.408571 10.530779 3.557841
356.663600 10.685516 3.812870
356.905535 10.832929 4.054805
357.199768 11.013387 4.349039
357.435188 11.159019 4.584459
357.696732 11.322479 4.846002
357.958263 11.488104 5.107534
358.219807 11.656391 5.369077
358.455214 11.810573 5.604485
358.749397 12.007551 5.898667
358.952089 12.146509 6.101359
359.226650 12.339658 6.375921
359.442360 12.495948 6.591630
359.690797 12.681642 6.840068
359.998137 12.921087 7.147408
360.220425 13.101984 7.369696
360.462322 13.307278 7.611593
360.750053 13.564560 7.899324
360.933136 13.736657 8.082407
361.168518 13.968761 8.317789
361.423496 14.235686 8.572767
361.658903 14.498381 8.808174
361.920511 14.811225 9.069781
362.129769 15.079433 9.279039
362.371729 15.412176 9.521000
362.620192 15.782529 9.769462
362.842531 16.142006 9.991801
363.032180 16.472305 10.181450
363.267625 16.916621 10.416896
363.489964 17.375631 10.639235
363.666481 17.770865 10.815752
364.019681 18.656733 11.168952
364.346681 19.611112 11.495951
364.660586 20.675730 11.809857
364.954896 21.833840 12.104167
365.236176 23.114291 12.385446
365.510851 24.559256 12.660122
365.805110 26.359419 12.954381
366.099420 28.465953 13.248691
366.328338 30.346762 13.477608
366.563770 32.526974 13.713041
366.759998 34.548619 13.909269
366.956213 36.764384 14.105484
367.165484 39.345043 14.314754
367.433606 42.973597 14.582877
367.662485 46.340085 14.811756
367.897931 50.033528 15.047201
368.100686 53.374778 15.249957
368.303429 56.838413 15.452700
368.480023 59.935845 15.629293
368.682740 63.562885 15.832011
368.905079 67.604688 16.054349
369.081660 70.846536 16.230930
369.271334 74.347507 16.420605
369.460971 77.856948 16.610241
369.735621 82.941997 16.884891
369.912163 43.584162 16.708349
370.095285 29.109195 16.525227
370.284908 22.211039 16.335604
370.461489 18.177642 16.159023
370.664194 14.906957 15.956318
370.866937 12.473507 15.753575
371.108923 10.246899 15.511589
371.383585 8.299622 15.236927
371.579699 7.170504 15.040813
371.795561 6.112782 14.824951
372.200957 4.510486 14.419555
372.377513 3.931214 14.242999
372.612882 3.245021 14.007630
373.050956 2.173967 13.569556
373.279772 1.698336 13.340740
373.495494 1.292055 13.125018
373.789651 0.793509 12.830861
374.044616 0.405014 12.575896
374.253836 0.111898 12.366676
374.547994 -0.266767 12.072518
374.776810 -0.538000 11.843702
375.012141 -0.798635 11.608372
375.299796 -1.095380 11.320716
375.574408 -1.359396 11.046104
375.835901 -1.595801 10.784611
376.090955 -1.814217 10.529557
376.365592 -2.037795 10.254920
376.581391 -2.206118 10.039121
376.842973 -2.402611 9.777539
377.058809 -2.559281 9.561703
377.307323 -2.734349 9.313189
377.582049 -2.922145 9.038463
377.850171 -3.100475 8.770341
378.151022 -3.295694 8.469490
378.432225 -3.474302 8.188287
378.713429 -3.649874 7.907083
379.020730 -3.838972 7.599782
379.314989 -4.017953 7.305523
379.589665 -4.183657 7.030847
379.903520 -4.371890 6.716992
380.145493 -4.516515 6.475019
380.400497 -4.668718 6.220015
380.688215 -4.840407 5.932297
380.936691 -4.988680 5.683821
381.217856 -5.156459 5.402656
381.466344 -5.304739 5.154168
381.714832 -5.453019 4.905680
382.002538 -5.624701 4.617974
382.283703 -5.792481 4.336809
382.571396 -5.964155 4.049116
382.826425 -6.116338 3.794087
383.094548 -6.276334 3.525965
383.369172 -6.440211 3.251340
383.663406 -6.615788 2.957106
383.885732 -6.748457 2.734780
384.193072 -6.931855 2.427440
384.487318 -7.107441 2.133194
384.729253 -7.251810 1.891259
385.030053 -7.431306 1.590459
385.278541 -7.579586 1.341971
385.572813 -7.755186 1.047699
385.821288 -7.903458 0.799224
386.115547 -8.079054 0.504965
386.409819 -8.254821 0.210693
386.638711 -8.391906 -0.018199
386.893714 -8.545303 -0.273202
387.142215 -8.695779 -0.521703
387.403772 -8.855597 -0.783260
387.671894 -9.021412 -1.051382
387.953072 -9.198035 -1.332560
388.181952 -9.344337 -1.561440
388.430440 -9.506257 -1.809928
388.750797 -9.720675 -2.130285
389.031975 -9.915159 -2.411463
389.234655 -10.059629 -2.614143
389.541982 -10.286665 -2.921470
389.777376 -10.468033 -3.156864
390.051976 -10.689117 -3.431464
390.346209 -10.939139 -3.725697
390.568536 -11.138418 -3.948024
390.823539 -11.379552 -4.203027
391.117823 -11.676925 -4.497311
391.327030 -11.902520 -4.706518
391.568965 -12.180145 -4.948453
391.863237 -12.545400 -5.242725
392.078972 -12.835114 -5.458460
392.301324 -13.155819 -5.680812
392.549774 -13.544189 -5.929262
392.857114 -14.075125 -6.236602
393.242952 -14.835861 -6.622440
393.452223 -15.300392 -6.831711
393.661494 -15.807472 -7.040982
394.001523 -16.736742 -7.381011
394.197688 -17.341659 -7.577176
394.374243 -17.935792 -7.753731
394.701268 -19.180069 -8.080756
394.995527 -20.488511 -8.375015
395.276756 -21.941294 -8.656244
395.564462 -23.673288 -8.943950
395.865274 -25.803317 -9.244762
396.120303 -27.912395 -9.499790
396.342667 -30.014665 -9.722155
396.565006 -32.393355 -9.944494
396.793923 -35.161546 -10.173411
397.003156 -37.997046 -10.382644
397.310559 -42.718951 -10.690047
397.559047 -47.021825 -10.938535
397.774871 -51.094620 -11.154359
397.997223 -55.586100 -11.376711
398.226140 -60.480151 -11.605628
398.441951 -65.298668 -11.821439
398.625060 -69.508937 -12.004548
398.821262 -74.113491 -12.200750
399.010911 -78.629711 -12.390399
399.187492 -82.872709 -12.566980
399.396750 -87.927095 -12.776238
399.586387 -92.516055 -12.965874
399.789142 -97.422884 -13.168630
399.972263 -52.277637 -12.985509
400.155397 -33.912069 -12.802375
400.332004 -25.627934 -12.625768
400.521627 -20.105737 -12.436145
400.724383 -16.031349 -12.233389
400.940207 -12.851931 -12.017565
401.129856 -10.677635 -11.827916
401.365339 -8.518887 -11.592433
401.581137 -6.915598 -11.376635
401.836306 -5.354093 -11.121466
402.111299 -3.971591 -10.846473
402.490711 -2.434712 -10.467061
402.915755 -1.076992 -10.042017
403.190367 -0.349897 -9.767405
403.458401 0.271643 -9.499371
403.700259 0.770714 -9.257513
403.994442 1.312079 -8.963330
404.340886 1.873339 -8.616886
404.615434 2.269783 -8.342338
404.870361 2.605868 -8.087411
405.138382 2.930782 -7.819390
405.406416 3.230673 -7.551356
405.674398 3.508998 -7.283374
405.968581 3.793314 -6.989191
406.216930 4.018452 -6.740843
406.524206 4.280882 -6.433566
406.726822 4.445444 -6.230950
406.994881 4.654195 -5.962891
407.223671 4.825284 -5.734101
407.452487 4.990715 -5.505285
407.700975 5.164768 -5.256797
407.929817 5.320583 -5.027955
408.184845 5.489887 -4.772927
408.479104 5.680435 -4.478668
408.779878 5.870840 -4.177894
409.067584 6.049671 -3.890188
409.348762 6.222005 -3.609010
409.643009 6.400399 -3.314764
409.898025 6.553844 -3.059747
410.205326 6.737822 -2.752446
410.506126 6.917411 -2.451646
410.800372 7.092996 -2.157400
411.061916 7.249067 -1.895856
411.310392 7.397339 -1.647380
411.578476 7.557313 -1.379296
411.892306 7.744584 -1.065467
412.166994 7.908498 -0.790778
412.467768 8.087978 -0.490004
412.755474 8.259661 -0.202298
413.023571 8.419642 0.065799
413.304761 8.587436 0.346989
413.585914 8.755208 0.628142
413.847483 8.911294 0.889711
414.128674 9.079088 1.170902
414.396771 9.239069 1.438999
414.645246 9.387342 1.687474
414.926424 9.555129 1.968652
415.188019 9.711230 2.230247
415.443022 9.863397 2.485250
415.704604 10.019491 2.746832
415.966135 10.175554 3.008363
416.234245 10.335543 3.276473
416.502329 10.495592 3.544557
416.790061 10.667713 3.832289
417.071239 10.836571 4.113467
417.319689 10.986594 4.361917
417.600867 11.157659 4.643095
417.836261 11.302215 4.878489
418.097856 11.464659 5.140084
418.372455 11.637670 5.414683
418.647093 11.813800 5.689321
418.889053 11.972030 5.931281
419.189853 12.173476 6.232081
419.477533 12.371932 6.519761
419.699859 12.529837 6.742087
420.000570 12.750725 7.042798
420.216343 12.915144 7.258571
420.458240 13.106201 7.500468
420.719745 13.321832 7.761973
420.981289 13.548283 8.023517
421.255914 13.799390 8.298142
421.471700 14.007600 8.513928
421.752903 14.295383 8.795131
422.014396 14.582044 9.056624
422.256369 14.866047 9.298597
422.491789 15.162034 9.534017
422.687953 15.425355 9.730181
422.942969 15.793322 9.985197
423.178376 16.162133 10.220604
423.407256 16.551306 10.449484
423.695000 17.089798 10.737228
424.061166 17.868871 11.103394
424.276990 18.386232 11.319218
424.453583 18.846733 11.495811
424.819826 19.926010 11.862054
425.166434 21.132497 12.208662
425.480378 22.416680 12.522606
425.742037 23.654590 12.784265
426.042887 25.302345 13.085115
426.225970 26.440734 13.268198
426.474496 28.173645 13.516724
426.664184 29.657522 13.706411
426.912684 31.834903 13.954912
427.102410 33.689207 14.144638
427.311668 35.937909 14.353896
427.573326 39.057894 14.615554
427.762975 41.531835 14.805203
427.972258 44.460170 15.014486
428.174976 47.480068 15.217204
428.416974 51.293385 15.459202
428.632836 54.855648 15.675064
428.868230 58.877039 15.910458
429.057880 62.196304 16.100108
429.267176 65.918848 16.309403
429.443744 69.093006 16.485972
429.653014 72.879632 16.695242
429.862247 76.678489 16.904475
430.091139 80.836911 17.133367
430.293894 84.520494 17.336122
430.483543 87.965966 17.525771
430.915140 92.953693 17.957368
431.196331 91.732944 18.238559
431.477509 90.512251 18.519737
431.726010 89.433420 18.768238
431.954877 88.439828 18.997104
432.229539 87.247418 19.271767
432.491096 86.111908 19.533324
432.772274 84.891215 19.814502
433.046911 83.698915 20.089139
433.328089 82.478221 20.370317
433.609280 81.257472 20.651508
433.857781 80.178642 20.900009
434.053945 79.327023 21.096173
434.263190 38.959650 20.886928
434.459380 27.452942 20.690738
434.649055 21.876564 20.501064
434.845231 18.121495 20.304887
435.028404 15.563731 20.121715
435.224644 13.436624 19.925474
435.407778 11.835930 19.742341
435.623653 10.284045 19.526466
435.839375 8.998174 19.310744
436.140212 7.525451 19.009906
436.316780 6.793407 18.833338
436.539119 5.980191 18.610999
436.853038 4.996668 18.297080
437.094960 4.343448 18.055158
437.363006 3.704849 17.787112
437.598376 3.205320 17.551743
437.853353 2.718181 17.296765
438.121362 2.257286 17.028757
438.317475 1.948514 16.832643
438.605155 1.532958 16.544963
438.833959 1.230072 16.316160
439.160793 0.833633 15.989325
439.402690 0.563953 15.747428
439.664208 0.292001 15.485910
439.906118 0.056389 15.244001
440.174177 -0.188971 14.975942
440.422640 -0.403376 14.727479
440.677605 -0.611914 14.472514
440.912999 -0.795283 14.237119
441.115742 -0.946907 14.034376
441.351162 -1.116388 13.798956
441.593097 -1.283945 13.557021
441.808895 -1.428334 13.341223
442.057409 -1.589324 13.092709
442.279748 -1.729061 12.870370
442.482478 -1.853304 12.667640
442.776737 -2.028860 12.373381
443.031753 -2.176966 12.118365
443.332603 -2.347525 11.817515
443.653012 -2.524929 11.497107
443.908040 -2.663476 11.242078
444.195759 -2.817397 10.954360
444.463894 -2.958920 10.686224
444.764693 -3.115867 10.385425
445.013169 -3.244332 10.136950
445.307466 -3.395397 9.842652
445.601687 -3.545527 9.548431
445.876350 -3.685108 9.273769
446.137894 -3.817701 9.012225
446.360233 -3.930292 8.789886
446.634857 -4.069328 8.515261
446.935644 -4.221608 8.214474
447.203728 -4.357332 7.946390
447.498000 -4.506314 7.652118
447.753016 -4.635422 7.397102
448.066909 -4.794338 7.083209
448.308870 -4.916836 6.841249
448.596601 -5.062506 6.553517
448.871226 -5.201542 6.278893
449.139323 -5.337272 6.010796
449.407407 -5.472996 5.742711
449.675504 -5.608726 5.474614
449.924018 -5.734542 5.226101
450.231332 -5.890127 4.918786
450.479833 -6.015937 4.670285
450.728321 -6.141740 4.421797
451.035636 -6.297325 4.114483
451.264490 -6.413188 3.885629
451.486854 -6.525765 3.663264
451.787641 -6.678045 3.362477
452.068806 -6.820392 3.081312
452.323835 -6.949506 2.826283
452.598498 -7.088560 2.551620
452.846986 -7.214363 2.303132
453.167394 -7.376595 1.982724
453.415883 -7.502552 1.734236
453.657843 -7.625487 1.492275
453.919400 -7.758889 1.230719
454.200565 -7.903137 0.949554
454.455606 -8.034993 0.694512
454.684473 -8.154348 0.465645
455.031069 -8.337419 0.119050
455.253408 -8.456638 -0.103289
455.475746 -8.577509 -0.325628
455.756899 -8.733100 -0.606781
456.018494 -8.881059 -0.868375
456.286591 -9.036401 -1.136472
456.528538 -9.180279 -1.378420
456.809716 -9.352511 -1.659598
457.058217 -9.509836 -1.908099
457.339383 -9.694424 -2.189264
457.561709 -9.845954 -2.411590
457.836308 -10.040775 -2.686190
458.032510 -10.185745 -2.882392
458.320216 -10.408084 -3.170098
458.568666 -10.610521 -3.418548
458.823695 -10.829651 -3.673577
459.059051 -11.043263 -3.908933
459.301075 -11.275658 -4.150957
459.569122 -11.549908 -4.419003
459.765298 -11.763138 -4.615180
460.020365 -12.058037 -4.870247
460.242717 -12.333193 -5.092598
460.445396 -12.600324 -5.295278
460.706965 -12.970722 -5.556847
460.922776 -13.300597 -5.772658
461.105872 -13.599619 -5.955754
461.308577 -13.953313 -6.158459
461.537495 -14.384470 -6.387376
461.727131 -14.769967 -6.577013
461.936363 -15.228495 -6.786245
462.282972 -16.075569 -7.132853
462.472596 -16.591794 -7.322477
462.799595 -17.584860 -7.649477
462.982742 -18.205964 -7.832623
463.309665 -19.450770 -8.159547
463.675844 -21.091635 -8.525726
463.865481 -22.063458 -8.715362
464.198983 -24.014351 -9.048864
464.480173 -25.941288 -9.330055
464.794079 -28.458737 -9.643961
465.075283 -31.100884 -9.925164
465.395716 -34.632189 -10.245598
465.650758 -37.889530 -10.500639
465.866518 -40.979851 -10.716400
466.056180 -43.958665 -10.906061
466.252357 -47.298102 -11.102238
466.513939 -52.143669 -11.363820
466.742793 -56.719352 -11.592674
466.925939 -60.577605 -11.775821
467.109073 -64.582464 -11.958955
467.311778 -69.153903 -12.161660
467.488346 -73.227506 -12.338228
467.691026 -77.978929 -12.540907
467.880675 -82.473070 -12.730556
468.076826 -87.148145 -12.926708
468.351527 -93.708505 -13.201409
468.528070 -97.924956 -13.377951
468.737328 -102.922760 -13.587209
469.005425 -109.325845 -13.855306
469.214695 -109.853687 -14.064577
469.456618 -108.803416 -14.306499
469.744349 -107.554272 -14.594230
469.992824 -106.475552 -14.842706
470.260934 -105.311592 -15.110816
470.496341 -104.289606 -15.346223
470.731748 -103.267619 -15.581630
470.999896 -102.103494 -15.849778
471.254912 -100.996379 -16.104794
471.490307 -99.974447 -16.340188
471.764970 -98.782038 -16.614851
472.000390 -97.759996 -16.850271
472.190102 -53.938837 -16.660559
472.366683 -37.450149 -16.483978
472.549817 -29.200166 -16.300844
472.752585 -23.524441 -16.098076
472.935770 -19.893793 -15.914891
473.145104 -16.737755 -15.705557
473.328276 -14.542532 -15.522384
473.517951 -12.657686 -15.332710
473.760013 -10.668617 -15.090648
473.962755 -9.271278 -14.887905
474.263758 -7.531777 -14.586903
474.597476 -5.952391 -14.253185
474.800359 -5.129493 -14.050302
474.996675 -4.413067 -13.853986
475.264874 -3.540706 -13.585787
475.487314 -2.895747 -13.363346
475.703240 -2.327381 -13.147421
475.977852 -1.674705 -12.872809
476.226264 -1.142267 -12.624397
476.507353 -0.596349 -12.343308
476.781914 -0.112872 -12.068746
477.049922 0.318243 -11.800738
477.272172 0.649007 -11.578488
477.566342 1.054142 -11.284318
477.867040 1.434609 -10.983620
478.128533 1.741334 -10.722127
478.396516 2.035187 -10.454145
478.657984 2.304166 -10.192677
478.926030 2.563763 -9.924631
479.174366 2.791246 -9.676295
479.468586 3.046332 -9.382074
479.677717 3.219099 -9.172943
479.919614 3.410961 -8.931046
480.161511 3.595064 -8.689149
480.370718 3.748609 -8.479942
480.632287 3.933878 -8.218373
480.841495 4.077182 -8.009166
481.076876 4.233724 -7.773784
481.325365 4.394095 -7.525296
481.626151 4.582212 -7.224509
481.894248 4.744958 -6.956412
482.181954 4.915055 -6.668706
482.469660 5.081003 -6.381001
482.711595 5.217722 -6.139066
482.986220 5.370161 -5.864441
483.247764 5.512950 -5.602897
483.502780 5.650221 -5.347881
483.803554 5.809989 -5.047107
484.117434 5.974646 -4.733226
484.372437 6.107125 -4.478223
484.640534 6.245385 -4.210126
484.928228 6.392814 -3.922433
485.215959 6.539521 -3.634702
485.490622 6.679069 -3.360039
485.778327 6.824913 -3.072333
486.020250 6.947416 -2.830411
486.353752 7.116259 -2.496909
486.641470 7.261924 -2.209190
486.883405 7.384409 -1.967255
487.158030 7.523444 -1.692631
487.432655 7.662479 -1.418006
487.687709 7.791606 -1.162952
487.975415 7.937264 -0.875246
488.223890 8.063061 -0.626770
488.524702 8.215354 -0.325958
488.747003 8.327899 -0.103657
489.034747 8.473576 0.184086
489.296240 8.605963 0.445580
489.518604 8.718540 0.667944
489.806323 8.864204 0.955662
490.080935 9.003233 1.230274
490.355585 9.142281 1.504925
490.610614 9.271395 1.759953
490.898332 9.417060 2.047672
491.146808 9.542856 2.296147
491.441092 9.691844 2.590432
491.709202 9.827581 2.858541
491.957652 9.953365 3.106991
492.212668 10.082473 3.362007
492.461169 10.208282 3.610508
492.748875 10.353940 3.898214
493.010419 10.486353 4.159758
493.239298 10.602228 4.388637
493.513923 10.741263 4.663262
493.775492 10.873706 4.924831
494.043589 11.009537 5.192928
494.318227 11.148856 5.467566
494.619026 11.301758 5.768365
494.815152 11.401691 5.964492
495.083262 11.538693 6.232601
495.357887 11.679597 6.507226
495.580226 11.794189 6.729565
495.828638 11.922860 6.977977
496.083628 12.055759 7.232967
496.325487 12.182698 7.474826
496.567435 12.310669 7.716774
496.828966 12.450259 7.978305
497.116595 12.605502 8.265935
497.345526 12.730522 8.494865
497.600440 12.871444 8.749779
497.809698 12.988621 8.959037
498.090850 13.148421 9.240190
498.358947 13.303615 9.508287
498.555112 13.419101 9.704451
498.790532 13.560072 9.939871
499.032492 13.707919 10.181831
499.241724 13.838424 10.391064
499.470629 13.984291 10.619969
499.725683 14.150999 10.875023
499.993793 14.331492 11.143132
500.196510 14.471900 11.345850
500.464595 14.663332 11.613934
500.700027 14.837388 11.849367
500.909285 14.997224 12.058625
501.112015 15.157105 12.261355
501.354014 15.355042 12.503353
501.582881 15.550029 12.732220
501.779070 15.723790 12.928410
502.021018 15.947315 13.170357
502.217169 16.136726 13.366509
502.432993 16.354451 13.582332
502.629208 16.561655 13.778548
502.831951 16.785900 13.981290
503.067345 17.060499 14.216685
503.296238 17.343763 14.445577
503.518538 17.635940 14.667878
503.734311 17.937423 14.883651
503.943582 18.248511 15.092921
504.165959 18.601534 15.315298
504.381745 18.968765 15.531084
504.623718 19.413071 15.773057
504.813316 19.788126 15.962655
505.022587 20.232915 16.171926
505.199180 20.636220 16.348519
505.447668 21.252571 16.597008
505.650424 21.803217 16.799763
505.892359 22.524522 17.041698
506.127791 23.303282 17.277131
506.337062 24.068526 17.486401
506.592065 25.108026 17.741405
506.794795 26.030378 17.944135
507.049837 27.329716 18.199176
507.285244 28.685866 18.434583
507.494515 30.034551 18.643854
507.742990 31.830954 18.892329
507.984925 33.802575 19.134265
508.351180 37.234635 19.500520
508.632358 40.238651 19.781698
508.933221 43.782154 20.082561
509.227544 47.526409 20.376883
509.449896 50.496034 20.599235
509.639570 53.099285 20.788909
509.842313 55.931514 20.991652
510.058111 58.980920 21.207451
510.306638 62.512162 21.455977
510.574747 66.324516 21.724087
510.770962 69.114573 21.920302
510.960662 34.552457 21.730602
511.137294 25.462058 21.553970
511.313849 20.777952 21.377415
511.510115 17.378625 21.181149
511.712909 14.859747 20.978355
511.896043 13.097086 20.795221
512.131551 11.290798 20.559712
512.314635 10.137802 20.376629
512.523918 9.015709 20.167346
512.837836 7.622085 19.853427
513.210581 6.290456 19.480682
513.583238 5.207101 19.108026
513.838279 4.572346 18.852985
514.106325 3.979069 18.584939
514.335154 3.522553 18.356110
514.590094 3.059672 18.101170
514.812344 2.689961 17.878920
515.060819 2.308807 17.630445
515.315746 1.948435 17.375518
515.570673 1.615053 17.120591
515.819098 1.312847 16.872166
516.106753 0.987325 16.584511
516.361705 0.718005 16.329558
516.610143 0.470838 16.081121
516.838984 0.255051 15.852280
517.152814 -0.024456 15.538450
517.394787 -0.228438 15.296477
517.662884 -0.444062 15.028380
517.872167 -0.605551 14.819097
518.127171 -0.795028 14.564093
518.342969 -0.949690 14.348295
518.663390 -1.170733 14.027874
518.905363 -1.331543 13.785901
519.219231 -1.533193 13.472033
519.631282 -1.787508 13.059981
519.892839 -1.943594 12.798425
520.206707 -2.126129 12.484557
520.514021 -2.300406 12.177243
520.834468 -2.478039 11.856796
521.154889 -2.652030 11.536375
521.436054 -2.802106 11.255210
521.789177 -2.987633 10.902086
522.135735 -3.166985 10.555529
522.423492 -3.314181 10.267772
522.750415 -3.479828 9.940849
523.044687 -3.627733 9.646577
523.325865 -3.768193 9.365399
523.587421 -3.898237 9.103843
523.875127 -4.040746 8.816137
524.162833 -4.182836 8.528431
524.430930 -4.314983 8.260334
524.705593 -4.450216 7.985671
524.986809 -4.588620 7.704455
525.241799 -4.714114 7.449464
525.503356 -4.842839 7.187908
525.758385 -4.968352 6.932879
526.033060 -5.103534 6.658204
526.301132 -5.235466 6.390132
526.543105 -5.354553 6.148159
526.843904 -5.502592 5.847359
527.092380 -5.624879 5.598884
527.406235 -5.779344 5.285029
527.661264 -5.904856 5.030000
527.929361 -6.036801 4.761903
528.230186 -6.184852 4.461078
528.478661 -6.307140 4.212603
528.772895 -6.451947 3.918369
529.047545 -6.587117 3.643719
529.322233 -6.722305 3.369031
529.583764 -6.851018 3.107499
529.884551 -6.999050 2.806713
530.146108 -7.127776 2.545156
530.433852 -7.269389 2.257412
530.695408 -7.398115 1.995856
530.956965 -7.526840 1.734299
531.225074 -7.658791 1.466190
531.493171 -7.790735 1.198093
531.754740 -7.919467 0.936523
532.022863 -8.051423 0.668401
532.343271 -8.209113 0.347993
532.617909 -8.344292 0.073355
532.872950 -8.469918 -0.181686
533.121438 -8.592494 -0.430174
533.402654 -8.731545 -0.711391
533.651117 -8.854806 -0.959853
533.932295 -8.994901 -1.241031
534.174268 -9.116102 -1.483004
534.475080 -9.267788 -1.783817
534.697407 -9.380754 -2.006143
534.985125 -9.528225 -2.293861
535.240141 -9.660328 -2.548877
535.449361 -9.769829 -2.758097
535.723986 -9.915300 -3.032722
536.011704 -10.070110 -3.320440
536.299397 -10.227714 -3.608134
536.547835 -10.366372 -3.856571
536.763659 -10.488977 -4.072395
537.051352 -10.655871 -4.360088
537.280206 -10.791763 -4.588942
537.561396 -10.962974 -4.870133
537.816374 -11.122714 -5.125110
538.064875 -11.282961 -5.373611
538.267567 -11.417335 -5.576303
538.568430 -11.623506 -5.877166
538.797297 -11.786260 -6.106033
539.052300 -11.974284 -6.361036
539.287733 -12.154755 -6.596469
539.549302 -12.363814 -6.858038
539.758560 -12.538182 -7.067296
539.993967 -12.742650 -7.302703
540.235915 -12.962855 -7.544651
540.458254 -13.175091 -7.766990
540.700214 -13.417897 -8.008950
540.909510 -13.638844 -8.218246
541.125258 -13.878236 -8.433994
541.314932 -14.099334 -8.623668
541.556918 -14.397259 -8.865654
541.766150 -14.670573 -9.074887
541.988464 -14.978599 -9.297200
542.165083 -15.237479 -9.473819
542.380856 -15.572430 -9.689592
542.590088 -15.918746 -9.898824
542.812415 -16.312417 -10.121151
542.988995 -16.645851 -10.297731
543.185160 -17.039985 -10.493896
543.387864 -17.476094 -10.696600
543.584067 -17.929039 -10.892803
543.956799 -18.884882 -11.265535
544.257636 -19.762504 -11.566373
544.453788 -20.394299 -11.762524
544.774222 -21.543845 -12.082958
545.094681 -22.863849 -12.403417
545.284304 -23.738600 -12.593041
545.591644 -25.328873 -12.900381
545.918581 -27.293719 -13.227317
546.219393 -29.395755 -13.528129
546.428663 -31.049340 -13.737400
546.762153 -34.051698 -14.070889
547.049871 -37.041791 -14.358607
547.311440 -40.103920 -14.620176
547.566507 -43.410592 -14.875243
547.782331 -46.448506 -15.091067
547.978508 -49.387608 -15.287244
548.168170 -52.374006 -15.476906
548.364347 -55.593168 -15.673083
548.540889 -58.585063 -15.849625
548.737117 -61.995089 -16.045853
548.939834 -65.588733 -16.248570
549.122943 -68.878323 -16.431679
549.325673 -72.550650 -16.634409
549.528403 -76.238776 -16.837139
549.874935 -82.548664 -17.183671
550.058069 -43.181267 -17.000538
550.260825 -29.274018 -16.797782
550.457078 -22.940149 -16.601529
550.653318 -18.855755 -16.405289
550.869206 -15.634140 -16.189401
551.052390 -13.522202 -16.006216
551.248656 -11.677980 -15.809951
551.425288 -10.286213 -15.633319
551.654256 -8.761815 -15.404351
551.883199 -7.476951 -15.175408
552.066384 -6.582792 -14.992223
552.243168 -5.811385 -14.815439
552.439484 -5.042645 -14.619122
552.616167 -4.417739 -14.442440
552.943255 -3.398630 -14.115351
553.211390 -2.672489 -13.847216
553.440295 -2.116318 -13.618312
553.695438 -1.554758 -13.363169
553.976540 -0.996623 -13.082067
554.211896 -0.571102 -12.846710
554.466811 -0.147257 -12.591796
554.754440 0.290875 -12.304166
555.015908 0.657126 -12.042699
555.310091 1.037586 -11.748516
555.571546 1.351132 -11.487061
555.813405 1.623022 -11.245202
556.114102 1.939550 -10.944504
556.342918 2.166187 -10.715689
556.617442 2.423681 -10.441165
556.911612 2.684037 -10.146995
557.166539 2.898070 -9.892068
557.401870 3.087088 -9.656737
557.663325 3.288397 -9.395282
557.879060 3.448253 -9.179547
558.160199 3.648921 -8.898407
558.356326 3.784239 -8.702281
558.598261 3.946366 -8.460346
558.872885 4.124561 -8.185721
559.127939 4.285049 -7.930667
559.402539 4.453000 -7.656068
559.670636 4.612637 -7.387971
559.958367 4.779714 -7.100240
560.285303 4.964838 -6.773304
560.546847 5.109749 -6.511760
560.841106 5.269813 -6.217501
561.115743 5.416703 -5.942863
561.429586 5.581988 -5.629021
561.736926 5.741556 -5.321681
561.972346 5.862464 -5.086261
562.292729 6.025441 -4.765878
562.508514 6.134339 -4.550092
562.815880 6.288448 -4.242727
563.129697 6.444797 -3.928910
563.358589 6.558336 -3.700018
563.679010 6.716749 -3.379597
563.934026 6.842513 -3.124581
564.228298 6.987431 -2.830309
564.535638 7.138695 -2.522969
564.771032 7.254545 -2.287575
565.071819 7.402577 -1.986788
565.352997 7.540960 -1.705610
565.634175 7.679342 -1.424432
565.895731 7.808067 -1.162875
566.137679 7.927142 -0.920928
566.425398 8.068743 -0.633209
566.673873 8.191031 -0.384734
566.974673 8.339069 -0.083934
567.255812 8.477433 0.197206
567.452002 8.573988 0.393395
567.752776 8.722014 0.694169
568.020873 8.853959 0.962266
568.275889 8.979465 1.217282
568.511258 9.095302 1.452651
568.812070 9.243347 1.753464
569.099776 9.384942 2.041169
569.361358 9.513680 2.302751
569.603280 9.632742 2.544674
569.871365 9.764681 2.812758
570.119853 9.886974 3.061246
570.381435 10.015712 3.322828
570.629898 10.137994 3.571291
570.917642 10.279607 3.859035
571.133389 10.385788 4.074782
571.421146 10.527407 4.362539
571.676149 10.652908 4.617542
571.898475 10.762326 4.839868
572.179653 10.900708 5.121046
572.434682 11.026235 5.376075
572.696264 11.155054 5.637657
572.938186 11.274305 5.879579
573.258607 11.432511 6.200000
573.461325 11.532809 6.402718
573.722868 11.662521 6.664262
573.984399 11.792651 6.925793
574.265539 11.933114 7.206932
574.514002 12.057844 7.455395
574.755886 12.179896 7.697279
574.984740 12.296022 7.926133
575.265868 12.439662 8.207261
575.547058 12.584581 8.488451
575.802049 12.717225 8.743442
576.057039 12.851189 8.998433
576.253229 12.955260 9.194622
576.527854 13.102558 9.469247
576.769789 13.234056 9.711182
577.018277 13.370995 9.959670
577.227484 13.487911 10.168877
577.475985 13.628908 10.417378
577.704864 13.761006 10.646258
577.953365 13.907096 10.894759
578.156045 14.028496 11.097438
578.456870 14.212789 11.398263
578.666127 14.344160 11.607521
578.901573 14.495397 11.842966
579.156576 14.663680 12.097969
579.378864 14.814544 12.320257
579.607744 14.974329 12.549137
579.823504 15.129463 12.764897
580.085137 15.324022 13.026530
580.274773 15.469862 13.216166
580.523261 15.667693 13.464654
580.758668 15.862825 13.700062
580.974467 16.048955 13.915860
581.183687 16.236665 14.125080
581.464915 16.501406 14.406308
581.667645 16.702001 14.609039
581.890010 16.932425 14.831403
582.099230 17.160132 15.040623
582.301972 17.391877 15.243365
582.563478 17.708646 15.504871
582.792370 18.004296 15.733763
582.995075 18.282109 15.936468
583.230520 18.625798 16.171913
583.439778 18.952353 16.381171
583.675173 19.346317 16.616566
583.897499 19.747470 16.838892
584.080607 20.101612 17.022001
584.302934 20.563929 17.244327
584.551434 21.128087 17.492828
584.780314 21.698297 17.721707
584.983031 22.249583 17.924424
585.218451 22.952088 18.159844
585.480033 23.823184 18.421426
585.708912 24.676116 18.650306
585.950847 25.684810 18.892241
586.192833 26.821189 19.134226
586.395563 27.885809 19.336956
586.611362 29.146990 19.552755
586.807564 30.421247 19.748957
587.049537 32.177876 19.990930
587.396107 35.083818 20.337501
587.696907 37.997375 20.638300
587.932352 40.526233 20.873745
588.180879 43.409773 21.122272
588.390200 45.983605 21.331593
588.612513 48.832032 21.553907
588.802163 51.331633 21.743556
588.978705 53.698362 21.920098
589.174895 56.356449 22.116288
589.351438 27.537905 21.939745
589.554218 19.905459 21.736964
589.730812 16.517027 21.560371
589.907482 14.196478 21.383701
590.129884 12.061293 21.161299
590.319622 10.656243 20.971561
590.594260 9.049643 20.696923
590.829692 7.945726 20.461491
591.006209 7.237149 20.284973
591.346328 6.084452 19.944855
591.562063 5.464885 19.729120
591.967485 4.473189 19.323698
592.196339 3.991485 19.094844
592.431683 3.542824 18.859500
592.719351 3.048138 18.571832
592.895893 2.769513 18.395290
593.131250 2.423476 18.159933
593.366581 2.102930 17.924602
593.647670 1.748874 17.643513
593.915729 1.436487 17.375454
594.170668 1.159198 17.120514
594.432161 0.892314 16.859021
594.667505 0.665518 16.623678
594.909402 0.444148 16.381781
595.223206 0.172651 16.067977
595.471656 -0.031196 15.819526
595.726685 -0.231403 15.564498
595.935918 -0.389501 15.355265
596.190934 -0.575425 15.100249
596.445988 -0.754659 14.845195
596.727178 -0.945292 14.564004
597.001854 -1.125201 14.289329
597.315760 -1.324032 13.975423
597.655828 -1.532253 13.635355
597.943521 -1.703276 13.347662
598.283576 -1.900116 13.007607
598.630146 -2.095547 12.661036
598.911337 -2.250754 12.379846
599.284044 -2.452448 12.007139
599.552166 -2.595061 11.739016
599.885643 -2.769926 11.405540
600.206013 -2.935642 11.085170
600.565665 -3.119417 10.725518
600.899205 -3.288051 10.391978
601.226179 -3.451967 10.065004
601.546613 -3.611497 9.744570
601.840859 -3.757203 9.450324
602.108943 -3.889425 9.182240
602.390096 -4.027664 8.901087
602.651665 -4.155974 8.639518
602.932843 -4.293672 8.358340
603.266358 -4.456813 8.024825
603.521374 -4.581501 7.769809
603.815620 -4.725366 7.475563
604.116394 -4.872423 7.174789
604.364933 -4.993941 6.926250
604.613396 -5.115421 6.677787
604.914195 -5.262490 6.376988
605.169224 -5.387181 6.121959
605.496186 -5.547042 5.794997
605.764295 -5.678128 5.526888
606.025839 -5.806004 5.265344
606.300477 -5.940282 4.990706
606.575127 -6.074566 4.716056
606.790874 -6.180051 4.500309
607.124376 -6.343110 4.166806
607.398988 -6.477375 3.892194
607.660570 -6.605270 3.630612
607.909033 -6.726750 3.382150
608.190211 -6.864226 3.100972
608.484496 -7.008110 2.806687
608.778742 -7.151975 2.512441
609.066473 -7.292655 2.224710
609.380354 -7.446120 1.910829
609.648451 -7.577200 1.642732
609.910020 -7.705089 1.381163
610.204291 -7.848966 1.086891
610.452780 -7.970459 0.838403
610.733945 -8.107929 0.557238
610.995514 -8.235817 0.295669
611.283271 -8.376517 0.007912
611.492478 -8.478858 -0.201295
611.780209 -8.619774 -0.489026
612.028735 -8.741734 -0.737553
612.290305 -8.870445 -0.999122
612.564955 -9.006104 -1.273772
612.865754 -9.155450 -1.574571
613.075012 -9.259928 -1.783829
613.375812 -9.411117 -2.084629
613.656952 -9.553692 -2.365769
613.944683 -9.701107 -2.653500
614.212767 -9.840040 -2.921584
614.480839 -9.980723 -3.189656
614.709693 -10.102397 -3.418510
614.964683 -10.239884 -3.673500
615.239308 -10.390491 -3.948125
615.513907 -10.544036 -4.222725
615.782055 -10.697174 -4.490872
616.036970 -10.846029 -4.745787
616.318198 -11.014385 -5.027016
616.560095 -11.163046 -5.268912
616.867423 -11.357655 -5.576240
617.135520 -11.533262 -5.844337
617.344778 -11.674517 -6.053595
617.612887 -11.861412 -6.321704
617.848269 -12.031502 -6.557086
618.096757 -12.217782 -6.805574
618.351824 -12.416900 -7.060641
618.587231 -12.608497 -7.296048
618.855316 -12.836799 -7.564133
619.090748 -13.047082 -7.799565
619.358883 -13.298931 -8.067700
619.568103 -13.505501 -8.276920
619.810076 -13.756534 -8.518893
620.065118 -14.036638 -8.773935
620.293933 -14.302931 -9.002751
620.516298 -14.576722 -9.225115
620.745203 -14.875601 -9.454020
620.947958 -15.156209 -9.656775
621.150675 -15.453133 -9.859493
621.359921 -15.778445 -10.068738
621.562638 -16.113639 -10.271455
621.739206 -16.423191 -10.448023
621.968060 -16.851241 -10.676877
622.334201 -17.607482 -11.043018
622.680810 -18.418052 -11.389627
622.975094 -19.191966 -11.683911
623.315162 -20.202644 -12.023979
623.589799 -21.126032 -12.298616
623.785989 -21.853608 -12.494806
624.073707 -23.038546 -12.782525
624.354885 -24.353001 -13.063703
624.727605 -26.379891 -13.436422
625.002306 -28.119892 -13.711123
625.198470 -29.510538 -13.907287
625.525444 -32.140550 -14.234262
625.767405 -34.366415 -14.476222
626.028974 -37.066021 -14.737791
626.244798 -39.534948 -14.953615
626.447528 -42.056352 -15.156345
626.669892 -45.043139 -15.378709
626.918406 -48.638813 -15.627223
627.108055 -51.547687 -15.816872
627.323853 -55.006849 -16.032670
627.598516 -59.594989 -16.307333
627.833962 -63.650477 -16.542779
628.017045 -66.857678 -16.725862
628.206681 -70.211639 -16.915498
628.422518 -74.050713 -17.131335
628.651392 -78.129135 -17.360209
628.841125 -39.362693 -17.170476
629.050421 -26.884565 -16.961180
629.227014 -21.696053 -16.784587
629.423267 -17.858359 -16.588334
629.599899 -15.313156 -16.411702
629.802718 -13.029768 -16.208883
629.992456 -11.307930 -16.019145
630.227939 -9.556689 -15.783662
630.555041 -7.616259 -15.456560
630.790638 -6.471530 -15.220963
631.019746 -5.509505 -14.991855
631.373086 -4.250365 -14.638515
631.562811 -3.663738 -14.448790
631.745856 -3.146304 -14.265745
632.000948 -2.493139 -14.010653
632.236419 -1.950094 -13.775182
632.504630 -1.390657 -13.506971
632.772702 -0.884992 -13.238899
633.027604 -0.446509 -12.983997
633.328340 0.025411 -12.683261
633.576739 0.383161 -12.434862
633.831679 0.724127 -12.179922
634.158513 1.127427 -11.853088
634.348073 1.345971 -11.663528
634.661852 1.685957 -11.349749
634.910239 1.937919 -11.101362
635.178247 2.194745 -10.833354
635.498579 2.483564 -10.513022
635.746991 2.695462 -10.264610
636.008421 2.908321 -10.003180
636.276416 3.116824 -9.735185
636.544450 3.316544 -9.467151
636.779831 3.485383 -9.231770
637.015213 3.648674 -8.996388
637.302906 3.841444 -8.708695
637.551356 4.002479 -8.460245
637.806385 4.163058 -8.205216
638.074495 4.327222 -7.937106
638.381835 4.510161 -7.629766
638.649932 4.665659 -7.361669
638.957272 4.839774 -7.054329
639.199232 4.974072 -6.812369
639.526156 5.152099 -6.485445
639.813861 5.305893 -6.197740
640.068877 5.440242 -5.942724
640.369664 5.596618 -5.641937
640.605071 5.717623 -5.406530
640.918952 5.877337 -5.092649
641.200117 6.019050 -4.811484
641.461686 6.149918 -4.549915
641.775529 6.305919 -4.236072
642.024042 6.428801 -3.987559
642.298680 6.564077 -3.712921
642.573292 6.698918 -3.438309
642.913334 6.865484 -3.098267
643.161823 6.987037 -2.849778
643.475703 7.140506 -2.535898
643.743787 7.271580 -2.267814
644.031506 7.412254 -1.980095
644.312684 7.549730 -1.698917
644.580768 7.680804 -1.430833
644.855431 7.815094 -1.156170
645.084285 7.926987 -0.927316
645.365463 8.064463 -0.646138
645.653182 8.205137 -0.358419
645.921279 8.336217 -0.090322
646.209023 8.476903 0.197421
646.450932 8.595179 0.439331
646.732110 8.732655 0.720509
646.993717 8.860562 0.982116
647.301007 9.010804 1.289406
647.529873 9.122704 1.518272
647.830673 9.269773 1.819072
648.039931 9.372085 2.028330
648.353799 9.525544 2.342198
648.615368 9.653432 2.603767
648.804991 9.746145 2.793390
649.112331 9.896412 3.100730
649.321551 9.998705 3.309950
649.641972 10.155368 3.630371
649.883882 10.273644 3.872281
650.119314 10.388754 4.107713
650.393927 10.523019 4.382326
650.622793 10.634919 4.611192
650.917052 10.778790 4.905451
651.152459 10.893887 5.140858
651.414029 11.021784 5.402428
651.682138 11.152936 5.670537
651.910967 11.264964 5.899366
652.166008 11.389979 6.154407
652.427501 11.518388 6.415900
652.695560 11.650338 6.683959
652.924389 11.763295 6.912788
653.212031 11.905788 7.200430
653.401629 12.000073 7.390028
653.689272 12.143757 7.677671
653.983518 12.291670 7.971917
654.186197 12.394183 8.174596
654.447678 12.527302 8.436077
654.715800 12.664942 8.704199
654.938101 12.780042 8.926500
655.232347 12.933936 9.220746
655.467754 13.058469 9.456153
655.722796 13.194972 9.711195
655.984314 13.336840 9.972713
656.213232 13.462769 10.201631
656.474763 13.608843 10.463162
656.723251 13.750036 10.711650
657.010957 13.916758 10.999356
657.194078 14.024866 11.182477
657.488299 14.202141 11.476698
657.723693 14.347453 11.712092
657.978773 14.508778 11.967172
658.168384 14.631537 12.156783
658.423400 14.800816 12.411799
658.684969 14.979894 12.673368
658.939960 15.160337 12.928359
659.175329 15.332564 13.163728
659.423766 15.520857 13.412165
659.685424 15.727140 13.673823
659.914304 15.914981 13.902703
660.149698 16.116114 14.138097
660.430864 16.368053 14.419263
660.868963 16.789637 14.857362
661.078221 17.005245 15.066620
661.294044 17.238540 15.282443
661.496762 17.468756 15.485161
661.712535 17.726790 15.700934
661.928359 17.999663 15.916758
662.163702 18.315929 16.152101
662.346811 18.576951 16.335210
662.595299 18.954527 16.583698
662.843825 19.362333 16.832224
663.079258 19.780237 17.067657
663.308125 20.219907 17.296524
663.537004 20.696984 17.525403
663.765884 21.216558 17.754282
663.988235 21.767671 17.976634
664.230183 22.426820 18.218582
664.439441 23.054109 18.427840
664.655226 23.764614 18.643625
664.890672 24.624384 18.879071
665.113011 25.529464 19.101410
665.315741 26.445163 19.304140
665.538092 27.562664 19.526491
665.740822 28.698258 19.729221
665.923931 29.830943 19.912330
666.159351 31.452577 20.147750
666.571339 34.788867 20.559738
666.891798 37.852794 20.880197
667.205691 41.242376 21.194090
667.414975 43.692330 21.403374
667.676556 46.928351 21.664955
667.912040 49.966322 21.900439
668.206337 53.869429 22.194736
668.461378 57.300812 22.449777
668.801446 61.891315 22.789845
669.108812 66.040546 23.097211
669.455369 69.135277 23.443768
669.730019 67.942923 23.718418
670.063521 66.495072 24.051920
670.423173 64.933697 24.411572
670.750147 63.514186 24.738546
671.057474 62.179968 25.045873
671.358274 60.874091 25.346673
671.724453 59.284377 25.712852
672.064495 57.808131 26.052894
672.417644 56.274986 26.406043
672.724946 54.940879 26.713345
673.071555 53.436129 27.059953
673.418150 51.931433 27.406549
673.640464 50.966291 27.628863
673.817095 25.436915 27.452231
673.993676 19.665490 27.275650
674.170270 16.581088 27.099057
674.353454 14.415283 26.915872
674.543091 12.747917 26.726236
674.758953 11.274160 26.510374
674.987832 10.029728 26.281494
675.229767 8.955585 26.039559
675.465212 8.080122 25.804114
675.667968 7.427398 25.601358
675.896847 6.778667 25.372479
676.295780 5.819137 24.973547
676.485442 5.422943 24.783885
676.746985 4.927035 24.522341
676.969312 4.544495 24.300015
677.237383 4.123370 24.031943
677.453093 3.811864 23.816234
677.727679 3.445589 23.541647
678.002253 3.108593 23.267073
678.257168 2.818334 23.012159
678.551401 2.506755 22.717925
678.793260 2.267130 22.476066
679.087468 1.993207 22.181858
679.296663 1.808890 21.972664
679.525466 1.616211 21.743861
679.800065 1.396057 21.469261
680.028983 1.220867 21.240344
680.316765 1.010274 20.952562
680.565253 0.836235 20.704073
680.839941 0.651403 20.429385
681.108089 0.477886 20.161237
681.454685 0.262650 19.814642
681.781634 0.067931 19.487693
682.082420 -0.104879 19.186906
682.415910 -0.290166 18.853417
682.821357 -0.507533 18.447969
683.167940 -0.687300 18.101386
683.494902 -0.852395 17.774425
683.834995 -1.020012 17.434331
684.214281 -1.202579 17.055046
684.521659 -1.347543 16.747668
684.848696 -1.499178 16.420630
685.227944 -1.672051 16.041383
685.541812 -1.812998 15.727515
685.809934 -1.932055 15.459392
686.130317 -2.072870 15.139010
686.489943 -2.229280 14.779384
686.875642 -2.395357 14.393685
687.228689 -2.546085 14.040637
687.581851 -2.695825 13.687476
687.908838 -2.833693 13.360489
688.261986 -2.981902 13.007340
688.647787 -3.143162 12.621539
688.935480 -3.263069 12.333846
689.301608 -3.415353 11.967718
689.563114 -3.523970 11.706212
689.890038 -3.659649 11.379289
690.177731 -3.779003 11.091596
690.491598 -3.909212 10.777728
690.785832 -4.031276 10.483494
691.034282 -4.134346 10.235044
691.341622 -4.261846 9.927704
691.583583 -4.362224 9.685744
691.851667 -4.473440 9.417660
692.139385 -4.592800 9.129941
692.433632 -4.714869 8.835695
692.701754 -4.826100 8.567572
692.996013 -4.948174 8.273313
693.257570 -5.056682 8.011757
693.519139 -5.165194 7.750188
693.767602 -5.268270 7.501725
694.101104 -5.406624 7.168223
694.369213 -5.517850 6.900113
694.624229 -5.623644 6.645097
694.938110 -5.753858 6.331217
695.212747 -5.867792 6.056579
695.487397 -5.981731 5.781929
695.762035 -6.095665 5.507292
696.036660 -6.209594 5.232667
696.298254 -6.318117 4.971072
696.559798 -6.426619 4.709528
696.854044 -6.548688 4.415282
697.096005 -6.649066 4.173322
697.370655 -6.763005 3.898671
697.645293 -6.876939 3.624034
697.952658 -7.004450 3.316669
698.214214 -7.112957 3.055112
698.488852 -7.226891 2.780474
698.737353 -7.329983 2.531974
699.005463 -7.441209 2.263864
699.280100 -7.555161 1.989226
699.522035 -7.655608 1.747291
699.803226 -7.772495 1.466101
700.058254 -7.878703 1.211072
700.359054 -8.004304 0.910273
700.601002 -8.105663 0.668325
700.882154 -8.223911 0.387172
701.137132 -8.331666 0.132194
701.431378 -8.456741 -0.162052
701.679854 -8.563064 -0.410527
701.941410 -8.675786 -0.672084
702.202967 -8.789443 -0.933640
702.464549 -8.904168 -1.195222
702.752229 -9.031714 -1.482903
702.994190 -9.140240 -1.724863
703.177273 -9.223193 -1.907946
703.504184 -9.373294 -2.234857
703.772331 -9.498511 -2.503005
704.059948 -9.635167 -2.790622
704.288853 -9.745840 -3.019527
704.563503 -9.881091 -3.294177
704.857762 -10.029276 -3.588436
705.073510 -10.140285 -3.804183
705.322011 -10.270849 -4.052684
705.609717 -10.425954 -4.340390
705.877826 -10.574669 -4.608500
706.158992 -10.735384 -4.889665
706.394386 -10.874030 -5.125060
706.675551 -11.044985 -5.406225
706.897878 -11.184649 -5.628551
707.211771 -11.389230 -5.942444
707.421003 -11.530832 -6.151677
707.715288 -11.737771 -6.445961
707.944154 -11.905544 -6.674828
708.218766 -12.115506 -6.949440
708.480386 -12.325133 -7.211060
708.722347 -12.528142 -7.453020
708.925077 -12.705585 -7.655750
709.186659 -12.945317 -7.917332
709.454756 -13.204794 -8.185429
709.683584 -13.438373 -8.414258
709.905961 -13.677055 -8.636635
710.160990 -13.966292 -8.891664
710.402963 -14.257531 -9.133637
710.788777 -14.759932 -9.519450
711.004575 -15.063769 -9.735249
711.220348 -15.385871 -9.951021
711.449189 -15.749415 -10.179863
711.802300 -16.360059 -10.532974
711.985421 -16.703283 -10.716095
712.175070 -17.080033 -10.905744
712.508572 -17.801146 -11.239246
712.855219 -18.641546 -11.585892
713.221373 -19.648451 -11.952046
713.522210 -20.584308 -12.252884
713.698778 -21.186245 -12.429452
713.881849 -21.856510 -12.612522
714.195717 -23.129069 -12.926390
714.378838 -23.952938 -13.109511
714.575015 -24.910997 -13.305688
714.954288 -27.017515 -13.684961
715.143899 -28.214742 -13.874572
715.536278 -31.052118 -14.266951
715.863252 -33.843948 -14.593926
716.039795 -35.533393 -14.770468
716.307930 -38.363287 -15.038603
716.556418 -41.281991 -15.287092
716.850715 -45.109521 -15.581389
717.073079 -48.256466 -15.803753
717.373866 -52.824893 -16.104540
717.661661 -57.473394 -16.392335
717.903621 -61.539507 -16.634295
718.080240 -64.572855 -16.810914
718.315698 -68.673525 -17.046372
718.544608 -72.695420 -17.275282
718.793100 -77.073608 -17.523774
719.015452 -80.991664 -17.746125
719.263953 -85.370497 -17.994626
719.518995 -89.864603 -18.249669
719.728237 -90.776321 -18.458910
719.989812 -89.640728 -18.720486
720.205620 -88.703832 -18.936293
720.460660 -87.596612 -19.191333
720.748383 -86.347501 -19.479057
720.990345 -85.297059 -19.721018
721.193072 -84.416947 -19.923746
721.467707 -83.224659 -20.198381
721.722745 -82.117450 -20.453419
721.932019 -81.208915 -20.662693
722.187053 -80.101722 -20.917727
722.396302 -79.193298 -21.126976
722.585944 -78.369997 -21.316617
722.788702 -40.156293 -21.113859
722.984952 -29.475956 -20.917609
723.168129 -24.306244 -20.734431
723.390553 -20.173437 -20.512007
723.567214 -17.754733 -20.335347
723.743898 -15.802676 -20.158663
723.946700 -13.957718 -19.955861
724.182204 -12.190901 -19.720357
724.404659 -10.791449 -19.497902
724.646733 -9.490443 -19.255828
724.908424 -8.283414 -18.994137
725.268289 -6.879992 -18.634272
725.510313 -6.066166 -18.392248
725.732658 -5.392622 -18.169903
725.935395 -4.831127 -17.967166
726.210107 -4.138770 -17.692454
726.458686 -3.570547 -17.443875
726.687661 -3.089273 -17.214900
726.955741 -2.570436 -16.946820
727.249960 -2.049130 -16.652601
727.491857 -1.653427 -16.410704
727.779499 -1.216701 -16.123061
728.093278 -0.777066 -15.809283
728.341676 -0.453018 -15.560885
728.583542 -0.155639 -15.319019
728.897327 0.206279 -15.005234
729.106509 0.434019 -14.796052
729.381013 0.718074 -14.521548
729.649027 0.980670 -14.253534
729.917042 1.230084 -13.985519
730.198105 1.478808 -13.704456
730.472660 1.710257 -13.429901
730.675276 1.874377 -13.227285
730.930265 2.073493 -12.972296
731.165626 2.250484 -12.736935
731.453380 2.458733 -12.449181
731.721430 2.645328 -12.181131
731.982995 2.821109 -11.919566
732.264131 3.003674 -11.638430
732.506099 3.155939 -11.396462
732.787268 3.327670 -11.115293
733.055335 3.486601 -10.847226
733.303789 3.630051 -10.598772
733.552264 3.770084 -10.350297
733.846498 3.931815 -10.056063
734.094999 4.065221 -9.807562
734.336896 4.192493 -9.565665
734.618048 4.337454 -9.284513
734.925350 4.492548 -8.977211
735.147689 4.602755 -8.754872
735.448450 4.749375 -8.454111
735.677330 4.859201 -8.225231
736.017360 5.019814 -7.885201
736.318146 5.159577 -7.584415
736.586243 5.282494 -7.316318
736.854328 5.403983 -7.048233
737.102829 5.515437 -6.799732
737.384019 5.640325 -6.518542
737.658644 5.761156 -6.243917
737.965984 5.895180 -5.936577
738.168676 5.982943 -5.733885
738.462948 6.109563 -5.439613
738.717951 6.218600 -5.184610
738.999142 6.338183 -4.903419
739.260698 6.448874 -4.641863
739.515714 6.556359 -4.386847
739.796905 6.674443 -4.105656
740.078058 6.792124 -3.824503
740.346116 6.904027 -3.556445
740.614252 7.015726 -3.288309
740.882310 7.127211 -3.020250
741.150382 7.238565 -2.752179
741.411900 7.347111 -2.490661
741.647257 7.444760 -2.255304
741.921869 7.558683 -1.980692
742.203034 7.675325 -1.699527
742.510349 7.802815 -1.392212
742.745756 7.900475 -1.156805
743.020343 8.014388 -0.882218
743.288414 8.125598 -0.614147
743.549958 8.234100 -0.352603
743.804974 8.339894 -0.097587
744.060003 8.445693 0.157442
744.315006 8.551482 0.412445
744.615768 8.676253 0.713207
744.870822 8.782063 0.968261
745.158527 8.901419 1.255966
745.393947 8.999083 1.491386
745.648951 9.104872 1.746390
745.903967 9.210666 2.001406
746.185132 9.327308 2.282571
746.440161 9.433107 2.537600
746.701679 9.541599 2.799118
746.982870 9.658251 3.080309
747.211762 9.753208 3.309201
747.492889 9.869834 3.590328
747.754420 9.978331 3.851859
748.002921 10.081422 4.100360
748.290690 10.200804 4.388129
748.571868 10.317451 4.669307
748.768045 10.398835 4.865484
749.029602 10.507343 5.127041
749.304239 10.621277 5.401678
749.578889 10.735216 5.676329
749.840421 10.843713 5.937860
750.154288 10.973922 6.251727
750.435466 11.090569 6.532905
750.644724 11.177380 6.742163
750.912809 11.288596 7.010248
751.154769 11.388973 7.252208
751.435922 11.505610 7.533361
751.743262 11.633111 7.840701
751.939451 11.714501 8.036890
752.174896 11.812177 8.272336
752.449521 11.926120 8.546960
752.750321 12.050953 8.847760
752.979213 12.145977 9.076652
753.260416 12.262772 9.357855
753.535066 12.376918 9.632506
753.770461 12.474822 9.867900
754.005919 12.572830 10.103358
754.247892 12.673644 10.345331
754.574866 12.810051 10.672305
754.810299 12.908415 10.907738
755.098068 13.028835 11.195507
755.346569 13.133012 11.444008
755.608151 13.242886 11.705590
755.863180 13.350240 11.960619
756.065910 13.435759 12.163349
756.333981 13.549111 12.431420
756.628266 13.673934 12.725705
756.922537 13.799201 13.019977
757.177553 13.908157 13.274992
757.419514 14.011911 13.516953
757.713760 14.138623 13.811199
757.968802 14.248973 14.066241
758.197681 14.348449 14.295120
758.433063 14.451226 14.530502
758.746956 14.589098 14.844395
758.988904 14.696058 15.086343
759.230851 14.803666 15.328290
759.479314 14.914901 15.576753
759.753977 15.038793 15.851416
760.041683 15.169700 16.139122
760.296712 15.286792 16.394151
760.551753 15.404961 16.649192
760.793713 15.518136 16.891152
761.002933 15.616896 17.100372
761.290715 15.754210 17.388154
761.552297 15.880616 17.649736
761.820381 16.011874 17.917820
762.068870 16.135213 18.166309
762.369682 16.286870 18.467121
762.618157 16.414247 18.715596
762.945119 16.585044 19.042558
763.200173 16.721025 19.297612
763.461742 16.863219 19.559181
763.729864 17.012116 19.827303
763.997987 17.164489 20.095426
764.279152 17.328373 20.376591
764.553828 17.492934 20.651267
764.848087 17.674639 20.945526
765.122737 17.849833 21.220176
765.430090 18.053036 21.527529
765.711318 18.246360 21.808757
765.985931 18.442776 22.083370
766.273687 18.657684 22.371126
766.587555 18.904103 22.684994
766.875299 19.142556 22.972738
767.169596 19.400671 23.267035
767.463830 19.675276 23.561269
767.731927 19.942102 23.829366
768.026198 20.256160 24.123637
768.340053 20.619838 24.437492
768.673517 21.045279 24.770956
768.980895 21.480887 25.078334
769.235899 21.880830 25.333338
769.504059 22.347327 25.601498
769.857157 23.051513 25.954596
770.118752 23.657209 26.216191
770.452267 24.566806 26.549706
770.753104 25.563512 26.850543
771.047325 26.759724 27.144764
771.393921 28.557654 27.491360
771.668571 30.377107 27.766010
772.021682 33.316447 28.119121
772.309400 36.142107 28.406839
772.512080 38.258889 28.609519
772.701881 18.474006 28.419717
772.930837 14.324163 28.190762
773.133592 12.316569 27.988006
773.316777 11.018836 27.804821
773.552286 9.743221 27.569312
773.787756 8.741497 27.333842
774.003542 7.983111 27.118056
774.219506 7.333897 26.902092
774.546708 6.502935 26.574890
774.867383 5.819300 26.254215
775.181454 5.242171 25.940144
775.456219 4.795369 25.665379
775.848801 4.230635 25.272797
776.136571 3.860966 24.985028
776.430842 3.514499 24.690756
776.770936 3.147341 24.350662
777.117519 2.803903 24.004079
777.496791 2.457739 23.624807
777.856405 2.153595 23.265193
778.183328 1.894406 22.938270
778.510264 1.649450 22.611334
778.909082 1.367327 22.212516
779.262168 1.130831 21.859430
779.660935 0.876689 21.460663
780.046659 0.642230 21.074939
780.432396 0.417490 20.689202
780.693889 0.270044 20.427709
781.007541 0.097877 20.114057
781.334325 -0.076576 19.787273
781.667725 -0.249908 19.453873
782.014296 -0.425618 19.107302
782.301963 -0.568344 18.819635
782.556865 -0.692661 18.564733
782.824772 -0.821318 18.296827
783.112414 -0.957353 18.009184
783.413175 -1.097467 17.708423
783.700868 -1.229635 17.420730
784.014711 -1.371932 17.106887
784.335081 -1.515345 16.786517
784.616246 -1.639814 16.505352
784.923574 -1.774512 16.198024
785.158981 -1.876813 15.962617
785.525122 -2.034557 15.596476
785.793181 -2.149085 15.328417
786.061265 -2.262889 15.060333
786.296660 -2.362263 14.824939
786.584327 -2.483062 14.537271
786.819709 -2.581425 14.301889
787.113943 -2.703832 14.007656
787.395095 -2.820283 13.726503
787.689303 -2.941661 13.432295
787.931188 -3.041124 13.190411
788.238388 -3.167067 12.883210
788.480310 -3.265984 12.641288
788.715578 -3.361984 12.406020
788.964002 -3.463167 12.157596
789.205849 -3.561512 11.915750
789.473869 -3.670344 11.647729
789.709200 -3.765786 11.412398
789.990315 -3.879683 11.131283
790.304106 -4.006704 10.817492
790.532897 -4.099262 10.588701
790.807496 -4.210312 10.314102
791.095189 -4.326633 10.026409
791.363248 -4.435011 9.758350
791.650954 -4.551332 9.470644
791.932081 -4.664994 9.189517
792.200216 -4.773403 8.921382
792.435624 -4.868579 8.685975
792.729845 -4.987535 8.391754
793.017563 -5.103861 8.104035
793.279158 -5.209626 7.842441
793.560298 -5.323293 7.561301
793.848016 -5.439619 7.273582
794.103045 -5.542729 7.018553
794.351508 -5.643184 6.770091
794.626170 -5.754232 6.495428
794.940038 -5.881131 6.181560
795.214727 -5.992189 5.906872
795.443581 -6.084717 5.678018
795.750908 -6.208971 5.370690
795.992830 -6.306782 5.128768
796.287089 -6.425753 4.834509
796.548671 -6.531512 4.572927
796.823309 -6.642550 4.298290
797.071784 -6.743010 4.049814
797.372545 -6.864610 3.749053
797.653723 -6.978293 3.467875
797.882565 -7.070815 3.239033
798.137606 -7.173930 2.983992
798.418797 -7.287617 2.702801
798.726124 -7.411871 2.395474
798.961569 -7.507064 2.160029
799.229666 -7.615457 1.891932
799.497751 -7.723845 1.623847
799.798576 -7.845471 1.323022
800.079804 -7.959174 1.041794
800.315275 -8.054376 0.806323
800.550682 -8.149553 0.570916
800.851533 -8.271189 0.270066
801.126196 -8.382237 -0.004597
801.440076 -8.509150 -0.318478
801.708173 -8.617591 -0.586575
801.989376 -8.731410 -0.867778
802.283674 -8.850657 -1.162075
802.538702 -8.954136 -1.417104
802.865664 -9.087055 -1.744066
803.133799 -9.196322 -2.012201
803.414951 -9.311199 -2.293353
803.669980 -9.415720 -2.548382
803.925009 -9.520588 -2.803411
804.193119 -9.631262 -3.071520
804.487390 -9.753307 -3.365792
804.729325 -9.854149 -3.607727
805.036678 -9.982995 -3.915080
805.298247 -10.093372 -4.176649
805.520573 -10.187768 -4.398975
805.795249 -10.305196 -4.673651
806.089457 -10.432060 -4.967859
806.324915 -10.534480 -5.203317
806.566812 -10.640599 -5.445214
806.848015 -10.765206 -5.726417
807.135734 -10.894213 -6.014136
807.364626 -10.998035 -6.243028
807.600008 -11.105993 -6.478410
807.881211 -11.236679 -6.759613
808.162402 -11.369385 -7.040804
808.417431 -11.491649 -7.295833
808.672434 -11.615864 -7.550836
808.933990 -11.745477 -7.812392
809.202126 -11.880860 -8.080527
809.450601 -12.008769 -8.329003
809.725277 -12.153140 -8.603678
809.908398 -12.251251 -8.786800
810.189589 -12.405030 -9.067991
810.444643 -12.548036 -9.323045
810.712727 -12.702263 -9.591129
811.020080 -12.884456 -9.898482
811.275121 -13.040386 -10.153523
811.484392 -13.171813 -10.362794
811.739433 -13.336556 -10.617835
812.001040 -13.511172 -10.879442
812.262622 -13.691964 -11.141024
812.491540 -13.855686 -11.369942
812.746607 -14.044673 -11.625008
813.034363 -14.266923 -11.912765
813.243621 -14.435088 -12.122023
813.544433 -14.687397 -12.422835
813.747176 -14.865081 -12.625578
814.041397 -15.134935 -12.919799
814.263749 -15.349140 -13.142150
814.486100 -15.573010 -13.364502
814.734601 -15.835669 -13.613003
814.956978 -16.082885 -13.835380
815.153168 -16.311383 -14.031570
815.388600 -16.599601 -14.267002
815.610965 -16.887144 -14.489366
815.826776 -17.181817 -14.705178
816.036046 -17.483628 -14.914448
816.271479 -17.843955 -15.149881
816.487290 -18.195545 -15.365692
816.722697 -18.604805 -15.601099
816.918912 -18.968599 -15.797314
817.193550 -19.516498 -16.071952
817.370131 -19.895255 -16.248532
817.625147 -20.483381 -16.503548
817.880213 -21.126316 -16.758615
818.102561 -21.737503 -16.980963
818.324889 -22.402203 -17.203290
818.547197 -23.127401 -17.425599
818.776073 -23.945811 -17.654474
819.011494 -24.874249 -17.889896
819.253452 -25.933336 -18.131853
819.514999 -27.216026 -18.393401
819.743870 -28.473426 -18.622272
819.992353 -30.001725 -18.870755
820.247382 -31.770095 -19.125783
820.489337 -33.656497 -19.367739
820.744367 -35.884255 -19.622769
821.012519 -38.504923 -19.890920
821.247904 -41.040434 -20.126306
821.476787 -43.704600 -20.355189
821.712210 -46.625654 -20.590612
821.954177 -49.784159 -20.832578
822.189645 -52.970852 -21.068047
822.398885 -55.864978 -21.277287
822.647397 -59.343915 -21.525799
822.882858 -62.653503 -21.761260
823.065941 -65.227223 -21.944343
823.242631 -33.648929 -21.767653
823.419293 -25.238378 -21.590991
823.628592 -20.259379 -21.381692
823.837827 -17.061768 -21.172457
824.079767 -14.409009 -20.930517
824.256335 -12.892279 -20.753949
824.465595 -11.398192 -20.544688
824.772931 -9.619030 -20.237352
824.988561 -8.582401 -20.021723
825.296004 -7.322952 -19.714280
825.524996 -6.514305 -19.485287
825.767031 -5.754296 -19.243252
825.969782 -5.179823 -19.040502
826.231436 -4.508468 -18.778847
826.421144 -4.063962 -18.589140
826.708997 -3.447082 -18.301287
826.983736 -2.913751 -18.026548
827.219214 -2.493495 -17.791069
827.422009 -2.155465 -17.588274
827.716338 -1.699468 -17.293946
827.971374 -1.333574 -17.038909
828.239485 -0.974594 -16.770798
828.520672 -0.623107 -16.489611
828.775679 -0.324012 -16.234604
829.089567 0.021359 -15.920716
829.344567 0.285389 -15.665717
829.651907 0.586045 -15.358377
829.906923 0.822377 -15.103361
830.155398 1.042284 -14.854885
830.449645 1.290680 -14.560639
830.717729 1.506675 -14.292555
830.966243 1.698900 -14.044041
831.234314 1.898351 -13.775969
831.495858 2.085692 -13.514426
831.757427 2.266476 -13.252856
832.012430 2.436896 -12.997853
832.280515 2.610348 -12.729769
832.561655 2.786462 -12.448629
832.842782 2.957130 -12.167502
833.065083 3.088530 -11.945201
833.339695 3.246842 -11.670589
833.594673 3.390153 -11.415611
833.843148 3.526652 -11.167135
834.085083 3.656776 -10.925200
834.385870 3.815010 -10.624414
834.660507 3.956321 -10.349776
834.895915 4.075225 -10.114369
835.190174 4.221187 -9.820110
835.451756 4.348637 -9.558528
835.713261 4.474050 -9.297022
835.974830 4.597642 -9.035453
836.282120 4.740659 -8.728164
836.569775 4.872578 -8.440509
836.870587 5.008682 -8.139697
837.164820 5.140137 -7.845463
837.400177 5.244195 -7.610107
837.648602 5.353062 -7.361682
837.968934 5.492092 -7.041350
838.276210 5.624161 -6.734073
838.511503 5.724512 -6.498780
838.746834 5.824264 -6.263450
839.080196 5.964610 -5.930087
839.367851 6.084903 -5.642432
839.655481 6.204517 -5.354803
839.864650 6.291126 -5.145634
840.171838 6.417809 -4.838446
840.439871 6.527904 -4.570412
840.688232 6.629597 -4.322051
840.936670 6.731053 -4.073614
841.198125 6.837573 -3.812159
841.492269 6.957151 -3.518014
841.740694 7.057966 -3.269590
842.041443 7.179846 -2.968841
842.257203 7.267195 -2.753081
842.518696 7.372989 -2.491588
842.819457 7.494611 -2.190826
843.048349 7.587155 -1.961934
843.349124 7.708760 -1.661160
843.623748 7.819792 -1.386535
843.898386 7.930830 -1.111898
844.153389 8.033930 -0.856894
844.414996 8.139699 -0.595287
844.663485 8.240165 -0.346799
844.964322 8.361795 -0.045961
845.232457 8.470204 0.222174
845.526742 8.589185 0.516458
845.729485 8.671156 0.719201
845.991028 8.776900 0.980745
846.252598 8.882654 1.242314
846.488005 8.977831 1.477721
846.834588 9.117956 1.824304
847.083089 9.218427 2.072805
847.318547 9.313624 2.308263
847.567009 9.414080 2.556726
847.848200 9.527767 2.837917
848.103229 9.630877 3.092945
848.397501 9.749853 3.387217
848.672125 9.860885 3.661842
848.907520 9.956057 3.897236
849.182157 10.067095 4.171874
849.450267 10.175493 4.439984
849.705258 10.278588 4.694974
849.973355 10.386981 4.963071
850.261048 10.503298 5.250764
850.509561 10.603773 5.499278
850.803770 10.722724 5.793486
851.071905 10.831133 6.061621
851.294205 10.921010 6.283922
851.575422 11.034708 6.565138
851.863140 11.151034 6.852856
852.124747 11.256804 7.114464
852.392832 11.365192 7.382548
852.693657 11.486818 7.683373
852.942157 11.587288 7.931874
853.229876 11.703615 8.219592
853.537216 11.827875 8.526932
853.792232 11.930980 8.781948
854.053814 12.036745 9.043530
854.295762 12.134583 9.285478
854.563884 12.243028 9.553600
854.812385 12.343566 9.802101
855.093614 12.457389 10.083330
855.387860 12.576546 10.377576
855.662548 12.687856 10.652265
855.917602 12.791286 10.907319
856.172682 12.894810 11.162398
856.460489 13.011733 11.450206
856.826757 13.160740 11.816474
857.055675 13.254004 12.045391
857.363015 13.379403 12.352731
857.546098 13.454215 12.535814
857.807718 13.561277 12.797434
858.056219 13.663159 13.045935
858.357031 13.786759 13.346747
858.690508 13.924164 13.680224
858.978201 14.043064 13.967917
859.233242 14.148776 14.222959
859.468649 14.246628 14.458366
859.775977 14.374812 14.765693
860.011397 14.473366 15.001113
860.286021 14.588764 15.275738
860.586859 14.715755 15.576575
860.854969 14.829486 15.844685
861.083861 14.927028 16.073577
861.365026 15.047454 16.354743
861.659310 15.174276 16.649027
861.901258 15.279187 16.890975
862.169355 15.396171 17.159072
862.483223 15.534187 17.472939
862.757848 15.655966 17.747564
862.986714 15.758241 17.976431
863.248271 15.876067 18.237987
863.555611 16.015906 18.545327
863.784478 16.121093 18.774194
864.072209 16.254719 19.061925
864.340319 16.380732 19.330035
864.562645 16.486413 19.552361
864.850351 16.624899 19.840067
865.098851 16.746208 20.088568
865.419260 16.905155 20.408976
865.667723 17.030552 20.657439
865.975050 17.188498 20.964766
866.230040 17.322152 21.219757
866.511257 17.472559 21.500973
866.825137 17.644538 21.814854
867.112843 17.806384 22.102559
867.380965 17.961232 22.370682
867.681765 18.140072 22.671481
867.943347 18.300479 22.933063
868.217984 18.474335 23.207701
868.499124 18.658748 23.488840
868.819532 18.877880 23.809249
869.074536 19.059987 24.064252
869.388378 19.294810 24.378094
869.669556 19.516629 24.659273
869.957211 19.756455 24.946928
870.218755 19.987545 25.208471
870.584909 20.335647 25.574625
870.853006 20.612084 25.842722
871.173388 20.971409 26.163105
871.493797 21.369232 26.483513
871.827248 21.834610 26.816964
872.167303 22.378858 27.157020
872.513835 23.030108 27.503552
872.840797 23.767674 27.830513
873.174324 24.695703 28.164041
873.462081 25.702782 28.451797
873.860988 27.586915 28.850704
874.063680 28.854923 29.053396
874.240337 14.236737 28.876739
874.423585 11.702081 28.693491
874.619826 10.145628 28.497251
874.829223 8.995192 28.287853
875.045110 8.097624 28.071966
875.437756 6.880253 27.679320
875.686435 6.278965 27.430641
875.922058 5.789433 27.195018
876.144588 5.381482 26.972489
876.347445 5.046198 26.769631
876.582953 4.692582 26.534123
876.805369 4.387742 26.311708
877.106244 4.012288 26.010832
877.413559 3.664725 25.703517
877.707805 3.359786 25.409271
878.041206 3.041459 25.075871
878.368104 2.752730 24.748973
878.740785 2.447089 24.376291
879.067645 2.196416 24.049431
879.381487 1.968760 23.735589
879.688827 1.756561 23.428249
880.068062 1.507428 23.049014
880.427688 1.282420 22.689388
880.787276 1.066912 22.329800
881.159957 0.852270 21.957119
881.486665 0.670519 21.630411
881.793890 0.504457 21.323186
882.199173 0.291779 20.917903
882.538974 0.118437 20.578102
882.852842 -0.038088 20.264234
883.218996 -0.216788 19.898081
883.467484 -0.335894 19.649592
883.807539 -0.496321 19.309537
884.095270 -0.629946 19.021806
884.382976 -0.761793 18.734100
884.696856 -0.903795 18.420220
884.958388 -1.020771 18.158689
885.265740 -1.156816 17.851336
885.507675 -1.262906 17.609401
885.743070 -1.365349 17.374006
886.070031 -1.506465 17.047045
886.351222 -1.626824 16.765854
886.606251 -1.735250 16.510825
886.880875 -1.851290 16.236201
887.162066 -1.969395 15.955010
887.443244 -2.086839 15.673832
887.685192 -2.187415 15.431884
887.966344 -2.303775 15.150732
888.260654 -2.425042 14.856422
888.502589 -2.524353 14.614487
888.796823 -2.644716 14.320253
889.045311 -2.746043 14.071765
889.326514 -2.860388 13.790562
889.555356 -2.953213 13.561720
889.836534 -3.067015 13.280542
890.071954 -3.162104 13.045122
890.372791 -3.283389 12.744285
890.660497 -3.399171 12.456579
890.889326 -3.491131 12.227751
891.163989 -3.601383 11.953088
891.412451 -3.701013 11.704625
891.680548 -3.808424 11.436528
891.961739 -3.920995 11.155337
892.203674 -4.017797 10.913402
892.465231 -4.122405 10.651846
892.726787 -4.226983 10.390289
893.001399 -4.336762 10.115677
893.269433 -4.443905 9.847644
893.530900 -4.548424 9.586176
893.818619 -4.663435 9.298457
894.047397 -4.754887 9.069680
894.335077 -4.869883 8.781999
894.557327 -4.958725 8.559749
894.818845 -5.063264 8.298231
895.080364 -5.167802 8.036712
895.335316 -5.269716 7.781760
895.583792 -5.369041 7.533284
895.786471 -5.450060 7.330605
896.119922 -5.583353 6.997154
896.348802 -5.674845 6.768275
896.571128 -5.763717 6.545948
896.878417 -5.886552 6.238659
897.179204 -6.006787 5.937872
897.466910 -6.121794 5.650167
897.708845 -6.218505 5.408232
898.003104 -6.336131 5.113973
898.271188 -6.443294 4.845888
898.539310 -6.550473 4.577766
898.813922 -6.660246 4.303154
899.062423 -6.759581 4.054653
899.356682 -6.877207 3.760394
899.703253 -7.015744 3.413823
899.958294 -7.117694 3.158782
900.252553 -7.235320 2.864523
900.481407 -7.326802 2.635669
900.801853 -7.454896 2.315223
901.037248 -7.548992 2.079828
901.318451 -7.661400 1.798625
901.593114 -7.771193 1.523962
901.880858 -7.886215 1.236218
902.162062 -7.998623 0.955015
902.456321 -8.116249 0.660756
902.730958 -8.226032 0.386118
903.018689 -8.341049 0.098387
903.332570 -8.466519 -0.215494
903.594101 -8.571065 -0.477025
903.868738 -8.680873 -0.751662
904.136835 -8.788117 -1.019759
904.391851 -8.890203 -1.274775
904.673029 -9.002880 -1.555953
904.954220 -9.115721 -1.837144
905.202696 -9.215601 -2.085619
905.477333 -9.326216 -2.360257
905.771579 -9.445032 -2.654503
906.033174 -9.550970 -2.916098
906.288177 -9.654560 -3.171101
906.503925 -9.742481 -3.386849
906.817805 -9.870906 -3.700729
907.072783 -9.975730 -3.955707
907.367030 -10.097324 -4.249953
907.635127 -10.208763 -4.518050
907.935875 -10.334594 -4.818799
908.164767 -10.431002 -5.047691
908.491678 -10.569756 -5.374602
908.799018 -10.701457 -5.681942
909.060575 -10.814598 -5.943498
909.354795 -10.943143 -6.237719
909.590241 -11.047066 -6.473165
909.851759 -11.163695 -6.734683
910.152533 -11.299522 -7.035457
910.381413 -11.404196 -7.264336
910.669131 -11.537528 -7.552055
910.904538 -11.648179 -7.787462
911.198721 -11.788602 -8.081645
911.453788 -11.912435 -8.336712
911.741506 -12.054642 -8.624430
912.003101 -12.186447 -8.886025
912.231930 -12.303858 -9.114854
912.532716 -12.461437 -9.415640
912.715812 -12.559296 -9.598736
913.016599 -12.723494 -9.899523
913.297803 -12.881170 -10.180726
913.572415 -13.039386 -10.455338
913.860133 -13.210039 -10.743057
914.134796 -13.378023 -11.017720
914.383272 -13.534629 -11.266195
914.612151 -13.683097 -11.495075
914.893304 -13.871456 -11.776227
915.128749 -14.034681 -12.011673
915.390305 -14.222381 -12.273229
915.664943 -14.427314 -12.547867
915.900350 -14.609934 -12.783274
916.142272 -14.804886 -13.025196
916.377705 -15.002285 -13.260629
916.645827 -15.237140 -13.528751
916.920554 -15.489937 -13.803478
917.175621 -15.736759 -14.058544
917.424121 -15.989561 -14.307045
917.666082 -16.248544 -14.549006
917.927664 -16.544205 -14.810588
918.163071 -16.825612 -15.045995
918.418100 -17.148594 -15.301023
918.836552 -17.724840 -15.719476
919.026150 -18.007326 -15.909074
919.418409 -18.640791 -16.301333
919.634226 -19.021139 -16.517150
919.993752 -19.713125 -16.876676
920.183355 -20.111324 -17.066279
920.412194 -20.626750 -17.295118
920.654132 -21.218120 -17.537055
920.882964 -21.827187 -17.765888
921.092193 -22.431953 -17.975116
921.307938 -23.109656 -18.190862
921.490983 -23.732995 -18.373907
921.687087 -24.456061 -18.570011
921.902797 -25.325606 -18.785721
922.111985 -26.252771 -18.994909
922.392982 -27.647645 -19.275906
922.575864 -28.660230 -19.458788
922.771949 -29.849559 -19.654873
923.079120 -31.955047 -19.962044
923.255594 -33.312698 -20.138518
923.445199 -34.901623 -20.328123
923.778605 -38.038583 -20.661528
923.981269 -40.159965 -20.864192
924.164386 -18.122958 -20.681075
924.360328 -13.688460 -20.485133
924.536156 -11.452186 -20.309305
924.804285 -9.177346 -20.041177
925.052789 -7.678532 -19.792672
925.320993 -6.428284 -19.524468
925.582632 -5.444718 -19.262829
925.791909 -4.776332 -19.053552
926.046920 -4.068128 -18.798541
926.315069 -3.420895 -18.530392
926.583142 -2.851792 -18.262319
926.812053 -2.415487 -18.033408
927.073614 -1.962998 -17.771847
927.341727 -1.541762 -17.503734
927.616382 -1.147687 -17.229079
927.871398 -0.810578 -16.974063
928.126434 -0.497263 -16.719027
928.401043 -0.182989 -16.444418
928.695312 0.130732 -16.150149
928.950319 0.385749 -15.895142
929.224956 0.645022 -15.620505
929.519228 0.907190 -15.326233
929.793878 1.138947 -15.051583
930.055435 1.349313 -14.790026
930.369328 1.589884 -14.476133
930.617816 1.772059 -14.227645
930.866292 1.947630 -13.979169
931.140916 2.134695 -13.704545
931.389417 2.298203 -13.456044
931.644433 2.460800 -13.201028
931.879802 2.606576 -12.965659
932.167534 2.779653 -12.677927
932.416009 2.924944 -12.429452
932.690672 3.081427 -12.154789
932.939173 3.219570 -11.906288
933.200729 3.361727 -11.644732
933.495001 3.518004 -11.350460
933.736962 3.643825 -11.108500
934.037748 3.797146 -10.807713
934.266640 3.911695 -10.578821
934.541278 4.046902 -10.304183
934.809413 4.176728 -10.036048
935.012130 4.273553 -9.833331
935.260631 4.390792 -9.584830
935.561456 4.530729 -9.284005
935.823076 4.650793 -9.022385
936.051968 4.754684 -8.793493
936.307035 4.869276 -8.538426
936.562140 4.982729 -8.283321
936.797560 5.086477 -8.047901
937.124509 5.229164 -7.720952
937.366431 5.333779 -7.479030
937.667167 5.462782 -7.178294
937.895983 5.560217 -6.949478
938.196706 5.687409 -6.648755
938.464740 5.800015 -6.380721
938.706573 5.901052 -6.138888
938.994215 6.020592 -5.851246
939.249117 6.125998 -5.596344
939.504070 6.230973 -5.341391
939.778656 6.343574 -5.066805
940.059707 6.458380 -4.785754
940.314634 6.562164 -4.530827
940.582655 6.670958 -4.262806
940.896396 6.797938 -3.949065
941.170995 6.908788 -3.674466
941.399799 7.000973 -3.445662
941.667883 7.108803 -3.177578
941.955614 7.224349 -2.889847
942.230226 7.334478 -2.615235
942.498323 7.441879 -2.347138
942.746811 7.541345 -2.098650
943.067207 7.669510 -1.778254
943.348436 7.781956 -1.497025
943.610056 7.886540 -1.235405
943.897812 8.001567 -0.947649
944.172539 8.111386 -0.672922
944.421040 8.210721 -0.424421
944.721827 8.330957 -0.123634
944.944178 8.419839 0.098717
945.225331 8.532226 0.379870
945.526143 8.652472 0.680682
945.846577 8.780561 1.001116
946.121227 8.890349 1.275766
946.376217 8.992279 1.530756
946.677017 9.112519 1.831556
946.932046 9.214464 2.086585
947.187049 9.316398 2.341588
947.474780 9.431415 2.629319
947.729809 9.533360 2.884348
947.997919 9.640533 3.152458
948.259488 9.745092 3.414027
948.534138 9.854880 3.688677
948.841478 9.977736 3.996017
949.109575 10.084904 4.264114
949.351523 10.181620 4.506062
949.671956 10.309709 4.826495
949.926947 10.411638 5.081486
950.201584 10.521421 5.356123
950.450073 10.620751 5.604612
950.744344 10.738383 5.898883
950.999386 10.840333 6.153925
951.234806 10.934439 6.389345
951.515984 11.046836 6.670523
951.771012 11.148781 6.925551
952.052190 11.261178 7.206729
952.359518 11.384028 7.514057
952.601478 11.480749 7.756017
952.876141 11.590542 8.030680
953.150766 11.700320 8.305305
953.399279 11.799660 8.553818
953.686972 11.914662 8.841511
953.941988 12.016601 9.096527
954.262397 12.144680 9.416936
954.497829 12.238793 9.652368
954.818225 12.366879 9.972764
955.060173 12.463620 10.214712
955.347878 12.578685 10.502417
955.602894 12.680710 10.757433
955.890613 12.795868 11.045152
956.112965 12.884908 11.267504
956.433360 13.013291 11.587899
956.747241 13.139175 11.901780
956.982635 13.233666 12.137174
957.257260 13.344010 12.411799
957.525332 13.451843 12.679870
957.773794 13.551912 12.928333
958.074594 13.673234 13.229133
958.388462 13.800058 13.543001
958.630422 13.898005 13.784961
958.891966 14.004072 14.046505
959.133914 14.102388 14.288453
959.454322 14.232903 14.608861
959.722419 14.342414 14.876958
959.997031 14.454902 15.151570
960.219332 14.546216 15.373871
960.513591 14.667467 15.668130
960.775160 14.775642 15.929699
961.075972 14.900545 16.230511
961.311367 14.998688 16.465906
961.566383 15.105444 16.720922
961.834442 15.218183 16.988981
962.135241 15.345383 17.289780
962.416444 15.465014 17.570983
962.677976 15.576952 17.832514
962.933004 15.686784 18.087543
963.194561 15.800178 18.349100
963.443024 15.908653 18.597562
963.704580 16.023704 18.859119
963.946515 16.130970 19.101054
964.234272 16.259694 19.388811
964.508909 16.383803 19.663448
964.777006 16.506241 19.931545
965.051631 16.633087 20.206170
965.319728 16.758432 20.474267
965.581272 16.882278 20.735811
965.842854 17.007821 20.997393
966.110938 17.138379 21.265477
966.352898 17.258002 21.507437
966.653685 17.409292 21.808224
966.954472 17.563728 22.109011
967.242190 17.714710 22.396729
967.523318 17.865635 22.677857
967.771806 18.002120 22.926345
968.020307 18.141795 23.174846
968.288416 18.296415 23.442955
968.595744 18.479225 23.750283
968.850798 18.635984 24.005337
969.118908 18.806291 24.273446
969.413128 19.000498 24.567667
969.681251 19.185007 24.835790
970.080132 19.474904 25.234671
970.322042 19.661104 25.476581
970.662085 19.938488 25.816623
970.936760 20.178121 26.091299
971.250615 20.472252 26.405154
971.564534 20.792483 26.719073
971.845725 21.106259 27.000263
972.166146 21.502281 27.320684
972.473473 21.930708 27.628012
972.813528 22.477570 27.968067
973.186260 23.198329 28.340799
973.545937 24.070497 28.700476
973.905588 25.213937 29.060127
974.226022 26.600849 29.380561
974.566039 28.679182 29.720578
974.899541 31.496106 30.054080
975.187247 34.329197 30.341786
975.573060 37.513572 30.727599
975.828064 36.406512 30.982602
976.174634 34.901927 31.329173
976.514676 33.425681 31.669215
976.822016 32.091409 31.976555
977.155518 30.643558 32.310057
977.443237 29.394470 32.597776
977.783267 27.918279 32.937806
978.149471 26.328455 33.304010
978.417568 25.164550 33.572107
978.744530 23.745094 33.899069
978.927626 22.950210 34.082164
979.143399 22.013462 34.297938
979.320043 11.521153 34.121293
979.562168 9.462370 33.879168
979.738749 8.588667 33.702587
979.941517 7.844215 33.499819
980.268657 6.953120 33.172679
980.497638 6.464473 32.943698
980.955689 5.684000 32.485647
981.243432 5.283237 32.197904
981.609637 4.840748 31.831699
981.956195 4.473946 31.485142
982.309280 4.139613 31.132056
982.610092 3.879620 30.831244
982.930500 3.623144 30.510836
983.296667 3.351382 30.144669
983.695536 3.076678 29.745800
984.055124 2.844826 29.386212
984.434358 2.613895 29.006978
984.820172 2.391100 28.621164
985.212487 2.175247 28.228849
985.696421 1.921583 27.744915
986.062600 1.737561 27.378736
986.467997 1.540674 26.973340
986.781839 1.392612 26.659497
987.102184 1.244976 26.339152
987.461797 1.083021 25.979539
987.808316 0.930354 25.633020
988.122146 0.794675 25.319190
988.429512 0.663951 25.011824
988.769567 0.521588 24.671769
989.096516 0.386751 24.344821
989.403868 0.261656 24.037468
989.678480 0.151134 23.762856
989.998914 0.023538 23.442422
990.273552 -0.084742 23.167784
990.600500 -0.212452 22.840836
990.914355 -0.333925 22.526981
991.149788 -0.424380 22.291548
991.470171 -0.546627 21.971165
991.705565 -0.635866 21.735771
992.012918 -0.751705 21.428418
992.333326 -0.871704 21.108010
992.614530 -0.976433 20.826806
992.928385 -1.092727 20.512951
993.183426 -1.186800 20.257910
993.510401 -1.306891 19.930936
993.739242 -1.390621 19.702094
994.020445 -1.493178 19.420891
994.282027 -1.588274 19.159309
994.543571 -1.683085 18.897765
994.857477 -1.796548 18.583859
995.099425 -1.883777 18.341911
995.406765 -1.994324 18.034571
995.681440 -2.092898 17.759896
995.956065 -2.191263 17.485271
996.198000 -2.277774 17.243336
996.492284 -2.382838 16.949052
996.799624 -2.492389 16.641712
997.041559 -2.578514 16.399777
997.283520 -2.664559 16.157816
997.571213 -2.766764 15.870123
997.839297 -2.861914 15.602039
998.087785 -2.950042 15.353551
998.368938 -3.049688 15.072398
998.591290 -3.128450 14.850046
998.865902 -3.225680 14.575434
999.173204 -3.334437 14.268133
999.474041 -3.440871 13.967295
999.729019 -3.531060 13.712317
1000.010159 -3.630490 13.431177
1000.258622 -3.718358 13.182714
1000.467842 -3.792348 12.973494
1000.742416 -3.889450 12.698920
1001.043139 -3.995800 12.398197
1001.324228 -4.095206 12.117108
1001.611883 -4.196934 11.829453
1001.847214 -4.280158 11.594122
1002.121826 -4.377274 11.319510
1002.396387 -4.474371 11.044949
1002.677540 -4.573800 10.763796
1002.912922 -4.657042 10.528414
1003.187508 -4.754149 10.253828
1003.488295 -4.860521 9.953041
1003.802176 -4.971523 9.639160
1004.070285 -5.066339 9.371051
1004.364519 -5.170394 9.076817
1004.599901 -5.253636 8.841435
1004.894185 -5.357709 8.547151
1005.208028 -5.468698 8.233308
1005.476150 -5.563518 7.965186
1005.763869 -5.665269 7.677467
1006.012369 -5.753150 7.428967
1006.306603 -5.857205 7.134733
1006.542036 -5.940465 6.899300
1006.816648 -6.037581 6.624688
1007.097800 -6.137009 6.343536
1007.392034 -6.241064 6.049302
1007.692872 -6.347454 5.748464
1007.941360 -6.435331 5.499976
1008.242147 -6.541703 5.199190
1008.529865 -6.643454 4.911471
1008.824111 -6.747513 4.617225
1009.033382 -6.821521 4.407954
1009.340697 -6.930201 4.100639
1009.615372 -7.027339 3.825964
1009.903091 -7.129090 3.538245
1010.171200 -7.223906 3.270136
1010.452404 -7.323353 2.988932
1010.713960 -7.415851 2.727376
1010.929733 -7.492159 2.511603
1011.263223 -7.610096 2.178113
1011.570563 -7.718786 1.870774
1011.805957 -7.802034 1.635379
1012.093688 -7.903810 1.347648
1012.342176 -7.991740 1.099160
1012.610286 -8.086671 0.831050
1012.924167 -8.197916 0.517169
1013.192264 -8.293055 0.249072
1013.473467 -8.392992 -0.032131
1013.741551 -8.488438 -0.300215
1013.970418 -8.570074 -0.529082
1014.245081 -8.668261 -0.803745
1014.513178 -8.764359 -1.071842
1014.787841 -8.863110 -1.346505
1015.023261 -8.948021 -1.581925
1015.297911 -9.047434 -1.856575
1015.579076 -9.149640 -2.137740
1015.853726 -9.249948 -2.412390
1016.108755 -9.343549 -2.667419
1016.409542 -9.454569 -2.968206
1016.625328 -9.534670 -3.183992
1016.880369 -9.629873 -3.439033
1017.141938 -9.728160 -3.700602
1017.442750 -9.842073 -4.001414
1017.684736 -9.934451 -4.243400
1017.965889 -10.042680 -4.524553
1018.240526 -10.149410 -4.799190
1018.462840 -10.236592 -5.021504
1018.730924 -10.342729 -5.289588
1018.966306 -10.436890 -5.524970
1019.254050 -10.553322 -5.812714
1019.548271 -10.674000 -6.106935
1019.816419 -10.785529 -6.375083
1020.084503 -10.898618 -6.643167
1020.319910 -10.999326 -6.878574
1020.607616 -11.124318 -7.166280
1020.882279 -11.245748 -7.440943
1021.150338 -11.366395 -7.709002
1021.385745 -11.474209 -7.944409
1021.666936 -11.605441 -8.225599
1021.993884 -11.761643 -8.552548
1022.255441 -11.889627 -8.814105
1022.510457 -12.017203 -9.069121
1022.771988 -12.151108 -9.330652
1023.027017 -12.284895 -9.585681
1023.314735 -12.439928 -9.873399
1023.576304 -12.584929 -10.134968
1023.824831 -12.726556 -10.383495
1024.099430 -12.887744 -10.658094
1024.354471 -13.042211 -10.913135
1024.629109 -13.214084 -11.187773
1024.864503 -13.366318 -11.423167
1025.165316 -13.568018 -11.723980
1025.413766 -13.741156 -11.972430
1025.662279 -13.920762 -12.220943
1025.936904 -14.127326 -12.495568
1026.191920 -14.327388 -12.750584
1026.414284 -14.508853 -12.972948
1026.669300 -14.725676 -13.227964
1026.917763 -14.946623 -13.476427
1027.244725 -15.253384 -13.803389
1027.512822 -15.519874 -14.071486
1027.767812 -15.787150 -14.326476
1028.003245 -16.047028 -14.561909
1028.258274 -16.344094 -14.816938
1028.545979 -16.700657 -15.104643
1028.787914 -17.019969 -15.346578
1029.036390 -17.368453 -15.595054
1029.271757 -17.719755 -15.830420
1029.546438 -18.158771 -16.105102
1029.814549 -18.621054 -16.373213
1030.102264 -19.159174 -16.660928
1030.331137 -19.622329 -16.889801
1030.566567 -20.135329 -17.125231
1030.841179 -20.786665 -17.399843
1031.102735 -21.467512 -17.661399
1031.377400 -22.255735 -17.936064
1031.593191 -22.935300 -18.151855
1031.887450 -23.960939 -18.446114
1032.090203 -24.743714 -18.648867
1032.351800 -25.859813 -18.910464
1032.619905 -27.146773 -19.178568
1032.855296 -28.414997 -19.413960
1033.129967 -30.083670 -19.688631
1033.404622 -31.984879 -19.963286
1033.712054 -34.425479 -20.270718
1033.954017 -36.599296 -20.512681
1034.254784 -39.623308 -20.813448
1034.529456 -42.685554 -21.088120
1034.784487 -45.755458 -21.343151
1035.144197 -50.370067 -21.702861
1035.333837 -52.894022 -21.892501
1035.562731 -55.986831 -22.121395
1035.778477 -58.922167 -22.337141
1035.974650 -61.593217 -22.533314
1037.065999 -68.349947 -23.624663
1037.373508 -67.014942 -23.932172
1037.726656 -65.481802 -24.285320
1038.112505 -63.806695 -24.671169
1038.563839 -61.847294 -25.122502
1038.786147 -60.882174 -25.344811
1039.034600 -59.803552 -25.593264
1039.276526 -58.753265 -25.835190
1039.505392 -57.759673 -26.064056
1039.766960 -56.624113 -26.325624
1039.943514 -55.857629 -26.502178
1040.120043 -55.091255 -26.678707
1040.296601 -28.476361 -26.502149
1040.505778 -21.607546 -26.292973
1040.708466 -18.185030 -26.090284
1040.911218 -15.854440 -25.887533
1041.153156 -13.799374 -25.645594
1041.395094 -12.211925 -25.403656
1041.676322 -10.739463 -25.122429
1041.918264 -9.693823 -24.880486
1042.153680 -8.819947 -24.645070
1042.395647 -8.035946 -24.403103
1042.644168 -7.326462 -24.154582
1042.899192 -6.679958 -23.899559
1043.186915 -6.031372 -23.611835
1043.435428 -5.528326 -23.363323
1043.710050 -5.024015 -23.088700
1043.932409 -4.649767 -22.866341
1044.233149 -4.185290 -22.565601
1044.475118 -3.841927 -22.323632
1044.756277 -3.472511 -22.042473
1045.017859 -3.153975 -21.780891
1045.285957 -2.849736 -21.512793
1045.567129 -2.552149 -21.231621
1045.841779 -2.280401 -20.956971
1046.116423 -2.025406 -20.682327
1046.391029 -1.785509 -20.407721
1046.659145 -1.564413 -20.139605
1046.933808 -1.350119 -19.864942
1047.182302 -1.165949 -19.616448
1047.483102 -0.954258 -19.315648
1047.711971 -0.800767 -19.086779
1047.986631 -0.624500 -18.812119
1048.254727 -0.460154 -18.544023
1048.490141 -0.321642 -18.308610
1048.771319 -0.162780 -18.027432
1049.045970 -0.014006 -17.752780
1049.333714 0.135599 -17.465036
1049.608336 0.272854 -17.190414
1049.876441 0.402027 -16.922309
1050.118389 0.514785 -16.680362
1050.399573 0.641590 -16.399177
1050.661133 0.755727 -16.137617
1050.961939 0.882759 -15.836811
1051.236589 0.995062 -15.562161
1051.504712 1.101537 -15.294038
1051.772834 1.205095 -15.025916
1052.040969 1.305926 -14.757781
1052.315607 1.406552 -14.483144
1052.622998 1.516208 -14.175753
1052.904252 1.613974 -13.894498
1053.120050 1.687429 -13.678700
1053.362074 1.768291 -13.436676
1053.643328 1.860356 -13.155422
1053.931098 1.952566 -12.867653
1054.238488 2.048989 -12.560262
1054.519743 2.135461 -12.279008
1054.787865 2.216437 -12.010885
1055.101822 2.309562 -11.696929
1055.369970 2.387746 -11.428781
1055.651224 2.468500 -11.147527
1055.965193 2.557232 -10.833557
1056.266069 2.640957 -10.532682
1056.501489 2.705634 -10.297262
1056.861178 2.803137 -9.937572
1057.135866 2.876599 -9.662884
1057.449772 2.959569 -9.348978
1057.717920 3.029672 -9.080830
1058.025247 3.109205 -8.773503
1058.319532 3.184607 -8.479218
1058.594182 3.254359 -8.204568
1058.868845 3.323559 -7.929905
1059.123899 3.387356 -7.674851
1059.444333 3.466922 -7.354418
1059.679753 3.524994 -7.118998
1059.987118 3.600361 -6.811632
1060.294458 3.675251 -6.504292
1060.608351 3.751296 -6.190399
1060.876474 3.815932 -5.922277
1061.118853 -6.616792 -6.164656
1061.315030 1.334103 -5.968479
1061.583140 2.744629 -5.700370
1061.896995 3.618557 -5.386514
1062.178186 4.144363 -5.105324
1062.446308 4.528093 -4.837201
1062.662106 4.783060 -4.621403
1063.002162 5.117891 -4.281348
1063.289880 5.355033 -3.993629
1063.564518 5.552379 -3.718992
1063.799950 5.703808 -3.483559
1064.094196 5.874537 -3.189313
1064.323101 5.995567 -2.960408
1064.650063 6.153730 -2.633447
1064.878917 6.255731 -2.404593
1065.192823 6.385853 -2.090687
1065.487069 6.499046 -1.796440
1065.735595 6.588976 -1.547914
1065.990573 6.676527 -1.292936
1066.271751 6.768205 -1.011758
1066.585632 6.865262 -0.697878
1066.827579 6.936724 -0.455930
1067.121851 7.020166 -0.161658
1067.396501 7.094975 0.112992
1067.658045 7.163757 0.374536
1067.952291 7.238572 0.668782
1068.233457 7.307786 0.949947
1068.527728 7.378093 1.244219
1068.723905 7.423864 1.440396
1068.998530 7.486593 1.715021
1069.273180 7.547893 1.989671
1069.541303 7.606482 2.257793
1069.783238 7.658380 2.499728
1070.070931 7.719003 2.787421
1070.345594 7.775875 3.062084
1070.594069 7.826554 3.310560
1070.862179 7.880489 3.578670
1071.123748 7.932422 3.840239
1071.424560 7.991387 4.141051
1071.712279 8.047095 4.428769
1071.960754 8.094713 4.677245
1072.189634 8.138206 4.906124
1072.470799 8.191192 5.187290
1072.771611 8.247390 5.488102
1073.020125 8.293471 5.736615
1073.268600 8.339262 5.985091
1073.530195 8.387192 6.246685
1073.817901 8.439609 6.534391
1074.079457 8.487019 6.795948
1074.373729 8.540113 7.090219
1074.602583 8.581243 7.319074
1074.864139 8.628097 7.580630
1075.125721 8.674811 7.842212
1075.400346 8.723717 8.116837
1075.635779 8.765545 8.352269
1075.916957 8.815400 8.633447
1076.178539 8.861696 8.895029
1076.433605 8.906775 9.150096
1076.721311 8.957559 9.437802
1076.989383 9.004831 9.705873
1077.270573 9.054383 9.987064
1077.551701 9.103900 10.268191
1077.819747 9.151103 10.536238
1078.133538 9.206360 10.850029
1078.460411 9.263921 11.176902
1078.741487 9.313417 11.457978
1078.983346 9.356007 11.699837
1079.270963 9.406655 11.987454
1079.565146 9.458459 12.281637
1079.846197 9.507951 12.562688
1080.114205 9.555146 12.830696
1080.428009 9.610405 13.144500
1080.689464 9.656446 13.405955
1080.918267 9.696737 13.634758
1081.160177 9.739336 13.876668
1081.447857 9.789995 14.164348
1081.689742 9.832590 14.406232
1081.970945 9.882108 14.687436
1082.239029 9.929316 14.955520
1082.520207 9.978830 15.236698
1082.814416 10.030639 15.530906
1083.075985 10.076700 15.792475
1083.363716 10.127368 16.080207
1083.605613 10.169965 16.322104
1083.906450 10.222941 16.622941
1084.154926 10.266696 16.871417
1084.449172 10.318511 17.165663
1084.730363 10.368027 17.446854
1085.011528 10.417539 17.728019
1085.273072 10.463596 17.989563
1085.534616 10.509652 18.251106
1085.815768 10.559162 18.532259
1086.070772 10.604067 18.787262
1086.391244 10.660500 19.107734
1086.685477 10.712313 19.401968
1086.966655 10.761827 19.683146
1087.215131 10.805582 19.931621
1087.483215 10.852791 20.199706
1087.738256 10.897702 20.454747
1088.019396 10.947209 20.735887
1088.326736 11.001330 21.043227
1088.594846 11.048543 21.311337
1088.862930 11.095751 21.579421
1089.091822 11.136058 21.808313
1089.399124 11.190172 22.115615
1089.641047 11.232774 22.357537
1089.948374 11.286893 22.664865
1090.203377 11.331797 22.919868
1090.432244 11.372100 23.148734
1090.713447 11.421618 23.429938
1091.001153 11.472282 23.717644
1091.262748 11.518347 23.979238
1091.563496 11.571307 24.279987
1091.851228 11.621975 24.567718
1092.119325 11.669186 24.835815
1092.393975 11.717550 25.110465
1092.668625 11.765915 25.385116
1092.949765 11.815422 25.666255
1093.244049 11.867244 25.960540
1093.499040 11.912147 26.215530
1093.793286 11.963962 26.509777
1094.061409 12.011177 26.777899
1094.309871 12.054930 27.026362
1094.636795 12.112499 27.353285
1094.944122 12.166618 27.660613
1095.225275 12.216128 27.941765
1095.493359 12.263336 28.209850
1095.807214 12.318604 28.523705
1096.140678 12.377326 28.857169
1096.461099 12.433750 29.177590
1096.735736 12.482112 29.452227
1097.082307 12.543142 29.798797
1097.396187 12.598414 30.112678
1097.729689 12.657142 30.446180
1098.069732 12.717022 30.786222
1098.390140 12.773444 31.106631
1098.710536 12.829864 31.427026
1099.089783 12.896648 31.806274
1099.384055 12.948468 32.100545
1099.717582 13.007200 32.434073
1100.051059 13.065924 32.767549
1100.391089 13.125801 33.107579
1100.744187 13.187980 33.460677
1101.084204 13.247855 33.800694
1101.273853 7.525676 33.611045
1101.463502 6.689654 33.421396
1101.738178 5.962770 33.146721
1102.104369 5.314807 32.780529
1102.503378 4.795292 32.381520
1102.758584 4.520260 32.126314
1102.967931 4.317372 31.916967
1103.491019 3.873901 31.393879
1103.896377 3.574613 30.988521
1104.236344 3.344926 30.648554
1104.556765 3.142374 30.328133
1104.929472 2.920512 29.955427
1105.315272 2.703562 29.569626
1105.701098 2.497192 29.183800
1106.060737 2.312777 28.824161
1106.407294 2.141222 28.477604
1106.753877 1.974855 28.131021
1107.093907 1.816031 27.790991
1107.453559 1.652186 27.431340
1107.747779 1.520953 27.137119
1108.048541 1.389131 26.836357
1108.388533 1.242663 26.496366
1108.695809 1.112384 26.189089
1108.976987 0.994747 25.907911
1109.271246 0.873110 25.613652
1109.598182 0.739576 25.286716
1109.885901 0.623340 24.998998
1110.186713 0.502988 24.698185
1110.513649 0.373431 24.371249
1110.788299 0.265515 24.096599
1111.049868 0.163461 23.835030
1111.337587 0.051961 23.547311
1111.605697 -0.051278 23.279202
1111.873781 -0.153913 23.011117
1112.174606 -0.268425 22.710292
1112.423081 -0.362522 22.461817
1112.710812 -0.470970 22.174086
1112.965867 -0.566671 21.919032
1113.207802 -0.657099 21.677097
1113.515167 -0.771523 21.369731
1113.789817 -0.873362 21.095081
1114.044820 -0.967595 20.840078
1114.365229 -1.085589 20.519669
1114.626836 -1.181616 20.258062
1114.927724 -1.291736 19.957174
1115.228537 -1.401505 19.656361
1115.509689 -1.503829 19.375209
1115.790905 -1.605931 19.093993
1116.052487 -1.700700 18.832411
1116.333665 -1.802363 18.551233
1116.621396 -1.906189 18.263502
1116.869910 -1.995708 18.014988
1117.164156 -2.101527 17.720742
1117.412619 -2.190743 17.472279
1117.687282 -2.289231 17.197616
1118.020797 -2.408644 16.864101
1118.282353 -2.502166 16.602545
1118.530841 -2.590920 16.354057
1118.805492 -2.688919 16.079407
1119.080129 -2.786816 15.804769
1119.354767 -2.884622 15.530131
1119.609795 -2.975372 15.275103
1119.884458 -3.073034 15.000440
1120.165636 -3.172941 14.719262
1120.440299 -3.270468 14.444599
1120.741099 -3.377210 14.143800
1121.061507 -3.490843 13.823391
1121.296914 -3.574290 13.587984
1121.558483 -3.666975 13.326415
1121.833159 -3.764268 13.051739
1122.127418 -3.868462 12.757480
1122.434783 -3.977263 12.450115
1122.702918 -4.072153 12.181980
1122.944866 -4.157760 11.940032
1123.232635 -4.259563 11.652263
1123.487664 -4.349771 11.397234
1123.795017 -4.458477 11.089881
1124.043530 -4.546366 10.841368
1124.337815 -4.650440 10.547083
1124.605925 -4.745256 10.278974
1124.874034 -4.840072 10.010864
1125.142144 -4.934888 9.742754
1125.410241 -5.029699 9.474657
1125.697959 -5.131450 9.186939
1125.952988 -5.221640 8.931910
1126.240719 -5.323395 8.644179
1126.534966 -5.427454 8.349932
1126.783441 -5.515327 8.101457
1127.051576 -5.610152 7.833322
1127.313133 -5.702650 7.571765
1127.587796 -5.799784 7.297103
1127.868974 -5.899221 7.015924
1128.130556 -5.991729 6.754343
1128.392125 -6.084232 6.492773
1128.653681 -6.176730 6.231217
1128.947953 -6.280798 5.936945
1129.222590 -6.377923 5.662308
1129.497228 -6.475048 5.387670
1129.719554 -6.553672 5.165344
1130.026894 -6.662362 4.858004
1130.314625 -6.764117 4.570273
1130.543492 -6.845055 4.341406
1130.824683 -6.944497 4.060215
1131.086227 -7.036991 3.798672
1131.328200 -7.122564 3.556698
1131.576688 -7.210441 3.308210
1131.844785 -7.305253 3.040113
1132.112895 -7.400069 2.772004
1132.407154 -7.504132 2.477745
1132.668723 -7.596635 2.216175
1132.910658 -7.682195 1.974240
1133.159184 -7.770085 1.725714
1133.479592 -7.883397 1.405306
1133.924270 -8.040655 0.960628
1134.185814 -8.133149 0.699084
1134.453924 -8.227965 0.430974
1134.682803 -8.308908 0.202095
1134.931304 -8.396789 -0.046406
1135.212495 -8.496231 -0.327597
1135.493723 -8.595687 -0.608825
1135.774876 -8.695115 -0.889978
1136.023390 -8.783001 -1.138491
1136.317661 -8.887069 -1.432763
1136.624989 -8.995755 -1.740090
1136.866949 -9.081323 -1.982051
1137.089275 -9.159948 -2.204377
1137.396603 -9.268639 -2.511704
1137.664725 -9.363478 -2.779827
1137.965499 -9.469893 -3.080601
1138.181272 -9.546259 -3.296374
1138.495178 -9.657405 -3.610280
1138.678261 -9.722262 -3.793363
1138.952899 -9.819607 -4.068001
1139.181765 -9.900784 -4.296867
1139.495646 -10.012214 -4.610748
1139.717972 -10.091221 -4.833074
1139.933707 -10.167954 -5.048809
1140.254090 -10.282053 -5.369192
1140.489522 -10.366019 -5.604624
1140.737896 -10.454725 -5.852998
1140.979768 -10.541241 -6.094870
1141.254367 -10.639640 -6.369469
1141.515873 -10.733535 -6.630975
1141.764310 -10.822925 -6.879412
1142.025791 -10.917221 -7.140892
1142.313458 -11.021235 -7.428560
1142.620735 -11.132685 -7.735837
1142.875751 -11.225475 -7.990853
1143.130716 -11.318535 -8.245818
1143.477312 -11.445541 -8.592414
1143.745396 -11.544206 -8.860498
1144.046170 -11.655386 -9.161272
1144.242322 -11.728188 -9.357423
1144.543096 -11.840303 -9.658198
1144.745839 -11.916228 -9.860940
1145.007395 -12.014623 -10.122497
1145.255883 -12.108596 -10.370985
1145.458588 -12.185632 -10.573690
1145.720157 -12.285573 -10.835259
1145.922887 -12.363468 -11.037989
1146.190959 -12.467090 -11.306061
1146.432919 -12.561263 -11.548021
1146.668288 -12.653493 -11.783390
1146.936423 -12.759358 -12.051525
1147.126047 -12.834765 -12.241149
1147.361454 -12.929039 -12.476556
1147.590308 -13.021427 -12.705410
1147.838758 -13.122598 -12.953860
1148.093787 -13.227452 -13.208889
1148.342237 -13.330640 -13.457339
1148.610334 -13.443214 -13.725436
1148.858825 -13.548765 -13.973927
1149.133442 -13.666859 -14.248544
1149.349195 -13.760770 -14.464297
1149.695779 -13.913864 -14.810881
1149.963898 -14.034326 -15.079000
1150.362868 -14.217146 -15.477970
1150.729160 -14.389101 -15.844262
1151.056171 -14.546270 -16.171273
1151.350447 -14.690922 -16.465549
1151.546603 -14.789164 -16.661705
1151.873574 -14.956410 -16.988676
1152.128592 -15.090105 -17.243694
1152.337866 -15.202110 -17.452967
1152.619055 -15.356101 -17.734157
1152.893704 -15.510675 -18.008806
1153.142217 -15.654382 -18.257319
1153.358017 -15.782359 -18.473119
1153.600031 -15.929672 -18.715133
1153.789691 -16.048113 -18.904793
1154.018566 -16.194801 -19.133668
1154.312867 -16.389952 -19.427969
1154.535186 -16.542661 -19.650288
1154.835989 -16.757229 -19.951090
1155.273958 -17.087953 -20.389060
1155.515917 -17.281143 -20.631019
1156.038798 -17.728304 -21.153900
1156.300391 -17.969450 -21.415493
1156.568523 -18.230556 -21.683624
1156.797361 -18.465838 -21.912463
1156.993499 -18.677604 -22.108601
1157.241973 -18.960736 -22.357075
1157.490435 -19.262413 -22.605536
1157.765058 -19.620412 -22.880160
1158.065814 -20.046647 -23.180916
1158.347028 -20.483004 -23.462130
1158.575854 -20.869602 -23.690956
1158.817759 -21.314138 -23.932860
1159.033544 -21.746682 -24.148646
1159.236234 -22.188824 -24.351336
1159.458588 -22.720307 -24.573690
1159.844376 -23.783824 -24.959478
1160.020958 -24.344046 -25.136060
1160.236763 -25.106005 -25.351864
1160.511395 -26.224440 -25.626497
1160.733795 -27.279940 -25.848897
1160.943114 -28.422397 -26.058216
1161.139386 -29.647729 -26.254488
1161.335862 -13.635448 -26.058011
1161.571431 -10.620130 -25.822443
1161.865882 -8.613502 -25.527992
1162.107838 -7.497996 -25.286035
1162.356344 -6.612392 -25.037529
1162.611381 -5.877589 -24.782493
1162.899100 -5.192419 -24.494773
1163.127968 -4.726530 -24.265905
1163.415681 -4.215618 -23.978193
1163.683789 -3.798248 -23.710085
1163.945359 -3.434481 -23.448514
1164.246146 -3.059195 -23.147727
1164.514281 -2.756687 -22.879592
1164.743130 -2.518645 -22.650743
1165.017766 -2.253993 -22.376107
1165.259726 -2.037372 -22.134148
1165.508204 -1.829009 -21.885670
1165.776334 -1.618288 -21.617540
1166.037881 -1.425229 -21.355992
1166.332149 -1.221040 -21.061724
1166.613327 -1.037357 -20.780546
1166.835650 -0.899201 -20.558224
1167.123411 -0.728737 -20.270462
1167.398046 -0.574010 -19.995827
1167.646513 -0.440087 -19.747361
1167.901555 -0.308077 -19.492318
1168.163128 -0.177945 -19.230745
1168.457395 -0.037359 -18.936479
1168.732069 0.088795 -18.661804
1168.967459 0.193330 -18.426415
1169.202888 0.294825 -18.190986
1169.536419 0.433787 -17.857455
1169.791460 0.536530 -17.602413
1170.066104 0.644034 -17.327770
1170.327672 0.743615 -17.066202
1170.576186 0.835870 -16.817688
1170.877016 0.944694 -16.516858
1171.171299 1.048348 -16.222575
1171.413249 1.131642 -15.980625
1171.714085 1.232952 -15.679788
1171.982246 1.321293 -15.411628
1172.302667 1.424598 -15.091207
1172.544653 1.501099 -14.849221
1172.793192 1.578401 -14.600682
1173.080897 1.666378 -14.312976
1173.362139 1.750915 -14.031735
1173.623734 1.828332 -13.770140
1173.891843 1.906539 -13.502030
1174.159966 1.983669 -13.233908
1174.428101 2.059789 -12.965773
1174.715845 2.140418 -12.678029
1174.964358 2.209227 -12.429515
1175.284767 2.296885 -12.109107
1175.533280 2.364105 -11.860594
1175.788296 2.432428 -11.605578
1176.108717 2.517392 -11.285156
1176.376814 2.587775 -11.017060
1176.625328 2.652479 -10.768546
1176.886897 2.720056 -10.506977
1177.154994 2.788793 -10.238880
1177.455806 2.865324 -9.938068
1177.697767 2.926456 -9.696107
1177.978945 2.997048 -9.414929
1178.227445 3.059060 -9.166428
1178.521704 3.132064 -8.872169
1178.789827 3.198208 -8.604047
1179.005625 3.251201 -8.388248
1179.299872 3.323129 -8.094002
1179.620318 3.401061 -7.773556
1179.862253 3.459643 -7.531621
1180.169606 3.533772 -7.224268
1180.411553 3.591911 -6.982320
1180.705812 3.662385 -6.688061
1180.908492 3.710786 -6.485382
1181.196223 3.779317 -6.197651
1181.431617 3.835236 -5.962256
1181.680106 3.894135 -5.713768
1181.980956 3.965278 -5.412918
1182.294874 4.039337 -5.098999
1182.615295 4.114766 -4.778578
1182.870311 4.174692 -4.523562
1183.125327 4.234535 -4.268546
1183.426178 4.305039 -3.967696
1183.824932 4.398352 -3.568941
1184.132285 4.470189 -3.261589
1184.380786 4.528225 -3.013088
1184.648896 4.590803 -2.744978
1184.910465 4.651825 -2.483409
1185.172009 4.712819 -2.221865
1185.472834 4.782955 -1.921040
1185.760565 4.850029 -1.633309
1186.035202 4.914050 -1.358671
1186.296759 4.975021 -1.097115
1186.551775 5.034467 -0.842099
1186.826400 5.098484 -0.567474
1187.068360 5.154887 -0.325514
1187.329929 5.215861 -0.063945
1187.650337 5.290551 0.256464
1187.924988 5.354574 0.531114
1188.199625 5.418594 0.805751
1188.467709 5.481087 1.073836
1188.716210 5.539014 1.322337
1188.971226 5.598461 1.577353
1189.258970 5.665536 1.865097
1189.520527 5.726507 2.126653
1189.782096 5.787481 2.388222
1190.037099 5.846924 2.643226
1190.298681 5.907901 2.904807
1190.579872 5.973449 3.185998
1190.802198 6.025275 3.408324
1191.089878 6.092336 3.696005
1191.279540 6.136547 3.885667
1191.586893 6.208194 4.193019
1191.855003 6.270692 4.461129
1192.083869 6.324043 4.689996
1192.404290 6.398736 5.010417
1192.665834 6.459704 5.271960
1192.927403 6.520678 5.533530
1193.195513 6.583176 5.801639
1193.489797 6.651776 6.095924
1193.751354 6.712747 6.357480
1194.025979 6.776764 6.632105
1194.333331 6.848411 6.939458
1194.594901 6.909385 7.201027
1194.876079 6.974930 7.482205
1195.124554 7.032851 7.730681
1195.412260 7.099918 8.018386
1195.673842 7.160895 8.279968
1195.961573 7.227967 8.567699
1196.236211 7.291987 8.842337
1196.510873 7.356014 9.117000
1196.752847 7.412419 9.358973
1197.060199 7.484066 9.666326
1197.347905 7.551132 9.954031
1197.609474 7.612106 10.215601
1197.923367 7.685277 10.529494
1198.211124 7.752356 10.817250
1198.459625 7.810283 11.065751
1198.688504 7.863637 11.294631
1199.015491 7.939860 11.621618
1199.263979 7.997785 11.870106
1199.499361 8.052654 12.105488
1199.793658 8.121257 12.399785
1200.081390 8.188330 12.687516
1200.342984 8.249310 12.949110
1200.663418 8.324005 13.269544
1200.872650 8.372779 13.478777
1201.193046 8.447466 13.799172
1201.467709 8.511492 14.073835
1201.676967 8.560272 14.283093
1201.977766 8.630391 14.583893
1202.213173 8.685266 14.819300
1202.494390 8.750820 15.100516
1202.736350 8.807223 15.342476
1203.017515 8.872765 15.623642
1203.285638 8.935266 15.891764
1203.619152 9.013011 16.225279
1203.880683 9.073976 16.486810
1204.129172 9.131901 16.735298
1204.410350 9.197446 17.016476
1204.698081 9.264518 17.304207
1204.959625 9.325486 17.565751
1205.247292 9.392544 17.853419
1205.528445 9.458083 18.134571
1205.789913 9.519033 18.396039
1206.038299 9.576934 18.644426
1206.299779 9.637887 18.905906
1206.574328 9.701887 19.180454
1206.875013 9.771979 19.481140
1207.123400 9.829880 19.729526
1207.345650 9.881688 19.951776
1207.633279 9.948737 20.239406
1207.862083 10.002073 20.468209
1208.117086 10.061516 20.723212
1208.430928 10.134675 21.037055
1208.666323 10.189547 21.272449
1208.973587 10.261173 21.579713
1209.215509 10.317567 21.821635
1209.490134 10.381584 22.096260
1209.784329 10.450164 22.390456
1210.006617 10.501981 22.612744
1210.412090 10.596500 23.018217
1210.667081 10.655940 23.273207
1210.941718 10.719961 23.547845
1211.229424 10.787027 23.835551
1211.523658 10.855615 24.129784
1211.745959 10.907436 24.352085
1212.086014 10.986705 24.692140
1212.301799 11.037007 24.907926
1212.648319 11.117783 25.254445
1212.962212 11.190954 25.568338
1213.184526 11.242777 25.790652
1213.557220 11.329655 26.163346
1213.799155 11.386052 26.405281
1214.126129 11.462273 26.732255
1214.433444 11.533910 27.039570
1214.721149 11.600977 27.327276
1215.002327 11.666522 27.608454
1215.322761 11.741217 27.928887
1215.636629 11.814382 28.242755
1215.872036 11.869258 28.478162
1216.166295 11.937852 28.772422
1216.506338 12.017119 29.112464
1216.800546 12.085701 29.406672
1217.127482 12.161912 29.733608
1217.408622 12.227448 30.014748
1217.722490 12.300613 30.328616
1218.010221 12.367686 30.616347
1218.337157 12.443897 30.943283
1218.605241 12.506390 31.211368
1218.951799 12.587175 31.557925
1219.246058 12.655770 31.852184
1219.514155 12.718265 32.120281
1219.906458 12.809714 32.512584
1220.272662 12.895079 32.878789
1220.560368 12.962146 33.166494
1220.782694 13.013972 33.388821
1220.959250 7.416278 33.212265
1221.135792 6.596209 33.035723
1221.443120 5.771371 32.728395
1221.717783 5.272149 32.453732
1222.051297 4.805428 32.120218
1222.437149 4.373015 31.734366
1222.849365 3.988245 31.322150
1223.111163 3.771994 31.060352
1223.418744 3.538554 30.752771
1223.719607 3.327304 30.451908
1223.961504 3.167420 30.210011
1224.268768 2.974932 29.902747
1224.589075 2.784854 29.582440
1224.916062 2.600105 29.255453
1225.282266 2.402525 28.889249
1225.609202 2.233171 28.562313
1225.890317 2.092117 28.281198
1226.197581 1.942165 27.973934
1226.517951 1.789955 27.653564
1226.799154 1.659436 27.372361
1227.093401 1.525615 27.078115
1227.439958 1.371226 26.731557
1227.734230 1.242579 26.437285
1228.061204 1.101995 26.110311
1228.420830 0.949947 25.750685
1228.675871 0.843594 25.495644
1228.989752 0.714229 25.181763
1229.244755 0.610271 24.926760
1229.539014 0.491473 24.632501
1229.813664 0.381630 24.357851
1230.049059 0.288226 24.122456
1230.317169 0.182612 23.854346
1230.591793 0.075224 23.579722
1230.872984 -0.033961 23.298531
1231.114919 -0.127323 23.056596
1231.383054 -0.230212 22.788461
1231.644611 -0.330023 22.526904
1231.925789 -0.436754 22.245726
1232.193911 -0.538020 21.977604
1232.455455 -0.636353 21.716060
1232.717049 -0.734292 21.454466
1232.985146 -0.834264 21.186369
1233.266312 -0.938701 20.905203
1233.521366 -1.033103 20.650149
1233.756773 -1.119965 20.414742
1234.096803 -1.245010 20.074712
1234.345278 -1.336092 19.826237
1234.580724 -1.422183 19.590791
1234.855348 -1.522352 19.316167
1235.162688 -1.634160 19.008827
1235.385027 -1.714863 18.786488
1235.659690 -1.814361 18.511825
1235.953949 -1.920733 18.217566
1236.195884 -2.008026 17.975631
1236.464019 -2.104613 17.707496
1236.751725 -2.208073 17.419790
1237.039469 -2.311379 17.132046
1237.255255 -2.388747 16.916260
1237.582229 -2.505824 16.589286
1237.863432 -2.606372 16.308083
1238.111959 -2.695137 16.059556
1238.412784 -2.802466 15.758731
1238.687497 -2.900377 15.484018
1238.981794 -3.005168 15.189721
1239.243376 -3.098232 14.928139
1239.524567 -3.198196 14.646948
1239.799204 -3.295760 14.372311
1240.047705 -3.383986 14.123810
1240.335437 -3.486082 13.836078
1240.623142 -3.588113 13.548373
1240.910874 -3.690102 13.260642
1241.198592 -3.792042 12.972923
1241.486336 -3.893952 12.685179
1241.728309 -3.979625 12.443206
1241.983300 -4.069884 12.188215
1242.271018 -4.171704 11.900497
1242.571843 -4.278139 11.599672
1242.833412 -4.370669 11.338103
1243.094956 -4.463180 11.076559
1243.343444 -4.551065 10.828071
1243.663853 -4.664380 10.507663
1243.905813 -4.749949 10.265702
1244.154276 -4.837817 10.017239
1244.402764 -4.925694 9.768751
1244.690482 -5.027445 9.481033
1245.010916 -5.140765 9.160599
1245.259392 -5.228637 8.912123
1245.547097 -5.330384 8.624418
1245.795598 -5.418265 8.375917
1246.089857 -5.522329 8.081658
1246.364508 -5.619458 7.807008
1246.619524 -5.709643 7.551991
1246.868037 -5.797529 7.303478
1247.175352 -5.906210 6.996163
1247.449989 -6.003334 6.721526
1247.711546 -6.095833 6.459969
1248.031941 -6.209140 6.139574
1248.267323 -6.292382 5.904192
1248.496152 -6.373306 5.675363
1248.757708 -6.465804 5.413807
1249.032333 -6.562925 5.139182
1249.241566 -6.636919 4.929950
1249.542340 -6.743287 4.629175
1249.803871 -6.835776 4.367644
1250.071980 -6.930592 4.099535
1250.346605 -7.027712 3.824910
1250.640877 -7.131780 3.530638
1250.908999 -7.226601 3.262516
1251.144381 -7.309843 3.027134
1251.419057 -7.406981 2.752458
1251.700247 -7.506423 2.471268
1251.987953 -7.608169 2.183562
1252.203739 -7.684481 1.967776
1252.524173 -7.797801 1.647342
1252.785742 -7.890304 1.385773
1253.040783 -7.980499 1.130732
1253.302340 -8.072997 0.869175
1253.537747 -8.156248 0.633768
1253.851615 -8.267246 0.319900
1254.106669 -8.357445 0.064846
1254.381306 -8.454570 -0.209791
1254.655957 -8.551699 -0.484442
1254.897879 -8.637254 -0.726364
1255.198704 -8.743639 -1.027189
1255.447205 -8.831521 -1.275690
1255.721842 -8.928645 -1.550327
1255.963752 -9.014196 -1.792237
1256.251483 -9.115951 -2.079968
1256.506537 -9.206150 -2.335022
1256.755025 -9.294030 -2.583510
1257.036191 -9.393477 -2.864676
1257.337003 -9.499898 -3.165488
1257.592044 -9.590157 -3.420529
1257.866656 -9.687382 -3.695141
1258.134766 -9.782356 -3.963251
1258.422472 -9.884342 -4.250957
1258.703701 -9.984113 -4.532185
1258.952163 -10.072340 -4.780648
1259.233341 -10.172286 -5.061826
1259.553750 -10.286329 -5.382235
1259.808804 -10.377241 -5.637289
1260.103050 -10.482286 -5.931535
1260.364619 -10.575827 -6.193104
1260.639269 -10.674228 -6.467754
1260.887745 -10.763426 -6.716230
1261.110084 -10.843396 -6.938569
1261.417437 -10.954204 -7.245921
1261.685546 -11.051131 -7.514031
1261.947115 -11.145956 -7.775600
1262.169454 -11.226778 -7.997939
1262.463739 -11.334087 -8.292224
1262.751457 -11.439398 -8.579942
1262.993405 -11.528283 -8.821890
1263.300732 -11.641653 -9.129217
1263.575408 -11.743453 -9.403893
1263.843518 -11.843285 -9.672002
1264.118117 -11.946044 -9.946602
1264.386227 -12.046910 -10.214712
1264.667419 -12.153308 -10.495904
1264.961673 -12.265365 -10.790157
1265.249378 -12.375690 -11.077863
1265.517488 -12.479228 -11.345973
1265.772519 -12.578413 -11.601004
1266.053716 -12.688614 -11.882201
1266.308744 -12.789373 -12.137229
1266.563767 -12.890956 -12.392252
1266.818795 -12.993419 -12.647280
1267.126113 -13.118140 -12.954598
1267.368062 -13.217356 -13.196547
1267.649253 -13.333879 -13.477738
1267.923897 -13.449035 -13.752382
1268.133120 -13.537712 -13.961605
1268.381597 -13.644161 -14.210082
1268.630101 -13.751928 -14.458586
1268.957070 -13.895857 -14.785555
1269.205557 -14.006978 -15.034042
1269.480197 -14.131672 -15.308682
1269.735228 -14.249351 -15.563713
1270.022957 -14.384462 -15.851441
1270.264894 -14.500130 -16.093379
1270.526470 -14.627457 -16.354955
1270.781492 -14.754027 -16.609977
1271.023464 -14.876498 -16.851949
1271.271915 -15.004830 -17.100400
1271.520406 -15.135985 -17.348891
1271.795048 -15.284453 -17.623533
1272.030471 -15.414874 -17.858956
1272.318177 -15.578537 -18.146662
1272.625547 -15.759036 -18.454032
1272.906725 -15.929743 -18.735210
1273.161730 -16.089602 -18.990215
1273.429852 -16.263323 -19.258337
1273.691411 -16.438858 -19.519896
1273.952966 -16.620939 -19.781451
1274.221077 -16.815027 -20.049562
1274.430349 -16.972233 -20.258834
1274.718093 -17.197360 -20.546578
1274.986238 -17.417445 -20.814723
1275.228231 -17.625505 -21.056716
1275.457140 -17.831410 -21.285625
1275.686053 -18.047044 -21.514538
1275.928003 -18.286634 -21.756488
1276.137241 -18.504512 -21.965726
1276.366095 -18.755384 -22.194580
1276.660326 -19.099569 -22.488811
1276.908750 -19.411672 -22.737235
1277.111385 -19.682783 -22.939870
1277.431740 -20.146179 -23.260225
1277.719360 -20.604493 -23.547845
1277.993948 -21.086428 -23.822433
1278.203119 -21.487688 -24.031604
1278.471153 -22.052765 -24.299638
1278.745715 -22.702239 -24.574200
1279.026846 -23.457922 -24.855331
1279.275289 -24.219771 -25.103774
1279.536822 -25.139985 -25.365307
1279.785242 -26.153182 -25.613727
1280.007534 -27.201448 -25.836019
1280.269106 -28.645010 -26.097591
1280.537177 -30.408281 -26.365662
1280.792140 -32.391094 -26.620625
1280.994807 -34.187116 -26.823292
1281.275977 -36.963040 -27.104462
1281.504792 -39.393847 -27.333277
1281.772889 -17.138690 -27.065180
1282.132616 -12.606780 -26.705452
1282.420368 -10.625107 -26.417701
1282.681974 -9.317569 -26.156094
1283.146272 -7.613399 -25.691796
1283.420914 -6.834372 -25.417154
1283.715175 -6.125030 -25.122894
1283.983294 -5.564563 -24.854774
1284.212146 -5.137595 -24.625922
1284.441019 -4.749706 -24.397049
1284.702596 -4.346684 -24.135472
1285.042634 -3.876257 -23.795434
1285.369587 -3.471101 -23.468481
1285.604997 -3.203484 -23.233071
1285.886187 -2.906585 -22.951881
1286.101976 -2.693607 -22.736092
1286.317782 -2.492130 -22.520286
1286.585875 -2.256260 -22.252193
1286.840916 -2.045190 -21.997152
1287.095959 -1.845757 -21.742109
1287.364061 -1.647414 -21.474007
1287.638705 -1.455060 -21.199363
1287.900279 -1.281076 -20.937789
1288.174923 -1.107172 -20.663145
1288.436505 -0.949150 -20.401563
1288.724218 -0.783156 -20.113850
1288.979260 -0.642275 -19.858808
1289.253932 -0.496583 -19.584137
1289.535090 -0.353404 -19.302978
1289.822824 -0.212602 -19.015244
1290.084409 -0.089224 -18.753659
1290.339451 0.027144 -18.498617
1290.627184 0.154116 -18.210884
1290.901830 0.271364 -17.936238
1291.137268 0.369018 -17.700800
1291.431545 0.487630 -17.406523
1291.693118 0.590062 -17.144950
1291.928527 0.679997 -16.909541
1292.209719 0.784807 -16.628349
1292.530133 0.901003 -16.307935
1292.785170 0.991200 -16.052898
1293.092528 1.097392 -15.745540
1293.367148 1.190106 -15.470920
1293.628718 1.276640 -15.209350
1293.883729 1.359438 -14.954339
1294.184562 1.455252 -14.653506
1294.433042 1.532966 -14.405026
1294.720824 1.621462 -14.117244
1294.936648 1.686827 -13.901420
1295.211324 1.768846 -13.626744
1295.479421 1.847709 -13.358647
1295.793339 1.938650 -13.044729
1296.041802 2.009624 -12.796266
1296.316465 2.087113 -12.521603
1296.584575 2.161830 -12.253493
1296.839591 2.232103 -11.998477
1297.061930 2.292773 -11.776139
1297.303890 2.358199 -11.534178
1297.630864 2.445681 -11.207204
1297.905527 2.518391 -10.932541
1298.199735 2.595544 -10.638333
1298.480977 2.668634 -10.357091
1298.768670 2.742777 -10.069398
1299.004077 2.803004 -9.833991
1299.278727 2.872801 -9.559341
1299.559918 2.943769 -9.278150
1299.808406 3.006098 -9.029662
1300.076516 3.072967 -8.761552
1300.344626 3.139468 -8.493443
1300.625804 3.208841 -8.212264
1300.880820 3.271456 -7.957249
1301.135848 3.333804 -7.702220
1301.390890 3.395906 -7.447178
1301.658974 3.460933 -7.179094
1301.953258 3.532043 -6.884810
1302.214802 3.595021 -6.623266
1302.489452 3.660951 -6.348616
1302.718319 3.715744 -6.119749
1302.986429 3.779777 -5.851639
1303.247998 3.842101 -5.590070
1303.457243 3.891862 -5.380825
1303.790758 3.971018 -5.047310
1304.006531 4.022137 -4.831537
1304.307343 4.093296 -4.530725
1304.575453 4.156627 -4.262615
1304.850090 4.221423 -3.987978
1305.098591 4.279996 -3.739477
1305.360148 4.341597 -3.477920
1305.608623 4.400080 -3.229445
1305.922516 4.473920 -2.915552
1306.177545 4.533890 -2.660523
1306.484872 4.606142 -2.353196
1306.739914 4.666097 -2.098154
1307.014551 4.730659 -1.823517
1307.243418 4.784461 -1.594650
1307.531149 4.852101 -1.306919
1307.831949 4.922813 -1.006119
1308.080450 4.981231 -0.757618
1308.328925 5.039643 -0.509143
1308.583967 5.099598 -0.254102
1308.871672 5.167232 0.033604
1309.159391 5.234869 0.321323
1309.401326 5.291743 0.563258
1309.669448 5.354774 0.831380
1309.931017 5.416263 1.092949
1310.172940 5.473135 1.334872
1310.460671 5.540775 1.622603
