0.000000 0.000000
0.000000 0.569373
0.176555 0.569396
0.353124 0.569478
0.529704 2.846782
0.706234 7.528770
0.889330 14.529605
1.065847 14.402518
1.248893 7.402666
1.425385 2.691934
1.628077 0.488660
1.804708 1.415242
1.987804 6.014078
2.177352 6.011764
2.367090 1.403192
2.556599 0.620641
2.759304 2.927466
2.948889 7.745480
3.131998 14.798744
3.308490 24.043641
3.485071 36.077253
3.681209 36.932124
3.857739 25.171236
4.073462 15.718807
4.263073 9.502432
4.472254 6.022456
4.674972 5.587359
4.864633 8.120487
5.047679 13.807264
5.224259 23.307760
5.413845 36.289689
5.603431 36.630196
5.806224 25.701116
5.989231 19.395603
6.165748 16.490033
6.348768 16.181213
6.544920 18.349042
6.767208 22.881813
6.963385 29.312127
7.139902 37.683733
7.316445 48.449899
7.499477 61.821599
7.695667 77.409759
7.904912 92.921861
8.081442 107.984147
8.264563 123.881407
8.447646 140.349525
8.630768 157.609203
8.820404 177.359652
9.049258 196.722244
9.225852 196.406301
9.422041 180.599947
9.605099 167.975675
9.781654 157.673410
9.964699 149.301574
10.160876 143.437188
10.337368 140.113992
10.553154 138.879958
10.736199 139.109230
10.971492 140.024864
11.213389 141.597532
11.468430 143.744693
11.703876 146.527745
11.958942 149.684692
12.155183 153.611197
12.338241 159.813798
12.521375 169.156820
12.710960 182.079467
12.913652 198.067664
13.122923 217.382730
13.371347 237.334315
13.574014 255.847147
13.770166 273.840860
13.946657 294.262159
14.175511 315.389537
14.352029 335.589750
14.548129 336.748090
14.737753 319.660108
14.920925 306.610294
15.104008 297.338828
15.280589 291.421701
15.522499 288.950806
15.725178 288.992472
15.999701 289.647750
16.222028 290.730630
16.490048 292.526961
16.803853 295.129946
17.130738 298.153683
17.405299 301.143267
17.634153 303.850032
17.810620 306.598257
18.006797 309.787631
18.209463 313.539137
18.438330 318.016650
18.647575 324.266739
18.876404 332.042898
19.052959 340.963327
19.236068 352.297765
19.432207 365.788541
19.621830 381.047962
19.811467 397.785569
19.994524 397.247998
20.197204 381.296800
20.373785 368.803237
20.550315 358.357378
20.733385 350.040561
20.916417 343.618589
21.151774 339.806173
21.393658 338.972516
21.635580 339.431068
21.870835 340.457973
22.158554 342.104816
22.433140 344.008383
22.648926 346.345692
22.910457 349.116487
23.132809 351.779223
23.315879 354.676204
23.525099 357.845423
23.708208 361.199992
23.904346 364.816955
24.087404 368.715787
24.283568 373.355152
24.466677 379.662869
24.649735 388.693850
24.839384 400.154809
25.015901 413.749008
25.192482 429.795878
25.369037 429.756584
25.552171 413.823709
25.748412 401.418199
25.944576 393.366611
26.127685 389.390430
26.317296 388.327330
26.500366 388.525463
26.709535 389.083192
26.938338 390.099553
27.206410 391.300489
27.382927 393.203622
27.722881 395.468609
27.912479 398.154246
28.226296 401.416676
28.455150 404.770494
28.710115 408.704336
28.965068 412.513787
29.161232 416.318794
29.363899 421.220341
29.566553 428.153115
29.775849 437.356161
29.978528 447.815601
30.155045 459.373566
30.331575 472.628950
30.508169 487.888495
30.691252 488.291140
30.867795 473.778447
31.044388 461.090838
31.233961 449.065505
31.488939 439.846969
31.691593 434.886549
31.907378 432.719082
32.083858 432.431737
32.260400 432.902184
32.534936 433.709002
32.724560 435.000035
32.999172 436.981054
33.267282 439.679189
33.568068 442.778896
33.810016 445.743828
34.012759 449.338683
34.280805 453.356102
34.490000 457.060080
34.679636 461.010101
34.882290 465.805497
35.084956 471.864389
35.261525 479.843362
35.438029 491.241818
35.640708 505.569579
35.823842 521.947885
36.006900 522.480061
36.183443 507.133670
36.373105 495.182044
36.556213 487.256470
36.732743 482.912549
36.928895 481.486219
37.118519 481.655855
37.386552 482.359526
37.634989 483.654568
37.948806 485.120935
38.125336 487.438267
38.511048 490.955598
38.837972 494.658119
39.125627 498.284813
39.361021 501.891529
39.589875 505.489474
39.785976 508.943419
39.962506 513.852524
40.197888 520.420634
40.374456 528.373438
40.564041 539.128170
40.773312 552.432239
40.975991 566.669517
41.152572 581.743880
41.329077 598.230138
41.505581 615.480746
41.682187 633.344204
41.865220 654.055330
42.094099 676.344922
42.303382 696.550611
42.486517 716.314116
42.682719 737.677989
42.891977 759.633028
43.094707 783.989339
43.343195 810.432643
43.578678 833.209101
43.755234 857.016004
44.003760 888.176409
44.304572 919.364810
44.546533 952.493818
44.873520 982.726778
45.063232 984.039484
45.239800 965.196985
45.422896 948.268222
45.606005 933.859035
45.782522 921.706347
45.965618 910.908073
46.181366 902.090994
46.403628 896.583103
46.606282 894.024602
46.861235 893.412157
47.096477 893.808675
47.429852 894.689279
47.795980 895.675165
47.992132 896.674191
48.227513 897.974433
48.469436 899.579474
48.730954 901.199529
48.920565 903.099071
49.195190 905.486328
49.450244 907.965983
49.692179 910.720971
49.953735 913.745395
50.202224 917.019581
50.463869 920.627302
50.725489 924.490618
50.987122 928.609914
51.248780 932.811629
51.490791 937.626039
51.791705 942.237287
51.987869 946.390571
52.216748 950.493360
52.393304 954.271339
52.576412 958.490065
52.779104 963.262526
52.955660 969.972436
53.164930 978.758493
53.341473 989.099229
53.524569 1001.634654
53.707640 1016.214941
53.890761 1032.506670
54.067304 1050.802515
54.250361 1072.950021
54.466147 1095.577778
54.642664 1118.559404
54.858463 1144.466717
55.080713 1171.038248
55.303090 1196.694513
55.505756 1225.838758
55.780368 1259.747231
56.054993 1288.298399
56.238038 1315.955581
56.493080 1345.103279
56.695784 1377.559114
56.996571 1412.884595
57.238506 1417.935142
57.415125 1398.002346
57.591681 1381.396934
57.768274 1367.573318
57.964464 1356.923000
58.160666 1350.377538
58.356932 1347.493586
58.566215 1346.932484
58.827708 1347.110874
59.004213 1347.466378
59.291842 1348.053403
59.559927 1348.723618
59.775700 1349.523360
60.024200 1350.484473
60.253143 1351.758838
60.560521 1353.173842
60.782924 1354.868989
61.109949 1356.821629
61.358437 1358.694776
61.606963 1361.020672
61.920780 1363.783113
62.221542 1366.487614
62.476532 1369.300260
62.757647 1372.369010
63.025693 1375.351562
63.260999 1378.857296
63.581305 1382.763136
63.849364 1386.479593
64.110832 1390.786819
64.431202 1394.817520
64.633894 1398.134185
64.843114 1402.579424
65.163497 1407.464618
65.405394 1411.357736
65.595043 1415.261504
65.823859 1420.765199
66.163914 1427.186345
66.464650 1432.971353
66.719666 1437.814412
66.915843 1442.067317
67.105441 1447.010825
67.347363 1452.392870
67.530472 1458.169482
67.713581 1466.052691
67.929366 1475.937399
68.132058 1486.384589
68.308652 1497.679202
68.491735 1512.026164
68.714036 1527.577077
68.890604 1542.751755
69.067134 1559.828963
69.256770 1578.905498
69.446394 1599.799476
69.642571 1622.972680
69.851905 1625.387764
70.028410 1605.729343
70.231114 1588.099227
70.414248 1573.567917
70.603834 1561.370504
70.786955 1550.957129
71.009243 1542.843808
71.211935 1538.082407
71.408061 1535.802053
71.656473 1535.231406
71.832914 1535.458848
72.126945 1535.813670
72.310003 1536.266670
72.532291 1536.905354
72.761119 1537.771402
73.022663 1538.783931
73.244951 1540.053915
73.532619 1541.614017
73.794150 1543.213868
74.029557 1544.822180
74.245292 1546.779741
74.526521 1549.013692
74.768418 1551.295971
75.016919 1554.068358
75.317744 1557.076563
75.572810 1559.840957
75.795162 1562.739338
76.043714 1566.193094
76.324917 1569.884779
76.579971 1573.345572
76.802348 1577.717580
77.148919 1582.217558
77.364730 1586.075551
77.606690 1590.076373
77.822476 1594.052625
78.044777 1598.356743
78.280209 1604.135692
78.633282 1609.494604
78.809850 1614.051258
79.064853 1619.668822
79.326384 1624.721030
79.516046 1629.323440
79.725266 1634.035710
79.914953 1638.868836
80.124173 1643.645317
80.300741 1648.454417
80.503458 1654.464451
80.732338 1661.847207
80.935055 1671.245912
81.150879 1683.124699
81.360099 1695.925352
81.536692 1710.307774
81.732869 1727.396092
81.929059 1746.890443
82.131776 1767.693367
82.314834 1791.426923
82.530632 1793.103482
82.726809 1772.059226
82.916484 1754.827615
83.119239 1741.563263
83.308888 1732.379969
83.524674 1726.793245
83.747102 1724.611868
83.943330 1724.286852
84.126387 1724.487053
84.342084 1724.890060
84.629727 1725.440098
84.852065 1726.063480
85.074354 1726.825301
85.303296 1727.819143
85.571419 1729.026095
85.826575 1730.314474
86.062045 1731.868835
86.349853 1733.987491
86.696436 1736.150670
86.938358 1738.195665
87.199940 1740.704347
87.507229 1743.136250
87.716423 1745.840674
88.036806 1748.835280
88.272137 1751.935159
88.572861 1755.490497
88.853988 1758.689051
89.069685 1762.110980
89.357302 1766.010683
89.618820 1770.060084
89.899947 1774.236025
90.154887 1778.492586
90.422971 1782.861058
90.671396 1787.048423
90.900275 1791.325073
91.142185 1796.437157
91.442959 1801.060317
91.619514 1804.787649
91.815666 1809.216057
92.051048 1814.887676
92.351873 1821.013012
92.613391 1826.292996
92.822624 1831.084195
93.005719 1837.399940
93.234586 1845.628910
93.437278 1855.086399
93.639983 1865.759047
93.829619 1877.319807
94.012766 1891.033008
94.221986 1906.441025
94.411622 1921.981366
94.588165 1938.566984
94.771248 1956.756393
94.954369 1977.765103
95.163615 1999.935717
95.346698 2000.433908
95.529743 1981.098847
95.719341 1963.328368
95.922059 1948.520992
96.098614 1936.677707
96.288288 1926.532635
96.490904 1918.385863
96.726286 1913.172699
96.955165 1911.223026
97.144637 1910.979160
97.347227 1911.243062
97.667508 1911.635353
97.850579 1912.136668
98.092463 1912.806526
98.308223 1913.762221
98.609010 1914.860067
98.818192 1916.080820
99.086264 1917.591727
99.341280 1919.302396
99.609364 1921.021095
99.818584 1922.837551
100.067059 1924.911150
100.302466 1927.352860
100.590223 1930.253030
100.877929 1933.274278
101.146051 1936.239428
101.388037 1939.186008
101.623508 1942.567292
101.904736 1946.026813
102.127075 1949.588166
102.395198 1953.825948
102.682891 1957.892901
102.905242 1961.827136
103.153743 1966.264603
103.415287 1970.882589
103.663788 1975.883183
103.944979 1980.804724
104.167229 1985.106101
104.369997 1989.402466
104.579242 1995.122599
104.899625 2001.452292
105.148139 2007.105096
105.390036 2012.532604
105.605872 2017.546052
105.802011 2022.853148
106.030916 2028.621855
106.253255 2034.224243
106.429848 2040.639122
106.612919 2049.089018
106.802593 2059.342862
106.985664 2071.712190
107.181904 2085.917242
107.364974 2101.466612
107.548083 2118.448993
107.724638 2136.797766
107.901143 2156.796744
108.077737 2156.541555
108.267398 2136.853416
108.463563 2121.063299
108.653237 2109.573063
108.836371 2101.995751
109.012952 2097.428657
109.235342 2095.374688
109.425029 2095.098742
109.614614 2095.301368
109.830311 2095.733037
110.144128 2096.374003
110.405647 2097.041389
110.608377 2097.834391
110.856979 2098.941661
111.144787 2100.233785
111.399955 2101.661249
111.668077 2103.277671
111.929672 2104.999252
112.178173 2106.835357
112.426661 2109.313545
112.786274 2112.074716
113.054371 2114.510059
113.296243 2117.294980
113.597055 2120.131239
113.819305 2123.203890
114.126531 2126.508092
114.361887 2129.976622
114.662585 2133.882438
114.937134 2137.613077
115.185546 2141.319978
115.433958 2145.393573
115.708557 2149.906377
115.989697 2154.380089
116.238122 2159.040739
116.519312 2163.804445
116.761196 2168.624334
117.029293 2173.336379
117.245092 2178.074889
117.500070 2182.593671
117.683166 2187.968946
118.003587 2194.565777
118.284727 2200.418104
118.507027 2206.867377
118.749026 2214.617460
118.951692 2223.621469
119.160950 2235.054735
119.389842 2247.392828
119.572964 2260.083835
119.762524 2275.203558
119.971845 2291.511346
120.154890 2309.753266
120.370702 2329.083987
120.547270 2347.839314
120.723800 2367.655048
120.900355 2389.580676
121.103136 2411.626726
121.279742 2436.663799
121.534847 2467.709894
121.816127 2494.539320
121.999261 2526.189474
122.365529 2560.035473
122.587817 2588.158786
122.855926 2616.228949
123.078240 2641.996097
123.307094 2668.830577
123.549054 2695.981617
123.784436 2725.663812
124.072117 2753.436443
124.274796 2777.084390
124.490582 2799.589264
124.673716 2800.162966
124.856837 2781.512884
125.046422 2764.672541
125.242612 2750.699608
125.419142 2739.678295
125.595710 2730.755173
125.772278 2723.760701
125.961838 2718.732592
126.171071 2716.168090
126.373674 2715.599191
126.569686 2715.703985
126.798464 2715.898840
127.001130 2716.231583
127.269113 2716.926996
127.680987 2717.777723
127.929437 2718.574224
128.171321 2719.482021
128.413218 2720.510151
128.655115 2721.658529
128.896986 2722.946051
129.145436 2724.437647
129.413470 2726.061253
129.661945 2727.997047
129.975788 2730.076386
130.224238 2731.947051
130.446564 2733.908914
130.688512 2736.069234
130.930472 2738.285230
131.159364 2740.720459
131.420933 2743.485871
131.689069 2746.280722
131.930991 2749.137400
132.186020 2752.322782
132.460657 2755.348387
132.669915 2758.510618
132.944552 2762.098460
133.199594 2765.644671
133.448095 2769.670082
133.748894 2773.784102
133.990817 2777.852704
134.265467 2782.214935
134.527049 2786.388451
134.762481 2790.230559
134.971777 2794.538832
135.246478 2799.999050
135.566975 2805.499005
135.828519 2809.946781
136.024798 2814.384328
136.273286 2819.320048
136.508731 2824.309276
136.750666 2829.485483
136.992639 2836.180938
137.358831 2843.634662
137.653141 2850.164762
137.921238 2855.831045
138.130509 2861.063151
138.352860 2867.129019
138.620983 2872.971714
138.817210 2878.088172
139.019940 2883.641677
139.229211 2890.071547
139.431966 2897.818845
139.628194 2907.727490
139.843980 2918.995549
140.027101 2931.683757
140.229882 2946.204925
140.419518 2962.186243
140.615721 2979.137575
140.792302 2996.999926
140.975347 3016.644697
141.158468 3037.776047
141.341564 3066.765775
141.622640 3099.234670
141.838451 3129.331018
142.073859 3161.430062
142.322398 3196.677536
142.610129 3229.925553
142.832442 3264.923921
143.152838 3299.645240
143.375151 3338.876504
143.774058 3381.430464
144.055211 3411.774135
144.264456 3437.434407
144.473727 3460.917948
144.650257 3461.768890
144.826838 3443.701973
145.003406 3428.907870
145.179986 3417.386348
145.356555 3408.786969
145.559297 3403.630352
145.762002 3401.931363
145.964783 3401.772313
146.180721 3401.890435
146.409613 3402.085848
146.644957 3402.378840
146.906399 3402.716660
147.102500 3403.122940
147.350950 3403.693966
147.632090 3404.272539
147.821688 3404.890775
148.070113 3405.712540
148.344687 3406.776634
148.671521 3407.898059
148.919946 3408.919626
149.148724 3410.153179
149.449409 3411.575549
149.717468 3412.927423
149.952812 3414.451850
150.246956 3416.167754
150.514964 3417.930174
150.789538 3419.792784
151.057559 3421.658828
151.306035 3423.594773
151.567655 3425.645427
151.822747 3427.817491
152.090907 3430.437155
152.424447 3433.043658
152.666370 3435.427287
152.927926 3438.061238
153.202576 3440.895448
153.483754 3443.978173
153.784529 3447.136378
154.059166 3450.452559
154.366519 3453.918645
154.647697 3457.139351
154.896172 3460.251915
155.144660 3463.665984
155.425851 3466.815798
155.622003 3470.468475
155.962020 3474.755210
156.236619 3478.413286
156.472014 3482.020233
156.727017 3485.958010
156.995063 3490.297271
157.289271 3494.371003
157.511610 3498.495128
157.799253 3503.083142
158.067350 3507.049646
158.270080 3511.160129
158.544679 3515.804344
158.799695 3519.893917
159.002463 3523.458806
159.192023 3527.016792
159.388200 3530.564181
159.571334 3535.236227
159.878674 3540.871757
160.153325 3545.906070
160.388732 3550.435709
160.604530 3554.971433
160.833460 3559.435683
161.036152 3563.550739
161.225852 3567.509675
161.408935 3571.802300
161.624810 3576.289899
161.821012 3581.374381
162.063011 3587.389468
162.272332 3593.687375
162.455466 3600.887687
162.651694 3609.252169
162.841356 3619.430715
163.063733 3631.139485
163.266501 3642.897810
163.449597 3654.845697
163.626203 3668.251956
163.822418 3682.878726
164.005527 3699.448561
164.221312 3716.765991
164.397855 3734.332015
164.594108 3754.221549
164.796749 3774.514591
164.979871 3775.163152
165.156363 3757.699510
165.332981 3742.330457
165.509511 3728.649723
165.699161 3717.142408
165.875716 3708.221310
166.052259 3701.140827
166.248423 3695.997927
166.470686 3693.503770
166.660157 3693.028144
166.862785 3693.122709
167.137283 3693.284397
167.333384 3693.540364
167.607996 3693.852488
167.791028 3694.270001
168.078683 3695.096076
168.529762 3695.984365
168.758565 3696.775294
169.033177 3697.662775
169.268508 3698.583194
169.510405 3699.675377
169.785005 3700.940106
170.059591 3702.139549
170.268786 3703.417197
170.536832 3704.945954
170.804967 3706.453008
171.033821 3708.647374
171.471971 3711.221136
171.772770 3713.374932
172.047408 3715.464755
172.302437 3717.519204
172.544384 3719.607261
172.786332 3721.903064
173.054442 3724.320807
173.302955 3726.939054
173.590687 3729.688759
173.845715 3732.623941
174.146515 3735.773657
174.421127 3738.665359
174.656572 3741.738630
174.944291 3744.779093
175.160051 3747.925516
175.447820 3751.453961
175.709415 3755.008369
175.984103 3758.757426
176.258855 3762.380320
176.500790 3766.105982
176.775440 3769.873240
177.010835 3773.895295
177.305106 3778.060438
177.547054 3781.913237
177.788938 3786.069316
178.057061 3790.538279
178.325107 3794.770309
178.553999 3798.693879
178.776351 3802.869215
179.024775 3807.362015
179.273302 3813.305770
179.665655 3818.733382
179.848764 3822.456353
180.051507 3827.469593
180.358885 3833.223897
180.626982 3838.562151
180.882023 3844.211025
181.169780 3850.526191
181.477120 3857.038586
181.771430 3862.364764
181.961079 3867.273077
182.209542 3872.468232
182.418850 3877.136039
182.615053 3881.710696
182.811229 3886.516855
183.000891 3891.878917
183.177459 3899.121875
183.399811 3907.617084
183.576417 3917.499212
183.792190 3929.239115
183.988392 3941.624542
184.178054 3955.354912
184.374257 3970.661879
184.570433 3987.336497
184.766636 4005.377963
184.962800 4024.095223
185.145909 4043.400508
185.328992 4063.893980
185.512050 4064.798706
185.688605 4046.626766
185.878254 4030.679061
186.094027 4018.886745
186.277148 4011.770120
186.473363 4007.980703
186.656497 4006.691693
186.846172 4006.504648
187.081579 4006.633819
187.290900 4006.803649
187.474009 4007.020063
187.670148 4007.283717
187.853269 4007.636062
188.088651 4008.069754
188.297922 4008.557920
188.520273 4009.192307
188.788421 4009.986008
189.063033 4010.783816
189.278806 4011.699174
189.566499 4012.815192
189.841073 4014.072125
190.141771 4015.270057
190.350953 4016.625906
190.671272 4018.323693
190.971945 4020.033240
191.253046 4021.796417
191.534123 4023.552319
191.782509 4025.361395
192.050543 4027.358701
192.325117 4029.402183
192.580108 4031.461880
192.835085 4033.524203
193.070480 4035.791011
193.351683 4038.513363
193.665564 4041.219522
193.920555 4043.979561
194.221341 4046.731898
194.456774 4049.557909
194.751033 4052.766337
195.038739 4056.013965
195.319917 4059.015289
195.548783 4062.114070
195.829949 4065.292401
196.058841 4069.000877
196.405373 4073.378977
196.719254 4077.037397
196.941580 4080.480502
197.209677 4084.286089
197.471221 4088.237338
197.745820 4092.486124
198.033488 4096.374336
198.249261 4100.519605
198.556512 4105.120062
198.818068 4109.673239
199.105736 4114.380627
199.373820 4118.734685
199.609202 4122.769122
199.831503 4127.116050
200.093059 4131.780016
200.341560 4136.038571
200.550767 4139.809355
200.740455 4143.891958
200.975849 4148.352291
201.198188 4152.688638
201.413961 4158.363656
201.760557 4165.079026
202.067897 4171.178525
202.342547 4176.973220
202.610669 4182.292882
202.833059 4187.601233
203.075032 4193.155849
203.264681 4200.376937
203.526314 4208.541714
203.702920 4217.198275
203.918744 4227.210881
204.108469 4238.279835
204.317752 4251.531765
204.540129 4264.885458
204.716723 4277.971514
204.899819 4292.786180
205.096021 4309.472806
205.298751 4326.353912
205.475332 4343.684579
205.664981 4362.286116
205.848077 4382.262637
206.044229 4402.691823
206.220822 4426.061702
206.462757 4429.612772
206.652368 4410.578276
206.848570 4393.527593
207.051250 4379.495146
207.234346 4367.789317
207.450157 4358.646119
207.626699 4352.744465
207.803306 4348.710467
208.038637 4346.821359
208.241265 4346.568300
208.437302 4346.647777
208.613756 4346.886744
209.005957 4347.391038
209.417869 4347.946809
209.659715 4348.412819
209.855867 4348.953420
210.097776 4349.645389
210.352716 4350.525349
210.653465 4351.504900
210.908379 4352.489447
211.156817 4353.549249
211.405241 4354.744717
211.673300 4356.082903
211.941321 4357.447266
212.183231 4358.927831
212.457843 4360.538478
212.712846 4362.118071
212.948317 4363.902925
213.236048 4365.897513
213.504145 4367.874598
213.759174 4369.788091
213.988066 4371.900946
214.269193 4374.184121
214.517732 4376.510855
214.785816 4379.118984
215.073560 4381.732639
215.322061 4384.385876
215.596699 4387.308377
215.877877 4390.412452
216.165646 4393.514174
216.427177 4396.687186
216.708342 4399.716650
216.930669 4402.929515
217.224940 4406.438228
217.480007 4409.927512
217.754645 4413.466363
218.003171 4417.060030
218.271331 4420.983314
218.552535 4424.911764
218.807602 4428.443291
219.023387 4432.264077
219.304527 4436.580335
219.572599 4440.682296
219.814534 4444.661146
220.056507 4448.610065
220.285323 4452.867242
220.553420 4457.496481
220.815002 4461.868342
221.043843 4466.573100
221.331574 4471.114365
221.534292 4475.565857
221.802389 4480.404378
222.037834 4484.622419
222.234023 4490.037490
222.580594 4495.392837
222.763715 4500.121589
223.038416 4504.839871
223.214997 4509.362299
223.463485 4514.581124
223.698930 4519.739147
223.934350 4524.975002
224.169783 4530.588936
224.431390 4536.133184
224.653754 4541.465196
224.882621 4547.231203
225.091892 4554.124237
225.307716 4562.406322
225.510446 4571.376939
225.693605 4580.921605
225.870148 4591.392676
226.046716 4604.124434
226.255974 4618.037482
226.432542 4631.953552
226.609123 4648.449641
226.818406 4666.445984
227.001464 4684.146118
227.178057 4702.989285
227.361140 4702.979805
227.557330 4685.463557
227.746992 4671.915070
227.943169 4662.404018
228.119711 4656.800929
228.302845 4654.177328
228.505576 4653.582004
228.695212 4653.668097
228.937236 4653.827297
229.166153 4654.066256
229.414692 4654.356640
229.617461 4654.708816
229.852893 4655.133978
230.068666 4655.662420
230.330312 4656.305480
230.578787 4656.933359
230.774926 4657.679599
231.049487 4658.585792
231.297950 4659.600835
231.579090 4660.806855
231.873260 4662.201217
232.187102 4663.505287
232.402901 4664.753058
232.657866 4666.340831
232.965193 4668.065310
233.233278 4669.862730
233.527562 4671.783291
233.802187 4673.789918
234.089867 4675.847525
234.351449 4677.929353
234.619571 4680.271149
234.920346 4682.684717
235.181940 4685.118716
235.463105 4687.868544
235.770407 4690.827434
236.071232 4693.669612
236.332776 4696.339919
236.581239 4699.135203
236.849349 4702.165988
237.123961 4705.215472
237.378989 4708.360813
237.653525 4711.883419
237.954249 4715.171635
238.176460 4718.477099
238.464128 4722.303519
238.751720 4726.193192
239.032796 4730.144249
239.313885 4734.006657
239.568812 4737.870080
239.836846 4741.620289
240.065674 4745.047073
240.281422 4749.171380
240.588698 4753.908257
240.869851 4758.213727
241.111723 4762.616802
241.392901 4767.218527
241.647891 4771.627993
241.896379 4776.539512
242.197153 4781.358823
242.425969 4786.036574
242.700645 4790.664986
242.916380 4795.510872
243.204162 4800.039505
243.380666 4804.063086
243.609559 4809.740242
243.943099 4816.597411
244.276588 4823.111727
244.564345 4829.407015
244.865157 4834.947053
245.074453 4840.017319
245.296855 4846.019898
245.506126 4854.149525
245.767720 4863.828700
245.983633 4873.688137
246.186350 4885.211952
246.415306 4898.186261
246.624564 4911.180542
246.814315 4924.854639
247.010492 4939.291307
247.193562 4953.931133
247.370181 4969.203995
247.546749 4985.987676
247.736385 5003.684660
247.912941 5022.014323
248.096062 5041.223739
248.272618 5061.792154
248.468769 5084.307285
248.678052 5106.361244
248.867701 5136.525408
249.227365 5168.685714
249.456283 5198.458170
249.776691 5228.416593
250.012137 5257.102929
250.312961 5285.969287
250.554922 5312.219828
250.809938 5336.607460
251.019208 5363.214314
251.319983 5391.367876
251.561956 5412.948681
251.738524 5442.019217
252.130852 5472.560036
252.340123 5474.768708
252.516691 5459.130131
252.693246 5444.933778
252.889423 5432.926013
253.065991 5423.098168
253.275262 5415.284454
253.471426 5410.449966
253.654535 5407.958185
253.889942 5407.219370
254.092507 5407.268700
254.268973 5407.370645
254.497840 5407.512884
254.674421 5407.691989
254.877126 5407.917694
255.066787 5408.209236
255.295629 5408.581952
255.524470 5409.041770
255.779422 5409.603854
256.040915 5410.204232
256.269744 5410.896574
256.544343 5411.675300
256.786253 5412.428377
257.001975 5413.268653
257.256902 5414.273513
257.524949 5415.440699
257.819157 5416.568718
258.034904 5417.715414
258.302963 5419.041726
258.564494 5420.411412
258.819523 5421.684853
259.022215 5423.044034
259.283810 5424.518709
259.506187 5425.891083
259.715445 5427.429797
259.970524 5428.953254
260.160122 5430.468000
260.395542 5432.352477
260.670192 5434.356395
260.918668 5436.333331
261.167182 5438.379741
261.415657 5440.553147
261.677239 5442.946768
261.958417 5445.481742
262.233042 5448.040909
262.501139 5450.389440
262.716937 5452.844588
262.991575 5455.670063
263.266212 5458.225024
263.475457 5461.037155
263.782785 5464.134411
264.031260 5467.096742
264.299370 5470.288886
264.573995 5473.441563
264.822470 5476.840900
265.123270 5480.401872
265.384826 5483.883973
265.659464 5487.134685
265.875249 5490.506449
266.156427 5494.169353
266.404928 5497.680061
266.653391 5501.356360
266.914973 5505.055067
267.156908 5509.027508
267.444614 5513.173928
267.699630 5517.096363
267.948080 5521.461366
268.248879 5526.119576
268.523568 5530.050959
268.726222 5534.334976
269.033587 5540.731029
269.471686 5547.255646
269.779013 5551.811592
269.981693 5556.274573
270.269424 5561.161282
270.511384 5565.759808
270.759860 5570.109922
270.969130 5574.077099
271.171810 5578.415399
271.413757 5582.739664
271.609960 5586.528192
271.793030 5591.563372
272.106898 5596.717869
272.296534 5602.100202
272.623559 5608.656739
272.917793 5614.614917
273.179400 5620.377141
273.447535 5625.706353
273.663359 5630.812881
273.905307 5635.677085
274.094994 5639.922644
274.278090 5644.891368
274.526604 5650.372727
274.729346 5656.480247
274.951685 5663.414480
275.134832 5670.631740
275.311413 5679.160323
275.507590 5688.850887
275.690686 5699.037462
275.867305 5711.089521
276.076575 5725.359662
276.285820 5740.143339
276.475495 5755.324311
276.665144 5771.872085
276.861346 5791.421446
277.090188 5811.528824
277.273296 5838.159826
277.593717 5867.995022
277.809528 5892.316847
278.012258 5917.485063
278.241112 5944.766506
278.483060 5974.174845
278.751195 6002.338705
278.973559 6027.016762
279.182805 6053.079996
279.431306 6080.894541
279.673279 6110.790581
279.961023 6139.458486
280.183361 6166.519183
280.444905 6197.455731
280.739152 6225.003044
280.941907 6227.276034
281.118501 6210.545857
281.308175 6196.995198
281.491284 6187.336374
281.667877 6180.858598
281.883688 6177.645613
282.086431 6177.019621
282.269565 6177.064473
282.485389 6177.136936
282.662059 6177.236649
282.858388 6177.376575
283.067862 6177.538580
283.244442 6177.721584
283.434066 6177.986719
283.695623 6178.331257
283.944073 6178.740870
284.218659 6179.183305
284.447463 6179.724246
284.761242 6180.346497
285.016219 6180.988293
285.290730 6181.749663
285.591441 6182.656016
285.918275 6183.550222
286.166687 6184.461288
286.460870 6185.438659
286.715746 6186.389429
286.964196 6187.405431
287.225638 6188.515273
287.493647 6189.635618
287.735531 6190.748091
287.977428 6191.972842
288.245448 6193.162341
288.454681 6194.332925
288.696591 6195.541392
288.905823 6196.644232
289.095409 6197.876571
289.337344 6199.379849
289.605403 6201.015076
289.873487 6202.729513
290.148137 6204.590787
290.442383 6206.423352
290.690846 6208.580269
291.057025 6210.822894
291.312029 6212.727817
291.567057 6214.943516
291.887478 6217.404582
292.188240 6219.753072
292.462903 6222.001897
292.724421 6224.483105
293.038289 6226.995297
293.293317 6229.396742
293.567942 6231.914531
293.836065 6234.587540
294.130311 6237.321064
294.398433 6240.054299
294.679573 6242.948498
294.967292 6245.837732
295.235414 6248.791148
295.523133 6252.021590
295.830460 6255.283850
296.111663 6258.278894
296.360126 6261.026777
296.588980 6263.978198
296.863618 6267.055099
297.105553 6270.269686
297.393271 6273.494762
297.628678 6276.613163
297.890209 6280.074797
298.171349 6283.550028
298.426302 6286.735742
298.655143 6289.971562
298.910185 6293.521971
299.178269 6296.714731
299.374420 6300.282195
299.688326 6304.218560
299.930236 6307.318436
300.119872 6310.749898
300.401063 6314.412751
300.616899 6317.982903
300.878456 6321.593921
301.094229 6324.950797
301.316568 6328.704823
301.578124 6332.190681
301.761233 6335.408470
301.983572 6338.814483
302.186251 6342.365983
302.421722 6345.737087
302.598277 6350.243996
302.964558 6354.900253
303.154182 6358.007584
303.330775 6361.086210
303.513846 6365.389775
303.827828 6370.540882
304.102541 6375.883172
304.429528 6381.291223
304.704179 6386.537074
305.005054 6392.213581
305.318986 6397.592006
305.580542 6402.604172
305.848664 6407.735713
306.116812 6413.433754
306.404594 6419.752113
306.646542 6426.422800
306.868919 6434.495358
307.123948 6443.091170
307.320125 6453.021797
307.581706 6464.901952
307.817152 6477.167105
308.046082 6489.336251
308.242335 6501.851095
308.451580 6515.865272
308.667379 6529.819437
308.850513 6543.887801
309.046715 6560.277935
309.269041 6577.508369
309.465243 6593.615219
309.641799 6610.470472
309.838001 6627.999188
310.014557 6647.000995
310.230368 6647.812843
310.446166 6631.074897
310.629313 6618.135214
310.812409 6606.829898
311.021667 6597.497010
311.230975 6591.304482
311.414058 6587.839893
311.623380 6586.385592
311.839216 6586.178280
312.120293 6586.302554
312.460246 6586.460419
312.643368 6586.612905
312.826464 6586.806132
313.029130 6587.043425
313.231809 6587.372687
313.506358 6587.761766
313.728684 6588.190838
313.983611 6588.695253
314.232011 6589.247904
314.480410 6589.915978
314.774593 6590.567435
314.970719 6591.231165
315.232212 6592.085889
315.519892 6593.015256
315.787926 6593.952106
316.042904 6594.924075
316.297920 6596.008847
316.579047 6597.094658
316.807863 6598.181608
317.062841 6599.269106
317.272073 6600.292217
317.481395 6601.509172
317.749504 6602.950086
318.024116 6604.417079
318.279183 6605.849999
318.521182 6607.624434
318.867803 6609.695995
319.181683 6611.733310
319.489011 6613.647744
319.744052 6615.423233
319.992553 6617.254894
320.247569 6619.419898
320.567990 6621.597009
320.809950 6623.664172
321.084575 6625.979637
321.372281 6628.391297
321.653446 6630.757402
321.915003 6632.860595
322.124261 6635.232571
322.431575 6637.966445
322.706213 6640.487660
322.954701 6643.104826
323.235866 6645.881042
323.503963 6648.621252
323.765545 6651.247166
324.000952 6654.001974
324.275590 6656.809317
324.510984 6659.528252
324.759485 6662.717377
325.066800 6666.045126
325.328382 6669.130672
325.583410 6672.194197
325.831886 6675.727231
326.152294 6679.322442
326.400808 6682.525189
326.649309 6685.781797
326.897784 6689.269624
327.172422 6692.769515
327.414382 6696.515069
327.715182 6700.225077
327.944074 6703.673242
328.199077 6707.121708
328.421390 6710.964352
328.722139 6714.907582
328.951019 6718.719678
329.225631 6722.683997
329.467578 6726.606860
329.729084 6730.478374
329.957951 6734.353610
330.212992 6738.438217
330.461430 6743.125159
330.781876 6749.656839
331.239609 6757.038908
331.645019 6762.559211
331.873911 6766.489512
332.089671 6770.110113
332.279320 6773.709553
332.488553 6777.522744
332.697836 6782.654573
333.044368 6787.652099
333.234030 6792.043084
333.508706 6796.598931
333.711461 6801.020670
333.966515 6806.644831
334.286936 6812.857328
334.594276 6818.559944
334.855845 6824.003510
335.130521 6829.169204
335.359388 6834.395364
335.634051 6839.741689
335.869496 6844.799025
336.111431 6850.046528
336.359919 6855.502172
336.588849 6862.023049
336.837325 6869.124250
337.026987 6878.145533
337.301688 6890.555681
337.582878 6902.781220
337.785621 6914.031333
337.981811 6926.928033
338.204124 6942.015094
338.433080 6958.082925
338.648866 6974.316108
338.851621 6991.662530
339.067445 7009.444935
339.257094 7027.025228
339.446730 7046.494915
339.656014 7066.543354
339.839071 7066.348452
340.041814 7049.557789
340.224885 7037.279936
340.408057 7028.199664
340.610774 7022.732896
340.806989 7020.759413
340.996651 7020.466653
341.232134 7020.526731
341.441430 7020.613636
341.631105 7020.750776
341.886350 7020.958876
342.154764 7021.246845
342.455830 7021.561509
342.678169 7021.905460
342.939789 7022.308839
343.181724 7022.776524
343.456324 7023.285569
343.691629 7023.872827
343.985850 7024.585967
344.279995 7025.375872
344.580718 7026.152912
344.822551 7026.907430
345.070963 7027.753455
345.338959 7028.721698
345.626588 7029.773562
345.907690 7030.835024
346.169158 7031.870943
346.411017 7032.987688
346.685578 7034.183919
346.940518 7035.404507
347.202011 7036.609483
347.430814 7037.777854
347.659643 7038.969233
347.881943 7040.127353
348.084661 7041.379113
348.326583 7043.019339
348.646953 7044.896886
348.947740 7046.745264
349.235420 7048.574528
349.510071 7050.557794
349.823913 7052.486687
350.065848 7054.435145
350.366622 7056.484372
350.621651 7058.649932
350.935519 7060.950701
351.210131 7063.269110
351.510905 7065.593596
351.772461 7067.870146
352.047112 7070.288661
352.328277 7072.736681
352.596374 7075.244817
352.877539 7077.685414
353.119474 7080.215293
353.407205 7082.957911
353.681843 7085.763452
353.969561 7088.459160
354.211509 7091.144835
354.486147 7094.091055
354.767325 7097.132709
355.048490 7100.346342
355.349277 7103.361346
355.584709 7106.477291
355.892024 7109.448910
356.094741 7112.520935
356.408571 7115.954748
356.663600 7119.008338
356.905535 7122.360140
357.199768 7125.720423
357.435188 7128.927068
357.696732 7132.352789
357.958263 7135.831763
358.219807 7139.185051
358.455214 7142.815860
358.749397 7146.264744
358.952089 7149.630262
359.226650 7153.127502
359.442360 7156.485639
359.690797 7160.563309
359.998137 7164.497647
360.220425 7167.995463
360.462322 7172.038991
360.750053 7175.672440
360.933136 7178.944495
361.168518 7182.820516
361.423496 7186.741672
361.658903 7190.765808
361.920511 7194.618975
362.129769 7198.355592
362.371729 7202.460561
362.620192 7206.443838
362.842531 7209.964645
363.032180 7213.635332
363.267625 7217.625004
363.489964 7221.133088
363.666481 7225.851478
364.019681 7231.976930
364.346681 7237.831740
364.660586 7243.461472
364.954896 7248.855886
365.236176 7254.127857
365.510851 7259.937166
365.805110 7267.118174
366.099420 7274.814032
366.328338 7282.875892
366.563770 7291.289336
366.759998 7299.786801
366.956213 7309.390178
367.165484 7321.806802
367.433606 7335.824070
367.662485 7350.090780
367.897931 7364.502116
368.100686 7378.727862
368.303429 7392.756500
368.480023 7407.554467
368.682740 7424.986355
368.905079 7442.104178
369.081660 7458.576133
369.271334 7476.315587
369.460971 7498.604105
369.735621 7503.908624
369.912163 7488.820402
370.095285 7475.448797
370.284908 7464.498156
370.461489 7455.626177
370.664194 7448.694903
370.866937 7444.374590
371.108923 7442.529713
371.383585 7442.246623
371.579699 7442.318796
371.795561 7442.507399
372.200957 7442.732813
372.377513 7442.948709
372.612882 7443.390022
373.050956 7443.893116
373.279772 7444.290507
373.495494 7444.803228
373.789651 7445.410579
374.044616 7445.973861
374.253836 7446.643704
374.547994 7447.388521
374.776810 7448.102015
375.012141 7448.963612
375.299796 7449.951125
375.574408 7450.955529
375.835901 7451.981691
376.090955 7453.094582
376.365592 7454.174287
376.581391 7455.279889
376.842973 7456.429565
377.058809 7457.598330
377.307323 7458.970109
377.582049 7460.453160
377.850171 7462.077484
378.151022 7463.807399
378.432225 7465.548796
378.713429 7467.444929
379.020730 7469.457018
379.314989 7471.430654
379.589665 7473.548662
379.903520 7475.610276
380.145493 7477.513948
380.400497 7479.654211
380.688215 7481.826354
380.936691 7484.036264
381.217856 7486.302411
381.466344 7488.484933
381.714832 7490.901051
382.002538 7493.528728
382.283703 7496.226212
382.571396 7498.861875
382.826425 7501.464560
383.094548 7504.226097
383.369172 7507.188773
383.663406 7509.933866
383.885732 7512.816622
384.193072 7516.157141
384.487318 7519.197340
384.729253 7522.343631
385.030053 7525.585412
385.278541 7528.857607
385.572813 7532.187299
385.821288 7535.585093
386.115547 7539.337775
386.409819 7542.732075
386.638711 7545.928334
386.893714 7549.305421
387.142215 7552.782701
387.403772 7556.452159
387.671894 7560.321184
387.953072 7563.967908
388.181952 7567.434882
388.430440 7571.632922
388.750797 7576.140219
389.031975 7579.819774
389.234655 7583.762251
389.541982 7588.008372
389.777376 7592.061786
390.051976 7596.647157
390.346209 7600.865945
390.568536 7604.820295
390.823539 7609.431341
391.117823 7613.707835
391.327030 7617.591326
391.568965 7622.264690
391.863237 7626.759527
392.078972 7630.668821
392.301324 7634.916698
392.549774 7639.994235
392.857114 7646.420763
393.242952 7652.003704
393.452223 7655.983360
393.661494 7661.270730
394.001523 7666.478346
394.197688 7670.139366
394.374243 7675.141998
394.701268 7681.376348
394.995527 7687.225868
395.276756 7693.079452
395.564462 7699.207639
395.865274 7705.059954
396.120303 7710.139622
396.342667 7715.171462
396.565006 7721.146525
396.793923 7728.056649
397.003156 7737.875912
397.310559 7749.976043
397.559047 7761.548139
397.774871 7773.713266
397.997223 7787.452500
398.226140 7802.167994
398.441951 7816.359160
398.625060 7830.795431
398.821262 7846.348186
399.010911 7861.933541
399.187492 7879.281760
399.396750 7898.098136
399.586387 7917.582962
399.789142 7919.224476
399.972263 7903.643049
400.155397 7891.688655
400.332004 7883.052427
400.521627 7877.652781
400.724383 7875.474865
400.940207 7875.109129
401.129856 7875.166670
401.365339 7875.262263
401.581137 7875.405615
401.836306 7875.616064
402.111299 7875.954165
402.490711 7876.476014
402.915755 7877.016194
403.190367 7877.506093
403.458401 7878.016097
403.700259 7878.609102
403.994442 7879.388896
404.340886 7880.211409
404.615434 7880.972768
404.870361 7881.778261
405.138382 7882.656820
405.406416 7883.589511
405.674398 7884.627319
405.968581 7885.681721
406.216930 7886.824606
406.524206 7887.916795
406.726822 7888.976060
406.994881 7890.134662
407.223671 7891.244643
407.452487 7892.445373
407.700975 7893.687373
407.929817 7894.992348
408.184845 7896.527950
408.479104 7898.253822
408.779878 7900.025287
409.067584 7901.800210
409.348762 7903.658704
409.643009 7905.488254
409.898025 7907.425097
410.205326 7909.583389
410.506126 7911.762864
410.800372 7913.857511
411.061916 7915.831869
411.310392 7917.883153
411.578476 7920.255682
411.892306 7922.715390
412.166994 7925.187246
412.467768 7927.777445
412.755474 7930.283455
413.023571 7932.819034
413.304761 7935.473140
413.585914 7938.090200
413.847483 7940.765017
414.128674 7943.526883
414.396771 7946.175865
414.645246 7948.946802
414.926424 7951.838595
415.188019 7954.643181
415.443022 7957.498678
415.704604 7960.441227
415.966135 7963.473413
416.234245 7966.596682
416.502329 7969.892519
416.790061 7973.324940
417.071239 7976.573931
417.319689 7979.879103
417.600867 7983.149946
417.836261 7986.347673
418.097856 7989.849233
418.372455 7993.491522
418.647093 7996.967701
418.889053 8000.678836
419.189853 8004.761374
419.477533 8008.349834
419.699859 8012.088026
420.000570 8015.822063
420.216343 8019.177735
420.458240 8022.914043
420.719745 8026.845843
420.981289 8030.930481
421.255914 8034.710681
421.471700 8038.593696
421.752903 8042.882684
422.014396 8046.911315
422.256369 8050.776062
422.491789 8054.305629
422.687953 8058.037195
422.942969 8062.133250
423.178376 8066.053388
423.407256 8070.466405
423.695000 8076.125529
424.061166 8081.217516
424.276990 8084.691056
424.453583 8089.555649
424.819826 8096.014171
425.166434 8102.083612
425.480378 8107.438534
425.742037 8112.911866
426.042887 8118.056546
426.225970 8123.582373
426.474496 8129.992958
426.664184 8137.470053
426.912684 8145.762286
427.102410 8154.206632
427.311668 8165.214683
427.573326 8176.646262
427.762975 8187.671517
427.972258 8199.849830
428.174976 8213.978288
428.416974 8229.463171
428.632836 8245.780003
428.868230 8261.993344
429.057880 8278.080207
429.267176 8294.331826
429.443744 8311.373501
429.653014 8330.624085
429.862247 8351.348390
430.091139 8371.799928
430.293894 8390.205208
430.483543 8418.895512
430.915140 8451.431426
431.196331 8476.645125
431.477509 8500.073872
431.726010 8520.911685
431.954877 8542.591703
432.229539 8565.379926
432.491096 8588.101695
432.772274 8611.031925
433.046911 8633.606425
433.328089 8656.091339
433.609280 8676.950429
433.857781 8694.219628
434.053945 8694.483292
434.263190 8681.650711
434.459380 8671.973318
434.649055 8664.790256
434.845231 8660.058241
435.028404 8657.754785
435.224644 8657.150814
435.407778 8657.180669
435.623653 8657.244104
435.839375 8657.368309
436.140212 8657.516979
436.316780 8657.678957
436.539119 8657.944287
436.853038 8658.265988
437.094960 8658.614828
437.363006 8659.002650
437.598376 8659.426799
437.853353 8659.926803
438.121362 8660.408402
438.317475 8660.959047
438.605155 8661.586599
438.833959 8662.323492
439.160793 8663.126177
439.402690 8663.890257
439.664208 8664.698416
439.906118 8665.565929
440.174177 8666.490409
440.422640 8667.439085
440.677605 8668.406055
440.912999 8669.306322
441.115742 8670.243959
441.351162 8671.303864
441.593097 8672.357564
441.808895 8673.467602
442.057409 8674.630595
442.279748 8675.715202
442.482478 8677.029765
442.776737 8678.528110
443.031753 8680.104277
443.332603 8681.930533
443.653012 8683.679956
443.908040 8685.389703
444.195759 8687.193344
444.463894 8689.099999
444.764693 8690.992102
445.013169 8692.920236
445.307466 8695.068651
445.601687 8697.203943
445.876350 8699.270490
446.137894 8701.178884
446.360233 8703.187070
446.634857 8705.566709
446.935644 8707.975149
447.203728 8710.416540
447.498000 8712.853175
447.753016 8715.439440
448.066909 8718.016326
448.308870 8720.529575
448.596601 8723.250360
448.871226 8725.930721
449.139323 8728.631419
449.407407 8731.384125
449.675504 8734.084635
449.924018 8737.048006
450.231332 8740.061282
450.479833 8742.805608
450.728321 8745.930582
451.035636 8748.991461
451.264490 8751.610611
451.486854 8754.697426
451.787641 8758.184202
452.068806 8761.450729
452.323835 8764.730902
452.598498 8768.018224
452.846986 8771.654236
453.167394 8775.341393
453.415883 8778.570005
453.657843 8781.931101
453.919400 8785.605260
454.200565 8789.285421
454.455606 8792.651286
454.684473 8796.716597
455.031069 8800.782230
455.253408 8804.005683
455.475746 8807.701334
455.756899 8811.732637
456.018494 8815.719597
456.286591 8819.605136
456.528538 8823.642305
456.809716 8827.777042
457.058217 8831.965561
457.339383 8835.989978
457.561709 8840.011873
457.836308 8843.857977
458.032510 8847.860374
458.320216 8852.338038
458.568666 8856.592233
458.823695 8860.778711
459.059051 8864.897088
459.301075 8869.343931
459.569122 8873.427874
459.765298 8877.440333
460.020365 8881.721684
460.242717 8885.568434
460.445396 8889.810763
460.706965 8894.209232
460.922776 8897.916753
461.105872 8901.531670
461.308577 8905.608100
461.537495 8909.590815
461.727131 8913.417832
461.936363 8918.804865
462.282972 8924.040546
462.472596 8929.147723
462.799595 8934.225271
462.982742 8939.362398
463.309665 8946.411795
463.675844 8952.116814
463.865481 8957.552641
464.198983 8963.992146
464.480173 8970.380581
464.794079 8977.385885
465.075283 8986.066080
465.395716 8996.004208
465.650758 9005.472487
465.866518 9014.581371
466.056180 9024.092564
466.252357 9036.471299
466.513939 9050.838363
466.742793 9063.878720
466.925939 9076.271685
467.109073 9090.115352
467.311778 9104.446418
467.488346 9119.591267
467.691026 9136.019905
467.880675 9152.990615
468.076826 9174.861290
468.351527 9196.712394
468.528070 9216.383941
468.737328 9241.572836
469.005425 9267.136480
469.214695 9291.315661
469.456618 9319.566098
469.744349 9348.032807
469.992824 9375.312310
470.260934 9401.778237
470.496341 9426.405111
470.731748 9452.616043
470.999896 9479.717621
471.254912 9504.997326
471.490307 9531.152874
471.764970 9557.188018
472.000390 9560.461632
472.190102 9545.306396
472.366683 9533.868064
472.549817 9525.356961
472.752585 9520.476009
472.935770 9518.830919
473.145104 9518.558627
473.328276 9518.587245
473.517951 9518.640953
473.760013 9518.715842
473.962755 9518.831305
474.263758 9519.014938
474.597476 9519.200477
474.800359 9519.362213
474.996675 9519.574930
475.264874 9519.822628
475.487314 9520.067714
475.703240 9520.369286
475.977852 9520.718039
476.226264 9521.104079
476.507353 9521.541740
476.781914 9522.002477
477.049922 9522.446081
477.272172 9522.945884
477.566342 9523.556465
477.867040 9524.168505
478.128533 9524.778665
478.396516 9525.419817
478.657984 9526.092846
478.926030 9526.778678
479.174366 9527.533454
479.468586 9528.259488
479.677717 9528.937142
479.919614 9529.688472
480.161511 9530.411835
480.370718 9531.193299
480.632287 9531.996832
480.841495 9532.780422
481.076876 9533.658057
481.325365 9534.687318
481.626151 9535.786249
481.894248 9536.896558
482.181954 9538.081870
482.469660 9539.204326
482.711595 9540.331605
482.986220 9541.531920
483.247764 9542.718990
483.502780 9544.031228
483.803554 9545.521624
484.117434 9546.936460
484.372437 9548.271539
484.640534 9549.723844
484.928228 9551.263288
485.215959 9552.803306
485.490622 9554.379512
485.778327 9555.894605
486.020250 9557.580756
486.353752 9559.437966
486.641470 9561.055573
486.883405 9562.665736
487.158030 9564.409584
487.432655 9566.122729
487.687709 9567.912378
487.975415 9569.710584
488.223890 9571.588963
488.524702 9573.405425
488.747003 9575.210142
489.034747 9577.183304
489.296240 9578.949241
489.518604 9580.842280
489.806323 9582.960534
490.080935 9585.064168
490.355585 9587.124230
490.610614 9589.269316
490.898332 9591.418749
491.146808 9593.629894
491.441092 9595.953577
491.709202 9598.119294
491.957652 9600.259623
492.212668 9602.428202
492.461169 9604.770177
492.748875 9607.200505
493.010419 9609.398922
493.239298 9611.686224
493.513923 9614.151491
493.775492 9616.618952
494.043589 9619.179897
494.318227 9621.931829
494.619026 9624.334503
494.815152 9626.608710
495.083262 9629.296093
495.357887 9631.784147
495.580226 9634.168552
495.828638 9636.745264
496.083628 9639.315724
496.325487 9641.845643
496.567435 9644.506828
496.828966 9647.442052
497.116595 9650.231412
497.345526 9652.873525
497.600440 9655.431003
497.809698 9658.162500
498.090850 9661.251096
498.358947 9663.886605
498.555112 9666.360959
498.790532 9669.121306
499.032492 9671.752707
499.241724 9674.331081
499.470629 9677.204282
499.725683 9680.339371
499.993793 9683.184976
500.196510 9686.058711
500.464595 9689.156855
500.700027 9691.916822
500.909285 9694.494046
501.112015 9697.298566
501.354014 9700.290677
501.582881 9703.012562
501.779070 9705.841325
502.021018 9708.689099
502.217169 9711.388189
502.432993 9714.105809
502.629208 9716.755862
502.831951 9719.687350
503.067345 9722.816250
503.296238 9725.880046
503.518538 9728.876583
503.734311 9731.804542
503.943582 9734.799182
504.165959 9737.859889
504.381745 9741.081296
504.623718 9744.138015
504.813316 9746.983275
505.022587 9749.751599
505.199180 9752.823085
505.447668 9756.102786
505.650424 9759.367228
505.892359 9763.086573
506.127791 9767.047185
506.337062 9771.933575
506.592065 9777.373530
506.794795 9783.584517
507.049837 9790.948054
507.285244 9798.305816
507.494515 9806.610821
507.742990 9816.238754
507.984925 9829.412899
508.351180 9844.554862
508.632358 9859.448944
508.933221 9875.809854
509.227544 9890.904772
509.449896 9903.600495
509.639570 9916.242560
509.842313 9930.286323
510.058111 9946.557848
510.306638 9965.291844
510.574747 9982.333196
510.770962 9983.206463
510.960662 9972.065813
511.137294 9963.453110
511.313849 9956.648870
511.510115 9951.856350
511.712909 9949.577686
511.896043 9949.089000
512.131551 9949.116826
512.314635 9949.168464
512.523918 9949.275400
512.837836 9949.474269
513.210581 9949.765090
513.583238 9950.067694
513.838279 9950.368943
514.106325 9950.690302
514.335154 9951.040234
514.590094 9951.416927
514.812344 9951.823218
515.060819 9952.292888
515.315746 9952.806162
515.570673 9953.349991
515.819098 9953.971774
516.106753 9954.641124
516.361705 9955.301614
516.610143 9955.961656
516.838984 9956.756812
517.152814 9957.609529
517.394787 9958.435548
517.662884 9959.240173
517.872167 9960.058294
518.127171 9960.917200
518.342969 9961.940635
518.663390 9963.051726
518.905363 9964.201498
519.219231 9965.772604
519.631282 9967.287254
519.892839 9968.642298
520.206707 9970.156843
520.514021 9971.745738
520.834468 9973.426715
521.154889 9975.057658
521.436054 9976.839819
521.789177 9978.870029
522.135735 9980.770097
522.423492 9982.671972
522.750415 9984.646949
523.044687 9986.527730
523.325865 9988.345760
523.587421 9990.231412
523.875127 9992.253118
524.162833 9994.251165
524.430930 9996.247020
524.705593 9998.335832
524.986809 10000.392309
525.241799 10002.414443
525.503356 10004.475308
525.758385 10006.630104
526.033060 10008.879531
526.301132 10011.032011
526.543105 10013.367822
526.843904 10015.771064
527.092380 10018.282043
527.406235 10020.864227
527.661264 10023.283294
527.929361 10025.960442
528.230186 10028.586810
528.478661 10031.228953
528.772895 10034.042105
529.047545 10036.804370
529.322233 10039.542769
529.583764 10042.461836
529.884551 10045.424109
530.146108 10048.365016
530.433852 10051.348000
530.695408 10054.230850
530.956965 10057.190897
531.225074 10060.229084
531.493171 10063.271294
531.754740 10066.355242
532.022863 10069.831917
532.343271 10073.394372
532.617909 10076.610119
532.872950 10079.705683
533.121438 10083.003758
533.402654 10086.340220
533.651117 10089.720060
533.932295 10093.096058
534.174268 10096.645017
534.475080 10100.101085
534.697407 10103.514607
534.985125 10107.184845
535.240141 10110.358019
535.449361 10113.702750
535.723986 10117.631049
536.011704 10121.698020
536.299397 10125.529447
536.547835 10128.881495
536.763659 10132.556507
537.051352 10136.360257
537.280206 10140.158614
537.561396 10144.189507
537.816374 10148.013691
538.064875 10151.470975
538.267567 10155.369995
538.568430 10159.505162
538.797297 10163.321725
539.052300 10167.223423
539.287733 10171.214951
539.549302 10175.026924
539.758560 10178.659441
539.993967 10182.590545
540.235915 10186.445150
540.458254 10190.332761
540.700214 10194.139685
540.909510 10197.753960
541.125258 10201.225072
541.314932 10204.949763
541.556918 10208.869572
541.766150 10212.647825
541.988464 10216.163082
542.165083 10219.645878
542.380856 10223.442161
542.590088 10227.324664
542.812415 10230.935954
542.988995 10234.333243
543.185160 10237.990785
543.387864 10241.671597
543.584067 10246.969234
543.956799 10253.290210
544.257636 10257.995501
544.453788 10262.933317
544.774222 10269.107819
545.094681 10274.060167
545.284304 10278.930830
545.591644 10285.541446
545.918581 10293.170683
546.219393 10300.495981
546.428663 10309.825224
546.762153 10321.879113
547.049871 10333.994507
547.311440 10346.639757
547.566507 10359.167428
547.782331 10370.957124
547.978508 10382.695593
548.168170 10395.108893
548.364347 10407.708561
548.540889 10420.962005
548.737117 10435.820531
548.939834 10450.842862
549.122943 10466.563039
549.325673 10483.780026
549.528403 10508.448098
549.874935 10516.511615
550.058069 10502.055879
550.260825 10490.991887
550.457078 10484.125768
550.653318 10480.844529
550.869206 10479.983842
551.052390 10479.974223
551.248656 10480.009484
551.425288 10480.066338
551.654256 10480.150444
551.883199 10480.244361
552.066384 10480.342058
552.243168 10480.458505
552.439484 10480.589063
552.616167 10480.793676
552.943255 10481.063833
553.211390 10481.319069
553.440295 10481.594802
553.695438 10481.929604
553.976540 10482.279224
554.211896 10482.639303
554.466811 10483.068210
554.754440 10483.532710
555.015908 10484.037431
555.310091 10484.573305
555.571546 10485.087656
555.813405 10485.674825
556.114102 10486.274611
556.342918 10486.875805
556.617442 10487.586960
556.911612 10488.304794
557.166539 10488.973551
557.401870 10489.678729
557.663325 10490.379179
557.879060 10491.137441
558.160199 10491.886863
558.356326 10492.599302
558.598261 10493.465490
558.872885 10494.381913
559.127939 10495.329494
559.402539 10496.330863
559.670636 10497.389988
559.958367 10498.600461
560.285303 10499.794034
560.546847 10500.958364
560.841106 10502.182841
561.115743 10503.487854
561.429586 10504.904165
561.736926 10506.173647
561.972346 10507.511058
562.292729 10508.827173
562.508514 10510.146560
562.815880 10511.748469
563.129697 10513.179228
563.358589 10514.664766
563.679010 10516.250821
563.934026 10517.801017
564.228298 10519.535171
564.535638 10521.130445
564.771032 10522.741432
565.071819 10524.522224
565.352997 10526.278117
565.634175 10528.004339
565.895731 10529.634038
566.137679 10531.379622
566.425398 10533.174925
566.673873 10535.048699
566.974673 10537.066962
567.255812 10538.747866
567.452002 10540.528930
567.752776 10542.596033
568.020873 10544.528050
568.275889 10546.365676
568.511258 10548.406880
568.812070 10550.680347
569.099776 10552.835400
569.361358 10554.839431
569.603280 10556.898318
569.871365 10559.010885
570.119853 10561.125838
570.381435 10563.267874
570.629898 10565.551376
570.917642 10567.720626
571.133389 10569.921012
571.421146 10572.320357
571.676149 10574.456574
571.898475 10576.738889
572.179653 10579.196896
572.434682 10581.595148
572.696264 10583.959395
572.938186 10586.635032
573.258607 10589.149081
573.461325 10591.409164
573.722868 10593.981607
573.984399 10596.682011
574.265539 10599.346356
574.514002 10601.840721
574.755886 10604.259438
574.984740 10606.908400
575.265868 10609.859975
575.547058 10612.705193
575.802049 10615.440712
576.057039 10617.882660
576.253229 10620.457620
576.527854 10623.307045
576.769789 10626.039814
577.018277 10628.612363
577.227484 10631.209382
577.475985 10633.940454
577.704864 10636.696974
577.953365 10639.323093
578.156045 10642.283434
578.456870 10645.304992
578.666127 10647.964844
578.901573 10650.922730
579.156576 10653.824699
579.378864 10656.591249
579.607744 10659.338663
579.823504 10662.313576
580.085137 10665.145318
580.274773 10667.918551
580.523261 10671.003563
580.758668 10673.902637
580.974467 10676.653721
581.183687 10679.854475
581.464915 10683.034260
581.667645 10685.850246
581.890010 10688.728293
582.099230 10691.494277
582.301972 10694.634757
582.563478 10697.974833
582.792370 10700.935908
582.995075 10703.963766
583.230520 10707.056560
583.439778 10710.171457
583.675173 10713.399090
583.897499 10716.276227
584.080607 10719.172700
584.302934 10722.679253
584.551434 10726.640437
584.780314 10730.779860
584.983031 10735.630240
585.218451 10741.867595
585.480033 10748.748507
585.708912 10756.109194
585.950847 10764.400876
586.192833 10772.650942
586.395563 10781.025724
586.611362 10789.793626
586.807564 10799.757727
587.049537 10814.159119
587.396107 10831.119635
587.696907 10846.163301
587.932352 10860.587676
588.180879 10874.882342
588.390200 10889.006209
588.612513 10903.010105
588.802163 10915.923528
588.978705 10929.359582
589.174895 10930.622850
589.351438 10919.338986
589.554218 10910.257068
589.730812 10904.004924
589.907482 10899.560913
590.129884 10897.298129
590.319622 10896.880511
590.594260 10896.925099
590.829692 10896.987677
591.006209 10897.108662
591.346328 10897.269997
591.562063 10897.516483
591.967485 10897.808483
592.196339 10898.064702
592.431683 10898.392000
592.719351 10898.709831
592.895893 10899.022640
593.131250 10899.407807
593.366581 10899.868521
593.647670 10900.397946
593.915729 10900.942235
594.170668 10901.518782
594.432161 10902.108271
594.667505 10902.708850
594.909402 10903.451788
595.223206 10904.242897
595.471656 10904.992245
595.726685 10905.713597
595.935918 10906.468776
596.190934 10907.332343
596.445988 10908.281326
596.727178 10909.307125
597.001854 10910.443363
597.315760 10911.763306
597.655828 10913.084327
597.943521 10914.466350
598.283576 10916.040246
598.630146 10917.534958
598.911337 10919.159133
599.284044 10920.801167
599.552166 10922.403407
599.885643 10924.199800
600.206013 10926.135481
600.565665 10928.173445
600.899205 10930.180167
601.226179 10932.207590
601.546613 10934.187105
601.840859 10936.045341
602.108943 10937.905482
602.390096 10939.784647
602.651665 10941.707528
602.932843 10943.937589
603.266358 10946.117844
603.521374 10948.201914
603.815620 10950.506876
604.116394 10952.677399
604.364933 10954.680242
604.613396 10956.936817
604.914195 10959.260371
605.169224 10961.745515
605.496186 10964.331015
605.764295 10966.676839
606.025839 10969.093174
606.300477 10971.610673
606.575127 10973.892644
606.790874 10976.496216
607.124376 10979.421445
607.398988 10982.046325
607.660570 10984.581329
607.909033 10987.254821
608.190211 10990.204254
608.484496 10993.269075
608.778742 10996.348187
609.066473 10999.583476
609.380354 11002.759417
609.648451 11005.693456
609.910020 11008.817169
610.204291 11011.906941
610.452780 11014.965670
610.733945 11018.139510
610.995514 11021.396569
611.283271 11024.376606
611.492478 11027.397369
611.780209 11030.692231
612.028735 11033.866402
612.290305 11037.243234
612.564955 11040.913376
612.865754 11044.201737
613.075012 11047.533959
613.375812 11051.376582
613.656952 11055.180771
613.944683 11058.941289
614.212767 11062.611392
614.480839 11066.048253
614.709693 11069.430819
614.964683 11073.171485
615.239308 11077.092224
615.513907 11081.008836
615.782055 11084.822986
616.036970 11088.774625
616.318198 11092.667469
616.560095 11096.800731
616.867423 11101.173114
617.135520 11104.835562
617.344778 11108.534696
617.612887 11112.468266
617.848269 11116.284273
618.096757 11120.290825
618.351824 11124.227225
618.587231 11128.305750
618.855316 11132.418369
619.090748 11136.570002
619.358883 11140.535865
619.568103 11144.317273
619.810076 11148.515692
620.065118 11152.635530
620.293933 11156.507925
620.516298 11160.410609
620.745203 11164.169943
620.947958 11167.726227
621.150675 11171.363692
621.359921 11175.025031
621.562638 11178.416869
621.739206 11182.067449
621.968060 11187.471175
622.334201 11194.002972
622.680810 11199.936762
622.975094 11205.872261
623.315162 11211.673918
623.589799 11216.153726
623.785989 11220.796896
624.073707 11226.294362
624.354885 11232.880969
624.727605 11240.078386
625.002306 11246.206182
625.198470 11254.389432
625.525444 11264.378082
625.767405 11274.513172
626.028974 11285.076989
626.244798 11295.187848
626.447528 11306.270517
626.669892 11319.475134
626.918406 11332.551058
627.108055 11345.473151
627.323853 11362.099669
627.598516 11380.397874
627.833962 11396.248010
628.017045 11411.055516
628.206681 11427.870939
628.422518 11447.126741
628.651392 11449.591514
628.841125 11435.619946
629.050421 11425.732066
629.227014 11420.054410
629.423267 11417.454720
629.599899 11416.962269
629.802718 11416.983840
629.992456 11417.026728
630.227939 11417.113926
630.555041 11417.228907
630.790638 11417.350938
631.019746 11417.539818
631.373086 11417.739751
631.562811 11417.897932
631.745856 11418.104265
632.000948 11418.356792
632.236419 11418.643680
632.504630 11418.977422
632.772702 11419.331537
633.027604 11419.740874
633.328340 11420.174370
633.576739 11420.601010
633.831679 11421.129187
634.158513 11421.622050
634.348073 11422.136227
634.661852 11422.736284
634.910239 11423.318955
635.178247 11424.017851
635.498579 11424.724234
635.746991 11425.388528
636.008421 11426.106974
636.276416 11426.864110
636.544450 11427.601722
636.779831 11428.316315
637.015213 11429.138973
637.302906 11430.009355
637.551356 11430.855331
637.806385 11431.762645
638.074495 11432.794583
638.381835 11433.858817
638.649932 11434.960100
638.957272 11436.040710
639.199232 11437.197638
639.526156 11438.481698
639.813861 11439.648613
640.068877 11440.877914
640.369664 11442.091389
640.605071 11443.369861
640.918952 11444.787033
641.200117 11446.112332
641.461686 11447.553287
641.775529 11448.991594
642.024042 11450.361875
642.298680 11451.830612
642.573292 11453.513821
642.913334 11455.157737
643.161823 11456.767095
643.475703 11458.464021
643.743787 11460.119687
644.031506 11461.847086
644.312684 11463.546844
644.580768 11465.258041
644.855431 11466.871758
645.084285 11468.536051
645.365463 11470.423208
645.653182 11472.298949
645.921279 11474.208281
646.209023 11476.055952
646.450932 11477.911890
646.732110 11479.866342
646.993717 11481.949882
647.301007 11483.941056
647.529873 11485.941866
647.830673 11487.892010
648.039931 11489.925800
648.353799 11492.191343
648.615368 11493.991521
648.804991 11496.003930
649.112331 11498.117272
649.321551 11500.318958
649.641972 11502.683104
649.883882 11504.717735
650.119314 11506.919353
650.393927 11509.117114
650.622793 11511.431808
650.917052 11513.801200
651.152459 11516.053292
651.414029 11518.481513
651.682138 11520.785167
651.910967 11523.054755
652.166008 11525.504084
652.427501 11528.044155
652.695560 11530.453065
652.924389 11532.986978
653.212031 11535.349335
653.401629 11537.740450
653.689272 11540.685372
653.983518 11543.225820
654.186197 11545.625775
654.447678 11548.390224
654.715800 11550.975012
654.938101 11553.727914
655.232347 11556.576059
655.467754 11559.241603
655.722796 11562.075945
655.984314 11564.791807
656.213232 11567.534610
656.474763 11570.412365
656.723251 11573.468656
657.010957 11576.173643
657.194078 11578.945155
657.488299 11582.043390
657.723693 11584.940869
657.978773 11587.587678
658.168384 11590.257864
658.423400 11593.384606
658.684969 11596.538789
658.939960 11599.558514
659.175329 11602.563395
659.423766 11605.758111
659.685424 11608.854861
659.914304 11611.809981
660.149698 11615.125499
660.430864 11619.792810
660.868963 11624.026767
661.078221 11626.836076
661.294044 11629.620221
661.496762 11632.422946
661.712535 11635.332369
661.928359 11638.395038
662.163702 11641.253111
662.346811 11644.222836
662.595299 11647.665156
662.843825 11651.041584
663.079258 11654.304070
663.308125 11657.560862
663.537004 11661.034133
663.765884 11664.956142
663.988235 11669.675047
664.230183 11674.869602
664.439441 11680.371103
664.655226 11686.838788
664.890672 11694.027329
665.113011 11701.284336
665.315741 11709.132424
665.538092 11717.519250
665.740822 11725.620819
665.923931 11734.981983
666.159351 11750.666727
666.571339 11769.684379
666.891798 11787.594351
667.205691 11803.231749
667.414975 11818.152591
667.676556 11834.594705
667.912040 11852.941067
668.206337 11872.362676
668.461378 11893.266266
668.801446 11915.593367
669.108812 11937.633265
669.455369 11958.159045
669.730019 11977.782754
670.063521 11999.648875
670.423173 12020.792946
670.750147 12039.844255
671.057474 12057.674918
671.358274 12076.719907
671.724453 12096.370371
672.064495 12115.090783
672.417644 12132.440419
672.724946 12149.097473
673.071555 12166.239579
673.418150 12179.939660
673.640464 12181.575706
673.817095 12175.335177
673.993676 12171.131768
674.170270 12168.962700
674.353454 12168.375860
674.543091 12168.380700
674.758953 12168.424698
674.987832 12168.497456
675.229767 12168.598153
675.465212 12168.714255
675.667968 12168.852961
675.896847 12169.100591
676.295780 12169.362677
676.485442 12169.599784
676.746985 12169.878271
676.969312 12170.192063
677.237383 12170.527360
677.453093 12170.899491
677.727679 12171.349003
678.002253 12171.816467
678.257168 12172.339229
678.551401 12172.881911
678.793260 12173.462883
679.087468 12174.036035
679.296663 12174.562544
679.525466 12175.197258
679.800065 12175.860110
680.028983 12176.575611
680.316765 12177.349311
680.565253 12178.139864
680.839941 12178.994189
681.108089 12180.008074
681.454685 12181.167625
681.781634 12182.297675
682.082420 12183.490381
682.415910 12184.943282
682.821357 12186.484049
683.167940 12187.923934
683.494902 12189.405582
683.834995 12191.065164
684.214281 12192.703275
684.521659 12194.271173
684.848696 12196.075594
685.227944 12197.900326
685.541812 12199.478268
685.809934 12201.119213
686.130317 12203.067150
686.489943 12205.266112
686.875642 12207.509616
687.228689 12209.717685
687.581851 12211.900454
687.908838 12214.141532
688.261986 12216.640382
688.647787 12218.970310
688.935480 12221.291899
689.301608 12223.562369
689.563114 12225.740551
689.890038 12228.056671
690.177731 12230.370414
690.491598 12232.752296
690.785832 12234.915010
691.034282 12237.170567
691.341622 12239.432507
691.583583 12241.568448
691.851667 12243.931771
692.139385 12246.446088
692.433632 12248.913710
692.701754 12251.421590
692.996013 12253.935949
693.257570 12256.337746
693.519139 12258.711024
693.767602 12261.461084
694.101104 12264.341733
694.369213 12266.883970
694.624229 12269.688855
694.938110 12272.628345
695.212747 12275.411156
695.487397 12278.230615
695.762035 12281.086588
696.036660 12283.909670
696.298254 12286.697952
696.559798 12289.697790
696.854044 12292.624721
697.096005 12295.480384
697.370655 12298.551143
697.645293 12301.845939
697.952658 12305.103735
698.214214 12308.212028
698.488852 12311.277049
698.737353 12314.337881
699.005463 12317.588057
699.280100 12320.713492
699.522035 12323.913894
699.803226 12327.226770
700.058254 12330.700085
700.359054 12334.124422
700.601002 12337.461778
700.882154 12340.914627
701.137132 12344.490189
701.431378 12348.056607
701.679854 12351.442642
701.941410 12354.947928
702.202967 12358.486626
702.464549 12362.238678
702.752229 12365.889090
702.994190 12368.842896
703.177273 12372.422298
703.504184 12376.631342
703.772331 12380.603933
704.059948 12384.327201
704.288853 12387.991391
704.563503 12392.167292
704.857762 12395.941216
705.073510 12399.407148
705.322011 12403.443088
705.609717 12407.661497
705.877826 12411.868221
706.158992 12415.855981
706.394386 12419.879024
706.675551 12423.828282
706.897878 12428.073007
707.211771 12432.241504
707.421003 12436.290945
707.715288 12440.526130
707.944154 12444.636849
708.218766 12449.046933
708.480386 12453.220080
708.722347 12456.930291
708.925077 12460.832610
709.186659 12465.314599
709.454756 12469.549039
709.683584 12473.420768
709.905961 12477.545374
710.160990 12481.867315
710.402963 12487.375429
710.788777 12492.687342
711.004575 12496.529425
711.220348 12500.511635
711.449189 12505.764132
711.802300 12510.630808
711.985421 12514.038533
712.175070 12518.853808
712.508572 12525.158452
712.855219 12531.826338
713.221373 12538.118161
713.522210 12542.653069
713.698778 12546.090437
713.881849 12550.869698
714.195717 12555.674878
714.378838 12559.515502
714.575015 12566.392603
714.954288 12574.027337
715.143899 12583.548860
715.536278 12596.733381
715.863252 12607.053309
716.039795 12617.175446
716.307930 12629.771796
716.556418 12644.169042
716.850715 12658.800139
717.073079 12674.801034
717.373866 12693.947084
717.661661 12712.274926
717.903621 12727.497014
718.080240 12743.232121
718.315698 12761.681367
718.544608 12781.528630
718.793100 12801.912695
719.015452 12823.188644
719.263953 12846.857571
719.518995 12869.327660
719.728237 12892.339737
719.989812 12915.596153
720.205620 12938.394566
720.460660 12964.289850
720.748383 12988.899171
720.990345 13008.889386
721.193072 13029.590613
721.467707 13051.815265
721.722745 13070.607034
721.932019 13088.670921
722.187053 13106.136740
722.396302 13120.597532
722.585944 13121.296161
722.788702 13111.376953
722.984952 13105.675840
723.168129 13103.245035
723.390553 13102.654226
723.567214 13102.664718
723.743898 13102.683259
723.946700 13102.713798
724.182204 13102.755541
724.404659 13102.809088
724.646733 13102.879475
724.908424 13102.985215
725.268289 13103.102922
725.510313 13103.207388
725.732658 13103.312565
725.935395 13103.442684
726.210107 13103.597224
726.458686 13103.750405
726.687661 13103.922810
726.955741 13104.132704
727.249960 13104.346632
727.491857 13104.573496
727.779499 13104.848034
728.093278 13105.119877
728.341676 13105.370704
728.583542 13105.670760
728.897327 13105.965079
729.106509 13106.251663
729.381013 13106.586179
729.649027 13106.931380
729.917042 13107.300212
730.198105 13107.688661
730.472660 13108.033921
730.675276 13108.377263
730.930265 13108.756019
731.165626 13109.174422
731.453380 13109.633102
731.721430 13110.084862
731.982995 13110.562838
732.264131 13111.036855
732.506099 13111.525759
732.787268 13112.053202
733.055335 13112.563042
733.303789 13113.066509
733.552264 13113.631232
733.846498 13114.209603
734.094999 13114.745480
734.336896 13115.331027
734.618048 13116.006117
734.925350 13116.627201
735.147689 13117.256680
735.448450 13117.906099
735.677330 13118.622078
736.017360 13119.445695
736.318146 13120.194331
736.586243 13120.915337
736.854328 13121.623469
737.102829 13122.364261
737.384019 13123.156272
737.658644 13124.002843
737.965984 13124.757070
738.168676 13125.507071
738.462948 13126.348716
738.717951 13127.185899
738.999142 13128.047474
739.260698 13128.881487
739.515714 13129.761898
739.796905 13130.700450
740.078058 13131.632320
740.346116 13132.556977
740.614252 13133.496152
740.882310 13134.449734
741.150382 13135.405847
741.411900 13136.315530
741.647257 13137.262993
741.921869 13138.310062
742.203034 13139.436036
742.510349 13140.488617
742.745756 13141.492713
743.020343 13142.574917
743.288414 13143.645450
743.549958 13144.703240
743.804974 13145.760996
744.060003 13146.831862
744.315006 13148.014348
744.615768 13149.211260
744.870822 13150.396189
745.158527 13151.551211
745.393947 13152.647471
745.648951 13153.800166
745.903967 13155.026510
746.185132 13156.266694
746.440161 13157.475594
746.701679 13158.760419
746.982870 13159.980636
747.211762 13161.215186
747.492889 13162.542183
747.754420 13163.803038
748.002921 13165.143635
748.290690 13166.581138
748.571868 13167.798892
748.768045 13168.979136
749.029602 13170.374437
749.304239 13171.818686
749.578889 13173.242993
749.840421 13174.788579
750.154288 13176.403248
750.435466 13177.747014
750.644724 13179.068144
750.912809 13180.491408
751.154769 13181.965649
751.435922 13183.640469
751.743262 13185.085627
751.939451 13186.336275
752.174896 13187.826316
752.449521 13189.522856
752.750321 13191.098030
752.979213 13192.629924
753.260416 13194.313372
753.535066 13195.871392
753.770461 13197.321822
754.005919 13198.804027
754.247892 13200.586509
754.574866 13202.362060
754.810299 13204.030082
755.098068 13205.752875
755.346569 13207.405691
755.608151 13209.092796
755.863180 13210.598442
756.065910 13212.159426
756.333981 13214.038082
756.628266 13216.020979
756.922537 13217.886816
757.177553 13219.588420
757.419514 13221.439218
757.713760 13223.348955
757.968802 13225.044212
758.197681 13226.682098
758.433063 13228.634963
758.746956 13230.624573
758.988904 13232.370240
759.230851 13234.151557
759.479314 13236.065353
759.753977 13238.137944
760.041683 13240.152693
760.296712 13242.060165
760.551753 13243.931242
760.793713 13245.640392
761.002933 13247.536418
761.290715 13249.645264
761.552297 13251.693366
761.820381 13253.704145
762.068870 13255.858101
762.369682 13258.025793
762.618157 13260.314923
762.945119 13262.645025
763.200173 13264.728684
763.461742 13266.879046
763.729864 13269.070356
763.997987 13271.330204
764.279152 13273.632249
764.553828 13276.005056
764.848087 13278.393541
765.122737 13280.854680
765.430090 13283.360163
765.711318 13285.742612
765.985931 13288.169201
766.273687 13290.783056
766.587555 13293.478126
766.875299 13296.376238
767.169596 13299.807633
767.463830 13303.614487
767.731927 13307.974378
768.026198 13313.280120
768.340053 13319.606500
768.673517 13326.534523
768.980895 13333.167079
769.235899 13339.840027
769.504059 13348.395171
769.857157 13357.403792
770.118752 13366.807886
770.452267 13377.428020
770.753104 13388.014212
771.047325 13400.107409
771.393921 13412.421555
771.668571 13425.598495
772.021682 13439.456603
772.309400 13450.080851
772.512080 13450.987771
772.701881 13444.976564
772.930837 13441.542636
773.133592 13440.604875
773.316777 13440.531612
773.552286 13440.556369
773.787756 13440.593791
774.003542 13440.642710
774.219506 13440.724097
774.546708 13440.844567
774.867383 13440.989983
775.181454 13441.148472
775.456219 13441.359823
775.848801 13441.601044
776.136571 13441.834307
776.430842 13442.115339
776.770936 13442.449154
777.117519 13442.837149
777.496791 13443.267218
777.856405 13443.699438
778.183328 13444.141291
778.510264 13444.667166
778.909082 13445.246392
779.262168 13445.865927
779.660935 13446.551354
780.046659 13447.266118
780.432396 13447.893966
780.693889 13448.478953
781.007541 13449.155697
781.334325 13449.882051
781.667725 13450.660982
782.014296 13451.414028
782.301963 13452.080192
782.556865 13452.741636
782.824772 13453.464782
783.112414 13454.253210
783.413175 13455.064484
783.700868 13455.918669
784.014711 13456.845203
784.335081 13457.748080
784.616246 13458.656235
784.923574 13459.512641
785.158981 13460.489110
785.525122 13461.540065
785.793181 13462.451405
786.061265 13463.324278
786.296660 13464.250661
786.584327 13465.193590
786.819709 13466.169091
787.113943 13467.248895
787.395095 13468.351432
787.689303 13469.397587
787.931188 13470.491314
788.238388 13471.602992
788.480310 13472.586462
788.715578 13473.599292
788.964002 13474.641636
789.205849 13475.743359
789.473869 13476.847166
789.709200 13477.998767
789.990315 13479.347305
790.304106 13480.595850
790.532897 13481.774138
790.807496 13483.109840
791.095189 13484.450297
791.363248 13485.812301
791.650954 13487.227351
791.932081 13488.614258
792.200216 13489.903221
792.435624 13491.278998
792.729845 13492.811143
793.017563 13494.277932
793.279158 13495.747928
793.560298 13497.309706
793.848016 13498.819377
794.103045 13500.238020
794.351508 13501.730630
794.626170 13503.432124
794.940038 13505.155446
795.214727 13506.648231
795.443581 13508.258774
795.750908 13509.925968
795.992830 13511.575198
796.287089 13513.303729
796.548671 13514.991767
796.823309 13516.656499
797.071784 13518.425630
797.372545 13520.320837
797.653723 13521.999995
797.882565 13523.610560
798.137606 13525.413769
798.418797 13527.415070
798.726124 13529.279677
798.961569 13531.029011
799.229666 13532.909900
799.497751 13534.927375
799.798576 13537.012975
800.079804 13538.883044
800.315275 13540.603642
800.550682 13542.582489
800.851533 13544.725946
801.126196 13546.942276
801.440076 13549.155133
801.708173 13551.265736
801.989376 13553.498786
802.283674 13555.650093
802.538702 13557.953650
802.865664 13560.330031
803.133799 13562.545959
803.414951 13564.727888
803.669980 13566.821910
803.925009 13568.988049
804.193119 13571.337466
804.487390 13573.595936
804.729325 13575.931737
805.036678 13578.370306
805.298247 13580.461671
805.520573 13582.627613
805.795249 13585.126590
806.089457 13587.471473
806.324915 13589.601987
806.566812 13591.954856
806.848015 13594.534101
807.135734 13596.893919
807.364626 13599.031011
807.600008 13601.426625
807.881211 13604.054221
808.162402 13606.578872
808.417431 13608.998627
808.672434 13611.467306
808.933990 13614.017387
809.202126 13616.522222
809.450601 13619.077876
809.725277 13621.327561
809.908398 13623.626629
810.189589 13626.297685
810.444643 13628.922792
810.712727 13631.832108
811.020080 13634.695277
811.275121 13637.075245
811.484392 13639.471150
811.739433 13642.153487
812.001040 13644.887967
812.262622 13647.467780
812.491540 13650.030152
812.746607 13652.922907
813.034363 13655.587071
813.243621 13658.341416
813.544433 13661.074539
813.747176 13663.791784
814.041397 13666.631019
814.263749 13669.090695
814.486100 13671.709922
814.734601 13674.343380
814.956978 13676.696803
815.153168 13679.136927
815.388600 13681.737919
815.610965 13684.240735
815.826776 13686.681106
816.036046 13689.247625
816.271479 13691.864798
816.487290 13694.496118
816.722697 13697.025127
816.918912 13699.800157
817.193550 13702.470789
817.370131 13705.040668
817.625147 13708.154223
817.880213 13711.303273
818.102561 13714.640424
818.324889 13718.423907
818.547197 13722.722989
818.776073 13727.627103
819.011494 13733.177147
819.253452 13739.596202
819.514999 13746.370021
819.743870 13753.513378
819.992353 13761.598583
820.247382 13770.129578
820.489337 13779.233234
820.744367 13789.419628
821.012519 13799.781390
821.247904 13809.856371
821.476787 13820.425968
821.712210 13831.801179
821.954177 13843.685349
822.189645 13855.208179
822.398885 13867.569464
822.647397 13881.125004
822.882858 13893.256017
823.065941 13894.166255
823.242631 13886.768610
823.419293 13882.480125
823.628592 13880.962796
823.837827 13880.836850
824.079767 13880.852326
824.256335 13880.874781
824.465595 13880.916601
824.772931 13880.969386
824.988561 13881.037304
825.296004 13881.118172
825.524996 13881.201352
825.767031 13881.288928
825.969782 13881.391366
826.231436 13881.499258
826.421144 13881.625752
826.708997 13881.787057
826.983736 13881.945901
827.219214 13882.092189
827.422009 13882.270505
827.716338 13882.479388
827.971374 13882.692139
828.239485 13882.929376
828.520672 13883.174143
828.775679 13883.449758
829.089567 13883.739013
829.344567 13884.041366
829.651907 13884.357216
829.906923 13884.653163
830.155398 13884.986188
830.449645 13885.344905
830.717729 13885.687634
830.966243 13886.043379
831.234314 13886.420800
831.495858 13886.806616
831.757427 13887.200157
832.012430 13887.611689
832.280515 13888.057631
832.561655 13888.528684
832.842782 13888.962362
833.065083 13889.403414
833.339695 13889.885355
833.594673 13890.355895
833.843148 13890.825705
834.085083 13891.359647
834.385870 13891.939740
834.660507 13892.466784
834.895915 13893.028273
835.190174 13893.630499
835.451756 13894.210910
835.713261 13894.804175
835.974830 13895.464583
836.282120 13896.170640
836.569775 13896.885839
836.870587 13897.625315
837.164820 13898.296801
837.400177 13898.922549
837.648602 13899.673072
837.968934 13900.517656
838.276210 13901.261977
838.511503 13901.919608
838.746834 13902.729486
839.080196 13903.629151
839.367851 13904.479362
839.655481 13905.225187
839.864650 13906.014816
840.171838 13906.907371
840.439871 13907.722137
840.688232 13908.518050
840.936670 13909.347165
841.198125 13910.264778
841.492269 13911.173880
841.740694 13912.109411
842.041443 13913.000572
842.257203 13913.836621
842.518696 13914.835231
842.819457 13915.788153
843.048349 13916.756081
843.349124 13917.821207
843.623748 13918.852813
843.898386 13919.860757
844.153389 13920.856932
844.414996 13921.852621
844.663485 13922.939416
844.964322 13924.078902
845.232457 13925.221005
845.526742 13926.241321
845.729485 13927.206562
845.991028 13928.305523
846.252598 13929.361189
846.488005 13930.614085
846.834588 13931.908710
847.083089 13932.974824
847.318547 13934.052164
847.567009 13935.244186
847.848200 13936.463681
848.103229 13937.727789
848.397501 13939.051164
848.672125 13940.250281
848.907520 13941.462602
849.182157 13942.765536
849.450267 13944.034333
849.705258 13945.316289
849.973355 13946.692574
850.261048 13948.033392
850.509561 13949.405352
850.803770 13950.840577
851.071905 13952.104190
851.294205 13953.414513
851.575422 13954.908722
851.863140 13956.365453
852.124747 13957.783962
852.392832 13959.322541
852.693657 13960.821503
852.942157 13962.299542
853.229876 13963.955319
853.537216 13965.534453
853.792232 13966.998915
854.053814 13968.438099
854.295762 13969.908682
854.563884 13971.410073
854.812385 13972.963239
855.093614 13974.665217
855.387860 13976.362725
855.662548 13977.956981
855.917602 13979.504933
856.172682 13981.166130
856.460489 13983.186668
856.826757 13985.039748
857.055675 13986.726346
857.363015 13988.278291
857.546098 13989.697452
857.807718 13991.335732
858.056219 13993.114408
858.357031 13995.185594
858.690508 13997.231132
858.978201 13999.033399
859.233242 14000.674105
859.468649 14002.504076
859.775977 14004.346107
860.011397 14006.091106
860.286021 14008.074429
860.586859 14010.049819
860.854969 14011.787793
861.083861 14013.584597
861.365026 14015.625919
861.659310 14017.541313
861.901258 14019.376655
862.169355 14021.486006
862.483223 14023.634036
862.757848 14025.484658
862.986714 14027.299611
863.248271 14029.419323
863.555611 14031.429598
863.784478 14033.380814
864.072209 14035.493244
864.340319 14037.368870
864.562645 14039.332771
864.850351 14041.409330
865.098851 14043.628805
865.419260 14045.861426
865.667723 14048.059114
865.975050 14050.295928
866.230040 14052.443715
866.511257 14054.843307
866.825137 14057.285161
867.112843 14059.556494
867.380965 14061.897079
867.681765 14064.224763
867.943347 14066.467678
868.217984 14068.944765
868.499124 14072.072188
868.819532 14075.546895
869.074536 14079.547013
869.388378 14084.230860
869.669556 14089.244435
869.957211 14094.551773
870.218755 14101.260454
870.584909 14108.565289
870.853006 14115.975722
871.173388 14124.635503
871.493797 14134.141453
871.827248 14144.629708
872.167303 14156.052863
872.513835 14167.961744
872.840797 14180.344150
873.174324 14192.589712
873.462081 14206.651416
873.860988 14219.025509
874.063680 14220.105887
874.240337 14214.958667
874.423585 14211.837504
874.619826 14210.597778
874.829223 14210.392692
875.045110 14210.425970
875.437756 14210.479101
875.686435 14210.537668
875.922058 14210.606159
876.144588 14210.681058
876.347445 14210.770414
876.582953 14210.875562
876.805369 14211.012733
877.106244 14211.191689
877.413559 14211.390395
877.707805 14211.622096
878.041206 14211.890711
878.368104 14212.205249
878.740785 14212.547493
879.067645 14212.887613
879.381487 14213.241251
879.688827 14213.660962
880.068062 14214.142509
880.427688 14214.643461
880.787276 14215.186012
881.159957 14215.733298
881.486665 14216.255491
881.793890 14216.874023
882.199173 14217.550058
882.538974 14218.171645
882.852842 14218.847392
883.218996 14219.479122
883.467484 14220.109224
883.807539 14220.801745
884.095270 14221.458416
884.382976 14222.166867
884.696856 14222.863650
884.958388 14223.573952
885.265740 14224.276550
885.507675 14224.902811
885.743070 14225.660019
886.070031 14226.497936
886.351222 14227.255660
886.606251 14228.021951
886.880875 14228.844160
887.162066 14229.695009
887.443244 14230.503074
887.685192 14231.328931
887.966344 14232.256162
888.260654 14233.137206
888.502589 14234.037253
888.796823 14234.964435
889.045311 14235.887833
889.326514 14236.791739
889.555356 14237.712986
889.836534 14238.660655
890.071954 14239.663308
890.372791 14240.782383
890.660497 14241.781123
890.889326 14242.771808
891.163989 14243.816261
891.412451 14244.864600
891.680548 14245.996995
891.961739 14247.091628
892.203674 14248.161742
892.465231 14249.289525
892.726787 14250.462881
893.001399 14251.667831
893.269433 14252.860801
893.530900 14254.116622
893.818619 14255.313041
894.047397 14256.527385
894.335077 14257.740322
894.557327 14258.907134
894.818845 14260.183997
895.080364 14261.461000
895.335316 14262.721317
895.583792 14263.863285
895.786471 14265.239257
896.119922 14266.697181
896.348802 14267.882199
896.571128 14269.290360
896.878417 14270.926417
897.179204 14272.531010
897.466910 14273.992561
897.708845 14275.491111
898.003104 14277.080128
898.271188 14278.613571
898.539310 14280.183536
898.813922 14281.713124
899.062423 14283.318876
899.356682 14285.237882
899.703253 14287.059480
899.958294 14288.744025
900.252553 14290.363604
900.481407 14292.084729
900.801853 14293.841990
901.037248 14295.494027
901.318451 14297.288828
901.593114 14299.124143
901.880858 14300.999973
902.162062 14302.917585
902.456321 14304.832486
902.730958 14306.745254
903.018689 14308.812961
903.332570 14310.809778
903.594101 14312.689539
903.868738 14314.609745
904.136835 14316.477324
904.391851 14318.409458
904.673029 14320.454189
904.954220 14322.397022
905.202696 14324.333442
905.477333 14326.458009
905.771579 14328.551934
906.033174 14330.515225
906.288177 14332.317899
906.503925 14334.364299
906.817805 14336.578510
907.072783 14338.736544
907.367030 14340.963957
907.635127 14343.237642
907.935875 14345.370581
908.164767 14347.630025
908.491678 14350.228990
908.799018 14352.580448
909.060575 14354.897946
909.354795 14357.122522
909.590241 14359.226490
909.851759 14361.625315
910.152533 14363.900641
910.381413 14366.138311
910.669131 14368.418979
910.904538 14370.746511
911.198721 14373.176775
911.453788 14375.597583
911.741506 14378.064708
912.003101 14380.282698
912.231930 14382.695993
912.532716 14384.912981
912.715812 14387.147614
913.016599 14389.851701
913.297803 14392.453559
913.572415 14395.105308
913.860133 14397.776021
914.134796 14400.277376
914.383272 14402.574390
914.612151 14405.045020
914.893304 14407.561996
915.128749 14409.999845
915.390305 14412.646516
915.664943 14415.179478
915.900350 14417.564918
916.142272 14419.964109
916.377705 14422.510550
916.645827 14425.272485
916.920554 14427.984798
917.175621 14430.578818
917.424121 14433.120101
917.666082 14435.744731
917.927664 14438.349586
918.163071 14440.935451
918.418100 14444.513131
918.836552 14447.759619
919.026150 14450.894849
919.418409 14454.186299
919.634226 14457.326788
919.993752 14460.366133
920.183355 14462.876856
920.412194 14466.070125
920.654132 14469.705716
920.882964 14473.494488
921.092193 14477.557975
921.307938 14481.692284
921.490983 14485.943580
921.687087 14490.898284
921.902797 14496.363968
922.111985 14503.169385
922.392982 14509.982986
922.575864 14515.920574
922.771949 14524.311864
923.079120 14532.746104
923.255594 14539.503496
923.445199 14549.705176
923.778605 14560.593330
923.981269 14561.780495
924.164386 14557.319189
924.360328 14555.739835
924.536156 14555.560391
924.804285 14555.578706
925.052789 14555.609544
925.320993 14555.653377
925.582632 14555.702494
925.791909 14555.761757
926.046920 14555.839819
926.315069 14555.932501
926.583142 14556.029563
926.812053 14556.137089
927.073614 14556.265102
927.341727 14556.409429
927.616382 14556.562792
927.871398 14556.722681
928.126434 14556.901384
928.401043 14557.107442
928.695312 14557.319544
928.950319 14557.537677
929.224956 14557.786100
929.519228 14558.048646
929.793878 14558.309561
930.055435 14558.604871
930.369328 14558.906434
930.617816 14559.185545
930.866292 14559.491698
931.140916 14559.809612
931.389417 14560.127657
931.644433 14560.448128
931.879802 14560.802805
932.167534 14561.178089
932.416009 14561.557520
932.690672 14561.948715
932.939173 14562.342467
933.200729 14562.785182
933.495001 14563.224488
933.736962 14563.683722
934.037748 14564.143166
934.266640 14564.593019
934.541278 14565.090119
934.809413 14565.531505
935.012130 14565.965018
935.260631 14566.505286
935.561456 14567.071419
935.823076 14567.576886
936.051968 14568.086897
936.307035 14568.635688
936.562140 14569.174215
936.797560 14569.806404
937.124509 14570.458171
937.366431 14571.095295
937.667167 14571.728292
937.895983 14572.375664
938.196706 14573.083747
938.464740 14573.731012
938.706573 14574.416462
938.994215 14575.131005
939.249117 14575.814994
939.504070 14576.538059
939.778656 14577.310215
940.059707 14578.067873
940.314634 14578.820084
940.582655 14579.671839
940.896396 14580.547649
941.170995 14581.309359
941.399799 14582.073394
941.667883 14582.941009
941.955614 14583.832602
942.230226 14584.706693
942.498323 14585.550918
942.746811 14586.495736
943.067207 14587.509328
943.348436 14588.438172
943.610056 14589.392308
943.897812 14590.382835
944.172539 14591.316911
944.421040 14592.311792
944.721827 14593.270439
944.944178 14594.206345
945.225331 14595.301847
945.526143 14596.488178
945.846577 14597.640020
946.121227 14598.678961
946.376217 14599.783645
946.677017 14600.901213
946.932046 14601.939508
947.187049 14603.057686
947.474780 14604.188422
947.729809 14605.291418
947.997919 14606.420567
948.259488 14607.576807
948.534138 14608.846700
948.841478 14610.116405
949.109575 14611.254478
949.351523 14612.524285
949.671956 14613.836460
949.926947 14615.058442
950.201584 14616.277321
950.450073 14617.555898
950.744344 14618.862408
950.999386 14620.040680
951.234806 14621.294256
951.515984 14622.607297
951.771012 14623.933961
952.052190 14625.404972
952.359518 14626.790937
952.601478 14628.108068
952.876141 14629.521297
953.150766 14630.879612
953.399279 14632.285482
953.686972 14633.720746
953.941988 14635.258338
954.262397 14636.755917
954.497829 14638.269554
954.818225 14639.813062
955.060173 14641.281394
955.347878 14642.798140
955.602894 14644.329032
955.890613 14645.778787
956.112965 14647.336331
956.433360 14649.171905
956.747241 14650.775281
956.982635 14652.277627
957.257260 14653.888573
957.525332 14655.434066
957.773794 14657.091599
958.074594 14658.962124
958.388462 14660.667222
958.630422 14662.224896
958.891966 14663.793539
959.133914 14665.560361
959.454322 14667.422901
959.722419 14669.155091
959.997031 14670.752120
960.219332 14672.425569
960.513591 14674.238383
960.775160 14676.087689
961.075972 14677.862962
961.311367 14679.498929
961.566383 14681.255758
961.834442 14683.180644
962.135241 14685.164449
962.416444 14687.028194
962.677976 14688.814569
962.933004 14690.613240
963.194561 14692.400651
963.443024 14694.200116
963.704580 14695.987704
963.946515 14697.881458
964.234272 14699.905256
964.508909 14701.871937
964.777006 14703.852040
965.051631 14705.845290
965.319728 14707.803327
965.581272 14709.749797
965.842854 14711.733277
966.110938 14713.654882
966.352898 14715.713644
966.653685 14718.010298
966.954472 14720.272708
967.242190 14722.474495
967.523318 14724.537267
967.771806 14726.484855
968.020307 14728.521394
968.288416 14730.827481
968.595744 14733.228881
968.850798 14735.810342
969.118908 14739.051559
969.413128 14742.748276
969.681251 14747.831225
970.080132 14753.208022
970.322042 14758.740566
970.662085 14765.064215
970.936760 14771.699696
971.250615 14779.335692
971.564534 14787.109196
971.845725 14795.544007
972.166146 14804.903231
972.473473 14815.200962
972.813528 14827.271174
973.186260 14840.447668
973.545937 14854.178080
973.905588 14867.574288
974.226022 14880.384287
974.566039 14892.946498
974.899541 14904.089224
975.187247 14915.618893
975.573060 14926.192941
975.828064 14935.618020
976.174634 14945.933630
976.514676 14955.282474
976.822016 14964.274058
977.155518 14972.809122
977.443237 14981.226607
977.783267 14990.470120
978.149471 14998.583051
978.417568 15005.991850
978.744530 15012.229526
978.927626 15017.001315
979.143399 15017.990261
979.320043 15015.686366
979.562168 15014.958064
979.738749 15014.967396
979.941517 15014.993813
980.268657 15015.033572
980.497638 15015.109733
980.955689 15015.211726
981.243432 15015.328179
981.609637 15015.477769
981.956195 15015.649833
982.309280 15015.831866
982.610092 15016.025777
982.930500 15016.263043
983.296667 15016.555008
983.695536 15016.872056
984.055124 15017.209715
984.434358 15017.587946
984.820172 15018.002740
985.212487 15018.508043
985.696421 15019.030597
986.062600 15019.539274
986.467997 15020.037964
986.781839 15020.500755
987.102184 15021.019902
987.461797 15021.582638
987.808316 15022.131182
988.122146 15022.667562
988.429512 15023.247809
988.769567 15023.866816
989.096516 15024.476060
989.403868 15025.052584
989.678480 15025.660793
989.998914 15026.285412
990.273552 15026.936393
990.600500 15027.648715
990.914355 15028.274793
991.149788 15028.925982
991.470171 15029.590245
991.705565 15030.256012
992.012918 15031.043554
992.333326 15031.816041
992.614530 15032.599032
992.928385 15033.362892
993.183426 15034.163064
993.510401 15034.940698
993.739242 15035.669844
994.020445 15036.459139
994.282027 15037.234078
994.543571 15038.103130
994.857477 15038.956617
995.099425 15039.817128
995.406765 15040.743984
995.681440 15041.634766
995.956065 15042.485831
996.198000 15043.384578
996.492284 15044.409516
996.799624 15045.360034
997.041559 15046.210738
997.283520 15047.155949
997.571213 15048.161989
997.839297 15049.110948
998.087785 15050.098496
998.368938 15051.049194
998.591290 15052.001388
998.865902 15053.131800
999.173204 15054.330699
999.474041 15055.442112
999.729019 15056.529779
1000.010159 15057.617593
1000.258622 15058.568932
1000.467842 15059.587231
1000.742416 15060.812834
1001.043139 15062.068523
1001.324228 15063.312783
1001.611883 15064.470475
1001.847214 15065.613668
1002.121826 15066.858845
1002.396387 15068.134334
1002.677540 15069.333102
1002.912922 15070.530838
1003.187508 15071.897652
1003.488295 15073.375942
1003.802176 15074.792240
1004.070285 15076.177868
1004.364519 15077.496222
1004.599901 15078.830328
1004.894185 15080.378802
1005.208028 15081.877066
1005.476150 15083.324836
1005.763869 15084.735386
1006.012369 15086.178907
1006.306603 15087.600520
1006.542036 15088.984013
1006.816648 15090.505913
1007.097800 15092.097952
1007.392034 15093.761819
1007.692872 15095.312722
1007.941360 15096.880048
1008.242147 15098.575134
1008.529865 15100.268741
1008.824111 15101.746596
1009.033382 15103.278386
1009.340697 15105.018235
1009.615372 15106.716277
1009.903091 15108.409618
1010.171200 15110.098777
1010.452404 15111.782196
1010.713960 15113.274568
1010.929733 15115.008223
1011.263223 15117.047697
1011.570563 15118.790457
1011.805957 15120.485857
1012.093688 15122.236699
1012.342176 15123.937868
1012.610286 15125.870782
1012.924167 15127.819298
1013.192264 15129.674793
1013.473467 15131.545010
1013.741551 15133.249737
1013.970418 15134.990731
1014.245081 15136.880888
1014.513178 15138.785991
1014.787841 15140.589271
1015.023261 15142.406552
1015.297911 15144.401209
1015.579076 15146.411170
1015.853726 15148.340852
1016.108755 15150.381786
1016.409542 15152.290813
1016.625328 15154.043904
1016.880369 15155.979828
1017.141938 15158.102943
1017.442750 15160.165827
1017.684736 15162.169257
1017.965889 15164.312126
1018.240526 15166.240680
1018.462840 15168.157144
1018.730924 15170.136231
1018.966306 15172.207174
1019.254050 15174.526499
1019.548271 15176.783397
1019.816419 15178.950520
1020.084503 15180.998034
1020.319910 15183.139917
1020.607616 15185.456911
1020.882279 15187.708078
1021.150338 15189.809290
1021.385745 15191.979530
1021.666936 15194.551483
1021.993884 15197.056410
1022.255441 15199.270231
1022.510457 15201.497487
1022.771988 15203.738006
1023.027017 15206.107054
1023.314735 15208.518875
1023.576304 15210.772322
1023.824831 15213.097393
1024.099430 15215.464791
1024.354471 15217.846942
1024.629109 15220.153274
1024.864503 15222.593434
1025.165316 15225.106329
1025.413766 15227.393641
1025.662279 15229.815142
1025.936904 15232.280109
1026.191920 15234.513748
1026.414284 15236.759592
1026.669300 15239.140100
1026.917763 15241.877562
1027.244725 15244.723839
1027.512822 15247.241125
1027.767812 15249.613597
1028.003245 15251.998793
1028.258274 15254.652436
1028.545979 15257.255252
1028.787914 15259.678461
1029.036390 15262.080790
1029.271757 15264.626613
1029.546438 15267.349575
1029.814549 15270.153585
1030.102264 15272.815334
1030.331137 15275.404934
1030.566567 15278.642646
1030.841179 15282.505023
1031.102735 15286.874933
1031.377400 15291.275008
1031.593191 15296.350517
1031.887450 15301.654472
1032.090203 15307.054307
1032.351800 15313.643561
1032.619905 15320.337703
1032.855296 15327.595840
1033.129967 15335.895127
1033.404622 15345.272800
1033.712054 15354.612498
1033.954017 15364.407284
1034.254784 15375.304273
1034.529456 15385.842092
1034.784487 15398.743137
1035.144197 15410.692496
1035.333837 15420.220545
1035.562731 15430.653277
1035.778477 15440.619770
1035.974650 15470.170855
1037.065999 15500.890986
1037.373508 15513.039597
1037.726656 15525.054321
1038.112505 15536.595865
1038.563839 15544.750207
1038.786147 15549.922829
1039.034600 15555.217274
1039.276526 15560.214725
1039.505392 15565.326686
1039.766960 15569.825768
1039.943514 15573.392705
1040.120043 15574.192600
1040.296601 15573.113269
1040.505778 15573.007932
1040.708466 15573.014442
1040.911218 15573.025636
1041.153156 15573.042231
1041.395094 15573.065787
1041.676322 15573.094535
1041.918264 15573.125825
1042.153680 15573.161854
1042.395647 15573.203741
1042.644168 15573.251875
1042.899192 15573.309727
1043.186915 15573.372423
1043.435428 15573.439621
1043.710050 15573.508259
1043.932409 15573.586678
1044.233149 15573.673205
1044.475118 15573.762854
1044.756277 15573.861469
1045.017859 15573.963678
1045.285957 15574.075782
1045.567129 15574.195411
1045.841779 15574.319896
1046.116423 15574.450560
1046.391029 15574.585712
1046.659145 15574.726993
1046.933808 15574.868710
1047.182302 15575.023991
1047.483102 15575.178910
1047.711971 15575.332127
1047.986631 15575.502812
1048.254727 15575.666423
1048.490141 15575.840105
1048.771319 15576.032793
1049.045970 15576.234321
1049.333714 15576.442173
1049.608336 15576.648954
1049.876441 15576.848690
1050.118389 15577.059442
1050.399573 15577.283701
1050.661133 15577.522780
1050.961939 15577.773752
1051.236589 15578.016804
1051.504712 15578.262903
1051.772834 15578.514906
1052.040969 15578.776012
1052.315607 15579.062874
1052.622998 15579.359709
1052.904252 15579.615690
1053.120050 15579.856381
1053.362074 15580.136819
1053.643328 15580.447957
1053.931098 15580.780572
1054.238488 15581.116415
1054.519743 15581.436340
1054.787865 15581.782415
1055.101822 15582.134907
1055.369970 15582.474304
1055.651224 15582.849114
1055.965193 15583.243621
1056.266069 15583.593771
1056.501489 15583.990383
1056.861178 15584.419803
1057.135866 15584.826364
1057.449772 15585.234887
1057.717920 15585.646126
1058.025247 15586.082982
1058.319532 15586.502902
1058.594182 15586.914749
1058.868845 15587.317659
1059.123899 15587.762408
1059.444333 15588.197574
1059.679753 15588.629499
1059.987118 15589.125498
1060.294458 15589.634680
1060.608351 15590.118588
1060.876474 15590.243495
1061.118853 15590.142938
1061.315030 15590.147571
1061.583140 15590.165010
1061.896995 15590.192901
1062.178186 15590.228489
1062.446308 15590.267243
1062.662106 15590.322164
1063.002162 15590.393920
1063.289880 15590.468838
1063.564518 15590.545004
1063.799950 15590.633374
1064.094196 15590.728131
1064.323101 15590.839443
1064.650063 15590.958576
1064.878917 15591.085617
1065.192823 15591.237756
1065.487069 15591.382936
1065.735595 15591.526124
1065.990573 15591.687340
1066.271751 15591.876686
1066.585632 15592.062499
1066.827579 15592.251795
1067.121851 15592.461681
1067.396501 15592.668667
1067.658045 15592.892950
1067.952291 15593.134763
1068.233457 15593.387011
1068.527728 15593.609209
1068.723905 15593.830750
1068.998530 15594.097178
1069.273180 15594.369520
1069.541303 15594.633557
1069.783238 15594.916785
1070.070931 15595.226458
1070.345594 15595.523168
1070.594069 15595.824792
1070.862179 15596.142376
1071.123748 15596.489417
1071.424560 15596.862544
1071.712279 15597.211556
1071.960754 15597.529859
1072.189634 15597.878276
1072.470799 15598.285318
1072.771611 15598.678480
1073.020125 15599.042586
1073.268600 15599.424285
1073.530195 15599.844406
1073.817901 15600.273342
1074.079457 15600.717363
1074.373729 15601.143157
1074.602583 15601.550712
1074.864139 15601.993363
1075.125721 15602.455921
1075.400346 15602.903724
1075.635779 15603.366119
1075.916957 15603.860222
1076.178539 15604.339082
1076.433605 15604.851333
1076.721311 15605.384806
1076.989383 15605.921644
1077.270573 15606.480747
1077.551701 15607.036065
1077.819747 15607.635068
1078.133538 15608.306365
1078.460411 15608.954513
1078.741487 15609.521181
1078.983346 15610.104204
1079.270963 15610.754443
1079.565146 15611.407412
1079.846197 15612.040171
1080.114205 15612.721328
1080.428009 15613.404189
1080.689464 15613.994337
1080.918267 15614.568250
1081.160177 15615.222369
1081.447857 15615.884342
1081.689742 15616.547378
1081.970945 15617.252246
1082.239029 15617.966589
1082.520207 15618.724866
1082.814416 15619.466586
1083.075985 15620.209502
1083.363716 15620.934019
1083.605613 15621.686297
1083.906450 15622.455985
1084.154926 15623.226379
1084.449172 15624.052593
1084.730363 15624.869986
1085.011528 15625.667888
1085.273072 15626.445680
1085.534616 15627.261694
1085.815768 15628.076398
1086.070772 15628.961506
1086.391244 15629.917343
1086.685477 15630.822737
1086.966655 15631.664980
1087.215131 15632.495134
1087.483215 15633.343948
1087.738256 15634.223010
1088.019396 15635.198002
1088.326736 15636.161133
1088.594846 15637.068060
1088.862930 15637.916256
1089.091822 15638.840881
1089.399124 15639.795935
1089.641047 15640.761424
1089.948374 15641.758509
1090.203377 15642.624459
1090.432244 15643.545716
1090.713447 15644.582290
1091.001153 15645.592314
1091.262748 15646.636506
1091.563496 15647.739180
1091.851228 15648.790404
1092.119325 15649.826284
1092.393975 15650.883848
1092.668625 15651.963414
1092.949765 15653.091195
1093.244049 15654.176790
1093.499040 15655.272259
1093.793286 15656.402975
1094.061409 15657.450266
1094.309871 15658.627306
1094.636795 15659.935612
1094.944122 15661.160518
1095.225275 15662.313469
1095.493359 15663.545727
1095.807214 15664.928411
1096.140678 15666.337886
1096.461099 15667.631697
1096.735736 15668.995116
1097.082307 15670.456630
1097.396187 15671.923432
1097.729689 15673.623347
1098.069732 15675.655968
1098.390140 15678.076675
1098.710536 15681.238471
1099.089783 15684.720987
1099.384055 15688.441373
1099.717582 15692.837871
1100.051059 15697.758036
1100.391089 15703.325919
1100.744187 15709.393272
1101.084204 15711.280121
1101.273853 15709.746472
1101.463502 15709.431625
1101.738178 15709.440026
1102.104369 15709.458361
1102.503378 15709.480586
1102.758584 15709.500921
1102.967931 15709.542164
1103.491019 15709.603639
1103.896377 15709.663352
1104.236344 15709.723981
1104.556765 15709.795573
1104.929472 15709.882548
1105.315272 15709.980456
1105.701098 15710.083996
1106.060737 15710.190415
1106.407294 15710.302751
1106.753877 15710.421624
1107.093907 15710.550720
1107.453559 15710.678045
1107.747779 15710.800232
1108.048541 15710.938366
1108.388533 15711.084244
1108.695809 15711.222755
1108.976987 15711.363779
1109.271246 15711.522102
1109.598182 15711.684521
1109.885901 15711.845988
1110.186713 15712.024431
1110.513649 15712.201014
1110.788299 15712.363493
1111.049868 15712.534909
1111.337587 15712.713108
1111.605697 15712.889814
1111.873781 15713.082515
1112.174606 15713.273146
1112.423081 15713.464316
1112.710812 15713.662234
1112.965867 15713.847695
1113.207802 15714.057653
1113.515167 15714.284959
1113.789817 15714.496613
1114.044820 15714.732069
1114.365229 15714.975071
1114.626836 15715.215553
1114.927724 15715.478247
1115.228537 15715.737782
1115.509689 15715.993851
1115.790905 15716.245754
1116.052487 15716.502556
1116.333665 15716.776766
1116.621396 15717.039807
1116.869910 15717.311133
1117.164156 15717.586778
1117.412619 15717.857271
1117.687282 15718.177444
1118.020797 15718.495857
1118.282353 15718.773556
1118.530841 15719.062903
1118.805492 15719.371342
1119.080129 15719.684634
1119.354767 15719.991261
1119.609795 15720.302591
1119.884458 15720.634091
1120.165636 15720.970510
1120.440299 15721.324199
1120.741099 15721.711960
1121.061507 15722.063704
1121.296914 15722.382871
1121.558483 15722.731664
1121.833159 15723.106813
1122.127418 15723.509159
1122.434783 15723.899248
1122.702918 15724.249509
1122.944866 15724.617996
1123.232635 15724.999928
1123.487664 15725.401032
1123.795017 15725.801998
1124.043530 15726.198798
1124.337815 15726.614603
1124.605925 15727.015915
1124.874034 15727.421859
1125.142144 15727.832425
1125.410241 15728.262981
1125.697959 15728.687989
1125.952988 15729.118038
1126.240719 15729.584310
1126.534966 15730.023819
1126.783441 15730.446863
1127.051576 15730.884971
1127.313133 15731.333167
1127.587796 15731.802623
1127.868974 15732.265719
1128.130556 15732.716660
1128.392125 15733.171986
1128.653681 15733.660755
1128.947953 15734.165940
1129.222590 15734.658724
1129.497228 15735.108555
1129.719554 15735.592953
1130.026894 15736.142056
1130.314625 15736.623210
1130.543492 15737.102947
1130.824683 15737.617706
1131.086227 15738.099513
1131.328200 15738.572856
1131.576688 15739.075657
1131.844785 15739.602018
1132.112895 15740.159155
1132.407154 15740.714556
1132.668723 15741.222021
1132.910658 15741.720372
1133.159184 15742.303612
1133.479592 15743.096480
1133.924270 15743.834966
1134.185814 15744.394900
1134.453924 15744.924228
1134.682803 15745.436644
1134.931304 15746.009563
1135.212495 15746.622681
1135.493723 15747.240851
1135.774876 15747.827582
1136.023390 15748.433876
1136.317661 15749.111252
1136.624989 15749.734473
1136.866949 15750.265213
1137.089275 15750.875363
1137.396603 15751.542816
1137.664725 15752.208240
1137.965499 15752.816460
1138.181272 15753.445387
1138.495178 15754.038692
1138.678261 15754.589458
1138.952899 15755.198656
1139.181765 15755.860481
1139.495646 15756.518227
1139.717972 15757.059319
1139.933707 15757.726218
1140.254090 15758.421659
1140.489522 15759.031435
1140.737896 15759.653095
1140.979768 15760.312362
1141.254367 15761.001040
1141.515873 15761.660406
1141.764310 15762.324036
1142.025791 15763.043465
1142.313458 15763.828341
1142.620735 15764.575057
1142.875751 15765.256924
1143.130716 15766.067068
1143.477312 15766.900058
1143.745396 15767.676885
1144.046170 15768.359198
1144.242322 15769.046326
1144.543096 15769.745805
1144.745839 15770.395008
1145.007395 15771.111883
1145.255883 15771.749415
1145.458588 15772.409245
1145.720157 15773.072144
1145.922887 15773.748343
1146.190959 15774.484542
1146.432919 15775.177407
1146.668288 15775.912405
1146.936423 15776.583758
1147.126047 15777.210561
1147.361454 15777.898346
1147.590308 15778.609175
1147.838758 15779.362910
1148.093787 15780.120675
1148.342237 15780.902461
1148.610334 15781.688444
1148.858825 15782.488922
1149.133442 15783.242969
1149.349195 15784.113309
1149.695779 15785.069488
1149.963898 15786.115167
1150.362868 15787.322556
1150.729160 15788.424520
1151.056171 15789.418629
1151.350447 15790.207493
1151.546603 15791.054183
1151.873574 15792.000373
1152.128592 15792.759222
1152.337866 15793.565083
1152.619055 15794.482693
1152.893704 15795.350824
1153.142217 15796.124970
1153.358017 15796.891896
1153.600031 15797.617854
1153.789691 15798.324890
1154.018566 15799.212775
1154.312867 15800.093291
1154.535186 15800.989903
1154.835989 15802.263988
1155.273958 15803.442539
1155.515917 15804.780108
1156.038798 15806.158377
1156.300391 15807.096835
1156.568523 15808.012512
1156.797361 15808.876165
1156.993499 15809.902788
1157.241973 15811.178353
1157.490435 15812.679716
1157.765058 15814.514433
1158.065814 15816.557751
1158.347028 15818.505158
1158.575854 15820.445278
1158.817759 15822.449660
1159.033544 15824.390199
1159.236234 15826.469192
1159.458588 15829.651301
1159.844376 15832.724009
1160.020958 15835.004845
1160.236763 15837.983950
1160.511395 15841.129421
1160.733795 15843.982716
1160.943114 15846.761802
1161.139386 15847.363357
1161.335862 15846.512669
1161.571431 15846.434431
1161.865882 15846.446825
1162.107838 15846.463652
1162.356344 15846.486092
1162.611381 15846.516284
1162.899100 15846.550178
1163.127968 15846.590205
1163.415681 15846.638972
1163.683789 15846.691449
1163.945359 15846.753764
1164.246146 15846.823024
1164.514281 15846.888958
1164.743130 15846.961393
1165.017766 15847.040733
1165.259726 15847.121349
1165.508204 15847.211703
1165.776334 15847.309918
1166.037881 15847.419429
1166.332149 15847.539252
1166.613327 15847.649460
1166.835650 15847.767098
1167.123411 15847.902566
1167.398046 15848.034357
1167.646513 15848.166715
1167.901555 15848.307955
1168.163128 15848.466218
1168.457395 15848.634507
1168.732069 15848.790954
1168.967459 15848.940320
1169.202888 15849.127499
1169.536419 15849.327087
1169.791460 15849.513353
1170.066104 15849.707629
1170.327672 15849.897944
1170.576186 15850.109283
1170.877016 15850.344895
1171.171299 15850.563201
1171.413249 15850.790840
1171.714085 15851.035460
1171.982246 15851.296045
1172.302667 15851.550961
1172.544653 15851.779055
1172.793192 15852.034269
1173.080897 15852.311266
1173.362139 15852.581703
1173.623734 15852.851602
1173.891843 15853.130688
1174.159966 15853.415721
1174.428101 15853.717559
1174.715845 15854.014458
1174.964358 15854.336582
1175.284767 15854.664540
1175.533280 15854.960780
1175.788296 15855.306081
1176.108717 15855.665583
1176.376814 15855.987224
1176.625328 15856.310376
1176.886897 15856.651580
1177.154994 15857.024666
1177.455806 15857.386324
1177.697767 15857.741181
1177.978945 15858.105834
1178.227445 15858.485938
1178.521704 15858.885778
1178.789827 15859.234927
1179.005625 15859.608842
1179.299872 15860.066277
1179.620318 15860.491005
1179.862253 15860.912959
1180.169606 15861.340408
1180.411553 15861.764323
1180.705812 15862.161753
1180.908492 15862.559850
1181.196223 15862.989234
1181.431617 15863.391760
1181.680106 15863.854815
1181.980956 15864.380157
1182.294874 15864.930354
1182.615295 15865.436217
1182.870311 15865.890639
1183.125327 15866.392273
1183.426178 15867.033059
1183.824932 15867.688661
1184.132285 15868.212181
1184.380786 15868.704874
1184.648896 15869.215605
1184.910465 15869.725722
1185.172009 15870.280645
1185.472834 15870.868079
1185.760565 15871.436053
1186.035202 15871.983668
1186.296759 15872.516889
1186.551775 15873.069460
1186.826400 15873.613706
1187.068360 15874.149769
1187.329929 15874.776101
1187.650337 15875.423094
1187.924988 15876.027066
1188.199625 15876.629896
1188.467709 15877.209271
1188.716210 15877.779424
1188.971226 15878.400018
1189.258970 15879.033946
1189.520527 15879.643595
1189.782096 15880.251114
1190.037099 15880.864223
1190.298681 15881.514418
1190.579872 15882.122615
1190.802198 15882.744637
1191.089878 15883.330879
1191.279540 15883.947383
1191.586893 15884.666630
1191.855003 15885.293279
1192.083869 15885.992559
1192.404290 15886.739327
1192.665834 15887.416860
1192.927403 15888.108685
1193.195513 15888.849691
1193.489797 15889.588137
1193.751354 15890.306758
1194.025979 15891.093590
1194.333331 15891.869064
1194.594901 15892.615452
1194.876079 15893.349408
1195.124554 15894.098702
1195.412260 15894.872093
1195.673842 15895.652043
1195.961573 15896.456751
1196.236211 15897.249133
1196.510873 15897.999903
1196.752847 15898.804775
1197.060199 15899.683157
1197.347905 15900.500405
1197.609474 15901.363759
1197.923367 15902.273221
1198.211124 15903.090058
1198.459625 15903.822301
1198.688504 15904.681532
1199.015491 15905.576742
1199.263979 15906.335065
1199.499361 15907.171112
1199.793658 15908.096070
1200.081390 15908.975358
1200.342984 15909.914295
1200.663418 15910.773907
1200.872650 15911.640459
1201.193046 15912.620007
1201.467709 15913.421896
1201.676967 15914.273151
1201.977766 15915.172967
1202.213173 15916.046124
1202.494390 15916.935509
1202.736350 15917.830879
1203.017515 15918.776808
1203.285638 15919.820518
1203.619152 15920.859297
1203.880683 15921.755769
1204.129172 15922.692705
1204.410350 15923.705354
1204.698081 15924.689205
1204.959625 15925.679462
1205.247292 15926.711445
1205.528445 15927.702042
1205.789913 15928.638393
1206.038299 15929.580269
1206.299779 15930.576257
1206.574328 15931.651764
1206.875013 15932.684280
1207.123400 15933.574379
1207.345650 15934.544336
1207.633279 15935.531566
1207.862083 15936.461843
1208.117086 15937.562005
1208.430928 15938.629801
1208.666323 15939.691761
1208.973587 15940.771904
1209.215509 15941.794055
1209.490134 15942.925937
1209.784329 15943.958971
1210.006617 15945.223636
1210.412090 15946.560687
1210.667081 15947.640305
1210.941718 15948.792908
1211.229424 15949.992507
1211.523658 15951.062717
1211.745959 15952.235225
1212.086014 15953.399172
1212.301799 15954.584623
1212.648319 15955.984120
1212.962212 15957.126703
1213.184526 15958.403012
1213.557220 15959.727297
1213.799155 15960.961287
1214.126129 15962.344276
1214.433444 15963.649191
1214.721149 15964.903695
1215.002327 15966.237920
1215.322761 15967.652431
1215.636629 15968.895285
1215.872036 15970.191059
1216.166295 15971.974998
1216.506338 15974.029813
1216.800546 15976.342998
1217.127482 15978.861558
1217.408622 15981.602854
1217.722490 15984.623025
1218.010221 15987.994812
1218.337157 15991.498974
1218.605241 15995.419280
1218.951799 15999.768202
1219.246058 16003.835641
1219.514155 16008.941452
1219.906458 16015.155130
1220.272662 16020.834837
1220.560368 16025.482816
1220.782694 16026.385952
1220.959250 16024.884535
1221.135792 16024.554605
1221.443120 16024.561112
1221.717783 16024.574113
1222.051297 16024.597050
1222.437149 16024.631966
1222.849365 16024.668399
1223.111163 16024.705697
1223.418744 16024.751000
1223.719607 16024.796158
1223.961504 16024.847161
1224.268768 16024.911060
1224.589075 16024.983499
1224.916062 16025.068646
1225.282266 16025.160998
1225.609202 16025.248275
1225.890317 16025.338665
1226.197581 16025.441092
1226.517951 16025.544898
1226.799154 16025.649824
1227.093401 16025.773066
1227.439958 16025.902313
1227.734230 16026.034267
1228.061204 16026.187246
1228.420830 16026.329890
1228.675871 16026.468014
1228.989752 16026.610745
1229.244755 16026.753867
1229.539014 16026.906903
1229.813664 16027.048402
1230.049059 16027.192435
1230.317169 16027.352094
1230.591793 16027.520459
1230.872984 16027.683220
1231.114919 16027.846378
1231.383054 16028.020055
1231.644611 16028.202752
1231.925789 16028.392288
1232.193911 16028.579622
1232.455455 16028.769057
1232.717049 16028.965329
1232.985146 16029.173595
1233.266312 16029.381378
1233.521366 16029.575462
1233.756773 16029.808619
1234.096803 16030.051603
1234.345278 16030.255836
1234.580724 16030.475350
1234.855348 16030.730830
1235.162688 16030.967545
1235.385027 16031.194259
1235.659690 16031.458456
1235.953949 16031.711861
1236.195884 16031.957485
1236.464019 16032.229833
1236.751725 16032.516878
1237.039469 16032.772081
1237.255255 16033.052476
1237.582229 16033.371475
1237.863432 16033.654178
1238.111959 16033.952438
1238.412784 16034.269708
1238.687497 16034.588767
1238.981794 16034.905206
1239.243376 16035.219153
1239.524567 16035.545394
1239.799204 16035.856856
1240.047705 16036.180912
1240.335437 16036.533569
1240.623142 16036.891495
1240.910874 16037.254696
1241.198592 16037.623175
1241.486336 16037.966826
1241.728309 16038.293520
1241.983300 16038.654859
1242.271018 16039.051920
1242.571843 16039.436254
1242.833412 16039.798424
1243.094956 16040.155676
1243.343444 16040.559428
1243.663853 16040.962934
1243.905813 16041.319258
1244.154276 16041.684202
1244.402764 16042.082549
1244.690482 16042.539848
1245.010916 16042.972492
1245.259392 16043.385435
1245.547097 16043.802637
1245.795598 16044.229963
1246.089857 16044.682612
1246.364508 16045.108667
1246.619524 16045.517889
1246.868037 16045.974587
1247.175352 16046.457593
1247.449989 16046.907475
1247.711546 16047.401258
1248.031941 16047.877226
1248.267323 16048.278832
1248.496152 16048.706960
1248.757708 16049.179365
1249.032333 16049.609294
1249.241566 16050.067127
1249.542340 16050.576119
1249.803871 16051.060338
1250.071980 16051.561158
1250.346605 16052.091209
1250.640877 16052.620057
1250.908999 16053.097772
1251.144381 16053.586109
1251.419057 16054.122872
1251.700247 16054.677308
1251.987953 16055.171983
1252.203739 16055.704001
1252.524173 16056.285863
1252.785742 16056.807079
1253.040783 16057.332581
1253.302340 16057.841989
1253.537747 16058.410047
1253.851615 16059.002863
1254.106669 16059.559760
1254.381306 16060.141889
1254.655957 16060.693592
1254.897879 16061.278220
1255.198704 16061.874219
1255.447205 16062.446596
1255.721842 16063.015792
1255.963752 16063.604154
1256.251483 16064.211411
1256.506537 16064.779058
1256.755025 16065.380660
1257.036191 16066.046780
1257.337003 16066.687740
1257.592044 16067.303338
1257.866656 16067.938642
1258.134766 16068.594246
1258.422472 16069.270297
1258.703701 16069.904235
1258.952163 16070.542851
1259.233341 16071.273660
1259.553750 16071.977644
1259.808804 16072.654994
1260.103050 16073.344947
1260.364619 16074.015428
1260.639269 16074.673781
1260.887745 16075.270024
1261.110084 16075.945513
1261.417437 16076.683862
1261.685546 16077.368263
1261.947115 16077.997298
1262.169454 16078.673430
1262.463739 16079.439850
1262.751457 16080.141868
1262.993405 16080.875076
1263.300732 16081.656755
1263.575408 16082.390730
1263.843518 16083.129346
1264.118117 16083.872591
1264.386227 16084.629722
1264.667419 16085.428038
1264.961673 16086.240657
1265.249378 16087.021743
1265.517488 16087.761429
1265.772519 16088.524306
1266.053716 16089.291529
1266.308744 16090.025655
1266.563767 16090.763920
1266.818795 16091.582909
1267.126113 16092.387194
1267.368062 16093.158119
1267.649253 16093.981792
1267.923897 16094.702596
1268.133120 16095.388228
1268.381597 16096.136321
1268.630101 16097.007835
1268.957070 16097.883874
1269.205557 16098.685258
1269.480197 16099.500910
1269.735228 16100.341573
1270.022957 16101.166145
1270.264894 16101.954402
1270.526470 16102.767228
1270.781492 16103.553191
1271.023464 16104.332691
1271.271915 16105.126429
1271.520406 16105.966356
1271.795048 16106.789227
1272.030471 16107.637853
1272.318177 16108.608334
1272.625547 16109.573495
1272.906725 16110.457579
1273.161730 16111.324708
1273.429852 16112.207055
1273.691411 16113.082870
1273.952966 16113.974118
1274.221077 16114.780968
1274.430349 16115.625395
1274.718093 16116.574070
1274.986238 16117.448965
1275.228231 16118.260295
1275.457140 16119.052519
1275.686053 16119.870836
1275.928003 16120.667759
1276.137241 16121.495400
1276.366095 16122.616895
1276.660326 16123.928726
1276.908750 16125.147522
1277.111385 16126.731092
1277.431740 16128.742745
1277.719360 16130.794583
1277.993948 16132.697797
1278.203119 16134.723568
1278.471153 16137.177296
1278.745715 16139.865078
1279.026846 16142.585194
1279.275289 16145.363193
1279.536822 16148.286224
1279.785242 16151.114792
1280.007534 16154.163762
1280.269106 16157.649991
1280.537177 16161.247492
1280.792140 16164.518541
1280.994807 16168.125525
1281.275977 16172.053504
1281.504792 16172.781696
1281.772889 16171.714893
1282.132616 16171.726276
1282.420368 16171.742854
1282.681974 16171.775830
1283.146272 16171.817432
1283.420914 16171.858212
1283.715175 16171.904713
1283.983294 16171.951077
1284.212146 16171.998392
1284.441019 16172.053968
1284.702596 16172.129079
1285.042634 16172.220313
1285.369587 16172.303796
1285.604997 16172.386856
1285.886187 16172.471308
1286.101976 16172.548999
1286.317782 16172.640852
1286.585875 16172.745148
1286.840916 16172.852252
1287.095959 16172.967648
1287.364061 16173.093197
1287.638705 16173.222995
1287.900279 16173.358765
1288.174923 16173.500225
1288.436505 16173.651396
1288.724218 16173.806453
1288.979260 16173.963824
1289.253932 16174.134998
1289.535090 16174.316682
1289.822824 16174.498159
1290.084409 16174.674522
1290.339451 16174.865857
1290.627184 16175.070142
1290.901830 16175.260843
1291.137268 16175.464992
1291.431545 16175.684816
1291.693118 16175.886698
1291.928527 16176.102234
1292.209719 16176.360015
1292.530133 16176.612846
1292.785170 16176.867100
1293.092528 16177.136457
1293.367148 16177.390808
1293.628718 16177.641404
1293.883729 16177.917385
1294.184562 16178.195732
1294.433042 16178.473866
1294.720824 16178.739804
1294.936648 16179.004414
1295.211324 16179.302551
1295.479421 16179.629189
1295.793339 16179.950698
1296.041802 16180.256008
1296.316465 16180.578470
1296.584575 16180.894878
1296.839591 16181.188349
1297.061930 16181.478472
1297.303890 16181.840315
1297.630864 16182.229259
1297.905527 16182.604185
1298.199735 16182.989934
1298.480977 16183.378028
1298.768670 16183.740336
1299.004077 16184.099427
1299.278727 16184.496572
1299.559918 16184.880643
1299.808406 16185.260983
1300.076516 16185.661386
1300.344626 16186.077665
1300.625804 16186.489708
1300.880820 16186.887202
1301.135848 16187.289991
1301.390890 16187.708638
1301.658974 16188.164955
1301.953258 16188.621933
1302.214802 16189.068955
1302.489452 16189.493741
1302.718319 16189.918478
1302.986429 16190.376432
1303.247998 16190.788049
1303.457243 16191.269114
1303.790758 16191.760699
1304.006531 16192.229661
1304.307343 16192.751717
1304.575453 16193.256088
1304.850090 16193.747716
1305.098591 16194.232596
1305.360148 16194.722591
1305.608623 16195.269429
1305.922516 16195.828448
1306.177545 16196.388098
1306.484872 16196.953577
1306.739914 16197.492436
1307.014551 16198.009607
1307.243418 16198.546118
1307.531149 16199.163655
1307.831949 16199.746000
1308.080450 16200.278409
1308.328925 16200.822966
1308.583967 16201.415850
1308.871672 16202.050764
1309.159391 16202.640863
1309.401326 16203.214877
1309.669448 16203.816396
1309.931017 16204.393369
1310.172940 16205.006221
1310.460671 16205.340561
