0.000000 0.000000
0.000000 -0.000000
0.176555 12.899584
-0.000013 -0.001456
0.176568 12.900512
0.353098 25.798240
0.536194 39.175689
0.712711 52.072489
0.529666 38.698752
0.353174 25.803807
0.150482 10.994617
-0.026149 -3.326971
-0.209245 -24.312511
-0.398793 -46.037501
-0.209055 -24.290677
-0.019545 -2.570053
0.183159 12.240064
0.372745 26.091668
0.555854 39.470045
0.732345 52.364989
0.908926 65.266429
1.105065 74.241919
0.928535 61.392345
0.712813 45.689980
0.523202 31.888243
0.314020 16.661959
0.111303 1.906211
-0.078359 -12.576286
-0.261404 -31.723214
-0.437985 -51.175380
-0.627571 -72.060155
-0.817156 -78.605481
-0.614363 -55.530932
-0.431356 -34.707769
-0.254838 -14.623027
-0.071819 -1.301727
0.124333 9.862789
0.346621 21.592113
0.542798 35.188454
0.719315 47.422257
0.895858 59.657819
1.078890 72.343161
1.275080 77.136450
1.484325 80.698914
1.660855 83.704391
1.843976 86.822088
2.027060 89.939135
2.210181 93.056832
2.399817 94.292502
2.628671 95.669417
2.805265 96.731903
2.609075 82.893289
2.426017 69.980951
2.249462 57.527273
2.066417 44.615832
1.870240 30.778113
1.693748 18.328914
1.477963 3.108051
1.294917 -1.412584
1.059624 -3.804046
0.817728 -6.262630
0.562686 -8.854811
0.327241 -11.247823
0.072174 -13.840262
-0.124066 -17.899640
-0.307124 -33.872917
-0.490258 -49.852842
-0.679844 -66.395722
-0.882536 -79.892903
-1.091806 -84.015729
-1.340231 -88.909928
-1.542898 -92.902649
-1.739049 -96.767017
-1.915541 -100.244073
-2.144395 -104.752710
-2.320912 -108.230266
-2.517013 -112.093633
-2.327389 -91.321388
-2.144217 -71.255881
-1.961134 -51.200112
-1.784553 -31.856645
-1.542644 -5.356764
-1.339964 1.008514
-1.065441 2.808892
-0.843115 4.266952
-0.575094 6.024686
-0.261290 8.082678
0.065596 10.226458
0.340157 12.027086
0.569011 13.527957
0.745477 14.685259
0.941654 15.971827
1.144321 17.300955
1.373188 18.801909
1.582433 27.303381
1.811261 39.790698
1.987817 49.425434
2.170925 59.417783
2.367064 70.121197
2.556688 80.469079
2.746324 90.817653
2.929382 97.473852
2.726703 83.198347
2.550122 70.761061
2.373592 58.327354
2.190521 45.432974
2.007489 32.541277
1.772133 15.964194
1.530248 -0.115319
1.288326 -1.947179
1.053071 -3.728553
0.765353 -5.907187
0.490766 -7.986385
0.274980 -9.620337
0.013449 -11.600677
-0.208902 -13.284346
-0.391973 -14.670575
-0.601193 -16.254809
-0.784301 -17.641326
-0.980440 -19.126509
-1.163498 -20.512641
-1.359662 -21.998017
-1.542771 -33.807077
-1.725828 -48.202406
-1.915477 -63.116063
-2.091995 -76.997059
-2.268576 -90.883049
-2.445131 -104.767042
-2.261997 -84.713118
-2.065757 -63.223990
-1.869592 -41.743206
-1.686484 -21.692064
-1.496873 -0.928882
-1.313802 1.129781
-1.104633 2.483342
-0.875830 3.963958
-0.607758 5.698685
-0.431241 6.840952
-0.091288 9.040836
0.098311 10.267752
0.412128 12.298504
0.640982 13.779448
0.895947 15.429362
1.150899 17.079194
1.347064 18.348598
1.549730 22.459126
1.752384 33.477762
1.961680 44.857540
2.164359 55.877556
2.340877 65.475101
2.517407 75.073336
2.694000 84.675024
2.877083 94.629567
2.700541 82.194966
2.523947 69.756786
2.334374 56.404416
2.079396 38.445313
1.876742 24.171596
1.660957 8.972954
1.484478 -0.372813
1.307935 -1.713727
1.033399 -3.798941
0.843775 -5.239211
0.569163 -7.325003
0.301053 -9.361407
0.000267 -11.646007
-0.241681 -13.483700
-0.444424 -15.023615
-0.712470 -17.059536
-0.921664 -18.648454
-1.111301 -20.088821
-1.313955 -21.628061
-1.516621 -31.303667
-1.693189 -45.199832
-1.869694 -59.090998
-2.072373 -75.042152
-2.255507 -89.455062
-2.438565 -103.861975
-2.262022 -84.531468
-2.072361 -63.764488
-1.889252 -43.715049
-1.712722 -24.385932
-1.516571 -2.908364
-1.326947 1.054674
-1.058913 2.788295
-0.810476 4.395171
-0.496659 6.424917
-0.320129 7.566701
0.065583 10.061456
0.392506 12.175974
0.680161 14.036506
0.915556 15.559021
1.144410 17.039232
1.340510 18.307598
1.517040 20.689964
1.752422 33.486626
1.928990 43.085848
2.118576 53.392774
2.327847 64.769886
2.530526 75.788658
2.707107 85.388571
2.883611 94.984341
3.060116 98.259264
3.236722 99.321827
3.419754 100.423053
3.648634 101.800121
3.857917 103.059287
4.041051 104.161125
4.237253 105.341589
4.446511 106.600602
4.649241 107.820341
4.897730 109.315386
5.133213 110.732188
5.309768 111.794445
5.558295 113.289719
5.859107 115.099575
6.101067 116.555346
6.428054 117.291063
6.617767 117.101015
6.441199 105.001998
6.258103 92.455676
6.074994 79.908483
5.898477 67.812948
5.715381 55.266626
5.499633 40.482903
5.277371 25.252745
5.074717 11.366246
4.819764 -0.332725
4.584522 -1.211403
4.251147 -2.456628
3.885019 -3.824192
3.688867 -4.556859
3.453486 -5.436058
3.211563 -6.339688
2.950045 -7.316513
2.760434 -8.024750
2.485809 -9.050530
2.230755 -10.003210
1.988820 -10.906887
1.727264 -11.883855
1.478775 -12.812009
1.217130 -13.789309
0.955510 -14.766514
0.693877 -15.743766
0.432219 -16.721113
0.190208 -17.625075
-0.110706 -18.749050
-0.306870 -19.481764
-0.535749 -20.336675
-0.712305 -20.996146
-0.895413 -21.680095
-1.098105 -23.020801
-1.274661 -33.784782
-1.483931 -46.543296
-1.660474 -57.306502
-1.843570 -68.469235
-2.026641 -79.630418
-2.209762 -90.794699
-2.386305 -101.557905
-2.569362 -112.718315
-2.785148 -116.050734
-2.961665 -117.047886
-3.177464 -118.266939
-3.399714 -119.522438
-3.622091 -120.778653
-3.824757 -121.923524
-4.099369 -123.474818
-4.373994 -125.026184
-4.557039 -126.060212
-4.812081 -127.500950
-5.014786 -128.646036
-5.315572 -130.345192
-5.557507 -131.711891
-5.380888 -112.874568
-5.204333 -94.044018
-5.027740 -75.209404
-4.831550 -54.284764
-4.635348 -33.358770
-4.439082 -12.426002
-4.229799 0.242396
-3.968306 0.925590
-3.791801 1.386738
-3.504171 2.138219
-3.236087 2.838635
-3.020314 3.402378
-2.771813 4.051629
-2.542870 4.649781
-2.235492 5.452858
-2.013090 6.033922
-1.686065 6.888330
-1.437577 7.537548
-1.189050 8.186865
-0.875233 9.006765
-0.574472 9.792555
-0.319481 10.458761
-0.038367 11.193220
0.229680 11.893536
0.464985 12.508312
0.785292 13.345167
1.053351 14.045516
1.314818 14.728645
1.635188 15.565666
1.837881 16.095233
2.047100 16.641855
2.367483 17.478910
2.609380 18.110906
2.799029 18.606397
3.027845 19.204217
3.367900 20.092669
3.668636 20.878392
3.923652 21.544665
4.119829 22.057210
4.309427 22.552568
4.551350 24.223172
4.734458 31.547468
4.917567 38.871764
5.133353 47.503135
5.336045 55.610762
5.512638 62.674456
5.695721 69.997736
5.918022 78.889709
6.094590 85.952387
6.271120 93.013541
6.460757 100.598947
6.650380 108.183845
6.846557 116.030870
7.055891 116.645359
6.879387 104.576831
6.676682 90.716867
6.493548 78.195052
6.303962 65.232108
6.120841 52.711162
5.898553 37.512180
5.695861 23.653084
5.499735 10.242933
5.251323 -0.285583
5.074882 -0.796587
4.780851 -1.648149
4.597794 -2.178316
4.375506 -2.822101
4.146677 -3.484828
3.885133 -4.242303
3.662845 -4.886088
3.375177 -5.719223
3.113646 -6.476662
2.878239 -7.158441
2.662504 -7.783247
2.381275 -8.597734
2.139378 -9.298309
1.890878 -10.018010
1.590053 -10.889250
1.334986 -11.627968
1.112634 -12.271936
0.864083 -12.991784
0.582879 -13.806198
0.327825 -14.544878
0.105448 -15.188920
-0.241122 -16.192647
-0.456933 -16.817673
-0.698894 -17.518432
-0.914679 -18.143385
-1.136980 -18.787206
-1.372413 -19.469059
-1.725486 -20.491618
-1.902054 -21.002990
-2.157057 -21.741523
-2.418588 -22.498962
-2.608250 -23.048255
-2.817470 -23.654192
-3.007157 -24.203558
-3.216377 -24.809495
-3.392945 -25.320866
-3.595662 -25.907971
-3.824542 -33.752960
-4.027259 -44.562303
-4.243083 -56.070508
-4.452303 -67.226574
-4.628896 -76.642932
-4.825073 -87.103521
-5.021262 -97.564787
-5.223980 -108.374129
-5.407038 -118.135179
-5.622836 -129.642029
-5.426659 -108.733070
-5.236985 -88.517150
-5.034229 -66.907029
-4.844580 -46.693817
-4.628794 -23.694909
-4.406367 -8.486375
-4.210139 0.498212
-4.027081 0.962722
-3.811384 1.510053
-3.523742 2.239946
-3.301403 2.804132
-3.079115 3.368188
-2.850172 3.949132
-2.582050 4.629493
-2.326894 5.276951
-2.091423 5.874459
-1.803616 6.604771
-1.457033 7.484226
-1.215111 8.098104
-0.953529 8.761869
-0.646239 9.541616
-0.437045 10.072448
-0.116662 10.885420
0.118669 11.482573
0.419392 12.245659
0.700519 12.959020
0.916216 13.506351
1.203833 14.236180
1.465351 14.899784
1.746479 15.613145
2.001418 16.260055
2.269503 16.940320
2.517927 17.570698
2.746807 18.151480
2.988716 18.765326
3.289490 19.528541
3.466046 19.976551
3.662197 20.474286
3.897579 21.071568
4.198404 21.834912
4.459923 22.498515
4.669155 23.029443
4.852251 29.614389
5.081118 38.652893
5.283810 46.657695
5.486514 54.662998
5.676151 62.152202
5.859297 69.385112
6.068517 77.647712
6.258154 85.136916
6.434696 92.109018
6.617780 99.339420
6.800901 106.571327
7.010146 114.834930
7.193229 116.503947
7.010184 103.996350
6.820586 91.040969
6.617868 77.189151
6.441313 65.125000
6.251639 52.164412
6.049023 38.319536
5.813641 22.235737
5.584761 6.596251
5.395290 -0.264732
5.192700 -0.841813
4.872419 -1.754137
4.689348 -2.275615
4.447464 -2.964624
4.231704 -3.579220
3.930917 -4.436014
3.721735 -5.031870
3.453663 -5.795474
3.198647 -6.521890
2.930563 -7.285530
2.721343 -7.881495
2.472868 -8.589280
2.237461 -9.259839
1.949704 -10.079517
1.661998 -10.899049
1.393876 -11.662799
1.151890 -12.352097
0.916419 -13.022838
0.635190 -13.823921
0.412852 -14.457255
0.144729 -15.221004
-0.142964 -16.040501
-0.365316 -16.673871
-0.613816 -17.381729
-0.875360 -18.126739
-1.123861 -18.834596
-1.405052 -19.635570
-1.627302 -20.268651
-1.830070 -20.846238
-2.039315 -21.442275
-2.359698 -22.354889
-2.608212 -23.062782
-2.850109 -23.751828
-3.065945 -24.366640
-3.262084 -24.925343
-3.490989 -25.577381
-3.713328 -26.210715
-3.889921 -35.484914
-4.072992 -45.164168
-4.262666 -55.192588
-4.445737 -64.871843
-4.641977 -75.247413
-4.825048 -84.926668
-5.008156 -94.607938
-5.184711 -103.942728
-5.361216 -113.274832
-5.537810 -122.611637
-5.348148 -102.403499
-5.151984 -81.502542
-4.962309 -61.293052
-4.779175 -41.780440
-4.602594 -22.966060
-4.380205 -7.770021
-4.190517 0.492309
-4.000932 0.967221
-3.785235 1.507541
-3.471418 2.293652
-3.209900 2.948754
-3.007169 3.456593
-2.758567 4.079342
-2.470760 4.800298
-2.215591 5.439495
-1.947469 6.111141
-1.685874 6.766434
-1.437373 7.388929
-1.188885 8.011391
-0.829272 8.912221
-0.561175 9.583803
-0.319303 10.189691
-0.018491 10.943225
0.203759 11.499961
0.510984 12.269560
0.746341 12.859127
1.047039 13.612375
1.321587 14.300118
1.569999 14.922390
1.818411 15.544661
2.093011 16.232532
2.374151 16.936787
2.622575 17.559090
2.903766 18.263472
3.145650 18.869392
3.413747 19.540974
3.629546 20.081548
3.884524 20.720267
4.067620 21.178922
4.388040 21.981576
4.669180 22.685831
4.891481 26.128744
5.133480 35.630203
5.336146 43.587395
5.545404 51.803378
5.774296 60.790248
5.957418 67.980043
6.146978 75.422645
6.356299 83.641121
6.539344 90.827924
6.755155 99.301201
6.931724 106.233702
7.108254 113.164706
7.284809 116.409320
7.487590 116.206181
7.664196 116.029262
7.919301 115.773705
8.200580 115.491928
8.383714 115.308470
8.749982 114.941554
8.972271 114.718872
9.240380 114.450288
9.462694 114.227581
9.691548 113.998322
9.933508 113.755934
10.168890 113.520135
10.456570 113.231946
10.659250 113.028908
10.875035 112.812740
11.058169 112.629282
10.875048 100.296756
10.685462 87.528884
10.489273 74.316258
10.312743 62.427631
10.136175 50.536438
9.959607 38.645245
9.770046 25.879084
9.560814 11.788068
9.358211 -0.056680
9.162199 -0.459710
8.933421 -0.930111
8.730755 -1.346823
8.462772 -1.897835
8.050898 -2.744708
7.802448 -3.255559
7.560564 -3.752908
7.318667 -4.250284
7.076770 -4.747660
6.834899 -5.244983
6.586449 -5.755834
6.318415 -6.306950
6.069940 -6.817852
5.756097 -7.463159
5.507647 -7.974009
5.285321 -8.431145
5.043373 -8.928625
4.801413 -9.426131
4.572521 -9.896767
4.310951 -10.434592
4.042816 -10.985918
3.800894 -11.483346
3.545865 -12.007722
3.271228 -12.572418
3.061970 -13.002683
2.787333 -13.567378
2.532291 -14.091781
2.283790 -14.602736
1.982991 -15.221224
1.741068 -15.718652
1.466418 -16.283373
1.204836 -16.821224
0.969404 -17.305309
0.760108 -17.735652
0.485407 -18.300478
0.164909 -18.959468
-0.096634 -19.497241
-0.292913 -19.900818
-0.541401 -20.411747
-0.776846 -20.895857
-1.018781 -21.393311
-1.260754 -21.890844
-1.626946 -22.643788
-1.921256 -23.248933
-2.189353 -23.800180
-2.398624 -24.230471
-2.620975 -24.687659
-2.889098 -25.238958
-3.085325 -25.642431
-3.288055 -26.059274
-3.497326 -30.004638
-3.700082 -38.979688
-3.896309 -47.665782
-4.112095 -57.217618
-4.295216 -65.323553
-4.497997 -74.299727
-4.687633 -82.694054
-4.883836 -91.379024
-5.060417 -99.195440
-5.243462 -107.298002
-5.426583 -115.403936
-5.609679 -123.508746
-5.890755 -133.414206
-6.106566 -133.766698
-6.341974 -132.685580
-6.590513 -131.544154
-6.878244 -130.222736
-7.100557 -129.201752
-7.420953 -127.730321
-7.643266 -126.709337
-8.042173 -124.877339
-8.323326 -123.586134
-8.532571 -122.625166
-8.741842 -121.664082
-8.918372 -120.853360
-8.741791 -102.318315
-8.565223 -83.784603
-8.388642 -65.249557
-8.212074 -46.715845
-8.009331 -25.434669
-7.806627 -4.157493
-7.603846 0.224745
-7.387907 0.522165
-7.159015 0.837428
-6.923672 1.161576
-6.662229 1.521672
-6.466129 1.791769
-6.217679 2.133970
-5.936539 2.521195
-5.746941 2.782337
-5.498516 3.124502
-5.223942 3.502684
-4.897107 3.952847
-4.648683 4.295013
-4.419905 4.610118
-4.119220 5.024264
-3.851161 5.393472
-3.615817 5.717621
-3.321672 6.122759
-3.053664 6.491897
-2.779090 6.870079
-2.511069 7.239235
-2.262594 7.581471
-2.000974 7.941811
-1.745882 8.293160
-1.477721 8.662508
-1.144181 9.121907
-0.902259 9.455116
-0.640702 9.815369
-0.366052 10.193656
-0.084874 10.580934
0.215900 10.995203
0.490538 11.373472
0.797890 11.796802
1.079068 12.184080
1.327544 12.526315
1.576032 12.868568
1.857223 13.255864
2.053374 13.526031
2.393391 13.994351
2.667991 14.372568
2.903385 14.696786
3.158388 15.048013
3.426435 15.417204
3.720643 15.822429
3.942982 16.128666
4.230624 16.524847
4.498721 16.894108
4.701451 17.173337
4.976051 17.551554
5.231066 17.902798
5.433835 18.182079
5.623395 18.443168
5.819572 18.713370
6.002706 18.965608
6.310046 19.388921
6.584696 19.767208
6.820103 20.091444
7.035902 20.388672
7.264832 20.703987
7.467524 20.983163
7.657224 21.244444
7.840307 21.496612
8.056181 21.793945
8.252384 22.064183
8.494382 26.419011
8.703704 32.473627
8.886838 37.770774
9.083065 43.446656
9.272727 48.932619
9.495104 55.364868
9.697872 61.229934
9.880968 66.525979
10.057574 71.634309
10.253789 77.309823
10.436898 82.606235
10.652684 88.847831
10.829227 93.954325
11.025480 99.630941
11.228121 105.492333
11.411242 110.789113
11.234750 98.917369
11.058131 87.037082
10.881601 75.162775
10.691952 62.406011
10.515397 50.529995
10.338854 38.654834
10.142690 25.459831
9.920427 10.509310
9.730956 -0.048470
9.528327 -0.343989
9.253830 -0.744324
9.057729 -1.030323
8.783117 -1.430826
8.600084 -1.697765
8.312429 -2.117290
7.861351 -2.775156
7.632548 -3.108849
7.357935 -3.509351
7.122604 -3.852565
6.880708 -4.205354
6.606108 -4.605838
6.331522 -5.006303
6.122327 -5.311398
5.854281 -5.702325
5.586146 -6.093381
5.357292 -6.427148
4.919142 -7.066159
4.618342 -7.504853
4.343705 -7.905393
4.088676 -8.277334
3.846728 -8.630198
3.604781 -8.983061
3.336671 -9.374080
3.088157 -9.736519
2.800426 -10.156155
2.545397 -10.528096
2.244598 -10.966791
1.969986 -11.367293
1.734541 -11.710673
1.446822 -12.130290
1.231062 -12.444962
0.943292 -12.864653
0.681698 -13.246170
0.407010 -13.646783
0.132258 -14.047489
-0.109677 -14.400334
-0.384327 -14.800892
-0.619722 -15.144198
-0.913994 -15.573373
-1.155941 -15.926236
-1.397825 -16.279007
-1.665948 -16.670044
-1.933994 -17.060971
-2.162886 -17.394794
-2.385238 -17.719078
-2.633662 -18.081388
-2.882189 -18.443845
-3.274543 -19.016066
-3.457651 -19.283117
-3.660394 -19.578802
-3.967772 -20.027092
-4.235869 -20.418092
-4.490911 -20.790052
-4.778667 -21.209724
-5.086007 -21.657958
-5.380317 -22.087188
-5.569966 -22.363778
-5.818429 -22.726143
-6.027737 -23.031405
-6.223940 -23.317552
-6.420117 -23.603662
-6.609779 -29.226047
-6.786347 -35.499516
-7.008698 -43.399673
-7.185304 -49.674496
-7.401077 -57.340915
-7.597280 -64.311987
-7.786942 -71.050676
-7.983144 -78.021748
-8.179321 -84.991918
-8.375523 -91.962990
-8.571687 -98.932708
-8.754796 -105.438561
-8.937879 -111.943511
-9.120937 -118.447559
-8.944381 -99.931365
-8.754732 -80.041974
-8.538959 -57.412846
-8.355838 -38.208056
-8.159623 -17.630067
-7.976489 -5.311542
-7.786815 0.278437
-7.551407 0.598638
-7.342086 0.883358
-7.158977 1.132422
-6.962839 1.399211
-6.779717 1.648293
-6.544335 1.968460
-6.335065 2.253110
-6.112713 2.555553
-5.844565 2.920289
-5.569953 3.293817
-5.354180 3.587311
-5.066487 3.978632
-4.791913 4.352109
-4.491215 4.761119
-4.282034 5.045648
-3.961714 5.481347
-3.661042 5.890323
-3.379940 6.272678
-3.098864 6.654999
-2.850477 6.992855
-2.582443 7.357434
-2.307869 7.730911
-2.052879 8.077749
-1.797901 8.424571
-1.562506 8.744755
-1.281303 9.127249
-0.967422 9.554190
-0.712432 9.901028
-0.411645 10.310159
-0.176213 10.630395
0.118047 11.030647
0.405752 11.421985
0.686930 11.804444
0.915797 12.115749
1.196962 12.498191
1.425854 12.809530
1.772387 13.280884
2.086267 13.707825
2.308593 14.010234
2.576690 14.374900
2.838234 14.730653
3.112833 15.104163
3.400501 15.495450
3.616274 15.788945
3.923525 16.206868
4.185082 16.562638
4.472749 16.953924
4.740834 17.318573
4.976216 17.638740
5.198516 17.941114
5.460073 18.296884
5.708574 18.634895
5.917781 18.919459
6.107468 19.177472
6.342863 19.497657
6.565201 19.800082
6.780975 20.093577
7.127570 20.565018
7.434910 20.983062
7.709560 21.356642
7.977683 21.721343
8.200072 22.023838
8.442046 25.522453
8.631695 30.968932
8.893327 38.482689
9.069934 43.554593
9.285757 49.752776
9.475483 55.201444
9.684766 61.211793
9.907143 67.598176
10.083737 72.669715
10.266832 77.927995
10.463035 83.562674
10.665765 89.384823
10.842346 94.455998
11.031995 99.902478
11.215091 105.160758
11.411242 110.793978
11.587836 112.073222
11.829771 111.634049
11.640160 98.893500
11.443957 85.710061
11.241278 72.091412
11.058182 59.788633
10.842371 45.287618
10.665828 33.425168
10.489222 21.558452
10.253891 5.745834
10.051263 -0.164745
9.855225 -0.440506
9.678772 -0.688720
9.286570 -1.240422
8.874658 -1.819850
8.632812 -2.160050
8.436661 -2.435972
8.194751 -2.776261
7.939811 -3.134880
7.639063 -3.557937
7.384148 -3.916520
7.135711 -4.265991
6.887286 -4.615445
6.619227 -4.992518
6.351206 -5.369538
6.109297 -5.709827
5.834685 -6.096118
5.579682 -6.454826
5.344211 -6.786058
5.056480 -7.190803
4.788383 -7.567930
4.533354 -7.926673
4.304462 -8.248651
4.023335 -8.644107
3.774796 -8.993722
3.506711 -9.370830
3.218967 -9.775594
2.970467 -10.125155
2.695829 -10.511482
2.414651 -10.907009
2.126882 -11.311808
1.865351 -11.679698
1.584185 -12.075208
1.361859 -12.387950
1.067587 -12.801895
0.812521 -13.160693
0.537883 -13.547020
0.289357 -13.896616
0.021196 -14.273832
-0.260007 -14.669395
-0.515074 -15.028192
-0.730860 -15.331734
-1.011999 -15.727207
-1.280071 -16.104298
-1.522006 -16.444623
-1.763979 -16.785002
-1.992795 -17.106872
-2.260892 -17.483999
-2.522474 -17.851961
-2.751315 -18.173867
-3.039046 -18.578613
-3.241764 -18.863771
-3.509861 -19.240897
-3.745306 -19.572094
-3.941496 -19.848069
-4.288066 -20.335583
-4.471187 -20.593176
-4.745888 -20.979592
-4.922469 -21.227984
-5.170957 -21.577528
-5.406403 -21.908724
-5.641823 -22.239884
-5.877255 -22.571062
-6.138863 -22.939060
-6.361227 -23.251855
-6.590094 -25.059404
-6.799364 -32.316972
-7.015188 -39.801807
-7.217918 -46.832548
-7.401077 -53.184572
-7.577620 -59.307126
-7.754188 -65.430561
-7.963446 -72.687689
-8.140014 -78.811124
-8.316595 -84.934999
-8.525878 -92.193008
-8.708936 -98.541508
-8.885530 -104.665824
-9.068613 -111.015205
-8.872423 -90.450589
-8.682761 -70.570218
-8.486584 -50.006933
-8.310042 -31.501707
-8.126908 -12.305581
-7.924178 0.113025
-7.734541 0.364203
-7.492517 0.684769
-7.263600 0.987975
-7.015061 1.317170
-6.812293 1.585741
-6.576860 1.897576
-6.361087 2.183372
-6.099442 2.529927
-5.850966 2.859038
-5.654827 3.118828
-5.380266 3.482490
-5.131803 3.811585
-4.850663 4.183960
-4.556493 4.573595
-4.242651 4.989286
-4.026853 5.275115
-3.771887 5.612822
-3.464560 6.019884
-3.196476 6.374967
-2.902191 6.764753
-2.627566 7.128499
-2.339886 7.509538
-2.078304 7.856009
-1.810182 8.211143
-1.509408 8.609525
-1.247813 8.956012
-0.966648 9.328422
-0.659346 9.735449
-0.358521 10.133898
-0.096977 10.480319
0.151486 10.809413
0.419595 11.164530
0.694207 11.528260
0.949236 11.866051
1.223772 12.229679
1.524495 12.627994
1.746707 12.922318
2.034375 13.303340
2.321966 13.684261
2.603043 14.056553
2.884132 14.428861
3.139059 14.766518
3.407093 15.121534
3.635921 15.424622
3.851669 15.710384
4.158945 16.117378
4.440098 16.489771
4.681969 16.810135
4.963147 17.182561
5.218138 17.520302
5.466626 17.849430
5.767400 18.247811
5.996216 18.550883
6.270892 18.914696
6.486627 19.200442
6.774409 19.581615
6.950913 19.815399
7.179805 20.118572
7.513345 20.560353
7.846835 21.002067
8.134591 21.383206
8.435403 21.781638
8.644699 22.058855
8.867102 27.875058
9.076372 33.791009
9.337967 41.186127
9.553880 47.289846
9.756597 53.020542
9.985553 59.492975
10.194811 65.408567
10.384561 70.772702
10.580738 76.318502
10.763809 81.493792
10.940428 86.486700
11.116996 91.478171
11.306632 96.839075
11.483188 101.830187
11.666309 107.006913
11.842864 111.593820
12.039016 111.083667
12.248299 110.539360
12.437948 110.046119
12.797612 109.110700
13.026530 108.515328
13.346938 107.682006
13.582383 107.069657
13.883208 106.287268
14.125169 105.657974
14.380185 104.994725
14.589455 104.450452
14.890229 103.668195
15.132202 103.038868
15.308770 102.579647
15.701099 101.271197
15.910369 100.318519
15.733801 88.572425
15.557246 76.827176
15.361069 63.776617
15.184501 52.030523
14.975230 38.108913
14.779066 25.059199
14.595958 12.878002
14.360550 -0.047060
14.157985 -0.274981
13.981519 -0.473538
13.752652 -0.731054
13.576071 -0.929738
13.373367 -1.157817
13.183705 -1.371221
12.954864 -1.628708
12.726022 -1.886195
12.471070 -2.173062
12.209577 -2.467289
11.980748 -2.724761
11.706149 -3.033735
11.464239 -3.305926
11.248517 -3.548652
10.993590 -3.835491
10.725544 -4.137090
10.431335 -4.468127
10.215588 -4.710882
9.947529 -5.012496
9.685998 -5.306765
9.430969 -5.593718
9.228277 -5.821782
8.966683 -6.116123
8.744306 -6.366336
8.535048 -6.601789
8.279968 -6.888799
8.090370 -7.102131
7.854950 -7.367020
7.580300 -7.676051
7.331824 -7.955630
7.083311 -8.235252
6.834835 -8.514831
6.573253 -8.809157
6.292075 -9.125533
6.017450 -9.434535
5.749353 -9.736192
5.533555 -9.979003
5.258918 -10.288019
4.984280 -10.597036
4.775035 -10.832474
4.467708 -11.178272
4.219232 -11.457851
3.951122 -11.759522
3.676498 -12.068524
3.428022 -12.348103
3.127223 -12.686556
2.865666 -12.980854
2.591029 -13.289870
2.375243 -13.532668
2.094065 -13.849043
1.845564 -14.128651
1.597101 -14.408216
1.335519 -14.702542
1.093584 -14.974762
0.805879 -15.298482
0.550863 -15.585421
0.302412 -15.864972
0.001613 -16.203425
-0.273075 -16.512498
-0.475729 -16.740520
-0.783095 -17.086361
-1.221194 -17.579300
-1.528521 -17.925098
-1.731200 -18.153149
-2.018932 -18.476898
-2.260892 -18.749146
-2.509368 -19.028725
-2.718638 -19.264192
-2.921317 -19.492243
-3.163265 -19.764477
-3.359468 -19.985239
-3.542538 -20.191226
-3.856406 -20.544384
-4.046042 -20.757758
-4.373067 -21.125720
-4.667301 -21.456785
-4.928908 -21.751140
-5.197043 -22.052840
-5.412867 -22.295680
-5.654815 -22.567914
-5.844502 -22.781346
-6.027598 -22.987362
-6.276111 -23.266984
-6.478854 -28.180466
-6.701193 -34.784139
-6.884340 -40.223768
-7.060921 -45.468382
-7.257098 -51.295020
-7.440193 -56.733139
-7.616812 -61.978885
-7.826083 -68.194418
-8.035328 -74.409196
-8.225003 -80.042706
-8.414652 -85.675461
-8.610854 -91.502853
-8.839695 -98.299653
-9.022804 -103.738150
-9.343225 -113.254953
-9.559036 -117.556334
-9.761766 -116.625287
-9.990620 -115.825103
-10.232568 -115.334643
-10.500703 -114.791097
-10.723067 -114.340335
-10.932312 -113.916167
-11.180813 -113.412422
-11.422786 -112.921910
-11.710530 -112.338615
-11.932869 -111.887904
-12.194413 -111.357720
-12.488659 -110.761244
-12.691415 -110.350231
-12.514821 -92.033245
-12.325147 -72.359446
-12.142038 -53.366687
-11.965445 -35.049702
-11.749634 -12.664909
-11.546891 0.064728
-11.363757 0.211723
-11.147933 0.384958
-10.971263 0.526765
-10.774934 0.684352
-10.565460 0.852489
-10.388879 0.994225
-10.199256 1.146429
-9.937699 1.356372
-9.689249 1.555795
-9.414662 1.776196
-9.185859 1.959849
-8.872080 2.211709
-8.617102 2.416371
-8.342592 2.636712
-8.041881 2.878082
-7.715047 3.140421
-7.466635 3.339813
-7.172452 3.575944
-6.917576 3.780525
-6.669126 3.979947
-6.407683 4.189798
-6.139675 4.404919
-5.897791 4.599072
-5.655894 4.793234
-5.387873 5.008366
-5.178641 5.176310
-4.936731 5.370482
-4.727499 5.538426
-4.537913 5.690600
-4.295978 5.884794
-4.027919 6.099956
-3.759835 6.315138
-3.485185 6.535590
-3.190939 6.771772
-2.942476 6.971205
-2.576297 7.265125
-2.321293 7.469807
-2.066265 7.674510
-1.745844 7.931702
-1.445082 8.173113
-1.170419 8.393576
-0.908901 8.603488
-0.595033 8.855419
-0.340004 9.060122
-0.065380 9.280554
0.202743 9.495767
0.496989 9.731949
0.765112 9.947162
1.046251 10.172823
1.333970 10.403765
1.602092 10.618978
1.889811 10.849920
2.197138 11.096602
2.478341 11.322314
2.726804 11.521747
2.955658 11.705441
3.230296 11.925883
3.472231 12.120076
3.759949 12.351018
3.995357 12.539972
4.256888 12.749894
4.538028 12.975556
4.792980 13.180197
5.021821 13.363881
5.276863 13.568594
5.544947 13.783776
5.741098 13.941221
6.055004 14.193182
6.296914 14.387355
6.486550 14.539570
6.767741 14.765272
6.983578 14.938517
7.245134 15.148460
7.460907 15.321654
7.683246 15.500118
7.944802 15.710060
8.127911 15.857035
8.350250 16.035500
8.552929 16.198183
8.788400 16.387188
8.964955 16.528903
9.331236 16.822904
9.520860 16.975109
9.697453 17.116855
9.880524 17.263799
10.194506 17.515822
10.469220 17.736326
10.796207 17.998787
11.070857 18.219240
11.371732 18.460743
11.685664 18.712725
11.947220 18.922668
12.215343 19.137881
12.483490 19.353114
12.771272 23.981392
13.013220 28.933122
13.235597 33.484315
13.490626 38.703762
13.686803 42.718741
13.948385 48.072306
14.183830 52.890957
14.412760 57.576269
14.609013 61.592807
14.818258 65.875244
15.034057 70.291798
15.217191 74.039840
15.413393 78.055339
15.635719 82.605492
15.831922 86.620991
16.008477 90.234394
16.204679 94.249893
16.381235 97.863296
16.597046 97.161913
16.381247 82.826501
16.198101 70.660130
16.015005 58.497134
15.805747 44.596205
15.596438 30.691901
15.413355 18.529749
15.204034 4.624601
14.988197 -0.128127
14.707121 -0.374425
14.367167 -0.672315
14.184046 -0.832777
14.000950 -0.993218
13.798283 -1.170808
13.595604 -1.348408
13.321055 -1.588986
13.098729 -1.783803
12.843802 -2.007186
12.595403 -2.224850
12.347003 -2.442514
12.052821 -2.700296
11.856695 -2.872154
11.595202 -3.101292
11.307521 -3.353376
11.039488 -3.588244
10.784510 -3.811673
10.529494 -4.035134
10.248367 -4.281476
10.019551 -4.481980
9.764573 -4.705408
9.555340 -4.888751
9.346019 -5.072172
9.077909 -5.307108
8.803297 -5.547741
8.548230 -5.771247
8.306232 -5.983302
7.959611 -6.287034
7.645730 -6.562076
7.338403 -6.831377
7.083361 -7.054861
6.834861 -7.272613
6.579845 -7.496075
6.259424 -7.776849
6.017463 -7.988870
5.742838 -8.229514
5.455133 -8.481621
5.173967 -8.727996
4.912411 -8.957189
4.703153 -9.140555
4.395838 -9.409844
4.121201 -9.650499
3.872713 -9.868241
3.591547 -10.114616
3.323450 -10.349540
3.061868 -10.578755
2.826461 -10.785035
2.551824 -11.025690
2.316429 -11.231958
2.067928 -11.449711
1.760614 -11.719000
1.499032 -11.948215
1.244003 -12.171688
0.995528 -12.389418
0.675119 -12.670181
0.426606 -12.887945
0.178105 -13.105697
-0.070371 -13.323428
-0.345008 -13.564083
-0.586969 -13.776105
-0.887768 -14.039685
-1.116660 -14.240255
-1.371663 -14.463706
-1.593977 -14.658511
-1.894726 -14.922047
-2.123605 -15.122606
-2.398217 -15.363239
-2.640165 -15.575249
-2.901671 -15.804398
-3.130537 -16.004946
-3.385579 -16.228430
-3.634016 -16.446127
-3.954462 -16.726923
-4.412196 -17.128019
-4.817605 -17.483265
-5.046497 -17.683835
-5.262258 -17.872898
-5.451907 -18.039081
-5.661139 -18.222424
-5.870423 -18.405812
-6.216955 -18.709466
-6.406617 -18.875660
-6.681292 -19.116349
-6.884048 -19.294016
-7.139102 -19.517512
-7.459523 -19.798285
-7.766863 -20.067597
-8.028432 -20.296801
-8.303108 -20.537489
-8.531974 -20.738037
-8.806637 -20.978715
-9.042082 -21.185027
-9.284017 -21.397027
-9.532506 -21.614768
-9.761436 -27.023003
-10.009911 -33.139271
-10.199573 -37.807830
-10.474274 -44.569645
-10.755465 -51.491204
-10.958208 -56.481754
-11.154397 -61.310996
-11.376711 -66.783283
-11.605666 -72.419066
-11.821452 -77.730669
-12.024208 -82.721532
-12.240031 -88.034073
-12.429680 -92.702320
-12.619317 -97.370254
-12.828600 -102.521799
-13.011658 -107.027800
-12.808915 -86.021212
-12.625845 -67.052910
-12.442673 -48.074081
-12.239955 -27.070125
-12.043740 -6.739895
-11.854078 0.097014
-11.618595 0.280343
-11.409299 0.443284
-11.219625 0.590950
-10.964380 0.789664
-10.695965 0.998630
-10.394899 1.233017
-10.172560 1.406113
-9.910940 1.609790
-9.669005 1.798142
-9.394406 2.011923
-9.159100 2.195114
-8.864879 2.424171
-8.570735 2.653170
-8.270011 2.887289
-8.028178 3.075562
-7.779766 3.268956
-7.511771 3.477597
-7.224141 3.701523
-6.943039 3.920367
-6.681572 4.123925
-6.439713 4.312218
-6.165152 4.525970
-5.910212 4.724446
-5.648719 4.928024
-5.419916 5.106152
-5.191087 5.284301
-4.968786 5.457367
-4.766069 5.615187
-4.524146 5.803529
-4.203776 6.052944
-3.902989 6.287113
-3.615309 6.511079
-3.340659 6.724900
-3.026816 6.969233
-2.784881 7.157585
-2.484107 7.391744
-2.229079 7.590290
-1.915211 7.834643
-1.640599 8.048435
-1.339825 8.282594
-1.078268 8.486222
-0.803618 8.700043
-0.522453 8.918936
-0.254356 9.127656
0.026810 9.346549
0.268745 9.534901
0.556476 9.758906
0.831113 9.972717
1.118832 10.196713
1.360780 10.385074
1.635417 10.598886
1.916595 10.817789
2.197760 11.036683
2.498547 11.270852
2.733980 11.454141
3.041294 11.693393
3.244012 11.851213
3.557841 12.095536
3.812870 12.294081
4.054805 12.482433
4.349039 12.711501
4.584459 12.894780
4.846002 13.098398
5.107534 13.302006
5.369077 13.505623
5.604485 13.688893
5.898667 13.917921
6.101359 14.075721
6.375921 14.289473
6.591630 14.457408
6.840068 14.650822
7.147408 14.890093
7.369696 15.063149
7.611593 15.251471
7.899324 15.475476
8.082407 15.618011
8.317789 15.801261
8.572767 15.999767
8.808174 16.183036
9.069781 16.386704
9.279039 16.549616
9.521000 16.737987
9.769462 16.931421
9.991801 17.104517
10.181450 17.252163
10.416896 17.435462
10.639235 17.608558
10.815752 17.745981
11.168952 18.020954
11.495951 18.275531
11.809857 18.519914
12.104167 18.749040
12.385446 18.968023
12.660122 19.181864
12.954381 24.175830
13.248691 30.071904
13.477608 34.657937
13.713041 39.374491
13.909269 43.305631
14.105484 47.236517
14.314754 51.428953
14.582877 56.800400
14.811756 61.385670
15.047201 66.102479
15.249957 70.164394
15.452700 74.226055
15.629293 77.763852
15.832011 81.825004
16.054349 86.279244
16.230930 89.816787
16.420605 93.616643
16.610241 97.091318
16.884891 95.841008
16.708349 84.120142
16.525227 71.962515
16.335604 59.373186
16.159023 47.649790
15.956318 34.191999
15.753575 20.731679
15.511589 4.665972
15.236927 -0.174503
15.040813 -0.341945
14.824951 -0.526249
14.419555 -0.872378
14.242999 -1.023122
14.007630 -1.224081
13.569556 -1.598110
13.340740 -1.793474
13.125018 -1.977659
12.830861 -2.228811
12.575896 -2.446502
12.366676 -2.625134
12.072518 -2.876287
11.843702 -3.071651
11.608372 -3.272578
11.320716 -3.518179
11.046104 -3.752644
10.784611 -3.975907
10.529557 -4.193673
10.254920 -4.428160
10.039121 -4.612410
9.777539 -4.835749
9.561703 -5.020031
9.313189 -5.232213
9.038463 -5.466776
8.770341 -5.695700
8.469490 -5.952567
8.188287 -6.192659
7.907083 -6.432752
7.599782 -6.695128
7.305523 -6.946367
7.030847 -7.180886
6.716992 -7.448857
6.475019 -7.655455
6.220015 -7.873177
5.932297 -8.118833
5.683821 -8.330982
5.402656 -8.571042
5.154168 -8.783202
4.905680 -8.995362
4.617974 -9.241007
4.336809 -9.481067
4.049116 -9.726700
3.794087 -9.944445
3.525965 -10.173369
3.251340 -10.407845
2.957106 -10.659062
2.734780 -10.848885
2.427440 -11.111294
2.133194 -11.362522
1.891259 -11.569087
1.590459 -11.825911
1.341971 -12.038071
1.047699 -12.289322
0.799224 -12.501471
0.504965 -12.752711
0.210693 -13.003961
-0.018199 -13.199390
-0.273202 -13.417113
-0.521703 -13.629284
-0.783260 -13.852602
-1.051382 -14.081526
-1.332560 -14.321597
-1.561440 -14.517015
-1.809928 -14.729175
-2.130285 -15.002697
-2.411463 -15.242768
-2.614143 -15.415817
-2.921470 -15.678214
-3.156864 -15.879195
-3.431464 -16.113649
-3.725697 -16.364867
-3.948024 -16.554690
-4.203027 -16.772412
-4.497311 -17.023674
-4.706518 -17.202295
-4.948453 -17.408861
-5.242725 -17.660111
-5.458460 -17.844306
-5.680812 -18.034151
-5.929262 -18.246279
-6.236602 -18.508687
-6.622440 -18.838117
-6.831711 -19.016793
-7.040982 -19.195469
-7.381011 -19.485788
-7.577176 -19.653274
-7.753731 -19.804018
-8.080756 -20.083233
-8.375015 -20.334472
-8.656244 -20.574587
-8.943950 -20.820231
-9.244762 -21.077066
-9.499790 -21.294810
-9.722155 -21.484666
-9.944494 -26.256548
-10.173411 -31.779749
-10.382644 -36.828000
-10.690047 -44.244868
-10.938535 -50.240260
-11.154359 -55.447542
-11.376711 -60.812324
-11.605628 -66.335524
-11.821439 -71.542500
-12.004548 -75.960447
-12.200750 -80.694312
-12.390399 -85.270065
-12.566980 -89.530513
-12.776238 -94.579377
-12.965874 -99.154824
-13.168630 -104.046801
-12.985509 -85.085713
-12.802375 -66.123309
-12.625768 -47.836820
-12.436145 -28.202448
-12.233389 -7.208358
-12.017565 0.110315
-11.827916 0.253406
-11.592433 0.431080
-11.376635 0.593902
-11.121466 0.786428
-10.846473 0.993913
-10.467061 1.280182
-10.042017 1.600881
-9.767405 1.808078
-9.499371 2.010311
-9.257513 2.192795
-8.963330 2.414758
-8.616886 2.676152
-8.342338 2.883301
-8.087411 3.075646
-7.819390 3.277869
-7.551356 3.480103
-7.283374 3.682298
-6.989191 3.904261
-6.740843 4.091642
-6.433566 4.323484
-6.230950 4.476359
-5.962891 4.678612
-5.734101 4.851236
-5.505285 5.023879
-5.256797 5.211365
-5.027955 5.384028
-4.772927 5.576449
-4.478668 5.798469
-4.177894 6.025406
-3.890188 6.242482
-3.609010 6.454633
-3.314764 6.676644
-3.059747 6.869055
-2.752446 7.100917
-2.451646 7.327873
-2.157400 7.549884
-1.895856 7.747220
-1.647380 7.934697
-1.379296 8.136969
-1.065467 8.373755
-0.790778 8.581010
-0.490004 8.807946
-0.202298 9.025022
0.065799 9.227303
0.346989 9.439464
0.628142 9.651596
0.889711 9.848952
1.170902 10.061112
1.438999 10.263393
1.687474 10.450870
1.968652 10.663021
2.230247 10.860396
2.485250 11.052798
2.746832 11.250163
3.008363 11.447491
3.276473 11.649781
3.544557 11.852053
3.832289 12.069148
4.113467 12.281299
4.361917 12.468757
4.643095 12.680908
4.878489 12.858515
5.140084 13.055890
5.414683 13.263077
5.689321 13.470293
5.931281 13.652854
6.232081 13.879809
6.519761 14.096866
6.742087 14.264613
7.042798 14.491502
7.258571 14.654304
7.500468 14.836817
7.761973 15.034125
8.023517 15.231462
8.298142 15.438668
8.513928 15.601480
8.795131 15.813650
9.056624 16.010949
9.298597 16.193519
9.534017 16.371145
9.730181 16.519153
9.985197 16.711564
10.220604 16.889181
10.449484 17.061872
10.737228 17.278977
11.103394 17.555252
11.319218 17.718093
11.495811 17.851334
11.862054 18.127667
12.208662 18.389185
12.522606 18.626058
12.784265 18.823481
13.085115 21.377083
13.268198 24.964517
13.516724 29.834278
13.706411 33.551114
13.954912 38.420378
14.144638 42.137961
14.353896 46.238276
14.615554 51.365349
14.805203 55.081438
15.014486 59.182251
15.217204 63.154408
15.459202 67.896260
15.675064 72.125978
15.910458 76.738428
16.100108 80.454517
16.309403 84.555579
16.485972 88.015351
16.695242 92.115915
16.904475 95.742854
17.133367 94.700852
17.336122 93.777834
17.525771 92.914481
17.957368 90.949693
18.238559 89.669609
18.519737 88.389582
18.768238 87.258314
18.997104 86.216428
19.271767 84.966061
19.533324 83.775359
19.814502 82.495333
20.089139 81.245081
20.370317 79.965055
20.651508 78.684970
20.900009 77.553702
21.096173 76.660690
20.886928 62.872669
20.690738 49.944935
20.501064 37.446508
20.304887 24.519610
20.121715 12.449653
19.925474 -0.005287
19.742341 -0.137801
19.526466 -0.294006
19.310744 -0.450101
19.009906 -0.667784
18.833338 -0.795547
18.610999 -0.956430
18.297080 -1.183579
18.055158 -1.358632
17.787112 -1.552588
17.551743 -1.722899
17.296765 -1.907399
17.028757 -2.101327
16.832643 -2.243233
16.544963 -2.451396
16.316160 -2.616956
15.989325 -2.853451
15.747428 -3.028485
15.485910 -3.217718
15.244001 -3.392762
14.975942 -3.586727
14.727479 -3.766512
14.472514 -3.951003
14.237119 -4.121332
14.034376 -4.268035
13.798956 -4.438383
13.557021 -4.613445
13.341223 -4.769595
13.092709 -4.949418
12.870370 -5.110300
12.667640 -5.256994
12.373381 -5.469917
12.118365 -5.654445
11.817515 -5.872137
11.497107 -6.103982
11.242078 -6.288519
10.954360 -6.496709
10.686224 -6.690730
10.385425 -6.908386
10.136950 -7.088180
9.842652 -7.301131
9.548431 -7.514027
9.273769 -7.712771
9.012225 -7.902022
8.789886 -8.062904
8.515261 -8.261620
8.214474 -8.479267
7.946390 -8.673251
7.652118 -8.886183
7.397102 -9.070711
7.083209 -9.297841
6.841249 -9.472922
6.553517 -9.681121
6.278893 -9.879838
6.010796 -10.073830
5.742711 -10.267814
5.474614 -10.461807
5.226101 -10.641629
4.918786 -10.863999
4.670285 -11.043812
4.421797 -11.223616
4.114483 -11.445986
3.885629 -11.611583
3.663264 -11.772484
3.362477 -11.990131
3.081312 -12.193580
2.826283 -12.378116
2.551620 -12.576860
2.303132 -12.756664
1.982724 -12.988509
1.734236 -13.168313
1.492275 -13.343393
1.230719 -13.532653
0.949554 -13.736102
0.694512 -13.920648
0.465645 -14.086254
0.119050 -14.337048
-0.103289 -14.497930
-0.325628 -14.658813
-0.606781 -14.862252
-0.868375 -15.051540
-1.136472 -15.245533
-1.378420 -15.420604
-1.659598 -15.624062
-1.908099 -15.803875
-2.189264 -16.007324
-2.411590 -16.168197
-2.686190 -16.366895
-2.882392 -16.508865
-3.170098 -16.717047
-3.418548 -16.896823
-3.673577 -17.081360
-3.908933 -17.251662
-4.150957 -17.426788
-4.419003 -17.620744
-4.615180 -17.762696
-4.870247 -17.947260
-5.092598 -18.108152
-5.295278 -18.254809
-5.556847 -18.444078
-5.772658 -18.600237
-5.955754 -18.732724
-6.158459 -18.879400
-6.387376 -19.045042
-6.577013 -19.182262
-6.786245 -19.333660
-7.132853 -19.584463
-7.322477 -19.721673
-7.649477 -19.958288
-7.832623 -20.090811
-8.159547 -20.327370
-8.525726 -20.592334
-8.715362 -20.729553
-9.048864 -20.970873
-9.330055 -21.174340
-9.643961 -22.478551
-9.925164 -28.439453
-10.245598 -35.231952
-10.500639 -40.638276
-10.716400 -45.211926
-10.906061 -49.232345
-11.102238 -53.390869
-11.363820 -58.935838
-11.592674 -63.787046
-11.775821 -67.669358
-11.958955 -71.551402
-12.161660 -75.848301
-12.338228 -79.591162
-12.540907 -83.887523
-12.730556 -87.907673
-12.926708 -92.065659
-13.201409 -97.888724
-13.377951 -101.631046
-13.587209 -106.066859
-13.855306 -107.636224
-14.064577 -107.212004
-14.306499 -106.721595
-14.594230 -106.138326
-14.842706 -105.634633
-15.110816 -105.091138
-15.346223 -104.613937
-15.581630 -104.136735
-15.849778 -103.593163
-16.104794 -103.076212
-16.340188 -102.599036
-16.614851 -102.042257
-16.850271 -101.565030
-16.660559 -82.074604
-16.483978 -63.933296
-16.300844 -45.118733
-16.098076 -24.287020
-15.914891 -5.467239
-15.705557 0.069965
-15.522384 0.152055
-15.332710 0.237058
-15.090648 0.345539
-14.887905 0.436400
-14.586903 0.571296
-14.253185 0.720853
-14.050302 0.811776
-13.853986 0.899756
-13.585787 1.019951
-13.363346 1.119638
-13.147421 1.216407
-12.872809 1.339475
-12.624397 1.450802
-12.343308 1.576774
-12.068746 1.699820
-11.800738 1.819929
-11.578488 1.919532
-11.284318 2.051365
-10.983620 2.186125
-10.722127 2.303314
-10.454145 2.423412
-10.192677 2.540590
-9.924631 2.660716
-9.676295 2.772009
-9.382074 2.903866
-9.172943 2.997589
-8.931046 3.105996
-8.689149 3.214404
-8.479942 3.308161
-8.218373 3.425384
-8.009166 3.519142
-7.773784 3.624629
-7.525296 3.735990
-7.224509 3.870789
-6.956412 3.990938
-6.668706 4.119875
-6.381001 4.248812
-6.139066 4.357237
-5.864441 4.480311
-5.602897 4.597523
-5.347881 4.711810
-5.047107 4.846603
-4.733226 4.987270
-4.478223 5.101552
-4.210126 5.221701
-3.922433 5.350632
-3.634702 5.479580
-3.360039 5.602671
-3.072333 5.731608
-2.830411 5.840027
-2.496909 5.989488
-2.209190 6.118430
-1.967255 6.226854
-1.692631 6.349929
-1.418006 6.473003
-1.162952 6.587307
-0.875246 6.716244
-0.626770 6.827600
-0.325958 6.962410
-0.103657 7.062035
0.184086 7.190989
0.445580 7.308179
0.667944 7.407832
0.955662 7.536775
1.230274 7.659844
1.504925 7.782930
1.759953 7.897222
2.047672 8.026164
2.296147 8.137520
2.590432 8.269405
2.858541 8.389560
3.106991 8.500904
3.362007 8.615191
3.610508 8.726558
3.898214 8.855494
4.159758 8.972707
4.388637 9.075280
4.663262 9.198355
4.924831 9.315578
5.192928 9.435727
5.467566 9.558807
5.768365 9.693612
5.964492 9.781507
6.232601 9.901662
6.507226 10.024736
6.729565 10.124379
6.977977 10.235706
7.232967 10.349981
7.474826 10.458371
7.716774 10.566801
7.978305 10.684008
8.265935 10.812911
8.494865 10.915507
8.749779 11.029748
8.959037 11.123528
9.240190 11.249528
9.508287 11.369677
9.704451 11.457589
9.939871 11.563094
10.181831 11.671529
10.391064 11.765298
10.619969 11.867883
10.875023 11.982187
11.143132 12.102341
11.345850 12.193190
11.613934 12.313333
11.849367 12.418844
12.058625 12.512624
12.261355 12.603478
12.503353 12.711931
12.732220 12.814499
12.928410 12.902422
13.170357 13.010852
13.366509 13.098759
13.582332 13.195481
13.778548 13.283416
13.981290 13.374276
14.216685 13.479769
14.445577 13.582349
14.667878 13.681974
14.883651 13.778674
15.092921 13.872459
15.315298 13.972119
15.531084 14.068824
15.773057 14.177266
15.962655 14.262235
16.171926 14.356021
16.348519 14.435162
16.597008 14.546523
16.799763 14.637389
17.041698 14.877028
17.277131 17.985069
17.486401 20.747735
17.741405 24.114137
17.944135 26.790459
18.199176 30.157364
18.434583 33.265070
18.643854 36.027736
18.892329 39.307962
19.134265 42.501844
19.500520 47.336928
19.781698 51.048873
20.082561 55.020688
20.376883 58.906158
20.599235 61.841512
20.788909 64.345482
20.991652 67.021972
21.207451 69.870814
21.455977 73.151710
21.724087 73.769963
21.920302 72.876720
21.730602 60.392774
21.553970 48.768838
21.377415 37.149918
21.181149 24.233877
20.978355 10.888248
20.795221 -0.010357
20.559712 -0.148304
20.376629 -0.255543
20.167346 -0.378129
19.853427 -0.562003
19.480682 -0.780335
19.108026 -0.998615
18.852985 -1.148003
18.584939 -1.305008
18.356110 -1.439043
18.101170 -1.588371
17.878920 -1.718552
17.630445 -1.864094
17.375518 -2.013415
17.120591 -2.162736
16.872166 -2.308249
16.584511 -2.476740
16.329558 -2.626076
16.081121 -2.771596
15.852280 -2.905637
15.538450 -3.089460
15.296477 -3.231193
15.028380 -3.388228
14.819097 -3.510814
14.564093 -3.660180
14.348295 -3.786582
14.027874 -3.974265
13.785901 -4.115999
13.472033 -4.299844
13.059981 -4.541199
12.798425 -4.694403
12.484557 -4.878248
12.177243 -5.058255
11.856796 -5.245953
11.536375 -5.433637
11.255210 -5.598326
10.902086 -5.805165
10.555529 -6.008158
10.267772 -6.176709
9.940849 -6.368201
9.646577 -6.540568
9.365399 -6.705265
9.103843 -6.858469
8.816137 -7.026990
8.528431 -7.195511
8.260334 -7.352546
7.985671 -7.513427
7.704455 -7.678147
7.449464 -7.827505
7.187908 -7.980709
6.932879 -8.130090
6.658204 -8.290978
6.390132 -8.447999
6.148159 -8.589732
5.847359 -8.765923
5.598884 -8.911465
5.285029 -9.095302
5.030000 -9.244683
4.761903 -9.401718
4.461078 -9.577923
4.212603 -9.723466
3.918369 -9.895810
3.643719 -10.056684
3.369031 -10.217580
3.107499 -10.370769
2.806713 -10.546952
2.545156 -10.700156
2.257412 -10.868700
1.995856 -11.021904
1.734299 -11.175108
1.466190 -11.332151
1.198093 -11.489186
0.936523 -11.642397
0.668401 -11.799448
0.347993 -11.987124
0.073355 -12.147990
-0.181686 -12.297378
-0.430174 -12.442927
-0.711391 -12.607647
-0.959853 -12.753182
-1.241031 -12.917879
-1.483004 -13.059612
-1.783817 -13.235810
-2.006143 -13.366036
-2.293861 -13.534564
-2.548877 -13.683937
-2.758097 -13.806486
-3.032722 -13.967345
-3.320440 -14.135873
-3.608134 -14.304386
-3.856571 -14.449906
-4.072395 -14.576323
-4.360088 -14.744836
-4.588942 -14.878885
-4.870133 -15.043590
-5.125110 -15.192941
-5.373611 -15.338498
-5.576303 -15.457223
-5.877166 -15.633450
-6.106033 -15.767507
-6.361036 -15.916873
-6.596469 -16.054775
-6.858038 -16.207987
-7.067296 -16.330557
-7.302703 -16.468445
-7.544651 -16.610163
-7.766990 -16.740396
-8.008950 -16.882122
-8.218246 -17.004715
-8.433994 -17.131087
-8.623668 -17.242187
-8.865654 -17.383928
-9.074887 -17.506484
-9.297200 -17.636702
-9.473819 -17.740155
-9.689592 -17.866542
-9.898824 -17.989098
-10.121151 -18.119323
-10.297731 -18.222754
-10.493896 -18.337655
-10.696600 -18.456387
-10.892803 -18.571311
-11.265535 -18.789635
-11.566373 -18.965848
-11.762524 -19.080742
-12.082958 -19.268433
-12.403417 -19.456139
-12.593041 -19.567209
-12.900381 -19.747230
-13.227317 -24.174396
-13.528129 -29.538125
-13.737400 -33.269592
-14.070889 -39.215980
-14.358607 -44.346238
-14.620176 -49.010232
-14.875243 -53.558282
-15.091067 -57.406598
-15.287244 -60.904593
-15.476906 -64.286419
-15.673083 -67.784415
-15.849625 -70.932316
-16.045853 -74.431217
-16.248570 -78.045835
-16.431679 -81.310812
-16.634409 -84.925656
-16.837139 -88.540501
-17.183671 -94.719454
-17.000538 -75.928302
-16.797782 -55.123811
-16.601529 -34.986524
-16.405289 -14.850540
-16.189401 -0.643229
-16.006216 0.109125
-15.809951 0.193333
-15.633319 0.269116
-15.404351 0.367355
-15.175408 0.465582
-14.992223 0.544177
-14.815439 0.620026
-14.619122 0.704255
-14.442440 0.780061
-14.115351 0.920397
-13.847216 1.035440
-13.618312 1.133651
-13.363169 1.243120
-13.082067 1.363726
-12.846710 1.464705
-12.591796 1.574076
-12.304166 1.697483
-12.042699 1.809665
-11.748516 1.935884
-11.487061 2.048061
-11.245202 2.151830
-10.944504 2.280843
-10.715689 2.379017
-10.441165 2.496800
-10.146995 2.623013
-9.892068 2.732389
-9.656737 2.833358
-9.395282 2.945534
-9.179547 3.038095
-8.898407 3.158718
-8.702281 3.242865
-8.460346 3.346667
-8.185721 3.464494
-7.930667 3.573925
-7.656068 3.691741
-7.387971 3.806768
-7.100240 3.930218
-6.773304 4.070490
-6.511760 4.182704
-6.217501 4.308956
-5.942863 4.426788
-5.629021 4.561442
-5.321681 4.693306
-5.086261 4.794312
-4.765878 4.931772
-4.550092 5.024354
-4.242727 5.156229
-3.928910 5.290871
-3.700018 5.389077
-3.379597 5.526553
-3.124581 5.635967
-2.830309 5.762224
-2.522969 5.894088
-2.287575 5.995083
-1.986788 6.124135
-1.705610 6.244774
-1.424432 6.365413
-1.162875 6.477634
-0.920928 6.581441
-0.633209 6.704886
-0.384734 6.811494
-0.083934 6.940551
0.197206 7.061174
0.393395 7.145349
0.694169 7.274395
0.962266 7.389422
1.217282 7.498836
1.452651 7.599821
1.753464 7.728884
2.041169 7.852323
2.302751 7.964554
2.544674 8.068351
2.812758 8.183372
3.061246 8.289985
3.322828 8.402217
3.571291 8.508819
3.859035 8.632275
4.074782 8.724841
4.362539 8.848303
4.617542 8.957711
4.839868 9.053100
5.121046 9.173739
5.376075 9.283158
5.637657 9.395390
5.879579 9.499186
6.200000 9.636662
6.402718 9.723638
6.664262 9.835853
6.925793 9.948062
7.206932 10.068685
7.455395 10.175287
7.697279 10.279067
7.926133 10.377256
8.207261 10.497874
8.488451 10.618518
8.743442 10.727921
8.998433 10.837324
9.194622 10.921499
9.469247 11.039326
9.711182 11.143128
9.959670 11.249742
10.168877 11.339502
10.417378 11.446120
10.646258 11.544321
10.894759 11.650940
11.097438 11.737899
11.398263 11.866967
11.607521 11.956749
11.842966 12.057766
12.097969 12.167175
12.320257 12.262547
12.549137 12.360748
12.764897 12.453319
13.026530 12.565572
13.216166 12.646935
13.464654 12.753549
13.700062 12.854550
13.915860 12.947138
14.125080 13.036903
14.406308 13.157564
14.609039 13.244545
14.831403 13.339950
15.040623 13.429715
15.243365 13.516701
15.504871 13.628900
15.733763 13.727106
15.936468 13.814076
16.171913 13.915093
16.381171 14.004875
16.616566 14.105871
16.838892 14.201259
17.022001 14.279822
17.244327 14.375210
17.492828 16.431300
17.721707 19.348632
17.924424 21.932498
18.159844 24.933196
18.421426 28.267358
18.650306 31.184689
18.892241 34.268429
19.134226 37.352816
19.336956 39.936845
19.552755 42.687443
19.748957 45.188267
19.990930 48.272493
20.337501 52.689930
20.638300 56.523966
20.873745 59.524987
21.122272 62.692740
21.331593 65.360783
21.553907 68.194424
21.743556 70.611720
21.920098 72.861960
22.116288 71.972347
21.939745 60.357751
21.736964 47.016967
21.560371 35.399029
21.383701 23.776078
21.161299 9.144412
20.971561 -0.029013
20.696923 -0.186043
20.461491 -0.320657
20.284973 -0.421584
19.944855 -0.616054
19.729120 -0.739405
19.323698 -0.971214
19.094844 -1.102066
18.859500 -1.236629
18.571832 -1.401110
18.395290 -1.502052
18.159933 -1.636622
17.924602 -1.771177
17.643513 -1.931896
17.375454 -2.085164
17.120514 -2.230932
16.859021 -2.380446
16.623678 -2.515009
16.381781 -2.653319
16.067977 -2.832743
15.819526 -2.974800
15.564498 -3.120618
15.355265 -3.240251
15.100249 -3.386062
14.845195 -3.531895
14.564004 -3.692672
14.289329 -3.849723
13.975423 -4.029206
13.635355 -4.223647
13.347662 -4.388142
13.007607 -4.582575
12.661036 -4.780735
12.379846 -4.941511
12.007139 -5.154615
11.739016 -5.307919
11.405540 -5.498592
11.085170 -5.681770
10.725518 -5.887409
10.391978 -6.078117
10.065004 -6.265072
9.744570 -6.448287
9.450324 -6.616529
9.182240 -6.769812
8.901087 -6.930567
8.639518 -7.080124
8.358340 -7.240894
8.024825 -7.431588
7.769809 -7.577399
7.475563 -7.745641
7.174789 -7.917615
6.926250 -8.059722
6.677787 -8.201786
6.376988 -8.373775
6.121959 -8.519593
5.794997 -8.706540
5.526888 -8.859838
5.265344 -9.009381
4.990706 -9.166411
4.716056 -9.323448
4.500309 -9.446807
4.166806 -9.637494
3.892194 -9.794509
3.630612 -9.944074
3.382150 -10.086138
3.100972 -10.246908
2.806687 -10.415171
2.512441 -10.583413
2.224710 -10.747929
1.910829 -10.927397
1.642732 -11.080687
1.381163 -11.230245
1.086891 -11.398501
0.838403 -11.540580
0.557238 -11.701342
0.295669 -11.850900
0.007912 -12.015431
-0.201295 -12.135050
-0.489026 -12.299566
-0.737553 -12.441667
-0.999122 -12.591224
-1.273772 -12.748262
-1.574571 -12.920250
-1.783829 -13.039898
-2.084629 -13.211887
-2.365769 -13.372634
-2.653500 -13.537151
-2.921584 -13.690434
-3.189656 -13.843710
-3.418510 -13.974562
-3.673500 -14.120358
-3.948125 -14.277381
-4.222725 -14.434389
-4.490872 -14.587708
-4.745787 -14.733461
-5.027016 -14.894260
-5.268912 -15.032569
-5.576240 -15.208290
-5.844337 -15.361581
-6.053595 -15.481228
-6.321704 -15.634526
-6.557086 -15.769111
-6.805574 -15.911189
-7.060641 -16.057029
-7.296048 -16.191628
-7.564133 -16.344911
-7.799565 -16.479525
-8.067700 -16.632837
-8.276920 -16.752463
-8.518893 -16.890816
-8.773935 -17.036641
-9.002751 -17.167472
-9.225115 -17.294613
-9.454020 -17.425495
-9.656775 -17.541425
-9.859493 -17.657333
-10.068738 -17.776973
-10.271455 -17.892881
-10.448023 -17.993838
-10.676877 -18.124690
-11.043018 -18.334039
-11.389627 -18.532220
-11.683911 -18.700483
-12.023979 -18.894924
-12.298616 -19.051954
-12.494806 -19.164130
-12.782525 -19.328639
-13.063703 -19.489409
-13.436422 -21.913424
-13.711123 -26.714066
-13.907287 -30.142209
-14.234262 -35.856371
-14.476222 -40.084842
-14.737791 -44.655995
-14.953615 -48.427706
-15.156345 -51.970593
-15.378709 -55.856606
-15.627223 -60.199600
-15.816872 -63.513885
-16.032670 -67.285152
-16.307333 -72.085129
-16.542779 -76.199743
-16.725862 -79.399283
-16.915498 -82.713347
-17.131335 -86.485280
-17.360209 -90.485060
-17.170476 -71.030797
-16.961180 -49.570633
-16.784587 -31.463619
-16.588334 -11.340809
-16.411702 0.027664
-16.208883 0.112640
-16.019145 0.192136
-15.783662 0.290799
-15.456560 0.427846
-15.220963 0.526556
-14.991855 0.622547
-14.638515 0.770589
-14.448790 0.850079
-14.265745 0.926771
-14.010653 1.033649
-13.775182 1.132306
-13.506971 1.244680
-13.238899 1.356996
-12.983997 1.463794
-12.683261 1.589795
-12.434862 1.693869
-12.179922 1.800683
-11.853088 1.937619
-11.663528 2.017040
-11.349749 2.148507
-11.101362 2.252575
-10.833354 2.364864
-10.513022 2.499076
-10.264610 2.603155
-10.003180 2.712688
-9.735185 2.824972
-9.467151 2.937272
-9.231770 3.035891
-8.996388 3.134511
-8.708695 3.255048
-8.460245 3.359143
-8.205216 3.465994
-7.937106 3.578326
-7.629766 3.707094
-7.361669 3.819421
-7.054329 3.948189
-6.812369 4.049565
-6.485445 4.186538
-6.197740 4.307081
-5.942724 4.413927
-5.641937 4.539949
-5.406530 4.638580
-5.092649 4.770088
-4.811484 4.887890
-4.549915 4.997482
-4.236072 5.128974
-3.987559 5.233096
-3.712921 5.348163
-3.438309 5.463219
-3.098267 5.605689
-2.849778 5.709800
-2.535898 5.841309
-2.267814 5.953630
-1.980095 6.074177
-1.698917 6.191984
-1.430833 6.304306
-1.156170 6.419383
-0.927316 6.515268
-0.646138 6.633075
-0.358419 6.753622
-0.090322 6.865949
0.197421 6.986507
0.439331 7.087862
0.720509 7.205669
0.982116 7.315276
1.289406 7.444023
1.518272 7.539913
1.819072 7.665941
2.028330 7.753616
2.342198 7.885119
2.603767 7.994711
2.793390 8.074159
3.100730 8.202927
3.309950 8.290585
3.630371 8.424834
3.872281 8.526189
4.107713 8.624830
4.382326 8.739886
4.611192 8.835776
4.905451 8.959064
5.140858 9.057694
5.402428 9.167286
5.670537 9.279617
5.899366 9.375491
6.154407 9.482348
6.415900 9.591907
6.683959 9.704218
6.912788 9.800092
7.200430 9.920607
7.390028 10.000045
7.677671 10.120560
7.971917 10.243843
8.174596 10.328761
8.436077 10.438315
8.704199 10.550652
8.926500 10.643791
9.220746 10.767074
9.456153 10.865704
9.711195 10.972560
9.972713 11.082131
10.201631 11.178042
10.463162 11.287617
10.711650 11.391728
10.999356 11.512270
11.182477 11.588994
11.476698 11.712266
11.712092 11.810891
11.967172 11.917763
12.156783 11.997206
12.411799 12.104052
12.673368 12.213643
12.928359 12.320479
13.163728 12.419093
13.412165 12.523183
13.673823 12.632811
13.902703 12.728707
14.138097 12.827331
14.419263 12.945133
14.857362 13.128687
15.066620 13.216361
15.282443 13.306786
15.485161 13.391720
15.700934 13.482124
15.916758 13.572549
16.152101 13.671153
16.335210 13.747871
16.583698 13.851982
16.832224 13.956109
17.067657 14.054750
17.296524 14.150640
17.525403 14.562707
17.754282 17.424407
17.976634 20.204490
18.218582 23.229584
18.427840 25.845955
18.643625 28.543944
18.879071 31.487739
19.101410 34.267662
19.304140 36.802416
19.526491 39.582498
19.729221 42.117252
19.912330 44.406676
20.147750 47.350153
20.559738 52.501277
20.880197 56.508007
21.194090 60.432643
21.403374 63.049331
21.664955 66.319914
21.900439 69.264185
22.194736 71.605843
22.449777 70.444801
22.789845 68.896686
23.097211 67.497445
23.443768 65.919786
23.718418 64.669477
24.051920 63.151252
24.411572 61.513986
24.738546 60.025479
25.045873 58.626411
25.346673 57.257060
25.712852 55.590077
26.052894 54.042078
26.406043 52.434413
26.713345 51.035461
27.059953 49.457572
27.406549 47.879740
27.628863 46.867686
27.452231 35.334188
27.275650 23.804007
27.099057 12.272997
26.915872 0.311595
26.726236 -0.089819
26.510374 -0.194698
26.281494 -0.305902
26.039559 -0.423449
25.804114 -0.537843
25.601358 -0.636354
25.372479 -0.747558
24.973547 -0.941385
24.783885 -1.033534
24.522341 -1.160609
24.300015 -1.268629
24.031943 -1.398875
23.816234 -1.503680
23.541647 -1.637091
23.267073 -1.770497
23.012159 -1.894350
22.717925 -2.037307
22.476066 -2.154817
22.181858 -2.297762
21.972664 -2.399402
21.743861 -2.510569
21.469261 -2.643986
21.240344 -2.755209
20.952562 -2.895031
20.704073 -3.015762
20.429385 -3.149223
20.161237 -3.279506
19.814642 -3.447904
19.487693 -3.606756
19.186906 -3.752897
18.853417 -3.914927
18.447969 -4.111919
18.101386 -4.280311
17.774425 -4.439169
17.434331 -4.604408
17.055046 -4.788688
16.747668 -4.938032
16.420630 -5.096927
16.041383 -5.281190
15.727515 -5.433686
15.459392 -5.563957
15.139010 -5.719619
14.779384 -5.894348
14.393685 -6.081744
14.040637 -6.253277
13.687476 -6.424865
13.360489 -6.583736
13.007340 -6.755318
12.621539 -6.942764
12.333846 -7.082543
11.967718 -7.260431
11.706212 -7.387487
11.379289 -7.546327
11.091596 -7.686106
10.777728 -7.838603
10.483494 -7.981560
10.235044 -8.102272
9.927704 -8.251597
9.685744 -8.369157
9.417660 -8.499409
9.129941 -8.639201
8.835695 -8.782164
8.567572 -8.912435
8.273313 -9.055404
8.011757 -9.182485
7.750188 -9.309571
7.501725 -9.430290
7.168223 -9.592326
6.900113 -9.722591
6.645097 -9.846494
6.331217 -9.998996
6.056579 -10.132433
5.781929 -10.265875
5.507292 -10.399311
5.232667 -10.532741
4.971072 -10.659840
4.709528 -10.786914
4.415282 -10.929878
4.173322 -11.047437
3.898671 -11.180879
3.624034 -11.314315
3.316669 -11.463653
3.055112 -11.590733
2.780474 -11.724169
2.531974 -11.844907
2.263864 -11.975171
1.989226 -12.108607
1.747291 -12.226154
1.466101 -12.362775
1.211072 -12.486683
0.910273 -12.632831
0.668325 -12.750384
0.387172 -12.886986
0.132194 -13.010870
-0.162052 -13.153833
-0.410527 -13.274558
-0.672084 -13.401639
-0.933640 -13.528719
-1.195222 -13.655812
-1.482903 -13.795585
-1.724863 -13.913145
-1.907946 -14.002098
-2.234857 -14.160932
-2.503005 -14.291215
-2.790622 -14.430957
-3.019527 -14.542173
-3.294177 -14.675616
-3.588436 -14.818585
-3.804183 -14.923409
-4.052684 -15.044146
-4.340390 -15.183932
-4.608500 -15.314196
-4.889665 -15.450804
-5.125060 -15.565173
-5.406225 -15.701781
-5.628551 -15.809801
-5.942444 -15.962310
-6.151677 -16.063968
-6.445961 -16.206950
-6.674828 -16.318148
-6.949440 -16.451571
-7.211060 -16.578683
-7.453020 -16.696242
-7.655750 -16.794741
-7.917332 -16.921834
-8.185429 -17.052092
-8.414258 -17.163272
-8.636635 -17.271316
-8.891664 -17.395225
-9.133637 -17.512791
-9.519450 -17.700243
-9.735249 -17.805092
-9.951021 -17.909928
-10.179863 -18.021113
-10.532974 -18.192676
-10.716095 -18.281648
-10.905744 -18.373792
-11.239246 -18.535828
-11.585892 -18.704250
-11.952046 -18.882151
-12.252884 -19.028317
-12.429452 -19.114104
-12.612522 -19.203052
-12.926390 -19.355548
-13.109511 -19.517125
-13.305688 -22.506594
-13.684961 -28.286194
-13.874572 -31.175607
-14.266951 -37.154930
-14.593926 -42.137571
-14.770468 -44.827841
-15.038603 -48.913854
-15.287092 -52.700475
-15.581389 -57.185161
-15.803753 -60.573690
-16.104540 -65.157270
-16.392335 -69.542869
-16.634295 -73.230015
-16.810914 -75.921446
-17.046372 -79.509505
-17.275282 -82.997779
-17.523774 -86.784459
-17.746125 -90.172794
-17.994626 -93.959608
-18.249669 -97.846111
-18.458910 -97.916835
-18.720486 -97.386587
-18.936293 -96.949116
-19.191333 -96.175750
-19.479057 -92.639311
-19.721018 -89.665336
-19.923746 -87.173591
-20.198381 -83.798025
-20.453419 -80.663333
-20.662693 -78.091120
-20.917727 -74.956474
-21.126976 -72.384573
-21.316617 -70.053671
-21.113859 -49.387631
-20.917609 -29.384864
-20.734431 -10.714596
-20.512007 0.023696
-20.335347 0.059384
-20.158663 0.095077
-19.955861 0.136046
-19.720357 0.183621
-19.497902 0.228560
-19.255828 0.277462
-18.994137 0.330328
-18.634272 0.403025
-18.392248 0.451917
-18.169903 0.496834
-17.967166 0.537790
-17.692454 0.593286
-17.443875 0.643502
-17.214900 0.689758
-16.946820 0.743914
-16.652601 0.803351
-16.410704 0.852217
-16.123061 0.910325
-15.809283 0.973713
-15.560885 1.023892
-15.319019 1.072753
-15.005234 1.136142
-14.796052 1.178399
-14.521548 1.233853
-14.253534 1.287995
-13.985519 1.342138
-13.704456 1.398917
-13.429901 1.454381
-13.227285 1.495312
-12.972296 1.546823
-12.736935 1.594370
-12.449181 1.652500
-12.181131 1.706650
-11.919566 1.759490
-11.638430 1.816283
-11.396462 1.865164
-11.115293 1.921964
-10.847226 1.976117
-10.598772 2.026308
-10.350297 2.076504
-10.056063 2.135943
-9.807562 2.186144
-9.565665 2.235010
-9.284513 2.291807
-8.977211 2.353886
-8.754872 2.398802
-8.454111 2.459560
-8.225231 2.505797
-7.885201 2.574487
-7.584415 2.635251
-7.316318 2.689410
-7.048233 2.743567
-6.799732 2.793767
-6.518542 2.850572
-6.243917 2.906050
-5.936577 2.968137
-5.733885 3.009083
-5.439613 3.068530
-5.184610 3.120045
-4.903419 3.176849
-4.641863 3.229687
-4.386847 3.281204
-4.105656 3.338008
-3.824503 3.394805
-3.556445 3.448957
-3.288309 3.503124
-3.020250 3.557275
-2.752179 3.611430
-2.490661 3.664260
-2.255304 3.711805
-1.980692 3.767281
-1.699527 3.824080
-1.392212 3.886162
-1.156805 3.933717
-0.882218 3.989188
-0.614147 4.043342
-0.352603 4.096178
-0.097587 4.147694
0.157442 4.199214
0.412445 4.250728
0.713207 4.311486
0.968261 4.363010
1.255966 4.421131
1.491386 4.468689
1.746390 4.520203
2.001406 4.571720
2.282571 4.628519
2.537600 4.680039
2.799118 4.732869
3.080309 4.789674
3.309201 4.835913
3.590328 4.892705
3.851859 4.945537
4.100360 4.995738
4.388129 5.053872
4.669307 5.110673
4.865484 5.150304
5.127041 5.203142
5.401678 5.258623
5.676329 5.314106
5.937860 5.366939
6.251727 5.430344
6.532905 5.487146
6.742163 5.529419
7.010248 5.583576
7.252208 5.632455
7.533361 5.689252
7.840701 5.751339
8.036890 5.790972
8.272336 5.838535
8.546960 5.894013
8.847760 5.954779
9.076652 6.001019
9.357855 6.057826
9.632506 6.113309
9.867900 6.160862
10.103358 6.208427
10.345331 6.257309
10.672305 6.323363
10.907738 6.370923
11.195507 6.429057
11.444008 6.479258
11.705590 6.532101
11.960619 6.583620
12.163349 6.624574
12.431420 6.678729
12.725705 6.738178
13.019977 6.797625
13.274992 6.849142
13.516953 6.898021
13.811199 6.957463
14.066241 7.008985
14.295120 7.055222
14.530502 7.102772
14.844395 7.166183
15.086343 7.215060
15.328290 7.263937
15.576753 7.314130
15.851416 7.369615
16.139122 7.427736
16.394151 7.479255
16.649192 7.530777
16.891152 7.579657
17.100372 7.621922
17.388154 7.680058
17.649736 7.732901
17.917820 7.787058
18.166309 7.837256
18.467121 7.898024
18.715596 7.948220
19.042558 8.014271
19.297612 8.065795
19.559181 8.118636
19.827303 8.172800
20.095426 8.226965
20.376591 8.283764
20.651267 8.339252
20.945526 8.398697
21.220176 8.454180
21.527529 8.516269
21.808757 8.573081
22.083370 8.628557
22.371126 8.686688
22.684994 8.750093
22.972738 9.694907
23.267035 11.661100
23.561269 13.626868
23.829366 15.418019
24.123637 17.384042
24.437492 19.480901
24.770956 21.708766
25.078334 23.762352
25.333338 25.466024
25.601498 27.257598
25.954596 29.616639
26.216191 31.364347
26.549706 33.592552
26.850543 35.602441
27.144764 37.568125
27.491360 39.883723
27.766010 41.718655
28.119121 44.077781
28.406839 43.288117
28.609519 42.365446
28.419717 29.986573
28.190762 15.054066
27.988006 1.830332
27.804821 -0.041749
27.569312 -0.105133
27.333842 -0.168507
27.118056 -0.226583
26.902092 -0.284707
26.574890 -0.372769
26.254215 -0.459075
25.940144 -0.543603
25.665379 -0.617552
25.272797 -0.723211
24.985028 -0.800660
24.690756 -0.879860
24.350662 -0.971392
24.004079 -1.064670
23.624807 -1.166746
23.265193 -1.263532
22.938270 -1.351519
22.611334 -1.439510
22.212516 -1.546846
21.859430 -1.641875
21.460663 -1.749198
21.074939 -1.853011
20.689202 -1.956827
20.427709 -2.027204
20.114057 -2.111620
19.787273 -2.199570
19.453873 -2.289300
19.107302 -2.382575
18.819635 -2.459997
18.564733 -2.528601
18.296827 -2.600704
18.009184 -2.678119
17.708423 -2.759066
17.420730 -2.836494
17.106887 -2.920961
16.786517 -3.007185
16.505352 -3.082857
16.198024 -3.165570
15.962617 -3.228927
15.596476 -3.327469
15.328417 -3.399614
15.060333 -3.471765
14.824939 -3.535119
14.537271 -3.612541
14.301889 -3.675891
14.007656 -3.755080
13.726503 -3.830748
13.432295 -3.909931
13.190411 -3.975031
12.883210 -4.057710
12.641288 -4.122820
12.406020 -4.186140
12.157596 -4.253000
11.915750 -4.318090
11.647729 -4.390224
11.412398 -4.453560
11.131283 -4.529219
10.817492 -4.613672
10.588701 -4.675248
10.314102 -4.749153
10.026409 -4.826582
9.758350 -4.898726
9.470644 -4.976159
9.189517 -5.051820
8.921382 -5.123986
8.685975 -5.187342
8.391754 -5.266528
8.104035 -5.343964
7.842441 -5.414369
7.561301 -5.490034
7.273582 -5.567470
7.018553 -5.636107
6.770091 -5.702978
6.495428 -5.776900
6.181560 -5.861374
5.906872 -5.935302
5.678018 -5.996896
5.370690 -6.079609
5.128768 -6.144719
4.834509 -6.223915
4.572927 -6.294317
4.298290 -6.368232
4.049814 -6.435106
3.749053 -6.516052
3.467875 -6.591727
3.239033 -6.653317
2.983992 -6.721958
2.702801 -6.797637
2.395474 -6.880350
2.160029 -6.943717
1.891932 -7.015872
1.623847 -7.088024
1.323022 -7.168987
1.041794 -7.244676
0.806323 -7.308050
0.570916 -7.371407
0.270066 -7.452377
-0.004597 -7.526299
-0.318478 -7.610776
-0.586575 -7.682931
-0.867778 -7.758613
-1.162075 -7.837819
-1.417104 -7.906457
-1.744066 -7.994455
-2.012201 -8.066620
-2.293353 -8.142288
-2.548382 -8.210926
-2.803411 -8.279564
-3.071520 -8.351722
-3.365792 -8.430922
-3.607727 -8.496035
-3.915080 -8.578755
-4.176649 -8.649153
-4.398975 -8.708990
-4.673651 -8.782915
-4.967859 -8.862097
-5.203317 -8.925468
-5.445214 -8.990571
-5.726417 -9.066254
-6.014136 -9.143689
-6.243028 -9.205293
-6.478410 -9.268643
-6.759613 -9.344325
-7.040804 -9.420004
-7.295833 -9.488642
-7.550836 -9.557273
-7.812392 -9.627667
-8.080527 -9.699832
-8.329003 -9.766706
-8.603678 -9.840632
-8.786800 -9.889917
-9.067991 -9.965595
-9.323045 -10.034240
-9.591129 -10.106391
-9.898482 -10.189112
-10.153523 -10.257753
-10.362794 -10.314075
-10.617835 -10.382716
-10.879442 -10.453125
-11.141024 -10.523526
-11.369942 -10.585136
-11.625008 -10.653784
-11.912765 -10.731230
-12.122023 -10.787549
-12.422835 -10.868509
-12.625578 -10.923075
-12.919799 -11.002261
-13.142150 -11.062104
-13.364502 -11.121947
-13.613003 -11.188828
-13.835380 -11.248678
-14.031570 -11.301479
-14.267002 -11.364843
-14.489366 -11.424690
-14.705178 -11.482772
-14.914448 -11.539095
-15.149881 -11.602459
-15.365692 -11.660541
-15.601099 -11.723898
-15.797314 -11.776707
-16.071952 -11.850622
-16.248532 -11.898147
-16.503548 -11.966781
-16.758615 -13.000334
-16.980963 -15.009474
-17.203290 -17.018431
-17.425599 -19.027216
-17.654474 -21.095342
-17.889896 -23.222614
-18.131853 -25.408952
-18.393401 -27.772303
-18.622272 -29.840383
-18.870755 -32.085683
-19.125783 -34.390130
-19.367739 -36.576444
-19.622769 -38.880902
-19.890920 -41.303927
-20.126306 -43.430878
-20.355189 -45.499073
-20.590612 -47.626356
-20.832578 -49.812774
-21.068047 -51.940471
-21.277287 -53.831170
-21.525799 -56.076734
-21.761260 -58.204362
-21.944343 -59.858707
-21.767653 -41.869814
-21.590991 -23.883765
-21.381692 -2.574984
-21.172457 0.034600
-20.930517 0.080109
-20.753949 0.113321
-20.544688 0.152683
-20.237352 0.210493
-20.021723 0.251053
-19.714280 0.308883
-19.485287 0.351956
-19.243252 0.397483
-19.040502 0.435621
-18.778847 0.484838
-18.589140 0.520522
-18.301287 0.574667
-18.026548 0.626345
-17.791069 0.670639
-17.588274 0.708785
-17.293946 0.764148
-17.038909 0.812120
-16.770798 0.862552
-16.489611 0.915443
-16.234604 0.963410
-15.920716 1.022452
-15.665717 1.070418
-15.358377 1.128228
-15.103361 1.176197
-14.854885 1.222935
-14.560639 1.278283
-14.292555 1.328710
-14.044041 1.375455
-13.775969 1.425879
-13.514426 1.475076
-13.252856 1.524277
-12.997853 1.572243
-12.729769 1.622670
-12.448629 1.675552
-12.167502 1.728432
-11.945201 1.770247
-11.670589 1.821901
-11.415611 1.869863
-11.167135 1.916601
-10.925200 1.962109
-10.624414 2.018687
-10.349776 2.070346
-10.114369 2.114626
-9.820110 2.169976
-9.558528 2.219180
-9.297022 2.268369
-9.035453 2.317570
-8.728164 2.375372
-8.440509 2.429479
-8.139697 2.486062
-7.845463 2.541408
-7.610107 2.585678
-7.361682 2.632407
-7.041350 2.692661
-6.734073 2.750460
-6.498780 2.794719
-6.263450 2.838984
-5.930087 2.901690
-5.642432 2.955798
-5.354803 3.009901
-5.145634 3.049246
-4.838446 3.107028
-4.570412 3.157445
-4.322051 3.204161
-4.073614 3.250892
-3.812159 3.300072
-3.518014 3.355401
-3.269590 3.402129
-2.968841 3.458700
-2.753081 3.499285
-2.491588 3.548472
-2.190826 3.605045
-1.961934 3.648099
-1.661160 3.704675
-1.386535 3.756332
-1.111898 3.807991
-0.856894 3.855957
-0.595287 3.905166
-0.346799 3.951906
-0.045961 4.008494
0.222174 4.058930
0.516458 4.114285
0.719201 4.152421
0.980745 4.201617
1.242314 4.250819
1.477721 4.295099
1.824304 4.360291
2.072805 4.407034
2.308263 4.451324
2.556726 4.498060
2.837917 4.550952
3.092945 4.598922
3.387217 4.654275
3.661842 4.705932
3.897236 4.750210
4.171874 4.801869
4.439984 4.852300
4.694974 4.900264
4.963071 4.950693
5.250764 5.004808
5.499278 5.051554
5.793486 5.106894
6.061621 5.157330
6.283922 5.199145
6.565138 5.252042
6.852856 5.306162
7.114464 5.355370
7.382548 5.405797
7.683373 5.462382
7.931874 5.509125
8.219592 5.563245
8.526932 5.621056
8.781948 5.669024
9.043530 5.718228
9.285478 5.763738
9.553600 5.814172
9.802101 5.860915
10.083330 5.913814
10.377576 5.969162
10.652265 6.020831
10.907319 6.068806
11.162398 6.116787
11.450206 6.170923
11.816474 6.239818
12.045391 6.282878
12.352731 6.340688
12.535814 6.375126
12.797434 6.424337
13.045935 6.471080
13.346747 6.527663
13.680224 6.590390
13.967917 6.644505
14.222959 6.692478
14.458366 6.736758
14.765693 6.794567
15.001113 6.838849
15.275738 6.890506
15.576575 6.947094
15.844685 6.997525
16.073577 7.040580
16.354743 7.093467
16.649027 7.148822
16.890975 7.194332
17.159072 7.244761
17.472939 7.303800
17.747564 7.355457
17.976431 7.398506
18.237987 7.447705
18.545327 7.505516
18.774194 7.548566
19.061925 7.602688
19.330035 7.653119
19.552361 7.694939
19.840067 7.749056
20.088568 7.795799
20.408976 7.856068
20.657439 7.902804
20.964766 7.960612
21.219757 8.008576
21.500973 8.061473
21.814854 8.120514
22.102559 8.174631
22.370682 8.225065
22.671481 8.281645
22.933063 8.330849
23.207701 8.513657
23.488840 10.274909
23.809249 12.282164
24.064252 13.879678
24.378094 15.845801
24.659273 17.607291
24.946928 19.409358
25.208471 21.047846
25.574625 23.341682
25.842722 25.021224
26.163105 27.028321
26.483513 29.035576
26.816964 31.124542
27.157020 33.254879
27.503552 35.425792
27.830513 37.474102
28.164041 39.563544
28.451797 41.366248
28.850704 41.256354
29.053396 40.333625
28.876739 28.818023
28.693491 16.872759
28.497251 4.080588
28.287853 -0.035594
28.071966 -0.087941
27.679320 -0.183146
27.430641 -0.243443
27.195018 -0.300575
26.972489 -0.354532
26.769631 -0.403719
26.534123 -0.460823
26.311708 -0.514752
26.010832 -0.587706
25.703517 -0.662221
25.409271 -0.733567
25.075871 -0.814407
24.748973 -0.893670
24.376291 -0.984035
24.049431 -1.063289
23.735589 -1.139386
23.428249 -1.213907
23.049014 -1.305861
22.689388 -1.393059
22.329800 -1.480249
21.957119 -1.570614
21.630411 -1.649831
21.323186 -1.724324
20.917903 -1.822593
20.578102 -1.904985
20.264234 -1.981089
19.898081 -2.069870
19.649592 -2.130122
19.309537 -2.212575
19.021806 -2.282342
18.734100 -2.352102
18.420220 -2.428209
18.158689 -2.491622
17.851336 -2.566147
17.609401 -2.624809
17.374006 -2.681885
17.047045 -2.761164
16.765854 -2.829344
16.510825 -2.891181
16.236201 -2.957770
15.955010 -3.025951
15.673832 -3.094128
15.431884 -3.152793
15.150732 -3.220965
14.856422 -3.292326
14.614487 -3.350988
14.320253 -3.422332
14.071765 -3.482583
13.790562 -3.550766
13.561720 -3.606254
13.280542 -3.674431
13.045122 -3.731514
12.744285 -3.804458
12.456579 -3.874218
12.227751 -3.929703
11.953088 -3.996300
11.704625 -4.056545
11.436528 -4.121551
11.155337 -4.189732
10.913402 -4.248394
10.651846 -4.311814
10.390289 -4.375234
10.115677 -4.441819
9.847644 -4.506809
9.586176 -4.570208
9.298457 -4.639971
9.069680 -4.695443
8.781999 -4.765197
8.559749 -4.819086
8.298231 -4.882497
8.036712 -4.945908
7.781760 -5.007726
7.533284 -5.067974
7.330605 -5.117118
6.997154 -5.197970
6.768275 -5.253467
6.545948 -5.307375
6.238659 -5.381883
5.937872 -5.454815
5.650167 -5.524576
5.408232 -5.583238
5.113973 -5.654587
4.845888 -5.719590
4.577766 -5.784602
4.303154 -5.851187
4.054653 -5.911441
3.760394 -5.982791
3.413823 -6.066824
3.158782 -6.128664
2.864523 -6.200013
2.635669 -6.255504
2.315223 -6.333203
2.079828 -6.390279
1.798625 -6.458463
1.523962 -6.525060
1.236218 -6.594830
0.955015 -6.663014
0.660756 -6.734363
0.386118 -6.800954
0.098387 -6.870721
-0.215494 -6.946828
-0.477025 -7.010242
-0.751662 -7.076833
-1.019759 -7.141839
-1.274775 -7.203673
-1.555953 -7.271850
-1.837144 -7.340031
-2.085619 -7.400279
-2.360257 -7.466871
-2.654503 -7.538217
-2.916098 -7.601646
-3.171101 -7.663477
-3.386849 -7.715789
-3.700729 -7.791896
-3.955707 -7.853721
-4.249953 -7.925067
-4.518050 -7.990073
-4.818799 -8.062996
-5.047691 -8.118495
-5.374602 -8.197762
-5.681942 -8.272283
-5.943498 -8.335703
-6.237719 -8.407043
-6.473165 -8.464131
-6.734683 -8.527542
-7.035457 -8.600471
-7.264336 -8.655967
-7.552055 -8.725731
-7.787462 -8.782810
-8.081645 -8.854141
-8.336712 -8.915987
-8.624430 -8.985751
-8.886025 -9.049180
-9.114854 -9.104664
-9.415640 -9.177596
-9.598736 -9.221992
-9.899523 -9.294924
-10.180726 -9.363107
-10.455338 -9.429693
-10.743057 -9.499456
-11.017720 -9.566054
-11.266195 -9.626302
-11.495075 -9.681799
-11.776227 -9.749970
-12.011673 -9.807059
-12.273229 -9.870478
-12.547867 -9.937070
-12.783274 -9.994149
-13.025196 -10.052809
-13.260629 -10.109894
-13.528751 -10.174906
-13.803478 -10.241519
-14.058544 -10.303365
-14.307045 -10.363620
-14.549006 -10.422288
-14.810588 -10.485714
-15.045995 -10.542794
-15.301023 -10.604631
-15.719476 -10.706093
-15.909074 -10.752065
-16.301333 -10.847176
-16.517150 -10.899506
-16.876676 -10.986680
-17.066279 -11.632834
-17.295118 -13.512185
-17.537055 -15.499112
-17.765888 -17.378411
-17.975116 -19.096714
-18.190862 -20.868533
-18.373907 -22.371802
-18.570011 -23.982321
-18.785721 -25.753848
-18.994909 -27.471817
-19.275906 -29.779527
-19.458788 -31.281450
-19.654873 -32.891814
-19.962044 -35.414474
-20.138518 -36.863778
-20.328123 -38.420918
-20.661528 -41.159030
-20.864192 -42.823420
-20.681075 -24.191266
-20.485133 -4.254226
-20.309305 0.024219
-20.041177 0.072674
-19.792672 0.117582
-19.524468 0.166051
-19.262829 0.213333
-19.053552 0.251152
-18.798541 0.297237
-18.530392 0.345695
-18.262319 0.394140
-18.033408 0.435508
-17.771847 0.482776
-17.503734 0.531228
-17.229079 0.580862
-16.974063 0.626947
-16.719027 0.673036
-16.444418 0.722662
-16.150149 0.775841
-15.895142 0.821924
-15.620505 0.871556
-15.326233 0.924735
-15.051583 0.974368
-14.790026 1.021636
-14.476133 1.078361
-14.227645 1.123266
-13.979169 1.168170
-13.704545 1.217798
-13.456044 1.262706
-13.201028 1.308791
-12.965659 1.351326
-12.677927 1.403323
-12.429452 1.448227
-12.154789 1.497862
-11.906288 1.542770
-11.644732 1.590037
-11.350460 1.643217
-11.108500 1.686943
-10.807713 1.741299
-10.578821 1.782664
-10.304183 1.832295
-10.036048 1.880751
-9.833331 1.917385
-9.584830 1.962293
-9.284005 2.016656
-9.022385 2.063935
-8.793493 2.105299
-8.538426 2.151394
-8.283321 2.197495
-8.047901 2.240039
-7.720952 2.299123
-7.479030 2.342842
-7.178294 2.397190
-6.949478 2.438540
-6.648755 2.492886
-6.380721 2.541323
-6.138888 2.585026
-5.851246 2.637007
-5.596344 2.683072
-5.341391 2.729146
-5.066805 2.778768
-4.785754 2.829558
-4.530827 2.875627
-4.262806 2.924062
-3.949065 2.980760
-3.674466 3.030384
-3.445662 3.071732
-3.177578 3.120179
-2.889847 3.172177
-2.615235 3.221803
-2.347138 3.270252
-2.098650 3.315158
-1.778254 3.373058
-1.497025 3.423880
-1.235405 3.471159
-0.947649 3.523161
-0.672922 3.572808
-0.424421 3.617716
-0.123634 3.672073
0.098717 3.712255
0.379870 3.763064
0.680682 3.817425
1.001116 3.875332
1.275766 3.924965
1.530756 3.971046
1.831556 4.025405
2.086585 4.071493
2.341588 4.117576
2.629319 4.169573
2.884348 4.215660
3.152458 4.264112
3.414027 4.311381
3.688677 4.361015
3.996017 4.416556
4.264114 4.465005
4.506062 4.508728
4.826495 4.566636
5.081486 4.612716
5.356123 4.662347
5.604612 4.707253
5.898883 4.760432
6.153925 4.806522
6.389345 4.849066
6.670523 4.899879
6.925551 4.945967
7.206729 4.996780
7.514057 5.052318
7.756017 5.096044
8.030680 5.145680
8.305305 5.195309
8.553818 5.240219
8.841511 5.292209
9.096527 5.338295
9.416936 5.396197
9.652368 5.438743
9.972764 5.496644
10.214712 5.540367
10.502417 5.592360
10.757433 5.638445
11.045152 5.690440
11.267504 5.730623
11.587899 5.788523
11.901780 5.845246
12.137174 5.887785
12.411799 5.937414
12.679870 5.985858
12.928333 6.030759
13.229133 6.085118
13.543001 6.141839
13.784961 6.185565
14.046505 6.232830
14.288453 6.276553
14.608861 6.334456
14.876958 6.382905
15.151570 6.432532
15.373871 6.472705
15.668130 6.525882
15.929699 6.573151
16.230511 6.627513
16.465906 6.670052
16.720922 6.716137
16.988981 6.764579
17.289780 6.818938
17.570983 6.869756
17.832514 6.917019
18.087543 6.963106
18.349100 7.010373
18.597562 7.055274
18.859119 7.102541
19.101054 7.146263
19.388811 7.198265
19.663448 7.247896
19.931545 7.296345
20.206170 7.345974
20.474267 7.394423
20.735811 7.441688
20.997393 7.488960
21.265477 7.537406
21.507437 7.581132
21.808224 7.635489
22.109011 7.689846
22.396729 7.741841
22.677857 7.792645
22.926345 7.837550
23.174846 7.882458
23.442955 7.930910
23.750283 8.288382
24.005337 9.829218
24.273446 11.448927
24.567667 13.226379
24.835790 14.846164
25.234671 17.255894
25.476581 18.717322
25.816623 20.771592
26.091299 22.430966
26.405154 24.327033
26.719073 26.223483
27.000263 27.922216
27.320684 29.857948
27.628012 31.714579
27.968067 33.768926
28.340799 36.020682
28.700476 38.193566
29.060127 40.294992
29.380561 38.836259
29.720578 37.288375
30.054080 35.770151
30.341786 34.460408
30.727599 32.704043
30.982602 31.543173
31.329173 29.965457
31.669215 28.690081
31.976555 28.087433
32.310057 27.433485
32.597776 26.869311
32.937806 26.202563
33.304010 25.484491
33.572107 24.958792
33.899069 24.317669
34.082164 23.958645
34.297938 23.535546
34.121293 12.085078
33.879168 -0.011167
33.702587 -0.046574
33.499819 -0.087232
33.172679 -0.152829
32.943698 -0.198743
32.485647 -0.290590
32.197904 -0.348287
31.831699 -0.421717
31.485142 -0.491207
31.132056 -0.562007
30.831244 -0.622324
30.510836 -0.686571
30.144669 -0.759993
29.745800 -0.839973
29.386212 -0.912076
29.006978 -0.988119
28.621164 -1.065480
28.228849 -1.144146
27.744915 -1.241182
27.378736 -1.314607
26.973340 -1.395895
26.659497 -1.458826
26.339152 -1.523060
25.979539 -1.595168
25.633020 -1.664651
25.319190 -1.727579
25.011824 -1.789210
24.671769 -1.857397
24.344821 -1.922955
24.037468 -1.984584
23.762856 -2.039648
23.442422 -2.103900
23.167784 -2.158970
22.840836 -2.224528
22.526981 -2.287461
22.291548 -2.334669
21.971165 -2.398911
21.735771 -2.446111
21.428418 -2.507740
21.108010 -2.571987
20.826806 -2.628373
20.512951 -2.691306
20.257910 -2.742446
19.930936 -2.808009
19.702094 -2.853896
19.420891 -2.910281
19.159309 -2.962733
18.897765 -3.015176
18.583859 -3.078120
18.341911 -3.126634
18.034571 -3.188260
17.759896 -3.243337
17.485271 -3.298404
17.243336 -3.346916
16.949052 -3.405924
16.641712 -3.467551
16.399777 -3.516063
16.157816 -3.564580
15.870123 -3.622267
15.602039 -3.676022
15.353551 -3.725848
15.072398 -3.782223
14.850046 -3.826808
14.575434 -3.881872
14.268133 -3.943491
13.967295 -4.003814
13.712317 -4.054941
13.431177 -4.111314
13.182714 -4.161135
12.973494 -4.203087
12.698920 -4.258143
12.398197 -4.318443
12.117108 -4.374806
11.829453 -4.432485
11.594122 -4.479673
11.319510 -4.534737
11.044949 -4.589791
10.763796 -4.646167
10.528414 -4.693364
10.253828 -4.748423
9.953041 -4.808736
9.639160 -4.871674
9.371051 -4.925434
9.076817 -4.984433
8.841435 -5.031630
8.547151 -5.090639
8.233308 -5.153570
7.965186 -5.207332
7.677467 -5.265024
7.428967 -5.314853
7.134733 -5.373851
6.899300 -5.421059
6.624688 -5.476123
6.343536 -5.532499
6.049302 -5.591498
5.748464 -5.651820
5.499976 -5.701646
5.199190 -5.761959
4.911471 -5.819651
4.617225 -5.878652
4.407954 -5.920614
4.100639 -5.982235
3.825964 -6.037312
3.538245 -6.095004
3.270136 -6.148765
2.988932 -6.205150
2.727376 -6.257597
2.511603 -6.300862
2.178113 -6.367732
1.870774 -6.429359
1.635379 -6.476559
1.347648 -6.534254
1.099160 -6.584080
0.831050 -6.637840
0.517169 -6.700778
0.249072 -6.754536
-0.032131 -6.810922
-0.300215 -6.864677
-0.529082 -6.910568
-0.803745 -6.965642
-1.071842 -7.019400
-1.346505 -7.074474
-1.581925 -7.121680
-1.856575 -7.176752
-2.137740 -7.233130
-2.412390 -7.288201
-2.667419 -7.339339
-2.968206 -7.399651
-3.183992 -7.442920
-3.439033 -7.494060
-3.700602 -7.546508
-4.001414 -7.606826
-4.243400 -7.655348
-4.524553 -7.711724
-4.799190 -7.766793
-5.021504 -7.811370
-5.289588 -7.865125
-5.524970 -7.912323
-5.812714 -7.970020
-6.106935 -8.029016
-6.375083 -8.082784
-6.643167 -8.136539
-6.878574 -8.183742
-7.166280 -8.241432
-7.440943 -8.296506
-7.709002 -8.350256
-7.944409 -8.397459
-8.225599 -8.453842
-8.552548 -8.519401
-8.814105 -8.571847
-9.069121 -8.622982
-9.330652 -8.675423
-9.585681 -8.726560
-9.873399 -8.784252
-10.134968 -8.836701
-10.383495 -8.886535
-10.658094 -8.941596
-10.913135 -8.992736
-11.187773 -9.047805
-11.423167 -9.095005
-11.723980 -9.155323
-11.972430 -9.205141
-12.220943 -9.254972
-12.495568 -9.310039
-12.750584 -9.361174
-12.972948 -9.405761
-13.227964 -9.456896
-13.476427 -9.506717
-13.803389 -9.572278
-14.071486 -9.626035
-14.326476 -9.677165
-14.561909 -9.724373
-14.816938 -9.775510
-15.104643 -9.833200
-15.346578 -9.881712
-15.595054 -9.931535
-15.830420 -9.978730
-16.105102 -10.033808
-16.373213 -10.087568
-16.660928 -10.145260
-16.889801 -10.939409
-17.125231 -12.560931
-17.399843 -14.452319
-17.661399 -16.253777
-17.936064 -18.145533
-18.151855 -19.631789
-18.446114 -21.658495
-18.648867 -23.054954
-18.910464 -24.856702
-19.178568 -26.703269
-19.413960 -28.324529
-19.688631 -30.216319
-19.963286 -32.108005
-20.270718 -34.225435
-20.512681 -35.891953
-20.813448 -37.963487
-21.088120 -39.855286
-21.343151 -41.611811
-21.702861 -44.089308
-21.892501 -45.395453
-22.121395 -46.971954
-22.337141 -48.457904
-22.533314 -49.809044
-23.624663 -40.837486
-23.932172 -37.057863
-24.285320 -32.717290
-24.671169 -27.974783
-25.122502 -22.427393
-25.344811 -21.966588
-25.593264 -21.588323
-25.835190 -21.219994
-26.064056 -20.871548
-26.325624 -20.473315
-26.502178 -20.204514
-26.678707 -19.935752
-26.502149 -2.075898
-26.292973 0.015478
-26.090284 0.032107
-25.887533 0.048741
-25.645594 0.068590
-25.403656 0.088440
-25.122429 0.111512
-24.880486 0.131362
-24.645070 0.150676
-24.403103 0.170528
-24.154582 0.190917
-23.899559 0.211840
-23.611835 0.235445
-23.363323 0.255834
-23.088700 0.278365
-22.866341 0.296608
-22.565601 0.321281
-22.323632 0.341133
-22.042473 0.364200
-21.780891 0.385661
-21.512793 0.407656
-21.231621 0.430724
-20.956971 0.453258
-20.682327 0.475790
-20.407721 0.498319
-20.139605 0.520316
-19.864942 0.542850
-19.616448 0.563238
-19.315648 0.587916
-19.086779 0.606693
-18.812119 0.629227
-18.544023 0.651222
-18.308610 0.670536
-18.027432 0.693605
-17.752780 0.716138
-17.465036 0.739745
-17.190414 0.762276
-16.922309 0.784272
-16.680362 0.804122
-16.399177 0.827191
-16.137617 0.848650
-15.836811 0.873329
-15.562161 0.895862
-15.294038 0.917860
-15.025916 0.939857
-14.757781 0.961856
-14.483144 0.984388
-14.175753 1.009607
-13.894498 1.032682
-13.678700 1.050386
-13.436676 1.070243
-13.155422 1.093317
-12.867653 1.116927
-12.560262 1.142146
-12.279008 1.165221
-12.010885 1.187218
-11.696929 1.212976
-11.428781 1.234976
-11.147527 1.258050
-10.833557 1.283809
-10.532682 1.308494
-10.297262 1.327808
-9.937572 1.357318
-9.662884 1.379855
-9.348978 1.405608
-9.080830 1.427608
-8.773503 1.452822
-8.479218 1.476966
-8.204568 1.499499
-7.929905 1.522033
-7.674851 1.542958
-7.354418 1.569247
-7.118998 1.588562
-6.811632 1.613779
-6.504292 1.638994
-6.190399 1.664746
-5.922277 1.686744
-6.164656 -0.040633
-5.968479 0.024104
-5.700370 0.057114
-5.386514 0.095756
-5.105324 0.130377
-4.837201 0.163388
-4.621403 0.189958
-4.281348 0.231826
-3.993629 0.267250
-3.718992 0.301064
-3.483559 0.330051
-3.189313 0.366279
-2.960408 0.394462
-2.633447 0.434718
-2.404593 0.462894
-2.090687 0.501543
-1.796440 0.537771
-1.547914 0.568370
-1.292936 0.599763
-1.011758 0.634382
-0.697878 0.673027
-0.455930 0.702816
-0.161658 0.739047
0.112992 0.772863
0.374536 0.805064
0.668782 0.841292
0.949947 0.875910
1.244219 0.912141
1.440396 0.936294
1.715021 0.970107
1.989671 1.003922
2.257793 1.036934
2.499728 1.066721
2.787421 1.102142
3.062084 1.135959
3.310560 1.166552
3.578670 1.199562
3.840239 1.231766
4.141051 1.268803
4.428769 1.304227
4.677245 1.334820
4.906124 1.363000
5.187290 1.397617
5.488102 1.434653
5.736615 1.465251
5.985091 1.495843
6.246685 1.528051
6.534391 1.563474
6.795948 1.595677
7.090219 1.631908
7.319074 1.660085
7.580630 1.692288
7.842212 1.724495
8.116837 1.758307
8.352269 1.787293
8.633447 1.821912
8.895029 1.854119
9.150096 1.885523
9.437802 1.920946
9.705873 1.953951
9.987064 1.988572
10.268191 2.023184
10.536238 2.056186
10.850029 2.094821
11.176902 2.135066
11.457978 2.169672
11.699837 2.199450
11.987454 2.234862
12.281637 2.271082
12.562688 2.305686
12.830696 2.338683
13.144500 2.377319
13.405955 2.409510
13.634758 2.437680
13.876668 2.467465
14.164348 2.502884
14.406232 2.532665
14.687436 2.567287
14.955520 2.600294
15.236698 2.634913
15.530906 2.671137
15.792475 2.703341
16.080207 2.738767
16.322104 2.768550
16.622941 2.805589
16.871417 2.836182
17.165663 2.872410
17.446854 2.907031
17.728019 2.941648
17.989563 2.973850
18.251106 3.006051
18.532259 3.040667
18.787262 3.072064
19.107734 3.111520
19.401968 3.147747
19.683146 3.182366
19.931621 3.212958
20.199706 3.245965
20.454747 3.277366
20.735887 3.311981
21.043227 3.349821
21.311337 3.382831
21.579421 3.415838
21.808313 3.444019
22.115615 3.481855
22.357537 3.511640
22.664865 3.549479
22.919868 3.580875
23.148734 3.609054
23.429938 3.643676
23.717644 3.679099
23.979238 3.711306
24.279987 3.748335
24.567718 3.783761
24.835815 3.816769
25.110465 3.850585
25.385116 3.884400
25.666255 3.919014
25.960540 3.955247
26.215530 3.986642
26.509777 4.022870
26.777899 4.055881
27.026362 4.086472
27.353285 4.126724
27.660613 4.164562
27.941765 4.199178
28.209850 4.232185
28.523705 4.270827
28.857169 4.311884
29.177590 4.351334
29.452227 4.385148
29.798797 4.427818
30.112678 4.466464
30.446180 4.755267
30.786222 6.196876
31.106631 7.555246
31.427026 8.913561
31.806274 10.521379
32.100545 11.768943
32.434073 13.182931
32.767549 14.596704
33.107579 16.038259
33.460677 17.535217
33.800694 18.976719
33.611045 6.687970
33.421396 -0.005570
33.146721 -0.023269
32.780529 -0.046866
32.381520 -0.072577
32.126314 -0.089022
31.916967 -0.102512
31.393879 -0.136219
30.988521 -0.162339
30.648554 -0.184246
30.328133 -0.204893
29.955427 -0.228910
29.569626 -0.253770
29.183800 -0.278632
28.824161 -0.301806
28.477604 -0.324137
28.131021 -0.346470
27.790991 -0.368381
27.431340 -0.391556
27.137119 -0.410515
26.836357 -0.429896
26.496366 -0.451804
26.189089 -0.471604
25.907911 -0.489723
25.613652 -0.508684
25.286716 -0.529751
24.998998 -0.548291
24.698185 -0.567675
24.371249 -0.588742
24.096599 -0.606440
23.835030 -0.623295
23.547311 -0.641835
23.279202 -0.659112
23.011117 -0.676386
22.710292 -0.695771
22.461817 -0.711782
22.174086 -0.730323
21.919032 -0.746758
21.677097 -0.762348
21.369731 -0.782154
21.095081 -0.799852
20.840078 -0.816284
20.519669 -0.836930
20.258062 -0.853787
19.957174 -0.873176
19.656361 -0.892560
19.375209 -0.910677
19.093993 -0.928798
18.832411 -0.945653
18.551233 -0.963772
18.263502 -0.982313
18.014988 -0.998326
17.720742 -1.017287
17.472279 -1.033297
17.197616 -1.050996
16.864101 -1.072487
16.602545 -1.089341
16.354057 -1.105353
16.079407 -1.123051
15.804769 -1.140748
15.530131 -1.158445
15.275103 -1.174879
15.000440 -1.192578
14.719262 -1.210696
14.444599 -1.228395
14.143800 -1.247778
13.823391 -1.268424
13.587984 -1.283593
13.326415 -1.300448
13.051739 -1.318148
12.757480 -1.337109
12.450115 -1.356915
12.181980 -1.374193
11.940032 -1.389784
11.652263 -1.408327
11.397234 -1.424761
11.089881 -1.444566
10.841368 -1.460579
10.547083 -1.479543
10.278974 -1.496819
10.010864 -1.514095
9.742754 -1.531372
9.474657 -1.548647
9.186939 -1.567187
8.931910 -1.583621
8.644179 -1.602162
8.349932 -1.621122
8.101457 -1.637134
7.833322 -1.654412
7.571765 -1.671266
7.297103 -1.688965
7.015924 -1.707083
6.754343 -1.723939
6.492773 -1.740794
6.231217 -1.757648
5.936945 -1.776610
5.662308 -1.794307
5.387670 -1.812004
5.165344 -1.826331
4.858004 -1.846135
4.570273 -1.864676
4.341406 -1.879423
4.060215 -1.897543
3.798672 -1.914396
3.556698 -1.929988
3.308210 -1.946000
3.040113 -1.963276
2.772004 -1.980552
2.477745 -1.999514
2.216175 -2.016369
1.974240 -2.031959
1.725714 -2.047973
1.405306 -2.068620
0.960628 -2.097274
0.699084 -2.114127
0.430974 -2.131403
0.202095 -2.146152
-0.046406 -2.162165
-0.327597 -2.180284
-0.608825 -2.198406
-0.889978 -2.216523
-1.138491 -2.232537
-1.432763 -2.251499
-1.740090 -2.271302
-1.982051 -2.286894
-2.204377 -2.301220
-2.511704 -2.321023
-2.779827 -2.338301
-3.080601 -2.357682
-3.296374 -2.371586
-3.610280 -2.391813
-3.793363 -2.403611
-4.068001 -2.421308
-4.296867 -2.436056
-4.610748 -2.456281
-4.833074 -2.470608
-5.048809 -2.484509
-5.369192 -2.505154
-5.604624 -2.520325
-5.852998 -2.536329
-6.094870 -2.551915
-6.369469 -2.569610
-6.630975 -2.586461
-6.879412 -2.602469
-7.140892 -2.619319
-7.428560 -2.637855
-7.735837 -2.657656
-7.990853 -2.674088
-8.245818 -2.690518
-8.592414 -2.712852
-8.860498 -2.730126
-9.161272 -2.749508
-9.357423 -2.762147
-9.658198 -2.781529
-9.860940 -2.794593
-10.122497 -2.811447
-10.370985 -2.827459
-10.573690 -2.840521
-10.835259 -2.857376
-11.037989 -2.870439
-11.306061 -2.887713
-11.548021 -2.903305
-11.783390 -2.918472
-12.051525 -2.935750
-12.241149 -2.947969
-12.476556 -2.963138
-12.705410 -2.977885
-12.953860 -2.993894
-13.208889 -3.010328
-13.457339 -3.026337
-13.725436 -3.043613
-13.973927 -3.059625
-14.248544 -3.077321
-14.464297 -3.091224
-14.810881 -3.113557
-15.079000 -3.130834
-15.477970 -3.156543
-15.844262 -3.180146
-16.171273 -3.201218
-16.465549 -3.220180
-16.661705 -3.232820
-16.988676 -3.253889
-17.243694 -3.270322
-17.452967 -3.283807
-17.734157 -3.301926
-18.008806 -3.319624
-18.257319 -3.335638
-18.473119 -3.349544
-18.715133 -3.365138
-18.904793 -3.377360
-19.133668 -3.392108
-19.427969 -3.411072
-19.650288 -3.425398
-19.951090 -3.444781
-20.389060 -3.473003
-20.631019 -3.488594
-21.153900 -3.522288
-21.415493 -3.539144
-21.683624 -3.571578
-21.912463 -4.102400
-22.108601 -4.557367
-22.357075 -5.133735
-22.605536 -5.710075
-22.880160 -6.347100
-23.180916 -7.044744
-23.462130 -7.697056
-23.690956 -8.227848
-23.932860 -8.788977
-24.148646 -9.289521
-24.351336 -9.759685
-24.573690 -10.275465
-24.959478 -11.170351
-25.136060 -11.579956
-25.351864 -12.080544
-25.626497 -12.717590
-25.848897 -13.233476
-26.058216 -13.719018
-26.254488 -14.174297
-26.058011 -1.443144
-25.822443 0.024076
-25.527992 0.048378
-25.286035 0.068347
-25.037529 0.088857
-24.782493 0.109906
-24.494773 0.133652
-24.265905 0.152541
-23.978193 0.176287
-23.710085 0.198415
-23.448514 0.220003
-23.147727 0.244828
-22.879592 0.266958
-22.650743 0.285845
-22.376107 0.308512
-22.134148 0.328481
-21.885670 0.348989
-21.617540 0.371118
-21.355992 0.392705
-21.061724 0.416992
-20.780546 0.440198
-20.558224 0.458547
-20.270462 0.482297
-19.995827 0.504963
-19.747361 0.525470
-19.492318 0.546519
-19.230745 0.568108
-18.936479 0.592394
-18.661804 0.615064
-18.426415 0.634491
-18.190986 0.653922
-17.857455 0.681449
-17.602413 0.702498
-17.327770 0.725166
-17.066202 0.746754
-16.817688 0.767264
-16.516858 0.792092
-16.222575 0.816380
-15.980625 0.836349
-15.679788 0.861178
-15.411628 0.883310
-15.091207 0.909756
-14.849221 0.929727
-14.600682 0.950240
-14.312976 0.973985
-14.031735 0.997197
-13.770140 1.018787
-13.502030 1.040915
-13.233908 1.063044
-12.965773 1.085174
-12.678029 1.108922
-12.429515 1.129433
-12.109107 1.155877
-11.860594 1.176387
-11.605578 1.197435
-11.285156 1.223880
-11.017060 1.246007
-10.768546 1.266517
-10.506977 1.288105
-10.238880 1.310232
-9.938068 1.335059
-9.696107 1.355029
-9.414929 1.378235
-9.166428 1.398745
-8.872169 1.423031
-8.604047 1.445159
-8.388248 1.462970
-8.094002 1.487255
-7.773556 1.513702
-7.531621 1.533670
-7.224268 1.559037
-6.982320 1.579005
-6.688061 1.603291
-6.485382 1.620019
-6.197651 1.643766
-5.962256 1.663194
-5.713768 1.683703
-5.412918 1.708533
-5.098999 1.734441
-4.778578 1.760886
-4.523562 1.781934
-4.268546 1.802981
-3.967696 1.827811
-3.568941 1.860721
-3.261589 1.886088
-3.013088 1.906597
-2.744978 1.928725
-2.483409 1.950313
-2.221865 1.971899
-1.921040 1.996727
-1.633309 2.020475
-1.358671 2.043141
-1.097115 2.064728
-0.842099 2.085775
-0.567474 2.108441
-0.325514 2.128411
-0.063945 2.149999
0.256464 2.176443
0.531114 2.199111
0.805751 2.221777
1.073836 2.243903
1.322337 2.264412
1.577353 2.285460
1.865097 2.309208
2.126653 2.330795
2.388222 2.352383
2.643226 2.373429
2.904807 2.395018
3.185998 2.418226
3.408324 2.436575
3.696005 2.460318
3.885667 2.475971
4.193019 2.501338
4.461129 2.523466
4.689996 2.542355
5.010417 2.568800
5.271960 2.590386
5.533530 2.611974
5.801639 2.634102
6.095924 2.658390
6.357480 2.679977
6.632105 2.702643
6.939458 2.728010
7.201027 2.749598
7.482205 2.772804
7.730681 2.793312
8.018386 2.817057
8.279968 2.838646
8.567699 2.862393
8.842337 2.885060
9.117000 2.907728
9.358973 2.927699
9.666326 2.953066
9.954031 2.976811
10.215601 2.998399
10.529494 3.024306
10.817250 3.048055
11.065751 3.068565
11.294631 3.087455
11.621618 3.114442
11.870106 3.134950
12.105488 3.154377
12.399785 3.178666
12.687516 3.202413
12.949110 3.224004
13.269544 3.250450
13.478777 3.267718
13.799172 3.294162
14.073835 3.316830
14.283093 3.334101
14.583893 3.358927
14.819300 3.378356
15.100516 3.401565
15.342476 3.421535
15.623642 3.444740
15.891764 3.466869
16.225279 3.494395
16.486810 3.515980
16.735298 3.536489
17.016476 3.559695
17.304207 3.583442
17.565751 3.605028
17.853419 3.628770
18.134571 3.651975
18.396039 3.673554
18.644426 3.694054
18.905906 3.715635
19.180454 3.738294
19.481140 3.763111
19.729526 3.783611
19.951776 3.801954
20.239406 3.825693
20.468209 3.844576
20.723212 3.865623
21.037055 3.891525
21.272449 3.910953
21.579713 3.936312
21.821635 3.956279
22.096260 3.978944
22.390456 4.003225
22.612744 4.021571
23.018217 4.055036
23.273207 4.076081
23.547845 4.098748
23.835551 4.122493
24.129784 4.146777
24.352085 4.165124
24.692140 4.193190
24.907926 4.210999
25.254445 4.239598
25.568338 4.265505
25.790652 4.283853
26.163346 4.314612
26.405281 4.334580
26.732255 4.361566
27.039570 4.386930
27.327276 4.410675
27.608454 4.433881
27.928887 4.460328
28.242755 4.486232
28.478162 4.703714
28.772422 5.558402
29.112464 6.546069
29.406672 7.400610
29.733608 8.350209
30.014748 9.166792
30.328616 10.078434
30.616347 10.914162
30.943283 11.863762
31.211368 12.642424
31.557925 13.649015
31.852184 14.503703
32.120281 15.282402
32.512584 16.421863
32.878789 17.485519
33.166494 18.321173
33.388821 18.966929
33.212265 7.526617
33.035723 -0.003843
32.728395 -0.023401
32.453732 -0.040881
32.120218 -0.062105
31.734366 -0.086661
31.322150 -0.112894
31.060352 -0.129555
30.752771 -0.149129
30.451908 -0.168276
30.210011 -0.183670
29.902747 -0.203225
29.582440 -0.223609
29.255453 -0.244418
28.889249 -0.267723
28.562313 -0.288529
28.281198 -0.306420
27.973934 -0.325974
27.653564 -0.346362
27.372361 -0.364258
27.078115 -0.382983
26.731557 -0.405038
26.437285 -0.423766
26.110311 -0.444574
25.750685 -0.467461
25.495644 -0.483691
25.181763 -0.503667
24.926760 -0.519895
24.632501 -0.538622
24.357851 -0.556100
24.122456 -0.571081
23.854346 -0.588143
23.579722 -0.605620
23.298531 -0.623515
23.056596 -0.638912
22.788461 -0.655976
22.526904 -0.672621
22.245726 -0.690515
21.977604 -0.707578
21.716060 -0.724223
21.454466 -0.740871
21.186369 -0.757932
20.905203 -0.775826
20.650149 -0.792057
20.414742 -0.807038
20.074712 -0.828678
19.826237 -0.844491
19.590791 -0.859474
19.316167 -0.876951
19.008827 -0.896511
18.786488 -0.910660
18.511825 -0.928140
18.217566 -0.946866
17.975631 -0.962263
17.707496 -0.979327
17.419790 -0.997636
17.132046 -1.015948
16.916260 -1.029681
16.589286 -1.050489
16.308083 -1.068385
16.059556 -1.084201
15.758731 -1.103346
15.484018 -1.120828
15.189721 -1.139557
14.928139 -1.156204
14.646948 -1.174099
14.372311 -1.191577
14.123810 -1.207392
13.836078 -1.225703
13.548373 -1.244012
13.260642 -1.262323
12.972923 -1.280634
12.685179 -1.298946
12.443206 -1.314345
12.188215 -1.330572
11.900497 -1.348883
11.599672 -1.368027
11.338103 -1.384673
11.076559 -1.401318
10.828071 -1.417131
10.507663 -1.437522
10.265702 -1.452920
10.017239 -1.468732
9.768751 -1.484546
9.481033 -1.502857
9.160599 -1.523249
8.912123 -1.539062
8.624418 -1.557371
8.375917 -1.573186
8.081658 -1.591912
7.807008 -1.609391
7.551991 -1.625620
7.303478 -1.641435
6.996163 -1.660993
6.721526 -1.678471
6.459969 -1.695116
6.139574 -1.715506
5.904192 -1.730486
5.675363 -1.745048
5.413807 -1.761694
5.139182 -1.779171
4.929950 -1.792486
4.629175 -1.811627
4.367644 -1.828271
4.099535 -1.845333
3.824910 -1.862811
3.530638 -1.881538
3.262516 -1.898601
3.027134 -1.913581
2.752458 -1.931061
2.471268 -1.948956
2.183562 -1.967265
1.967776 -1.980998
1.647342 -2.001390
1.385773 -2.018036
1.130732 -2.034267
0.869175 -2.050913
0.633768 -2.065894
0.319900 -2.085868
0.064846 -2.102100
-0.209791 -2.119578
-0.484442 -2.137056
-0.726364 -2.152452
-1.027189 -2.171597
-1.275690 -2.187411
-1.550327 -2.204889
-1.792237 -2.220284
-2.079968 -2.238595
-2.335022 -2.254827
-2.583510 -2.270640
-2.864676 -2.288534
-3.165488 -2.307677
-3.420529 -2.323908
-3.695141 -2.341384
-3.963251 -2.358447
-4.250957 -2.376756
-4.532185 -2.394654
-4.780648 -2.410466
-5.061826 -2.428360
-5.382235 -2.448750
-5.637289 -2.464982
-5.931535 -2.483708
-6.193104 -2.500354
-6.467754 -2.517833
-6.716230 -2.533646
-6.938569 -2.547795
-7.245921 -2.567355
-7.514031 -2.584417
-7.775600 -2.601064
-7.997939 -2.615213
-8.292224 -2.633941
-8.579942 -2.652252
-8.821890 -2.667649
-9.129217 -2.687207
-9.403893 -2.704688
-9.672002 -2.721750
-9.946602 -2.739225
-10.214712 -2.756288
-10.495904 -2.774183
-10.790157 -2.792909
-11.077863 -2.811219
-11.345973 -2.828281
-11.601004 -2.844511
-11.882201 -2.862406
-12.137229 -2.878636
-12.392252 -2.894866
-12.647280 -2.911096
-12.954598 -2.930653
-13.196547 -2.946051
-13.477738 -2.963946
-13.752382 -2.981424
-13.961605 -2.994739
-14.210082 -3.010552
-14.458586 -3.026367
-14.785555 -3.047175
-15.034042 -3.062989
-15.308682 -3.080467
-15.563713 -3.096697
-15.851441 -3.115008
-16.093379 -3.130405
-16.354955 -3.147051
-16.609977 -3.163281
-16.851949 -3.178680
-17.100400 -3.194491
-17.348891 -3.210305
-17.623533 -3.227783
-17.858956 -3.242765
-18.146662 -3.261075
-18.454032 -3.280636
-18.735210 -3.298530
-18.990215 -3.314758
-19.258337 -3.331822
-19.519896 -3.348467
-19.781451 -3.365112
-20.049562 -3.382175
-20.258834 -3.395493
-20.546578 -3.413805
-20.814723 -3.430870
-21.056716 -3.446270
-21.285625 -3.460838
-21.514538 -3.475406
-21.756488 -3.490803
-21.965726 -3.688667
-22.194580 -4.213095
-22.488811 -4.887337
-22.737235 -5.456612
-22.939870 -5.920957
-23.260225 -6.655063
-23.547845 -7.314154
-23.822433 -7.943383
-24.031604 -8.422707
-24.299638 -9.036917
-24.574200 -9.666087
-24.855331 -10.310310
-25.103774 -10.879625
-25.365307 -11.478940
-25.613727 -12.048203
-25.836019 -12.557593
-26.097591 -13.156995
-26.365662 -13.771292
-26.620625 -14.355548
-26.823292 -14.819967
-27.104462 -15.464279
-27.333277 -15.988617
-27.065180 0.008903
-26.705452 0.038078
-26.417701 0.061417
-26.156094 0.082634
-25.691796 0.120292
-25.417154 0.142567
-25.122894 0.166433
-24.854774 0.188179
-24.625922 0.206740
-24.397049 0.225303
-24.135472 0.246518
-23.795434 0.274097
-23.468481 0.300615
-23.233071 0.319708
-22.951881 0.342514
-22.736092 0.360016
-22.520286 0.377519
-22.252193 0.399263
-21.997152 0.419948
-21.742109 0.440633
-21.474007 0.462378
-21.199363 0.484653
-20.937789 0.505868
-20.663145 0.528143
-20.401563 0.549359
-20.113850 0.572694
-19.858808 0.593380
-19.584137 0.615657
-19.302978 0.638461
-19.015244 0.661797
-18.753659 0.683013
-18.498617 0.703699
-18.210884 0.727035
-17.936238 0.749311
-17.700800 0.768406
-17.406523 0.792274
-17.144950 0.813489
-16.909541 0.832582
-16.628349 0.855388
-16.307935 0.881375
-16.052898 0.902060
-15.745540 0.926989
-15.470920 0.949262
-15.209350 0.970477
-14.954339 0.991159
-14.653506 1.015559
-14.405026 1.035712
-14.117244 1.059053
-13.901420 1.076557
-13.626744 1.098835
-13.358647 1.120579
-13.044729 1.146040
-12.796266 1.166191
-12.521603 1.188468
-12.253493 1.210213
-11.998477 1.230896
-11.776139 1.248929
-11.534178 1.268554
-11.207204 1.295073
-10.932541 1.317350
-10.638333 1.341212
-10.357091 1.364022
-10.069398 1.387355
-9.833991 1.406448
-9.559341 1.428724
-9.278150 1.451530
-9.029662 1.471684
-8.761552 1.493429
-8.493443 1.515174
-8.212264 1.537979
-7.957249 1.558663
-7.702220 1.579347
-7.447178 1.600032
-7.179094 1.621775
-6.884810 1.645643
-6.623266 1.666856
-6.348616 1.689132
-6.119749 1.707694
-5.851639 1.729439
-5.590070 1.750654
-5.380825 1.767625
-5.047310 1.794675
-4.831537 1.812175
-4.530725 1.836573
-4.262615 1.858318
-3.987978 1.880593
-3.739477 1.900747
-3.477920 1.921961
-3.229445 1.942114
-2.915552 1.967572
-2.660523 1.988257
-2.353196 2.013183
-2.098154 2.033868
-1.823517 2.056143
-1.594650 2.074705
-1.306919 2.098041
-1.006119 2.122438
-0.757618 2.142593
-0.509143 2.162746
-0.254102 2.183431
0.033604 2.206765
0.321323 2.230101
0.563258 2.249723
0.831380 2.271469
1.092949 2.292684
1.334872 2.312305
1.622603 2.335642
