0.000000 0.000000
0.000000 0.318715
0.642442 1.671234
1.323442 1.425943
2.338527 0.397265
3.327883 1.789258
4.073119 4.572153
4.715561 4.000452
5.666384 0.897748
6.668592 1.068128
7.940624 1.143816
8.788654 0.500518
9.893656 0.418534
10.574655 0.335497
11.319891 0.336832
12.193626 0.995628
13.195833 1.154068
13.876833 0.684599
15.187422 0.512568
16.253892 0.990362
17.256100 1.137003
17.962778 0.485064
19.132042 0.301889
19.890130 0.891596
21.033689 1.043614
21.740393 0.503910
22.935336 1.852040
23.564926 1.713746
24.323015 0.220468
24.939752 0.200150
25.582194 0.217838
26.327430 0.346898
26.931315 1.657467
27.509521 4.795094
28.344698 12.081562
29.539641 13.726875
30.284877 7.756193
31.030113 3.782098
31.621146 1.149340
32.790409 0.101839
33.368615 1.166445
34.088146 3.615451
34.769146 10.384382
36.143971 11.609028
37.120500 5.788326
37.750090 2.207334
38.803707 0.450682
39.947240 1.306398
40.576856 5.434299
41.758946 6.423251
42.491330 2.711693
43.210886 0.599093
44.341567 1.517116
45.665009 1.794015
46.513039 0.410238
47.656572 1.195587
48.299014 3.675095
48.992866 3.393343
49.853748 0.656907
50.907340 0.226071
51.639749 1.561885
52.256487 3.972879
52.860372 3.491032
53.734081 0.788551
54.440785 0.239505
55.417288 1.406508
56.072583 6.182111
57.357467 7.158514
58.218324 2.972238
58.847939 0.867675
59.503234 0.394021
60.698177 1.643823
61.314914 1.500790
62.073003 0.133573
62.843918 1.220357
64.013182 4.044439
64.604214 8.006375
65.310918 7.532902
66.184653 3.204383
66.801390 1.031725
67.430980 0.392535
68.664480 1.421982
69.255538 3.643331
69.833744 3.143473
70.707479 0.557001
71.709686 0.181873
72.390686 1.593320
73.058833 4.147502
73.649865 3.773756
74.433633 0.809459
75.667133 0.020588
76.283871 1.200967
76.913461 3.443856
77.504519 2.956860
78.391080 0.420632
79.418993 0.041899
79.997198 1.922176
80.922317 6.942527
81.988787 7.613239
82.798285 3.468076
83.376465 1.178750
84.031760 0.217202
85.213876 1.189475
85.946259 1.028485
86.922788 0.520559
88.220525 4.568696
89.556793 10.798579
90.250645 17.158601
90.931644 25.078248
91.638323 24.149886
92.512058 15.534431
93.180179 8.100239
94.375148 2.129437
95.415887 0.079014
96.366711 1.504713
97.587359 4.875145
98.216949 9.262456
98.936505 15.881406
99.707421 14.107442
100.812422 6.021924
101.416307 0.531526
102.624103 -3.349704
103.228013 -3.760967
104.602839 -0.619910
105.836339 4.946381
106.568723 4.430352
107.468137 -0.634354
108.213373 -3.465173
109.292695 -4.274680
109.973669 -3.128466
110.641816 -0.445206
111.387052 6.139845
112.633404 7.203439
113.545671 1.595376
114.175286 -1.729278
114.920522 -3.853518
115.922730 -4.081594
116.629409 -2.709513
117.207614 0.270606
117.978555 4.724863
118.620997 10.515984
119.327676 9.676332
120.239942 3.064311
120.946621 -0.729332
121.537679 -3.389062
122.861121 -3.630685
124.017507 -0.813019
124.801300 5.013455
125.893449 5.928549
126.690069 1.151821
127.268275 -1.963158
128.026363 -4.010455
129.041423 -3.958239
129.863748 -1.639018
130.673221 3.931376
131.778248 11.044284
132.433543 10.070689
133.320130 3.503258
134.001129 -0.374518
134.592162 -3.245458
135.877046 -3.585029
137.123399 -1.046131
137.791546 2.512384
138.433988 7.062328
139.037873 5.997719
139.950139 0.824093
140.528345 -2.598286
141.748967 -4.069719
142.879674 -2.161267
143.740556 3.500763
144.935499 10.762838
145.590793 9.902885
146.451676 3.678145
147.068413 -0.243652
147.749412 -2.915511
148.353297 -4.066403
149.599650 -1.898984
150.961623 2.503507
151.591213 1.581221
152.593421 -2.918807
153.736980 -4.477284
154.405101 -3.671561
155.150337 0.090489
156.306749 5.691402
156.974896 11.186708
157.553076 10.298587
158.336844 4.047377
159.030695 -1.268410
160.418374 -4.207705
161.536228 -3.615859
162.165817 -1.668360
162.756875 2.001117
163.553496 1.519639
164.555703 -2.502413
165.185293 -4.046672
166.341704 -3.781665
167.048383 0.273430
168.346120 6.103180
168.962883 5.401768
169.785208 0.318573
170.479060 -3.035109
171.584061 -4.464371
172.303592 -3.707708
172.971739 -1.549342
173.665591 1.901764
174.320886 6.324476
174.924771 4.913837
175.965536 -1.173293
177.031980 -4.008510
177.712980 -3.759012
178.985012 -1.641380
179.601774 1.586177
180.231364 6.175648
180.886659 12.738648
181.644747 20.818727
182.312869 30.568618
183.070957 41.103523
183.662015 52.450078
184.343015 67.196648
185.139635 90.177869
186.360283 113.008184
186.977020 131.686815
187.709404 150.970309
188.287609 149.287695
188.981436 119.385981
190.420523 92.939592
191.011556 78.988152
191.641171 66.274097
192.219351 52.994629
193.054554 36.866595
194.223792 24.145605
194.904792 14.135827
196.253913 6.506957
196.832118 3.496712
197.513118 1.544737
198.258354 1.147717
199.029269 2.125698
199.607475 4.560714
200.352711 8.505623
201.033710 13.516818
201.676152 21.659796
202.665508 35.460029
203.937540 53.813555
205.248129 69.764340
205.967686 80.884179
206.545866 93.078171
207.303954 106.893204
207.984954 105.537027
208.832983 91.593897
209.526810 80.659615
210.207809 71.239309
210.875956 63.193791
211.544103 56.742705
212.135136 51.283573
212.867545 46.879863
213.484282 43.917644
214.190961 42.091278
215.514403 42.085815
216.182550 43.554418
216.786435 46.368606
217.608785 50.350823
218.276907 55.454984
219.047847 64.657961
220.281348 75.558393
221.052288 84.901945
221.720410 95.269425
222.452794 106.906122
223.120941 119.995475
223.853324 133.400906
224.431530 146.919738
225.061120 145.116678
225.857740 129.884605
226.448798 117.033128
227.168329 105.479424
227.746535 95.193822
228.491771 85.496290
229.172745 75.069191
230.496186 66.955295
231.100097 63.714688
231.678277 61.432613
232.474922 60.371246
233.284395 61.514422
234.607837 63.898169
235.250279 66.750278
235.969810 70.652061
236.702194 75.488235
237.421750 81.043512
238.077045 87.795740
238.796576 99.291912
239.965814 101.035866
240.852376 88.323009
242.188670 77.447886
243.447849 72.055885
244.167406 70.134614
245.336644 69.926778
245.966234 71.327298
246.685765 74.119579
247.482411 78.507576
248.304736 86.111303
249.473974 95.111544
250.219210 103.135355
250.874505 112.940624
251.696855 123.846309
252.339297 135.053120
253.020271 147.599292
253.675566 161.437162
254.356565 161.203446
255.063244 144.701646
256.001215 126.432679
257.196184 113.244043
257.787216 104.589206
258.699483 95.507055
259.843041 89.691397
260.524041 87.351976
261.102221 86.310955
262.001660 86.379968
262.618398 87.443028
263.273692 89.628557
264.108870 92.525799
264.712780 96.338034
265.509400 101.425696
266.241784 106.892070
266.858547 113.187008
267.526668 121.871690
268.349019 120.121368
269.505430 110.217670
270.147872 104.748374
270.803167 100.591214
271.394225 96.912450
272.704814 94.819691
273.295847 95.090441
273.951141 96.809800
274.863408 99.485849
275.441613 103.059688
276.173997 107.598268
276.777907 113.502942
277.561675 120.876368
278.255527 129.047334
278.962206 137.958506
279.604648 148.607180
280.375589 160.504901
281.018031 180.413135
282.380030 184.209654
283.356558 167.397072
284.050410 155.818290
284.667147 146.257558
285.271032 137.859317
285.887795 129.423617
286.735825 120.552225
287.917915 114.378576
288.740240 111.782329
289.960888 111.390174
290.744656 112.649558
291.451360 114.730760
292.145187 117.397112
292.749097 121.222887
293.558570 126.220370
294.265274 131.664535
294.907716 138.116005
295.588690 145.917099
296.269689 154.151417
296.847895 152.073402
297.760161 142.499849
298.376924 136.120697
298.993662 130.399065
299.738898 124.639774
301.010930 121.037878
301.717634 120.662658
302.809783 122.106174
303.657813 124.773586
304.325960 128.439609
305.045491 132.883635
305.649376 138.526551
306.394612 145.014813
306.985670 152.707361
307.743758 162.332045
308.476142 172.808921
309.169994 184.226332
309.850968 196.471630
310.493410 209.852833
311.161557 225.206286
311.868261 240.858043
312.459294 257.631666
313.153146 276.437299
313.808440 296.366974
314.489414 318.838022
315.221798 341.302120
315.825708 367.582332
316.686590 395.001359
317.290475 420.194108
317.984327 447.806585
318.691006 473.445259
319.269212 500.739747
320.040152 497.391658
321.003828 457.850194
322.134535 425.095444
322.866918 403.573254
323.457976 384.812454
324.100419 358.902076
325.333893 333.099221
326.130539 311.250798
327.351187 292.280534
328.096423 281.146980
328.700308 271.710119
329.419839 263.430615
330.036602 256.571629
330.768985 250.907891
331.411428 246.836889
332.118106 244.093432
332.760549 242.784336
333.492958 242.556790
334.083990 243.111012
334.829226 244.282060
335.574462 246.195593
336.396787 248.547725
337.039229 251.760417
337.938669 257.315052
339.172169 263.557458
339.968789 268.994914
340.649789 275.146647
341.369320 282.496545
342.063146 290.120996
342.641352 298.532160
343.296646 309.324925
344.054735 321.850511
344.774266 334.041493
345.365324 347.273588
346.084855 362.620901
346.804412 385.520996
348.089296 409.668332
348.821680 427.631147
349.502679 445.487304
350.170801 463.667836
350.826095 481.379472
351.417153 478.500739
352.226626 458.663565
352.869068 437.273044
353.961243 416.529399
354.693626 402.215091
355.374600 389.558818
356.081305 378.690677
356.698042 369.539483
357.340484 357.019907
358.869513 346.671300
359.447719 342.499733
360.103014 339.158488
360.783988 337.043208
361.439282 336.147869
362.120282 336.218402
362.775576 337.016053
363.456576 338.661148
364.278901 342.425118
365.589490 347.292082
366.386110 351.785110
367.092814 357.032635
367.876582 365.765469
369.174319 375.180653
369.881023 382.623090
370.561997 392.285261
371.512821 406.158935
372.682059 419.961502
373.440147 431.484501
374.121147 450.581417
375.483120 471.836226
376.189824 487.343836
376.819414 513.023973
378.168535 539.980075
378.772445 537.132875
379.581918 515.497317
380.327154 490.640138
381.599211 469.210176
382.228801 456.740485
382.871243 445.095156
383.552243 434.491158
384.233217 425.602679
384.862832 418.450771
385.466717 411.584650
386.340452 404.737296
387.586779 400.800129
388.280631 399.930612
388.974457 400.040393
389.616899 400.817399
390.349308 402.165194
391.055987 404.228726
391.865460 406.662333
392.469370 409.595224
393.227458 413.466438
393.998374 417.760498
394.692226 422.483850
395.411757 427.379451
396.015667 433.260687
396.837992 440.117360
397.544671 446.982483
398.238523 454.109547
398.880965 462.077858
399.574791 471.411814
400.268643 481.796306
400.949643 493.209697
401.630617 491.182372
402.568588 477.418472
403.352356 464.885586
404.483062 454.612389
405.228298 448.248510
406.024918 443.818783
406.615976 441.193308
407.207034 439.495016
407.900861 438.806530
408.543303 439.842011
409.995243 441.807684
410.586276 444.017745
411.280127 447.207002
412.038216 450.944346
412.680658 455.815617
413.541540 461.423480
414.196835 466.732225
414.800720 473.422188
415.610192 480.642526
416.201250 488.743717
417.023575 497.777579
417.666018 507.569159
418.475516 523.475348
419.760400 539.740877
420.415695 552.862546
421.122373 566.890396
421.751963 582.029200
422.445815 599.307504
423.152494 617.891898
423.846346 615.101885
424.758612 588.840008
425.927876 567.242822
426.660259 552.966697
427.366938 540.802429
428.035085 530.912619
428.626143 522.012039
429.345674 513.865016
430.026674 507.791658
430.604854 502.615762
431.440031 498.585759
432.082499 496.560146
432.686384 495.698068
433.315974 495.759770
434.074062 496.520702
434.793593 498.922717
436.219829 502.233672
436.965065 505.239989
437.646064 508.648370
438.327038 513.207956
439.200773 518.498090
439.920304 526.178761
441.166656 535.206778
442.001834 546.192265
443.312423 557.639327
444.006249 566.672527
444.661544 576.940023
445.368248 587.696536
445.959281 598.543612
446.563191 597.215885
447.321280 582.900610
448.220694 568.355478
449.300016 556.980632
450.058104 547.363765
451.458609 540.371514
452.049667 537.820179
452.679257 536.251375
453.347404 535.737933
453.989846 536.075531
454.632289 537.103466
455.326140 538.956917
456.097081 541.379631
456.726671 544.524852
457.484759 548.407113
458.152906 553.048279
458.910969 558.358383
459.579116 564.244712
460.298648 570.982847
461.005352 578.294319
461.699178 586.861803
462.495824 595.464225
463.086856 603.367948
463.677914 613.567659
464.500239 624.425014
465.078445 636.041891
465.836533 649.096917
466.453271 664.883323
467.327005 689.650162
468.547653 713.578739
469.190095 711.945627
469.961036 694.169494
470.552094 678.420263
471.284478 663.358286
471.926920 650.520006
472.582215 639.060562
473.211804 628.360997
473.944188 619.125506
474.548098 611.389026
475.280482 603.038844
476.424015 596.376525
477.400544 593.313398
478.621192 592.647469
479.237929 593.278760
479.918928 594.694232
480.805490 596.679265
481.473637 599.068555
482.193168 601.908155
482.835610 605.550445
483.645108 609.793789
484.313255 614.272260
485.007082 619.515392
485.739465 625.192629
486.407612 631.438265
487.139996 638.538761
487.872380 645.794496
488.514822 653.936602
489.247231 668.872869
490.622057 689.943296
491.804147 692.652067
492.677882 679.041445
493.371708 665.528717
494.540972 653.135725
495.376149 646.074840
495.967182 641.243721
496.609624 637.184898
497.316328 634.354371
497.945918 632.843323
498.665449 632.671227
499.821860 633.738291
500.579949 635.506571
501.260923 638.011649
502.006159 641.233823
502.700011 645.041844
503.393837 649.478072
504.074836 654.909647
504.845777 661.157022
505.552456 667.530424
506.194898 675.236292
507.017223 688.872712
508.469163 702.880609
509.162990 717.276964
510.357933 734.853168
511.231667 749.224586
511.848405 762.500371
512.478020 777.284406
513.133315 793.664776
513.801436 811.756285
514.495288 831.847708
515.214819 852.636584
515.870114 873.664082
516.525408 897.682282
517.283497 934.808381
518.555529 973.949460
519.313617 1001.914361
519.930355 1031.577443
520.739853 1062.116375
521.382295 1091.429001
522.114678 1121.632272
522.782825 1151.082759
523.463799 1180.009008
524.093389 1208.109708
524.723004 1203.928206
525.558182 1170.957046
526.264886 1133.452726
527.446977 1099.987143
528.038035 1078.198101
528.693329 1054.933283
529.451392 1025.173102
530.672040 998.323070
531.378744 981.283702
532.034039 966.644605
532.650776 952.173243
533.421717 938.351559
534.115543 923.007505
535.361896 909.980983
536.004338 902.899510
536.659633 896.516964
537.469105 891.617163
538.111548 888.613118
538.818226 886.867479
539.614872 886.403088
540.257314 887.040648
541.465110 888.418116
542.351671 890.042191
543.045523 891.977845
543.790759 894.157004
544.407496 896.954614
545.255526 900.356027
545.975057 903.917501
546.694614 907.881829
547.414145 912.419859
548.185086 917.051602
548.814676 921.954122
549.547059 927.721523
550.305148 933.799501
551.011827 939.765167
551.654269 946.742227
552.489446 953.953685
553.106209 960.686869
553.761504 968.529937
554.468182 977.551383
555.162034 987.183491
555.804476 997.756671
556.485450 1009.539947
557.153597 1021.578907
557.757508 1036.428013
558.592685 1052.873804
559.247980 1068.769693
559.928979 1084.973398
560.532864 1103.263026
561.290953 1124.372073
562.023336 1155.662712
563.359630 1186.464302
563.989220 1219.458141
565.338366 1254.536052
566.032193 1278.941926
566.700340 1277.525630
567.458428 1254.161277
568.036634 1234.204839
568.666224 1215.024873
569.257282 1196.192496
569.938256 1173.130721
570.940489 1148.868524
571.865608 1130.258869
572.572286 1115.618904
573.291818 1102.482036
573.985669 1090.942901
574.679496 1080.655875
575.386200 1071.576618
576.105731 1063.893984
576.812435 1057.633323
577.531967 1052.646647
578.290055 1049.204582
578.958202 1047.350547
579.536382 1046.576553
580.307323 1047.036575
581.656469 1048.390657
582.388853 1050.033683
583.095532 1051.948485
583.699442 1054.581195
584.534620 1057.917052
585.254151 1061.356559
585.909445 1065.680607
586.757475 1070.248359
587.348508 1075.500296
588.222242 1081.437979
588.877537 1087.123623
589.558536 1092.977106
590.162421 1099.717287
590.933362 1108.216051
591.781392 1116.543609
592.423834 1124.825113
593.169070 1133.362982
593.785808 1147.136378
595.199191 1162.876516
595.995811 1173.935036
596.651105 1183.841139
597.242163 1196.034859
598.090193 1216.734464
599.413635 1236.530923
599.991815 1252.191162
600.749903 1271.060405
601.495139 1290.068482
602.163286 1310.401408
602.908522 1307.418688
603.872198 1283.363685
604.630287 1266.254605
605.208467 1250.679653
605.966555 1235.899000
606.583318 1223.697013
607.225760 1207.362931
608.574881 1192.602149
609.281560 1185.009668
609.911175 1178.987224
610.579297 1174.099090
611.247444 1170.402979
612.018385 1168.157145
612.699384 1167.408232
613.508857 1168.055057
614.935092 1169.339906
615.513272 1170.795668
616.258508 1172.787143
616.965213 1175.058456
617.620507 1177.911657
618.404275 1181.563902
619.213773 1185.292649
619.843363 1189.265477
620.575746 1196.844307
622.091923 1204.853161
622.760045 1210.768052
623.518133 1217.451873
624.263369 1227.765018
625.625368 1237.803305
626.203548 1245.164363
626.935957 1253.956733
627.694020 1262.875767
628.375020 1271.644240
629.043167 1281.061650
629.737018 1291.458349
630.417992 1302.473984
631.060435 1316.442429
631.934169 1330.970988
632.525227 1344.867224
633.219054 1360.104220
633.848643 1376.728194
634.568200 1374.789483
635.454787 1356.247542
636.110082 1342.016051
636.752524 1328.610768
637.446350 1315.869658
638.153054 1304.474747
638.846881 1290.224971
640.298821 1278.365094
640.915558 1273.194790
641.493764 1268.685466
642.251852 1265.008956
642.984236 1262.981255
643.575294 1262.209429
644.217736 1262.260474
644.975825 1263.511201
646.273561 1265.496969
647.005945 1267.715064
647.764033 1270.417852
648.470712 1273.343571
649.100302 1276.811817
649.832686 1281.204382
650.616479 1286.194698
651.361715 1291.265653
652.017009 1296.743142
652.736541 1303.573150
653.584570 1310.570893
654.227013 1317.355939
654.920864 1325.084125
655.653248 1333.618286
656.398484 1342.106290
657.040926 1350.233774
657.657664 1360.045274
658.479989 1370.297335
659.096751 1381.644365
659.983313 1398.249810
661.152577 1414.690444
661.872108 1427.720314
662.501698 1443.159715
663.324023 1460.712212
664.030727 1477.791322
664.698848 1495.372505
665.354143 1514.844385
666.073700 1534.642782
666.677585 1531.660418
667.487057 1507.215559
668.360792 1481.347297
669.465793 1459.561511
670.198177 1444.957540
670.853472 1431.464704
671.637265 1416.188340
672.755093 1403.661579
673.448945 1395.855222
674.168476 1389.318611
674.926565 1384.478605
675.607564 1381.447896
676.237154 1379.551151
677.624832 1379.050446
678.344363 1379.755897
679.012510 1380.852734
679.706362 1382.567015
680.541540 1384.704793
681.222514 1388.469461
682.558808 1392.944347
683.291191 1396.526760
683.946486 1400.700303
684.730279 1405.584600
685.475515 1410.824534
686.220751 1416.107657
686.863193 1422.281052
687.711223 1429.039175
688.392197 1435.690708
689.111754 1442.401496
689.728491 1449.085336
690.370933 1457.151327
691.167553 1465.844285
691.848553 1474.446556
692.555257 1483.011307
693.171994 1492.317618
693.904378 1503.890280
694.701024 1522.902530
696.075849 1541.536507
696.654055 1555.176600
697.347881 1572.488575
698.157354 1570.283729
699.172414 1551.934725
699.789152 1538.984717
700.457299 1519.744203
702.037712 1499.509088
703.245507 1488.987181
703.875097 1483.106910
704.581801 1478.038185
705.352717 1474.590487
705.943775 1472.641554
706.637627 1471.710160
707.215807 1471.812090
708.128099 1473.038252
709.310189 1475.099005
710.145367 1477.281289
710.787809 1480.167137
711.661543 1485.276538
712.933575 1490.852784
713.665959 1495.334390
714.308401 1500.523239
715.092194 1506.727872
715.863110 1512.871455
716.505552 1519.886633
717.340729 1527.305925
717.970345 1534.811914
718.715581 1543.143759
719.409407 1551.676476
720.103259 1560.601866
720.784233 1571.023291
721.619410 1586.230938
722.852910 1600.713484
723.495353 1611.220756
724.124942 1624.493928
724.972972 1639.301778
725.641119 1654.232609
726.360650 1670.338116
727.028797 1697.859978
728.480712 1726.981601
729.136007 1747.048938
729.804154 1782.714239
731.294626 1831.502308
732.553831 1868.857727
733.247657 1897.116542
733.941509 1927.734146
734.686745 1972.301110
735.945925 2018.744688
736.729718 2068.727625
738.091691 2116.563138
738.759838 2149.485220
739.466517 2181.177493
740.070402 2214.800340
740.841343 2251.296098
741.548022 2283.352829
742.126227 2316.400488
742.858611 2356.338624
743.693788 2393.025982
744.284846 2429.479115
745.094319 2466.579856
745.698229 2500.662560
746.379203 2540.589173
747.188701 2580.541029
747.856823 2615.974718
748.486413 2652.445097
749.180264 2690.664773
749.861264 2731.768045
750.645032 2772.838155
751.313179 2810.583747
751.968473 2797.451945
753.112032 2739.530689
754.101387 2696.744129
754.769534 2650.494723
756.015862 2606.699979
756.658304 2567.162270
757.866099 2528.164700
758.572803 2502.301055
759.228098 2479.173655
759.857688 2456.880906
760.538687 2434.265630
761.271071 2405.935798
762.478866 2379.711156
763.211250 2362.017659
763.943633 2347.199068
764.547518 2333.139867
765.356991 2320.139663
765.986606 2309.747253
766.667580 2300.423100
767.322875 2292.005137
768.093816 2284.971819
768.749110 2279.602752
769.507199 2275.409846
770.278114 2272.733386
771.550171 2271.853098
772.359644 2272.510473
773.708765 2273.540259
774.454001 2275.277872
775.828827 2277.395875
776.574063 2279.246919
777.306472 2281.321783
778.026003 2283.652629
778.758387 2286.085130
779.400829 2288.841631
780.171770 2292.022348
780.904153 2295.070765
781.508038 2298.761446
782.394625 2302.958027
783.101304 2306.951895
783.808008 2311.677231
784.668865 2316.712657
785.388422 2321.298661
786.030864 2326.454668
786.840336 2332.034972
787.534163 2337.541659
788.253719 2343.940097
789.101749 2350.325044
789.757044 2356.601144
790.515107 2363.284267
791.208959 2370.232507
791.967047 2377.621040
792.699431 2384.600101
793.329020 2391.959861
794.087109 2399.602245
794.729551 2408.173523
795.603286 2416.902343
796.232875 2424.520369
796.875318 2432.655079
797.556317 2441.576543
798.288701 2452.273236
799.200967 2467.145476
800.434467 2480.921203
801.051205 2491.140399
801.667967 2504.863361
802.567381 2519.800056
803.209824 2533.534738
803.877971 2548.727787
804.571797 2563.718840
805.150003 2580.787359
805.933796 2601.511068
806.717564 2621.394550
807.360031 2651.100870
808.696300 2682.091860
809.338742 2703.056796
809.955505 2727.152028
810.726420 2753.501727
811.420272 2778.293975
812.062714 2803.403030
812.743714 2829.737806
813.424713 2856.838813
814.118539 2882.352663
814.696745 2909.152341
815.429129 2940.722157
816.212922 2972.066913
816.906748 3016.311897
818.243042 3061.329814
818.936894 3095.252206
819.733514 3127.625891
820.337425 3161.842008
821.185429 3200.918117
821.969222 3251.343209
823.241254 3300.031317
823.922254 3335.378917
824.628958 3372.930500
825.374194 3409.675454
826.029488 3444.217195
826.671931 3482.389751
827.442871 3523.558088
828.175255 3562.825309
828.856229 3563.012106
829.537203 3525.562277
830.231055 3476.828255
831.413145 3417.523072
832.633793 3363.444519
833.751647 3324.161322
834.432647 3297.853904
835.023705 3271.992233
835.743236 3233.888937
837.092357 3198.420211
837.773356 3176.886795
838.428651 3154.579838
839.250976 3133.753443
839.893443 3116.283659
840.574417 3097.930447
841.396742 3081.227454
842.052037 3066.762795
842.810125 3053.444442
843.478272 3042.545170
844.107862 3032.230371
844.865951 3022.525763
845.598334 3014.408657
846.343570 3007.847161
847.050274 3002.783306
847.782658 2999.056131
848.515042 2996.736452
849.337367 2995.809683
849.915572 2995.836794
850.699365 2996.619214
852.099896 2997.749339
852.755191 2998.906075
853.487574 3000.413196
854.232810 3002.082480
854.875252 3004.150074
855.697577 3006.605956
856.417109 3009.296032
857.188049 3012.215286
857.881901 3015.281882
858.588580 3018.838517
859.372373 3022.639890
860.066200 3026.673067
860.824288 3031.015038
861.530992 3035.523184
862.250523 3040.390570
862.982907 3045.344344
863.651054 3050.219785
864.293496 3056.330359
865.205763 3062.596131
865.822500 3068.304668
866.529204 3075.011477
867.312972 3081.998649
868.019676 3088.904787
868.726355 3096.619006
869.535828 3104.267213
870.178295 3112.009588
870.949211 3120.143636
871.617358 3128.417723
872.362594 3138.066351
873.210623 3147.119661
873.814508 3155.733092
874.546917 3165.435287
875.279301 3175.513019
876.024537 3186.435540
876.834010 3197.094415
877.502157 3206.704237
878.131746 3217.843983
878.966924 3230.049622
879.699307 3240.919977
880.328897 3253.239834
881.202632 3266.582835
881.922163 3284.633978
883.284136 3302.966539
883.990841 3316.000886
884.710372 3330.773972
885.571254 3353.700802
887.087405 3374.822667
887.717021 3388.371792
888.423699 3403.764541
889.207493 3426.968626
890.543761 3450.578181
891.237613 3468.945495
891.982849 3495.706788
893.177792 3525.255869
894.000117 3549.238460
894.706796 3580.700284
895.876059 3612.893019
896.544181 3609.406970
897.417890 3583.654442
898.021801 3562.347286
898.728479 3541.475158
899.383774 3523.228399
900.000511 3505.738358
900.694363 3488.421031
901.401042 3472.543398
902.094894 3459.090994
902.698779 3446.437576
903.456867 3434.158319
904.176398 3423.538622
904.934487 3412.051630
906.180839 3402.815967
906.938902 3396.991020
908.455079 3393.652117
909.187463 3393.614323
910.459520 3394.223499
911.166199 3395.000358
911.821494 3396.176204
912.669523 3397.665533
913.363350 3399.192968
913.980113 3401.474631
914.995173 3405.160167
916.215795 3408.872262
916.961031 3412.055568
917.693440 3415.407692
918.387267 3419.292231
919.209592 3423.273922
919.839181 3427.257138
920.558738 3431.856098
921.303974 3436.924120
922.074889 3441.963575
922.730184 3447.556170
923.565361 3453.734426
924.297770 3459.485344
924.953040 3466.039050
925.801069 3473.227666
926.533453 3480.205708
927.265862 3487.476007
927.998246 3495.452628
928.807718 3503.021873
929.411629 3510.828684
930.208249 3520.013638
931.004869 3528.592004
931.647337 3536.828912
932.341163 3546.224014
933.124956 3555.378982
933.741694 3564.833000
934.525487 3580.272021
935.938844 3595.889685
936.684080 3606.615533
937.365080 3617.732721
938.123168 3630.370006
938.958346 3647.666436
940.230378 3664.547321
940.962787 3677.740742
941.746554 3692.056722
942.568879 3705.158632
943.185642 3717.727398
943.918026 3737.169593
945.215763 3758.440551
946.089497 3773.033990
946.667677 3787.165405
947.464323 3802.635867
948.132470 3820.447818
949.044736 3846.206261
950.239679 3871.571410
950.984915 3904.078338
952.488240 3946.636967
953.734592 3978.174290
954.389887 3975.267489
955.225064 3950.599148
955.880359 3930.229496
956.535654 3910.668373
957.216653 3892.292053
957.871948 3876.225152
958.463006 3860.264916
959.208242 3845.505061
959.786447 3831.724295
960.570215 3817.833368
961.289746 3801.703175
962.638893 3787.172806
963.435513 3779.196292
964.116512 3773.340500
964.758954 3768.380200
965.568452 3764.492120
966.339368 3762.356827
967.084604 3761.602935
967.778456 3761.660550
968.485134 3762.147908
969.281780 3762.885110
969.924222 3763.812587
970.579517 3765.127197
971.363285 3766.671531
971.992900 3768.428427
972.712431 3770.682323
973.496224 3773.115736
974.151519 3775.701756
974.858198 3778.653703
975.564876 3782.108624
976.361522 3786.069098
977.145290 3791.853465
978.430200 3798.731709
979.406703 3803.864284
979.984908 3808.742859
980.781528 3814.195105
981.449675 3819.706784
982.182059 3826.485315
983.081498 3836.356049
984.404915 3846.080098
985.163003 3857.190713
986.602091 3868.408101
987.295917 3876.711330
988.092563 3889.434560
989.467389 3902.230445
990.199772 3911.302319
990.893599 3921.362190
991.728776 3931.448879
992.384071 3941.605116
993.180716 3951.742292
993.797454 3961.414534
994.491305 3972.507987
995.262221 3985.220139
996.123103 3997.333036
996.778398 4008.835618
997.523634 4021.589473
998.294574 4033.752072
998.937017 4045.986792
999.682253 4058.942635
1000.376079 4072.923844
1001.198404 4087.198604
1001.892256 4099.423357
1002.470461 4114.339075
1003.408433 4130.944990
1004.127964 4144.354414
1004.718996 4158.408902
1005.464232 4174.346338
1006.170937 4190.876467
1006.877615 4208.509225
1007.584320 4227.605727
1008.316703 4247.063230
1008.971998 4269.453254
1009.820002 4301.529824
1010.989266 4333.426717
1011.721649 4328.018782
1012.788119 4288.376394
1014.201477 4258.454316
1014.818240 4242.287126
1015.422125 4226.942363
1016.064567 4212.041345
1016.732714 4198.752855
1017.336624 4185.216158
1018.184629 4172.416065
1018.865628 4158.259682
1020.304690 4146.616843
1020.895748 4141.402576
1021.551043 4136.767822
1022.373368 4133.052826
1023.786751 4131.547066
1024.519135 4131.807729
1025.264371 4132.391029
1025.958222 4133.145836
1026.549255 4134.280882
1027.384432 4135.735298
1028.052579 4137.460378
1028.836373 4140.580963
1030.185494 4144.106767
1030.943582 4147.023480
1031.675966 4150.187447
1032.408349 4153.610966
1033.127880 4157.752484
1034.014467 4163.823873
1035.260795 4170.194156
1036.083120 4175.081973
1036.725587 4180.201555
1037.522207 4185.978355
1038.267443 4191.822410
1038.999827 4197.742977
1039.693679 4204.299471
1040.503151 4211.262500
1041.222683 4218.371105
1041.993623 4226.038122
1042.764564 4237.693050
1044.203627 4249.589554
1044.936010 4257.664745
1045.604157 4265.545759
1046.259452 4274.645061
1047.081777 4284.344783
1047.788481 4293.605418
1048.495160 4303.584521
1049.266101 4313.940145
1049.985632 4325.082409
1050.820809 4335.655621
1051.424720 4350.789731
1052.799545 4368.859863
1053.724664 4381.821418
1054.392811 4398.074405
1055.651991 4416.394526
1056.512873 4429.774855
1057.155315 4443.387942
1058.003345 4464.301340
1059.378171 4483.309550
1059.982081 4498.346920
1060.894348 4520.569169
1062.166380 4541.322524
1062.873084 4557.293370
1063.592615 4575.765218
1064.414940 4602.452959
1065.648440 4628.592315
1066.316587 4647.275811
1066.920498 4670.773287
1067.832764 4706.725926
1069.104796 4712.994040
1070.004210 4687.099554
1070.672357 4666.068740
1071.366209 4637.310870
1072.715330 4611.839417
1073.293535 4596.786012
1073.987387 4580.280211
1074.809712 4560.685394
1076.030360 4544.473794
1076.698507 4533.424496
1077.572216 4523.971259
1078.201806 4517.390465
1078.818569 4511.291396
1079.615189 4506.339410
1080.244804 4503.058669
1080.951483 4500.806624
1081.773808 4499.872135
1082.467660 4499.930277
1083.277132 4500.828584
1084.664811 4502.057514
1085.294400 4503.417623
1086.142430 4504.970265
1086.720636 4506.781782
1087.517281 4509.031505
1088.223960 4511.320770
1088.866402 4513.929104
1089.598786 4517.106676
1090.382579 4520.209646
1090.960785 4523.782922
1091.808789 4528.068248
1092.554025 4532.088708
1093.196493 4536.397132
1093.941729 4540.998343
1094.596998 4546.270739
1095.445028 4551.968067
1096.138880 4557.710715
1096.909820 4563.570100
1097.565115 4570.260296
1098.451677 4577.231832
1099.106971 4584.009713
1099.877912 4590.784302
1100.481797 4598.472706
1101.368384 4606.839176
1102.049358 4614.553391
1102.756062 4622.760044
1103.475593 4631.010459
1104.143740 4640.273848
1104.978918 4649.901058
1105.659892 4658.923556
1106.353744 4668.743032
1107.111832 4678.842846
1107.805658 4690.198407
1108.692245 4706.099928
1109.938573 4721.195791
1110.658129 4732.640305
1111.377660 4745.988097
1112.289927 4759.000122
1112.932369 4771.160552
1113.703310 4784.035589
1114.397136 4797.580325
1115.206634 4811.415499
1115.900461 4824.970763
1116.645697 4839.056385
1117.365228 4853.059783
1118.071932 4866.693180
1118.727227 4881.396594
1119.510994 4897.007547
1120.217699 4912.664971
1120.937230 4929.327958
1121.643909 4946.273610
1122.299203 4965.001206
1123.057292 4985.700843
1123.776823 5019.190603
1125.254442 5062.065875
1126.410854 5094.399824
1127.104680 5120.066981
1127.798532 5158.030434
1129.044859 5198.856602
1129.802947 5243.910191
1131.113537 5290.389139
1131.858773 5323.257724
1132.501215 5354.998799
1133.156509 5386.662724
1133.760394 5439.692456
1135.173777 5495.872449
1135.841924 5533.758801
1136.522898 5576.381278
1137.332396 5618.681295
1137.987691 5658.347790
1138.694370 5700.203862
1139.413901 5742.005262
1140.107753 5785.681251
1140.878668 5832.022983
1141.649609 5894.104625
1142.921641 5955.106556
1143.641172 5998.850387
1144.335024 6047.771964
1145.208733 6095.825542
1145.864028 6138.570336
1146.557880 6181.602552
1147.213174 6231.594012
1148.112588 6282.335967
1148.780735 6329.309153
1149.551651 6377.445678
1150.245502 6426.377993
1151.029270 6475.643623
1151.723122 6520.011689
1152.352712 6570.941379
1153.239273 6569.027249
1154.202924 6496.786145
1155.500661 6422.556528
1156.644220 6367.239036
1157.415135 6328.927796
1158.031898 6291.525687
1158.828518 6242.678512
1159.972077 6200.471902
1160.575962 6172.277410
1161.205552 6139.803701
1162.066434 6109.464456
1162.657492 6083.833756
1163.364171 6045.713252
1164.738996 6010.757687
1165.381439 5990.195245
1166.036733 5969.424074
1166.781969 5949.007787
1167.514353 5928.863350
1168.375235 5907.155987
1169.428827 5888.984725
1170.161211 5876.294604
1170.855062 5864.612173
1171.664535 5854.599956
1172.332682 5846.747459
1173.052213 5840.202828
1173.733213 5835.266237
1174.401360 5831.507515
1175.185127 5829.152709
1175.878979 5828.293611
1176.547101 5828.234475
1177.240953 5828.563239
1178.076130 5829.096557
1178.757104 5829.764696
1179.412399 5830.594183
1180.067693 5831.710981
1180.851486 5833.096868
1181.583870 5834.517988
1182.200607 5836.169995
1182.958696 5838.009466
1183.588286 5839.934340
1184.269285 5842.495854
1185.168699 5845.246885
1185.836846 5848.011535
1186.607787 5850.995654
1187.288761 5854.293312
1188.098259 5857.985894
1188.856322 5861.589120
1189.537321 5865.301695
1190.256852 5869.354588
1190.989236 5874.292610
1191.927207 5881.571055
1193.289206 5888.683369
1194.060121 5893.914600
1194.766826 5899.817914
1195.653387 5906.048101
1196.385771 5911.282580
1196.963976 5917.037760
1197.773449 5923.576536
1198.493006 5930.538512
1199.341010 5937.603081
1200.034862 5944.676023
1200.831482 5951.825412
1201.499629 5958.277564
1202.116392 5966.127411
1203.015806 5974.865211
1203.761042 5982.234628
1204.364927 5991.063689
1205.328603 6000.385068
1205.983897 6008.453035
1206.690576 6017.176278
1207.422960 6026.837138
1208.245310 6036.640800
1208.964841 6046.096950
1209.697225 6056.636403
1210.545255 6071.379354
1211.842992 6086.763894
1212.729553 6097.353907
1213.307759 6107.620668
1214.117231 6118.933242
1214.811083 6128.781225
1215.402141 6140.440901
1216.301555 6152.795816
1216.956850 6163.730974
1217.650702 6176.350798
1218.485879 6195.268909
1219.886410 6213.649749
1220.618793 6226.007284
1221.286940 6239.154367
1222.083560 6252.852859
1222.790239 6266.305784
1223.535475 6280.085821
1224.255032 6293.584522
1224.948858 6315.439818
1226.490740 6343.892993
1227.801329 6364.466240
1228.508008 6378.826030
1229.176155 6394.737296
1229.972775 6411.005700
1230.602390 6426.866050
1231.283364 6446.432525
1232.131394 6468.073215
1232.889482 6498.445030
1234.225776 6537.477712
1235.420719 6572.425485
1236.345838 6610.235553
1237.566486 6647.913872
1238.388811 6674.928973
1238.967017 6701.433108
1239.712253 6729.747512
1240.341842 6757.337206
1241.009989 6785.984462
1241.652432 6819.626820
1242.500461 6853.250824
1243.104372 6882.673692
1243.733962 6916.017300
1244.466345 6950.829054
1245.121640 6983.886065
1245.751255 7021.205224
1246.535023 7060.072349
1247.190317 7096.720727
1247.858464 7132.273343
1248.449522 7174.374409
1249.323232 7219.881755
1250.017083 7259.327776
1250.672378 7300.056672
1251.404762 7345.109590
1252.201407 7387.668620
1252.843849 7428.110169
1253.563381 7469.074242
1254.218675 7510.580369
1254.951059 7573.558003
1256.313058 7634.828587
1256.981205 7678.111703
1257.739293 7719.974149
1258.356030 7765.550005
1259.229765 7812.458461
1259.885060 7855.206472
1260.617443 7899.692170
1261.324122 7941.144718
1261.953737 7988.769943
1262.853151 8035.337887
1263.444209 8078.071502
1264.215150 8122.555005
1264.857592 8120.433194
1265.577123 8067.278427
1266.605061 8019.083055
1267.208946 7985.082263
1267.800004 7948.605748
1268.532388 7899.720510
1269.650242 7851.091570
1270.446888 7805.610924
1271.551889 7764.657867
1272.232889 7733.183634
1273.003804 7693.275393
1274.185920 7657.948804
1274.815510 7632.909856
1275.560746 7599.132224
1276.807098 7567.336183
1277.552334 7546.225171
1278.246161 7527.859680
1278.888628 7508.308597
1279.788042 7490.776430
1280.366248 7477.420979
1281.021543 7463.148244
1281.805310 7449.310763
1282.563399 7437.086544
1283.347192 7426.957782
1284.015339 7418.800081
1284.709165 7411.381900
1285.492959 7404.831985
1286.353841 7399.295751
1287.600193 7396.228933
1288.242636 7395.629652
1289.874433 7395.990183
1291.107933 7396.811122
1291.788933 7397.674256
1292.521316 7398.794267
1293.292257 7400.091862
1293.998936 7401.585389
1294.757024 7403.320176
1295.502260 7405.376892
1296.337438 7407.409297
1296.928496 7409.508930
1297.673732 7412.272078
1298.547441 7415.105279
1299.215588 7418.077944
1300.037913 7421.148095
1300.667528 7424.346741
1301.451296 7428.066685
1302.222237 7431.566787
1302.838974 7435.516833
1303.699856 7439.974907
1304.432240 7444.368612
1305.190328 7448.757768
1305.858475 7454.039556
1306.822151 7461.957141
1308.171272 7469.312733
1308.877977 7475.191509
1309.726006 7480.909457
1310.342744 7486.803345
1311.177921 7493.084637
1311.846068 7499.139553
1312.578452 7505.898118
1313.362245 7512.315992
1313.978982 7519.061780
1314.788455 7526.354599
1315.482307 7532.819785
1316.086192 7539.451591
1316.780044 7547.468947
1317.615221 7556.321307
1318.424694 7564.625651
1319.118545 7572.782157
1319.863781 7580.666740
1320.480519 7589.284304
1321.315696 7599.103181
1322.099489 7608.192303
1322.780463 7617.243934
1323.525699 7627.155339
1324.309493 7637.277597
1325.054729 7647.532867
1325.825669 7657.184067
1326.455259 7667.034880
1327.226175 7677.891975
1327.971411 7688.201334
1328.639558 7699.581442
1329.500440 7710.655656
1330.104325 7721.963207
1330.965207 7734.254572
1331.671911 7745.646158
1332.391442 7757.648412
1333.149531 7769.416189
1333.817652 7783.360360
1334.807033 7797.621150
1335.488007 7809.232988
1336.143302 7821.358252
1336.862858 7833.300735
1337.479596 7848.027175
1338.481804 7864.504635
1339.265597 7878.613626
1339.985128 7892.443801
1340.717512 7905.964331
1341.385659 7920.695250
1342.220836 7935.482732
1342.876131 7950.500557
1343.711308 7966.629410
1344.456544 7983.002505
1345.291721 7998.773544
1345.959868 8012.839703
1346.615138 8027.488921
1347.321842 8043.152334
1348.054225 8061.443275
1348.979344 8087.566324
1350.379875 8110.810484
1351.022317 8125.972706
1351.690464 8142.961514
1352.474232 8159.976144
1353.129526 8177.044270
1353.900467 8193.971275
1354.530057 8210.262500
1355.223883 8229.136390
1356.007677 8248.569639
1356.675824 8267.205561
1357.331118 8287.291068
1358.037797 8311.977074
1358.924359 8335.800469
1359.515417 8357.725170
1360.222095 8381.790821
1360.890242 8405.105763
1361.506980 8431.755217
1362.303625 8461.064225
1363.010304 8457.758608
1363.896866 8427.851158
1364.577865 8394.290113
1365.811365 8363.024227
1366.466635 8342.955784
1367.134782 8322.632915
1367.905722 8303.870694
1368.561017 8288.139053
1369.203459 8272.996853
1369.922990 8258.663079
1370.616842 8246.968930
1371.195022 8237.412740
1371.773228 8226.485283
1372.724052 8216.717111
1373.327937 8210.017315
1374.047468 8204.007297
1374.805556 8199.731002
1375.435146 8196.967795
1376.218939 8195.455147
1376.977028 8195.303862
1378.300444 8195.730031
1379.020000 8196.304004
1379.752384 8197.093236
1380.510472 8198.457947
1381.692563 8200.235411
1382.591977 8201.912588
1383.324361 8203.635173
1384.056744 8206.377096
1385.341629 8209.582359
1386.189658 8212.364839
1386.986304 8215.171140
1387.718688 8218.062910
1388.451071 8221.468024
1389.324806 8224.810585
1389.941543 8228.000690
1390.661074 8231.543128
1391.354926 8235.163802
1392.035900 8239.479553
1392.909635 8244.144181
1393.642018 8248.652879
1394.387254 8253.145352
1395.055401 8258.050646
1395.864874 8263.457572
1396.622962 8268.903118
1397.381051 8274.507760
1398.126287 8280.628495
1398.961464 8286.378124
1399.565349 8292.071650
1400.336290 8298.592911
1401.094378 8305.094933
1401.813910 8311.740394
1402.559146 8319.195668
1403.407175 8326.421307
1404.062470 8333.551348
1404.846238 8341.321505
1405.591474 8349.447395
1406.400972 8357.571697
1407.107651 8365.411976
1407.827182 8373.361524
1408.521034 8381.042782
1409.163476 8391.061217
1410.217093 8405.445682
1411.527682 8417.464437
1412.144420 8426.970246
1413.005302 8437.329150
1413.724833 8446.705128
1414.405833 8456.979787
1415.228158 8467.805211
1415.960541 8479.142674
1416.821423 8494.997481
1418.132013 8510.111623
1418.851544 8521.090703
1419.571075 8534.291760
1420.547603 8552.935267
1421.909577 8569.637044
1422.603429 8581.712354
1423.361517 8594.521835
1424.119605 8607.539875
1424.877668 8619.856731
1425.532963 8631.561432
1426.201110 8645.294929
1427.061992 8660.402856
1427.858612 8674.319500
1428.565317 8687.229737
1429.233464 8701.308470
1430.042936 8717.077102
1430.865261 8730.787431
1431.443467 8744.448531
1432.240112 8759.038279
1432.895407 8771.851249
1433.499292 8788.839973
1434.540057 8812.849520
1435.786410 8834.776488
1436.595882 8850.934428
1437.276882 8866.169083
1437.983560 8881.864073
1438.690265 8897.594486
1439.384091 8912.766860
1440.026533 8930.989210
1440.951652 8949.488070
1441.568415 8965.564070
1442.223709 8984.306243
1442.981798 9004.820338
1443.701329 9028.907189
1444.626448 9060.738776
1445.757154 9091.204380
1446.502390 9115.082154
1447.157685 9138.727978
1447.838684 9139.723172
1448.468274 9118.378907
1449.059332 9096.843120
1449.766036 9065.746980
1451.089452 9029.259742
1452.374362 9003.951907
1453.093893 8988.506963
1453.736336 8974.369535
1454.455867 8960.958442
1455.149719 8948.806835
1455.882102 8938.318839
1456.524544 8929.396216
1457.218396 8921.305175
1457.925075 8914.360642
1458.657484 8908.443896
1459.479809 8904.116537
1460.173635 8901.482367
1460.957429 8900.149699
1461.741222 8899.918889
1462.409343 8900.128876
1463.038959 8900.561991
1463.835579 8901.213089
1464.542283 8902.012692
1465.223257 8903.079271
1466.019903 8904.327993
1466.688050 8905.787980
1467.471817 8907.452294
1468.152817 8909.102854
1468.769554 8911.082850
1469.553347 8913.446209
1470.298583 8915.899972
1471.005262 8918.614162
1471.776203 8922.081050
1472.739879 8926.898988
1473.973379 8931.565445
1474.718615 8935.227817
1475.412442 8939.463015
1476.286176 8943.793905
1476.941471 8947.900177
1477.661002 8952.557746
1478.431943 8957.466881
1479.164326 8962.967536
1480.038061 8968.504946
1480.719035 8973.758766
1481.451419 8979.199125
1482.132418 8985.692745
1483.070389 8991.958976
1483.648595 8997.417217
1484.342421 9003.776639
1485.087657 9010.570989
1485.832893 9017.705163
1486.603834 9024.737646
1487.284833 9032.184904
1488.094306 9039.761026
1488.762453 9051.238222
1490.240073 9063.139212
1490.933899 9071.411080
1491.691987 9079.801496
1492.372987 9088.167543
1493.092518 9097.039290
1493.824902 9107.018625
1494.685784 9116.971384
1495.379636 9125.377365
1495.970668 9135.534081
1496.895787 9146.222462
1497.538229 9155.817573
1498.270638 9166.701810
1499.067258 9177.802788
1499.799642 9189.334171
1500.621967 9199.998500
1501.213025 9210.585769
1501.996793 9222.455904
1502.729202 9233.201365
1503.345939 9245.835579
1504.283910 9259.519659
1505.003442 9271.631353
1505.722973 9283.051061
1506.339736 9296.359504
1507.252002 9311.120449
1508.010090 9325.352094
1508.832415 9339.935190
1509.603331 9353.678822
1510.310035 9368.630301
1511.183744 9383.171947
1511.826186 9396.572232
1512.558595 9411.559414
1513.342363 9425.586204
1513.959101 9440.753333
1514.832835 9457.441634
1515.578071 9471.405695
1516.169129 9485.700230
1516.927192 9501.404199
1517.633896 9517.464779
1518.404812 9535.161613
1519.239989 9551.935619
1519.908136 9566.599799
1520.537726 9584.556790
1521.475697 9602.253155
1522.066755 9617.326958
1522.760582 9634.087674
1523.480138 9650.882467
1524.161112 9669.356552
1524.996290 9687.646427
1525.625879 9705.506566
1526.358263 9724.580671
1527.013558 9745.044134
1527.771646 9766.012322
1528.401236 9787.802770
1529.146472 9812.433939
1529.891708 9852.802852
1531.433589 9903.464455
1532.615680 9938.829493
1533.232417 9936.408252
1533.977653 9908.356246
1534.671480 9875.075342
1535.815039 9842.446631
1536.585979 9809.126131
1538.012189 9774.208953
1539.117191 9749.555906
1540.055162 9732.626485
1540.684752 9720.134048
1541.352899 9707.656617
1542.136692 9696.596989
1542.804814 9688.051973
1543.434429 9680.654684
1544.128255 9673.788698
1544.950580 9667.177972
1546.312554 9663.233524
1547.006406 9662.482717
1547.623143 9662.469856
1548.381231 9662.734488
1549.036526 9663.203984
1549.820319 9663.911110
1550.591235 9664.717488
1551.207997 9665.609665
1551.850440 9666.862535
1552.698469 9668.358505
1553.405148 9670.027913
1554.201768 9671.871276
1554.895620 9673.773977
1555.589447 9676.102413
1556.437476 9678.669414
1557.157008 9681.204900
1557.863712 9684.056591
1558.647480 9687.126182
1559.367036 9690.170831
1560.048010 9693.397134
1560.767541 9697.290818
1561.641276 9703.174088
1563.003249 9709.026787
1563.748485 9713.171427
1564.403780 9717.670043
1565.200426 9722.211287
1565.817163 9727.494874
1566.767987 9733.279381
1567.474665 9738.374755
1568.168517 9744.301166
1569.042226 9750.736220
1569.813167 9759.345826
1571.136609 9767.961712
1571.843288 9774.805461
1572.678465 9782.512549
1573.526495 9789.411181
1574.143232 9796.277384
1574.939878 9803.957163
1575.685114 9815.207975
1577.111349 9826.963080
1577.895117 9835.322622
1578.627501 9843.376400
1579.321352 9851.542614
1580.040884 9860.195760
1580.786120 9869.435774
1581.569913 9878.718981
1582.289444 9887.221878
1582.919034 9898.269525
1583.998356 9909.165308
1584.576536 9917.378687
1585.218978 9926.971368
1585.977067 9936.817446
1586.632361 9947.414650
1587.467539 9958.471978
1588.161391 9969.276880
1588.932331 9980.068690
1589.600453 9989.865044
1590.217216 10001.639116
1591.116630 10014.612817
1591.861866 10027.011610
1592.658511 10038.231089
1593.236692 10050.081375
1594.084721 10064.061038
1594.894219 10077.509123
1595.652308 10090.047997
1596.333282 10103.823252
1597.207016 10117.789642
1597.888016 10129.977967
1598.543310 10142.570910
1599.249989 10156.789621
1600.059462 10171.201771
1600.766166 10184.328235
1601.421461 10199.154892
1602.282343 10214.805610
1603.001874 10228.869653
1603.682873 10243.380170
1604.428109 10258.199562
1605.121936 10273.483886
1605.892877 10290.464563
1606.728054 10312.568901
1607.948702 10335.552822
1608.835263 10352.054995
1609.439174 10367.773889
1610.235794 10385.119207
1610.968203 10401.908105
1611.687734 10426.428647
1612.972619 10451.831936
1613.666470 10470.151166
1614.308913 10490.655640
1615.092706 10513.999982
1615.863621 10536.551957
1616.531768 10558.579916
1617.212768 10594.277503
1618.600446 10607.462177
1619.230036 10584.767107
1619.911035 10554.947290
1621.080273 10526.449745
1621.786977 10498.673212
1623.136098 10473.993018
1623.740009 10459.764277
1624.395303 10445.564986
1625.101982 10431.784460
1625.847218 10419.960910
1626.476833 10409.504303
1627.222069 10399.829773
1627.915896 10391.708922
1628.635452 10384.127474
1629.534866 10376.747459
1630.858308 10372.148861
1631.603544 10370.848551
1632.335928 10370.608963
1633.042632 10370.864642
1633.864957 10371.323405
1634.558783 10371.999892
1635.342576 10372.980353
1636.177754 10374.740383
1637.514048 10376.656282
1638.182195 10379.309326
1639.672667 10382.160879
1640.289404 10384.407926
1641.098877 10387.014456
1641.818433 10389.757222
1642.576496 10392.705520
1643.296053 10395.899728
1644.066968 10399.207852
1644.747968 10402.600656
1645.467499 10406.840227
1646.392643 10411.124224
1647.047938 10414.761814
1647.664675 10418.921407
1648.435616 10423.834344
1649.232236 10429.825124
1650.247296 10437.415551
1651.403708 10444.534819
1652.187475 10450.632306
1652.984121 10456.915864
1653.755062 10463.329895
1654.525977 10472.466261
1655.849419 10482.035970
1656.646039 10488.556569
1657.237097 10495.868887
1658.149363 10503.616502
1658.791806 10510.618600
1659.511362 10519.183072
1660.410776 10531.381078
1661.734218 10542.986743
1662.466601 10551.162698
1663.134748 10560.560972
1664.034162 10569.758951
1664.638073 10578.310276
1665.396136 10587.776717
1666.115692 10597.287806
1666.848076 10607.527776
1667.644696 10617.267069
1668.274286 10627.500685
1669.109463 10637.912755
1669.739079 10650.088869
1670.779818 10666.681707
1671.961934 10681.602387
1672.732850 10694.288405
1673.580879 10707.320546
1674.364673 10719.022561
1675.019967 10730.509893
1675.752351 10743.491817
1676.561823 10755.686013
1677.178561 10768.899865
1678.078000 10783.334390
1678.810384 10796.522226
1679.542767 10810.395111
1680.326561 10824.725078
1681.084624 10838.549600
1681.791328 10853.089044
1682.600800 10868.597267
1683.384594 10882.165385
1683.975626 10898.164064
1684.977834 10914.212545
1685.556040 10927.875105
1686.301276 10942.908476
1686.995127 10958.149163
1687.740363 10974.840239
1688.549836 10990.622477
1689.192278 11006.631909
1690.001751 11023.111949
1690.669898 11047.369404
1692.134665 11072.203366
1692.828517 11089.523862
1693.612285 11105.656221
1694.190490 11122.150822
1694.987110 11140.415316
1695.693815 11157.907111
1696.387641 11175.862714
1697.068640 11195.312584
1697.801024 11217.268135
1698.584792 11238.478015
1699.201555 11258.853374
1699.869676 11282.655112
1700.640617 11319.822277
1701.989738 11356.120613
1702.632206 11382.328880
1703.351737 11409.132790
1703.981327 11437.163916
1704.713710 11466.881858
1705.381857 11498.189983
1706.139946 11531.033681
1706.833772 11575.572401
1708.028715 11626.272709
1708.915277 11665.565147
1709.583424 11717.008752
1710.868308 11769.375778
1711.523603 11807.837816
1712.243134 11850.957978
1713.026927 11893.208003
1713.682222 11931.823316
1714.311811 11976.917719
1715.146989 12022.918595
1715.776579 12068.852380
1716.573199 12140.627608
1717.960877 12209.114214
1718.641876 12257.333765
1719.412817 12307.266882
1720.145201 12353.365385
1720.800495 12398.616504
1721.507174 12445.154120
1722.201001 12495.542282
1723.023326 12545.938293
1723.717177 12589.934402
1724.346767 12638.636155
1725.181945 12690.335335
1725.901476 12737.769681
1726.608180 12788.630637
1727.430505 12846.766335
1728.355624 12917.312900
1729.550567 12982.311509
1730.308630 13030.642275
1731.002482 13080.692190
1731.811954 13131.604241
1732.531485 13179.956872
1733.263869 13224.036778
1733.854927 13270.263257
1734.651547 13321.167151
1735.383931 13307.678319
1736.553169 13246.728528
1737.298405 13206.266684
1737.876611 13170.540785
1738.506200 13117.180581
1739.765380 13066.207011
1740.369290 13031.890944
1741.088822 12998.111920
1741.718411 12963.377332
1742.540736 12916.422685
1743.799916 12875.797500
1744.429531 12851.175658
1745.020564 12826.252837
1745.727243 12800.212812
1746.446799 12777.303303
1747.050684 12754.985517
1747.821625 12732.764779
1748.502599 12712.669967
1749.234983 12694.123308
1749.903130 12678.070130
1750.545572 12662.490409
1751.290808 12646.783544
1752.087428 12633.358449
1752.755575 12622.342627
1753.449427 12612.642539
1754.117548 12604.641423
1754.747164 12597.150583
1755.595168 12590.770686
1756.301872 12586.635636
1756.969994 12583.844430
1757.740935 12582.387562
1758.499023 12582.107053
1759.257111 12582.278091
1759.950938 12582.567326
1760.606232 12583.000075
1761.338616 12583.589267
1762.058147 12584.316026
1762.777678 12585.266369
1763.612856 12586.327863
1764.281003 12587.362626
1764.897766 12588.616616
1765.668681 12590.015432
1766.311123 12591.578524
1767.094916 12593.449281
1767.878684 12596.382117
1769.279215 12599.466949
1770.011598 12601.625722
1770.641188 12604.058356
1771.450686 12606.711338
1772.131660 12609.657492
1773.005395 12612.694611
1773.660689 12615.490819
1774.341663 12618.465190
1775.022663 12621.688344
1775.755046 12625.297684
1776.538840 12628.893002
1777.206961 12632.643856
1777.990754 12636.420510
1778.620344 12640.422465
1779.429817 12645.007139
1780.213610 12649.529741
1780.945994 12654.050760
1781.678377 12658.507555
1782.346524 12663.626982
1783.233086 12669.067915
1783.952617 12673.962498
1784.633616 12679.137145
1785.391705 12684.738092
1786.149793 12690.345810
1786.869324 12696.363834
1787.691649 12702.691935
1788.449738 12708.278128
1789.053623 12713.729614
1789.747475 12720.303073
1790.582652 12727.542559
1791.392125 12734.910302
1792.214450 12741.972459
1792.921154 12748.524314
1793.602128 12755.715937
1794.411626 12763.433674
1795.169689 12770.599498
1795.837836 12778.720497
1796.750102 12787.191731
1797.456806 12794.534100
1798.124953 12802.507144
1798.921574 12810.976180
1799.653957 12818.800110
1800.309252 12827.664048
1801.195839 12836.895204
1801.889665 12845.850175
1802.699138 12854.631641
1803.341580 12863.172024
1804.086816 12872.649687
1804.857757 12882.281780
1805.602993 12891.736467
1806.322524 12901.169453
1807.042081 12911.525663
1807.877258 12922.564273
1808.673878 12932.892026
1809.380557 12942.929014
1810.112966 12953.750382
1810.909586 12964.257143
1811.577733 12974.923385
1812.374353 12986.299901
1813.119589 12997.551832
1813.877678 13009.946075
1814.751412 13026.642877
1816.036297 13042.570354
1816.781533 13060.850619
1818.310562 13078.723260
1818.978684 13091.086948
1819.801034 13110.281808
1821.252949 13129.284796
1822.023890 13141.344100
1822.640627 13154.464228
1823.514362 13167.825530
1824.143951 13181.249282
1825.004834 13195.510471
1825.711512 13208.161869
1826.379659 13221.429112
1827.137748 13235.070366
1827.831574 13250.467150
1828.756693 13265.643189
1829.411988 13278.873768
1830.118692 13292.862344
1830.838223 13315.649693
1832.405784 13338.530902
1833.112488 13352.970501
1833.819167 13366.877964
1834.461609 13382.130887
1835.283960 13397.921001
1835.964934 13413.742332
1836.774432 13430.536390
1837.532520 13446.380679
1838.239199 13462.660063
1839.022992 13478.083742
1839.639729 13493.945507
1840.449202 13510.363418
1841.104497 13525.917159
1841.824053 13543.220157
1842.620673 13559.294390
1843.211731 13577.181537
1844.098293 13596.287575
1844.727908 13624.141591
1846.154118 13653.439091
1846.809413 13674.597287
1847.567501 13696.721064
1848.235648 13719.086659
1848.955179 13744.210258
1849.738973 13768.611834
1850.368562 13793.208825
1851.113798 13820.959311
1851.871887 13848.364771
1852.552886 13887.713422
1853.850623 13930.629470
1854.647269 13973.759736
1855.855064 14015.250644
1856.523211 14045.230726
1857.165653 14076.543730
1857.859480 14113.615658
1858.707509 14168.945566
1860.082361 14236.438233
1861.328688 14289.801152
1862.086776 14328.530153
1862.742071 14365.201209
1863.397365 14402.575853
1864.052660 14445.608888
1864.875010 14489.435194
1865.530305 14529.891209
1866.211279 14574.232971
1866.969367 14618.640791
1867.637514 14661.086249
1868.331366 14705.736303
1869.076602 14749.000092
1869.731897 14794.412371
1870.554222 14837.281761
1871.132427 14882.255797
1872.031867 14927.832759
1872.635752 14968.897359
1873.393840 15013.636062
1874.126224 15080.235820
1875.629548 15145.372702
1876.323400 15184.699833
1876.965842 15227.584655
1877.788167 15268.416914
1878.366373 15307.534968
1879.137314 15354.981710
1880.011048 15399.239906
1880.679195 15442.497822
1881.527225 15488.091551
1882.285313 15526.917001
1882.902051 15565.173649
1883.647287 15569.072598
1884.264024 15524.225817
1885.317642 15480.740236
1885.934379 15449.369419
1886.576847 15407.531493
1887.694701 15366.629701
1888.362848 15336.001063
1889.108084 15297.825430
1890.225938 15261.249624
1890.984026 15235.124777
1891.652173 15213.181859
1892.243231 15190.742982
1893.014146 15169.367784
1893.605204 15150.802641
1894.273351 15133.220917
1894.864409 15112.278856
1895.905174 15086.881273
1897.035881 15066.678794
1897.832501 15052.852131
1898.526353 15040.316193
1899.361530 15025.148696
1900.749208 15011.038805
1901.931324 15002.622930
1902.882123 14998.256944
1903.524590 14996.067332
1904.192712 14994.968149
1904.860859 14994.736217
1905.567563 14994.913572
1906.531239 14995.399937
1907.764714 14996.102119
1908.651301 14996.912574
1909.537862 14998.157556
1910.784215 14999.381215
1911.362421 15000.470028
1912.159066 15001.824616
1912.917129 15004.045175
1914.369069 15006.354898
1915.037216 15008.958936
1916.437747 15011.858969
1917.195835 15013.930306
1917.851130 15016.086764
1918.583514 15018.505850
1919.328750 15021.170108
1920.125395 15024.068998
1920.922015 15026.938365
1921.628694 15029.789019
1922.348251 15033.235606
1923.273370 15036.501802
1923.851575 15039.538635
1924.609664 15043.104486
1925.367727 15047.002412
1926.202929 15050.874979
1926.896756 15054.515517
1927.590608 15058.342085
1928.310139 15062.729565
1929.158169 15067.519242
1929.967641 15072.119403
1930.700025 15076.380245
1931.355319 15080.845078
1932.113408 15085.377214
1932.755850 15090.518491
1933.655289 15096.047722
1934.374821 15101.239604
1935.132909 15106.463090
1935.826761 15112.011339
1936.636233 15117.931786
1937.394322 15123.392834
1938.049616 15129.188736
1938.859089 15135.576055
1939.630030 15142.550872
1940.542296 15152.093110
1941.865738 15160.780284
1942.533885 15167.765801
1943.420446 15174.934622
1944.101446 15181.534196
1944.833829 15188.372233
1945.540508 15195.715484
1946.350006 15203.444045
1947.108095 15211.323147
1947.917567 15218.808481
1948.572862 15225.687702
1949.241009 15233.427790
1950.037629 15242.196133
1950.872806 15250.476201
1951.553806 15258.109129
1952.247632 15265.779791
1952.915779 15274.681958
1953.802366 15283.707469
1954.470513 15291.357877
1955.100103 15300.045669
1955.922428 15308.999985
1956.577723 15317.697643
1957.335811 15327.480395
1958.145284 15337.982495
1958.993313 15347.303800
1959.597198 15356.008199
1960.329607 15365.665823
1961.061991 15376.582624
1961.961405 15387.376552
1962.655257 15396.998296
1963.361936 15406.645008
1964.042935 15416.774067
1964.800998 15427.575262
1965.559086 15438.888770
1966.368584 15449.678086
1967.036706 15459.840574
1967.743410 15472.934868
1968.784175 15491.034975
1970.120444 15507.307132
1970.891385 15518.183867
1971.508122 15530.424315
1972.433241 15543.924302
1973.191329 15555.919669
1973.910860 15568.367991
1974.707506 15580.945847
1975.427037 15593.775907
1976.236510 15607.177197
1977.007451 15620.841820
1977.829776 15633.527286
1978.472218 15646.469460
1979.307395 15660.557032
1980.065484 15673.410907
1980.746483 15687.096751
1981.581660 15702.679830
1982.455370 15716.518915
1983.084959 15729.790001
1983.881605 15744.019428
1984.601136 15758.146324
1985.372077 15771.904506
1986.040199 15785.669278
1986.798287 15800.178187
1987.530671 15814.057432
1988.211670 15827.546375
1988.892669 15843.087376
1989.766379 15858.884798
1990.460230 15873.657426
1991.218293 15888.682615
1991.924998 15903.839913
1992.683086 15921.284862
1993.595352 15945.185374
1994.944473 15966.972274
1995.638325 15983.196848
1996.447798 15999.967829
1997.180181 16015.608197
1997.874008 16031.658929
1998.632096 16046.820586
1999.236007 16062.540444
2000.032627 16080.702345
2000.842099 16097.835151
2001.535951 16114.219957
2002.268335 16129.674164
2002.872220 16146.753033
2003.733102 16166.673623
2004.568279 16192.460976
2005.904548 16216.957908
2006.611252 16235.846525
2007.433577 16255.140579
2008.114577 16273.990368
2008.834108 16294.551246
2009.579344 16314.018025
2010.170376 16336.724149
2011.069790 16362.037052
2011.776495 16384.578412
2012.444642 16406.109532
2013.048527 16434.616904
2014.063587 16435.592892
2015.040090 16407.713460
2015.695384 16387.831618
2016.286442 16367.867827
2017.031678 16339.825538
2018.355095 16314.152938
2019.087504 16299.588100
2019.665684 16284.343440
2020.629360 16265.228543
2021.901392 16251.160053
2022.530982 16242.993580
2023.276218 16234.630063
2024.291278 16228.584301
2024.869483 16224.564546
2026.218604 16222.070570
2026.950988 16221.868287
2027.631987 16222.003947
2028.338666 16222.249594
2029.071050 16222.616682
2029.829138 16223.071031
2030.497285 16223.630937
2031.242521 16224.330094
2031.987757 16225.167973
2032.771525 16226.123459
2033.516761 16227.092763
2034.159203 16228.223448
2034.968701 16229.485933
2035.649675 16230.642680
2036.227881 16232.024206
2037.037353 16233.737158
2037.833999 16235.426716
2038.514973 16237.237769
2039.311619 16239.117473
2039.966913 16241.079239
2040.737829 16243.137466
2041.393123 16245.288706
2042.151212 16247.664014
2042.883595 16250.021435
2043.564595 16252.392446
2044.245569 16255.346071
2045.183540 16258.236025
2045.774598 16261.141465
2046.648307 16264.190794
2047.265070 16266.921806
2047.933217 16270.405601
2048.845483 16273.998323
2049.513605 16277.363488
2050.271693 16280.698635
2050.888456 16284.706239
2051.864959 16289.158012
2052.610195 16293.179616
2053.368283 16297.280493
2054.100667 16301.311422
2054.794493 16306.295467
2055.809579 16313.399534
2057.145848 16320.043055
2057.942493 16327.457104
2059.420113 16334.791674
2060.139644 16339.940148
2060.910585 16345.014094
2061.578706 16349.872005
2062.259706 16355.787367
2063.184825 16361.766322
2063.852972 16367.393216
2064.649592 16372.814147
2065.240650 16379.186104
2066.242858 16385.974907
2066.911005 16391.955458
2067.681945 16397.980005
2068.337240 16404.512041
2069.198097 16411.490408
2069.930506 16417.968198
2070.650037 16424.970853
2071.472362 16431.786601
2072.127657 16438.421321
2072.885745 16445.586898
2073.630981 16452.933248
2074.401896 16460.589100
2075.185690 16467.521025
2075.789600 16474.432792
2076.547663 16482.300691
2077.318604 16490.424700
2078.102397 16498.879995
2078.911870 16506.341795
2079.490075 16513.919530
2080.299548 16522.587657
2081.057636 16530.583053
2081.725783 16539.134211
2082.560961 16549.367142
2083.498932 16562.207472
2084.745259 16574.009981
2085.477668 16584.240606
2086.428466 16595.160168
2087.250817 16604.220052
2087.880406 16612.253491
2088.522849 16622.112650
2089.422263 16631.906130
2090.039025 16641.669958
2090.912735 16651.786574
2091.568029 16661.257209
2092.326118 16671.175280
2093.032822 16681.742094
2093.867999 16692.331164
2094.561826 16702.414715
2095.307062 16713.245260
2096.090855 16723.542736
2096.746149 16734.990852
2097.671268 16747.020968
2098.390799 16757.957658
2099.148888 16768.713164
2099.829887 16779.581268
2100.587976 16793.723715
2101.680125 16811.031940
2102.823684 16825.935535
2103.581772 16836.938030
2104.211362 16848.568255
2105.033687 16861.026489
2105.753243 16873.086004
2106.511306 16885.148436
2107.218011 16896.679302
2107.899010 16909.507166
2108.747040 16922.881394
2109.479423 16936.061218
2110.288896 16948.016978
2110.867102 16958.400147
2111.483839 16972.599844
2112.486072 16987.246527
2113.141367 16999.170487
2113.822341 17013.049613
2114.683223 17027.625410
2115.428459 17040.800839
2116.122311 17053.489349
2116.803310 17065.553941
2117.420048 17079.044028
2118.242373 17092.992557
2118.897667 17106.696630
2119.681460 17120.498034
2120.336755 17134.415855
2121.120548 17154.375859
2122.379728 17176.011538
2123.291994 17191.471643
2123.870200 17204.797142
2124.512642 17222.145835
2125.386377 17248.850554
2126.709818 17256.996963
2127.377965 17241.303726
2128.007555 17221.484312
2129.202498 17202.169507
2129.947759 17189.837722
2130.615881 17178.984404
2131.348290 17169.828676
2131.939323 17162.215607
2132.620322 17154.621042
2133.442647 17146.710643
2134.727557 17141.208511
2135.459940 17139.175684
2136.166619 17138.375787
2136.847619 17138.291515
2137.541470 17138.472906
2138.248149 17138.776374
2138.942001 17139.209242
2139.661532 17139.783979
2140.393916 17140.467799
2141.074915 17141.403239
2141.987182 17142.997351
2143.310623 17144.724348
2144.094416 17146.056079
2144.724006 17147.497985
2145.482095 17149.205565
2146.240183 17151.040623
2146.985419 17152.946510
2147.692098 17155.026858
2148.463039 17157.116224
2149.092628 17159.362788
2149.876422 17162.085086
2150.711599 17164.774033
2151.392598 17167.369480
2152.099277 17170.426648
2152.947307 17173.456250
2153.576897 17176.297910
2154.270749 17179.542034
2155.028837 17183.161328
2155.825457 17186.541517
2156.429368 17190.599365
2157.431575 17194.952967
2158.099722 17198.719874
2158.819254 17202.566179
2159.474548 17206.689834
2160.245489 17211.365059
2161.042109 17216.151267
2161.800198 17221.051048
2162.583991 17225.838261
2163.264990 17230.992046
2164.112995 17236.413694
2164.832551 17241.392147
2165.513525 17246.689184
2166.284466 17252.159695
2166.978318 17258.682810
2167.980526 17265.198093
2168.635820 17270.910069
2169.393909 17276.738396
2170.049203 17283.033772
2170.884381 17289.904769
2171.642469 17296.132337
2172.297764 17302.376560
2173.030147 17308.735016
2173.685442 17315.588559
2174.494914 17323.375075
2175.317239 17330.689291
2175.998239 17337.379681
2176.666386 17344.449219
2177.398769 17352.509905
2178.233947 17360.577781
2178.940626 17367.901479
2179.608773 17375.701064
2180.379713 17383.909056
2181.099245 17392.334633
2181.883038 17401.268249
2182.666806 17410.053269
2183.399189 17418.296072
2184.067336 17431.143823
2185.532129 17444.812684
2186.303044 17454.619236
2187.099690 17464.743467
2187.896310 17475.111234
2188.705783 17484.274115
2189.296841 17493.147226
2190.042077 17503.169196
2190.787313 17514.754228
2191.738136 17525.595644
2192.354874 17534.703942
2193.035873 17545.020906
2193.806788 17555.836636
2194.539197 17566.797957
2195.310113 17578.185822
2196.081054 17589.333707
2196.800585 17600.231802
2197.520116 17612.357240
2198.380998 17625.232178
2199.177644 17636.648274
2199.832913 17648.520105
2200.668090 17661.247574
2201.413326 17680.007793
2202.955208 17699.090613
2203.713296 17711.231418
2204.394270 17724.507239
2205.268005 17738.028173
2205.961831 17750.700423
2206.719920 17764.759395
2207.555097 17777.927891
2208.197539 17791.134345
2209.019864 17807.061488
2209.944983 17827.859138
2211.268425 17846.479284
2211.936572 17868.284902
2213.555517 17897.972307
2215.007457 17919.155814
2215.714136 17941.253810
2217.217460 17963.942405
2217.962696 17977.601510
2218.553729 17991.385716
2219.298965 18007.829963
2220.134142 18024.558385
2220.892231 18040.629147
2221.650319 18056.289758
2222.356998 18071.111919
2223.025145 18088.452412
2223.950264 18105.215667
2224.554149 18119.718663
2225.260853 18137.209533
2226.121710 18162.888387
2227.535093 18186.591230
2228.203240 18201.833516
2228.858534 18218.538665
2229.642302 18236.725553
2230.413243 18254.301743
2231.132774 18272.176301
2231.916567 18289.458126
2232.571862 18307.871935
2233.407039 18327.337854
2234.088013 18345.681688
2234.769013 18365.735628
2235.514249 18387.575427
2236.259485 18410.337625
2237.004721 18432.540273
2237.659990 18454.734448
2238.353842 18481.289874
2239.214724 18507.566712
2239.844314 18503.498613
2240.718048 18478.319326
2241.309081 18458.272495
2241.964376 18436.555285
2242.748169 18408.238127
2244.033053 18383.842796
2244.675495 18369.104060
2245.343642 18354.037668
2246.153115 18340.820071
2246.769852 18329.544822
2247.540793 18319.426862
2248.170383 18311.001333
2248.915619 18303.505772
2249.622298 18297.420297
2250.418943 18292.870650
2251.125622 18290.178191
2251.780917 18288.845853
2252.487596 18288.482429
2253.258536 18288.575054
2253.978068 18288.790863
2254.671919 18289.118039
2255.417155 18289.595563
2256.239480 18290.529395
2257.665690 18291.581437
2258.372395 18292.406318
2259.040516 18293.475166
2259.939956 18294.608272
2260.556693 18295.659718
2261.211988 18296.939505
2261.982928 18298.234916
2262.561109 18299.679132
2263.370607 18301.463235
2264.167227 18303.184447
2264.822521 18305.179292
2265.734788 18307.278851
2266.390082 18309.234613
2267.109614 18311.282214
2267.764908 18313.493687
2268.522997 18315.755821
2269.152586 18318.423624
2270.077705 18321.262977
2270.745852 18323.927026
2271.503941 18326.688167
2272.172062 18329.372321
2272.840209 18332.396273
2273.624002 18335.748297
2274.394918 18339.224542
2275.178711 18342.730806
2275.911095 18346.136492
2276.604946 18349.746422
2277.375862 18353.728777
2278.172507 18357.799642
2278.930570 18361.782848
2279.650127 18366.100187
2280.485304 18370.456224
2281.179131 18374.903735
2282.001456 18379.379385
2282.669603 18383.858192
2283.453396 18388.809661
2284.237164 18393.886377
2285.020957 18398.522122
2285.637694 18403.536899
2286.498577 18408.735397
2287.141019 18414.158878
2288.027580 18420.062393
2288.772816 18425.675705
2289.543757 18431.107285
2290.211904 18436.651962
2290.982845 18442.705690
2291.753760 18448.409039
2292.409055 18454.384673
2293.218553 18461.327981
2294.079410 18467.522229
2294.683320 18473.845131
2295.544202 18480.773727
2296.263734 18487.081944
2296.957560 18494.205713
2297.831295 18501.500705
2298.537973 18508.138561
2299.244678 18515.251688
2300.028445 18522.472191
2300.735150 18530.906478
2301.737357 18541.963415
2302.932300 18551.832889
2303.664684 18558.730459
2304.255742 18567.175173
2305.257950 18575.995638
2305.900392 18583.632519
2306.658480 18591.504838
2307.326627 18598.832386
2307.969070 18607.650052
2308.881336 18617.167957
2309.626572 18626.004402
2310.397513 18634.648818
2311.091365 18644.733219
2312.080720 18655.094579
2312.800251 18663.545703
2313.455546 18672.178524
2314.187929 18681.067523
2314.868929 18691.387332
2315.806900 18702.071076
2316.526431 18710.959643
2317.168873 18720.634351
2317.991224 18730.491686
2318.646518 18740.297186
2319.443139 18751.086425
2320.226932 18762.722929
2321.126346 18778.420624
2322.462640 18793.302962
2323.220728 18804.051167
2323.953112 18814.725286
2324.685495 18824.744868
2325.315085 18836.217038
2326.227352 18848.470820
2326.946908 18860.086879
2327.756381 18871.217892
2328.398823 18882.971643
2329.272558 18895.332047
2329.979236 18906.295037
2330.660236 18917.668184
2331.405472 18929.244666
2332.099324 18940.614626
2332.806002 18953.039407
2333.615475 18964.823539
2334.232238 18978.024597
2335.195914 18991.215618
2335.799799 19004.671082
2336.776327 19018.446371
2337.405917 19029.797703
2338.086916 19042.137473
2338.819300 19055.031384
2339.551684 19066.770520
2340.142742 19079.071687
2340.926509 19093.324121
2341.723155 19105.935908
2342.314213 19117.948142
2343.033744 19132.310878
2343.868922 19145.461506
2344.447127 19158.246427
2345.230920 19171.845451
2345.886215 19185.312405
2346.644278 19199.743910
2347.389539 19214.041153
2348.121923 19227.440792
2348.764365 19242.269543
2349.612395 19257.460396
2350.241985 19271.330101
2350.897279 19287.748558
2351.693925 19304.852034
2352.349220 19322.457555
2353.120160 19322.029038
2353.942511 19304.471663
2354.597805 19285.071172
2355.779896 19267.151491
2356.448043 19255.647162
2357.141895 19244.918905
2357.874278 19235.863962
2358.503868 19228.187589
2359.223399 19221.838320
2359.801605 19216.643027
2360.546841 19212.094236
2361.292077 19209.084349
2361.973076 19207.477802
2362.718312 19206.934462
2363.347928 19207.135431
2364.876931 19207.542253
2365.455137 19208.018636
2366.277462 19208.648396
2366.958461 19209.293740
2367.549519 19210.188258
2368.436081 19211.292241
2369.155638 19212.448599
2369.900874 19213.687037
2370.568995 19215.139197
2371.391346 19216.805079
2372.136582 19218.422882
2372.791876 19220.257338
2373.601349 19222.120534
2374.192407 19224.145098
2375.014732 19226.521541
2375.759968 19228.796023
2376.428115 19231.387033
2377.276145 19235.750285
2378.792321 19239.882105
2379.409059 19242.519031
2380.064353 19245.657219
2380.860974 19249.185216
2381.631914 19252.712423
2382.364298 19256.515204
2383.186648 19260.460439
2383.919032 19264.284799
2384.638563 19268.677986
2385.525150 19272.840828
2386.116183 19276.780453
2386.874271 19281.216446
2387.593802 19285.547083
2388.274802 19290.763411
2389.225625 19298.541333
2390.613304 19305.953447
2391.384244 19311.456048
2392.155185 19316.865889
2392.861864 19322.368773
2393.619952 19328.558886
2394.467982 19334.330190
2395.084720 19340.416532
2395.971307 19347.216478
2396.729370 19352.919236
2397.320428 19359.317283
2398.207015 19365.766703
2398.785195 19372.437793
2399.684634 19379.878470
2400.404165 19386.330780
2401.059460 19393.157338
2401.830401 19400.164548
2402.498548 19407.570503
2403.320873 19415.498093
2404.066109 19422.710415
2404.721403 19430.121833
2405.479492 19437.718580
2406.147613 19445.804829
2406.969938 19454.231900
2407.676643 19462.303222
2408.409026 19470.055884
2409.038616 19478.235228
2409.822409 19487.675813
2410.644734 19497.429970
2411.454207 19506.162897
2412.083822 19515.202504
2412.918999 19525.091553
2413.664235 19534.482285
2414.396619 19544.431207
2415.206092 19553.839448
2415.835681 19562.616241
2416.529533 19572.808916
2417.351858 19583.310541
2418.071389 19593.880699
2418.880862 19604.132752
2419.536157 19613.610196
2420.217156 19624.691969
2421.078038 19636.757931
2421.874658 19647.464999
2422.529953 19658.997673
2423.416515 19670.460135
2424.046130 19681.691884
2424.881307 19694.551835
2425.703632 19706.153905
2426.358927 19717.907988
2427.181252 19731.457106
2428.042134 19744.331204
2428.761665 19755.875051
2429.442665 19768.194439
2430.239285 19781.515444
2431.023053 19795.215982
2431.845403 19808.177406
2432.526377 19820.387418
2433.245908 19834.547512
2434.132495 19848.967954
2434.864879 19861.695786
2435.545878 19875.497968
2436.381056 19889.190739
2437.036350 19903.039244
2437.871528 19917.253076
2438.552502 19930.396319
2439.259206 19944.277501
2440.004416 19957.911603
2440.672563 19972.688666
2441.520593 19988.230252
2442.252977 20003.552534
2443.062449 20018.495956
2443.743449 20032.147154
2444.411596 20047.898213
2445.285305 20063.110630
2445.889215 20077.675731
2446.685836 20093.840699
2447.431072 20110.433905
2448.253397 20126.342870
2448.921544 20141.148947
2449.628222 20156.210547
2450.309222 20174.091239
2451.260045 20192.253922
2451.953872 20208.154429
2452.686255 20224.179021
2453.380107 20239.747544
2454.061081 20256.617870
2454.857727 20275.701818
2455.718584 20301.595212
2457.080582 20325.590241
2457.761556 20342.683095
2458.519645 20360.124328
2459.213497 20377.563442
2459.933028 20396.234712
2460.665411 20415.952749
2461.397795 20437.126550
2462.168736 20457.838963
2462.811178 20478.435915
2463.517857 20500.382721
2464.198856 20526.209632
2465.085418 20556.805022
2465.984832 20593.522069
2467.128391 20628.006908
2467.835069 20655.176691
2468.528921 20684.224782
2469.286984 20713.563735
2469.955131 20742.401424
2470.648983 20772.566190
2471.342809 20805.295990
2472.113750 20839.170711
2472.820429 20871.818618
2473.501428 20904.328162
2474.169550 20935.334300
2474.760608 20970.347072
2475.557228 21010.783428
2476.328169 21047.392499
2476.944906 21084.179342
2477.690142 21122.746023
2478.345437 21163.655560
2479.142057 21205.730719
2479.810204 21244.926802
2480.478351 21289.173203
2481.287824 21331.443229
2481.866029 21374.644421
2482.675502 21427.225612
2483.523532 21493.595194
2484.731327 21561.099871
2485.605036 21632.130175
2486.928478 21698.786449
2487.673714 21771.228990
2489.189865 21862.621265
2490.538986 21927.487494
2491.232838 21975.005553
2492.042311 22021.174641
2492.697605 22065.175518
2493.442841 22112.265878
2494.200930 22156.807858
2494.869051 22209.178649
2495.884112 22259.415851
2496.488022 22297.558088
2497.117612 22343.107594
2497.965642 22417.220726
2499.533177 22486.373672
2500.227029 22529.771609
2500.959413 22575.370121
2501.730353 22617.337504
2502.347091 22601.683837
2503.516329 22550.829511
2504.107387 22517.826790
2504.711272 22470.769886
2505.893388 22423.397763
2506.574362 22373.192645
2508.026277 22325.610361
2508.681571 22298.254767
2509.324014 22259.368878
2510.660308 22222.528055
2511.289897 22199.233518
2512.009429 22177.552926
2512.613314 22155.581509
2513.448491 22134.512725
2514.078081 22115.666439
2514.874726 22098.543795
2515.465759 22082.353589
2516.326641 22066.098610
2517.059025 22048.435517
2518.369614 22033.314427
2519.037736 22025.133824
2519.680203 22017.241996
2520.579617 22010.890682
2521.183502 22006.917732
2521.864502 22003.901257
2522.596885 22002.283481
2523.187918 22001.782692
2523.971711 22001.754898
2524.742626 22001.911337
2525.436478 22002.124594
2526.053216 22002.483555
2527.004039 22002.955999
2527.723570 22003.449431
2528.417422 22004.054801
2529.201190 22004.742784
2529.895016 22005.554453
2530.730194 22006.418410
2531.372636 22007.264099
2532.040783 22008.255152
2532.786019 22009.353660
2533.492698 22010.675282
2534.392137 22012.003751
2535.008875 22013.223471
2535.689874 22014.778089
2536.563583 22016.332130
2537.167494 22017.808986
2537.887025 22019.538990
2538.645113 22021.371244
2539.377497 22024.305201
2540.867943 22027.295009
2541.548943 22029.289486
2542.229942 22031.602371
2543.065120 22035.287838
2544.517034 22039.172795
2545.377917 22041.871786
2546.046038 22044.433868
2546.778422 22047.221179
2547.523658 22050.173069
2548.294599 22053.349035
2549.104071 22056.595758
2549.862160 22059.690909
2550.555986 22063.310182
2551.506810 22068.438895
2552.804546 22073.207068
2553.536930 22076.767216
2554.269314 22080.446583
2555.014550 22084.347382
2555.798343 22088.271337
2556.517874 22092.114733
2557.237405 22096.256645
2558.034025 22100.780036
2558.856376 22105.032375
2559.524497 22109.115780
2560.256881 22113.235789
2560.912176 22117.834653
2561.773058 22122.756436
2562.505441 22127.251596
2563.199293 22132.125218
2564.021618 22137.126363
2564.728297 22142.141589
2565.524943 22147.242434
2566.231621 22152.213902
2566.964005 22157.359113
2567.696389 22163.245184
2568.608655 22168.705635
2569.199713 22173.986509
2570.034890 22179.727066
2570.728717 22184.724278
2571.345480 22191.058708
2572.360540 22197.525532
2572.990130 22202.976764
2573.722513 22208.972726
2574.467749 22214.948577
2575.174428 22221.174958
2575.958221 22227.817522
2576.741989 22234.895750
2577.602871 22241.452140
2578.245313 22248.517105
2579.196137 22255.664564
2579.838579 22261.806887
2580.545258 22268.558395
2581.303346 22276.244742
2582.189933 22284.710859
2583.089347 22294.940536
2584.309995 22305.259851
2585.196557 22312.733159
2585.813320 22320.970302
2586.828380 22329.089405
2587.406560 22335.927367
2588.151796 22343.843731
2588.922737 22351.439555
2589.590884 22359.402288
2590.413209 22368.006584
2591.184150 22375.935619
2591.865149 22383.453030
2592.546123 22391.551822
2593.317064 22400.755531
2594.177946 22409.690130
2594.884625 22418.808452
2595.758359 22428.243955
2596.503595 22437.563575
2597.338773 22445.973447
2597.916953 22454.634624
2598.777835 22463.756513
2599.420277 22472.028101
2600.126982 22481.091382
2600.885070 22490.318951
2601.604601 22500.373324
2602.478310 22509.611767
2603.056516 22518.369051
2603.840309 22528.955015
2604.688339 22538.794561
2605.343634 22548.136898
2606.101722 22557.726463
2606.782696 22568.887517
2607.759224 22580.315780
2608.465903 22589.919058
2609.159755 22599.960546
2609.917843 22610.173411
2610.624522 22621.478921
2611.523936 22632.324303
2612.153551 22642.167220
2612.898787 22653.387940
2613.708260 22664.230710
2614.389259 22675.551064
2615.250116 22686.860182
2615.918263 22697.308977
2616.650647 22707.735891
2617.305941 22719.422068
2618.192528 22732.773193
2619.053411 22744.650774
2619.734385 22755.026267
2620.389679 22773.406411
2622.072886 22792.424758
2622.792443 22804.058480
2623.524827 22815.254181
2624.180121 22828.110416
2625.105240 22840.838045
2625.734830 22851.865493
2626.441534 22864.572901
2627.263859 22878.125653
2628.060479 22890.475703
2628.728626 22902.041073
2629.422478 22915.006703
2630.244803 22928.502650
2630.990039 22940.195690
2631.593949 22953.889673
2632.557600 22967.887406
2633.187215 22980.748007
2634.009540 22994.604211
2634.741924 23014.155139
2636.181012 23033.481496
2636.874838 23047.120958
2637.671484 23060.486745
2638.326778 23074.305245
2639.161956 23088.684759
2639.868634 23102.075336
2640.588191 23115.791446
2641.320575 23128.608896
2641.937312 23141.629547
2642.682548 23155.960463
2643.427784 23169.755712
2644.108783 23184.029824
2644.892577 23198.673656
2645.586403 23213.213408
2646.305960 23228.959257
2647.051196 23244.483387
2647.693638 23261.920435
2648.541668 23279.326649
2649.132726 23296.173569
2649.877962 23315.777897
2650.636050 23335.562687
2651.342729 23355.875137
2652.087965 23377.230367
2652.820348 23397.319208
2653.437111 23418.652011
2654.208027 23442.623692
2654.953288 23467.562312
2655.737056 23494.121925
2656.533701 23531.419829
2657.869995 23570.770470
2658.718025 23600.045485
2659.437556 23638.595483
2660.709588 23677.803894
2661.416293 23708.860687
2662.225765 23743.640272
2663.073795 23788.970299
2664.320148 23834.854141
2665.142473 23869.129183
2665.823472 23902.364925
2666.568708 23937.158285
2667.288265 23968.851495
2667.879297 24003.084877
2668.675943 24040.797979
2669.382622 24079.615883
2670.192120 24119.799771
2670.924503 24158.106093
2671.644034 24198.984305
2672.479237 24238.072586
2673.147359 24274.949338
2673.918300 24310.092929
2674.535062 24346.634100
2675.383092 24384.313594
2676.064092 24423.533155
2677.002063 24460.724040
2677.618800 24493.662725
2678.402593 24529.429966
2679.160682 24562.889373
2679.867361 24596.333318
2680.651154 24630.538016
2681.422095 24664.527130
2682.231567 24695.911100
2682.912567 24732.202512
2684.004741 24765.988882
2684.595774 24794.497968
2685.469508 24829.374390
2686.433184 24859.105730
2687.075627 24886.981336
2687.987893 24915.987464
2688.733154 24940.454510
2689.426981 24941.926760
2690.056571 24922.118366
2690.686160 24902.266109
2691.392865 24883.177858
2692.048159 24857.202314
2693.448690 24832.589778
2694.142542 24818.063585
2694.849220 24805.140256
2695.504540 24792.502451
2696.339718 24781.401122
2696.956455 24772.841688
2697.624602 24764.874334
2698.331306 24758.370983
2698.935191 24752.721729
2699.757542 24747.897372
2700.502778 24744.942212
2701.158072 24743.359896
2701.877604 24742.759685
2702.571455 24742.705382
2703.393780 24742.767459
2704.010543 24742.859064
2704.704370 24742.998872
2705.488163 24743.178615
2706.207694 24743.391066
2706.940078 24743.658293
2707.749576 24743.939440
2708.366313 24744.238921
2709.085870 24744.655880
2710.023841 24745.103161
2710.704840 24745.522589
2711.398667 24745.965995
2712.053961 24746.535531
2712.991932 24747.141924
2713.647227 24747.744600
2714.456725 24748.387080
2715.124872 24749.009170
2715.805846 24749.848321
2716.833784 24751.086126
2718.157200 24752.247495
2718.915289 24753.680473
2720.508554 24755.098258
2721.151022 24756.053530
2721.921937 24757.134099
2722.692878 24758.276072
2723.489524 24759.340328
2724.106261 24760.465041
2724.928586 24761.727889
2725.673848 24762.947789
2726.393379 24764.343066
2727.292793 24766.338974
2728.616234 24768.244117
2729.348618 24770.414475
2730.839115 24772.642303
2731.571499 24774.126673
2732.265325 24775.718151
2733.061971 24777.260010
2733.678708 24778.885721
2734.513886 24780.844150
2735.387620 24782.636657
2736.042915 24784.177042
2736.672505 24786.084306
2737.597649 24788.009722
2738.214386 24789.817597
2739.011007 24791.707423
2739.666327 24793.533703
2740.385858 24795.675335
2741.246740 24797.766712
2741.902035 24799.775068
2742.672950 24802.003863
2743.456743 24804.332377
2744.266216 24806.607582
2744.985772 24808.688915
2745.641067 24810.945899
2746.450540 24813.482304
2747.260012 24816.044144
2748.056658 24818.418766
2748.724805 24820.641096
2749.405804 24823.222472
2750.266661 24827.204156
2751.731454 24831.210725
2752.566631 24833.793318
2753.183368 24836.371590
2753.992841 24839.171799
2754.712398 24841.991452
2755.509018 24844.849617
2756.228574 24847.700564
2756.999490 24850.690360
2757.770431 24853.722167
2758.541371 24856.769968
2759.299460 24859.938300
2760.108932 24863.015325
2760.802784 24866.324500
2761.702198 24869.754783
2762.434582 24872.709970
2763.089876 24875.701033
2763.822260 24878.950845
2764.580348 24882.296591
2765.338437 24885.857254
2766.173614 24889.342889
2766.880293 24892.695442
2767.638381 24895.814266
2768.229439 24899.181804
2769.077469 24903.070651
2769.874089 24906.977586
2770.709267 24910.898972
2771.493060 24914.708842
2772.264001 24918.529465
2773.034916 24922.229452
2773.741620 24925.871139
2774.474004 24929.648200
2775.219240 24933.496986
2775.964476 24937.520421
2776.761096 24941.481834
2777.467800 24945.243744
2778.174479 24949.145421
2778.919715 24953.118578
2779.639272 24957.165735
2780.397335 24961.322093
2781.142571 24965.518751
2781.900659 24969.535789
2782.568806 24973.517273
2783.301190 24978.164173
2784.187777 24982.740188
2784.881603 24986.721095
2785.549750 24990.659067
2786.217897 24995.630741
2787.220105 25000.875457
2787.965341 25005.512831
2788.749134 25010.190431
2789.494370 25016.716604
2790.856344 25023.379467
2791.627284 25028.049251
2792.333963 25033.089778
2793.207698 25040.469748
2794.621055 25047.708480
2795.430553 25053.044178
2796.240026 25057.823500
2796.869616 25062.991069
2797.781882 25068.586451
2798.527118 25073.749792
2799.298059 25078.908572
2800.030443 25084.780666
2800.994119 25090.199691
2801.585151 25095.079637
2802.381797 25100.859228
2803.216974 25106.453521
2803.949358 25111.442357
2804.604652 25116.888887
2805.452682 25122.417304
2806.120804 25128.038706
2806.981686 25134.079571
2807.752627 25139.687022
2808.485010 25144.995114
2809.165984 25150.584431
2809.962630 25156.357074
2810.682161 25162.172258
2811.478781 25168.076019
2812.211190 25173.972449
2812.994958 25179.705488
2813.675958 25185.173310
2814.382636 25191.289895
2815.217814 25197.599939
2815.963050 25203.852484
2816.772522 25210.093554
2817.504906 25216.220590
2818.275847 25223.129629
2819.188113 25232.174255
2820.460145 25240.370211
2821.153997 25246.366781
2821.886381 25253.109347
2822.747263 25259.672815
2823.428237 25266.227693
2824.276267 25272.819435
2824.957266 25278.727746
2825.638240 25285.401909
2826.486270 25292.283124
2827.205801 25299.039927
2828.015299 25305.605741
2828.683421 25313.081390
2829.685654 25323.805597
2831.060480 25333.200340
2831.754306 25339.789664
2832.499542 25347.307020
2833.386104 25358.291075
2834.863723 25368.803735
2835.634664 25375.525485
2836.289959 25382.469692
2837.099431 25390.371604
2837.947461 25397.577360
2838.602756 25404.641156
2839.412228 25412.615698
2840.247406 25419.629415
2840.851316 25427.128863
2841.776409 25434.660908
2842.380320 25445.517730
2843.960733 25456.744314
2844.628880 25464.184085
2845.438353 25472.181433
2846.209268 25479.369766
2846.851710 25486.728779
2847.648356 25494.916676
2848.444976 25502.815591
2849.177360 25510.422186
2849.909743 25518.134062
2850.654979 25526.019643
2851.413068 25533.740513
2852.119747 25542.458788
2853.057718 25555.350798
2854.483928 25567.273249
2855.164927 25566.142592
2856.128578 25557.885743
2856.886666 25552.647813
2857.580518 25548.987894
2858.338581 25546.799059
2858.981023 25545.923926
2859.790521 25545.722344
2860.471495 25545.776970
2861.165347 25545.869814
2861.897731 25545.985046
2862.475911 25546.149077
2863.311088 25546.385303
2864.146266 25546.643499
2864.840117 25546.930193
2865.598206 25547.246667
2866.266327 25547.641137
2867.165767 25548.271553
2868.463478 25548.918025
2869.208714 25549.468801
2870.018212 25550.076947
2870.801980 25550.669641
2871.470127 25551.291318
2872.228215 25551.990994
2872.986278 25552.778471
2873.834308 25553.546719
2874.476750 25554.345627
2875.299075 25555.155421
2875.902986 25555.959399
2876.648222 25556.975461
2877.534783 25558.000345
2878.228635 25559.011925
2879.025255 25560.107613
2879.783344 25561.257542
2880.592816 25562.349046
2881.222406 25563.451046
2881.993347 25564.692233
2882.751435 25565.886790
2883.419557 25567.246369
2884.318996 25568.631748
2884.974291 25569.860360
2885.655265 25571.269907
2886.464738 25572.895817
2887.325620 25574.530504
2888.096561 25575.998050
2888.751855 25577.491128
2889.509918 25579.159773
2890.293711 25581.578524
2891.668537 25584.012247
2892.413773 25585.779942
2893.159009 25587.619378
2893.929950 25590.437046
2895.407570 25593.350871
2896.204190 25595.266685
2896.859484 25597.224014
2897.656105 25600.413671
2899.159429 25603.519576
2899.853281 25605.630949
2900.611369 25607.894579
2901.382285 25610.042203
2902.037579 25612.309490
2902.859904 25614.631899
2903.528051 25616.956812
2904.324671 25619.611990
2905.172701 25622.013956
2905.789464 25624.242801
2906.508995 25626.832210
2907.318468 25629.640855
2908.140793 25632.725875
2909.078764 25636.729145
2910.376501 25640.496773
2911.147442 25643.337966
2911.905530 25646.270613
2912.702150 25649.270518
2913.473091 25652.264606
2914.244006 25655.070629
2914.899301 25658.072049
2915.747331 25661.345798
2916.518272 25664.455039
2917.263508 25667.552122
2918.008744 25670.826062
2918.818216 25674.558654
2919.756187 25679.134601
2920.925451 25683.608627
2921.786308 25687.116029
2922.493012 25690.878564
2923.443810 25694.683143
2924.150514 25697.697835
2924.741547 25701.080985
2925.589577 25706.666019
2927.080049 25712.195838
2927.876694 25715.953739
2928.609078 25719.368160
2929.251520 25723.405890
2930.215196 25727.579550
2930.896170 25731.242610
2931.641406 25735.075188
2932.373790 25741.204948
2933.967056 25747.187521
2934.622350 25750.972582
2935.367586 25754.825948
2936.035733 25758.467366
2936.691028 25762.824934
2937.603294 25767.437754
2938.335678 25771.920334
2939.183708 25776.295955
2939.864707 25780.305790
2940.571386 25784.803092
2941.406563 25789.797889
2942.267445 25794.342043
2942.935592 25800.926864
2944.451769 25807.841031
2945.209858 25812.272779
2945.890832 25816.904778
2946.700330 25821.776280
2947.445566 25826.528992
2948.203654 25831.404491
2948.974569 25836.404975
2949.758363 25841.280401
2950.477894 25846.452481
2951.338776 25851.622622
2952.045455 25856.453188
2952.790691 25861.668141
2953.600189 25866.924681
2954.345425 25871.608459
2954.975015 25876.951671
2955.900133 25882.554190
2956.593985 25887.532165
2957.326369 25893.228671
2958.212930 25898.554746
2958.829693 25903.836182
2959.690575 25909.522836
2960.410107 25914.366442
2961.026844 25919.906217
2961.926283 25925.860403
2962.645815 25931.242718
2963.378198 25937.000853
2964.187696 25942.799521
2964.920080 25948.495822
2965.691021 25954.231642
2966.423404 25959.859868
2967.155788 25965.776873
2967.952408 25972.087207
2968.774758 25978.342172
2969.545674 25983.723658
2970.136732 25989.040039
2970.881968 25995.575440
2971.768555 26001.632954
2972.385292 26007.160792
2973.130528 26013.141070
2973.850085 26019.266743
2974.621000 26024.949778
2975.224911 26030.402035
2975.931589 26037.289547
2976.869561 26044.218883
2977.576265 26050.380047
2978.321501 26056.412471
2978.989648 26062.926979
2979.837678 26069.869045
2980.595766 26076.128540
2981.276740 26082.766813
2982.111943 26089.612978
2982.831474 26096.219131
2983.602415 26103.036726
2984.360503 26109.838620
2985.118592 26116.448383
2985.825270 26122.511576
2986.454860 26129.257362
2987.302890 26136.629782
2988.060978 26143.454053
2988.780535 26150.318531
2989.538623 26157.402097
2990.296686 26164.162664
2990.977686 26171.084640
2991.761479 26178.103810
2992.455331 26185.967491
2993.406129 26193.561571
2994.035744 26200.209746
2994.780980 26207.265386
2995.487659 26215.117790
2996.387098 26223.646429
2997.222276 26231.080158
2997.890423 26231.259351
2998.584275 26224.534916
2999.650719 26218.705313
3000.832835 26215.991390
3001.590923 26215.479734
3002.271923 26215.474614
3003.222746 26215.603354
3004.571867 26215.770518
3005.252867 26216.051050
3006.756191 26216.398914
3007.539984 26216.689768
3008.298073 26216.989247
3008.953367 26217.370503
3009.891339 26217.796550
3010.585165 26218.179559
3011.227607 26218.652536
3012.101342 26219.161584
3012.756636 26219.669396
3013.514725 26220.274951
3014.337050 26220.874864
3014.992344 26221.438253
3015.647639 26222.102597
3016.457137 26222.875184
3017.266610 26223.669728
3018.037550 26224.455876
3018.757082 26225.286568
3019.540875 26226.121421
3020.209022 26227.001053
3021.005642 26227.953878
3021.738051 26228.876992
3022.431877 26229.851692
3023.189966 26230.831336
3023.845260 26231.893234
3024.667585 26233.055242
3025.412821 26234.076332
3026.003879 26235.223468
3026.864762 26236.462620
3027.532909 26237.666824
3028.303849 26238.981503
3029.061912 26240.299256
3029.794321 26241.858030
3030.770824 26244.007063
3032.068561 26246.033199
3032.852354 26247.505842
3033.533354 26249.042672
3034.342826 26250.681563
3035.088062 26252.318552
3035.859003 26254.021067
3036.629944 26255.599198
3037.259534 26257.242387
3038.056154 26259.083905
3038.827095 26261.013064
3039.662272 26262.773566
3040.266183 26264.622005
3041.139892 26266.699225
3041.897980 26268.567281
3042.578980 26270.470592
3043.337068 26272.563939
3044.133688 26274.875033
3045.020275 26276.973473
3045.637013 26279.021947
3046.459338 26281.231183
3047.166042 26283.423387
3047.949810 26285.649629
3048.656514 26287.735427
3049.324661 26290.033457
3050.146986 26292.670234
3051.007868 26295.143800
3051.701694 26297.555082
3052.498340 26300.063977
3053.230724 26302.547047
3053.988812 26304.955376
3054.656959 26307.801019
3055.646314 26311.823155
3056.956904 26315.662226
3057.804933 26318.525135
3058.537317 26321.311609
3059.321085 26324.109776
3060.040641 26326.872410
3060.785877 26329.495335
3061.415467 26332.251822
3062.212087 26335.469761
3063.060117 26338.497980
3063.741117 26341.229047
3064.422116 26344.623507
3065.411471 26348.001240
3066.066766 26350.808768
3066.760618 26353.863311
3067.518681 26357.116221
3068.289622 26360.490592
3069.086267 26363.734243
3069.780094 26366.844697
3070.499625 26370.073463
3071.232008 26373.452758
3072.002949 26378.647190
3073.506274 26383.868137
3074.264362 26387.180524
3074.919657 26390.711946
3075.754834 26394.150839
3076.358719 26397.565926
3077.168217 26401.768317
3078.080483 26405.599441
3078.722926 26409.444028
3079.622340 26413.353260
3080.277634 26416.944990
3081.035723 26420.865838
3081.806663 26424.756975
3082.539047 26428.787219
3083.348520 26432.785526
3084.055198 26437.065436
3084.954638 26441.451785
3085.687021 26445.181576
3086.329464 26449.725043
3087.344524 26454.374615
3088.012671 26458.282884
3088.745054 26462.658837
3089.567379 26466.667232
3090.158437 26471.269912
3091.173498 26476.127678
3091.841619 26479.907512
3092.471234 26484.171450
3093.293559 26489.078295
3094.128737 26493.719562
3094.848268 26498.090733
3095.580652 26502.574263
3096.325888 26507.211614
3097.096828 26512.125102
3097.919153 26516.876916
3098.625832 26521.507078
3099.396773 26526.170984
3100.103452 26530.665880
3100.810156 26535.690801
3101.671013 26540.918753
3102.429101 26545.685928
3103.135780 26550.488986
3103.893868 26555.368238
3104.613400 26560.068532
3105.307251 26565.408714
3106.206665 26570.653554
3106.861960 26575.239657
3107.555812 26580.784304
3108.480931 26586.142113
3109.110520 26591.096767
3109.907141 26596.577948
3110.678081 26601.643964
3111.346228 26607.663802
3112.374116 26615.806251
3113.620468 26623.180922
3114.417088 26629.314928
3115.303675 26635.064917
3115.984649 26639.999790
3116.639944 26645.492566
3117.462269 26651.597185
3118.271767 26660.238242
3119.749387 26668.396387
3120.417508 26674.416487
3121.316948 26680.320669
3121.946537 26686.470413
3122.897336 26692.753525
3123.552630 26698.169115
3124.272187 26704.023256
3125.030250 26709.757204
3125.711249 26716.252363
3126.649220 26722.783046
3127.330194 26728.522551
3128.062578 26734.451593
3128.782135 26740.733522
3129.591607 26746.677197
3130.221197 26752.712237
3131.043522 26759.478864
3131.840142 26765.473489
3132.469757 26772.270197
3133.446260 26778.879691
3134.024466 26784.432291
3134.743997 26791.064290
3135.566322 26797.229356
3136.170207 26803.938178
3137.108178 26810.846593
3137.750621 26817.632238
3138.650035 26824.449893
3139.292477 26831.370001
3140.204769 26838.033475
3140.782949 26836.921209
3141.759452 26830.855242
3142.748807 26827.378642
3144.085101 26826.274688
3144.778928 26826.316055
3145.472779 26826.406423
3146.359341 26826.526500
3146.976078 26826.667055
3147.669930 26826.857338
3148.428019 26827.084829
3149.134697 26827.340188
3149.841376 26827.644968
3150.612317 26828.015789
3151.434642 26828.399832
3152.102789 26828.878916
3153.092144 26829.594612
3154.325645 26830.306059
3155.109412 26831.260751
3156.702678 26832.201960
3157.319416 26832.856079
3158.103209 26833.632895
3158.899829 26834.825169
3160.351744 26836.102519
3161.186921 26837.045321
3161.932157 26837.950251
3162.638861 26838.936039
3163.448334 26839.913968
3164.090776 26840.951295
3164.925954 26842.118125
3165.696869 26843.161169
3166.313632 26844.427776
3167.315840 26845.696923
3167.894045 26846.810745
3168.652108 26848.052947
3169.345960 26849.309991
3170.078344 26850.745123
3170.926373 26852.170996
3171.607347 26853.578359
3172.391141 26854.929616
3172.982199 26856.451298
3173.894465 26858.153724
3174.626849 26859.599911
3175.256438 26861.281017
3176.168705 26863.010385
3176.811147 26864.879240
3177.800502 26867.450364
3178.995445 26869.936135
3179.856328 26871.850570
3180.537327 26873.927877
3181.488151 26876.815461
3182.747330 26879.581418
3183.556803 26881.642332
3184.250655 26883.763711
3185.072980 26886.014705
3185.831068 26888.177726
3186.563452 26890.264058
3187.244426 26892.641652
3188.143865 26895.016592
3188.799160 26896.993089
3189.415897 26899.286567
3190.251074 26901.736518
3190.944901 26904.103009
3191.702989 26906.915364
3192.640960 26909.574289
3193.283403 26911.815709
3193.951550 26914.470521
3194.812432 26917.229556
3195.519111 26919.918636
3196.315731 26922.691848
3197.048140 26925.435258
3197.806203 26928.289397
3198.577144 26931.208403
3199.348084 26934.043563
3200.054763 26936.943513
3200.838556 26939.905600
3201.558088 26943.090638
3202.431822 26946.183667
3203.087117 26949.162704
3203.883737 26952.228676
3204.564736 26955.718790
3205.541239 26959.109398
3206.157977 26961.824443
3206.800444 26964.962566
3207.597065 26968.361844
3208.342301 26972.123316
3209.280272 26975.810570
3209.974098 26978.866611
3210.616540 26982.255046
3211.438891 26985.645736
3212.068481 26989.384977
3213.019304 26993.438217
3213.764540 26996.886874
3214.445514 27000.308965
3215.165071 27004.148662
3216.000248 27007.897457
3216.668370 27011.624301
3217.477868 27015.484492
3218.184547 27019.019983
3218.852694 27023.533909
3219.919138 27029.801117
3221.229727 27035.147063
3221.923579 27039.422241
3222.810141 27043.877086
3223.555377 27047.880977
3224.262081 27052.247378
3225.122963 27058.481867
3226.472084 27064.559635
3227.255877 27068.897234
3227.975408 27073.464477
3228.823438 27077.956538
3229.504438 27082.647385
3230.403852 27087.569515
3231.149088 27091.759630
3231.791530 27095.946118
3232.523913 27100.322158
3233.217765 27105.456545
3234.181441 27110.468854
3234.823883 27115.085344
3235.646208 27120.022318
3236.378592 27124.837601
3237.149533 27129.774686
3237.907621 27134.879089
3238.717094 27139.897065
3239.436625 27144.957994
3240.246123 27150.316251
3241.042743 27155.196892
3241.698038 27160.161478
3242.507510 27165.512835
3243.265599 27170.596364
3243.985155 27175.449499
3244.666129 27180.744107
3245.501307 27186.211159
3246.220863 27191.264443
3246.927542 27197.092529
3247.852661 27203.007232
3248.572218 27208.270484
3249.304601 27213.900506
3250.114074 27219.569640
3250.846457 27224.611414
3251.476073 27230.169887
3252.336929 27236.197789
3253.082165 27241.980009
3253.865959 27247.457008
3254.521253 27252.774785
3255.253637 27258.572865
3256.024578 27264.459312
3256.769814 27270.436826
3257.553607 27276.097631
3258.208901 27282.412419
3259.146873 27291.349094
3260.444609 27300.044871
3261.305492 27306.256465
3261.973639 27312.037566
3262.718875 27318.276800
3263.489790 27324.448168
3264.209347 27330.443922
3264.928878 27337.342965
3265.853997 27343.955605
3266.496439 27349.959370
3267.267380 27356.380981
3267.999763 27362.287457
3268.642231 27368.899164
3269.528792 27375.769636
3270.222644 27381.953295
3270.942175 27388.625821
3271.738821 27395.050217
3272.394116 27401.169505
3273.113647 27407.956062
3273.910292 27414.954875
3274.668355 27421.469910
3275.349355 27429.377424
3276.402972 27440.177004
3277.700709 27449.204918
3278.356004 27456.390613
3279.242591 27464.519679
3280.090620 27474.656718
3281.388357 27484.795212
3282.223535 27495.837814
3283.688327 27499.066830
3284.587767 27491.614084
3285.872651 27486.821873
3286.669297 27485.323358
3287.311739 27484.959585
3288.031270 27484.953846
3288.866447 27485.013446
3289.586004 27485.100832
3290.331240 27485.210364
3290.986535 27485.442903
3292.477007 27485.735565
3293.273652 27485.995577
3294.108830 27486.277688
3294.841213 27486.577965
3295.599302 27486.917023
3296.370242 27487.263822
3297.038364 27487.644174
3297.822157 27488.062281
3298.528861 27488.532637
3299.376891 27489.037038
3300.096422 27489.507307
3300.751717 27490.023842
3301.522658 27490.550228
3302.139395 27491.159527
3303.038835 27491.862058
3303.809750 27492.521489
3304.529307 27493.150052
3305.171749 27493.901779
3306.084015 27494.714048
3306.790719 27495.447070
3307.484546 27496.228450
3308.229782 27497.134227
3309.090664 27498.411089
3310.388401 27499.713290
3311.210726 27500.668312
3311.878873 27501.595099
3312.611282 27502.601075
3313.356518 27503.654766
3314.114606 27504.776814
3314.911226 27505.901261
3315.630758 27506.997993
3316.350314 27508.163856
3317.121230 27509.422086
3317.917875 27510.734645
3318.714495 27511.903819
3319.305553 27513.193707
3320.204967 27514.542145
3320.834583 27515.915783
3321.721144 27517.412278
3322.453528 27518.649640
3323.031733 27520.102587
3323.956852 27521.682170
3324.637852 27523.143348
3325.408792 27524.752132
3326.205413 27526.188139
3326.783618 27527.793284
3327.708737 27529.706373
3328.543914 27531.372501
3329.212061 27532.998621
3329.983002 27534.575722
3330.586887 27536.318816
3331.473474 27538.350257
3332.295799 27540.169104
3332.976799 27541.924846
3333.722035 27543.968155
3334.608596 27545.845044
3335.199654 27547.656062
3336.009127 27549.762996
3336.805772 27551.783221
3337.525304 27553.836038
3338.321949 27555.900381
3339.028628 27557.978858
3339.812421 27560.362579
3340.711835 27563.611612
3342.060956 27566.761251
3342.857602 27569.107054
3343.628543 27571.308706
3344.309517 27573.600608
3345.119015 27575.960421
3345.825693 27578.373863
3346.648018 27580.754131
3347.316165 27583.062225
3348.074254 27585.566360
3348.845195 27588.123309
3349.616110 27590.625018
3350.335667 27593.025267
3351.029493 27595.631581
3351.851818 27598.379323
3352.609906 27600.910541
3353.290906 27603.609944
3354.126083 27606.313829
3354.794230 27608.886083
3355.539466 27611.770451
3356.361791 27614.444822
3356.978529 27617.273279
3357.865116 27620.126755
3358.481853 27623.240948
3359.484061 27626.508227
3360.165060 27629.081070
3360.794650 27631.780758
3361.527034 27634.815018
3362.310827 27638.036698
3363.120299 27641.292075
3363.904093 27644.421484
3364.636476 27649.487697
3366.319683 27655.849045
3367.630247 27660.509475
3368.478277 27663.851754
3369.159276 27667.143082
3369.968749 27670.692892
3370.752542 27674.248313
3371.549162 27677.778249
3372.307251 27681.520048
3373.180985 27685.085220
3373.849107 27688.474893
3374.632900 27692.256871
3375.455225 27698.022412
3377.048491 27703.434110
3377.703786 27706.880594
3378.461874 27710.638436
3379.232789 27714.299192
3379.939494 27717.958388
3380.697582 27721.743225
3381.442793 27725.493124
3382.175202 27729.339008
3382.946117 27732.980951
3383.588559 27737.157189
3384.552235 27741.564803
3385.271766 27745.331591
3385.978445 27749.401745
3386.800796 27753.431621
3387.481770 27757.529787
3388.316947 27761.514962
3388.946537 27765.355718
3389.717478 27769.684694
3390.514098 27773.974225
3391.259334 27778.079325
3391.978890 27782.177351
3392.711274 27786.377059
3393.456510 27790.679982
3394.214573 27795.087759
3394.985514 27799.602053
3395.769307 27804.186472
3396.553075 27808.499213
3397.234074 27813.303587
3398.172045 27818.098979
3398.840167 27822.156587
3399.521166 27826.551623
3400.292107 27831.170280
3401.037343 27835.780720
3401.795406 27840.381456
3402.527790 27845.253927
3403.362967 27850.238336
3404.121056 27854.769849
3404.802055 27859.658646
3405.662912 27864.534524
3406.331059 27869.321374
3407.153384 27874.511101
3407.937177 27879.442010
3408.669561 27884.235689
3409.401944 27889.271134
3410.198564 27894.465354
3410.969505 27899.434622
3411.689036 27904.478276
3412.472830 27909.856551
3413.282302 27914.917201
3413.963276 27919.701444
3414.682833 27924.733393
3415.428069 27930.016937
3416.211837 27935.466056
3416.995630 27940.948327
3417.779398 27946.281817
3418.511781 27951.647462
3419.295574 27959.394171
3420.683227 27967.047327
3421.428463 27973.046151
3422.340730 27978.655122
3422.970345 27983.498142
3423.664171 27989.599260
3424.627847 27995.348954
3425.218880 28000.417741
3425.989821 28006.281001
3426.786441 28011.593944
3427.403178 28017.193887
3428.251208 28023.338104
3428.957912 28029.351828
3429.690296 28036.114035
3430.486916 28042.987651
3431.167915 28050.110757
3431.938831 28058.385139
3432.774008 28067.134027
3433.557801 28075.032213
3434.174539 28082.972177
3434.906922 28092.566793
3435.742100 28108.080984
3437.296808 28122.961593
3437.952103 28132.631609
3438.658782 28144.049051
3439.506812 28155.020159
3440.110697 28166.701864
3440.997284 28180.597919
3441.832436 28192.670191
3442.449198 28204.117997
3443.168730 28218.618650
3444.093848 28232.785827
3444.736291 28246.930636
3445.610000 28262.146519
3446.329531 28277.554815
3447.177561 28293.351322
3447.948502 28307.038851
3448.655180 28320.275447
3449.438974 28334.207850
3450.248446 28348.133006
3451.057919 28361.288422
3451.803155 28374.112543
3452.599775 28386.213000
3453.280774 28398.609839
3454.141631 28417.350362
3455.670660 28434.952077
3456.428723 28446.780971
3457.251048 28457.188505
3457.842106 28469.021730
3458.895698 28485.890448
3460.244845 28500.940343
3461.092849 28511.721235
3461.863790 28521.928270
3462.660410 28531.517407
3463.367114 28540.185712
3464.048088 28548.882184
3464.780472 28558.718612
3465.654207 28567.768070
3466.258092 28576.423964
3467.067564 28586.102967
3467.838505 28594.601592
3468.455242 28603.808320
3469.341804 28602.935231
3470.536747 28594.128757
3471.166337 28589.234340
3471.975809 28585.647850
3472.592547 28583.723348
3473.350635 28582.849504
3474.057314 28582.721352
3474.841107 28582.763495
3475.457845 28582.826578
3476.113139 28582.928672
3476.935464 28583.054269
3477.565054 28583.232355
3478.541557 28583.434011
3479.145467 28583.635462
3479.877851 28583.885229
3480.623062 28584.196863
3481.509649 28584.535471
3482.229180 28584.860488
3482.910179 28585.195487
3483.565448 28585.626083
3484.490567 28586.108858
3485.222951 28586.555562
3485.916803 28587.039634
3486.674866 28587.531928
3487.317308 28588.068102
3488.113953 28588.719419
3488.974810 28589.345023
3489.630105 28589.994287
3490.465282 28590.688301
3491.159134 28591.340570
3491.840108 28592.144459
3492.778079 28592.936915
3493.381964 28593.696810
3494.191462 28594.575951
3494.962378 28595.412938
3495.643377 28596.272332
3496.401440 28597.223719
3497.185233 28598.223719
3497.969001 28599.248276
3498.739942 28600.441528
3499.716445 28602.020184
3500.962797 28603.490840
3501.720886 28604.644420
3502.478949 28605.932425
3503.365536 28607.127193
3503.969421 28608.249311
3504.727509 28609.504288
3505.459893 28610.654088
3506.063778 28611.992460
3506.976044 28613.521539
3507.759837 28614.873721
3508.440811 28616.232242
3509.198900 28617.655206
3509.918431 28619.095632
3510.663667 28620.722655
3511.537402 28622.274883
3512.179844 28623.780737
3512.976464 28625.632985
3513.914435 28628.170715
3515.289261 28630.589607
3516.073029 28632.256800
3516.741176 28634.077249
3517.627763 28636.003639
3518.360146 28637.762853
3519.079678 28639.518734
3519.786356 28641.580489
3520.724328 28644.460781
3522.034917 28647.278073
3522.882921 28650.418902
3524.373393 28653.362514
3525.041540 28655.314542
3525.773924 28657.531307
3526.609101 28659.704446
3527.290101 28661.798127
3528.048164 28664.206597
3528.921898 28666.492670
3529.577193 28668.755611
3530.412370 28671.205137
3531.170459 28673.670401
3531.992784 28676.024133
3532.660905 28678.473631
3533.521787 28680.908688
3534.164230 28683.186627
3534.909466 28685.834227
3535.757495 28688.470228
3536.477027 28691.120078
3537.312204 28693.710618
3537.980351 28696.176440
3538.725587 28699.011747
3539.586444 28701.809874
3540.293148 28704.292497
3540.961295 28707.157222
3541.860709 28710.002354
3542.503151 28712.763686
3543.338329 28715.820411
3544.122096 28718.640917
3544.815948 28721.467749
3545.586864 28724.524623
3546.383509 28727.614300
3547.154450 28730.582610
3547.873981 28733.451498
3548.580660 28736.427275
3549.338748 28739.617446
3550.135369 28742.785755
3550.867752 28745.878462
3551.612988 28749.329722
3552.499575 28752.675367
3553.180549 28755.583218
3553.848696 28758.854322
3554.683874 28762.095737
3555.326316 28765.744511
3556.328524 28769.305919
3556.919582 28772.236786
3557.626260 28775.660232
3558.422906 28779.261348
3559.193821 28782.836166
3559.964762 28786.261386
3560.658614 28789.656066
3561.403850 28793.447668
3562.251854 28797.271450
3562.997090 28800.818072
3563.716647 28804.362649
3564.449031 28808.126773
3565.245651 28812.017752
3566.016592 28816.267260
3566.941710 28820.159403
3567.558448 28823.694245
3568.329389 28827.584396
3569.074625 28831.338738
3569.781303 28835.527613
3570.680743 28839.815350
3571.413126 28843.730838
3572.158362 28847.399311
3572.787952 28851.234693
3573.584572 28855.760661
3574.458307 28860.075120
3575.164986 28864.462672
3576.051573 28868.737179
3576.706867 28872.686883
3577.464930 28876.843699
3578.184487 28880.920934
3578.904018 28885.432421
3579.764900 28890.198023
3580.561521 28894.552272
3581.268225 28898.750282
3582.000608 28903.355819
3582.835786 28908.030762
3583.581022 28914.986279
3585.161435 28921.871479
3585.868114 28926.091554
3586.549113 28930.417362
3587.281497 28934.570215
3587.898234 28939.431224
3588.849058 28944.722010
3589.594294 28949.365086
3590.326678 28953.956209
3591.046209 28958.658459
3591.804297 28963.472350
3592.549533 28968.233774
3593.281917 28972.983196
3594.014326 28977.845983
3594.772389 28983.247872
3595.658976 28988.598115
3596.391359 28993.728954
3597.200832 28998.933693
3597.946068 29003.954787
3598.691304 29009.005985
3599.436540 29013.955167
3600.143244 29018.977998
3600.901333 29023.939661
3601.582307 29029.469058
3602.494598 29034.982744
3603.162720 29040.444651
3604.049307 29045.843498
3604.691749 29050.544549
3605.372749 29056.283825
3606.297867 29062.006304
3606.966014 29067.348152
3607.775487 29072.998468
3608.520723 29078.824700
3609.368753 29084.730650
3610.126841 29090.243272
3610.859225 29095.834578
3611.630166 29101.600700
3612.401106 29107.058944
3613.082080 29112.791674
3613.917258 29118.748812
3614.649641 29124.593330
3615.446287 29130.368912
3616.152966 29136.676243
3617.078110 29142.613410
3617.681995 29147.983410
3618.452936 29153.730475
3619.146762 29159.508146
3619.917703 29165.466957
3620.650087 29171.817506
3621.510969 29178.147922
3622.230500 29183.839068
3622.924352 29190.132676
3623.785234 29196.297924
3624.440529 29202.656940
3625.339943 29209.149712
3626.020942 29214.667728
3626.676237 29221.335457
3627.627060 29230.892050
3628.963354 29240.126663
3629.824211 29249.550591
3631.186210 29258.750670
3631.982830 29265.421536
3632.740918 29275.195175
3634.244243 29284.622063
3634.912390 29290.857406
3635.670478 29297.855446
3636.505656 29304.601426
3637.199507 29311.038642
3637.957596 29317.905377
3638.741364 29324.341877
3639.396658 29330.983106
3640.219009 29338.407981
3641.041334 29344.757246
3641.619539 29351.372946
3642.493274 29358.601547
3643.199953 29366.104949
3644.125071 29373.341635
3644.767514 29379.599837
3645.474218 29386.302057
3646.206601 29393.574967
3647.028926 29400.696930
3647.722778 29408.401045
3648.660749 29419.323550
3650.022723 29429.070510
3650.703722 29436.349284
3651.538900 29443.780457
3652.245604 29451.121534
3653.055076 29458.617139
3653.787485 29465.833019
3654.519869 29475.425720
3655.650575 29488.321321
3656.884076 29499.549631
3657.603607 29507.706243
3658.233197 29518.357998
3659.286814 29534.320442
3660.635960 29549.488741
3661.471138 29560.025627
3662.087875 29571.247960
3662.961610 29583.686113
3663.693993 29595.404475
3664.426402 29607.138317
3665.120229 29619.987522
3665.942579 29633.286673
3666.649258 29645.335735
3667.291700 29659.500730
3668.191140 29683.160557
3669.771553 29704.653945
3670.388316 29718.481832
3671.133552 29733.120617
3671.801699 29749.766832
3672.701113 29767.316759
3673.420669 29783.142197
3674.127348 29800.483391
3674.949673 29818.776307
3675.707762 29835.777941
3676.388761 29854.708259
3677.275348 29874.784942
3678.020584 29893.674426
3678.778672 29913.591642
3679.575318 29933.003648
3680.269144 29952.271580
3681.052938 29972.676893
3681.875263 29991.547564
3682.594819 30007.744266
3683.250114 30025.418297
3684.162380 30044.576943
3685.023262 30059.588365
3685.614320 30073.704578
3686.462350 30088.901767
3687.233291 30102.493428
3687.991379 30115.252219
3688.749468 30127.585999
3689.546088 30138.468359
3690.201408 30148.885773
3691.036585 30160.018056
3691.884615 30169.977793
3692.591294 30179.540131
3693.387940 30193.679420
3694.814175 30207.982050
3695.636500 30218.361741
3696.445998 30227.842489
3697.126997 30237.731832
3698.000732 30236.991316
3699.118611 30227.966822
3699.722496 30222.652116
3700.429201 30218.095565
3701.148732 30214.798549
3701.893993 30212.851329
3702.677761 30212.151615
3703.268819 30212.079347
3704.219643 30212.104112
3705.029141 30212.139106
3705.722967 30212.183597
3706.429671 30212.238969
3707.123498 30212.309000
3707.894438 30212.395364
3708.665379 30212.494098
3709.423468 30212.608139
3710.220113 30212.728431
3710.901113 30212.861904
3711.697733 30213.002560
3712.340200 30213.156053
3713.136821 30213.312090
3713.715026 30213.503981
3714.691555 30213.731052
3715.449643 30213.934695
3716.143469 30214.156721
3716.940115 30214.388212
3717.621114 30214.632880
3718.417735 30214.909879
3719.214380 30215.193713
3719.972469 30215.453043
3720.576379 30215.745217
3721.437236 30216.086052
3722.221029 30216.410906
3722.940586 30216.757954
3723.762911 30217.108111
3724.443910 30217.517363
3725.446118 30218.074653
3726.641061 30218.571668
3727.334913 30218.962357
3728.067296 30219.431429
3728.992440 30219.890966
3729.647735 30220.311290
3730.392971 30220.745945
3731.061118 30221.213218
3731.870591 30221.764333
3732.757178 30222.517822
3734.106299 30223.201504
3734.735914 30223.791535
3735.750974 30224.412446
3736.431973 30224.928912
3737.125800 30225.496111
3737.909593 30226.110815
3738.693386 30226.712974
3739.412917 30227.290800
3740.106769 30227.880015
3740.826300 30228.580550
3741.751419 30229.604557
3743.164802 30230.587703
3743.948595 30231.278333
3744.668127 30231.927115
3745.336274 30232.711671
3746.312802 30233.559343
3747.083743 30234.244865
3747.700480 30234.922696
3748.432864 30235.749733
3749.319451 30236.610419
3750.090392 30237.383974
3750.784218 30238.254340
3751.709362 30239.108810
3752.351804 30239.798837
3752.955689 30240.688156
3753.932218 30241.580745
3754.523276 30242.414869
3755.371306 30243.334961
3756.090837 30244.340008
3757.054513 30245.271872
3757.632718 30246.116324
3758.429339 30247.091000
3759.200279 30248.551023
3760.729309 30249.929829
3761.346046 30250.839381
3762.116987 30251.844719
3762.862223 30252.871890
3763.646016 30253.929510
3764.416931 30255.000776
3765.200725 30256.040111
3765.907403 30257.074168
3766.665492 30258.073474
3767.307959 30259.122188
3768.117432 30260.371243
3769.016846 30261.462742
3769.595052 30262.501080
3770.404524 30263.646476
3771.111228 30264.805616
3771.920701 30266.026942
3772.691642 30267.181393
3773.398346 30268.256370
3774.053641 30269.435252
3774.875966 30270.771482
3775.711143 30272.112377
3776.520616 30273.340223
3777.201615 30274.581580
3778.011088 30275.867040
3778.730644 30277.133275
3779.501560 30278.355894
3780.156854 30279.590848
3780.927795 30281.154021
3781.942855 30282.560542
3782.521061 30283.765047
3783.292002 30285.141591
3784.050090 30286.448839
3784.731064 30287.899158
3785.630503 30289.481659
3786.439976 30290.935681
3787.185212 30292.354842
3787.943300 30293.922442
3788.829862 30296.067227
3790.166156 30298.145357
3790.962802 30299.576177
3791.618096 30301.303758
3792.697393 30303.684066
3793.982277 30305.801659
3794.778923 30307.321144
3795.459897 30308.867249
3796.269395 30310.600835
3797.117425 30312.212761
3797.798399 30313.715302
3798.530808 30315.506167
3799.468754 30317.184786
3800.085516 30318.766862
3800.920694 30320.429949
3801.601693 30321.964066
3802.308372 30323.595210
3803.066460 30325.339598
3803.863081 30327.185038
3804.698258 30328.941768
3805.404962 30330.549441
3806.098789 30332.287874
3806.908287 30334.068132
3807.627818 30335.755961
3808.347349 30337.577666
3809.169674 30339.458001
3809.927762 30341.197807
3810.621614 30342.934327
3811.366850 30344.839181
3812.189175 30346.598861
3812.805913 30348.339953
3813.602558 30350.363398
3814.437736 30352.272109
3815.131562 30354.097540
3815.889650 30356.081562
3816.699123 30358.111873
3817.482916 30360.007253
3818.176743 30361.882195
3818.934831 30363.835639
3819.680067 30365.784929
3820.425303 30367.916948
3821.299038 30369.976757
3821.980012 30371.930998
3822.763805 30373.861746
3823.419099 30375.822551
3824.215720 30378.057488
3825.063749 30380.183324
3825.770454 30382.306118
3826.605631 30384.387366
3827.273753 30386.590838
3828.186044 30388.951192
3828.956960 30391.054892
3829.676516 30391.376050
3830.550251 30390.678497
