0.000000 0.000000
0.000000 -0.000000
0.427914 6.994709
0.156756 0.345901
-0.235141 -0.731481
0.033896 1.846550
0.593141 6.163656
0.188532 -0.346476
-0.281749 -1.037629
-0.614337 -1.526419
0.186411 5.413736
0.821931 10.072586
1.440497 14.607146
2.054835 19.110704
2.609863 23.179482
2.328113 12.894965
1.853603 1.259942
1.160882 -0.833920
0.425793 -1.587027
-0.290220 -2.320591
-0.631279 -2.670009
-1.633284 -3.696575
-2.366251 -4.447510
-3.003893 -6.867534
-2.048497 3.764116
-1.313409 7.861388
-0.565607 12.029518
0.173711 16.150362
0.720242 19.196647
1.082497 21.215799
1.573962 23.955148
2.105685 26.918893
2.618334 29.776316
2.353539 20.110679
1.849361 1.707029
1.158748 -0.684550
0.419443 -1.470592
-0.326238 -2.263411
-1.110043 -3.096767
-1.859953 -3.894083
-2.393785 -4.461662
-3.061081 -7.662837
-2.319642 2.384574
-1.631175 6.212043
-0.959637 9.945396
-0.216078 14.079148
0.463918 17.859523
0.840994 19.955841
1.262571 22.299557
1.713776 24.807993
2.184057 27.422477
2.633167 29.919264
2.362010 20.021376
1.855711 1.540313
1.158761 -0.696731
0.413080 -1.490219
-0.343179 -2.294965
-1.124877 -3.126779
-1.876908 -3.927025
-2.567508 -4.661902
-3.061081 -7.678251
-2.762390 -0.354322
-2.012480 4.089191
-1.258329 8.282311
-0.468160 12.675689
0.288100 16.880531
0.885495 20.202079
1.254087 22.251470
1.760385 25.066513
2.279383 27.952170
2.828061 31.002848
3.402140 34.194751
3.980472 37.410310
4.573613 40.708203
5.162537 43.982653
5.762028 47.315852
6.266218 59.847908
5.920918 47.243645
5.399786 28.221125
4.806645 6.570110
4.370248 -0.175297
3.724135 -0.617024
3.001759 -1.110891
2.277262 -1.606208
1.546428 -2.105857
0.834644 -2.592482
0.103797 -3.092140
-0.633413 -3.596148
-1.362138 -4.094356
-2.063318 -4.573731
-2.376843 -4.788079
-3.145828 -10.149505
-3.743211 -19.990248
-4.313060 -33.962989
-4.810887 -46.169753
-5.141341 -54.272510
-5.440045 -61.596755
-5.965406 -74.478645
-6.310706 -82.945435
-5.482412 -62.642293
-5.007889 -51.010791
-4.310939 -33.927138
-3.546208 -15.182065
-2.777211 0.815927
-2.008238 5.009251
-1.258329 9.098622
-0.512661 13.164862
0.249974 17.323628
0.999884 21.412999
1.756156 25.537067
2.486990 29.522418
3.075902 32.733843
3.586442 35.517896
4.158412 38.636935
4.736732 41.790601
5.215484 44.401309
5.675186 46.908133
6.069203 53.913591
6.444158 65.670087
6.905968 80.149882
6.537363 66.694958
6.005652 47.286287
5.397665 25.093359
4.948580 8.700735
4.251617 -1.675257
3.512299 -4.375959
2.764498 -7.107651
2.025180 -9.808352
1.256208 -12.617381
0.499935 -15.380017
-0.269037 -18.189045
-1.027430 -20.959428
-1.764627 -23.652382
-2.440394 -26.120935
-2.982709 -28.101994
-3.694481 -30.702070
-4.378731 -44.083766
-4.988827 -56.924441
-5.490883 -67.491222
-5.887034 -75.829015
-6.329769 -85.147252
-5.501475 -64.845064
-4.901971 -50.150726
-4.344835 -36.494843
-3.592805 -18.061939
-2.821711 0.187923
-2.056968 4.390371
-1.302817 8.534614
-0.552907 12.655547
0.222428 16.916199
0.976579 21.060442
1.734960 25.227925
2.478519 29.313964
2.855595 31.386085
3.186062 33.202079
3.649993 35.751491
4.202900 38.789849
4.812995 42.142470
5.391315 45.320476
5.836183 47.765134
6.270460 60.128364
6.643294 71.830992
6.971640 82.137214
6.649644 70.383636
6.156058 52.366645
5.560797 30.638241
5.272697 20.121955
4.503699 1.273351
3.796170 -3.457732
3.082265 -6.125579
2.362010 -8.817156
1.612087 -11.619599
0.874903 -14.374439
0.167348 -17.018556
-0.584683 -19.828877
-1.313409 -22.552110
-1.999767 -25.117017
-2.671305 -27.626538
-3.135224 -29.360190
-3.823703 -32.578359
-4.488879 -46.622806
-5.069319 -58.878179
-5.586209 -69.791746
-5.978119 -78.066482
-6.384849 -86.654145
-5.493004 -64.794483
-4.910442 -50.515539
-4.302468 -35.613715
-3.525012 -16.557795
-2.745448 0.572061
-1.976476 4.800710
-1.211732 9.006102
-0.459702 13.141586
0.332588 17.498457
1.099452 21.715513
1.866303 25.932498
2.588679 29.904909
2.936100 31.815410
3.332226 33.993741
3.819462 36.673093
4.402023 39.876653
5.014239 43.243285
5.598909 46.458438
6.054382 53.336765
6.450520 65.772094
6.821233 77.409284
7.198309 89.246208
7.575372 101.082734
7.943990 112.654143
8.443925 128.347805
8.890902 142.379011
9.424746 160.848810
9.954349 180.180498
9.384500 159.380817
8.884552 141.132540
8.291411 119.482701
7.891018 104.868226
7.213130 80.125089
6.497117 53.990363
5.770512 27.469032
5.037544 0.715461
4.287634 -2.662532
3.556787 -5.327028
2.834411 -7.960642
2.118385 -10.571104
1.374839 -13.281902
0.669404 -15.853749
-0.040259 -18.441015
-0.739318 -20.989619
-1.090981 -22.271700
-1.970113 -25.476810
-2.677655 -28.056343
-3.370364 -30.581797
-4.067327 -38.060822
-4.713440 -51.655609
-5.249393 -62.932535
-5.709082 -72.604808
-6.300114 -85.040664
-6.908089 -97.832992
-7.227976 -105.436779
-7.585977 -114.214955
-8.119808 -127.304524
-8.704491 -141.640955
-9.284932 -155.873378
-9.867494 -170.157805
-9.376016 -158.113831
-8.757450 -142.955460
-8.094396 -126.706879
-7.594460 -114.455631
-6.859372 -96.441800
-6.107341 -78.012799
-5.368023 -59.895330
-4.611751 -41.362381
-3.832187 -22.258651
-3.075915 -3.725701
-2.315413 3.906052
-1.567612 8.706561
-0.815581 13.534218
-0.065672 18.348260
0.667296 23.053545
1.429918 27.949196
2.056955 31.974459
2.707310 36.149406
3.317405 40.065911
3.997401 44.431143
4.707077 48.986906
5.389194 53.365754
6.060732 57.676689
6.689890 75.610368
7.274573 94.339431
7.734275 109.065003
8.236318 125.146904
8.666366 138.922558
9.034958 150.729621
9.352725 160.908601
9.623869 169.594154
10.058146 183.969169
10.384384 195.877521
9.784867 173.995606
9.282811 155.670904
8.649411 132.552262
8.312594 120.258691
7.507592 90.876683
6.770395 63.969520
6.028957 36.907535
5.291747 9.999908
4.514304 -3.106721
3.764394 -7.734148
3.022956 -12.309304
2.266683 -16.975993
1.506169 -21.668856
0.779564 -26.152479
0.065659 -30.557735
-0.669417 -35.093629
-1.372730 -39.433526
-1.936217 -42.910600
-2.660713 -47.381214
-3.380969 -51.825654
-4.122395 -56.400731
-4.861725 -60.962878
-5.558676 -75.682376
-6.223851 -90.535448
-6.867843 -104.915499
-7.401687 -116.836013
-7.893152 -127.810203
-8.234210 -135.425891
-8.539251 -142.237330
-8.810409 -148.292163
-9.109100 -154.961809
-9.490405 -163.476178
-9.962820 -174.024990
-9.473463 -162.033544
-8.871852 -147.291336
-8.219389 -131.303053
-7.816888 -121.439955
-7.075449 -103.271352
-6.338253 -85.206693
-5.596814 -67.038090
-4.865967 -49.129035
-4.103345 -30.441338
-3.368256 -12.428339
-2.616225 1.695193
-1.889608 6.725957
-1.160882 11.771317
-0.406730 16.992711
0.285979 21.788704
1.014705 26.834065
1.798523 32.260860
2.381072 36.294159
3.016593 40.694209
3.635172 44.976961
4.277030 49.420888
4.959160 54.143637
5.634939 58.822421
6.306464 64.078732
6.931393 84.276479
7.533005 103.720612
8.018132 119.399961
8.494763 134.804709
8.901506 147.950669
9.236215 158.768472
9.570911 169.585864
9.924694 181.020185
10.500881 200.129746
10.820768 211.806274
10.458526 198.585049
10.075088 184.590194
9.526435 164.565297
8.918448 142.374794
8.551964 128.998750
7.770279 100.468566
7.035190 73.639070
6.291644 46.500863
5.550205 19.439601
4.804524 1.167304
4.033418 -6.218700
3.258083 -11.117829
2.537841 -15.668843
1.811223 -20.260141
1.071905 -24.931687
0.345300 -29.522906
-0.385559 -34.141007
-1.112152 -38.732145
-1.692605 -42.399871
-2.381085 -46.750185
-3.097098 -51.274477
-3.830053 -55.905819
-4.577855 -60.630970
-5.312943 -70.474092
-6.005652 -85.974025
-6.647536 -100.336697
-7.310590 -115.173086
-7.827467 -126.738644
-8.301990 -137.356484
-8.647290 -145.082864
-8.992591 -152.809244
-9.297645 -159.635080
-9.623882 -166.934916
-10.034842 -176.130471
-9.496768 -162.945413
-8.867610 -147.528406
-8.210906 -131.436398
-7.882560 -123.390550
-7.037311 -102.678420
-6.285281 -84.250522
-5.539613 -65.978536
-4.798174 -47.810181
-4.029189 -28.966826
-3.272930 -10.435297
-2.514537 2.457107
-1.773111 7.935508
-1.046493 13.304492
-0.288099 18.908264
0.444856 24.324073
1.173594 29.708728
1.982826 35.688143
2.578087 40.086535
3.213608 44.782402
3.853358 49.509517
4.516412 54.408829
5.213363 59.558601
5.878538 64.473585
6.556426 72.984216
7.191947 93.673024
7.816888 114.017438
8.331657 130.775285
8.791346 145.740056
9.198077 158.980794
9.556077 170.635173
9.897148 181.738441
10.229736 192.565532
10.498772 201.323784
10.839831 212.501893
11.204194 225.801818
11.604574 240.416436
12.134177 258.013310
12.591745 254.849413
13.081089 251.465802
13.640359 247.598681
13.165836 230.281758
12.731572 214.434020
12.189257 194.643119
11.640591 174.620484
11.125822 155.834839
10.458514 131.482511
9.729800 104.889327
8.986241 77.754352
8.255394 51.083306
7.492771 23.252669
6.770395 5.551560
6.037428 -4.459535
5.308689 -8.431623
4.563021 -12.495985
3.830066 -16.491055
3.128874 -20.312998
2.417089 -24.192673
1.690472 -28.153200
0.959637 -32.136710
0.351650 -35.450625
-0.264808 -38.810711
-1.002005 -42.828902
-1.743443 -46.870213
-2.444623 -50.692086
-3.143695 -54.502469
-3.874554 -58.486117
-4.594809 -62.411964
-5.300231 -72.232014
-6.003531 -87.754122
-6.651765 -102.060876
-7.302119 -116.414439
-7.766050 -126.653570
-8.189722 -136.004170
-8.662111 -146.429977
-8.977757 -153.396398
-9.255265 -159.521097
-9.524314 -165.459121
-9.939515 -174.622765
-10.380142 -184.347557
-10.873727 -195.241174
-11.456289 -209.114594
-12.066384 -224.074106
-12.682830 -239.189320
-13.309879 -242.336863
-13.936929 -238.198305
-14.534312 -234.255553
-14.172070 -225.380569
-13.684834 -213.443229
-13.059905 -198.132381
-12.432868 -182.769882
-11.833365 -168.081960
-11.096155 -150.020219
-10.356837 -131.906826
-9.596336 -113.274433
-8.842185 -94.797615
-8.102867 -76.684223
-7.350836 -58.259367
-6.600914 -39.886163
-5.857367 -21.669157
-5.141354 -4.126728
-4.363898 3.654274
-3.613988 8.153928
-2.855595 12.704487
-2.525128 14.687374
-2.027301 17.674468
-1.298575 22.047016
-0.639763 26.000064
0.097434 30.423439
0.811339 34.707057
1.508290 38.888943
2.230666 43.223389
2.942450 47.494281
3.635172 51.650792
4.344835 55.908958
5.088382 60.370435
5.802287 64.654053
6.497117 68.823214
7.164426 72.827242
7.840180 76.881945
8.492655 84.126726
9.068854 102.424309
9.541269 117.426150
10.087801 134.781632
10.492422 147.630673
10.949991 162.161060
11.344008 174.673348
11.689321 185.638993
11.998592 195.460080
12.329071 205.954674
12.640475 215.843516
13.062026 229.230152
13.360730 238.715697
13.646709 247.551582
14.070393 244.621976
13.515378 224.368283
13.091681 208.906664
12.540920 188.808227
11.909628 165.771054
11.627879 155.489416
10.738155 123.021498
10.030612 97.201771
9.295524 70.376821
8.571039 43.938851
7.806296 16.031745
7.058495 -1.382698
6.340361 -4.601579
5.622227 -7.820461
4.912563 -11.001373
4.166883 -14.343724
3.463582 -17.496117
2.747556 -20.705549
2.018830 -23.971905
1.285862 -27.257275
0.580428 -30.419231
-0.129223 -33.600086
-0.485115 -35.195296
-1.404506 -39.316267
-2.124761 -42.544655
-2.840761 -45.753973
-3.556800 -48.963461
-4.257980 -52.106348
-5.010010 -55.477162
-5.730265 -58.705549
-6.416624 -61.782004
-7.160171 -65.114792
-7.880439 -68.343237
-8.598573 -71.562118
-9.261627 -81.327221
-9.850552 -94.049597
-10.399204 -105.901994
-10.873727 -116.152982
-11.288928 -125.122460
-11.829123 -136.792137
-12.138406 -143.473496
-12.454052 -150.292308
-12.869266 -159.262060
-13.369201 -170.062032
-13.837361 -180.175569
-14.301292 -190.197746
-14.746148 -199.807842
-14.335176 -189.739518
-13.843711 -177.699222
-13.195478 -161.818277
-12.483706 -144.380724
-11.958345 -131.510009
-11.223269 -113.501524
-10.481818 -95.336849
-9.729800 -76.913310
-8.977770 -58.489460
-8.238452 -40.377056
-7.497013 -22.212693
-6.736512 -3.581316
-5.990819 3.090567
-5.272684 6.792660
-4.510075 10.724031
-3.751682 14.633666
-2.989059 18.565103
-2.230679 22.474672
-1.951050 23.916201
-1.436281 26.569916
-0.688492 30.424883
-0.012713 33.908632
0.724497 37.709062
1.432027 41.356488
2.175586 45.189653
2.883129 48.837144
3.561017 52.331762
4.266438 55.968319
4.984585 59.670478
5.690019 63.307101
6.397562 66.954592
7.098754 70.569348
7.789342 74.129436
8.509597 77.842463
9.128176 90.950722
9.712846 109.130083
10.265753 126.321834
10.788993 142.591132
11.274107 157.674983
11.693550 170.716879
12.121477 184.022558
12.492177 195.548882
12.841719 206.417326
13.153123 216.099927
13.492061 226.638642
14.064044 244.423512
14.358493 242.628865
13.780160 221.524628
13.333197 205.214239
12.765456 184.496513
12.140527 161.691907
11.871490 151.874345
10.990237 119.716082
10.246678 92.582461
9.503131 65.449303
8.804059 39.939120
8.054137 12.573314
7.289394 -1.744478
6.571259 -4.725923
5.859488 -7.680952
5.156175 -10.600865
4.408386 -13.705424
3.692373 -16.678064
2.967863 -19.685977
2.258200 -22.632253
1.518895 -25.701591
0.802869 -28.674283
0.091097 -31.629312
-0.631279 -34.628367
-1.167232 -36.853457
-1.881137 -39.817344
-2.586558 -42.746009
-3.294101 -45.683480
-4.037673 -48.770535
-4.774870 -51.831121
-5.495125 -54.821371
-6.213259 -57.802815
-6.929272 -60.775455
-7.668603 -63.844899
-8.388845 -66.835096
-9.077338 -69.693478
-9.742513 -76.440366
-10.373779 -89.949996
-10.935157 -101.963962
-11.416030 -112.255046
-11.810060 -120.687625
-12.129935 -127.533218
-12.509119 -135.648074
-12.858661 -143.128570
-13.157352 -149.520816
-13.566216 -158.270847
-14.019543 -167.972417
-14.464411 -177.492975
-14.883854 -186.469407
-14.453819 -175.934301
-13.941158 -163.374996
-13.295058 -147.546668
-12.589624 -130.264750
-12.098160 -118.224718
-11.390617 -100.891153
-10.640708 -82.519665
-9.886556 -64.044260
-9.151468 -46.035858
-8.420621 -28.131373
-7.683424 -10.071324
-6.920801 1.691717
-6.183605 5.239545
-5.452758 8.756813
-4.702848 12.365823
-3.938105 16.046220
-3.192424 19.634877
-2.446757 23.223472
-1.730731 26.669413
-0.913028 30.604681
-0.177952 34.142302
0.468173 37.251839
1.215961 40.850642
1.948917 44.378056
2.645880 47.732256
3.330118 51.025214
4.027068 54.379354
4.751553 57.866001
5.429453 61.128460
6.139117 64.543780
6.833946 67.887713
7.537247 71.272412
8.242681 74.667379
8.886673 77.766648
9.522193 93.820093
10.138639 112.787463
10.668254 129.083169
11.238090 146.616430
11.704142 160.956354
12.127827 173.992685
12.519723 186.050929
12.911633 198.109564
13.269633 209.124855
13.591642 219.032716
14.133944 235.718797
14.445348 242.027355
14.799119 239.581172
15.307539 236.065663
15.820199 232.520823
16.398519 228.521979
16.987418 224.449984
17.548809 220.568197
18.116537 216.642591
17.616589 198.401238
17.188675 182.788168
16.648494 163.078833
16.046856 141.127211
15.644355 126.441360
14.936813 100.625626
14.197495 73.650518
13.424281 45.438654
12.678613 18.231857
11.943525 0.223718
11.157598 -3.290142
10.382263 -5.787835
9.647174 -8.155877
8.943861 -10.421557
8.219376 -12.755437
7.441921 -15.259963
6.713195 -17.607508
5.995060 -19.920932
5.259984 -22.288933
4.482528 -24.793458
3.749561 -27.154668
3.027197 -29.481716
2.313292 -31.781516
1.709534 -33.726485
0.989292 -36.046700
0.247853 -38.435198
-0.493598 -40.823737
-1.239266 -43.225859
-1.978584 -45.607525
-2.707310 -47.955070
-3.436036 -50.302615
-4.179595 -52.697946
-4.933747 -55.127397
-5.662485 -57.474983
-6.361544 -59.726957
-7.126288 -62.190529
-7.861364 -64.558530
-8.556206 -66.796921
-9.200197 -68.871500
-9.772155 -71.149245
-10.312349 -82.302527
-10.746626 -91.268942
-11.079213 -98.135808
-11.445697 -105.702523
-11.786756 -112.744286
-12.136298 -119.961208
-12.481585 -127.090288
-12.901028 -135.750437
-13.394614 -145.941393
-13.862787 -155.607658
-14.354251 -165.754823
-14.818182 -175.333509
-15.265159 -184.562138
-15.909150 -197.858497
-16.584917 -211.810915
-17.250105 -219.364984
-17.947043 -221.224454
-18.646115 -223.089617
-19.268923 -224.751304
-18.944819 -216.812028
-18.510542 -206.173957
-17.944935 -192.318799
-17.250093 -175.297885
-16.754386 -163.155023
-16.051073 -145.926605
-15.296934 -127.453165
-14.566087 -109.550282
-13.822540 -91.336300
-13.074739 -73.018098
-12.360846 -55.530534
-11.636350 -37.783202
-10.909745 -19.984227
-10.183127 -2.184941
-9.426867 2.029778
-8.696020 4.253637
-7.969402 6.464628
-7.204672 8.791590
-6.461112 11.054132
-5.721794 13.303768
-4.999418 15.501851
-4.221963 17.867535
-3.476295 20.136492
-2.724264 22.424810
-2.014601 24.584211
-1.283754 26.808070
-0.550786 29.038383
0.177952 31.255828
0.885482 33.408737
1.609979 35.613274
2.309038 37.740407
3.014485 39.886978
3.722014 42.039886
4.446511 44.244424
5.177358 46.468283
5.859475 48.543865
6.571259 50.709719
7.263981 52.817568
7.994815 55.041389
8.662124 57.071912
9.295524 58.999254
9.952228 60.997508
10.579265 62.905490
11.210557 64.826417
11.765572 66.515247
12.305767 68.158979
12.803581 69.673756
13.326834 81.597877
13.784402 94.498474
14.278000 108.414892
14.780057 122.569778
15.252459 135.888592
15.659189 147.355869
16.063798 158.763350
16.404869 168.379449
16.822191 180.145350
17.197146 190.716757
17.500092 199.257956
17.870805 209.709771
18.220334 215.920188
18.690615 212.668388
18.135600 192.418650
17.703444 176.651453
17.195025 158.101781
16.572230 135.379094
15.960014 113.042385
15.468524 95.110372
14.782165 70.068570
14.038618 42.940261
13.290817 15.656726
12.540907 -0.916730
11.810060 -3.005344
11.058030 -5.154496
10.284816 -7.364186
9.575152 -9.392261
8.869718 -11.408250
8.143113 -13.484741
7.386841 -15.646016
6.670827 -17.692238
5.944222 -19.768729
5.226075 -21.821048
4.476166 -23.964139
3.755911 -26.022484
3.018714 -28.129244
2.298459 -30.187588
1.580325 -32.239871
0.840994 -34.352729
0.332588 -35.805653
-0.400380 -37.900327
-1.131227 -39.988941
-1.809115 -41.926208
-2.516657 -43.948222
-3.262338 -46.079227
-3.988943 -48.155718
-4.743094 -50.310931
-5.473941 -52.399545
-6.194196 -54.457889
-6.944106 -56.600980
-7.698257 -58.756193
-8.422754 -60.826659
-9.134526 -62.860759
-9.861144 -64.937287
-10.591978 -67.025864
-11.267745 -68.957070
-11.956237 -70.924643
-12.562091 -72.656051
-13.083222 -76.420393
-13.572566 -86.324694
-13.936929 -93.699390
-14.290700 -100.859708
-14.676247 -108.663159
-15.080869 -116.852695
-15.474887 -124.827597
-15.964230 -134.731898
-16.489591 -145.365186
-17.012844 -155.955804
-17.550905 -166.846140
-18.076266 -177.479428
-18.591035 -187.898338
-19.078270 -197.759969
-19.546430 -207.235515
-19.188430 -198.466262
-18.690603 -186.271932
-18.072024 -171.119780
-17.353902 -153.529322
-16.843362 -141.023594
-16.140062 -123.796175
-15.349893 -104.440916
-14.631759 -86.850147
-13.877607 -68.377133
-13.131940 -50.111926
-12.398972 -32.157806
-11.655412 -13.944239
-10.922444 0.457946
-10.178898 2.537981
-9.418396 4.665445
-8.674837 6.745515
-7.933398 8.819653
-7.160184 10.982680
-6.412395 13.074581
-5.645531 15.219844
-4.897742 17.311745
-4.230434 19.178508
-3.344951 21.655599
-2.569616 23.824560
-1.821828 25.916461
-1.093089 27.955070
-0.368605 29.981778
0.370726 32.050018
1.129093 34.171513
1.879016 36.269383
2.586558 38.248697
3.289871 40.216180
4.035552 42.302184
4.787570 44.405915
5.473941 46.326005
6.219609 48.411973
6.927164 50.391322
7.647407 52.406164
8.399437 54.509931
9.041320 56.305567
9.744621 58.273015
10.430980 60.193069
11.168190 62.255376
11.841836 64.139866
12.456160 65.858408
13.045097 67.505930
13.589521 71.661409
14.127582 86.534590
14.655063 101.115341
15.127478 114.173914
15.591396 126.997631
16.074390 140.348633
16.572217 154.109669
17.014965 166.348176
17.296714 174.136348
17.680140 184.735074
18.019090 194.104401
18.372849 203.883060
18.690615 212.666827
19.052870 210.161984
18.769000 199.805165
18.427941 187.361876
17.980952 171.053778
17.432299 151.036556
16.820070 128.699799
16.220567 106.827320
15.724861 88.741807
15.036394 63.623555
14.280109 36.031009
13.517486 8.207251
12.778181 -1.424677
12.040972 -3.466634
11.305883 -5.502717
10.560215 -7.568102
9.822993 -9.610095
9.106992 -11.593306
8.410029 -13.523788
7.653769 -15.618511
6.910210 -17.678057
6.196305 -19.655464
5.471820 -21.662174
4.736732 -23.698257
4.001643 -25.734340
3.255962 -27.799760
2.535707 -29.794756
1.813344 -31.795591
1.076147 -33.837514
0.353771 -35.838384
-0.154648 -37.246627
-0.879132 -39.253337
-1.601508 -41.254207
-2.258225 -43.073213
-2.978467 -45.068173
-3.717798 -47.116005
-4.482528 -49.234191
-5.223967 -51.287863
-5.931522 -53.247682
-6.677190 -55.313067
-7.422871 -57.378487
-8.149476 -59.391072
-8.890914 -61.444743
-9.617520 -63.457328
-10.346246 -65.475787
-11.062271 -67.459069
-11.788877 -69.471653
-12.460415 -71.331710
-13.117106 -73.150645
-13.735685 -77.832817
-14.252562 -88.236830
-14.684718 -96.935514
-14.998243 -103.246329
-15.379560 -110.921713
-15.832887 -120.046538
-16.231146 -128.062937
-16.709911 -137.699795
-17.216196 -147.890609
-17.743691 -158.508331
-18.256339 -168.827218
-18.762637 -179.018288
-19.271044 -189.251793
-19.703199 -197.950477
-19.309169 -188.298869
-18.811354 -176.105104
-18.190655 -160.901316
-17.500067 -143.985648
-16.991647 -131.532131
-16.303168 -114.668102
-15.536316 -95.884391
-14.796999 -77.775104
-14.066152 -59.873308
-13.331063 -41.867611
-12.589637 -23.706685
-11.856669 -5.752938
-11.132172 1.305839
-10.397084 3.266309
-9.647174 5.266306
-8.897264 7.266303
-8.157947 9.238052
-7.399566 11.260641
-6.639052 13.288920
-5.887022 15.294574
-5.154054 17.249388
-4.382973 19.305847
-3.732619 21.040332
-2.811107 23.497990
-2.071789 25.469739
-1.309167 27.503641
-0.565620 29.486669
0.099568 31.260715
0.853707 33.271991
1.605737 35.277644
2.351405 37.266329
3.078035 39.204241
3.794036 41.113803
4.527017 43.068651
5.251501 45.000839
5.952693 46.870908
6.656007 48.746633
7.376249 50.667509
8.100746 52.599731
8.793455 54.447174
9.445930 56.187315
10.159835 58.091289
10.884319 60.023477
11.581270 61.882233
12.269749 63.718398
12.917983 65.447226
13.542912 67.113902
14.114882 75.264922
14.678381 90.658552
15.193137 104.720635
15.650718 117.220804
16.123120 130.125849
16.570096 142.336325
17.057332 155.646594
17.478896 167.162847
17.819954 176.479862
18.154663 185.623407
18.476658 194.419668
18.836792 204.257783
19.175743 209.310970
19.614236 206.278972
20.173506 202.411850
20.732750 198.544904
21.277186 198.186050
21.883053 202.427867
22.425355 206.224661
22.916833 209.665613
22.399930 190.808896
22.022867 177.053559
21.533510 159.201736
20.997558 139.650071
20.355674 116.234031
20.082408 106.265235
19.243523 75.662507
18.508434 48.846319
17.769116 21.875852
16.991673 2.832999
16.237509 -2.248129
15.513025 -3.995804
14.807590 -5.697524
14.051318 -7.521881
13.318363 -9.289990
12.579045 -11.073448
11.854548 -12.821153
11.125810 -14.579091
10.348366 -16.454518
9.619628 -18.212456
8.903614 -19.939696
8.174888 -21.697603
7.401687 -23.562798
6.664477 -25.341170
5.933630 -27.104194
5.207013 -28.857015
4.478287 -30.614922
3.734727 -32.408612
3.003880 -34.171636
2.512416 -35.357197
1.817573 -37.033366
1.076147 -38.821910
0.332588 -40.615600
-0.406743 -42.399088
-1.167244 -44.233647
-1.900199 -46.001756
-2.635288 -47.775012
-3.378848 -49.568702
-4.029189 -51.137522
-4.787583 -52.966995
-5.524779 -54.745337
-6.245035 -56.482809
-6.994944 -58.291818
-7.730033 -60.065074
-8.471471 -61.853647
-9.193835 -63.596206
-9.920453 -65.349027
-10.649179 -67.106934
-11.318596 -68.721770
-11.949874 -70.244605
-12.570562 -71.741890
-13.078981 -72.968350
-13.462406 -73.893289
-13.773810 -74.644489
-14.176312 -80.915882
-14.619046 -89.598025
-15.040610 -97.865001
-15.468524 -106.256503
-15.976943 -116.226734
-16.534079 -127.152322
-17.089095 -138.036319
-17.661064 -149.252798
-18.197017 -159.762971
-18.735091 -170.314734
-19.228676 -179.994075
-19.675666 -188.759650
-20.215847 -199.352756
-20.866189 -212.106125
-21.537727 -225.275158
-22.221965 -232.619529
-22.887140 -234.394255
-23.558665 -236.185922
-24.158181 -237.785466
-23.836185 -229.898886
-23.384954 -218.846975
-22.810876 -204.786194
-22.124530 -187.975654
-21.469934 -171.942762
-20.906435 -158.141092
-20.169251 -140.085385
-19.432041 -122.029057
-18.660948 -103.142823
-17.902568 -84.567960
-17.159008 -66.356102
-16.415449 -48.144244
-15.635884 -29.050534
-14.894446 -10.890623
-14.161478 0.613583
-13.424281 2.182425
-12.636233 3.859484
-11.888432 5.450894
-11.125810 7.073844
-10.373779 8.674254
-9.602686 10.315231
-8.840064 11.938182
-8.088033 13.538592
-7.323290 15.166055
-6.550089 16.811519
-5.793816 18.420956
-5.043907 20.016853
-4.266451 21.671371
-3.486887 23.330375
-2.713672 24.975866
-2.037905 26.413978
-1.273162 28.041442
-0.525374 29.632825
0.237261 31.255802
0.991400 32.860699
1.734972 34.443108
2.457336 35.980383
3.179699 37.517657
3.906330 39.064013
4.660468 40.668909
5.372252 42.183670
6.100978 43.734485
6.823354 45.271787
7.547851 46.813602
8.274444 48.359876
8.950223 49.798015
9.647174 51.281208
10.335666 52.746402
11.106760 54.387379
11.812181 55.888599
12.475248 57.299684
13.144652 58.724256
13.788644 60.094746
14.402981 61.402128
14.998243 62.668915
15.538437 63.818513
16.087115 64.986165
16.633660 66.149276
17.133595 67.213198
17.682274 75.231429
18.213984 88.886646
18.728753 102.106768
19.235052 115.109344
19.713816 127.404811
20.196797 139.808563
20.656499 151.614469
21.097113 162.930160
21.525039 173.920021
21.916949 183.984901
22.260116 192.797990
22.658375 203.025948
23.033342 210.479283
23.493032 213.697679
22.914712 192.601267
22.480435 176.759385
21.972016 158.212870
21.393696 137.116458
20.764525 114.165071
20.410767 101.260388
19.631190 72.822367
18.893981 45.929851
18.152555 18.883526
17.394161 0.309065
16.648481 -2.211072
15.938818 -3.801797
15.210092 -5.435251
14.470761 -7.092475
13.725093 -8.763905
12.998488 -10.392605
12.259170 -12.049801
11.543144 -13.654788
10.801706 -15.316738
10.026371 -17.054668
9.312478 -18.654872
8.596452 -20.259859
7.852905 -21.926535
7.079678 -23.659739
6.344602 -25.307427
5.615864 -26.940909
4.899838 -28.545896
4.160533 -30.203064
3.416973 -31.869768
2.684005 -33.512730
1.946808 -35.165172
1.207478 -36.822397
0.489344 -38.432109
0.031775 -39.457758
-0.707542 -41.114954
-1.468057 -42.819662
-2.188299 -44.434100
-2.923388 -46.081817
-3.662718 -47.739041
-4.327893 -49.230045
-5.084153 -50.925216
-5.785333 -52.496925
-6.545847 -54.201633
-7.285164 -55.858829
-8.032953 -57.535013
-8.770163 -59.187483
-9.509481 -60.844679
-10.250919 -62.506629
-11.013542 -64.216063
-11.733797 -65.830529
-12.466765 -67.473492
-13.187020 -69.087958
-13.867028 -70.612212
-14.553387 -72.150699
-15.216442 -73.636949
-15.883738 -75.132707
-16.445103 -76.391019
-16.911155 -77.435684
-17.273397 -78.544818
-17.629289 -85.418998
-18.095341 -94.420952
-18.607989 -104.322931
-19.057087 -112.997404
-19.573977 -122.981314
-20.122629 -133.578732
-20.692478 -144.585564
-21.275040 -155.837946
-21.870314 -167.335878
-22.429572 -178.138126
-22.976116 -188.694823
-23.469702 -198.228599
-23.969637 -207.885027
-24.452644 -217.214464
-24.092510 -208.394115
-23.609516 -196.564701
-23.018483 -182.089213
-22.346958 -165.642312
-21.666949 -148.987631
-21.141588 -136.120565
-20.410742 -118.220765
-19.684124 -100.424544
-18.942698 -82.265642
-18.184304 -63.691181
-17.464062 -46.051105
-16.743807 -28.410718
-15.983293 -9.784313
-15.220671 0.750966
-14.517370 2.205418
-13.773810 3.743127
-13.006946 5.329030
-12.257037 6.879871
-11.500777 8.443844
-10.748747 9.999072
-10.005174 11.536807
-9.251048 13.096367
-8.505368 14.638462
-7.757566 16.184944
-7.011886 17.727039
-6.204788 19.396147
-5.446395 20.964532
-4.709198 22.489083
-3.955047 24.048696
-3.192424 25.625827
-2.436152 27.189827
-1.701076 28.709991
-1.059205 30.037404
-0.288112 31.632053
0.446976 33.152244
1.196886 34.703085
1.967979 36.297734
2.705189 37.822311
3.436036 39.333730
4.149941 40.810112
4.927384 42.417894
5.620106 43.850468
6.323419 45.304946
7.035203 46.776942
7.768158 48.292720
8.505355 49.817271
9.138755 51.127165
9.818764 52.533449
10.522077 53.987927
11.244453 55.481828
11.943525 56.927533
12.638354 58.364467
13.335305 59.805787
14.057681 61.299687
14.771586 62.776070
15.411336 64.099096
16.048977 65.417763
16.678148 66.718911
17.254347 67.910512
17.792421 69.023268
18.319902 81.977264
18.815609 94.599075
19.315544 107.328569
19.817601 120.112066
20.372629 134.244343
20.847152 146.326772
21.262353 156.898735
21.694508 167.902399
22.080055 177.719292
22.459252 187.374499
22.815144 196.436320
23.179507 205.713830
23.560824 214.171519
23.937887 216.811429
23.310850 193.938337
22.859619 177.478308
22.330029 158.159896
21.755938 137.218182
21.092884 113.031252
20.804784 102.521943
19.938352 70.916187
19.203276 44.102045
18.449125 16.592070
17.709807 -0.622856
16.968356 -2.246305
16.239630 -3.841891
15.515133 -5.428217
14.786407 -7.023803
14.051318 -8.633320
13.307771 -10.261357
12.570574 -11.875491
11.854548 -13.443269
11.115230 -15.062046
10.346258 -16.745754
9.613290 -18.350627
8.888794 -19.936953
8.162176 -21.527923
7.405916 -23.183795
6.653873 -24.830435
5.942101 -26.388898
5.213375 -27.984484
4.482528 -29.584714
3.736848 -31.217423
2.993288 -32.845487
2.256092 -34.459621
1.533716 -36.041303
0.802869 -37.641533
0.057201 -39.274214
-0.699071 -40.930114
-1.110043 -41.829959
-1.834528 -43.416258
-2.571737 -45.030419
-3.308934 -46.644552
-4.048252 -48.263329
-4.728261 -49.752246
-5.450624 -51.333901
-6.177242 -52.924870
-6.929272 -54.571483
-7.679182 -56.213451
-8.420621 -57.836872
-9.155709 -59.446390
-9.897148 -61.069811
-10.636466 -62.688588
-11.392738 -64.344488
-12.136298 -65.972553
-12.875616 -67.591330
-13.600100 -69.177628
-14.288580 -70.685092
-15.004593 -72.252843
-15.680373 -73.732500
-16.409098 -75.328086
-17.076382 -76.789140
-17.631410 -78.004405
-18.088978 -79.006276
-18.531726 -87.041408
-18.891847 -93.962431
-19.385432 -103.448450
-19.889610 -113.138028
-20.328128 -121.565733
-20.864081 -131.865990
-21.431809 -142.776925
-22.010116 -153.891176
-22.563023 -164.517274
-23.101109 -174.858536
-23.617987 -184.792190
-24.113681 -194.318726
-24.592445 -203.519908
-24.170881 -193.195266
-23.675175 -181.054775
-23.069321 -166.216640
-22.380854 -149.355193
-21.749575 -133.894357
-21.192439 -120.249369
-20.446746 -101.986379
-19.692595 -83.516236
-18.949048 -65.305811
-18.192775 -46.783725
-17.459820 -28.832707
-16.739565 -11.192729
-15.972701 0.630629
-15.207958 2.187062
-14.487716 3.652924
-13.735685 5.183484
-12.960350 6.761473
-12.221020 8.266185
-11.458410 9.818275
-10.706379 11.348834
-9.941636 12.905266
-9.185364 14.444459
-8.437575 15.966385
-7.687666 17.492627
-7.323303 18.234192
-6.850888 19.195667
-6.086157 20.752073
-5.344719 22.261076
-4.588446 23.800268
-3.817353 25.369624
-3.050502 26.930347
-2.304809 28.448009
-1.544307 29.995808
-0.794410 31.522025
-0.167361 32.798219
0.586791 34.333094
1.347305 35.880920
2.101444 37.415769
2.866187 38.972202
3.597034 40.459648
4.357535 42.007447
5.111687 43.542323
5.817108 44.978021
6.524663 46.418063
7.251268 47.896875
8.005420 49.431751
8.719325 50.884716
9.359075 52.186757
10.053904 53.600899
10.791101 55.101269
11.521948 56.588714
12.233745 58.037388
12.945529 59.486037
13.665771 60.951900
14.388160 62.422131
15.114765 63.900943
15.775711 65.246124
16.464178 66.647317
17.106062 67.953701
17.764874 69.294539
18.353799 75.317726
18.849492 87.877906
19.364274 100.921752
19.849376 113.213550
20.374737 126.525456
20.866214 138.978798
21.368271 151.700200
21.821610 163.187177
22.245295 173.922750
22.622370 183.477317
22.993096 192.870984
23.389222 202.908251
23.709109 211.013753
24.075593 217.774774
24.533161 220.978321
25.075477 224.775203
25.696164 224.709298
26.219404 224.288215
26.823149 223.802345
27.382419 223.352266
27.954389 222.891967
27.450212 204.502368
27.060423 190.285044
26.568959 172.359134
26.024522 152.501110
25.397473 129.629802
24.946254 113.171855
24.259896 88.137283
23.531157 61.556926
22.798202 34.822779
22.073705 8.397140
21.366150 -0.940116
20.633195 -2.383676
19.881164 -3.864806
19.156667 -5.291708
18.419470 -6.743623
17.692853 -8.174702
16.928109 -9.680869
16.207854 -11.099417
15.464307 -12.563838
14.746161 -13.978234
13.992022 -15.463516
13.233629 -16.957177
12.498540 -18.404940
11.767693 -19.844348
11.019904 -21.317124
10.248798 -22.835822
9.520072 -24.271054
8.799817 -25.689601
8.056258 -27.154048
7.291514 -28.660215
6.539497 -30.141320
5.810758 -31.576576
5.067198 -33.041022
4.334231 -34.484608
3.588563 -35.953206
2.853474 -37.400969
2.109914 -38.865415
1.544307 -39.979383
1.002005 -41.047452
0.258445 -42.511898
-0.497827 -44.001382
-1.241387 -45.465828
-1.984934 -46.930249
-2.724264 -48.386366
-3.469945 -49.854990
-4.226204 -51.344449
-4.980356 -52.829755
-5.698490 -54.244126
-6.454762 -55.733610
-7.200430 -57.202208
-7.846543 -58.474732
-8.596452 -59.951684
-9.325178 -61.386916
-10.070859 -62.855539
-10.810177 -64.311631
-11.581270 -65.830305
-12.312117 -67.269713
-13.042964 -68.709122
-13.756856 -70.115138
-14.405089 -71.391838
-15.070265 -72.701906
-15.733332 -74.007821
-16.341306 -75.205232
-16.807358 -76.123124
-17.169587 -76.836538
-17.523371 -77.533318
-18.014848 -78.501286
-18.561380 -79.577684
-19.105804 -87.968317
-19.576097 -96.794273
-20.071791 -106.096908
-20.641640 -116.791208
-21.228444 -127.803692
-21.838539 -139.253291
-22.423222 -150.225972
-22.993058 -160.920034
-23.526890 -170.938403
-24.022596 -180.241276
-24.497119 -189.146599
-25.058484 -199.681689
-25.704610 -211.807457
-26.367664 -224.250932
-27.032839 -236.734210
-27.719198 -247.273761
-28.397073 -246.149544
-29.005060 -244.779331
-28.642818 -235.907980
-28.191600 -224.857591
-27.615401 -210.746410
-26.945984 -194.352309
-26.276567 -177.958209
-25.797815 -166.233519
-25.079681 -148.646328
-24.340350 -130.540038
-23.615866 -112.797335
-22.887153 -94.951061
-22.147822 -76.844770
-21.378837 -58.012238
-20.641653 -39.958510
-19.898093 -21.748649
-19.148171 -3.382964
-18.385561 1.104287
-17.631410 2.437889
-16.879379 3.767740
-16.123107 5.105093
-15.839249 5.607052
-15.237612 6.670955
-14.508886 7.959596
-13.763219 9.278196
-12.987884 10.649258
-12.240095 11.971609
-11.490185 13.297710
-10.748747 14.608831
-9.990353 15.949934
-9.240444 17.276035
-8.488413 18.605887
-7.740612 19.928259
-6.967410 21.295548
-6.215367 22.625422
-5.471820 23.940272
-4.711319 25.285103
-3.957155 26.618727
-3.234792 27.896117
-2.607754 29.004936
-1.853603 30.338538
-1.120635 31.634680
-0.338950 33.016971
0.406730 34.335594
1.167232 35.680425
1.923491 37.017755
2.660701 38.321398
3.397910 39.625041
4.130865 40.921160
4.891380 42.266014
5.613756 43.543426
6.323419 44.798357
7.020357 46.030786
7.759687 47.338179
8.511718 48.668031
9.149359 49.795603
9.835705 51.009301
10.534790 52.245525
11.269866 53.545395
11.979542 54.800349
12.706147 56.085240
13.409447 57.328920
14.150886 58.640041
14.885975 59.939934
15.563863 61.138675
16.265042 62.378605
16.932339 63.558616
17.616589 64.768609
18.207622 65.813761
18.805004 66.870141
19.345212 67.825415
19.912940 68.829356
20.478547 69.829546
20.997558 70.747338
21.567407 71.755029
22.128785 81.788837
22.709226 95.847328
23.230357 108.469334
23.715459 120.218682
24.236591 132.840688
24.757723 145.462694
25.247067 157.314780
25.740652 169.269604
26.193991 180.249648
26.638847 191.024216
27.030769 200.516712
27.416315 209.854794
27.816683 219.551844
28.248839 222.650175
28.712770 222.276822
28.441612 212.386912
28.070899 198.865932
27.645093 183.335565
27.128203 164.483085
26.571067 144.162705
25.895300 119.515519
25.486449 104.603532
24.753481 77.870067
24.037468 51.754981
23.285425 24.325781
22.569411 6.791075
21.840685 -1.373155
21.126780 -2.633533
20.404404 -3.908866
19.639661 -5.258997
18.932119 -6.508142
18.203380 -7.794708
17.457699 -9.111185
16.716273 -10.420150
15.987535 -11.706716
15.246109 -13.015682
14.502536 -14.328436
13.735685 -15.682289
12.998488 -16.983788
12.248566 -18.307753
11.521948 -19.590575
10.780522 -20.899540
9.990353 -22.294559
9.280690 -23.547448
8.535022 -24.863903
7.787221 -26.184123
7.039432 -27.504322
6.300102 -28.809588
5.556555 -30.122297
4.827829 -31.408841
4.086377 -32.717851
3.344939 -34.026839
2.597150 -35.347037
1.868424 -36.633581
1.129093 -37.938847
0.374955 -39.270256
-0.374955 -40.594199
-0.688480 -41.147718
-1.417218 -42.434284
-2.148053 -43.724550
-2.900083 -45.052237
-3.635172 -46.350014
-4.368140 -47.644046
-5.096866 -48.930590
-5.863717 -50.284443
-6.605156 -51.593431
-7.344486 -52.898697
-8.085912 -54.207662
-8.840064 -55.539094
-9.515831 -56.732140
-10.253040 -58.033661
-11.007179 -59.365071
-11.752859 -60.681547
-12.500661 -62.001768
-13.256920 -63.336921
-13.972934 -64.601021
-14.703793 -65.891332
-15.436748 -67.185342
-16.188779 -68.513029
-16.906913 -69.780874
-17.582680 -70.973920
-18.313527 -72.264208
-18.995657 -73.468488
-19.620573 -74.571758
-20.109929 -75.435702
-20.567498 -76.243525
-20.948815 -76.916730
-21.455113 -77.810584
-22.003779 -85.951439
-22.577857 -96.441282
-23.156177 -107.008634
-23.634929 -115.756630
-24.183594 -125.782120
-24.791581 -136.891566
-25.397435 -147.962026
-25.973634 -158.490624
-26.560437 -169.212993
-27.134515 -179.702836
-27.678952 -189.651050
-28.204312 -199.250709
-28.723311 -208.734105
-29.223259 -217.869410
-28.769920 -206.767424
-28.265742 -194.420445
-27.666239 -179.738989
-26.973517 -162.774684
-26.340130 -147.263441
-25.818998 -134.501258
-25.086043 -116.551658
-24.346713 -98.445928
-23.611624 -80.444078
-22.874440 -62.390910
-22.116047 -43.818347
-21.349195 -25.038649
-20.586560 -6.362207
-19.843013 0.813464
-19.076162 2.102979
-18.292343 3.421026
-17.529721 4.703430
-16.784041 5.957345
-15.843491 7.538945
-15.072385 8.835615
-14.330947 10.082397
-13.570445 11.361234
-12.816294 12.629394
-12.045201 13.926042
-11.301641 15.176390
-10.543261 16.451661
-9.770046 17.751876
-9.007424 19.034280
-8.255394 20.298873
-7.499134 21.570577
-6.732270 22.860114
-5.954814 24.167461
-5.230330 25.385733
-4.467695 26.668158
-3.878783 27.658455
-3.107690 28.955104
-2.340826 30.244640
-1.588808 31.509212
-0.821944 32.798748
-0.044488 34.106096
0.722363 35.395611
1.487107 36.681582
2.243379 37.953307
2.995409 39.217900
3.736848 40.464682
4.518533 41.779141
5.264214 43.033056
5.988710 44.251350
6.700482 45.448244
7.433450 46.680782
8.213014 47.991674
8.909977 49.163668
9.579394 50.289340
10.261511 51.436369
11.028375 52.725905
11.735918 53.915688
12.445568 55.109016
13.174307 56.334443
13.905154 57.563414
14.665655 58.842251
15.383802 60.049866
16.099815 61.253894
16.820070 62.465054
17.567859 63.722514
18.264823 64.894508
18.963894 66.070046
19.626948 67.185019
20.287894 68.296447
20.889519 69.308122
21.469960 70.284174
22.035567 71.235283
22.594824 76.623435
23.160444 90.089261
23.706988 103.100956
24.247183 115.961474
24.789486 128.872183
25.333922 141.833687
25.810566 153.181239
26.295668 164.730157
26.772311 176.077709
27.215059 186.618285
27.632393 196.553855
28.028519 205.984499
28.405607 214.961918
28.795383 222.208106
29.227551 221.860314
28.943681 211.506973
28.562364 197.599534
28.089962 180.370059
27.573072 161.518010
26.982026 139.961364
26.314743 115.624157
25.956730 102.566682
25.158103 73.439109
24.418773 46.474195
23.702759 20.359708
22.976142 2.565699
22.257995 -1.493526
21.525039 -2.728315
20.813255 -3.927439
20.061225 -5.194365
19.326136 -6.432749
18.597410 -7.660414
17.868684 -8.888079
17.112412 -10.162151
16.385807 -11.386243
15.627413 -12.663887
14.898687 -13.891553
14.150899 -15.151332
13.390385 -16.432550
12.642583 -17.692351
11.907507 -18.930713
11.155477 -20.197639
10.390734 -21.485981
9.640824 -22.749334
8.920569 -23.962728
8.183359 -25.204685
7.429221 -26.475163
6.679298 -27.738537
5.944222 -28.976899
5.223967 -30.190294
4.501591 -31.407261
3.736848 -32.695604
2.997530 -33.941112
2.258200 -35.186643
1.527365 -36.417859
0.777443 -37.681233
0.031775 -38.937440
-0.716013 -40.197219
-1.453223 -41.439176
-2.131111 -42.581196
-1.830299 -35.214662
-2.470048 -43.152195
-3.209379 -44.397725
-3.950818 -45.646807
-4.681652 -46.878024
-5.416741 -48.116408
-6.189955 -49.419021
-6.929272 -50.664530
-7.664361 -51.902914
-8.407908 -53.155548
-9.164180 -54.429619
-9.820885 -55.535951
-10.539019 -56.745773
-11.314354 -58.051959
-12.062143 -59.311738
-12.824765 -60.596507
-13.551383 -61.820621
-14.301292 -63.083974
-15.066035 -64.372316
-15.792640 -65.596408
-16.531958 -66.841917
-17.292472 -68.123134
-18.010607 -69.332956
-18.739333 -70.560621
-19.432041 -71.727609
-20.133221 -72.908867
-20.794180 -74.022367
-21.351304 -74.960938
-21.863964 -75.824604
-22.332124 -76.613301
-22.757917 -78.663987
-23.272686 -87.956813
-23.855248 -98.473458
-24.429339 -108.837183
-24.931395 -117.900514
-25.467348 -127.575754
-26.030834 -137.748042
-26.615504 -148.302746
-27.198079 -158.819621
-27.740381 -168.609494
-28.261513 -178.017181
-28.778391 -187.348065
-29.267747 -196.182129
-28.778391 -184.198371
-28.267863 -171.696162
-27.662010 -156.859528
-26.990472 -140.414360
-26.367664 -125.162530
-25.871957 -113.023268
-25.132640 -94.918251
-24.397551 -76.916800
-23.683658 -59.434421
-22.959174 -41.692661
-22.211386 -23.380202
-21.444522 -4.600608
-20.709433 0.889703
-19.978586 2.077950
-19.230797 3.293743
-18.472404 4.526776
-17.716132 5.756362
-16.974706 6.961809
-16.089211 8.401491
-15.303284 9.679291
-14.578800 10.857193
-13.828890 12.076434
-13.070497 13.309468
-12.316358 14.535584
-11.566436 15.754846
-10.844073 16.929300
-10.089921 18.155437
-9.327299 19.395347
-8.587981 20.597367
-7.855014 21.789063
-7.094512 23.025524
-6.344602 24.244765
-5.581968 25.484695
-4.838421 26.693591
-4.075798 27.933500
-3.332239 29.142417
-2.766631 30.062010
-2.020951 31.274374
-1.271041 32.493615
-0.510540 33.730076
0.220307 34.918324
0.999871 36.185778
1.747672 37.401591
2.476398 38.586391
3.211487 39.781535
3.972001 41.018017
4.738853 42.264802
5.486641 43.480595
6.232322 44.692959
6.944106 45.850214
7.691895 47.066006
8.384604 48.192247
9.079446 49.321957
9.761576 50.430997
10.475468 51.591680
11.208436 52.783375
11.932933 53.961299
12.659538 55.142650
13.369214 56.296477
14.110640 57.501924
14.849958 58.703944
15.559634 59.857771
16.277768 61.025350
16.998010 62.196356
17.743691 63.408721
18.436412 64.534982
19.122771 65.650899
19.798551 66.749615
20.489139 67.872408
21.126780 68.909118
21.764409 69.945807
22.346984 70.892985
22.933774 73.785391
23.482440 86.693768
24.052289 100.100529
24.569179 112.261331
25.109373 124.970415
25.660159 137.928691
26.217296 151.036362
26.685456 162.050702
27.147279 172.915945
27.587892 183.282207
28.026411 193.599169
28.445854 203.467346
28.791141 211.590881
29.142804 219.864409
29.536835 221.609344
30.055845 221.191664
30.642636 220.719438
31.191302 220.277894
31.780213 219.803961
32.386080 219.316383
32.981354 218.837330
33.549082 218.380444
33.036421 199.684340
32.621220 184.542474
32.131864 166.696256
31.551436 145.528767
30.913794 122.274772
30.464684 105.896287
29.769841 80.556251
29.017824 53.131099
28.280614 26.245984
27.562467 0.056062
26.846466 -1.068914
26.113499 -2.165512
25.378410 -3.265283
24.641200 -4.368228
23.925187 -5.439460
23.181628 -6.551905
22.444431 -7.654831
21.709342 -8.754602
20.970011 -9.860720
20.232814 -10.963645
19.470180 -12.104629
18.737224 -13.201208
17.985194 -14.326326
17.235284 -15.448271
16.498075 -16.551216
15.754515 -17.663661
15.019439 -18.763413
14.261046 -19.898050
13.521728 -21.004149
12.771819 -22.126094
12.026138 -23.241712
11.286808 -24.347830
10.513593 -25.504641
9.740379 -26.661452
9.020124 -27.739030
8.285048 -28.838783
7.522426 -29.979747
6.770395 -31.104866
6.039549 -32.198291
5.308689 -33.291735
4.577855 -34.385141
3.827932 -35.507105
3.092856 -36.606858
2.342947 -37.728803
1.616329 -38.815901
1.271041 -39.332488
0.552894 -40.406913
-0.207607 -41.544704
-0.944816 -42.647649
-1.692605 -43.766421
-2.417089 -44.850327
-3.166999 -45.972272
-3.912679 -47.087889
-4.666831 -48.216181
-5.406149 -49.322279
-6.175134 -50.472763
-6.941985 -51.620055
-7.691895 -52.742000
-8.448167 -53.873464
-9.187485 -54.979563
-9.933165 -56.095181
-10.689425 -57.226626
-11.452047 -58.367591
-12.199849 -59.486382
-12.848069 -60.456189
-13.583158 -61.555961
-14.314005 -62.649386
-15.070265 -63.780831
-15.790520 -64.858410
-16.551034 -65.996221
-17.237392 -67.023087
-17.923739 -68.049934
-18.569851 -69.016588
-19.226568 -69.999106
-19.762508 -70.800930
-20.215847 -71.479174
-20.688249 -72.185938
-21.175485 -72.914894
-21.794051 -73.840336
-22.431680 -74.794297
-23.037546 -75.700737
-23.673067 -79.059327
-24.276799 -89.608542
-24.800052 -98.751507
-25.316942 -107.783294
-25.848653 -117.074051
-26.437565 -127.364296
-27.032839 -137.765719
-27.600567 -147.685816
-28.142882 -157.161869
-28.685185 -166.637701
-29.238092 -176.298828
-29.835475 -186.737088
-30.437087 -197.249244
-31.064137 -208.205889
-31.718720 -219.643637
-32.373303 -231.081385
-33.051191 -235.639136
-33.663407 -232.100001
-33.231265 -221.517727
-32.737666 -209.430540
-32.148767 -195.009636
-31.498400 -179.083510
-30.890439 -164.195801
-30.331181 -150.500763
-29.621518 -133.122595
-28.901250 -115.484744
-28.176779 -97.743954
-27.439569 -79.691235
-26.687539 -61.275582
-25.950342 -43.223174
-25.208903 -25.066892
-24.454764 -6.599614
-23.702721 0.667000
-22.963403 1.688939
-22.221965 2.713809
-21.323757 3.955377
-20.567498 5.000735
-19.817588 6.037315
-19.061328 7.082672
-18.288102 8.151482
-17.538205 9.188045
-16.790403 10.221711
-15.998126 11.316853
-15.243975 12.359297
-14.506778 13.378304
-13.748398 14.426593
-12.981534 15.486609
-12.235866 16.517325
-11.473244 17.571477
-10.731792 18.596366
-9.977641 19.638809
-9.221381 20.684166
-8.479942 21.709037
-7.717320 22.763189
-6.946227 23.829051
-6.194196 24.868562
-5.660352 25.606481
-4.933747 26.610848
-4.149941 27.694281
-3.400031 28.730861
-2.626817 29.799654
-1.881137 30.830388
-1.131227 31.866968
-0.351650 32.944556
0.383426 33.960632
1.146048 35.014784
1.936217 36.107013
2.692489 37.152388
3.444519 38.191900
4.185945 39.216753
4.973993 40.306050
5.711190 41.325057
6.433566 42.323578
7.160171 43.327945
7.910093 44.364542
8.653653 45.392345
9.306116 46.294226
10.020021 47.281038
10.742384 48.279541
11.449939 49.257576
12.153240 50.229729
12.871386 51.222404
13.597992 52.226771
14.358493 53.277992
15.097811 54.299931
15.822308 55.301383
16.576459 56.343826
17.273422 57.307220
18.016969 58.335005
18.726633 59.315953
19.402400 60.250048
20.090879 61.201715
20.756055 62.121169
21.397938 63.008427
22.014396 63.860540
22.628720 64.709704
23.253662 65.573544
23.880699 66.440281
24.482323 67.271890
25.105131 68.132781
25.706756 68.964390
26.308380 69.795999
26.914246 71.476111
27.522221 84.936996
28.128087 98.351206
28.712770 111.296398
29.240251 122.975134
29.757141 134.419361
30.301578 146.473479
30.843880 158.480358
31.350179 169.690077
31.824701 180.196271
32.265328 189.951983
32.710196 199.801611
33.095743 208.337823
33.519427 217.718435
33.979117 218.028926
34.459989 217.641939
34.195182 207.985179
33.813877 194.080113
33.352067 177.239255
32.841540 158.621823
32.244144 136.836571
31.559906 111.884424
31.176468 97.901552
30.388420 69.163766
29.666044 42.820835
28.937318 16.246337
28.204363 -0.371388
27.477745 -1.310191
26.753249 -2.246255
26.013931 -3.201467
25.289434 -4.137530
24.550116 -5.092742
23.836211 -6.015120
23.099014 -6.967592
22.357575 -7.925544
21.620366 -8.878033
20.885290 -9.827764
20.148067 -10.780269
19.393929 -11.754630
18.639777 -12.729007
17.889868 -13.697904
17.131474 -14.677762
16.396399 -15.627493
15.644355 -16.599147
14.896567 -17.565304
14.148778 -18.531460
13.396735 -19.503114
12.646825 -20.472011
11.899036 -21.438167
11.170310 -22.379695
10.407688 -23.365016
9.640824 -24.355819
8.929040 -25.275457
8.204543 -26.211520
7.439800 -27.199582
6.698374 -28.157518
5.954801 -29.118227
5.219725 -30.067959
4.495228 -31.004022
3.755911 -31.959234
2.999651 -32.936335
2.256079 -33.897044
1.527365 -34.838555
0.775322 -35.810209
0.036004 -36.765421
-0.709663 -37.728837
-1.347305 -38.552682
-1.817586 -39.160293
-2.554795 -40.112781
-3.296222 -41.070717
-4.041902 -42.034150
-4.766386 -42.970197
-5.497233 -43.914464
-6.255626 -44.894322
-7.014019 -45.874180
-7.780871 -46.864966
-8.539251 -47.844807
-9.301874 -48.830129
-10.032721 -49.774397
-10.778401 -50.737830
-11.536782 -51.717671
-12.193486 -52.566145
-12.926454 -53.513153
-13.684834 -54.492994
-14.424165 -55.448223
-15.199487 -56.449953
-15.900667 -57.355890
-16.686606 -58.371338
-17.421695 -59.321086
-18.207609 -60.336502
-18.923635 -61.261620
-19.620586 -62.162093
-20.326007 -63.073511
-20.999653 -63.943874
-21.683891 -64.827921
-22.293999 -65.616192
-22.868077 -66.357911
-23.370134 -67.006577
-23.984471 -67.800312
-24.603037 -68.599511
-25.189840 -69.357672
-25.802044 -70.148650
-26.422744 -72.559599
-27.064614 -83.289353
-27.689543 -93.735901
-28.320822 -104.288598
-28.822879 -112.681162
-29.337648 -121.286237
-29.937164 -131.307977
-30.534547 -141.294051
-31.144642 -151.492634
-31.729312 -161.266198
-32.269506 -170.296293
-32.809688 -179.326177
-33.364716 -188.604236
-33.892185 -197.421609
-33.364716 -184.505349
-32.845705 -171.796207
-32.252564 -157.271828
-31.587389 -140.983526
-31.015419 -126.977564
-30.413795 -112.245446
-29.687190 -94.452895
-28.966935 -76.815839
-28.242438 -59.074912
-27.494649 -40.763634
-26.740498 -22.296551
-26.005422 -4.296571
-25.259741 0.749664
-24.503482 1.743916
-23.762043 2.718683
-23.003662 3.715723
-22.257982 4.696066
-21.359774 5.876936
-20.592923 6.885112
-19.853605 7.857091
-19.105816 8.840205
-18.334723 9.853959
-17.589043 10.834302
-16.834891 11.825782
-16.051085 12.856249
-15.288463 13.858865
-14.559737 14.816918
-13.794994 15.822323
-13.030264 16.827711
-12.288825 17.802478
-11.521948 18.810688
-10.793235 19.768725
-10.041192 20.757433
-9.282824 21.754456
-8.539264 22.732011
-7.793584 23.712354
-7.242797 24.436471
-6.488646 25.427951
-5.736615 26.416642
-4.995177 27.391409
-4.219854 28.410722
-3.463582 29.404991
-2.694597 30.415972
-1.940446 31.407452
-1.184186 32.401704
-0.400380 33.432170
0.347409 34.415285
1.110043 35.417918
1.874774 36.423307
2.620455 37.403650
3.374593 38.395113
4.130878 39.389398
4.921034 40.428213
5.656110 41.394615
6.406032 42.380535
7.164413 43.377574
7.918564 44.369054
8.660003 45.343821
9.316707 46.207188
10.036962 47.154104
10.801706 48.159509
11.538903 49.128699
12.257049 50.072844
12.973063 51.014184
13.710272 51.983390
14.477124 52.991567
15.227033 53.977470
15.955759 54.935524
16.690848 55.901942
17.445012 56.893438
18.180088 57.859840
18.900330 58.806740
19.633311 59.770387
20.381100 60.753501
21.071700 61.661431
21.772893 62.583286
22.427476 63.443865
23.107485 64.337869
23.759960 65.195676
24.395468 66.031176
25.033110 66.869481
25.672860 67.710558
26.289317 68.521012
26.910017 69.337044
27.511642 70.127997
28.138679 80.454850
28.738195 93.465488
29.301681 105.694209
29.911777 118.934434
30.460442 130.841513
31.053608 143.714344
31.538710 154.241975
32.009004 164.448240
32.530123 175.757513
32.994067 185.825971
33.426222 195.204567
33.839302 204.169190
34.222741 212.490530
34.654884 217.482434
35.080689 217.139762
34.758693 205.397819
34.375255 191.415302
33.885911 173.570827
33.330896 153.331559
32.703846 130.465474
32.028079 105.822862
31.674295 92.921730
31.411621 83.343020
30.839639 62.485023
30.117263 36.142761
29.380066 9.260037
28.651340 -0.562391
27.916251 -1.433106
27.191767 -2.291260
26.458786 -3.159477
25.725818 -4.027680
24.992863 -4.895867
24.249304 -5.776616
23.518457 -6.642306
22.787610 -7.507997
22.054642 -8.376199
21.321662 -9.244417
20.580223 -10.122653
19.809143 -11.036000
19.090996 -11.886648
18.336844 -12.779942
17.565751 -13.693304
16.830675 -14.564004
16.097694 -15.432222
15.356256 -16.310458
14.589404 -17.218796
13.833132 -18.114603
13.104406 -18.977781
12.346013 -19.876100
11.608816 -20.749312
10.850423 -21.647631
10.089921 -22.548447
9.354845 -23.419147
8.619757 -24.289862
7.878305 -25.168113
7.130517 -26.053871
6.382728 -26.939629
5.651881 -27.805319
4.912563 -28.681044
4.188066 -29.539212
3.412731 -30.457599
2.669184 -31.338333
1.929854 -32.214072
1.186294 -33.094820
0.419443 -34.003158
-0.324117 -34.883907
-1.059205 -35.754622
-1.804873 -36.637867
-2.539962 -37.508582
-2.868308 -37.897509
-3.643643 -38.815895
-4.380840 -39.689107
-5.113807 -40.557310
-5.901855 -41.490755
-6.643294 -42.368991
-7.382612 -43.244715
-8.151584 -44.155565
-8.905735 -45.048860
-9.642945 -45.922087
-10.382263 -46.797811
-11.064392 -47.605796
-11.837594 -48.521655
-12.576924 -49.397394
-13.292938 -50.245514
-14.053439 -51.146331
-14.794878 -52.024567
-15.536316 -52.902803
-16.292576 -53.798595
-17.031907 -54.674334
-17.813592 -55.600243
-18.571985 -56.498562
-19.287985 -57.346666
-20.018845 -58.212372
-20.736979 -59.063004
-21.442401 -59.898578
-22.141472 -60.726630
-22.842665 -61.557195
-23.522661 -62.362652
-24.094631 -63.040152
-24.672950 -63.725174
-25.247028 -64.405171
-25.861366 -65.132855
-26.503236 -65.893153
-27.123936 -66.628374
-27.721306 -67.335960
-28.361068 -77.203689
-28.969056 -87.082334
-29.572788 -96.891852
-30.142637 -106.150825
-30.640452 -114.239375
-31.214555 -123.567476
-31.801346 -133.101721
-32.345770 -141.947580
-32.898677 -150.931280
-33.415554 -159.329563
-33.902790 -167.246223
-33.299044 -152.462489
-32.744016 -138.871678
-32.146634 -124.243746
-31.479350 -107.904173
-30.981523 -95.714022
-30.288814 -78.751865
-29.560088 -60.907766
-28.846183 -43.426581
-28.100503 -25.167322
-27.369668 -7.271599
-26.607033 0.591128
-25.861366 1.537682
-25.109335 2.492312
-24.365776 3.436189
-23.617987 4.385435
-22.880790 5.321236
-21.927502 6.531342
-21.143709 7.526292
-20.385316 8.488999
-19.645998 9.427492
-18.872784 10.409013
-18.112283 11.374396
-17.360252 12.329027
-16.610343 13.280965
-15.843491 14.254409
-15.061794 15.246699
-14.339418 16.163685
-13.572566 17.137129
-12.812052 18.102529
-12.055793 19.062528
-11.310112 20.009097
-10.555973 20.966404
-9.806051 21.918358
-9.056154 22.870280
-8.312594 23.814157
-7.552080 24.779556
-6.783108 25.755693
-6.028969 26.712999
-5.283276 27.659585
-4.529138 28.616891
-3.741090 29.617242
-2.978467 30.585318
-2.230666 31.534579
-1.442631 32.534914
-0.684251 33.497605
0.093205 34.484510
0.855828 35.452586
1.609979 36.409909
2.359889 37.361847
2.868308 38.007236
3.616096 38.956482
4.402023 39.954140
5.168887 40.927600
5.935739 41.901044
6.670827 42.834168
7.437691 43.807629
8.221485 44.802579
8.956573 45.735703
9.678949 46.652690
10.416159 47.588506
11.191494 48.572719
11.951995 49.538103
12.699784 50.487349
13.436981 51.423149
14.193266 52.383180
14.900808 53.281337
15.625293 54.201000
16.377336 55.155646
17.150550 56.137167
17.904701 57.094490
18.650369 58.041043
19.364262 58.947261
20.114184 59.899215
20.859864 60.845785
21.584361 61.765464
22.304604 62.679742
23.024859 63.594037
23.719701 64.476072
24.408181 65.350031
25.069127 66.189038
25.740652 67.041475
26.388886 67.864345
27.039227 68.689891
27.687461 69.512761
28.339923 72.935162
28.973336 86.485470
29.583431 99.536963
30.195660 112.634100
30.788813 125.323165
31.354408 137.422673
31.909436 149.296138
32.434797 160.534947
32.894499 170.369142
33.371142 180.565765
33.809635 189.946246
34.229091 198.919470
34.667596 208.300222
35.061627 216.729533
35.449281 216.840704
35.936530 216.448586
36.436465 216.046257
37.010543 215.584261
37.593118 213.279774
38.177788 210.866864
38.783654 208.366477
39.243343 206.469357
38.734924 187.930726
38.279464 171.323154
37.783770 153.248533
37.190616 131.620207
36.540262 107.906152
36.112348 92.303009
35.396322 66.194348
34.661234 39.390598
33.932520 12.819317
33.193190 -0.397018
32.470814 -1.136637
31.720904 -1.904447
31.002757 -2.639735
30.269802 -3.390186
29.545305 -4.131976
28.812338 -4.882439
28.060307 -5.652420
27.306156 -6.424573
26.571067 -7.177208
25.827507 -7.938516
25.064885 -8.719341
24.329796 -9.471976
23.592599 -10.226770
22.857511 -10.979404
22.120301 -11.734211
21.378875 -12.493334
20.635316 -13.254642
19.859968 -14.048497
19.127000 -14.798960
18.383453 -15.560255
17.616602 -16.345411
16.877271 -17.102389
16.131591 -17.865869
15.379560 -18.635850
14.633892 -19.399316
13.867028 -20.184485
13.138290 -20.930618
12.394730 -21.691926
11.657533 -22.446719
10.892803 -23.229704
10.138651 -24.001856
9.399333 -24.758821
8.662111 -25.513641
7.924914 -26.268434
7.170776 -27.040573
6.410261 -27.819241
5.681535 -28.565361
4.961280 -29.302808
4.228325 -30.053258
3.457219 -30.842770
2.703068 -31.614923
1.972234 -32.363202
1.245616 -33.107163
0.478752 -33.892332
-0.288099 -34.677488
-0.675780 -35.074422
-1.404506 -35.820542
-2.139582 -36.573164
-2.889491 -37.340973
-3.639401 -38.108783
-4.391444 -38.878777
-5.149825 -39.655260
-5.901855 -40.425241
-6.658127 -41.199565
-7.401674 -41.960860
-8.164297 -42.741685
-8.939632 -43.535527
-9.689541 -44.303337
-10.420401 -45.051642
-11.176660 -45.825953
-11.943525 -46.611121
-12.682830 -47.368073
-13.409447 -48.112035
-14.155128 -48.875515
-14.843595 -49.580415
-15.565971 -50.320034
-16.320122 -51.092186
-17.065790 -51.855653
-17.839017 -52.647336
-18.580443 -53.406459
-19.315519 -54.159081
-20.025195 -54.885697
-20.751800 -55.629646
-21.427567 -56.321543
-22.147822 -57.058990
-22.865956 -57.794266
-23.444276 -58.386390
-23.986579 -58.941637
-24.573382 -59.542447
-25.196190 -60.180121
-25.827482 -60.826481
-26.465111 -61.479330
-27.049793 -62.077969
-27.691651 -62.735148
-28.346248 -63.405369
-28.977514 -64.233255
-29.589743 -73.681941
-30.187125 -82.901501
-30.684953 -90.584597
-31.170054 -98.071300
-31.674245 -105.852594
-32.214426 -114.189358
-32.744029 -122.362853
-33.269390 -130.470883
-33.824405 -139.036578
-34.426017 -148.321406
-35.078492 -158.391224
-35.733076 -168.493578
-36.413084 -178.988328
-37.095214 -189.515812
-37.773089 -197.134039
-38.393776 -191.858636
-37.921374 -180.291434
-37.429910 -168.257464
-36.830406 -153.578060
-36.160989 -137.186759
-35.629266 -124.167010
-34.993770 -108.606313
-34.248090 -90.347629
-33.532064 -72.815063
-32.801230 -54.919904
-32.061899 -36.816706
-31.316219 -18.558022
-30.559959 -0.040298
-29.812171 0.793478
-29.079203 1.572945
-28.337777 2.361407
-27.850541 2.879553
-27.458632 3.296324
-26.708722 4.093808
-25.954571 4.895803
-25.191961 5.706792
-24.437810 6.508787
-23.698479 7.295020
-22.944341 8.097001
-22.190189 8.898996
-21.404263 9.734781
-20.658582 10.527768
-19.904443 11.329749
-19.150292 12.131743
-18.381320 12.949499
-17.824183 13.541980
-17.076382 14.337222
-16.326472 15.134705
-15.542666 15.968236
-14.807590 16.749945
-14.055560 17.549684
-13.297167 18.356189
-12.526074 19.176200
-11.771935 19.978181
-11.015662 20.782431
-10.257282 21.588923
-9.503131 22.390918
-8.755342 23.186146
-7.996949 23.992651
-7.232206 24.805910
-6.480175 25.605649
-5.721782 26.412154
-4.961280 27.220902
-4.196550 28.034147
-3.436049 28.842894
-2.675534 29.651655
-1.910791 30.464913
-1.179957 31.242111
-0.400380 32.071144
0.364363 32.884403
1.126985 33.695405
1.912912 34.531191
2.681884 35.348947
3.423323 36.137422
4.188066 36.950680
4.946459 37.757186
5.690006 38.547903
6.463221 39.370170
7.211022 40.165412
7.986357 40.989934
8.640940 41.686044
9.367545 42.458744
10.079330 43.215684
10.861027 44.046972
11.591874 44.824184
12.346026 45.626178
13.091693 46.419151
13.852195 47.227899
14.608467 48.032149
15.345664 48.816113
16.120999 49.640635
16.881500 50.449383
17.629302 51.244624
18.387695 52.051130
19.110071 52.819333
19.840918 53.596545
20.601419 54.405292
21.315312 55.164474
22.018625 55.912405
22.715576 56.653570
23.389234 57.369965
24.084064 58.108875
24.770423 58.838776
25.456794 59.568691
26.111378 60.264801
26.793495 60.990191
27.473504 61.713340
28.155633 62.438743
28.844113 63.170900
29.507167 63.876018
30.187176 64.599167
30.871414 65.326812
31.534481 66.031944
32.203898 67.039503
32.833069 79.500761
33.457985 91.877756
34.070201 104.003217
34.659126 115.667364
35.220504 126.785933
35.750094 137.274912
36.252150 147.218564
36.724565 156.575136
37.218163 166.351267
37.771057 177.301811
38.148133 184.770114
38.537909 192.489953
38.970077 201.049412
39.395870 205.832202
39.849209 203.961288
40.304669 202.081622
39.650073 178.214013
39.181913 161.144155
38.618427 140.598554
38.006198 118.275720
37.319839 93.249993
36.989372 81.200655
36.129290 49.840701
35.379381 22.497812
34.663367 4.965994
33.938870 -0.747241
33.212253 -1.406585
32.468693 -2.081303
31.725146 -2.756009
31.000649 -3.413429
30.259198 -4.086234
29.511409 -4.764789
28.774200 -5.433745
28.034882 -6.104613
27.287080 -6.783180
26.539292 -7.461735
25.802095 -8.130679
25.060643 -8.803484
24.304371 -9.489738
23.554461 -10.170217
22.810914 -10.844924
22.073705 -11.513879
21.325916 -12.192434
20.575994 -12.872926
19.809143 -13.568779
19.076162 -14.233897
18.336844 -14.904765
17.586935 -15.585245
16.817950 -16.283034
16.095574 -16.938530
15.345664 -17.619010
14.583054 -18.311014
13.839482 -18.985743
13.104393 -19.652774
12.335421 -20.350551
11.589753 -21.027182
10.850423 -21.698062
10.098392 -22.380467
9.337891 -23.070558
8.587969 -23.751049
7.861364 -24.410382
7.100862 -25.100473
6.334011 -25.796326
5.607393 -26.455670
4.876546 -27.118852
4.152049 -27.776272
3.389427 -28.468288
2.637396 -29.150692
1.898079 -29.821561
1.162990 -30.488592
0.391897 -31.188294
-0.353771 -31.864925
-1.099452 -32.541567
-1.847253 -33.220134
-2.592921 -33.896764
-3.122511 -34.377323
-3.762273 -34.957853
-4.499483 -35.626809
-5.243043 -36.301527
-6.028957 -37.014677
-6.783108 -37.699006
-7.526668 -38.373724
-8.280806 -39.058041
-9.064625 -39.769291
-9.806051 -40.442072
-10.541140 -41.109103
-11.233849 -41.737678
-11.971058 -42.406634
-12.714618 -43.081352
-13.460285 -43.757982
-14.212316 -44.440387
-14.962226 -45.120866
-15.678239 -45.770588
-16.440874 -46.462615
-17.190783 -47.143095
-17.949164 -47.831261
-18.688482 -48.502130
-19.425691 -49.171086
-20.145934 -49.824645
-20.893735 -50.503212
-21.592807 -51.137560
-22.315183 -51.793056
-23.052380 -52.462000
-23.711192 -53.059817
-24.378501 -53.665343
-25.045784 -54.270847
-25.643167 -54.812921
-26.306221 -55.414587
-26.962938 -56.010502
-27.653526 -56.637153
-28.352598 -57.271501
-29.000818 -57.859707
-29.697769 -58.492131
-30.407432 -59.136091
-31.030240 -59.701236
-31.672124 -63.684045
-32.290690 -72.797897
-32.921969 -82.099056
-33.559598 -91.493775
-34.186647 -100.732623
-34.750146 -109.035124
-35.305162 -117.212629
-35.849598 -125.234264
-36.410964 -133.505329
-36.959629 -141.589274
-37.525236 -149.922837
-38.095085 -158.318898
-38.628930 -166.184475
-38.105677 -153.372463
-37.576087 -140.405280
-36.961737 -125.362725
-36.307166 -109.335349
-35.817810 -97.353299
-35.133572 -80.599512
-34.404846 -62.756420
-33.676120 -44.913327
-32.955865 -27.277647
-32.220789 -9.279073
-31.472988 0.370289
-30.767553 1.078500
-30.026127 1.822845
-29.271989 2.579953
-28.545371 3.309431
-27.801811 4.055918
-27.047673 4.813025
-26.310463 5.553137
-25.566903 6.299624
-24.821236 7.048227
-24.077689 7.794701
-23.812881 8.060551
-23.279049 8.596485
-22.520656 9.357864
-21.770746 10.110726
-21.014474 10.869975
-20.247623 11.639845
-19.508305 12.382074
-18.743562 13.149828
-17.974589 13.921827
-17.239501 14.659810
-16.478999 15.423305
-15.722727 16.182555
-14.951634 16.956683
-14.220800 17.690395
-13.460285 18.453903
-12.716726 19.200390
-11.958345 19.961756
-11.208436 20.714618
-10.462768 21.463221
-9.721329 22.207578
-8.967165 22.964712
-8.223606 23.711198
-7.473709 24.464047
-6.725907 25.214793
-5.959056 25.984663
-5.230330 26.716258
-4.480420 27.469120
-3.711435 28.241132
-2.948813 29.006757
-2.207374 29.751114
-1.436281 30.525243
-0.686372 31.278105
0.069913 32.037367
0.834644 32.805108
1.616329 33.589871
2.340826 34.317220
3.092856 35.072211
3.870312 35.852727
4.643514 36.628973
5.384952 37.373330
6.122162 38.113442
6.869963 38.864187
7.626223 39.623424
8.200314 40.199775
8.905748 40.907986
9.632340 41.637439
10.367429 42.375422
11.134293 43.145305
11.882082 43.896037
12.627762 44.644654
13.375564 45.395399
14.127594 46.150390
14.894446 46.920260
15.610459 47.639092
16.347669 48.379204
17.076395 49.110799
17.841151 49.878566
18.582576 50.622910
19.309194 51.352389
20.042149 52.088229
20.785722 52.834729
21.497493 53.549303
22.202927 54.257514
22.910470 54.967842
23.598949 55.659032
24.293779 56.356597
24.978030 57.043541
25.677114 57.745378
26.367702 58.438684
27.045590 59.119241
27.717128 59.793422
28.414066 60.493104
29.100437 61.182178
29.793146 61.877613
30.468926 62.556053
31.157405 63.247244
31.848006 63.940563
32.513181 64.608357
33.165644 65.263388
33.841411 77.443803
34.506599 90.270895
35.146348 102.607453
35.731031 113.882128
36.279696 124.462269
36.828362 135.042409
37.377040 145.622795
37.855792 154.854765
38.328194 163.964285
38.815429 173.359847
39.285710 182.428469
39.728457 190.966149
40.154263 199.177134
40.605481 200.836036
41.175330 198.484291
40.819438 185.508281
40.389404 169.828995
39.872514 150.982919
39.266647 128.892725
38.584518 104.021925
37.883338 78.456552
37.391861 60.537036
36.665256 34.044640
35.900500 6.161246
35.171774 -0.485481
34.447277 -1.113858
33.707959 -1.755091
32.966520 -2.398162
32.222961 -3.043074
31.496356 -3.673280
30.754917 -4.316351
29.998632 -4.972300
29.248722 -5.622719
28.541180 -6.236391
27.793378 -6.884981
27.043469 -7.535400
26.302030 -8.178472
25.564821 -8.817876
24.850928 -9.437056
24.109489 -10.080127
23.380751 -10.712184
22.637191 -11.357095
21.897886 -11.998316
21.164906 -12.634052
20.417117 -13.282631
19.652374 -13.945916
18.893981 -14.603693
18.148313 -15.250432
17.379340 -15.917385
16.637889 -16.560468
15.892221 -17.207207
15.135936 -17.863156
14.398739 -18.502548
13.646721 -19.154796
12.894678 -19.807065
12.142648 -20.459323
11.401209 -21.102395
10.657649 -21.747306
9.901377 -22.403244
9.130297 -23.072025
8.380374 -23.722454
7.662228 -24.345324
6.891147 -25.014105
6.128512 -25.675561
5.387086 -26.318622
4.668939 -26.941492
3.929621 -27.582724
3.154286 -28.255195
2.400135 -28.909293
1.671422 -29.541328
0.944804 -30.171545
0.182181 -30.832990
-0.578333 -31.492606
-1.321880 -32.137506
-2.063318 -32.780578
-2.847124 -33.460396
-3.613988 -34.125520
-4.382961 -34.792472
-5.162525 -35.468611
-5.937872 -36.141093
-6.670827 -36.776807
-7.435571 -37.440092
-8.193951 -38.097857
-8.933269 -38.739090
-9.664129 -39.372986
-10.388613 -40.001352
-10.988129 -40.521331
-11.712600 -41.149686
-12.451931 -41.790929
-13.182778 -42.424814
-13.930579 -43.073405
-14.655063 -43.701771
-15.398610 -44.346672
-16.140062 -44.989754
-16.892080 -45.642002
-17.584801 -46.242819
-18.334723 -46.893249
-19.088862 -47.547336
-19.806996 -48.170195
-20.550556 -48.815106
-21.296224 -49.461846
-22.033433 -50.101250
-22.768509 -50.738803
-23.467581 -51.345128
-24.149698 -51.936749
-24.865724 -52.557779
-25.577508 -53.175131
-26.265988 -53.772270
-26.929029 -54.347345
-27.613280 -54.940816
-28.310230 -55.545302
-29.011423 -56.153467
-29.689311 -56.741419
-30.398961 -57.356920
-31.059907 -57.930178
-31.739904 -58.519959
-32.409320 -59.100564
-33.008824 -63.590236
-33.650695 -72.876410
-34.279865 -81.978848
-34.894190 -90.866499
-35.533952 -100.122172
-36.103801 -108.366382
-36.667288 -116.518540
-37.249837 -124.946486
-37.773089 -132.516570
-38.328105 -140.546177
-38.859816 -148.238629
-38.213716 -132.418993
-37.656579 -118.777613
-37.044363 -103.787611
-36.398251 -87.967664
-36.084726 -80.291064
-35.150514 -57.417054
-34.413317 -39.366922
-33.663407 -21.005522
-32.947394 -3.474067
-32.205955 0.575210
-31.449683 1.300778
-30.697653 2.022276
-29.968927 2.721416
-29.233851 3.426648
-28.479712 4.150168
-27.723440 4.875736
-26.969275 5.599281
-26.208787 6.328894
-25.458865 7.048369
-24.692013 7.784086
-23.925162 8.519804
-23.187952 9.227083
-22.416859 9.966869
-21.635174 10.716818
-20.872539 11.448490
-20.114171 12.176068
-19.355778 12.903670
-18.582564 13.645492
-17.807229 14.389348
-17.034015 15.131170
-16.279876 15.854691
-15.479116 16.622940
-14.754619 17.318022
-13.979296 18.061867
-13.220903 18.789469
-12.458294 19.521117
-11.702021 20.246684
-10.933036 20.984449
-10.168293 21.718143
-9.409925 22.445721
-8.653653 23.171289
-7.910093 23.884660
-7.132638 24.630551
-6.374257 25.358141
-5.637060 26.065408
-4.868075 26.803172
-4.478299 27.177123
-4.092753 27.547016
-3.325876 28.282758
-2.559025 29.018475
-1.787931 29.758262
-1.033780 30.481795
-0.273279 31.211420
0.478765 31.932930
1.254087 32.676774
2.006130 33.398285
2.758148 34.119770
3.537712 34.867684
4.327881 35.625772
5.094732 36.361489
5.857367 37.093161
6.617868 37.822786
7.380491 38.554446
8.151584 39.294233
8.880323 39.993385
9.617520 40.700651
10.352608 41.405896
11.136414 42.157879
11.877853 42.869215
12.619291 43.580551
13.392506 44.322373
14.157249 45.056068
14.915629 45.783658
15.657068 46.494994
16.417582 47.224631
17.169613 47.946129
17.917401 48.663558
18.648248 49.364732
19.281661 49.972428
20.050633 50.710180
20.811134 51.439805
21.563178 52.161316
22.277070 52.846224
23.014280 53.553503
23.740885 54.250608
24.442077 54.923332
25.160211 55.612310
25.886829 56.309427
26.594372 56.988243
27.316748 57.681291
28.028532 58.364176
28.748774 59.055177
29.483875 59.760433
30.197768 60.445341
30.903202 61.122135
31.621324 61.811101
32.350062 62.510253
33.068209 63.199243
33.756689 63.859770
34.464231 71.839034
35.131527 84.431197
35.775519 96.583594
36.411040 108.576142
37.040210 120.448862
37.605830 131.122352
38.141783 141.236009
38.673507 151.269860
39.192505 161.063579
39.654315 169.778133
40.092833 178.053161
40.556751 186.807498
40.969844 194.602737
41.416821 197.483724
41.901948 195.481622
42.440022 192.322626
43.011979 188.778078
43.560657 185.377796
44.149569 181.728178
44.746964 178.025984
45.289267 174.665212
44.732130 154.353174
44.268200 137.439209
43.751309 118.594467
43.130610 95.965036
42.476026 72.100278
42.067188 57.194875
41.291840 28.927300
40.560993 2.282133
39.849209 -0.512746
39.116241 -1.091663
38.372682 -1.678947
37.650306 -2.249498
36.947005 -2.804984
36.182249 -3.409008
35.451402 -3.986251
34.705734 -4.575199
33.976996 -5.150776
33.235557 -5.736384
32.485647 -6.328683
31.754788 -6.905935
31.013349 -7.491543
30.257077 -8.088867
29.507180 -8.681156
28.774200 -9.260083
28.026411 -9.850707
27.278609 -10.441340
26.543521 -11.021933
25.791490 -11.615906
25.024626 -12.221596
24.278958 -12.810544
23.531170 -13.401168
22.785489 -13.990126
22.058871 -14.564028
21.308962 -15.156327
20.550569 -15.755326
19.777367 -16.366021
19.048628 -16.941598
18.296598 -17.535572
17.536096 -18.136236
16.779824 -18.733560
16.038386 -19.319168
15.316009 -19.889720
14.576679 -20.473663
13.824649 -21.067636
13.083222 -21.653234
12.329071 -22.248883
11.596103 -22.827801
10.854652 -23.413419
10.096271 -24.012408
9.361195 -24.592991
8.619744 -25.178609
7.899502 -25.747475
7.147471 -26.341449
6.408141 -26.925392
5.673065 -27.505974
4.937976 -28.086567
4.226204 -28.648743
3.461461 -29.252758
2.711552 -29.845056
1.984934 -30.418958
1.247737 -31.001216
0.499948 -31.591839
-0.256337 -32.189173
-1.006246 -32.781472
-1.747685 -33.367080
-2.491232 -33.954353
-3.245383 -34.550002
-3.999535 -35.145651
-4.734623 -35.726243
-5.507838 -36.336949
-6.278931 -36.945979
-7.039432 -37.546643
-7.789342 -38.138941
-8.547735 -38.737940
-8.863368 -38.987236
-9.801822 -39.728452
-10.534790 -40.307369
-11.280458 -40.896317
-12.028259 -41.486951
-12.765456 -42.069209
-13.485711 -42.638085
-14.138173 -43.153417
-14.877491 -43.737350
-15.627413 -44.329659
-16.375202 -44.920282
-17.131462 -45.517596
-17.877142 -46.106555
-18.618581 -46.692163
-19.368491 -47.284461
-20.027303 -47.804809
-20.722145 -48.353614
-21.472055 -48.945912
-22.171127 -49.498058
-22.823589 -50.013390
-23.537494 -50.577251
-24.234432 -51.127711
-24.920804 -51.669826
-25.607162 -52.211930
-26.272325 -52.737293
-26.986230 -53.301155
-27.712848 -53.875057
-28.433103 -54.443933
-29.113099 -54.981012
-29.820641 -55.539848
-30.523955 -56.095344
-31.187009 -56.619042
-31.845821 -57.139389
-32.525830 -57.676478
-33.116863 -58.143292
-33.743913 -58.638552
-34.387892 -66.831382
-35.017062 -75.582395
-35.618687 -83.950273
-36.220311 -92.318150
-36.752022 -99.713614
-37.296458 -107.286073
-37.862065 -115.152994
-38.398005 -122.607279
-38.912787 -129.767280
-39.503820 -137.987838
-40.156282 -147.062812
-40.791803 -155.902147
-41.469691 -165.330758
-42.136974 -174.611874
-42.829683 -181.272633
-43.460975 -180.270784
-42.977968 -168.444825
-42.456849 -155.685711
-41.870058 -141.318688
-41.230309 -125.655013
-40.781199 -114.658972
-40.020710 -96.039118
-39.270788 -77.677973
-38.533591 -59.628397
-37.813336 -41.993625
-37.065547 -23.684718
-36.288104 -4.649749
-35.557257 0.410813
-34.813697 0.975506
-34.068029 1.541801
-33.326578 2.104893
-32.566077 2.682453
-31.820409 3.248747
-31.072607 3.816662
-30.314227 4.392611
-29.555846 4.968560
-28.810166 5.534864
-28.062377 6.102769
-27.293405 6.686762
-26.562558 7.241801
-25.804165 7.817760
-25.039422 8.398541
-24.281041 8.974490
-23.524781 9.548828
-22.760038 10.129609
-21.991066 10.713602
-21.200910 11.313683
-20.442517 11.889642
-19.690486 12.460768
-18.906681 13.056026
-18.110162 13.660939
-17.375086 14.219190
-16.599751 14.808015
-15.828658 15.393619
-15.059673 15.977621
-14.328826 16.532660
-13.553503 17.121475
-12.792989 17.699045
-12.036730 18.273383
-11.278337 18.849342
-10.522077 19.423680
-9.757334 20.004461
-9.009545 20.572366
-8.507476 20.953661
-8.244789 21.153157
-7.533018 21.693709
-6.761925 22.279313
-6.001423 22.856873
-5.262105 23.418345
-4.507954 23.991082
-3.738969 24.575084
-2.976347 25.154255
-2.220074 25.728603
-1.457465 26.307764
-0.690601 26.890155
0.072022 27.469326
0.834644 28.048496
1.609979 28.637321
2.359889 29.206837
3.122511 29.786008
3.874541 30.357134
4.677423 30.966879
5.420970 31.531563
6.187834 32.113955
6.948335 32.691515
7.694016 33.257819
8.448167 33.830556
9.187485 34.392028
9.903498 34.935801
10.706379 35.545546
11.435105 36.098974
12.081218 36.589662
12.837478 37.164000
13.587387 37.733516
14.345780 38.309475
15.099932 38.882212
15.871025 39.467816
16.599764 40.021253
17.385690 40.618122
18.127116 41.181195
18.866447 41.742677
19.580352 42.284849
20.332370 42.855966
21.069579 43.415837
21.781364 43.956399
22.497377 44.500172
23.196448 45.031079
23.906124 45.570040
24.609438 46.104168
25.323330 46.646331
26.030885 47.183681
26.681227 47.677580
27.365477 48.197232
28.087841 48.745828
28.772079 49.265469
29.498696 49.817296
30.218964 50.364301
30.924386 50.900030
31.655233 51.455069
32.354304 51.985976
33.099972 52.552271
33.786343 53.073533
34.525661 53.635005
35.256508 54.190043
35.940759 54.709695
36.675835 55.267945
37.368556 55.794030
38.050686 56.312070
38.749770 65.165001
39.400112 76.053661
40.020799 86.445817
40.584298 95.880473
41.158389 105.492468
41.728225 115.033229
42.264178 124.006678
42.781080 132.661173
43.297970 141.315455
43.725884 148.480010
44.181344 156.105773
44.630442 163.625004
45.092264 171.357297
45.609154 172.673290
46.077314 169.771996
45.799794 159.654603
45.390956 144.749828
44.865582 125.596601
44.278791 104.204323
43.611495 79.877112
42.929366 55.009122
42.581944 42.343397
41.709162 10.524907
40.982557 -0.323419
40.243227 -0.869457
39.501801 -1.417043
38.745528 -1.975593
37.999848 -2.526321
37.283822 -3.055147
36.555096 -3.593353
35.800944 -4.150337
35.040430 -4.712020
34.301113 -5.258049
33.557553 -5.807210
32.788581 -6.375140
32.045008 -6.924311
31.288749 -7.482852
30.549418 -8.028890
29.818571 -8.568662
29.036886 -9.145981
28.303919 -9.687320
27.553996 -10.241181
26.804099 -10.795022
26.064769 -11.341060
25.304267 -11.902734
24.571300 -12.444073
23.821390 -12.997924
23.060876 -13.559607
22.332150 -14.097813
21.563178 -14.665743
20.823847 -15.211781
20.048512 -15.784411
19.292253 -16.342952
18.542330 -16.896812
17.779708 -17.460053
17.017086 -18.023293
16.286239 -18.563065
15.527858 -19.123173
14.777936 -19.677033
14.006843 -20.246530
13.271754 -20.789435
12.513374 -21.349542
11.776164 -21.894014
11.028375 -22.446299
10.257269 -23.015804
9.515831 -23.563399
8.780742 -24.106304
8.052016 -24.644510
7.306348 -25.195229
6.543726 -25.758469
5.804395 -26.304507
5.077803 -26.841137
4.342702 -27.384052
3.571608 -27.953548
2.823820 -28.505833
2.065439 -29.065940
1.345184 -29.597890
0.563486 -30.175219
-0.190665 -30.732203
-0.938441 -31.284478
-1.703197 -31.849294
-2.431923 -32.387500
-3.205137 -32.958563
-3.982593 -33.532759
-4.738853 -34.091300
-5.507838 -34.659239
-6.268326 -35.220904
-7.028840 -35.782587
-7.782979 -36.339561
-8.496884 -36.866821
-9.219260 -37.400337
-9.973412 -37.957321
-10.575036 -38.401655
-11.327067 -38.957073
-12.083339 -39.515623
-12.816294 -40.056953
-13.578916 -40.620193
-14.305534 -41.156842
-15.072385 -41.723206
-15.792640 -42.255155
-16.567975 -42.827785
-17.294581 -43.364424
-18.067795 -43.935487
-18.817717 -44.489348
-19.582448 -45.054145
-20.315403 -45.595474
-21.001774 -46.102399
-21.730500 -46.640605
-22.467697 -47.185067
-23.217607 -47.738918
-23.931512 -48.266178
-24.626341 -48.779349
-25.352959 -49.315998
-26.068973 -49.844815
-26.795578 -50.381455
-27.543366 -50.933739
-28.284818 -51.481344
-28.994481 -52.005471
-29.710494 -52.534288
-30.426508 -53.063104
-31.157355 -53.602877
-31.871247 -54.130127
-32.604215 -54.671466
-33.322349 -55.201849
-34.034133 -55.727543
-34.735313 -56.245404
-35.434384 -56.761708
-36.112272 -57.262367
-36.830406 -64.893895
-37.497690 -73.904653
-38.198895 -83.373478
-38.766610 -91.039705
-39.400010 -99.592911
-39.986814 -107.516897
-40.582088 -115.555271
-41.098965 -122.534999
-41.626447 -129.657926
-42.168750 -136.980989
-42.696232 -144.103916
-43.255489 -151.655927
-43.787200 -158.835962
-43.249139 -145.662364
-42.689882 -131.969807
-42.084015 -117.136100
-41.437916 -101.317335
-41.084144 -92.655788
-40.194408 -70.871949
-39.446619 -52.563486
-38.692468 -34.099243
-37.974334 -16.516826
-37.230774 0.049577
-36.485106 0.585748
-35.726726 1.131060
-34.989516 1.661149
-34.245969 2.195795
-33.487589 2.741107
-32.746150 3.274237
-32.008940 3.804326
-31.239955 4.357264
-30.502771 4.887334
-29.731665 5.441797
-28.983877 5.979493
-28.231859 6.520229
-27.462861 7.073176
-26.708722 7.615438
-25.948221 8.162275
-25.196190 8.703021
-24.418734 9.262049
-23.647641 9.816502
-22.880790 10.367905
-22.107576 10.923883
-21.330120 11.482911
-20.561148 12.035839
-19.813346 12.573544
-19.042253 13.127997
-18.256339 13.693107
-17.506417 14.232338
-16.764991 14.765459
-15.970580 15.336678
-15.212200 15.881990
-14.462290 16.421211
-13.682726 16.981755
-12.924333 17.527076
-12.161710 18.075438
-11.403317 18.620759
-10.644949 19.166062
-9.903498 19.699201
-9.301886 20.131789
-8.323174 20.835530
-7.573264 21.374752
-6.816992 21.918548
-6.045911 22.472992
-5.291760 23.015263
-4.529138 23.563625
-3.766515 24.111987
-3.001772 24.661874
-2.239150 25.210236
-1.489227 25.749466
-0.711784 26.308485
0.050838 26.856847
0.815581 27.406734
1.584566 27.959671
2.342934 28.504974
3.094977 29.045730
3.853371 29.591051
4.488879 30.048011
5.219725 30.573525
5.956922 31.103605
6.713195 31.647402
7.473696 32.194239
8.221497 32.731944
8.952344 33.257458
9.659887 33.766215
10.401325 34.299345
11.161827 34.846182
11.907507 35.382362
12.665888 35.927674
13.458177 36.497368
14.239862 37.059437
15.000364 37.606274
15.756636 38.150070
16.510787 38.692341
17.315777 39.271168
18.086870 39.825621
18.855855 40.378558
19.586715 40.904081
20.370508 41.467666
21.131009 42.014503
21.842793 42.526310
22.588474 43.062490
23.334155 43.598670
24.065001 44.124184
24.781015 44.639032
25.477978 45.140182
26.179170 45.644373
26.880363 46.148564
27.596376 46.663412
28.312389 47.178260
29.039007 47.700733
29.778325 48.232338
30.513414 48.760902
31.240019 49.283366
31.983578 49.818022
32.674192 50.314606
33.413510 50.846211
34.118931 51.353443
34.822244 51.859159
35.563683 52.392289
36.288180 52.913237
37.008435 53.431135
37.694794 53.924660
38.387515 54.422760
39.114120 56.621265
39.802600 67.808465
40.467788 78.617193
41.128721 89.356789
41.757892 99.580268
42.368000 109.493996
42.906061 118.237020
43.401780 126.292026
43.899595 134.381083
44.346571 141.644064
44.776606 148.631756
45.208774 155.654117
45.626096 162.435239
46.007401 168.631112
46.422615 167.627242
46.115453 156.429448
45.693889 141.061070
45.162165 121.676746
44.539344 98.971419
43.852986 73.949770
43.158156 48.619310
42.848873 37.344196
42.562882 26.918201
41.950665 4.599468
41.202877 -0.442634
40.488972 -0.950979
39.753883 -1.474409
38.997611 -2.012922
38.249809 -2.545404
37.535917 -3.053740
36.794465 -3.581700
36.031843 -4.124735
35.305238 -4.642123
34.557437 -5.174605
33.794814 -5.717640
33.061847 -6.239559
32.303466 -6.779573
31.562027 -7.307524
30.818468 -7.836985
30.081258 -8.361925
29.329228 -8.897417
28.581426 -9.429899
27.844229 -9.954829
27.107020 -10.479769
26.346518 -11.021294
25.602959 -11.550755
24.876341 -12.068152
24.145494 -12.588561
23.389234 -13.127065
22.662617 -13.644463
21.923299 -14.170904
21.181860 -14.698854
20.453134 -15.217753
19.688391 -15.762298
18.959665 -16.281197
18.213984 -16.812168
17.449241 -17.356713
16.701440 -17.889195
15.970593 -18.409604
15.220683 -18.943586
14.487716 -19.465505
13.731443 -20.004019
12.994246 -20.528949
12.242216 -21.064442
11.500777 -21.592393
10.755097 -22.123364
9.996716 -22.663379
9.274340 -23.177756
8.541372 -23.699675
7.806284 -24.223104
7.045782 -24.764629
6.302235 -25.294081
5.579859 -25.808458
4.829937 -26.342450
4.096969 -26.864369
3.340710 -27.402873
2.582316 -27.942897
1.849349 -28.464816
1.103681 -28.995778
0.351650 -29.531271
-0.413093 -30.075816
-1.190549 -30.629413
-1.936217 -31.160376
-2.700960 -31.704921
-3.455111 -32.241924
-4.219854 -32.786469
-4.986706 -33.332515
-5.730265 -33.861976
-6.484417 -34.398980
-7.221614 -34.923910
-7.967294 -35.454881
-8.715083 -35.987354
-9.452280 -36.512284
-10.183139 -37.032702
-10.918215 -37.556122
-11.651183 -38.078041
-12.405322 -38.615036
-13.153123 -39.147517
-13.881849 -39.666416
-14.642363 -40.207949
-15.402852 -40.749465
-16.178187 -41.301552
-16.934459 -41.840066
-17.656823 -42.354434
-18.389791 -42.876353
-19.146063 -43.414866
-19.531609 -43.689399
-19.813359 -43.890023
-20.520889 -44.393828
-21.272932 -44.929330
-22.018600 -45.460293
-22.692246 -45.939971
-23.416743 -46.455858
-24.117935 -46.955151
-24.857240 -47.481583
-25.594450 -48.006522
-26.293521 -48.504305
-27.022247 -49.023204
-27.744611 -49.537572
-28.473336 -50.056470
-29.202075 -50.575378
-29.909618 -51.079192
-30.608689 -51.576975
-31.335294 -52.094364
-32.042837 -52.598178
-32.720725 -53.080877
-33.421904 -53.580161
-34.140051 -54.091527
-34.885719 -54.622489
-35.589019 -55.123283
-36.288091 -55.621066
-37.016817 -56.139964
-37.747677 -57.191793
-38.408610 -65.970227
-39.048360 -74.467302
-39.738960 -83.639771
-40.317268 -91.320774
-40.904071 -99.114623
-41.435782 -106.176739
-41.946322 -112.957666
-42.427208 -119.344726
-42.944085 -126.209825
-43.463096 -133.103261
-43.943968 -139.490153
-43.344452 -124.812210
-42.755541 -110.393897
-42.120020 -94.834457
-41.482404 -79.223713
-41.211246 -72.584964
-40.933738 -65.790749
-40.213470 -48.156447
-39.452982 -29.537418
-38.705180 -11.229012
-37.978575 0.187136
-37.237137 0.704936
-36.466043 1.243446
-35.730955 1.756812
-34.981058 2.280520
-34.237498 2.799801
-33.481226 3.327961
-32.754608 3.835411
-31.991999 4.367997
-31.220905 4.906507
-30.483708 5.421345
-29.708361 5.962827
-28.958464 6.486534
-28.204312 7.013213
-27.420506 7.560601
-26.655763 8.094677
-25.903733 8.619875
-25.136881 9.155423
-24.350955 9.704292
-23.588332 10.236887
-22.819347 10.773925
-22.052496 11.309473
-21.251748 11.868693
-20.493355 12.398334
-19.758279 12.911691
-18.970231 13.462042
-18.188546 14.007949
-17.430166 14.537582
-16.673881 15.065750
-15.890088 15.613130
-15.095677 16.167924
-14.362722 16.679800
-13.589508 17.219792
-12.837490 17.744980
-12.068492 18.282027
-11.305883 18.814613
-10.549611 19.342773
-9.786988 19.875367
-9.022245 20.409443
-8.748979 20.600284
-8.177009 20.999733
-7.414400 21.532318
-6.645415 22.069356
-5.876430 22.606394
-5.122291 23.133064
-4.359669 23.665659
-3.594925 24.199734
-2.836532 24.729375
-2.052726 25.276764
-1.309179 25.796037
-0.535953 26.336037
0.247853 26.883426
1.006234 27.413058
1.766735 27.944171
2.516657 28.467896
3.268688 28.993094
4.054615 29.541964
4.802391 30.064190
5.526900 30.570167
6.249276 31.074655
6.867843 31.506645
7.641044 32.046627
8.405800 32.580712
9.115463 33.076321
9.833597 33.577847
10.606811 34.117838
11.380026 34.657830
12.108752 35.166752
12.856553 35.688996
13.610692 36.215666
14.394510 36.763063
15.182558 37.313414
15.968485 37.862284
16.737457 38.399313
17.523384 38.948183
18.298719 39.489656
19.059220 40.020769
19.832434 40.560760
20.612011 41.105195
21.383104 41.643706
22.135135 42.168903
22.876573 42.686704
23.607433 43.197116
24.340388 43.708992
25.090298 44.232708
25.827507 44.747555
26.558354 45.257959
27.278609 45.760965
27.988273 46.256574
28.693707 46.749230
29.441496 47.271466
30.174476 47.783359
30.915915 48.301159
31.638278 48.805638
32.354304 49.305691
33.112685 49.835323
33.835061 50.339811
34.561678 50.847261
35.275584 51.345833
35.978884 51.836998
36.722444 52.356280
37.425757 52.847455
38.118479 53.331233
38.842963 53.837192
39.561110 57.930415
40.255952 69.038630
40.919006 79.638660
41.569348 90.035456
42.209110 100.263127
42.834039 110.253659
43.391176 119.160412
43.874182 126.882076
44.342342 134.366396
44.797802 141.647686
45.234187 148.624024
45.662113 155.465143
46.030706 161.357703
46.439569 167.517956
46.909850 164.603519
47.458516 161.203316
48.043198 158.644755
48.644823 158.644755
49.265510 158.644755
49.920093 158.644755
50.502668 158.644755
49.905272 136.867693
49.451933 120.341958
48.890555 99.877843
48.246563 76.402189
47.517837 49.837682
47.176766 37.404492
46.312468 5.897913
45.602792 -0.360156
44.850749 -0.854520
44.117793 -1.336335
43.399659 -1.808408
42.675162 -2.284664
41.931603 -2.773450
41.173209 -3.271988
40.433892 -3.757986
39.711516 -4.232847
38.965835 -4.723028
38.201092 -5.225740
37.474474 -5.703389
36.735156 -6.189388
35.964050 -6.696282
35.241687 -7.171135
34.498115 -7.659930
33.739734 -8.158459
33.017371 -8.633312
32.324637 -9.088688
31.602274 -9.563541
30.886248 -10.034228
30.218951 -10.472882
29.475405 -10.961660
28.727603 -11.453235
27.981923 -11.943416
27.240484 -12.430808
26.482091 -12.929346
25.757594 -13.405601
24.992863 -13.908305
24.262004 -14.388743
23.507865 -14.884483
22.768535 -15.370490
22.033459 -15.853700
21.294128 -16.339706
20.561160 -16.821530
19.787946 -17.329810
19.057112 -17.810232
18.315661 -18.297632
17.550917 -18.800344
16.788308 -19.301654
16.042627 -19.791834
15.299068 -20.280621
14.547024 -20.774984
13.782281 -21.277696
13.036613 -21.767868
12.288812 -22.259443
11.543132 -22.749624
10.795356 -23.241182
10.020021 -23.750857
9.303995 -24.221544
8.577390 -24.699185
7.825359 -25.193540
7.064858 -25.693464
6.327648 -26.178076
5.588330 -26.664074
4.819358 -27.169566
4.044010 -27.679249
3.279280 -28.181952
2.523007 -28.679095
1.766748 -29.176230
1.008355 -29.674768
0.243611 -30.177480
-0.506311 -30.670449
-1.256208 -31.163401
-1.989188 -31.645234
-2.730614 -32.132618
-3.493237 -32.633935
-4.243146 -33.126896
-5.014252 -33.633790
-5.745086 -34.114212
-6.488646 -34.602998
-7.234326 -35.093179
-7.990599 -35.590323
-8.706612 -36.061001
-9.450159 -36.549779
-10.214902 -37.052491
-10.960583 -37.542672
-11.634229 -37.985500
-12.371426 -38.470104
-13.108635 -38.954716
-13.835240 -39.432358
-14.587271 -39.926713
-15.326601 -40.412719
-16.078632 -40.907074
-16.856075 -41.418135
-17.597514 -41.905527
-18.275389 -42.351135
-19.021069 -42.841316
-19.770979 -43.334277
-20.510297 -43.820275
-21.255977 -44.310456
-22.016479 -44.810379
-22.713442 -45.268535
-23.450626 -45.753131
-24.170881 -46.226598
-24.914441 -46.715384
-25.674955 -47.215316
-26.403681 -47.694352
-27.149349 -48.184524
-27.875967 -48.662174
-28.602572 -49.139815
-29.331298 -49.618850
-30.057903 -50.096492
-30.761203 -50.558814
-31.502655 -51.046214
-32.214439 -51.514113
-32.913498 -51.973647
-33.637995 -52.449902
-34.370962 -52.931726
-35.078505 -53.396836
-35.796626 -53.868901
-36.485106 -54.321480
-37.213832 -54.800516
-37.908674 -55.257277
-38.569608 -55.691749
-39.253846 -60.507759
-39.878775 -68.503493
-40.507933 -76.553338
-41.073540 -83.790073
-41.607372 -90.620254
-42.130624 -97.315080
-42.624210 -103.630324
-43.064824 -109.267815
-43.562664 -115.637494
-44.090133 -122.386267
-44.619735 -129.162338
-45.217118 -136.805628
-45.852639 -144.936881
-46.509330 -153.339007
-47.189339 -162.039469
-47.862998 -170.658685
-48.458260 -172.320010
-47.977387 -160.547091
-47.445663 -147.529222
-46.850402 -132.955788
-46.214881 -117.396717
-45.850518 -108.476237
-44.969265 -86.901050
-44.272314 -69.838028
-43.552072 -52.204767
-42.802150 -33.844871
-42.043769 -15.277897
-41.302330 0.071127
-40.556650 0.522885
-39.798269 0.982338
-39.010234 1.459756
-38.309042 1.884563
-37.559120 2.338891
-36.807102 2.794489
-36.033888 3.262928
-35.290341 3.713394
-34.523477 4.177987
-33.758734 4.641294
-33.008824 5.095615
-32.254673 5.552505
-31.504763 6.006826
-30.733670 6.473981
-29.968939 6.937280
-29.206317 7.399303
-28.460624 7.851069
-27.678952 8.324633
-26.897267 8.798204
-26.132511 9.261519
-25.382614 9.715833
-24.607279 10.185557
-23.827715 10.657843
-23.067200 11.118589
-22.296120 11.585735
-21.516543 12.058030
-20.756042 12.518767
-20.001890 12.975658
-19.237147 13.438965
-18.457570 13.911259
-17.701311 14.369427
-16.938701 14.831442
-16.188779 15.285770
-15.368956 15.782447
-14.648713 16.218794
-13.881849 16.683387
-13.117106 17.146694
-12.350255 17.611279
-11.593982 18.069454
-10.833481 18.530192
-10.068738 18.993500
-9.316707 19.449105
-8.554085 19.911128
-7.742733 20.402672
-6.978002 20.865972
-6.228080 21.320301
-5.486654 21.769482
-4.730382 22.227657
-3.946576 22.702514
-3.186074 23.163251
-2.434031 23.618865
-1.660830 24.087296
-0.913028 24.540340
-0.139814 25.008779
0.620687 25.469517
1.374839 25.926407
2.103565 26.367894
2.726373 26.745213
3.469919 27.195679
4.257967 27.673105
4.988827 28.115884
5.732374 28.566350
6.475946 29.016832
7.232206 29.475000
7.988465 29.933167
8.727796 30.381079
9.452293 30.820004
10.168306 31.253789
10.969053 31.738909
11.699900 32.181681
12.439231 32.629593
13.216674 33.100594
13.998372 33.574173
14.796999 34.058009
15.561742 34.521316
16.334956 34.989755
17.091228 35.447931
17.885626 35.929204
18.652490 36.393796
19.412991 36.854534
20.186205 37.322973
20.938249 37.778587
21.633078 38.199538
22.361804 38.641025
23.115956 39.097916
23.840440 39.536833
24.543753 39.962924
25.280963 40.409551
25.988505 40.838204
26.689698 41.263010
27.416315 41.703220
28.145042 42.144707
28.846234 42.569513
29.568597 43.007146
30.282502 43.439654
30.973116 43.858051
31.699708 44.298245
32.424205 44.737170
33.169885 45.188928
33.883791 45.621436
34.646413 46.083459
35.406914 46.544197
36.105998 46.967726
36.866500 47.428463
37.597347 47.871235
38.319723 48.308875
39.069632 48.763196
39.775067 49.190572
40.493201 49.625642
41.221939 50.067137
41.927374 50.494513
42.632795 50.921881
43.314925 52.812735
43.986450 62.699894
44.660096 72.618280
45.333755 82.536852
45.954442 91.675500
46.539125 100.284037
47.075077 108.175103
47.572917 115.505019
48.064382 122.741067
48.574909 130.257784
49.040974 137.119857
49.468888 143.420218
49.920093 150.063516
50.407329 157.237297
50.911519 158.641013
51.407225 158.641013
51.091579 147.135150
50.636132 130.533264
50.087454 110.532950
49.447691 87.212443
48.746512 61.653168
48.098265 38.023419
47.825000 28.062380
47.519946 16.942607
46.795449 -0.162143
46.060373 -0.621081
45.316813 -1.085316
44.573253 -1.549550
43.840286 -2.007172
43.094605 -2.472731
42.367987 -2.926388
41.613849 -3.397228
40.874505 -3.858830
40.139429 -4.317768
39.383170 -4.789932
38.620535 -5.266076
37.885459 -5.725014
37.152478 -6.182644
36.396219 -6.654808
35.642067 -7.125655
34.877324 -7.603116
34.157056 -8.052808
33.409268 -8.519683
32.640295 -8.999784
31.890373 -9.467991
31.148934 -9.930902
30.413858 -10.389840
29.644861 -10.869957
28.901301 -11.334191
28.164117 -11.794446
27.422666 -12.257364
26.674864 -12.724247
25.948259 -13.177896
25.177153 -13.659329
24.444185 -14.116951
23.711230 -14.574565
22.961308 -15.042772
22.213519 -15.509647
21.459368 -15.980495
20.707337 -16.450018
19.934110 -16.932775
19.179972 -17.403615
18.432183 -17.870490
17.665319 -18.349275
16.917518 -18.816158
16.184550 -19.273779
15.413457 -19.755205
14.655076 -20.228692
13.875499 -20.715414
13.153123 -21.166423
12.386259 -21.645208
11.634241 -22.114723
10.869498 -22.592184
10.096284 -23.074933
9.376016 -23.524626
8.632469 -23.988852
7.867726 -24.466313
7.092391 -24.950386
6.338240 -25.421234
5.581968 -25.893405
4.840541 -26.356308
4.060965 -26.843030
3.287751 -27.325779
2.537828 -27.793986
1.775206 -28.270122
1.021067 -28.740962
0.252082 -29.221071
-0.506298 -29.694559
-1.258329 -30.164082
-2.008238 -30.632281
-2.760269 -31.101805
-3.516541 -31.573977
-4.277055 -32.048797
-5.026952 -32.516988
-5.772633 -32.982547
-6.539484 -33.461324
-7.289406 -33.929531
-8.041424 -34.399046
-8.776525 -34.858000
-9.520072 -35.322227
-10.293287 -35.804976
-10.986008 -36.237470
-11.723205 -36.697733
-12.473114 -37.165932
-13.239979 -37.644717
-13.903033 -38.058688
-14.646593 -38.522923
-15.390139 -38.987150
-16.165474 -39.471223
-16.942930 -39.956621
-17.678019 -40.415567
-18.430049 -40.885090
-19.188417 -41.358570
-19.938340 -41.826777
-20.686128 -42.293652
-21.436051 -42.761860
-22.209265 -43.244609
-22.908336 -43.681068
-23.649762 -44.143970
-24.395443 -44.609529
-25.122048 -45.063178
-25.855016 -45.520800
-26.611275 -45.992964
-27.356943 -46.458515
-28.119578 -46.934659
-28.844062 -47.386984
-29.583380 -47.848571
-30.324819 -48.311481
-31.072607 -48.778356
-31.797104 -49.230689
-32.525830 -49.685663
-33.271498 -50.151214
-33.995995 -50.603547
-34.735313 -51.065133
-35.449205 -51.510845
-36.190657 -51.973764
-36.953266 -52.449892
-37.677763 -52.902225
-38.410718 -53.359839
-39.126744 -53.806883
-39.874533 -54.273759
-40.618093 -54.737993
-41.310801 -60.694269
-41.986568 -69.127426
-42.655985 -77.481339
-43.316931 -85.729541
-43.963031 -93.792469
-44.583718 -101.538263
-45.123913 -108.279558
-45.704354 -115.523103
-46.303857 -123.004538
-46.812264 -129.349138
-47.343987 -135.984722
-47.869348 -142.540903
-48.381996 -148.938438
-47.795193 -134.572375
-47.210523 -120.258548
-46.572881 -104.647873
-45.937373 -89.089432
-45.443788 -77.005523
-44.740487 -59.787391
-44.026582 -42.309641
-43.278793 -24.002355
-42.537355 -5.850530
-41.806508 0.292135
-41.075661 0.726202
-40.319401 1.175362
-39.563129 1.624530
-38.825932 2.062369
-38.101435 2.492665
-37.364238 2.930503
-36.593145 3.388473
-35.834764 3.838893
-35.095447 4.277992
-34.322220 4.737229
-33.572323 5.182611
-32.809688 5.635557
-32.070370 6.074656
-31.292927 6.536397
-30.557838 6.972984
-29.793108 7.427175
-29.015652 7.888924
-28.269971 8.331802
-27.517941 8.778450
-26.753210 9.232642
-25.973634 9.695651
-25.215253 10.146070
-24.467464 10.590200
-23.702721 11.044399
-22.937991 11.498590
-22.164764 11.957828
-21.406383 12.408248
-20.622590 12.873761
-19.864197 13.324188
-19.129108 13.760775
-18.368607 14.212454
-17.591164 14.674196
-16.841241 15.119593
-16.074390 15.575044
-15.330830 16.016661
-14.566100 16.470852
-13.833132 16.906179
-13.062026 17.364157
-12.312117 17.809546
-11.543144 18.266257
-10.786872 18.715425
-10.024250 19.168364
-9.278582 19.611234
-8.518080 20.062913
-7.761795 20.512089
-7.003428 20.962501
-6.240793 21.415448
-5.469699 21.873418
-4.717669 22.320067
-3.967759 22.765456
-3.219971 23.209585
-2.444623 23.670082
-1.673542 24.128045
-0.999884 24.528147
-0.101689 25.061606
0.669417 25.519584
1.415085 25.962453
2.133219 26.388970
2.906433 26.848200
3.694481 27.316240
4.427436 27.751559
5.149825 28.180603
5.872188 28.609631
6.632702 29.061318
7.386841 29.509219
8.107096 29.936996
8.844305 30.374842
9.602686 30.825262
10.335666 31.260596
11.062259 31.692136
11.807939 32.135013
12.555741 32.579150
13.326834 33.037120
14.102169 33.497610
14.856320 33.945518
15.635884 34.408520
16.402749 34.863978
17.146308 35.305596
17.900460 35.753504
18.682144 36.217765
19.448996 36.673216
20.175626 37.104779
20.936128 37.556459
21.686037 38.001848
22.435947 38.447237
23.035463 38.803303
23.770552 39.239890
24.524691 39.687790
25.261900 40.125636
25.956730 40.538312
26.670635 40.962317
27.395132 41.392613
28.102662 41.812831
28.829279 42.244387
29.549535 42.672163
30.278260 43.104971
31.019712 43.545336
31.708192 43.954240
32.443280 44.390827
33.161414 44.817343
33.890141 45.250151
34.612516 45.679187
35.326422 46.103192
36.074223 46.547329
36.788115 46.971326
37.493550 47.390300
38.224396 47.824367
38.931939 48.244593
39.664907 48.679920
40.406345 49.120278
41.101188 49.532961
41.819322 49.959478
42.524756 50.378452
43.215344 50.788608
43.912307 51.202551
44.605029 59.671407
45.301980 69.811586
45.958697 79.366392
46.621751 89.013401
47.280563 98.598696
47.888550 107.444513
48.488054 116.166900
49.030369 124.057237
49.504892 130.961235
49.973065 137.772846
50.432754 144.461025
50.917869 151.519127
51.371208 158.114919
51.771601 158.638945
52.260945 158.638945
51.837260 143.195286
51.383921 126.670696
50.792888 105.127067
50.136171 81.189188
49.418037 55.012600
48.930801 37.252462
48.661764 27.445847
48.187242 10.149097
47.439453 -0.285847
46.689531 -0.742565
45.965046 -1.183791
45.223595 -1.635350
44.473686 -2.092060
43.721655 -2.550062
42.982324 -3.000329
42.253599 -3.444138
41.524860 -3.887955
40.777071 -4.343373
40.029282 -4.798792
39.292060 -5.247775
38.525209 -5.714803
37.794362 -6.159904
37.063515 -6.605005
36.305122 -7.066881
35.536149 -7.535201
34.805290 -7.980310
34.072322 -8.426702
33.301229 -8.896313
32.555548 -9.350448
31.790805 -9.816192
31.045137 -10.270319
30.278273 -10.737355
29.522001 -11.197940
28.789033 -11.644332
28.051836 -12.093300
27.295551 -12.553893
26.556233 -13.004153
25.791503 -13.469889
25.086069 -13.899513
24.350980 -14.347197
23.592599 -14.809066
22.853269 -15.259333
22.103359 -15.716043
21.344966 -16.177920
20.578115 -16.644948
19.821842 -17.105533
19.063462 -17.567403
18.298719 -18.033147
17.546676 -18.491156
16.805250 -18.942700
16.044736 -19.405868
15.301189 -19.858704
14.530083 -20.328323
13.795007 -20.775999
13.034493 -21.239167
12.276112 -21.701037
11.517719 -22.162913
10.782630 -22.610597
10.068738 -23.045372
9.291282 -23.518859
8.558314 -23.965251
7.791450 -24.432287
7.043674 -24.887698
6.278918 -25.353450
5.514188 -25.819186
4.772749 -26.270737
4.039781 -26.717130
3.249625 -27.198351
2.489111 -27.661519
1.713776 -28.133714
0.925741 -28.613643
0.171577 -29.072944
-0.591033 -29.537389
-1.355776 -30.003133
-2.118398 -30.467586
-2.895841 -30.941065
-3.647884 -31.399074
-4.406265 -31.860943
-5.162537 -32.321528
-5.912447 -32.778239
-6.660236 -33.233657
-7.401674 -33.685208
-8.149463 -34.140627
-8.905735 -34.601212
-9.647174 -35.052763
-10.375913 -35.496580
-11.127930 -35.954574
-11.877853 -36.411292
-12.631991 -36.870578
-13.386143 -37.329871
-14.129703 -37.782714
-14.900796 -38.252326
-15.663418 -38.716778
-16.423932 -39.179947
-17.209846 -39.658584
-17.980939 -40.128196
-18.737212 -40.588781
-19.485000 -41.044200
-20.243381 -41.506069
-21.014474 -41.975680
-21.758034 -42.428523
-22.389325 -42.812992
-23.192181 -43.301948
-23.927270 -43.749632
-24.677180 -44.206342
-25.427089 -44.663052
-26.189724 -45.127513
-26.918450 -45.571321
-27.634463 -46.007388
-28.386494 -46.465390
-29.110991 -46.906623
-29.856659 -47.360750
-30.583276 -47.803275
-31.339523 -48.263845
-32.072504 -48.710245
-32.807580 -49.157921
-33.549019 -49.609472
-34.284095 -50.057149
-35.014941 -50.502249
-35.739426 -50.943475
-36.472406 -51.389875
-37.235016 -51.854320
-37.967971 -52.300704
-38.690359 -52.740653
-39.423315 -53.187038
-40.164753 -53.638589
-40.916784 -54.096591
-41.617976 -54.523632
-42.295851 -56.059065
-43.001286 -64.755120
-43.679173 -73.111606
-44.304102 -80.815253
-44.907835 -88.257608
-45.448017 -94.916557
-46.034808 -102.150067
-46.608911 -109.227177
-47.166035 -116.094972
-47.708350 -122.780223
-48.242182 -129.360895
-48.727297 -135.341018
-48.047288 -118.693419
-47.460497 -104.327931
-46.808022 -88.354395
-46.212760 -73.781527
-45.615377 -59.156737
-44.886639 -41.316160
-44.172759 -23.839352
-43.429199 -5.635938
-42.658106 0.315146
-41.920897 0.744684
-41.185821 1.172979
-40.425306 1.616095
-39.679639 2.050561
-38.936092 2.483792
-38.196774 2.914558
-37.448973 3.350267
-36.680000 3.798312
-35.923728 4.238957
-35.188652 4.667252
-34.430272 5.109125
-33.671878 5.551006
-32.909256 5.995350
-32.155105 6.434760
-31.394616 6.877861
-30.653164 7.309871
-29.886313 7.756680
-29.134283 8.194853
-28.380131 8.634262
-27.615401 9.079835
-26.840066 9.531587
-26.090156 9.968525
-25.310579 10.422748
-24.552199 10.864621
-23.787456 11.310202
-23.026954 11.753311
-22.253740 12.203827
-21.474163 12.658050
-20.692491 13.113495
-19.944690 13.549204
-19.196901 13.984906
-18.406732 14.445301
-17.652594 14.884702
-16.900563 15.322876
-16.131591 15.770920
-15.373210 16.212794
-14.625409 16.648503
-13.862787 17.092848
-13.095923 17.539664
-12.335421 17.982773
-11.577041 18.424646
-10.801706 18.876398
-10.053917 19.312100
-9.306116 19.747809
-8.528660 20.200797
-7.770279 20.642670
-7.022478 21.078380
-6.257747 21.523953
-5.484533 21.974469
-4.719790 22.420049
-3.969880 22.856987
-3.198774 23.306275
-2.429802 23.754319
-1.682001 24.190029
-0.906678 24.641773
-0.154648 25.079946
0.618566 25.530463
1.379080 25.973579
2.133219 26.412981
2.883129 26.849918
3.654234 27.299206
