# cumulative_displacement force displacement
0.000000 -0.000000 0.000000
0.427914 6.994709 0.427914
0.699072 0.345901 0.156756
1.090968 -0.731481 -0.235141
1.360005 1.846550 0.033896
1.919249 6.163656 0.593141
2.323859 -0.346476 0.188532
2.794140 -1.037629 -0.281749
3.126727 -1.526419 -0.614337
3.927475 5.413736 0.186411
4.562996 10.072586 0.821931
5.181562 14.607146 1.440497
5.795899 19.110704 2.054835
6.350927 23.179482 2.609863
6.632677 12.894965 2.328113
7.107187 1.259942 1.853603
7.799908 -0.833920 1.160882
8.534997 -1.587027 0.425793
9.251010 -2.320591 -0.290220
9.592069 -2.670009 -0.631279
10.594073 -3.696575 -1.633284
11.327041 -4.447510 -2.366251
11.964683 -6.867534 -3.003893
12.920078 3.764116 -2.048497
13.655167 7.861388 -1.313409
14.402968 12.029518 -0.565607
15.142286 16.150362 0.173711
15.688818 19.196647 0.720242
16.051073 21.215799 1.082497
16.542537 23.955148 1.573962
17.074261 26.918893 2.105685
17.586909 29.776316 2.618334
17.851704 20.110679 2.353539
18.355882 1.707029 1.849361
19.046495 -0.684550 1.158748
19.785800 -1.470592 0.419443
20.531480 -2.263411 -0.326238
21.315286 -3.096767 -1.110043
22.065196 -3.894083 -1.859953
22.599028 -4.461662 -2.393785
23.266324 -7.662837 -3.061081
24.007763 2.384574 -2.319642
24.696230 6.212043 -1.631175
25.367767 9.945396 -0.959637
26.111327 14.079148 -0.216078
26.791323 17.859523 0.463918
27.168399 19.955841 0.840994
27.589975 22.299557 1.262571
28.041181 24.807993 1.713776
28.511462 27.422477 2.184057
28.960572 29.919264 2.633167
29.231730 20.021376 2.362010
29.738028 1.540313 1.855711
30.434979 -0.696731 1.158761
31.180659 -1.490219 0.413080
31.936919 -2.294965 -0.343179
32.718616 -3.126779 -1.124877
33.470647 -3.927025 -1.876908
34.161247 -4.661902 -2.567508
34.654820 -7.678251 -3.061081
34.953511 -0.354322 -2.762390
35.703421 4.089191 -2.012480
36.457572 8.282311 -1.258329
37.247741 12.675689 -0.468160
38.004001 16.880531 0.288100
38.601396 20.202079 0.885495
38.969988 22.251470 1.254087
39.476286 25.066513 1.760385
39.995285 27.952170 2.279383
40.543963 31.002848 2.828061
41.118041 34.194751 3.402140
41.696373 37.410310 3.980472
42.289514 40.708203 4.573613
42.878439 43.982653 5.162537
43.477929 47.315852 5.762028
43.982119 59.847908 6.266218
44.327420 47.243645 5.920918
44.848551 28.221125 5.399786
45.441692 6.570110 4.806645
45.878090 -0.175297 4.370248
46.524202 -0.617024 3.724135
47.246578 -1.110891 3.001759
47.971075 -1.606208 2.277262
48.701909 -2.105857 1.546428
49.413693 -2.592482 0.834644
50.144540 -3.092140 0.103797
50.881750 -3.596148 -0.633413
51.610476 -4.094356 -1.362138
52.311656 -4.573731 -2.063318
52.625180 -4.788079 -2.376843
53.394165 -10.149505 -3.145828
53.991548 -19.990248 -3.743211
54.561397 -33.962989 -4.313060
55.059224 -46.169753 -4.810887
55.389678 -54.272510 -5.141341
55.688382 -61.596755 -5.440045
56.213743 -74.478645 -5.965406
56.559044 -82.945435 -6.310706
57.387338 -62.642293 -5.482412
57.861860 -51.010791 -5.007889
58.558811 -33.927138 -4.310939
59.323541 -15.182065 -3.546208
60.092539 0.815927 -2.777211
60.861511 5.009251 -2.008238
61.611421 9.098622 -1.258329
62.357089 13.164862 -0.512661
63.119724 17.323628 0.249974
63.869634 21.412999 0.999884
64.625906 25.537067 1.756156
65.356740 29.522418 2.486990
65.945652 32.733843 3.075902
66.456192 35.517896 3.586442
67.028162 38.636935 4.158412
67.606482 41.790601 4.736732
68.085233 44.401309 5.215484
68.544935 46.908133 5.675186
68.938953 53.913591 6.069203
69.313908 65.670087 6.444158
69.775718 80.149882 6.905968
70.144323 66.694958 6.537363
70.676033 47.286287 6.005652
71.284021 25.093359 5.397665
71.733105 8.700735 4.948580
72.430069 -1.675257 4.251617
73.169386 -4.375959 3.512299
73.917188 -7.107651 2.764498
74.656506 -9.808352 2.025180
75.425478 -12.617381 1.256208
76.181750 -15.380017 0.499935
76.950722 -18.189045 -0.269037
77.709116 -20.959428 -1.027430
78.446313 -23.652382 -1.764627
79.122080 -26.120935 -2.440394
79.664395 -28.101994 -2.982709
80.376166 -30.702070 -3.694481
81.060417 -44.083766 -4.378731
81.670512 -56.924441 -4.988827
82.172569 -67.491222 -5.490883
82.568720 -75.829015 -5.887034
83.011455 -85.147252 -6.329769
83.839749 -64.845064 -5.501475
84.439252 -50.150726 -4.901971
84.996388 -36.494843 -4.344835
85.748419 -18.061939 -3.592805
86.519512 0.187923 -2.821711
87.284255 4.390371 -2.056968
88.038407 8.534614 -1.302817
88.788316 12.655547 -0.552907
89.563651 16.916199 0.222428
90.317803 21.060442 0.976579
91.076183 25.227925 1.734960
91.819743 29.313964 2.478519
92.196818 31.386085 2.855595
92.527285 33.202079 3.186062
92.991216 35.751491 3.649993
93.544123 38.789849 4.202900
94.154219 42.142470 4.812995
94.732539 45.320476 5.391315
95.177407 47.765134 5.836183
95.611683 60.128364 6.270460
95.984517 71.830992 6.643294
96.312863 82.137214 6.971640
96.634859 70.383636 6.649644
97.128444 52.366645 6.156058
97.723706 30.638241 5.560797
98.011805 20.121955 5.272697
98.780803 1.273351 4.503699
99.488333 -3.457732 3.796170
100.202238 -6.125579 3.082265
100.922493 -8.817156 2.362010
101.672415 -11.619599 1.612087
102.409600 -14.374439 0.874903
103.117155 -17.018556 0.167348
103.869185 -19.828877 -0.584683
104.597911 -22.552110 -1.313409
105.284270 -25.117017 -1.999767
105.955808 -27.626538 -2.671305
106.419726 -29.360190 -3.135224
107.108206 -32.578359 -3.823703
107.773381 -46.622806 -4.488879
108.353822 -58.878179 -5.069319
108.870712 -69.791746 -5.586209
109.262621 -78.066482 -5.978119
109.669351 -86.654145 -6.384849
110.561196 -64.794483 -5.493004
111.143758 -50.515539 -4.910442
111.751732 -35.613715 -4.302468
112.529188 -16.557795 -3.525012
113.308752 0.572061 -2.745448
114.077725 4.800710 -1.976476
114.842468 9.006102 -1.211732
115.594498 13.141586 -0.459702
116.386788 17.498457 0.332588
117.153652 21.715513 1.099452
117.920503 25.932498 1.866303
118.642879 29.904909 2.588679
118.990300 31.815410 2.936100
119.386426 33.993741 3.332226
119.873662 36.673093 3.819462
120.456223 39.876653 4.402023
121.068440 43.243285 5.014239
121.653109 46.458438 5.598909
122.108582 53.336765 6.054382
122.504721 65.772094 6.450520
122.875434 77.409284 6.821233
123.252509 89.246208 7.198309
123.629572 101.082734 7.575372
123.998190 112.654143 7.943990
124.498125 128.347805 8.443925
124.945102 142.379011 8.890902
125.478946 160.848810 9.424746
126.008549 180.180498 9.954349
126.578398 159.380817 9.384500
127.078346 141.132540 8.884552
127.671487 119.482701 8.291411
128.071880 104.868226 7.891018
128.749768 80.125089 7.213130
129.465781 53.990363 6.497117
130.192386 27.469032 5.770512
130.925354 0.715461 5.037544
131.675264 -2.662532 4.287634
132.406111 -5.327028 3.556787
133.128487 -7.960642 2.834411
133.844513 -10.571104 2.118385
134.588059 -13.281902 1.374839
135.293494 -15.853749 0.669404
136.003157 -18.441015 -0.040259
136.702216 -20.989619 -0.739318
137.053879 -22.271700 -1.090981
137.933011 -25.476810 -1.970113
138.640553 -28.056343 -2.677655
139.333262 -30.581797 -3.370364
140.030225 -38.060822 -4.067327
140.676338 -51.655609 -4.713440
141.212291 -62.932535 -5.249393
141.671980 -72.604808 -5.709082
142.263012 -85.040664 -6.300114
142.870987 -97.832992 -6.908089
143.190874 -105.436779 -7.227976
143.548875 -114.214955 -7.585977
144.082706 -127.304524 -8.119808
144.667389 -141.640955 -8.704491
145.247830 -155.873378 -9.284932
145.830392 -170.157805 -9.867494
146.321869 -158.113831 -9.376016
146.940435 -142.955460 -8.757450
147.603489 -126.706879 -8.094396
148.103425 -114.455631 -7.594460
148.838514 -96.441800 -6.859372
149.590544 -78.012799 -6.107341
150.329862 -59.895330 -5.368023
151.086134 -41.362381 -4.611751
151.865698 -22.258651 -3.832187
152.621971 -3.725701 -3.075915
153.382472 3.906052 -2.315413
154.130273 8.706561 -1.567612
154.882304 13.534218 -0.815581
155.632213 18.348260 -0.065672
156.365181 23.053545 0.667296
157.127804 27.949196 1.429918
157.754841 31.974459 2.056955
158.405195 36.149406 2.707310
159.015290 40.065911 3.317405
159.695286 44.431143 3.997401
160.404962 48.986906 4.707077
161.087079 53.365754 5.389194
161.758617 57.676689 6.060732
162.387775 75.610368 6.689890
162.972458 94.339431 7.274573
163.432160 109.065003 7.734275
163.934203 125.146904 8.236318
164.364251 138.922558 8.666366
164.732843 150.729621 9.034958
165.050610 160.908601 9.352725
165.321755 169.594154 9.623869
165.756031 183.969169 10.058146
166.082269 195.877521 10.384384
166.681785 173.995606 9.784867
167.183841 155.670904 9.282811
167.817241 132.552262 8.649411
168.154058 120.258691 8.312594
168.959060 90.876683 7.507592
169.696257 63.969520 6.770395
170.437696 36.907535 6.028957
171.174905 9.999908 5.291747
171.952348 -3.106721 4.514304
172.702258 -7.734148 3.764394
173.443697 -12.309304 3.022956
174.199969 -16.975993 2.266683
174.960483 -21.668856 1.506169
175.687088 -26.152479 0.779564
176.400993 -30.557735 0.065659
177.136069 -35.093629 -0.669417
177.839383 -39.433526 -1.372730
178.402869 -42.910600 -1.936217
179.127366 -47.381214 -2.660713
179.847621 -51.825654 -3.380969
180.589047 -56.400731 -4.122395
181.328377 -60.962878 -4.861725
182.025328 -75.682376 -5.558676
182.690503 -90.535448 -6.223851
183.334495 -104.915499 -6.867843
183.868339 -116.836013 -7.401687
184.359804 -127.810203 -7.893152
184.700862 -135.425891 -8.234210
185.005904 -142.237330 -8.539251
185.277061 -148.292163 -8.810409
185.575753 -154.961809 -9.109100
185.957058 -163.476178 -9.490405
186.429472 -174.024990 -9.962820
186.918829 -162.033544 -9.473463
187.520440 -147.291336 -8.871852
188.172903 -131.303053 -8.219389
188.575404 -121.439955 -7.816888
189.316843 -103.271352 -7.075449
190.054039 -85.206693 -6.338253
190.795478 -67.038090 -5.596814
191.526325 -49.129035 -4.865967
192.288947 -30.441338 -4.103345
193.024036 -12.428339 -3.368256
193.776067 1.695193 -2.616225
194.502684 6.725957 -1.889608
195.231410 11.771317 -1.160882
195.985562 16.992711 -0.406730
196.678271 21.788704 0.285979
197.406997 26.834065 1.014705
198.190815 32.260860 1.798523
198.773364 36.294159 2.381072
199.408885 40.694209 3.016593
200.027464 44.976961 3.635172
200.669322 49.420888 4.277030
201.351451 54.143637 4.959160
202.027231 58.822421 5.634939
202.698756 64.078732 6.306464
203.323685 84.276479 6.931393
203.925297 103.720612 7.533005
204.410424 119.399961 8.018132
204.887055 134.804709 8.494763
205.293798 147.950669 8.901506
205.628507 158.768472 9.236215
205.963202 169.585864 9.570911
206.316986 181.020185 9.924694
206.893173 200.129746 10.500881
207.213060 211.806274 10.820768
207.575302 198.585049 10.458526
207.958741 184.590194 10.075088
208.507393 164.565297 9.526435
209.115381 142.374794 8.918448
209.481864 128.998750 8.551964
210.263549 100.468566 7.770279
210.998638 73.639070 7.035190
211.742185 46.500863 6.291644
212.483624 19.439601 5.550205
213.229304 1.167304 4.804524
214.000410 -6.218700 4.033418
214.775745 -11.117829 3.258083
215.495988 -15.668843 2.537841
216.222605 -20.260141 1.811223
216.961923 -24.931687 1.071905
217.688528 -29.522906 0.345300
218.419388 -34.141007 -0.385559
219.145980 -38.732145 -1.112152
219.726434 -42.399871 -1.692605
220.414913 -46.750185 -2.381085
221.130927 -51.274477 -3.097098
221.863882 -55.905819 -3.830053
222.611683 -60.630970 -4.577855
223.346772 -70.474092 -5.312943
224.039481 -85.974025 -6.005652
224.681364 -100.336697 -6.647536
225.344418 -115.173086 -7.310590
225.861296 -126.738644 -7.827467
226.335819 -137.356484 -8.301990
226.681119 -145.082864 -8.647290
227.026419 -152.809244 -8.992591
227.331473 -159.635080 -9.297645
227.657711 -166.934916 -9.623882
228.068670 -176.130471 -10.034842
228.606744 -162.945413 -9.496768
229.235902 -147.528406 -8.867610
229.892606 -131.436398 -8.210906
230.220952 -123.390550 -7.882560
231.066200 -102.678420 -7.037311
231.818231 -84.250522 -6.285281
232.563899 -65.978536 -5.539613
233.305337 -47.810181 -4.798174
234.074322 -28.966826 -4.029189
234.830582 -10.435297 -3.272930
235.588975 2.457107 -2.514537
236.330401 7.935508 -1.773111
237.057019 13.304492 -1.046493
237.815412 18.908264 -0.288099
238.548367 24.324073 0.444856
239.277106 29.708728 1.173594
240.086337 35.688143 1.982826
240.681599 40.086535 2.578087
241.317120 44.782402 3.213608
241.956869 49.509517 3.853358
242.619924 54.408829 4.516412
243.316874 59.558601 5.213363
243.982049 64.473585 5.878538
244.659937 72.984216 6.556426
245.295458 93.673024 7.191947
245.920400 114.017438 7.816888
246.435169 130.775285 8.331657
246.894858 145.740056 8.791346
247.301588 158.980794 9.198077
247.659588 170.635173 9.556077
248.000660 181.738441 9.897148
248.333247 192.565532 10.229736
248.602284 201.323784 10.498772
248.943343 212.501893 10.839831
249.307706 225.801818 11.204194
249.708086 240.416436 11.604574
250.237688 258.013310 12.134177
250.695257 254.849413 12.591745
251.184600 251.465802 13.081089
251.743870 247.598681 13.640359
252.218393 230.281758 13.165836
252.652657 214.434020 12.731572
253.194972 194.643119 12.189257
253.743638 174.620484 11.640591
254.258407 155.834839 11.125822
254.925716 131.482511 10.458514
255.654429 104.889327 9.729800
256.397989 77.754352 8.986241
257.128835 51.083306 8.255394
257.891458 23.252669 7.492771
258.613834 5.551560 6.770395
259.346802 -4.459535 6.037428
260.075540 -8.431623 5.308689
260.821208 -12.495985 4.563021
261.554163 -16.491055 3.830066
262.255356 -20.312998 3.128874
262.967140 -24.192673 2.417089
263.693758 -28.153200 1.690472
264.424592 -32.136710 0.959637
265.032579 -35.450625 0.351650
265.649037 -38.810711 -0.264808
266.386234 -42.828902 -1.002005
267.127672 -46.870213 -1.743443
267.828852 -50.692086 -2.444623
268.527924 -54.502469 -3.143695
269.258783 -58.486117 -3.874554
269.979038 -62.411964 -4.594809
270.684460 -72.232014 -5.300231
271.387760 -87.754122 -6.003531
272.035994 -102.060876 -6.651765
272.686348 -116.414439 -7.302119
273.150279 -126.653570 -7.766050
273.573951 -136.004170 -8.189722
274.046340 -146.429977 -8.662111
274.361986 -153.396398 -8.977757
274.639494 -159.521097 -9.255265
274.908543 -165.459121 -9.524314
275.323744 -174.622765 -9.939515
275.764371 -184.347557 -10.380142
276.257956 -195.241174 -10.873727
276.840518 -209.114594 -11.456289
277.450613 -224.074106 -12.066384
278.067059 -239.189320 -12.682830
278.694109 -242.336863 -13.309879
279.321158 -238.198305 -13.936929
279.918541 -234.255553 -14.534312
280.280783 -225.380569 -14.172070
280.768019 -213.443229 -13.684834
281.392947 -198.132381 -13.059905
282.019985 -182.769882 -12.432868
282.619488 -168.081960 -11.833365
283.356698 -150.020219 -11.096155
284.096015 -131.906826 -10.356837
284.856517 -113.274433 -9.596336
285.610668 -94.797615 -8.842185
286.349986 -76.684223 -8.102867
287.102017 -58.259367 -7.350836
287.851939 -39.886163 -6.600914
288.595486 -21.669157 -5.857367
289.311499 -4.126728 -5.141354
290.088955 3.654274 -4.363898
290.838865 8.153928 -3.613988
291.597258 12.704487 -2.855595
291.927724 14.687374 -2.525128
292.425552 17.674468 -2.027301
293.154278 22.047016 -1.298575
293.813090 26.000064 -0.639763
294.550287 30.423439 0.097434
295.264192 34.707057 0.811339
295.961143 38.888943 1.508290
296.683519 43.223389 2.230666
297.395303 47.494281 2.942450
298.088025 51.650792 3.635172
298.797688 55.908958 4.344835
299.541235 60.370435 5.088382
300.255140 64.654053 5.802287
300.949970 68.823214 6.497117
301.617278 72.827242 7.164426
302.293033 76.881945 7.840180
302.945508 84.126726 8.492655
303.521707 102.424309 9.068854
303.994121 117.426150 9.541269
304.540653 134.781632 10.087801
304.945275 147.630673 10.492422
305.402844 162.161060 10.949991
305.796861 174.673348 11.344008
306.142174 185.638993 11.689321
306.451444 195.460080 11.998592
306.781924 205.954674 12.329071
307.093328 215.843516 12.640475
307.514879 229.230152 13.062026
307.813583 238.715697 13.360730
308.099562 247.551582 13.646709
308.523246 244.621976 14.070393
309.078262 224.368283 13.515378
309.501959 208.906664 13.091681
310.052720 188.808227 12.540920
310.684012 165.771054 11.909628
310.965761 155.489416 11.627879
311.855485 123.021498 10.738155
312.563027 97.201771 10.030612
313.298116 70.376821 9.295524
314.022600 43.938851 8.571039
314.787343 16.031745 7.806296
315.535145 -1.382698 7.058495
316.253279 -4.601579 6.340361
316.971413 -7.820461 5.622227
317.681077 -11.001373 4.912563
318.426757 -14.343724 4.166883
319.130058 -17.496117 3.463582
319.846084 -20.705549 2.747556
320.574810 -23.971905 2.018830
321.307777 -27.257275 1.285862
322.013212 -30.419231 0.580428
322.722862 -33.600086 -0.129223
323.078754 -35.195296 -0.485115
323.998145 -39.316267 -1.404506
324.718401 -42.544655 -2.124761
325.434401 -45.753973 -2.840761
326.150440 -48.963461 -3.556800
326.851620 -52.106348 -4.257980
327.603650 -55.477162 -5.010010
328.323905 -58.705549 -5.730265
329.010264 -61.782004 -6.416624
329.753811 -65.114792 -7.160171
330.474079 -68.343237 -7.880439
331.192213 -71.562118 -8.598573
331.855267 -81.327221 -9.261627
332.444192 -94.049597 -9.850552
332.992844 -105.901994 -10.399204
333.467367 -116.152982 -10.873727
333.882568 -125.122460 -11.288928
334.422763 -136.792137 -11.829123
334.732046 -143.473496 -12.138406
335.047692 -150.292308 -12.454052
335.462905 -159.262060 -12.869266
335.962841 -170.062032 -13.369201
336.431001 -180.175569 -13.837361
336.894932 -190.197746 -14.301292
337.339788 -199.807842 -14.746148
337.750760 -189.739518 -14.335176
338.242224 -177.699222 -13.843711
338.890458 -161.818277 -13.195478
339.602229 -144.380724 -12.483706
340.127590 -131.510009 -11.958345
340.862666 -113.501524 -11.223269
341.604117 -95.336849 -10.481818
342.356135 -76.913310 -9.729800
343.108166 -58.489460 -8.977770
343.847483 -40.377056 -8.238452
344.588922 -22.212693 -7.497013
345.349424 -3.581316 -6.736512
346.095117 3.090567 -5.990819
346.813251 6.792660 -5.272684
347.575861 10.724031 -4.510075
348.334254 14.633666 -3.751682
349.096876 18.565103 -2.989059
349.855257 22.474672 -2.230679
350.134885 23.916201 -1.951050
350.649654 26.569916 -1.436281
351.397443 30.424883 -0.688492
352.073223 33.908632 -0.012713
352.810432 37.709062 0.724497
353.517962 41.356488 1.432027
354.261522 45.189653 2.175586
354.969064 48.837144 2.883129
355.646952 52.331762 3.561017
356.352373 55.968319 4.266438
357.070520 59.670478 4.984585
357.775954 63.307101 5.690019
358.483497 66.954592 6.397562
359.184689 70.569348 7.098754
359.875277 74.129436 7.789342
360.595532 77.842463 8.509597
361.214111 90.950722 9.128176
361.798781 109.130083 9.712846
362.351688 126.321834 10.265753
362.874928 142.591132 10.788993
363.360043 157.674983 11.274107
363.779486 170.716879 11.693550
364.207412 184.022558 12.121477
364.578113 195.548882 12.492177
364.927655 206.417326 12.841719
365.239059 216.099927 13.153123
365.577996 226.638642 13.492061
366.149979 244.423512 14.064044
366.444428 242.628865 14.358493
367.022761 221.524628 13.780160
367.469725 205.214239 13.333197
368.037466 184.496513 12.765456
368.662394 161.691907 12.140527
368.931431 151.874345 11.871490
369.812684 119.716082 10.990237
370.556244 92.582461 10.246678
371.299791 65.449303 9.503131
371.998862 39.939120 8.804059
372.748785 12.573314 8.054137
373.513528 -1.744478 7.289394
374.231662 -4.725923 6.571259
374.943433 -7.680952 5.859488
375.646747 -10.600865 5.156175
376.394535 -13.705424 4.408386
377.110549 -16.678064 3.692373
377.835058 -19.685977 2.967863
378.544722 -22.632253 2.258200
379.284027 -25.701591 1.518895
380.000053 -28.674283 0.802869
380.711824 -31.629312 0.091097
381.434200 -34.628367 -0.631279
381.970153 -36.853457 -1.167232
382.684058 -39.817344 -1.881137
383.389480 -42.746009 -2.586558
384.097022 -45.683480 -3.294101
384.840594 -48.770535 -4.037673
385.577791 -51.831121 -4.774870
386.298046 -54.821371 -5.495125
387.016180 -57.802815 -6.213259
387.732194 -60.775455 -6.929272
388.471524 -63.844899 -7.668603
389.191767 -66.835096 -8.388845
389.880259 -69.693478 -9.077338
390.545434 -76.440366 -9.742513
391.176700 -89.949996 -10.373779
391.738079 -101.963962 -10.935157
392.218951 -112.255046 -11.416030
392.612982 -120.687625 -11.810060
392.932856 -127.533218 -12.129935
393.312040 -135.648074 -12.509119
393.661582 -143.128570 -12.858661
393.960274 -149.520816 -13.157352
394.369138 -158.270847 -13.566216
394.822464 -167.972417 -14.019543
395.267332 -177.492975 -14.464411
395.686775 -186.469407 -14.883854
396.116810 -175.934301 -14.453819
396.629471 -163.374996 -13.941158
397.275571 -147.546668 -13.295058
397.981005 -130.264750 -12.589624
398.472469 -118.224718 -12.098160
399.180012 -100.891153 -11.390617
399.929921 -82.519665 -10.640708
400.684073 -64.044260 -9.886556
401.419162 -46.035858 -9.151468
402.150008 -28.131373 -8.420621
402.887205 -10.071324 -7.683424
403.649828 1.691717 -6.920801
404.387025 5.239545 -6.183605
405.117871 8.756813 -5.452758
405.867781 12.365823 -4.702848
406.632524 16.046220 -3.938105
407.378205 19.634877 -3.192424
408.123873 23.223472 -2.446757
408.839899 26.669413 -1.730731
409.657601 30.604681 -0.913028
410.392677 34.142302 -0.177952
411.038802 37.251839 0.468173
411.786591 40.850642 1.215961
412.519546 44.378056 1.948917
413.216509 47.732256 2.645880
413.900747 51.025214 3.330118
414.597698 54.379354 4.027068
415.322182 57.866001 4.751553
416.000082 61.128460 5.429453
416.709746 64.543780 6.139117
417.404575 67.887713 6.833946
418.107876 71.272412 7.537247
418.813310 74.667379 8.242681
419.457302 77.766648 8.886673
420.092822 93.820093 9.522193
420.709268 112.787463 10.138639
421.238883 129.083169 10.668254
421.808719 146.616430 11.238090
422.274771 160.956354 11.704142
422.698456 173.992685 12.127827
423.090353 186.050929 12.519723
423.482262 198.109564 12.911633
423.840262 209.124855 13.269633
424.162271 219.032716 13.591642
424.704573 235.718797 14.133944
425.015977 242.027355 14.445348
425.369749 239.581172 14.799119
425.878168 236.065663 15.307539
426.390829 232.520823 15.820199
426.969149 228.521979 16.398519
427.558048 224.449984 16.987418
428.119438 220.568197 17.548809
428.687166 216.642591 18.116537
429.187115 198.401238 17.616589
429.615028 182.788168 17.188675
430.155210 163.078833 16.648494
430.756847 141.127211 16.046856
431.159348 126.441360 15.644355
431.866891 100.625626 14.936813
432.606209 73.650518 14.197495
433.379423 45.438654 13.424281
434.125091 18.231857 12.678613
434.860179 0.223718 11.943525
435.646106 -3.290142 11.157598
436.421441 -5.787835 10.382263
437.156530 -8.155877 9.647174
437.859843 -10.421557 8.943861
438.584327 -12.755437 8.219376
439.361783 -15.259963 7.441921
440.090509 -17.607508 6.713195
440.808643 -19.920932 5.995060
441.543719 -22.288933 5.259984
442.321175 -24.793458 4.482528
443.054143 -27.154668 3.749561
443.776506 -29.481716 3.027197
444.490411 -31.781516 2.313292
445.094169 -33.726485 1.709534
445.814412 -36.046700 0.989292
446.555851 -38.435198 0.247853
447.297302 -40.823737 -0.493598
448.042970 -43.225859 -1.239266
448.782288 -45.607525 -1.978584
449.511014 -47.955070 -2.707310
450.239740 -50.302615 -3.436036
450.983299 -52.697946 -4.179595
451.737451 -55.127397 -4.933747
452.466189 -57.474983 -5.662485
453.165248 -59.726957 -6.361544
453.929991 -62.190529 -7.126288
454.665067 -64.558530 -7.861364
455.359910 -66.796921 -8.556206
456.003901 -68.871500 -9.200197
456.575858 -71.149245 -9.772155
457.116053 -82.302527 -10.312349
457.550329 -91.268942 -10.746626
457.882917 -98.135808 -11.079213
458.249401 -105.702523 -11.445697
458.590459 -112.744286 -11.786756
458.940002 -119.961208 -12.136298
459.285289 -127.090288 -12.481585
459.704732 -135.750437 -12.901028
460.198318 -145.941393 -13.394614
460.666490 -155.607658 -13.862787
461.157955 -165.754823 -14.354251
461.621886 -175.333509 -14.818182
462.068862 -184.562138 -15.265159
462.712854 -197.858497 -15.909150
463.388621 -211.810915 -16.584917
464.053809 -219.364984 -17.250105
464.750747 -221.224454 -17.947043
465.449818 -223.089617 -18.646115
466.072626 -224.751304 -19.268923
466.396730 -216.812028 -18.944819
466.831007 -206.173957 -18.510542
467.396614 -192.318799 -17.944935
468.091456 -175.297885 -17.250093
468.587163 -163.155023 -16.754386
469.290476 -145.926605 -16.051073
470.044615 -127.453165 -15.296934
470.775462 -109.550282 -14.566087
471.519009 -91.336300 -13.822540
472.266810 -73.018098 -13.074739
472.980702 -55.530534 -12.360846
473.705199 -37.783202 -11.636350
474.431804 -19.984227 -10.909745
475.158422 -2.184941 -10.183127
475.914682 2.029778 -9.426867
476.645529 4.253637 -8.696020
477.372147 6.464628 -7.969402
478.136877 8.791590 -7.204672
478.880437 11.054132 -6.461112
479.619754 13.303768 -5.721794
480.342130 15.501851 -4.999418
481.119586 17.867535 -4.221963
481.865254 20.136492 -3.476295
482.617285 22.424810 -2.724264
483.326948 24.584211 -2.014601
484.057795 26.808070 -1.283754
484.790763 29.038383 -0.550786
485.519501 31.255828 0.177952
486.227031 33.408737 0.885482
486.951528 35.613274 1.609979
487.650587 37.740407 2.309038
488.356034 39.886978 3.014485
489.063563 42.039886 3.722014
489.788060 44.244424 4.446511
490.518907 46.468283 5.177358
491.201024 48.543865 5.859475
491.912808 50.709719 6.571259
492.605530 52.817568 7.263981
493.336364 55.041389 7.994815
494.003673 57.071912 8.662124
494.637073 58.999254 9.295524
495.293777 60.997508 9.952228
495.920814 62.905490 10.579265
496.552106 64.826417 11.210557
497.107121 66.515247 11.765572
497.647316 68.158979 12.305767
498.145130 69.673756 12.803581
498.668383 81.597877 13.326834
499.125951 94.498474 13.784402
499.619549 108.414892 14.278000
500.121606 122.569778 14.780057
500.594008 135.888592 15.252459
501.000738 147.355869 15.659189
501.405347 158.763350 16.063798
501.746418 168.379449 16.404869
502.163740 180.145350 16.822191
502.538695 190.716757 17.197146
502.841641 199.257956 17.500092
503.212354 209.709771 17.870805
503.561883 215.920188 18.220334
504.032164 212.668388 18.690615
504.587180 192.418650 18.135600
505.019335 176.651453 17.703444
505.527755 158.101781 17.195025
506.150550 135.379094 16.572230
506.762766 113.042385 15.960014
507.254256 95.110372 15.468524
507.940615 70.068570 14.782165
508.684162 42.940261 14.038618
509.431963 15.656726 13.290817
510.181873 -0.916730 12.540907
510.912720 -3.005344 11.810060
511.664750 -5.154496 11.058030
512.437964 -7.364186 10.284816
513.147627 -9.392261 9.575152
513.853062 -11.408250 8.869718
514.579667 -13.484741 8.143113
515.335939 -15.646016 7.386841
516.051952 -17.692238 6.670827
516.778558 -19.768729 5.944222
517.496704 -21.821048 5.226075
518.246614 -23.964139 4.476166
518.966869 -26.022484 3.755911
519.704066 -28.129244 3.018714
520.424321 -30.187588 2.298459
521.142455 -32.239871 1.580325
521.881786 -34.352729 0.840994
522.390192 -35.805653 0.332588
523.123160 -37.900327 -0.400380
523.854007 -39.988941 -1.131227
524.531895 -41.926208 -1.809115
525.239437 -43.948222 -2.516657
525.985118 -46.079227 -3.262338
526.711723 -48.155718 -3.988943
527.465874 -50.310931 -4.743094
528.196721 -52.399545 -5.473941
528.916976 -54.457889 -6.194196
529.666886 -56.600980 -6.944106
530.421037 -58.756193 -7.698257
531.145534 -60.826659 -8.422754
531.857306 -62.860759 -9.134526
532.583923 -64.937287 -9.861144
533.314758 -67.025864 -10.591978
533.990525 -68.957070 -11.267745
534.679017 -70.924643 -11.956237
535.284870 -72.656051 -12.562091
535.806002 -76.420393 -13.083222
536.295346 -86.324694 -13.572566
536.659709 -93.699390 -13.936929
537.013480 -100.859708 -14.290700
537.399027 -108.663159 -14.676247
537.803649 -116.852695 -15.080869
538.197666 -124.827597 -15.474887
538.687010 -134.731898 -15.964230
539.212371 -145.365186 -16.489591
539.735624 -155.955804 -17.012844
540.273684 -166.846140 -17.550905
540.799045 -177.479428 -18.076266
541.313814 -187.898338 -18.591035
541.801050 -197.759969 -19.078270
542.269210 -207.235515 -19.546430
542.627210 -198.466262 -19.188430
543.125038 -186.271932 -18.690603
543.743617 -171.119780 -18.072024
544.461738 -153.529322 -17.353902
544.972278 -141.023594 -16.843362
545.675579 -123.796175 -16.140062
546.465747 -104.440916 -15.349893
547.183881 -86.850147 -14.631759
547.938033 -68.377133 -13.877607
548.683701 -50.111926 -13.131940
549.416668 -32.157806 -12.398972
550.160228 -13.944239 -11.655412
550.893196 0.457946 -10.922444
551.636743 2.537981 -10.178898
552.397244 4.665445 -9.418396
553.140804 6.745515 -8.674837
553.882242 8.819653 -7.933398
554.655457 10.982680 -7.160184
555.403245 13.074581 -6.412395
556.170109 15.219844 -5.645531
556.917898 17.311745 -4.897742
557.585207 19.178508 -4.230434
558.470689 21.655599 -3.344951
559.246024 23.824560 -2.569616
559.993813 25.916461 -1.821828
560.722551 27.955070 -1.093089
561.447036 29.981778 -0.368605
562.186366 32.050018 0.370726
562.944734 34.171513 1.129093
563.694656 36.269383 1.879016
564.402199 38.248697 2.586558
565.105512 40.216180 3.289871
565.851192 42.302184 4.035552
566.603210 44.405915 4.787570
567.289582 46.326005 5.473941
568.035249 48.411973 6.219609
568.742805 50.391322 6.927164
569.463047 52.406164 7.647407
570.215077 54.509931 8.399437
570.856961 56.305567 9.041320
571.560261 58.273015 9.744621
572.246620 60.193069 10.430980
572.983830 62.255376 11.168190
573.657476 64.139866 11.841836
574.271800 65.858408 12.456160
574.860737 67.505930 13.045097
575.405161 71.661409 13.589521
575.943222 86.534590 14.127582
576.470704 101.115341 14.655063
576.943118 114.173914 15.127478
577.407037 126.997631 15.591396
577.890030 140.348633 16.074390
578.387858 154.109669 16.572217
578.830605 166.348176 17.014965
579.112355 174.136348 17.296714
579.495780 184.735074 17.680140
579.834731 194.104401 18.019090
580.188489 203.883060 18.372849
580.506256 212.666827 18.690615
580.868511 210.161984 19.052870
581.152381 199.805165 18.769000
581.493439 187.361876 18.427941
581.940429 171.053778 17.980952
582.489081 151.036556 17.432299
583.101310 128.699799 16.820070
583.700814 106.827320 16.220567
584.196520 88.741807 15.724861
584.884987 63.623555 15.036394
585.641272 36.031009 14.280109
586.403894 8.207251 13.517486
587.143200 -1.424677 12.778181
587.880409 -3.466634 12.040972
588.615498 -5.502717 11.305883
589.361166 -7.568102 10.560215
590.098388 -9.610095 9.822993
590.814389 -11.593306 9.106992
591.511352 -13.523788 8.410029
592.267611 -15.618511 7.653769
593.011171 -17.678057 6.910210
593.725076 -19.655464 6.196305
594.449560 -21.662174 5.471820
595.184649 -23.698257 4.736732
595.919738 -25.734340 4.001643
596.665418 -27.799760 3.255962
597.385673 -29.794756 2.535707
598.108037 -31.795591 1.813344
598.845234 -33.837514 1.076147
599.567610 -35.838384 0.353771
600.076029 -37.246627 -0.154648
600.800513 -39.253337 -0.879132
601.522889 -41.254207 -1.601508
602.179606 -43.073213 -2.258225
602.899848 -45.068173 -2.978467
603.639179 -47.116005 -3.717798
604.403909 -49.234191 -4.482528
605.145348 -51.287863 -5.223967
605.852903 -53.247682 -5.931522
606.598571 -55.313067 -6.677190
607.344251 -57.378487 -7.422871
608.070857 -59.391072 -8.149476
608.812295 -61.444743 -8.890914
609.538900 -63.457328 -9.617520
610.267626 -65.475787 -10.346246
610.983652 -67.459069 -11.062271
611.710257 -69.471653 -11.788877
612.381795 -71.331710 -12.460415
613.038487 -73.150645 -13.117106
613.657066 -77.832817 -13.735685
614.173943 -88.236830 -14.252562
614.606099 -96.935514 -14.684718
614.919624 -103.246329 -14.998243
615.300941 -110.921713 -15.379560
615.754268 -120.046538 -15.832887
616.152527 -128.062937 -16.231146
616.631292 -137.699795 -16.709911
617.137577 -147.890609 -17.216196
617.665072 -158.508331 -17.743691
618.177720 -168.827218 -18.256339
618.684018 -179.018288 -18.762637
619.192424 -189.251793 -19.271044
619.624580 -197.950477 -19.703199
620.018610 -188.298869 -19.309169
620.516425 -176.105104 -18.811354
621.137125 -160.901316 -18.190655
621.827712 -143.985648 -17.500067
622.336131 -131.532131 -16.991647
623.024611 -114.668102 -16.303168
623.791463 -95.884391 -15.536316
624.530780 -77.775104 -14.796999
625.261627 -59.873308 -14.066152
625.996716 -41.867611 -13.331063
626.738142 -23.706685 -12.589637
627.471110 -5.752938 -11.856669
628.195607 1.305839 -11.132172
628.930695 3.266309 -10.397084
629.680605 5.266306 -9.647174
630.430515 7.266303 -8.897264
631.169832 9.238052 -8.157947
631.928213 11.260641 -7.399566
632.688727 13.288920 -6.639052
633.440758 15.294574 -5.887022
634.173725 17.249388 -5.154054
634.944806 19.305847 -4.382973
635.595160 21.040332 -3.732619
636.516672 23.497990 -2.811107
637.255990 25.469739 -2.071789
638.018612 27.503641 -1.309167
638.762159 29.486669 -0.565620
639.427347 31.260715 0.099568
640.181486 33.271991 0.853707
640.933516 35.277644 1.605737
641.679184 37.266329 2.351405
642.405815 39.204241 3.078035
643.121815 41.113803 3.794036
643.854796 43.068651 4.527017
644.579280 45.000839 5.251501
645.280472 46.870908 5.952693
645.983786 48.746633 6.656007
646.704028 50.667509 7.376249
647.428525 52.599731 8.100746
648.121234 54.447174 8.793455
648.773709 56.187315 9.445930
649.487614 58.091289 10.159835
650.212098 60.023477 10.884319
650.909049 61.882233 11.581270
651.597528 63.718398 12.269749
652.245762 65.447226 12.917983
652.870691 67.113902 13.542912
653.442661 75.264922 14.114882
654.006160 90.658552 14.678381
654.520916 104.720635 15.193137
654.978497 117.220804 15.650718
655.450899 130.125849 16.123120
655.897875 142.336325 16.570096
656.385111 155.646594 17.057332
656.806675 167.162847 17.478896
657.147733 176.479862 17.819954
657.482442 185.623407 18.154663
657.804438 194.419668 18.476658
658.164571 204.257783 18.836792
658.503522 209.310970 19.175743
658.942015 206.278972 19.614236
659.501285 202.411850 20.173506
660.060529 198.544904 20.732750
660.604965 198.186050 21.277186
661.210832 202.427867 21.883053
661.753134 206.224661 22.425355
662.244612 209.665613 22.916833
662.761514 190.808896 22.399930
663.138577 177.053559 22.022867
663.627934 159.201736 21.533510
664.163886 139.650071 20.997558
664.805770 116.234031 20.355674
665.079036 106.265235 20.082408
665.917921 75.662507 19.243523
666.653010 48.846319 18.508434
667.392328 21.875852 17.769116
668.169771 2.832999 16.991673
668.923935 -2.248129 16.237509
669.648419 -3.995804 15.513025
670.353854 -5.697524 14.807590
671.110126 -7.521881 14.051318
671.843081 -9.289990 13.318363
672.582399 -11.073448 12.579045
673.306896 -12.821153 11.854548
674.035634 -14.579091 11.125810
674.813078 -16.454518 10.348366
675.541816 -18.212456 9.619628
676.257830 -19.939696 8.903614
676.986556 -21.697603 8.174888
677.759757 -23.562798 7.401687
678.496967 -25.341170 6.664477
679.227814 -27.104194 5.933630
679.954431 -28.857015 5.207013
680.683157 -30.614922 4.478287
681.426717 -32.408612 3.734727
682.157564 -34.171636 3.003880
682.649028 -35.357197 2.512416
683.343871 -37.033366 1.817573
684.085297 -38.821910 1.076147
684.828856 -40.615600 0.332588
685.568187 -42.399088 -0.406743
686.328688 -44.233647 -1.167244
687.061643 -46.001756 -1.900199
687.796732 -47.775012 -2.635288
688.540292 -49.568702 -3.378848
689.190633 -51.137522 -4.029189
689.949027 -52.966995 -4.787583
690.686223 -54.745337 -5.524779
691.406479 -56.482809 -6.245035
692.156388 -58.291818 -6.994944
692.891477 -60.065074 -7.730033
693.632916 -61.853647 -8.471471
694.355279 -63.596206 -9.193835
695.081897 -65.349027 -9.920453
695.810623 -67.106934 -10.649179
696.480040 -68.721770 -11.318596
697.111319 -70.244605 -11.949874
697.732006 -71.741890 -12.570562
698.240425 -72.968350 -13.078981
698.623850 -73.893289 -13.462406
698.935254 -74.644489 -13.773810
699.337756 -80.915882 -14.176312
699.780490 -89.598025 -14.619046
700.202054 -97.865001 -15.040610
700.629968 -106.256503 -15.468524
701.138387 -116.226734 -15.976943
701.695523 -127.152322 -16.534079
702.250539 -138.036319 -17.089095
702.822509 -149.252798 -17.661064
703.358461 -159.762971 -18.197017
703.896535 -170.314734 -18.735091
704.390120 -179.994075 -19.228676
704.837110 -188.759650 -19.675666
705.377291 -199.352756 -20.215847
706.027633 -212.106125 -20.866189
706.699171 -225.275158 -21.537727
707.383409 -232.619529 -22.221965
708.048584 -234.394255 -22.887140
708.720109 -236.185922 -23.558665
709.319625 -237.785466 -24.158181
709.641621 -229.898886 -23.836185
710.092852 -218.846975 -23.384954
710.666930 -204.786194 -22.810876
711.353276 -187.975654 -22.124530
712.007872 -171.942762 -21.469934
712.571371 -158.141092 -20.906435
713.308556 -140.085385 -20.169251
714.045765 -122.029057 -19.432041
714.816858 -103.142823 -18.660948
715.575239 -84.567960 -17.902568
716.318799 -66.356102 -17.159008
717.062358 -48.144244 -16.415449
717.841922 -29.050534 -15.635884
718.583361 -10.890623 -14.894446
719.316329 0.613583 -14.161478
720.053526 2.182425 -13.424281
720.841573 3.859484 -12.636233
721.589375 5.450894 -11.888432
722.351997 7.073844 -11.125810
723.104028 8.674254 -10.373779
723.875121 10.315231 -9.602686
724.637743 11.938182 -8.840064
725.389774 13.538592 -8.088033
726.154517 15.166055 -7.323290
726.927718 16.811519 -6.550089
727.683990 18.420956 -5.793816
728.433900 20.016853 -5.043907
729.211356 21.671371 -4.266451
729.990920 23.330375 -3.486887
730.764134 24.975866 -2.713672
731.439901 26.413978 -2.037905
732.204644 28.041442 -1.273162
732.952433 29.632825 -0.525374
733.715068 31.255802 0.237261
734.469207 32.860699 0.991400
735.212779 34.443108 1.734972
735.935142 35.980383 2.457336
736.657506 37.517657 3.179699
737.384136 39.064013 3.906330
738.138275 40.668909 4.660468
738.850059 42.183670 5.372252
739.578785 43.734485 6.100978
740.301161 45.271787 6.823354
741.025658 46.813602 7.547851
741.752250 48.359876 8.274444
742.428030 49.798015 8.950223
743.124981 51.281208 9.647174
743.813473 52.746402 10.335666
744.584566 54.387379 11.106760
745.289988 55.888599 11.812181
745.953055 57.299684 12.475248
746.622459 58.724256 13.144652
747.266451 60.094746 13.788644
747.880788 61.402128 14.402981
748.476049 62.668915 14.998243
749.016244 63.818513 15.538437
749.564922 64.986165 16.087115
750.111467 66.149276 16.633660
750.611402 67.213198 17.133595
751.160080 75.231429 17.682274
751.691791 88.886646 18.213984
752.206560 102.106768 18.728753
752.712858 115.109344 19.235052
753.191623 127.404811 19.713816
753.674604 139.808563 20.196797
754.134306 151.614469 20.656499
754.574920 162.930160 21.097113
755.002846 173.920021 21.525039
755.394755 183.984901 21.916949
755.737922 192.797990 22.260116
756.136181 203.025948 22.658375
756.511149 210.479283 23.033342
756.970838 213.697679 23.493032
757.549158 192.601267 22.914712
757.983435 176.759385 22.480435
758.491854 158.212870 21.972016
759.070174 137.116458 21.393696
759.699344 114.165071 20.764525
760.053103 101.260388 20.410767
760.832680 72.822367 19.631190
761.569889 45.929851 18.893981
762.311315 18.883526 18.152555
763.069708 0.309065 17.394161
763.815389 -2.211072 16.648481
764.525052 -3.801797 15.938818
765.253778 -5.435251 15.210092
765.993109 -7.092475 14.470761
766.738776 -8.763905 13.725093
767.465382 -10.392605 12.998488
768.204699 -12.049801 12.259170
768.920725 -13.654788 11.543144
769.662164 -15.316738 10.801706
770.437499 -17.054668 10.026371
771.151391 -18.654872 9.312478
771.867417 -20.259859 8.596452
772.610964 -21.926535 7.852905
773.384191 -23.659739 7.079678
774.119267 -25.307427 6.344602
774.848006 -26.940909 5.615864
775.564032 -28.545896 4.899838
776.303337 -30.203064 4.160533
777.046897 -31.869768 3.416973
777.779864 -33.512730 2.684005
778.517061 -35.165172 1.946808
779.256392 -36.822397 1.207478
779.974526 -38.432109 0.489344
780.432094 -39.457758 0.031775
781.171412 -41.114954 -0.707542
781.931926 -42.819662 -1.468057
782.652169 -44.434100 -2.188299
783.387257 -46.081817 -2.923388
784.126588 -47.739041 -3.662718
784.791763 -49.230045 -4.327893
785.548023 -50.925216 -5.084153
786.249202 -52.496925 -5.785333
787.009716 -54.201633 -6.545847
787.749034 -55.858829 -7.285164
788.496823 -57.535013 -8.032953
789.234032 -59.187483 -8.770163
789.973350 -60.844679 -9.509481
790.714789 -62.506629 -10.250919
791.477411 -64.216063 -11.013542
792.197666 -65.830529 -11.733797
792.930634 -67.473492 -12.466765
793.650889 -69.087958 -13.187020
794.330898 -70.612212 -13.867028
795.017257 -72.150699 -14.553387
795.680311 -73.636949 -15.216442
796.347607 -75.132707 -15.883738
796.908973 -76.391019 -16.445103
797.375025 -77.435684 -16.911155
797.737267 -78.544818 -17.273397
798.093159 -85.418998 -17.629289
798.559211 -94.420952 -18.095341
799.071859 -104.322931 -18.607989
799.520956 -112.997404 -19.057087
800.037846 -122.981314 -19.573977
800.586499 -133.578732 -20.122629
801.156348 -144.585564 -20.692478
801.738910 -155.837946 -21.275040
802.334184 -167.335878 -21.870314
802.893441 -178.138126 -22.429572
803.439986 -188.694823 -22.976116
803.933571 -198.228599 -23.469702
804.433507 -207.885027 -23.969637
804.916513 -217.214464 -24.452644
805.276647 -208.394115 -24.092510
805.759641 -196.564701 -23.609516
806.350673 -182.089213 -23.018483
807.022199 -165.642312 -22.346958
807.702207 -148.987631 -21.666949
808.227568 -136.120565 -21.141588
808.958415 -118.220765 -20.410742
809.685033 -100.424544 -19.684124
810.426459 -82.265642 -18.942698
811.184852 -63.691181 -18.184304
811.905095 -46.051105 -17.464062
812.625350 -28.410718 -16.743807
813.385864 -9.784313 -15.983293
814.148486 0.750966 -15.220671
814.851787 2.205418 -14.517370
815.595346 3.743127 -13.773810
816.362210 5.329030 -13.006946
817.112120 6.879871 -12.257037
817.868380 8.443844 -11.500777
818.620410 9.999072 -10.748747
819.363982 11.536807 -10.005174
820.118108 13.096367 -9.251048
820.863789 14.638462 -8.505368
821.611590 16.184944 -7.757566
822.357271 17.727039 -7.011886
823.164368 19.396147 -6.204788
823.922762 20.964532 -5.446395
824.659959 22.489083 -4.709198
825.414110 24.048696 -3.955047
826.176732 25.625827 -3.192424
826.933005 27.189827 -2.436152
827.668081 28.709991 -1.701076
828.309951 30.037404 -1.059205
829.081044 31.632053 -0.288112
829.816133 33.152244 0.446976
830.566043 34.703085 1.196886
831.337136 36.297734 1.967979
832.074346 37.822311 2.705189
832.805192 39.333730 3.436036
833.519098 40.810112 4.149941
834.296541 42.417894 4.927384
834.989262 43.850468 5.620106
835.692576 45.304946 6.323419
836.404360 46.776942 7.035203
837.137315 48.292720 7.768158
837.874512 49.817271 8.505355
838.507912 51.127165 9.138755
839.187920 52.533449 9.818764
839.891234 53.987927 10.522077
840.613610 55.481828 11.244453
841.312681 56.927533 11.943525
842.007511 58.364467 12.638354
842.704461 59.805787 13.335305
843.426837 61.299687 14.057681
844.140743 62.776070 14.771586
844.780492 64.099096 15.411336
845.418134 65.417763 16.048977
846.047305 66.718911 16.678148
846.623504 67.910512 17.254347
847.161577 69.023268 17.792421
847.689059 81.977264 18.319902
848.184765 94.599075 18.815609
848.684701 107.328569 19.315544
849.186757 120.112066 19.817601
849.741785 134.244343 20.372629
850.216308 146.326772 20.847152
850.631509 156.898735 21.262353
851.063665 167.902399 21.694508
851.449212 177.719292 22.080055
851.828408 187.374499 22.459252
852.184300 196.436320 22.815144
852.548663 205.713830 23.179507
852.929981 214.171519 23.560824
853.307044 216.811429 23.937887
853.934081 193.938337 23.310850
854.385312 177.478308 22.859619
854.914902 158.159896 22.330029
855.488993 137.218182 21.755938
856.152047 113.031252 21.092884
856.440146 102.521943 20.804784
857.306579 70.916187 19.938352
858.041655 44.102045 19.203276
858.795806 16.592070 18.449125
859.535124 -0.622856 17.709807
860.276575 -2.246305 16.968356
861.005301 -3.841891 16.239630
861.729798 -5.428217 15.515133
862.458524 -7.023803 14.786407
863.193613 -8.633320 14.051318
863.937160 -10.261357 13.307771
864.674357 -11.875491 12.570574
865.390383 -13.443269 11.854548
866.129700 -15.062046 11.115230
866.898673 -16.745754 10.346258
867.631640 -18.350627 9.613290
868.356137 -19.936953 8.888794
869.082755 -21.527923 8.162176
869.839015 -23.183795 7.405916
870.591058 -24.830435 6.653873
871.302829 -26.388898 5.942101
872.031555 -27.984484 5.213375
872.762402 -29.584714 4.482528
873.508083 -31.217423 3.736848
874.251642 -32.845487 2.993288
874.988839 -34.459621 2.256092
875.711215 -36.041303 1.533716
876.442062 -37.641533 0.802869
877.187730 -39.274214 0.057201
877.944002 -40.930114 -0.699071
878.354974 -41.829959 -1.110043
879.079459 -43.416258 -1.834528
879.816668 -45.030419 -2.571737
880.553865 -46.644552 -3.308934
881.293183 -48.263329 -4.048252
881.973192 -49.752246 -4.728261
882.695555 -51.333901 -5.450624
883.422173 -52.924870 -6.177242
884.174203 -54.571483 -6.929272
884.924113 -56.213451 -7.679182
885.665552 -57.836872 -8.420621
886.400640 -59.446390 -9.155709
887.142079 -61.069811 -9.897148
887.881397 -62.688588 -10.636466
888.637669 -64.344488 -11.392738
889.381229 -65.972553 -12.136298
890.120546 -67.591330 -12.875616
890.845031 -69.177628 -13.600100
891.533510 -70.685092 -14.288580
892.249524 -72.252843 -15.004593
892.925303 -73.732500 -15.680373
893.654029 -75.328086 -16.409098
894.321313 -76.789140 -17.076382
894.876341 -78.004405 -17.631410
895.333909 -79.006276 -18.088978
895.776657 -87.041408 -18.531726
896.136778 -93.962431 -18.891847
896.630363 -103.448450 -19.385432
897.134541 -113.138028 -19.889610
897.573059 -121.565733 -20.328128
898.109012 -131.865990 -20.864081
898.676740 -142.776925 -21.431809
899.255047 -153.891176 -22.010116
899.807954 -164.517274 -22.563023
900.346040 -174.858536 -23.101109
900.862918 -184.792190 -23.617987
901.358611 -194.318726 -24.113681
901.837376 -203.519908 -24.592445
902.258940 -193.195266 -24.170881
902.754646 -181.054775 -23.675175
903.360500 -166.216640 -23.069321
904.048967 -149.355193 -22.380854
904.680246 -133.894357 -21.749575
905.237382 -120.249369 -21.192439
905.983075 -101.986379 -20.446746
906.737226 -83.516236 -19.692595
907.480773 -65.305811 -18.949048
908.237046 -46.783725 -18.192775
908.970001 -28.832707 -17.459820
909.690256 -11.192729 -16.739565
910.457120 0.630629 -15.972701
911.221863 2.187062 -15.207958
911.942106 3.652924 -14.487716
912.694136 5.183484 -13.735685
913.469471 6.761473 -12.960350
914.208802 8.266185 -12.221020
914.971411 9.818275 -11.458410
915.723442 11.348834 -10.706379
916.488185 12.905266 -9.941636
917.244457 14.444459 -9.185364
917.992246 15.966385 -8.437575
918.742155 17.492627 -7.687666
919.106518 18.234192 -7.323303
919.578933 19.195667 -6.850888
920.343664 20.752073 -6.086157
921.085102 22.261076 -5.344719
921.841375 23.800268 -4.588446
922.612468 25.369624 -3.817353
923.379319 26.930347 -3.050502
924.125012 28.448009 -2.304809
924.885514 29.995808 -1.544307
925.635411 31.522025 -0.794410
926.262460 32.798219 -0.167361
927.016612 34.333094 0.586791
927.777126 35.880920 1.347305
928.531265 37.415769 2.101444
929.296008 38.972202 2.866187
930.026855 40.459648 3.597034
930.787356 42.007447 4.357535
931.541508 43.542323 5.111687
932.246929 44.978021 5.817108
932.954484 46.418063 6.524663
933.681089 47.896875 7.251268
934.435241 49.431751 8.005420
935.149146 50.884716 8.719325
935.788896 52.186757 9.359075
936.483725 53.600899 10.053904
937.220922 55.101269 10.791101
937.951769 56.588714 11.521948
938.663566 58.037388 12.233745
939.375350 59.486037 12.945529
940.095593 60.951900 13.665771
940.817981 62.422131 14.388160
941.544586 63.900943 15.114765
942.205532 65.246124 15.775711
942.893999 66.647317 16.464178
943.535883 67.953701 17.106062
944.194695 69.294539 17.764874
944.783620 75.317726 18.353799
945.279313 87.877906 18.849492
945.794095 100.921752 19.364274
946.279197 113.213550 19.849376
946.804558 126.525456 20.374737
947.296035 138.978798 20.866214
947.798092 151.700200 21.368271
948.251431 163.187177 21.821610
948.675116 173.922750 22.245295
949.052191 183.477317 22.622370
949.422917 192.870984 22.993096
949.819043 202.908251 23.389222
950.138930 211.013753 23.709109
950.505414 217.774774 24.075593
950.962983 220.978321 24.533161
951.505298 224.775203 25.075477
952.125985 224.709298 25.696164
952.649225 224.288215 26.219404
953.252970 223.802345 26.823149
953.812240 223.352266 27.382419
954.384210 222.891967 27.954389
954.888387 204.502368 27.450212
955.278176 190.285044 27.060423
955.769640 172.359134 26.568959
956.314077 152.501110 26.024522
956.941127 129.629802 25.397473
957.392345 113.171855 24.946254
958.078704 88.137283 24.259896
958.807442 61.556926 23.531157
959.540397 34.822779 22.798202
960.264894 8.397140 22.073705
960.972449 -0.940116 21.366150
961.705405 -2.383676 20.633195
962.457435 -3.864806 19.881164
963.181932 -5.291708 19.156667
963.919129 -6.743623 18.419470
964.645747 -8.174702 17.692853
965.410490 -9.680869 16.928109
966.130745 -11.099417 16.207854
966.874292 -12.563838 15.464307
967.592439 -13.978234 14.746161
968.346577 -15.463516 13.992022
969.104971 -16.957177 13.233629
969.840059 -18.404940 12.498540
970.570906 -19.844348 11.767693
971.318695 -21.317124 11.019904
972.089801 -22.835822 10.248798
972.818527 -24.271054 9.520072
973.538782 -25.689601 8.799817
974.282342 -27.154048 8.056258
975.047085 -28.660215 7.291514
975.799103 -30.141320 6.539497
976.527841 -31.576576 5.810758
977.271401 -33.041022 5.067198
978.004369 -34.484608 4.334231
978.750036 -35.953206 3.588563
979.485125 -37.400969 2.853474
980.228685 -38.865415 2.109914
980.794292 -39.979383 1.544307
981.336595 -41.047452 1.002005
982.080154 -42.511898 0.258445
982.836427 -44.001382 -0.497827
983.579986 -45.465828 -1.241387
984.323533 -46.930249 -1.984934
985.062864 -48.386366 -2.724264
985.808544 -49.854990 -3.469945
986.564804 -51.344449 -4.226204
987.318955 -52.829755 -4.980356
988.037089 -54.244126 -5.698490
988.793362 -55.733610 -6.454762
989.539029 -57.202208 -7.200430
990.185142 -58.474732 -7.846543
990.935051 -59.951684 -8.596452
991.663777 -61.386916 -9.325178
992.409458 -62.855539 -10.070859
993.148776 -64.311631 -10.810177
993.919869 -65.830305 -11.581270
994.650716 -67.269713 -12.312117
995.381563 -68.709122 -13.042964
996.095455 -70.115138 -13.756856
996.743689 -71.391838 -14.405089
997.408864 -72.701906 -15.070265
998.071931 -74.007821 -15.733332
998.679905 -75.205232 -16.341306
999.145957 -76.123124 -16.807358
999.508186 -76.836538 -17.169587
999.861970 -77.533318 -17.523371
1000.353448 -78.501286 -18.014848
1000.899979 -79.577684 -18.561380
1001.444403 -87.968317 -19.105804
1001.914697 -96.794273 -19.576097
1002.410390 -106.096908 -20.071791
1002.980239 -116.791208 -20.641640
1003.567043 -127.803692 -21.228444
1004.177138 -139.253291 -21.838539
1004.761821 -150.225972 -22.423222
1005.331657 -160.920034 -22.993058
1005.865489 -170.938403 -23.526890
1006.361195 -180.241276 -24.022596
1006.835718 -189.146599 -24.497119
1007.397084 -199.681689 -25.058484
1008.043209 -211.807457 -25.704610
1008.706263 -224.250932 -26.367664
1009.371438 -236.734210 -27.032839
1010.057797 -247.273761 -27.719198
1010.735672 -246.149544 -28.397073
1011.343659 -244.779331 -29.005060
1011.705901 -235.907980 -28.642818
1012.157120 -224.857591 -28.191600
1012.733319 -210.746410 -27.615401
1013.402736 -194.352309 -26.945984
1014.072153 -177.958209 -26.276567
1014.550905 -166.233519 -25.797815
1015.269039 -148.646328 -25.079681
1016.008369 -130.540038 -24.340350
1016.732854 -112.797335 -23.615866
1017.461567 -94.951061 -22.887153
1018.200897 -76.844770 -22.147822
1018.969882 -58.012238 -21.378837
1019.707067 -39.958510 -20.641653
1020.450626 -21.748649 -19.898093
1021.200548 -3.382964 -19.148171
1021.963158 1.104287 -18.385561
1022.717309 2.437889 -17.631410
1023.469340 3.767740 -16.879379
1024.225612 5.105093 -16.123107
1024.509470 5.607052 -15.839249
1025.111107 6.670955 -15.237612
1025.839833 7.959596 -14.508886
1026.585501 9.278196 -13.763219
1027.360836 10.649258 -12.987884
1028.108625 11.971609 -12.240095
1028.858534 13.297710 -11.490185
1029.599973 14.608831 -10.748747
1030.358366 15.949934 -9.990353
1031.108276 17.276035 -9.240444
1031.860306 18.605887 -8.488413
1032.608108 19.928259 -7.740612
1033.381309 21.295548 -6.967410
1034.133352 22.625422 -6.215367
1034.876899 23.940272 -5.471820
1035.637400 25.285103 -4.711319
1036.391565 26.618727 -3.957155
1037.113928 27.896117 -3.234792
1037.740965 29.004936 -2.607754
1038.495116 30.338538 -1.853603
1039.228084 31.634680 -1.120635
1040.009769 33.016971 -0.338950
1040.755450 34.335594 0.406730
1041.515951 35.680425 1.167232
1042.272211 37.017755 1.923491
1043.009420 38.321398 2.660701
1043.746630 39.625041 3.397910
1044.479585 40.921160 4.130865
1045.240099 42.266014 4.891380
1045.962475 43.543426 5.613756
1046.672138 44.798357 6.323419
1047.369076 46.030786 7.020357
1048.108407 47.338179 7.759687
1048.860437 48.668031 8.511718
1049.498079 49.795603 9.149359
1050.184425 51.009301 9.835705
1050.883509 52.245525 10.534790
1051.618585 53.545395 11.269866
1052.328261 54.800349 11.979542
1053.054866 56.085240 12.706147
1053.758167 57.328920 13.409447
1054.499606 58.640041 14.150886
1055.234694 59.939934 14.885975
1055.912582 61.138675 15.563863
1056.613762 62.378605 16.265042
1057.281058 63.558616 16.932339
1057.965309 64.768609 17.616589
1058.556341 65.813761 18.207622
1059.153724 66.870141 18.805004
1059.693931 67.825415 19.345212
1060.261659 68.829356 19.912940
1060.827266 69.829546 20.478547
1061.346277 70.747338 20.997558
1061.916126 71.755029 21.567407
1062.477504 81.788837 22.128785
1063.057945 95.847328 22.709226
1063.579077 108.469334 23.230357
1064.064179 120.218682 23.715459
1064.585311 132.840688 24.236591
1065.106442 145.462694 24.757723
1065.595786 157.314780 25.247067
1066.089372 169.269604 25.740652
1066.542711 180.249648 26.193991
1066.987566 191.024216 26.638847
1067.379488 200.516712 27.030769
1067.765035 209.854794 27.416315
1068.165402 219.551844 27.816683
1068.597558 222.650175 28.248839
1069.061489 222.276822 28.712770
1069.332647 212.386912 28.441612
1069.703360 198.865932 28.070899
1070.129165 183.335565 27.645093
1070.646055 164.483085 27.128203
1071.203192 144.162705 26.571067
1071.878959 119.515519 25.895300
1072.287810 104.603532 25.486449
1073.020778 77.870067 24.753481
1073.736791 51.754981 24.037468
1074.488834 24.325781 23.285425
1075.204847 6.791075 22.569411
1075.933573 -1.373155 21.840685
1076.647478 -2.633533 21.126780
1077.369854 -3.908866 20.404404
1078.134598 -5.258997 19.639661
1078.842140 -6.508142 18.932119
1079.570879 -7.794708 18.203380
1080.316559 -9.111185 17.457699
1081.057985 -10.420150 16.716273
1081.786724 -11.706716 15.987535
1082.528150 -13.015682 15.246109
1083.271722 -14.328436 14.502536
1084.038574 -15.682289 13.735685
1084.775771 -16.983788 12.998488
1085.525693 -18.307753 12.248566
1086.252311 -19.590575 11.521948
1086.993737 -20.899540 10.780522
1087.783905 -22.294559 9.990353
1088.493569 -23.547448 9.280690
1089.239236 -24.863903 8.535022
1089.987038 -26.184123 7.787221
1090.734826 -27.504322 7.039432
1091.474157 -28.809588 6.300102
1092.217704 -30.122297 5.556555
1092.946430 -31.408841 4.827829
1093.687881 -32.717851 4.086377
1094.429320 -34.026839 3.344939
1095.177109 -35.347037 2.597150
1095.905835 -36.633581 1.868424
1096.645165 -37.938847 1.129093
1097.399304 -39.270256 0.374955
1098.149213 -40.594199 -0.374955
1098.462738 -41.147718 -0.688480
1099.191477 -42.434284 -1.417218
1099.922311 -43.724550 -2.148053
1100.674342 -45.052237 -2.900083
1101.409430 -46.350014 -3.635172
1102.142398 -47.644046 -4.368140
1102.871124 -48.930590 -5.096866
1103.637976 -50.284443 -5.863717
1104.379414 -51.593431 -6.605156
1105.118745 -52.898697 -7.344486
1105.860171 -54.207662 -8.085912
1106.614322 -55.539094 -8.840064
1107.290089 -56.732140 -9.515831
1108.027299 -58.033661 -10.253040
1108.781438 -59.365071 -11.007179
1109.527118 -60.681547 -11.752859
1110.274919 -62.001768 -12.500661
1111.031179 -63.336921 -13.256920
1111.747192 -64.601021 -13.972934
1112.478052 -65.891332 -14.703793
1113.211007 -67.185342 -15.436748
1113.963038 -68.513029 -16.188779
1114.681172 -69.780874 -16.906913
1115.356939 -70.973920 -17.582680
1116.087786 -72.264208 -18.313527
1116.769915 -73.468488 -18.995657
1117.394832 -74.571758 -19.620573
1117.884188 -75.435702 -20.109929
1118.341756 -76.243525 -20.567498
1118.723074 -76.916730 -20.948815
1119.229372 -77.810584 -21.455113
1119.778037 -85.951439 -22.003779
1120.352115 -96.441282 -22.577857
1120.930435 -107.008634 -23.156177
1121.409187 -115.756630 -23.634929
1121.957853 -125.782120 -24.183594
1122.565840 -136.891566 -24.791581
1123.171693 -147.962026 -25.397435
1123.747892 -158.490624 -25.973634
1124.334696 -169.212993 -26.560437
1124.908774 -179.702836 -27.134515
1125.453210 -189.651050 -27.678952
1125.978571 -199.250709 -28.204312
1126.497569 -208.734105 -28.723311
1126.997517 -217.869410 -29.223259
1127.450857 -206.767424 -28.769920
1127.955034 -194.420445 -28.265742
1128.554537 -179.738989 -27.666239
1129.247259 -162.774684 -26.973517
1129.880646 -147.263441 -26.340130
1130.401778 -134.501258 -25.818998
1131.134733 -116.551658 -25.086043
1131.874063 -98.445928 -24.346713
1132.609152 -80.444078 -23.611624
1133.346336 -62.390910 -22.874440
1134.104730 -43.818347 -22.116047
1134.871581 -25.038649 -21.349195
1135.634216 -6.362207 -20.586560
1136.377763 0.813464 -19.843013
1137.144614 2.102979 -19.076162
1137.928433 3.421026 -18.292343
1138.691055 4.703430 -17.529721
1139.436736 5.957345 -16.784041
1140.377285 7.538945 -15.843491
1141.148391 8.835615 -15.072385
1141.889830 10.082397 -14.330947
1142.650331 11.361234 -13.570445
1143.404482 12.629394 -12.816294
1144.175576 13.926042 -12.045201
1144.919135 15.176390 -11.301641
1145.677516 16.451661 -10.543261
1146.450730 17.751876 -9.770046
1147.213352 19.034280 -9.007424
1147.965383 20.298873 -8.255394
1148.721642 21.570577 -7.499134
1149.488506 22.860114 -6.732270
1150.265962 24.167461 -5.954814
1150.990446 25.385733 -5.230330
1151.753081 26.668158 -4.467695
1152.341993 27.658455 -3.878783
1153.113086 28.955104 -3.107690
1153.879950 30.244640 -2.340826
1154.631968 31.509212 -1.588808
1155.398832 32.798748 -0.821944
1156.176288 34.106096 -0.044488
1156.943140 35.395611 0.722363
1157.707883 36.681582 1.487107
1158.464155 37.953307 2.243379
1159.216186 39.217900 2.995409
1159.957624 40.464682 3.736848
1160.739309 41.779141 4.518533
1161.484990 43.033056 5.264214
1162.209487 44.251350 5.988710
1162.921258 45.448244 6.700482
1163.654226 46.680782 7.433450
1164.433790 47.991674 8.213014
1165.130753 49.163668 8.909977
1165.800170 50.289340 9.579394
1166.482287 51.436369 10.261511
1167.249151 52.725905 11.028375
1167.956694 53.915688 11.735918
1168.666344 55.109016 12.445568
1169.395083 56.334443 13.174307
1170.125930 57.563414 13.905154
1170.886431 58.842251 14.665655
1171.604578 60.049866 15.383802
1172.320592 61.253894 16.099815
1173.040847 62.465054 16.820070
1173.788635 63.722514 17.567859
1174.485599 64.894508 18.264823
1175.184670 66.070046 18.963894
1175.847725 67.185019 19.626948
1176.508671 68.296447 20.287894
1177.110295 69.308122 20.889519
1177.690736 70.284174 21.469960
1178.256343 71.235283 22.035567
1178.815600 76.623435 22.594824
1179.381220 90.089261 23.160444
1179.927765 103.100956 23.706988
1180.467959 115.961474 24.247183
1181.010262 128.872183 24.789486
1181.554698 141.833687 25.333922
1182.031342 153.181239 25.810566
1182.516444 164.730157 26.295668
1182.993087 176.077709 26.772311
1183.435835 186.618285 27.215059
1183.853170 196.553855 27.632393
1184.249295 205.984499 28.028519
1184.626384 214.961918 28.405607
1185.016159 222.208106 28.795383
1185.448328 221.860314 29.227551
1185.732198 211.506973 28.943681
1186.113516 197.599534 28.562364
1186.585917 180.370059 28.089962
1187.102807 161.518010 27.573072
1187.693853 139.961364 26.982026
1188.361136 115.624157 26.314743
1188.719149 102.566682 25.956730
1189.517776 73.439109 25.158103
1190.257106 46.474195 24.418773
1190.973120 20.359708 23.702759
1191.699738 2.565699 22.976142
1192.417884 -1.493526 22.257995
1193.150840 -2.728315 21.525039
1193.862624 -3.927439 20.813255
1194.614654 -5.194365 20.061225
1195.349743 -6.432749 19.326136
1196.078469 -7.660414 18.597410
1196.807195 -8.888079 17.868684
1197.563467 -10.162151 17.112412
1198.290072 -11.386243 16.385807
1199.048466 -12.663887 15.627413
1199.777192 -13.891553 14.898687
1200.524980 -15.151332 14.150899
1201.285494 -16.432550 13.390385
1202.033296 -17.692351 12.642583
1202.768372 -18.930713 11.907507
1203.520402 -20.197639 11.155477
1204.285145 -21.485981 10.390734
1205.035055 -22.749334 9.640824
1205.755310 -23.962728 8.920569
1206.492520 -25.204685 8.183359
1207.246658 -26.475163 7.429221
1207.996581 -27.738537 6.679298
1208.731657 -28.976899 5.944222
1209.451912 -30.190294 5.223967
1210.174288 -31.407261 4.501591
1210.939031 -32.695604 3.736848
1211.678349 -33.941112 2.997530
1212.417679 -35.186643 2.258200
1213.148514 -36.417859 1.527365
1213.898436 -37.681233 0.777443
1214.644104 -38.937440 0.031775
1215.391892 -40.197219 -0.716013
1216.129102 -41.439176 -1.453223
1216.806990 -42.581196 -2.131111
1217.107802 -35.214662 -1.830299
1217.747552 -43.152195 -2.470048
1218.486882 -44.397725 -3.209379
1219.228321 -45.646807 -3.950818
1219.959155 -46.878024 -4.681652
1220.694244 -48.116408 -5.416741
1221.467458 -49.419021 -6.189955
1222.206776 -50.664530 -6.929272
1222.941865 -51.902914 -7.664361
1223.685411 -53.155548 -8.407908
1224.441684 -54.429619 -9.164180
1225.098388 -55.535951 -9.820885
1225.816522 -56.745773 -10.539019
1226.591857 -58.051959 -11.314354
1227.339646 -59.311738 -12.062143
1228.102268 -60.596507 -12.824765
1228.828886 -61.820621 -13.551383
1229.578796 -63.083974 -14.301292
1230.343539 -64.372316 -15.066035
1231.070144 -65.596408 -15.792640
1231.809462 -66.841917 -16.531958
1232.569976 -68.123134 -17.292472
1233.288110 -69.332956 -18.010607
1234.016836 -70.560621 -18.739333
1234.709545 -71.727609 -19.432041
1235.410725 -72.908867 -20.133221
1236.071683 -74.022367 -20.794180
1236.628807 -74.960938 -21.351304
1237.141468 -75.824604 -21.863964
1237.609628 -76.613301 -22.332124
1238.035421 -78.663987 -22.757917
1238.550190 -87.956813 -23.272686
1239.132752 -98.473458 -23.855248
1239.706842 -108.837183 -24.429339
1240.208899 -117.900514 -24.931395
1240.744852 -127.575754 -25.467348
1241.308338 -137.748042 -26.030834
1241.893008 -148.302746 -26.615504
1242.475582 -158.819621 -27.198079
1243.017885 -168.609494 -27.740381
1243.539017 -178.017181 -28.261513
1244.055894 -187.348065 -28.778391
1244.545250 -196.182129 -29.267747
1245.034607 -184.198371 -28.778391
1245.545134 -171.696162 -28.267863
1246.150988 -156.859528 -27.662010
1246.822525 -140.414360 -26.990472
1247.445333 -125.162530 -26.367664
1247.941040 -113.023268 -25.871957
1248.680358 -94.918251 -25.132640
1249.415446 -76.916800 -24.397551
1250.129339 -59.434421 -23.683658
1250.853823 -41.692661 -22.959174
1251.601612 -23.380202 -22.211386
1252.368476 -4.600608 -21.444522
1253.103564 0.889703 -20.709433
1253.834411 2.077950 -19.978586
1254.582200 3.293743 -19.230797
1255.340593 4.526776 -18.472404
1256.096866 5.756362 -17.716132
1256.838292 6.961809 -16.974706
1257.723786 8.401491 -16.089211
1258.509713 9.679291 -15.303284
1259.234197 10.857193 -14.578800
1259.984107 12.076434 -13.828890
1260.742500 13.309468 -13.070497
1261.496639 14.535584 -12.316358
1262.246561 15.754846 -11.566436
1262.968924 16.929300 -10.844073
1263.723076 18.155437 -10.089921
1264.485698 19.395347 -9.327299
1265.225016 20.597367 -8.587981
1265.957984 21.789063 -7.855014
1266.718485 23.025524 -7.094512
1267.468395 24.244765 -6.344602
1268.231030 25.484695 -5.581968
1268.974577 26.693591 -4.838421
1269.737199 27.933500 -4.075798
1270.480759 29.142417 -3.332239
1271.046366 30.062010 -2.766631
1271.792046 31.274374 -2.020951
1272.541956 32.493615 -1.271041
1273.302457 33.730076 -0.510540
1274.033304 34.918324 0.220307
1274.812868 36.185778 0.999871
1275.560670 37.401591 1.747672
1276.289396 38.586391 2.476398
1277.024484 39.781535 3.211487
1277.784998 41.018017 3.972001
1278.551850 42.264802 4.738853
1279.299639 43.480595 5.486641
1280.045319 44.692959 6.232322
1280.757103 45.850214 6.944106
1281.504892 47.066006 7.691895
1282.197601 48.192247 8.384604
1282.892443 49.321957 9.079446
1283.574573 50.430997 9.761576
1284.288465 51.591680 10.475468
1285.021433 52.783375 11.208436
1285.745930 53.961299 11.932933
1286.472535 55.142650 12.659538
1287.182211 56.296477 13.369214
1287.923637 57.501924 14.110640
1288.662955 58.703944 14.849958
1289.372631 59.857771 15.559634
1290.090765 61.025350 16.277768
1290.811007 62.196356 16.998010
1291.556688 63.408721 17.743691
1292.249409 64.534982 18.436412
1292.935768 65.650899 19.122771
1293.611548 66.749615 19.798551
1294.302136 67.872408 20.489139
1294.939777 68.909118 21.126780
1295.577406 69.945807 21.764409
1296.159981 70.892985 22.346984
1296.746772 73.785391 22.933774
1297.295437 86.693768 23.482440
1297.865286 100.100529 24.052289
1298.382176 112.261331 24.569179
1298.922370 124.970415 25.109373
1299.473157 137.928691 25.660159
1300.030293 151.036362 26.217296
1300.498453 162.050702 26.685456
1300.960276 172.915945 27.147279
1301.400890 183.282207 27.587892
1301.839408 193.599169 28.026411
1302.258851 203.467346 28.445854
1302.604139 211.590881 28.791141
1302.955802 219.864409 29.142804
1303.349832 221.609344 29.536835
1303.868843 221.191664 30.055845
1304.455633 220.719438 30.642636
1305.004299 220.277894 31.191302
1305.593211 219.803961 31.780213
1306.199077 219.316383 32.386080
1306.794351 218.837330 32.981354
1307.362079 218.380444 33.549082
1307.874740 199.684340 33.036421
1308.289941 184.542474 32.621220
1308.779298 166.696256 32.131864
1309.359726 145.528767 31.551436
1309.997367 122.274772 30.913794
1310.446477 105.896287 30.464684
1311.141320 80.556251 29.769841
1311.893338 53.131099 29.017824
1312.630547 26.245984 28.280614
1313.348694 0.056062 27.562467
1314.064695 -1.068914 26.846466
1314.797663 -2.165512 26.113499
1315.532751 -3.265283 25.378410
1316.269961 -4.368228 24.641200
1316.985974 -5.439460 23.925187
1317.729534 -6.551905 23.181628
1318.466731 -7.654831 22.444431
1319.201819 -8.754602 21.709342
1319.941150 -9.860720 20.970011
1320.678347 -10.963645 20.232814
1321.440982 -12.104629 19.470180
1322.173937 -13.201208 18.737224
1322.925967 -14.326326 17.985194
1323.675877 -15.448271 17.235284
1324.413087 -16.551216 16.498075
1325.156646 -17.663661 15.754515
1325.891722 -18.763413 15.019439
1326.650115 -19.898050 14.261046
1327.389433 -21.004149 13.521728
1328.139343 -22.126094 12.771819
1328.885023 -23.241712 12.026138
1329.624354 -24.347830 11.286808
1330.397568 -25.504641 10.513593
1331.170782 -26.661452 9.740379
1331.891037 -27.739030 9.020124
1332.626113 -28.838783 8.285048
1333.388735 -29.979747 7.522426
1334.140766 -31.104866 6.770395
1334.871613 -32.198291 6.039549
1335.602472 -33.291735 5.308689
1336.333306 -34.385141 4.577855
1337.083229 -35.507105 3.827932
1337.818305 -36.606858 3.092856
1338.568214 -37.728803 2.342947
1339.294832 -38.815901 1.616329
1339.640120 -39.332488 1.271041
1340.358267 -40.406913 0.552894
1341.118768 -41.544704 -0.207607
1341.855978 -42.647649 -0.944816
1342.603766 -43.766421 -1.692605
1343.328251 -44.850327 -2.417089
1344.078160 -45.972272 -3.166999
1344.823841 -47.087889 -3.912679
1345.577992 -48.216181 -4.666831
1346.317310 -49.322279 -5.406149
1347.086295 -50.472763 -6.175134
1347.853146 -51.620055 -6.941985
1348.603056 -52.742000 -7.691895
1349.359328 -53.873464 -8.448167
1350.098646 -54.979563 -9.187485
1350.844326 -56.095181 -9.933165
1351.600586 -57.226626 -10.689425
1352.363208 -58.367591 -11.452047
1353.111010 -59.486382 -12.199849
1353.759230 -60.456189 -12.848069
1354.494319 -61.555961 -13.583158
1355.225166 -62.649386 -14.314005
1355.981426 -63.780831 -15.070265
1356.701681 -64.858410 -15.790520
1357.462195 -65.996221 -16.551034
1358.148554 -67.023087 -17.237392
1358.834900 -68.049934 -17.923739
1359.481012 -69.016588 -18.569851
1360.137729 -69.999106 -19.226568
1360.673669 -70.800930 -19.762508
1361.127008 -71.479174 -20.215847
1361.599410 -72.185938 -20.688249
1362.086646 -72.914894 -21.175485
1362.705212 -73.840336 -21.794051
1363.342841 -74.794297 -22.431680
1363.948707 -75.700737 -23.037546
1364.584228 -79.059327 -23.673067
1365.187960 -89.608542 -24.276799
1365.711213 -98.751507 -24.800052
1366.228103 -107.783294 -25.316942
1366.759814 -117.074051 -25.848653
1367.348726 -127.364296 -26.437565
1367.944000 -137.765719 -27.032839
1368.511728 -147.685816 -27.600567
1369.054044 -157.161869 -28.142882
1369.596346 -166.637701 -28.685185
1370.149254 -176.298828 -29.238092
1370.746636 -186.737088 -29.835475
1371.348248 -197.249244 -30.437087
1371.975298 -208.205889 -31.064137
1372.629881 -219.643637 -31.718720
1373.284464 -231.081385 -32.373303
1373.962352 -235.639136 -33.051191
1374.574569 -232.100001 -33.663407
1375.006711 -221.517727 -33.231265
1375.500310 -209.430540 -32.737666
1376.089209 -195.009636 -32.148767
1376.739576 -179.083510 -31.498400
1377.347537 -164.195801 -30.890439
1377.906795 -150.500763 -30.331181
1378.616458 -133.122595 -29.621518
1379.336726 -115.484744 -28.901250
1380.061197 -97.743954 -28.176779
1380.798407 -79.691235 -27.439569
1381.550437 -61.275582 -26.687539
1382.287634 -43.223174 -25.950342
1383.029073 -25.066892 -25.208903
1383.783212 -6.599614 -24.454764
1384.535255 0.667000 -23.702721
1385.274573 1.688939 -22.963403
1386.016011 2.713809 -22.221965
1386.914219 3.955377 -21.323757
1387.670478 5.000735 -20.567498
1388.420388 6.037315 -19.817588
1389.176648 7.082672 -19.061328
1389.949874 8.151482 -18.288102
1390.699771 9.188045 -17.538205
1391.447573 10.221711 -16.790403
1392.239849 11.316853 -15.998126
1392.994001 12.359297 -15.243975
1393.731198 13.378304 -14.506778
1394.489578 14.426593 -13.748398
1395.256442 15.486609 -12.981534
1396.002110 16.517325 -12.235866
1396.764732 17.571477 -11.473244
1397.506184 18.596366 -10.731792
1398.260335 19.638809 -9.977641
1399.016595 20.684166 -9.221381
1399.758034 21.709037 -8.479942
1400.520656 22.763189 -7.717320
1401.291749 23.829051 -6.946227
1402.043780 24.868562 -6.194196
1402.577624 25.606481 -5.660352
1403.304229 26.610848 -4.933747
1404.088035 27.694281 -4.149941
1404.837945 28.730861 -3.400031
1405.611159 29.799654 -2.626817
1406.356839 30.830388 -1.881137
1407.106749 31.866968 -1.131227
1407.886326 32.944556 -0.351650
1408.621402 33.960632 0.383426
1409.384024 35.014784 1.146048
1410.174193 36.107013 1.936217
1410.930465 37.152388 2.692489
1411.682495 38.191900 3.444519
1412.423921 39.216753 4.185945
1413.211969 40.306050 4.973993
1413.949166 41.325057 5.711190
1414.671542 42.323578 6.433566
1415.398147 43.327945 7.160171
1416.148069 44.364542 7.910093
1416.891629 45.392345 8.653653
1417.544091 46.294226 9.306116
1418.257997 47.281038 10.020021
1418.980360 48.279541 10.742384
1419.687915 49.257576 11.449939
1420.391216 50.229729 12.153240
1421.109362 51.222404 12.871386
1421.835968 52.226771 13.597992
1422.596469 53.277992 14.358493
1423.335787 54.299931 15.097811
1424.060284 55.301383 15.822308
1424.814435 56.343826 16.576459
1425.511398 57.307220 17.273422
1426.254945 58.335005 18.016969
1426.964609 59.315953 18.726633
1427.640376 60.250048 19.402400
1428.328855 61.201715 20.090879
1428.994030 62.121169 20.756055
1429.635914 63.008427 21.397938
1430.252372 63.860540 22.014396
1430.866696 64.709704 22.628720
1431.491638 65.573544 23.253662
1432.118675 66.440281 23.880699
1432.720299 67.271890 24.482323
1433.343107 68.132781 25.105131
1433.944732 68.964390 25.706756
1434.546356 69.795999 26.308380
1435.152222 71.476111 26.914246
1435.760197 84.936996 27.522221
1436.366063 98.351206 28.128087
1436.950746 111.296398 28.712770
1437.478227 122.975134 29.240251
1437.995117 134.419361 29.757141
1438.539554 146.473479 30.301578
1439.081856 158.480358 30.843880
1439.588155 169.690077 31.350179
1440.062677 180.196271 31.824701
1440.503304 189.951983 32.265328
1440.948172 199.801611 32.710196
1441.333719 208.337823 33.095743
1441.757403 217.718435 33.519427
1442.217093 218.028926 33.979117
1442.697965 217.641939 34.459989
1442.962773 207.985179 34.195182
1443.344078 194.080113 33.813877
1443.805888 177.239255 33.352067
1444.316415 158.621823 32.841540
1444.913811 136.836571 32.244144
1445.598049 111.884424 31.559906
1445.981487 97.901552 31.176468
1446.769535 69.163766 30.388420
1447.491911 42.820835 29.666044
1448.220637 16.246337 28.937318
1448.953592 -0.371388 28.204363
1449.680210 -1.310191 27.477745
1450.404706 -2.246255 26.753249
1451.144024 -3.201467 26.013931
1451.868521 -4.137530 25.289434
1452.607839 -5.092742 24.550116
1453.321744 -6.015120 23.836211
1454.058941 -6.967592 23.099014
1454.800380 -7.925544 22.357575
1455.537589 -8.878033 21.620366
1456.272665 -9.827764 20.885290
1457.009888 -10.780269 20.148067
1457.764026 -11.754630 19.393929
1458.518178 -12.729007 18.639777
1459.268087 -13.697904 17.889868
1460.026480 -14.677762 17.131474
1460.761556 -15.627493 16.396399
1461.513600 -16.599147 15.644355
1462.261388 -17.565304 14.896567
1463.009177 -18.531460 14.148778
1463.761220 -19.503114 13.396735
1464.511130 -20.472011 12.646825
1465.258919 -21.438167 11.899036
1465.987645 -22.379695 11.170310
1466.750267 -23.365016 10.407688
1467.517131 -24.355819 9.640824
1468.228915 -25.275457 8.929040
1468.953412 -26.211520 8.204543
1469.718155 -27.199582 7.439800
1470.459581 -28.157518 6.698374
1471.203154 -29.118227 5.954801
1471.938230 -30.067959 5.219725
1472.662726 -31.004022 4.495228
1473.402044 -31.959234 3.755911
1474.158304 -32.936335 2.999651
1474.901876 -33.897044 2.256079
1475.630589 -34.838555 1.527365
1476.382633 -35.810209 0.775322
1477.121950 -36.765421 0.036004
1477.867618 -37.728837 -0.709663
1478.505260 -38.552682 -1.347305
1478.975541 -39.160293 -1.817586
1479.712750 -40.112781 -2.554795
1480.454176 -41.070717 -3.296222
1481.199857 -42.034150 -4.041902
1481.924341 -42.970197 -4.766386
1482.655188 -43.914464 -5.497233
1483.413581 -44.894322 -6.255626
1484.171974 -45.874180 -7.014019
1484.938826 -46.864966 -7.780871
1485.697206 -47.844807 -8.539251
1486.459829 -48.830129 -9.301874
1487.190676 -49.774397 -10.032721
1487.936356 -50.737830 -10.778401
1488.694737 -51.717671 -11.536782
1489.351441 -52.566145 -12.193486
1490.084409 -53.513153 -12.926454
1490.842789 -54.492994 -13.684834
1491.582120 -55.448223 -14.424165
1492.357442 -56.449953 -15.199487
1493.058622 -57.355890 -15.900667
1493.844561 -58.371338 -16.686606
1494.579650 -59.321086 -17.421695
1495.365564 -60.336502 -18.207609
1496.081590 -61.261620 -18.923635
1496.778541 -62.162093 -19.620586
1497.483962 -63.073511 -20.326007
1498.157608 -63.943874 -20.999653
1498.841846 -64.827921 -21.683891
1499.451954 -65.616192 -22.293999
1500.026032 -66.357911 -22.868077
1500.528089 -67.006577 -23.370134
1501.142426 -67.800312 -23.984471
1501.760992 -68.599511 -24.603037
1502.347795 -69.357672 -25.189840
1502.959999 -70.148650 -25.802044
1503.580699 -72.559599 -26.422744
1504.222569 -83.289353 -27.064614
1504.847498 -93.735901 -27.689543
1505.478777 -104.288598 -28.320822
1505.980834 -112.681162 -28.822879
1506.495603 -121.286237 -29.337648
1507.095119 -131.307977 -29.937164
1507.692501 -141.294051 -30.534547
1508.302597 -151.492634 -31.144642
1508.887267 -161.266198 -31.729312
1509.427461 -170.296293 -32.269506
1509.967643 -179.326177 -32.809688
1510.522671 -188.604236 -33.364716
1511.050140 -197.421609 -33.892185
1511.577609 -184.505349 -33.364716
1512.096620 -171.796207 -32.845705
1512.689761 -157.271828 -32.252564
1513.354936 -140.983526 -31.587389
1513.926906 -126.977564 -31.015419
1514.528530 -112.245446 -30.413795
1515.255136 -94.452895 -29.687190
1515.975391 -76.815839 -28.966935
1516.699888 -59.074912 -28.242438
1517.447676 -40.763634 -27.494649
1518.201828 -22.296551 -26.740498
1518.936904 -4.296571 -26.005422
1519.682584 0.749664 -25.259741
1520.438844 1.743916 -24.503482
1521.180282 2.718683 -23.762043
1521.938663 3.715723 -23.003662
1522.684343 4.696066 -22.257982
1523.582551 5.876936 -21.359774
1524.349402 6.885112 -20.592923
1525.088720 7.857091 -19.853605
1525.836509 8.840205 -19.105816
1526.607602 9.853959 -18.334723
1527.353283 10.834302 -17.589043
1528.107434 11.825782 -16.834891
1528.891240 12.856249 -16.051085
1529.653862 13.858865 -15.288463
1530.382588 14.816918 -14.559737
1531.147331 15.822323 -13.794994
1531.912062 16.827711 -13.030264
1532.653501 17.802478 -12.288825
1533.420377 18.810688 -11.521948
1534.149091 19.768725 -10.793235
1534.901134 20.757433 -10.041192
1535.659502 21.754456 -9.282824
1536.403061 22.732011 -8.539264
1537.148742 23.712354 -7.793584
1537.699528 24.436471 -7.242797
1538.453679 25.427951 -6.488646
1539.205710 26.416642 -5.736615
1539.947149 27.391409 -4.995177
1540.722471 28.410722 -4.219854
1541.478743 29.404991 -3.463582
1542.247728 30.415972 -2.694597
1543.001880 31.407452 -1.940446
1543.758139 32.401704 -1.184186
1544.541945 33.432170 -0.400380
1545.289734 34.415285 0.347409
1546.052369 35.417918 1.110043
1546.817099 36.423307 1.874774
1547.562780 37.403650 2.620455
1548.316919 38.395113 3.374593
1549.073204 39.389398 4.130878
1549.863359 40.428213 4.921034
1550.598435 41.394615 5.656110
1551.348358 42.380535 6.406032
1552.106738 43.377574 7.164413
1552.860890 44.369054 7.918564
1553.602328 45.343821 8.660003
1554.259033 46.207188 9.316707
1554.979288 47.154104 10.036962
1555.744031 48.159509 10.801706
1556.481228 49.128699 11.538903
1557.199375 50.072844 12.257049
1557.915388 51.014184 12.973063
1558.652598 51.983390 13.710272
1559.419449 52.991567 14.477124
1560.169359 53.977470 15.227033
1560.898085 54.935524 15.955759
1561.633173 55.901942 16.690848
1562.387337 56.893438 17.445012
1563.122413 57.859840 18.180088
1563.842656 58.806740 18.900330
1564.575636 59.770387 19.633311
1565.323425 60.753501 20.381100
1566.014026 61.661431 21.071700
1566.715218 62.583286 21.772893
1567.369801 63.443865 22.427476
1568.049810 64.337869 23.107485
1568.702285 65.195676 23.759960
1569.337793 66.031176 24.395468
1569.975435 66.869481 25.033110
1570.615185 67.710558 25.672860
1571.231643 68.521012 26.289317
1571.852343 69.337044 26.910017
1572.453967 70.127997 27.511642
1573.081004 80.454850 28.138679
1573.680520 93.465488 28.738195
1574.244007 105.694209 29.301681
1574.854102 118.934434 29.911777
1575.402767 130.841513 30.460442
1575.995934 143.714344 31.053608
1576.481035 154.241975 31.538710
1576.951329 164.448240 32.009004
1577.472448 175.757513 32.530123
1577.936392 185.825971 32.994067
1578.368548 195.204567 33.426222
1578.781628 204.169190 33.839302
1579.165066 212.490530 34.222741
1579.597209 217.482434 34.654884
1580.023015 217.139762 35.080689
1580.345010 205.397819 34.758693
1580.728449 191.415302 34.375255
1581.217793 173.570827 33.885911
1581.772808 153.331559 33.330896
1582.399858 130.465474 32.703846
1583.075625 105.822862 32.028079
1583.429409 92.921730 31.674295
1583.692083 83.343020 31.411621
1584.264065 62.485023 30.839639
1584.986441 36.142761 30.117263
1585.723638 9.260037 29.380066
1586.452364 -0.562391 28.651340
1587.187453 -1.433106 27.916251
1587.911937 -2.291260 27.191767
1588.644918 -3.159477 26.458786
1589.377885 -4.027680 25.725818
1590.110841 -4.895867 24.992863
1590.854400 -5.776616 24.249304
1591.585247 -6.642306 23.518457
1592.316094 -7.507997 22.787610
1593.049062 -8.376199 22.054642
1593.782042 -9.244417 21.321662
1594.523481 -10.122653 20.580223
1595.294561 -11.036000 19.809143
1596.012708 -11.886648 19.090996
1596.766860 -12.779942 18.336844
1597.537953 -13.693304 17.565751
1598.273029 -14.564004 16.830675
1599.006009 -15.432222 16.097694
1599.747448 -16.310458 15.356256
1600.514300 -17.218796 14.589404
1601.270572 -18.114603 13.833132
1601.999298 -18.977781 13.104406
1602.757691 -19.876100 12.346013
1603.494888 -20.749312 11.608816
1604.253281 -21.647631 10.850423
1605.013783 -22.548447 10.089921
1605.748859 -23.419147 9.354845
1606.483947 -24.289862 8.619757
1607.225399 -25.168113 7.878305
1607.973187 -26.053871 7.130517
1608.720976 -26.939629 6.382728
1609.451823 -27.805319 5.651881
1610.191141 -28.681044 4.912563
1610.915638 -29.539212 4.188066
1611.690973 -30.457599 3.412731
1612.434520 -31.338333 2.669184
1613.173850 -32.214072 1.929854
1613.917410 -33.094820 1.186294
1614.684261 -34.003158 0.419443
1615.427821 -34.883907 -0.324117
1616.162909 -35.754622 -1.059205
1616.908577 -36.637867 -1.804873
1617.643666 -37.508582 -2.539962
1617.972012 -37.897509 -2.868308
1618.747347 -38.815895 -3.643643
1619.484544 -39.689107 -4.380840
1620.217511 -40.557310 -5.113807
1621.005559 -41.490755 -5.901855
1621.746998 -42.368991 -6.643294
1622.486316 -43.244715 -7.382612
1623.255288 -44.155565 -8.151584
1624.009439 -45.048860 -8.905735
1624.746649 -45.922087 -9.642945
1625.485967 -46.797811 -10.382263
1626.168096 -47.605796 -11.064392
1626.941298 -48.521655 -11.837594
1627.680628 -49.397394 -12.576924
1628.396642 -50.245514 -13.292938
1629.157143 -51.146331 -14.053439
1629.898582 -52.024567 -14.794878
1630.640020 -52.902803 -15.536316
1631.396280 -53.798595 -16.292576
1632.135610 -54.674334 -17.031907
1632.917295 -55.600243 -17.813592
1633.675689 -56.498562 -18.571985
1634.391689 -57.346666 -19.287985
1635.122549 -58.212372 -20.018845
1635.840683 -59.063004 -20.736979
1636.546105 -59.898578 -21.442401
1637.245176 -60.726630 -22.141472
1637.946368 -61.557195 -22.842665
1638.626365 -62.362652 -23.522661
1639.198334 -63.040152 -24.094631
1639.776654 -63.725174 -24.672950
1640.350732 -64.405171 -25.247028
1640.965070 -65.132855 -25.861366
1641.606940 -65.893153 -26.503236
1642.227640 -66.628374 -27.123936
1642.825010 -67.335960 -27.721306
1643.464772 -77.203689 -28.361068
1644.072760 -87.082334 -28.969056
1644.676492 -96.891852 -29.572788
1645.246341 -106.150825 -30.142637
1645.744156 -114.239375 -30.640452
1646.318259 -123.567476 -31.214555
1646.905050 -133.101721 -31.801346
1647.449474 -141.947580 -32.345770
1648.002381 -150.931280 -32.898677
1648.519258 -159.329563 -33.415554
1649.006494 -167.246223 -33.902790
1649.610239 -152.462489 -33.299044
1650.165267 -138.871678 -32.744016
1650.762650 -124.243746 -32.146634
1651.429933 -107.904173 -31.479350
1651.927760 -95.714022 -30.981523
1652.620469 -78.751865 -30.288814
1653.349195 -60.907766 -29.560088
1654.063100 -43.426581 -28.846183
1654.808781 -25.167322 -28.100503
1655.539615 -7.271599 -27.369668
1656.302250 0.591128 -26.607033
1657.047918 1.537682 -25.861366
1657.799948 2.492312 -25.109335
1658.543508 3.436189 -24.365776
1659.291297 4.385435 -23.617987
1660.028493 5.321236 -22.880790
1660.981781 6.531342 -21.927502
1661.765574 7.526292 -21.143709
1662.523967 8.488999 -20.385316
1663.263285 9.427492 -19.645998
1664.036499 10.409013 -18.872784
1664.797001 11.374396 -18.112283
1665.549031 12.329027 -17.360252
1666.298941 13.280965 -16.610343
1667.065792 14.254409 -15.843491
1667.847490 15.246699 -15.061794
1668.569866 16.163685 -14.339418
1669.336717 17.137129 -13.572566
1670.097231 18.102529 -12.812052
1670.853491 19.062528 -12.055793
1671.599171 20.009097 -11.310112
1672.353310 20.966404 -10.555973
1673.103232 21.918358 -9.806051
1673.853129 22.870280 -9.056154
1674.596689 23.814157 -8.312594
1675.357203 24.779556 -7.552080
1676.126175 25.755693 -6.783108
1676.880314 26.712999 -6.028969
1677.626007 27.659585 -5.283276
1678.380146 28.616891 -4.529138
1679.168194 29.617242 -3.741090
1679.930816 30.585318 -2.978467
1680.678617 31.534579 -2.230666
1681.466652 32.534914 -1.442631
1682.225033 33.497605 -0.684251
1683.002489 34.484510 0.093205
1683.765111 35.452586 0.855828
1684.519262 36.409909 1.609979
1685.269172 37.361847 2.359889
1685.777591 38.007236 2.868308
1686.525380 38.956482 3.616096
1687.311307 39.954140 4.402023
1688.078171 40.927600 5.168887
1688.845022 41.901044 5.935739
1689.580111 42.834168 6.670827
1690.346975 43.807629 7.437691
1691.130768 44.802579 8.221485
1691.865857 45.735703 8.956573
1692.588233 46.652690 9.678949
1693.325442 47.588506 10.416159
1694.100777 48.572719 11.191494
1694.861279 49.538103 11.951995
1695.609067 50.487349 12.699784
1696.346264 51.423149 13.436981
1697.102549 52.383180 14.193266
1697.810092 53.281337 14.900808
1698.534576 54.201000 15.625293
1699.286619 55.155646 16.377336
1700.059833 56.137167 17.150550
1700.813985 57.094490 17.904701
1701.559652 58.041043 18.650369
1702.273545 58.947261 19.364262
1703.023467 59.899215 20.114184
1703.769148 60.845785 20.859864
1704.493645 61.765464 21.584361
1705.213887 62.679742 22.304604
1705.934142 63.594037 23.024859
1706.628984 64.476072 23.719701
1707.317464 65.350031 24.408181
1707.978410 66.189038 25.069127
1708.649935 67.041475 25.740652
1709.298169 67.864345 26.388886
1709.948510 68.689891 27.039227
1710.596744 69.512761 27.687461
1711.249206 72.935162 28.339923
1711.882619 86.485470 28.973336
1712.492714 99.536963 29.583431
1713.104943 112.634100 30.195660
1713.698097 125.323165 30.788813
1714.263691 137.422673 31.354408
1714.818719 149.296138 31.909436
1715.344080 160.534947 32.434797
1715.803782 170.369142 32.894499
1716.280426 180.565765 33.371142
1716.718919 189.946246 33.809635
1717.138374 198.919470 34.229091
1717.576880 208.300222 34.667596
1717.970910 216.729533 35.061627
1718.358565 216.840704 35.449281
1718.845813 216.448586 35.936530
1719.345748 216.046257 36.436465
1719.919827 215.584261 37.010543
1720.502401 213.279774 37.593118
1721.087071 210.866864 38.177788
1721.692937 208.366477 38.783654
1722.152626 206.469357 39.243343
1722.661045 187.930726 38.734924
1723.116505 171.323154 38.279464
1723.612199 153.248533 37.783770
1724.205353 131.620207 37.190616
1724.855707 107.906152 36.540262
1725.283621 92.303009 36.112348
1725.999647 66.194348 35.396322
1726.734735 39.390598 34.661234
1727.463449 12.819317 33.932520
1728.202779 -0.397018 33.193190
1728.925155 -1.136637 32.470814
1729.675065 -1.904447 31.720904
1730.393212 -2.639735 31.002757
1731.126167 -3.390186 30.269802
1731.850664 -4.131976 29.545305
1732.583632 -4.882439 28.812338
1733.335662 -5.652420 28.060307
1734.089813 -6.424573 27.306156
1734.824902 -7.177208 26.571067
1735.568462 -7.938516 25.827507
1736.331084 -8.719341 25.064885
1737.066173 -9.471976 24.329796
1737.803370 -10.226770 23.592599
1738.538458 -10.979404 22.857511
1739.275668 -11.734211 22.120301
1740.017094 -12.493334 21.378875
1740.760654 -13.254642 20.635316
1741.536001 -14.048497 19.859968
1742.268969 -14.798960 19.127000
1743.012516 -15.560255 18.383453
1743.779367 -16.345411 17.616602
1744.518698 -17.102389 16.877271
1745.264378 -17.865869 16.131591
1746.016409 -18.635850 15.379560
1746.762077 -19.399316 14.633892
1747.528941 -20.184485 13.867028
1748.257679 -20.930618 13.138290
1749.001239 -21.691926 12.394730
1749.738436 -22.446719 11.657533
1750.503166 -23.229704 10.892803
1751.257318 -24.001856 10.138651
1751.996636 -24.758821 9.399333
1752.733858 -25.513641 8.662111
1753.471055 -26.268434 7.924914
1754.225194 -27.040573 7.170776
1754.985708 -27.819241 6.410261
1755.714434 -28.565361 5.681535
1756.434689 -29.302808 4.961280
1757.167644 -30.053258 4.228325
1757.938750 -30.842770 3.457219
1758.692901 -31.614923 2.703068
1759.423735 -32.363202 1.972234
1760.150353 -33.107163 1.245616
1760.917217 -33.892332 0.478752
1761.684069 -34.677488 -0.288099
1762.071749 -35.074422 -0.675780
1762.800475 -35.820542 -1.404506
1763.535551 -36.573164 -2.139582
1764.285460 -37.340973 -2.889491
1765.035370 -38.108783 -3.639401
1765.787413 -38.878777 -4.391444
1766.545794 -39.655260 -5.149825
1767.297824 -40.425241 -5.901855
1768.054097 -41.199565 -6.658127
1768.797643 -41.960860 -7.401674
1769.560266 -42.741685 -8.164297
1770.335601 -43.535527 -8.939632
1771.085510 -44.303337 -9.689541
1771.816370 -45.051642 -10.420401
1772.572630 -45.825953 -11.176660
1773.339494 -46.611121 -11.943525
1774.078799 -47.368073 -12.682830
1774.805417 -48.112035 -13.409447
1775.551097 -48.875515 -14.155128
1776.239564 -49.580415 -14.843595
1776.961940 -50.320034 -15.565971
1777.716091 -51.092186 -16.320122
1778.461759 -51.855653 -17.065790
1779.234986 -52.647336 -17.839017
1779.976412 -53.406459 -18.580443
1780.711488 -54.159081 -19.315519
1781.421164 -54.885697 -20.025195
1782.147769 -55.629646 -20.751800
1782.823536 -56.321543 -21.427567
1783.543791 -57.058990 -22.147822
1784.261925 -57.794266 -22.865956
1784.840245 -58.386390 -23.444276
1785.382548 -58.941637 -23.986579
1785.969352 -59.542447 -24.573382
1786.592160 -60.180121 -25.196190
1787.223451 -60.826481 -25.827482
1787.861080 -61.479330 -26.465111
1788.445763 -62.077969 -27.049793
1789.087621 -62.735148 -27.691651
1789.742217 -63.405369 -28.346248
1790.373483 -64.233255 -28.977514
1790.985712 -73.681941 -29.589743
1791.583094 -82.901501 -30.187125
1792.080922 -90.584597 -30.684953
1792.566024 -98.071300 -31.170054
1793.070214 -105.852594 -31.674245
1793.610395 -114.189358 -32.214426
1794.139998 -122.362853 -32.744029
1794.665359 -130.470883 -33.269390
1795.220374 -139.036578 -33.824405
1795.821986 -148.321406 -34.426017
1796.474461 -158.391224 -35.078492
1797.129045 -168.493578 -35.733076
1797.809054 -178.988328 -36.413084
1798.491183 -189.515812 -37.095214
1799.169058 -197.134039 -37.773089
1799.789746 -191.858636 -38.393776
1800.262147 -180.291434 -37.921374
1800.753612 -168.257464 -37.429910
1801.353116 -153.578060 -36.830406
1802.022533 -137.186759 -36.160989
1802.554256 -124.167010 -35.629266
1803.189751 -108.606313 -34.993770
1803.935432 -90.347629 -34.248090
1804.651458 -72.815063 -33.532064
1805.382292 -54.919904 -32.801230
1806.121623 -36.816706 -32.061899
1806.867303 -18.558022 -31.316219
1807.623563 -0.040298 -30.559959
1808.371351 0.793478 -29.812171
1809.104319 1.572945 -29.079203
1809.845745 2.361407 -28.337777
1810.332981 2.879553 -27.850541
1810.724890 3.296324 -27.458632
1811.474800 4.093808 -26.708722
1812.228951 4.895803 -25.954571
1812.991561 5.706792 -25.191961
1813.745712 6.508787 -24.437810
1814.485043 7.295020 -23.698479
1815.239181 8.097001 -22.944341
1815.993333 8.898996 -22.190189
1816.779259 9.734781 -21.404263
1817.524940 10.527768 -20.658582
1818.279079 11.329749 -19.904443
1819.033230 12.131743 -19.150292
1819.802202 12.949499 -18.381320
1820.359339 13.541980 -17.824183
1821.107140 14.337222 -17.076382
1821.857050 15.134705 -16.326472
1822.640856 15.968236 -15.542666
1823.375932 16.749945 -14.807590
1824.127962 17.549684 -14.055560
1824.886355 18.356189 -13.297167
1825.657448 19.176200 -12.526074
1826.411587 19.978181 -11.771935
1827.167859 20.782431 -11.015662
1827.926240 21.588923 -10.257282
1828.680391 22.390918 -9.503131
1829.428180 23.186146 -8.755342
1830.186573 23.992651 -7.996949
1830.951316 24.805910 -7.232206
1831.703347 25.605649 -6.480175
1832.461740 26.412154 -5.721782
1833.222242 27.220902 -4.961280
1833.986972 28.034147 -4.196550
1834.747473 28.842894 -3.436049
1835.507988 29.651655 -2.675534
1836.272731 30.464913 -1.910791
1837.003565 31.242111 -1.179957
1837.783142 32.071144 -0.400380
1838.547885 32.884403 0.364363
1839.310507 33.695405 1.126985
1840.096434 34.531191 1.912912
1840.865406 35.348947 2.681884
1841.606845 36.137422 3.423323
1842.371588 36.950680 4.188066
1843.129981 37.757186 4.946459
1843.873528 38.547903 5.690006
1844.646742 39.370170 6.463221
1845.394544 40.165412 7.211022
1846.169879 40.989934 7.986357
1846.824462 41.686044 8.640940
1847.551067 42.458744 9.367545
1848.262852 43.215684 10.079330
1849.044549 44.046972 10.861027
1849.775396 44.824184 11.591874
1850.529548 45.626178 12.346026
1851.275215 46.419151 13.091693
1852.035717 47.227899 13.852195
1852.791989 48.032149 14.608467
1853.529186 48.816113 15.345664
1854.304521 49.640635 16.120999
1855.065022 50.449383 16.881500
1855.812824 51.244624 17.629302
1856.571217 52.051130 18.387695
1857.293593 52.819333 19.110071
1858.024440 53.596545 19.840918
1858.784941 54.405292 20.601419
1859.498834 55.164474 21.315312
1860.202147 55.912405 22.018625
1860.899098 56.653570 22.715576
1861.572756 57.369965 23.389234
1862.267586 58.108875 24.084064
1862.953945 58.838776 24.770423
1863.640316 59.568691 25.456794
1864.294900 60.264801 26.111378
1864.977017 60.990191 26.793495
1865.657026 61.713340 27.473504
1866.339155 62.438743 28.155633
1867.027635 63.170900 28.844113
1867.690689 63.876018 29.507167
1868.370698 64.599167 30.187176
1869.054936 65.326812 30.871414
1869.718003 66.031944 31.534481
1870.387420 67.039503 32.203898
1871.016591 79.500761 32.833069
1871.641507 91.877756 33.457985
1872.253723 104.003217 34.070201
1872.842647 115.667364 34.659126
1873.404026 126.785933 35.220504
1873.933616 137.274912 35.750094
1874.435672 147.218564 36.252150
1874.908087 156.575136 36.724565
1875.401685 166.351267 37.218163
1875.954579 177.301811 37.771057
1876.331655 184.770114 38.148133
1876.721431 192.489953 38.537909
1877.153599 201.049412 38.970077
1877.579392 205.832202 39.395870
1878.032731 203.961288 39.849209
1878.488191 202.081622 40.304669
1879.142787 178.214013 39.650073
1879.610947 161.144155 39.181913
1880.174434 140.598554 38.618427
1880.786663 118.275720 38.006198
1881.473021 93.249993 37.319839
1881.803488 81.200655 36.989372
1882.663570 49.840701 36.129290
1883.413480 22.497812 35.379381
1884.129493 4.965994 34.663367
1884.853990 -0.747241 33.938870
1885.580608 -1.406585 33.212253
1886.324167 -2.081303 32.468693
1887.067714 -2.756009 31.725146
1887.792211 -3.413429 31.000649
1888.533663 -4.086234 30.259198
1889.281451 -4.764789 29.511409
1890.018661 -5.433745 28.774200
1890.757979 -6.104613 28.034882
1891.505780 -6.783180 27.287080
1892.253569 -7.461735 26.539292
1892.990766 -8.130679 25.802095
1893.732217 -8.803484 25.060643
1894.488489 -9.489738 24.304371
1895.238399 -10.170217 23.554461
1895.981946 -10.844924 22.810914
1896.719155 -11.513879 22.073705
1897.466944 -12.192434 21.325916
1898.216866 -12.872926 20.575994
1898.983718 -13.568779 19.809143
1899.716698 -14.233897 19.076162
1900.456016 -14.904765 18.336844
1901.205926 -15.585245 17.586935
1901.974911 -16.283034 16.817950
1902.697287 -16.938530 16.095574
1903.447196 -17.619010 15.345664
1904.209806 -18.311014 14.583054
1904.953378 -18.985743 13.839482
1905.688467 -19.652774 13.104393
1906.457439 -20.350551 12.335421
1907.203107 -21.027182 11.589753
1907.942438 -21.698062 10.850423
1908.694468 -22.380467 10.098392
1909.454969 -23.070558 9.337891
1910.204892 -23.751049 8.587969
1910.931497 -24.410382 7.861364
1911.691998 -25.100473 7.100862
1912.458850 -25.796326 6.334011
1913.185467 -26.455670 5.607393
1913.916314 -27.118852 4.876546
1914.640811 -27.776272 4.152049
1915.403434 -28.468288 3.389427
1916.155464 -29.150692 2.637396
1916.894782 -29.821561 1.898079
1917.629871 -30.488592 1.162990
1918.400964 -31.188294 0.391897
1919.146632 -31.864925 -0.353771
1919.892312 -32.541567 -1.099452
1920.640113 -33.220134 -1.847253
1921.385781 -33.896764 -2.592921
1921.915371 -34.377323 -3.122511
1922.555134 -34.957853 -3.762273
1923.292343 -35.626809 -4.499483
1924.035903 -36.301527 -5.243043
1924.821817 -37.014677 -6.028957
1925.575968 -37.699006 -6.783108
1926.319528 -38.373724 -7.526668
1927.073667 -39.058041 -8.280806
1927.857485 -39.769291 -9.064625
1928.598911 -40.442072 -9.806051
1929.334000 -41.109103 -10.541140
1930.026709 -41.737678 -11.233849
1930.763918 -42.406634 -11.971058
1931.507478 -43.081352 -12.714618
1932.253146 -43.757982 -13.460285
1933.005176 -44.440387 -14.212316
1933.755086 -45.120866 -14.962226
1934.471099 -45.770588 -15.678239
1935.233734 -46.462615 -16.440874
1935.983644 -47.143095 -17.190783
1936.742024 -47.831261 -17.949164
1937.481342 -48.502130 -18.688482
1938.218552 -49.171086 -19.425691
1938.938794 -49.824645 -20.145934
1939.686596 -50.503212 -20.893735
1940.385667 -51.137560 -21.592807
1941.108043 -51.793056 -22.315183
1941.845240 -52.462000 -23.052380
1942.504052 -53.059817 -23.711192
1943.171361 -53.665343 -24.378501
1943.838645 -54.270847 -25.045784
1944.436027 -54.812921 -25.643167
1945.099082 -55.414587 -26.306221
1945.755799 -56.010502 -26.962938
1946.446386 -56.637153 -27.653526
1947.145458 -57.271501 -28.352598
1947.793679 -57.859707 -29.000818
1948.490629 -58.492131 -29.697769
1949.200293 -59.136091 -30.407432
1949.823101 -59.701236 -31.030240
1950.464984 -63.684045 -31.672124
1951.083550 -72.797897 -32.290690
1951.714829 -82.099056 -32.921969
1952.352458 -91.493775 -33.559598
1952.979508 -100.732623 -34.186647
1953.543007 -109.035124 -34.750146
1954.098022 -117.212629 -35.305162
1954.642458 -125.234264 -35.849598
1955.203824 -133.505329 -36.410964
1955.752489 -141.589274 -36.959629
1956.318096 -149.922837 -37.525236
1956.887945 -158.318898 -38.095085
1957.421790 -166.184475 -38.628930
1957.945043 -153.372463 -38.105677
1958.474633 -140.405280 -37.576087
1959.088982 -125.362725 -36.961737
1959.743553 -109.335349 -36.307166
1960.232910 -97.353299 -35.817810
1960.917147 -80.599512 -35.133572
1961.645873 -62.756420 -34.404846
1962.374599 -44.913327 -33.676120
1963.094855 -27.277647 -32.955865
1963.829931 -9.279073 -32.220789
1964.577732 0.370289 -31.472988
1965.283166 1.078500 -30.767553
1966.024592 1.822845 -30.026127
1966.778731 2.579953 -29.271989
1967.505349 3.309431 -28.545371
1968.248908 4.055918 -27.801811
1969.003047 4.813025 -27.047673
1969.740257 5.553137 -26.310463
1970.483816 6.299624 -25.566903
1971.229484 7.048227 -24.821236
1971.973031 7.794701 -24.077689
1972.237839 8.060551 -23.812881
1972.771670 8.596485 -23.279049
1973.530064 9.357864 -22.520656
1974.279973 10.110726 -21.770746
1975.036245 10.869975 -21.014474
1975.803097 11.639845 -20.247623
1976.542415 12.382074 -19.508305
1977.307158 13.149828 -18.743562
1978.076130 13.921827 -17.974589
1978.811219 14.659810 -17.239501
1979.571720 15.423305 -16.478999
1980.327993 16.182555 -15.722727
1981.099086 16.956683 -14.951634
1981.829920 17.690395 -14.220800
1982.590434 18.453903 -13.460285
1983.333994 19.200390 -12.716726
1984.092374 19.961756 -11.958345
1984.842284 20.714618 -11.208436
1985.587952 21.463221 -10.462768
1986.329390 22.207578 -9.721329
1987.083554 22.964712 -8.967165
1987.827114 23.711198 -8.223606
1988.577011 24.464047 -7.473709
1989.324812 25.214793 -6.725907
1990.091664 25.984663 -5.959056
1990.820390 26.716258 -5.230330
1991.570299 27.469120 -4.480420
1992.339284 28.241132 -3.711435
1993.101907 29.006757 -2.948813
1993.843345 29.751114 -2.207374
1994.614438 30.525243 -1.436281
1995.364348 31.278105 -0.686372
1996.120633 32.037367 0.069913
1996.885364 32.805108 0.834644
1997.667049 33.589871 1.616329
1998.391545 34.317220 2.340826
1999.143576 35.072211 3.092856
1999.921032 35.852727 3.870312
2000.694233 36.628973 4.643514
2001.435672 37.373330 5.384952
2002.172882 38.113442 6.122162
2002.920683 38.864187 6.869963
2003.676943 39.623424 7.626223
2004.251033 40.199775 8.200314
2004.956468 40.907986 8.905748
2005.683060 41.637439 9.632340
2006.418149 42.375422 10.367429
2007.185013 43.145305 11.134293
2007.932801 43.896037 11.882082
2008.678482 44.644654 12.627762
2009.426283 45.395399 13.375564
2010.178314 46.150390 14.127594
2010.945165 46.920260 14.894446
2011.661179 47.639092 15.610459
2012.398388 48.379204 16.347669
2013.127114 49.110799 17.076395
2013.891870 49.878566 17.841151
2014.633296 50.622910 18.582576
2015.359914 51.352389 19.309194
2016.092869 52.088229 20.042149
2016.836441 52.834729 20.785722
2017.548213 53.549303 21.497493
2018.253647 54.257514 22.202927
2018.961189 54.967842 22.910470
2019.649669 55.659032 23.598949
2020.344499 56.356597 24.293779
2021.028749 57.043541 24.978030
2021.727834 57.745378 25.677114
2022.418421 58.438684 26.367702
2023.096309 59.119241 27.045590
2023.767847 59.793422 27.717128
2024.464785 60.493104 28.414066
2025.151157 61.182178 29.100437
2025.843865 61.877613 29.793146
2026.519645 62.556053 30.468926
2027.208125 63.247244 31.157405
2027.898725 63.940563 31.848006
2028.563901 64.608357 32.513181
2029.216363 65.263388 33.165644
2029.892130 77.443803 33.841411
2030.557318 90.270895 34.506599
2031.197068 102.607453 35.146348
2031.781750 113.882128 35.731031
2032.330416 124.462269 36.279696
2032.879081 135.042409 36.828362
2033.427759 145.622795 37.377040
2033.906511 154.854765 37.855792
2034.378913 163.964285 38.328194
2034.866149 173.359847 38.815429
2035.336430 182.428469 39.285710
2035.779177 190.966149 39.728457
2036.204983 199.177134 40.154263
2036.656201 200.836036 40.605481
2037.226050 198.484291 41.175330
2037.581942 185.508281 40.819438
2038.011977 169.828995 40.389404
2038.528867 150.982919 39.872514
2039.134733 128.892725 39.266647
2039.816863 104.021925 38.584518
2040.518042 78.456552 37.883338
2041.009520 60.537036 37.391861
2041.736125 34.044640 36.665256
2042.500881 6.161246 35.900500
2043.229607 -0.485481 35.171774
2043.954104 -1.113858 34.447277
2044.693421 -1.755091 33.707959
2045.434860 -2.398162 32.966520
2046.178420 -3.043074 32.222961
2046.905025 -3.673280 31.496356
2047.646463 -4.316351 30.754917
2048.402748 -4.972300 29.998632
2049.152658 -5.622719 29.248722
2049.860200 -6.236391 28.541180
2050.608002 -6.884981 27.793378
2051.357911 -7.535400 27.043469
2052.099350 -8.178472 26.302030
2052.836560 -8.817876 25.564821
2053.550452 -9.437056 24.850928
2054.291891 -10.080127 24.109489
2055.020630 -10.712184 23.380751
2055.764189 -11.357095 22.637191
2056.503494 -11.998316 21.897886
2057.236475 -12.634052 21.164906
2057.984263 -13.282631 20.417117
2058.749007 -13.945916 19.652374
2059.507400 -14.603693 18.893981
2060.253068 -15.250432 18.148313
2061.022040 -15.917385 17.379340
2061.763491 -16.560468 16.637889
2062.509159 -17.207207 15.892221
2063.265444 -17.863156 15.135936
2064.002641 -18.502548 14.398739
2064.754659 -19.154796 13.646721
2065.506702 -19.807065 12.894678
2066.258733 -20.459323 12.142648
2067.000171 -21.102395 11.401209
2067.743731 -21.747306 10.657649
2068.500003 -22.403244 9.901377
2069.271084 -23.072025 9.130297
2070.021006 -23.722454 8.380374
2070.739153 -24.345324 7.662228
2071.510233 -25.014105 6.891147
2072.272868 -25.675561 6.128512
2073.014294 -26.318622 5.387086
2073.732441 -26.941492 4.668939
2074.471759 -27.582724 3.929621
2075.247094 -28.255195 3.154286
2076.001245 -28.909293 2.400135
2076.729959 -29.541328 1.671422
2077.456577 -30.171545 0.944804
2078.219199 -30.832990 0.182181
2078.979713 -31.492606 -0.578333
2079.723260 -32.137506 -1.321880
2080.464699 -32.780578 -2.063318
2081.248504 -33.460396 -2.847124
2082.015369 -34.125520 -3.613988
2082.784341 -34.792472 -4.382961
2083.563905 -35.468611 -5.162525
2084.339253 -36.141093 -5.937872
2085.072208 -36.776807 -6.670827
2085.836951 -37.440092 -7.435571
2086.595331 -38.097857 -8.193951
2087.334649 -38.739090 -8.933269
2088.065509 -39.372986 -9.664129
2088.789993 -40.001352 -10.388613
2089.389509 -40.521331 -10.988129
2090.113981 -41.149686 -11.712600
2090.853311 -41.790929 -12.451931
2091.584158 -42.424814 -13.182778
2092.331960 -43.073405 -13.930579
2093.056444 -43.701771 -14.655063
2093.799991 -44.346672 -15.398610
2094.541442 -44.989754 -16.140062
2095.293460 -45.642002 -16.892080
2095.986181 -46.242819 -17.584801
2096.736104 -46.893249 -18.334723
2097.490242 -47.547336 -19.088862
2098.208377 -48.170195 -19.806996
2098.951936 -48.815106 -20.550556
2099.697604 -49.461846 -21.296224
2100.434814 -50.101250 -22.033433
2101.169890 -50.738803 -22.768509
2101.868961 -51.345128 -23.467581
2102.551078 -51.936749 -24.149698
2103.267104 -52.557779 -24.865724
2103.978888 -53.175131 -25.577508
2104.667368 -53.772270 -26.265988
2105.330410 -54.347345 -26.929029
2106.014660 -54.940816 -27.613280
2106.711611 -55.545302 -28.310230
2107.412803 -56.153467 -29.011423
2108.090691 -56.741419 -29.689311
2108.800342 -57.356920 -30.398961
2109.461288 -57.930178 -31.059907
2110.141284 -58.519959 -31.739904
2110.810701 -59.100564 -32.409320
2111.410204 -63.590236 -33.008824
2112.052075 -72.876410 -33.650695
2112.681246 -81.978848 -34.279865
2113.295570 -90.866499 -34.894190
2113.935333 -100.122172 -35.533952
2114.505182 -108.366382 -36.103801
2115.068668 -116.518540 -36.667288
2115.651217 -124.946486 -37.249837
2116.174470 -132.516570 -37.773089
2116.729485 -140.546177 -38.328105
2117.261196 -148.238629 -38.859816
2117.907296 -132.418993 -38.213716
2118.464432 -118.777613 -37.656579
2119.076648 -103.787611 -37.044363
2119.722761 -87.967664 -36.398251
2120.036286 -80.291064 -36.084726
2120.970498 -57.417054 -35.150514
2121.707695 -39.366922 -34.413317
2122.457604 -21.005522 -33.663407
2123.173617 -3.474067 -32.947394
2123.915056 0.575210 -32.205955
2124.671328 1.300778 -31.449683
2125.423359 2.022276 -30.697653
2126.152085 2.721416 -29.968927
2126.887161 3.426648 -29.233851
2127.641300 4.150168 -28.479712
2128.397572 4.875736 -27.723440
2129.151736 5.599281 -26.969275
2129.912225 6.328894 -26.208787
2130.662147 7.048369 -25.458865
2131.428998 7.784086 -24.692013
2132.195850 8.519804 -23.925162
2132.933059 9.227083 -23.187952
2133.704153 9.966869 -22.416859
2134.485838 10.716818 -21.635174
2135.248473 11.448490 -20.872539
2136.006840 12.176068 -20.114171
2136.765234 12.903670 -19.355778
2137.538448 13.645492 -18.582564
2138.313783 14.389348 -17.807229
2139.086997 15.131170 -17.034015
2139.841136 15.854691 -16.279876
2140.641896 16.622940 -15.479116
2141.366393 17.318022 -14.754619
2142.141715 18.061867 -13.979296
2142.900108 18.789469 -13.220903
2143.662718 19.521117 -12.458294
2144.418990 20.246684 -11.702021
2145.187975 20.984449 -10.933036
2145.952718 21.718143 -10.168293
2146.711086 22.445721 -9.409925
2147.467359 23.171289 -8.653653
2148.210918 23.884660 -7.910093
2148.988374 24.630551 -7.132638
2149.746755 25.358141 -6.374257
2150.483951 26.065408 -5.637060
2151.252936 26.803172 -4.868075
2151.642712 27.177123 -4.478299
2152.028259 27.547016 -4.092753
2152.795136 28.282758 -3.325876
2153.561987 29.018475 -2.559025
2154.333080 29.758262 -1.787931
2155.087232 30.481795 -1.033780
2155.847733 31.211420 -0.273279
2156.599776 31.932930 0.478765
2157.375098 32.676774 1.254087
2158.127142 33.398285 2.006130
2158.879159 34.119770 2.758148
2159.658724 34.867684 3.537712
2160.448892 35.625772 4.327881
2161.215744 36.361489 5.094732
2161.978379 37.093161 5.857367
2162.738880 37.822786 6.617868
2163.501502 38.554446 7.380491
2164.272595 39.294233 8.151584
2165.001334 39.993385 8.880323
2165.738531 40.700651 9.617520
2166.473620 41.405896 10.352608
2167.257426 42.157879 11.136414
2167.998864 42.869215 11.877853
2168.740303 43.580551 12.619291
2169.513517 44.322373 13.392506
2170.278260 45.056068 14.157249
2171.036641 45.783658 14.915629
2171.778080 46.494994 15.657068
2172.538594 47.224631 16.417582
2173.290624 47.946129 17.169613
2174.038413 48.663558 17.917401
2174.769260 49.364732 18.648248
2175.402672 49.972428 19.281661
2176.171645 50.710180 20.050633
2176.932146 51.439805 20.811134
2177.684189 52.161316 21.563178
2178.398082 52.846224 22.277070
2179.135291 53.553503 23.014280
2179.861896 54.250608 23.740885
2180.563089 54.923332 24.442077
2181.281223 55.612310 25.160211
2182.007841 56.309427 25.886829
2182.715383 56.988243 26.594372
2183.437759 57.681291 27.316748
2184.149543 58.364176 28.028532
2184.869786 59.055177 28.748774
2185.604887 59.760433 29.483875
2186.318779 60.445341 30.197768
2187.024214 61.122135 30.903202
2187.742335 61.811101 31.621324
2188.471074 62.510253 32.350062
2189.189221 63.199243 33.068209
2189.877700 63.859770 33.756689
2190.585243 71.839034 34.464231
2191.252539 84.431197 35.131527
2191.896531 96.583594 35.775519
2192.532051 108.576142 36.411040
2193.161222 120.448862 37.040210
2193.726842 131.122352 37.605830
2194.262795 141.236009 38.141783
2194.794518 151.269860 38.673507
2195.313516 161.063579 39.192505
2195.775326 169.778133 39.654315
2196.213845 178.053161 40.092833
2196.677763 186.807498 40.556751
2197.090856 194.602737 40.969844
2197.537832 197.483724 41.416821
2198.022960 195.481622 41.901948
2198.561033 192.322626 42.440022
2199.132991 188.778078 43.011979
2199.681669 185.377796 43.560657
2200.270580 181.728178 44.149569
2200.867976 178.025984 44.746964
2201.410278 174.665212 45.289267
2201.967415 154.353174 44.732130
2202.431346 137.439209 44.268200
2202.948236 118.594467 43.751309
2203.568935 95.965036 43.130610
2204.223519 72.100278 42.476026
2204.632357 57.194875 42.067188
2205.407705 28.927300 41.291840
2206.138552 2.282133 40.560993
2206.850336 -0.512746 39.849209
2207.583304 -1.091663 39.116241
2208.326863 -1.678947 38.372682
2209.049239 -2.249498 37.650306
2209.752540 -2.804984 36.947005
2210.517296 -3.409008 36.182249
2211.248143 -3.986251 35.451402
2211.993811 -4.575199 34.705734
2212.722549 -5.150776 33.976996
2213.463988 -5.736384 33.235557
2214.213898 -6.328683 32.485647
2214.944757 -6.905935 31.754788
2215.686196 -7.491543 31.013349
2216.442468 -8.088867 30.257077
2217.192365 -8.681156 29.507180
2217.925346 -9.260083 28.774200
2218.673134 -9.850707 28.026411
2219.420936 -10.441340 27.278609
2220.156024 -11.021933 26.543521
2220.908055 -11.615906 25.791490
2221.674919 -12.221596 25.024626
2222.420587 -12.810544 24.278958
2223.168376 -13.401168 23.531170
2223.914056 -13.990126 22.785489
2224.640674 -14.564028 22.058871
2225.390583 -15.156327 21.308962
2226.148977 -15.755326 20.550569
2226.922178 -16.366021 19.777367
2227.650917 -16.941598 19.048628
2228.402947 -17.535572 18.296598
2229.163449 -18.136236 17.536096
2229.919721 -18.733560 16.779824
2230.661160 -19.319168 16.038386
2231.383536 -19.889720 15.316009
2232.122866 -20.473663 14.576679
2232.874897 -21.067636 13.824649
2233.616323 -21.653234 13.083222
2234.370474 -22.248883 12.329071
2235.103442 -22.827801 11.596103
2235.844893 -23.413419 10.854652
2236.603274 -24.012408 10.096271
2237.338350 -24.592991 9.361195
2238.079801 -25.178609 8.619744
2238.800044 -25.747475 7.899502
2239.552074 -26.341449 7.147471
2240.291405 -26.925392 6.408141
2241.026481 -27.505974 5.673065
2241.761569 -28.086567 4.937976
2242.473341 -28.648743 4.226204
2243.238084 -29.252758 3.461461
2243.987994 -29.845056 2.711552
2244.714611 -30.418958 1.984934
2245.451808 -31.001216 1.247737
2246.199597 -31.591839 0.499948
2246.955882 -32.189173 -0.256337
2247.705792 -32.781472 -1.006246
2248.447230 -33.367080 -1.747685
2249.190777 -33.954353 -2.491232
2249.944929 -34.550002 -3.245383
2250.699080 -35.145651 -3.999535
2251.434169 -35.726243 -4.734623
2252.207383 -36.336949 -5.507838
2252.978476 -36.945979 -6.278931
2253.738977 -37.546643 -7.039432
2254.488887 -38.138941 -7.789342
2255.247280 -38.737940 -8.547735
2255.562913 -38.987236 -8.863368
2256.501367 -39.728452 -9.801822
2257.234335 -40.307369 -10.534790
2257.980003 -40.896317 -11.280458
2258.727804 -41.486951 -12.028259
2259.465001 -42.069209 -12.765456
2260.185256 -42.638085 -13.485711
2260.837719 -43.153417 -14.138173
2261.577036 -43.737350 -14.877491
2262.326959 -44.329659 -15.627413
2263.074747 -44.920282 -16.375202
2263.831007 -45.517596 -17.131462
2264.576687 -46.106555 -17.877142
2265.318126 -46.692163 -18.618581
2266.068036 -47.284461 -19.368491
2266.726848 -47.804809 -20.027303
2267.421691 -48.353614 -20.722145
2268.171600 -48.945912 -21.472055
2268.870672 -49.498058 -22.171127
2269.523134 -50.013390 -22.823589
2270.237039 -50.577251 -23.537494
2270.933977 -51.127711 -24.234432
2271.620349 -51.669826 -24.920804
2272.306708 -52.211930 -25.607162
2272.971870 -52.737293 -26.272325
2273.685775 -53.301155 -26.986230
2274.412393 -53.875057 -27.712848
2275.132648 -54.443933 -28.433103
2275.812644 -54.981012 -29.113099
2276.520187 -55.539848 -29.820641
2277.223500 -56.095344 -30.523955
2277.886554 -56.619042 -31.187009
2278.545367 -57.139389 -31.845821
2279.225375 -57.676478 -32.525830
2279.816408 -58.143292 -33.116863
2280.443458 -58.638552 -33.743913
2281.087437 -66.831382 -34.387892
2281.716607 -75.582395 -35.017062
2282.318232 -83.950273 -35.618687
2282.919856 -92.318150 -36.220311
2283.451567 -99.713614 -36.752022
2283.996003 -107.286073 -37.296458
2284.561611 -115.152994 -37.862065
2285.097551 -122.607279 -38.398005
2285.612332 -129.767280 -38.912787
2286.203365 -137.987838 -39.503820
2286.855828 -147.062812 -40.156282
2287.491348 -155.902147 -40.791803
2288.169236 -165.330758 -41.469691
2288.836520 -174.611874 -42.136974
2289.529228 -181.272633 -42.829683
2290.160520 -180.270784 -43.460975
2290.643526 -168.444825 -42.977968
2291.164645 -155.685711 -42.456849
2291.751436 -141.318688 -41.870058
2292.391186 -125.655013 -41.230309
2292.840296 -114.658972 -40.781199
2293.600785 -96.039118 -40.020710
2294.350707 -77.677973 -39.270788
2295.087904 -59.628397 -38.533591
2295.808159 -41.993625 -37.813336
2296.555948 -23.684718 -37.065547
2297.333391 -4.649749 -36.288104
2298.064238 0.410813 -35.557257
2298.807798 0.975506 -34.813697
2299.553465 1.541801 -34.068029
2300.294917 2.104893 -33.326578
2301.055418 2.682453 -32.566077
2301.801086 3.248747 -31.820409
2302.548887 3.816662 -31.072607
2303.307268 4.392611 -30.314227
2304.065648 4.968560 -29.555846
2304.811329 5.534864 -28.810166
2305.559118 6.102769 -28.062377
2306.328090 6.686762 -27.293405
2307.058937 7.241801 -26.562558
2307.817330 7.817760 -25.804165
2308.582073 8.398541 -25.039422
2309.340454 8.974490 -24.281041
2310.096713 9.548828 -23.524781
2310.861456 10.129609 -22.760038
2311.630429 10.713602 -21.991066
2312.420585 11.313683 -21.200910
2313.178978 11.889642 -20.442517
2313.931008 12.460768 -19.690486
2314.714814 13.056026 -18.906681
2315.511333 13.660939 -18.110162
2316.246409 14.219190 -17.375086
2317.021744 14.808015 -16.599751
2317.792837 15.393619 -15.828658
2318.561822 15.977621 -15.059673
2319.292669 16.532660 -14.328826
2320.067991 17.121475 -13.553503
2320.828505 17.699045 -12.792989
2321.584765 18.273383 -12.036730
2322.343158 18.849342 -11.278337
2323.099418 19.423680 -10.522077
2323.864161 20.004461 -9.757334
2324.611950 20.572366 -9.009545
2325.114019 20.953661 -8.507476
2325.376706 21.153157 -8.244789
2326.088477 21.693709 -7.533018
2326.859570 22.279313 -6.761925
2327.620072 22.856873 -6.001423
2328.359389 23.418345 -5.262105
2329.113541 23.991082 -4.507954
2329.882526 24.575084 -3.738969
2330.645148 25.154255 -2.976347
2331.401420 25.728603 -2.220074
2332.164030 26.307764 -1.457465
2332.930894 26.890155 -0.690601
2333.693516 27.469326 0.072022
2334.456139 28.048496 0.834644
2335.231474 28.637321 1.609979
2335.981383 29.206837 2.359889
2336.744006 29.786008 3.122511
2337.496036 30.357134 3.874541
2338.298917 30.966879 4.677423
2339.042464 31.531563 5.420970
2339.809328 32.113955 6.187834
2340.569830 32.691515 6.948335
2341.315510 33.257819 7.694016
2342.069662 33.830556 8.448167
2342.808980 34.392028 9.187485
2343.524993 34.935801 9.903498
2344.327874 35.545546 10.706379
2345.056600 36.098974 11.435105
2345.702713 36.589662 12.081218
2346.458972 37.164000 12.837478
2347.208882 37.733516 13.587387
2347.967275 38.309475 14.345780
2348.721426 38.882212 15.099932
2349.492520 39.467816 15.871025
2350.221258 40.021253 16.599764
2351.007185 40.618122 17.385690
2351.748611 41.181195 18.127116
2352.487942 41.742677 18.866447
2353.201847 42.284849 19.580352
2353.953865 42.855966 20.332370
2354.691074 43.415837 21.069579
2355.402858 43.956399 21.781364
2356.118872 44.500172 22.497377
2356.817943 45.031079 23.196448
2357.527619 45.570040 23.906124
2358.230932 46.104168 24.609438
2358.944825 46.646331 25.323330
2359.652380 47.183681 26.030885
2360.302722 47.677580 26.681227
2360.986972 48.197232 27.365477
2361.709335 48.745828 28.087841
2362.393573 49.265469 28.772079
2363.120191 49.817296 29.498696
2363.840459 50.364301 30.218964
2364.545880 50.900030 30.924386
2365.276727 51.455069 31.655233
2365.975799 51.985976 32.354304
2366.721467 52.552271 33.099972
2367.407838 53.073533 33.786343
2368.147156 53.635005 34.525661
2368.878003 54.190043 35.256508
2369.562253 54.709695 35.940759
2370.297329 55.267945 36.675835
2370.990051 55.794030 37.368556
2371.672181 56.312070 38.050686
2372.371265 65.165001 38.749770
2373.021606 76.053661 39.400112
2373.642294 86.445817 40.020799
2374.205793 95.880473 40.584298
2374.779883 105.492468 41.158389
2375.349720 115.033229 41.728225
2375.885672 124.006678 42.264178
2376.402575 132.661173 42.781080
2376.919465 141.315455 43.297970
2377.347379 148.480010 43.725884
2377.802839 156.105773 44.181344
2378.251936 163.625004 44.630442
2378.713759 171.357297 45.092264
2379.230649 172.673290 45.609154
2379.698809 169.771996 46.077314
2379.976330 159.654603 45.799794
2380.385168 144.749828 45.390956
2380.910542 125.596601 44.865582
2381.497332 104.204323 44.278791
2382.164629 79.877112 43.611495
2382.846758 55.009122 42.929366
2383.194179 42.343397 42.581944
2384.066962 10.524907 41.709162
2384.793567 -0.323419 40.982557
2385.532897 -0.869457 40.243227
2386.274323 -1.417043 39.501801
2387.030595 -1.975593 38.745528
2387.776276 -2.526321 37.999848
2388.492302 -3.055147 37.283822
2389.221028 -3.593353 36.555096
2389.975179 -4.150337 35.800944
2390.735693 -4.712020 35.040430
2391.475011 -5.258049 34.301113
2392.218571 -5.807210 33.557553
2392.987543 -6.375140 32.788581
2393.731115 -6.924311 32.045008
2394.487375 -7.482852 31.288749
2395.226706 -8.028890 30.549418
2395.957552 -8.568662 29.818571
2396.739237 -9.145981 29.036886
2397.472205 -9.687320 28.303919
2398.222128 -10.241181 27.553996
2398.972024 -10.795022 26.804099
2399.711355 -11.341060 26.064769
2400.471856 -11.902734 25.304267
2401.204824 -12.444073 24.571300
2401.954734 -12.997924 23.821390
2402.715248 -13.559607 23.060876
2403.443974 -14.097813 22.332150
2404.212946 -14.665743 21.563178
2404.952277 -15.211781 20.823847
2405.727612 -15.784411 20.048512
2406.483871 -16.342952 19.292253
2407.233794 -16.896812 18.542330
2407.996416 -17.460053 17.779708
2408.759038 -18.023293 17.017086
2409.489885 -18.563065 16.286239
2410.248266 -19.123173 15.527858
2410.998188 -19.677033 14.777936
2411.769281 -20.246530 14.006843
2412.504370 -20.789435 13.271754
2413.262750 -21.349542 12.513374
2413.999960 -21.894014 11.776164
2414.747749 -22.446299 11.028375
2415.518854 -23.015804 10.257269
2416.260293 -23.563399 9.515831
2416.995382 -24.106304 8.780742
2417.724108 -24.644510 8.052016
2418.469776 -25.195229 7.306348
2419.232398 -25.758469 6.543726
2419.971728 -26.304507 5.804395
2420.698321 -26.841137 5.077803
2421.433422 -27.384052 4.342702
2422.204515 -27.953548 3.571608
2422.952304 -28.505833 2.823820
2423.710685 -29.065940 2.065439
2424.430940 -29.597890 1.345184
2425.212637 -30.175219 0.563486
2425.966789 -30.732203 -0.190665
2426.714565 -31.284478 -0.938441
2427.479321 -31.849294 -1.703197
2428.208047 -32.387500 -2.431923
2428.981261 -32.958563 -3.205137
2429.758717 -33.532759 -3.982593
2430.514976 -34.091300 -4.738853
2431.283961 -34.659239 -5.507838
2432.044450 -35.220904 -6.268326
2432.804964 -35.782587 -7.028840
2433.559103 -36.339561 -7.782979
2434.273008 -36.866821 -8.496884
2434.995384 -37.400337 -9.219260
2435.749535 -37.957321 -9.973412
2436.351160 -38.401655 -10.575036
2437.103190 -38.957073 -11.327067
2437.859463 -39.515623 -12.083339
2438.592418 -40.056953 -12.816294
2439.355040 -40.620193 -13.578916
2440.081658 -41.156842 -14.305534
2440.848509 -41.723206 -15.072385
2441.568764 -42.255155 -15.792640
2442.344099 -42.827785 -16.567975
2443.070704 -43.364424 -17.294581
2443.843918 -43.935487 -18.067795
2444.593841 -44.489348 -18.817717
2445.358571 -45.054145 -19.582448
2446.091526 -45.595474 -20.315403
2446.777898 -46.102399 -21.001774
2447.506624 -46.640605 -21.730500
2448.243821 -47.185067 -22.467697
2448.993730 -47.738918 -23.217607
2449.707635 -48.266178 -23.931512
2450.402465 -48.779349 -24.626341
2451.129083 -49.315998 -25.352959
2451.845096 -49.844815 -26.068973
2452.571701 -50.381455 -26.795578
2453.319490 -50.933739 -27.543366
2454.060941 -51.481344 -28.284818
2454.770605 -52.005471 -28.994481
2455.486618 -52.534288 -29.710494
2456.202631 -53.063104 -30.426508
2456.933478 -53.602877 -31.157355
2457.647371 -54.130127 -31.871247
2458.380338 -54.671466 -32.604215
2459.098473 -55.201849 -33.322349
2459.810257 -55.727543 -34.034133
2460.511437 -56.245404 -34.735313
2461.210508 -56.761708 -35.434384
2461.888396 -57.262367 -36.112272
2462.606530 -64.893895 -36.830406
2463.273814 -73.904653 -37.497690
2463.975019 -83.373478 -38.198895
2464.542734 -91.039705 -38.766610
2465.176134 -99.592911 -39.400010
2465.762937 -107.516897 -39.986814
2466.358212 -115.555271 -40.582088
2466.875089 -122.534999 -41.098965
2467.402571 -129.657926 -41.626447
2467.944874 -136.980989 -42.168750
2468.472355 -144.103916 -42.696232
2469.031613 -151.655927 -43.255489
2469.563323 -158.835962 -43.787200
2470.101384 -145.662364 -43.249139
2470.660642 -131.969807 -42.689882
2471.266508 -117.136100 -42.084015
2471.912608 -101.317335 -41.437916
2472.266379 -92.655788 -41.084144
2473.156115 -70.871949 -40.194408
2473.903904 -52.563486 -39.446619
2474.658055 -34.099243 -38.692468
2475.376190 -16.516826 -37.974334
2476.119749 0.049577 -37.230774
2476.865417 0.585748 -36.485106
2477.623798 1.131060 -35.726726
2478.361007 1.661149 -34.989516
2479.104554 2.195795 -34.245969
2479.862935 2.741107 -33.487589
2480.604373 3.274237 -32.746150
2481.341583 3.804326 -32.008940
2482.110568 4.357264 -31.239955
2482.847752 4.887334 -30.502771
2483.618858 5.441797 -29.731665
2484.366647 5.979493 -28.983877
2485.118664 6.520229 -28.231859
2485.887662 7.073176 -27.462861
2486.641801 7.615438 -26.708722
2487.402302 8.162275 -25.948221
2488.154333 8.703021 -25.196190
2488.931789 9.262049 -24.418734
2489.702882 9.816502 -23.647641
2490.469733 10.367905 -22.880790
2491.242947 10.923883 -22.107576
2492.020403 11.482911 -21.330120
2492.789376 12.035839 -20.561148
2493.537177 12.573544 -19.813346
2494.308270 13.127997 -19.042253
2495.094184 13.693107 -18.256339
2495.844107 14.232338 -17.506417
2496.585533 14.765459 -16.764991
2497.379943 15.336678 -15.970580
2498.138323 15.881990 -15.212200
2498.888233 16.421211 -14.462290
2499.667797 16.981755 -13.682726
2500.426190 17.527076 -12.924333
2501.188813 18.075438 -12.161710
2501.947206 18.620759 -11.403317
2502.705574 19.166062 -10.644949
2503.447025 19.699201 -9.903498
2504.048637 20.131789 -9.301886
2505.027350 20.835530 -8.323174
2505.777259 21.374752 -7.573264
2506.533531 21.918548 -6.816992
2507.304612 22.472992 -6.045911
2508.058763 23.015263 -5.291760
2508.821386 23.563625 -4.529138
2509.584008 24.111987 -3.766515
2510.348751 24.661874 -3.001772
2511.111373 25.210236 -2.239150
2511.861296 25.749466 -1.489227
2512.638739 26.308485 -0.711784
2513.401361 26.856847 0.050838
2514.166104 27.406734 0.815581
2514.935089 27.959671 1.584566
2515.693457 28.504974 2.342934
2516.445500 29.045730 3.094977
2517.203894 29.591051 3.853371
2517.839402 30.048011 4.488879
2518.570249 30.573525 5.219725
2519.307445 31.103605 5.956922
2520.063718 31.647402 6.713195
2520.824219 32.194239 7.473696
2521.572021 32.731944 8.221497
2522.302867 33.257458 8.952344
2523.010410 33.766215 9.659887
2523.751849 34.299345 10.401325
2524.512350 34.846182 11.161827
2525.258030 35.382362 11.907507
2526.016411 35.927674 12.665888
2526.808700 36.497368 13.458177
2527.590385 37.059437 14.239862
2528.350887 37.606274 15.000364
2529.107159 38.150070 15.756636
2529.861311 38.692341 16.510787
2530.666300 39.271168 17.315777
2531.437393 39.825621 18.086870
2532.206378 40.378558 18.855855
2532.937238 40.904081 19.586715
2533.721031 41.467666 20.370508
2534.481532 42.014503 21.131009
2535.193317 42.526310 21.842793
2535.938997 43.062490 22.588474
2536.684678 43.598670 23.334155
2537.415525 44.124184 24.065001
2538.131538 44.639032 24.781015
2538.828501 45.140182 25.477978
2539.529694 45.644373 26.179170
2540.230886 46.148564 26.880363
2540.946899 46.663412 27.596376
2541.662913 47.178260 28.312389
2542.389530 47.700733 29.039007
2543.128848 48.232338 29.778325
2543.863937 48.760902 30.513414
2544.590542 49.283366 31.240019
2545.334102 49.818022 31.983578
2546.024715 50.314606 32.674192
2546.764033 50.846211 33.413510
2547.469454 51.353443 34.118931
2548.172767 51.859159 34.822244
2548.914206 52.392289 35.563683
2549.638703 52.913237 36.288180
2550.358958 53.431135 37.008435
2551.045317 53.924660 37.694794
2551.738038 54.422760 38.387515
2552.464644 56.621265 39.114120
2553.153123 67.808465 39.802600
2553.818311 78.617193 40.467788
2554.479245 89.356789 41.128721
2555.108415 99.580268 41.757892
2555.718523 109.493996 42.368000
2556.256584 118.237020 42.906061
2556.752303 126.292026 43.401780
2557.250118 134.381083 43.899595
2557.697094 141.644064 44.346571
2558.127129 148.631756 44.776606
2558.559297 155.654117 45.208774
2558.976619 162.435239 45.626096
2559.357924 168.631112 46.007401
2559.773138 167.627242 46.422615
2560.080300 156.429448 46.115453
2560.501864 141.061070 45.693889
2561.033588 121.676746 45.162165
2561.656408 98.971419 44.539344
2562.342767 73.949770 43.852986
2563.037597 48.619310 43.158156
2563.346880 37.344196 42.848873
2563.632871 26.918201 42.562882
2564.245087 4.599468 41.950665
2564.992876 -0.442634 41.202877
2565.706781 -0.950979 40.488972
2566.441870 -1.474409 39.753883
2567.198142 -2.012922 38.997611
2567.945944 -2.545404 38.249809
2568.659836 -3.053740 37.535917
2569.401287 -3.581700 36.794465
2570.163910 -4.124735 36.031843
2570.890515 -4.642123 35.305238
2571.638316 -5.174605 34.557437
2572.400938 -5.717640 33.794814
2573.133906 -6.239559 33.061847
2573.892287 -6.779573 32.303466
2574.633725 -7.307524 31.562027
2575.377285 -7.836985 30.818468
2576.114495 -8.361925 30.081258
2576.866525 -8.897417 29.329228
2577.614327 -9.429899 28.581426
2578.351523 -9.954829 27.844229
2579.088733 -10.479769 27.107020
2579.849234 -11.021294 26.346518
2580.592794 -11.550755 25.602959
2581.319412 -12.068152 24.876341
2582.050259 -12.588561 24.145494
2582.806518 -13.127065 23.389234
2583.533136 -13.644463 22.662617
2584.272454 -14.170904 21.923299
2585.013893 -14.698854 21.181860
2585.742619 -15.217753 20.453134
2586.507362 -15.762298 19.688391
2587.236088 -16.281197 18.959665
2587.981768 -16.812168 18.213984
2588.746512 -17.356713 17.449241
2589.494313 -17.889195 16.701440
2590.225160 -18.409604 15.970593
2590.975069 -18.943586 15.220683
2591.708037 -19.465505 14.487716
2592.464310 -20.004019 13.731443
2593.201506 -20.528949 12.994246
2593.953537 -21.064442 12.242216
2594.694976 -21.592393 11.500777
2595.440656 -22.123364 10.755097
2596.199037 -22.663379 9.996716
2596.921413 -23.177756 9.274340
2597.654380 -23.699675 8.541372
2598.389469 -24.223104 7.806284
2599.149971 -24.764629 7.045782
2599.893517 -25.294081 6.302235
2600.615893 -25.808458 5.579859
2601.365816 -26.342450 4.829937
2602.098784 -26.864369 4.096969
2602.855043 -27.402873 3.340710
2603.613436 -27.942897 2.582316
2604.346404 -28.464816 1.849349
2605.092072 -28.995778 1.103681
2605.844102 -29.531271 0.351650
2606.608846 -30.075816 -0.413093
2607.386302 -30.629413 -1.190549
2608.131969 -31.160376 -1.936217
2608.896713 -31.704921 -2.700960
2609.650864 -32.241924 -3.455111
2610.415607 -32.786469 -4.219854
2611.182459 -33.332515 -4.986706
2611.926018 -33.861976 -5.730265
2612.680170 -34.398980 -6.484417
2613.417366 -34.923910 -7.221614
2614.163047 -35.454881 -7.967294
2614.910836 -35.987354 -8.715083
2615.648033 -36.512284 -9.452280
2616.378892 -37.032702 -10.183139
2617.113968 -37.556122 -10.918215
2617.846936 -38.078041 -11.651183
2618.601075 -38.615036 -12.405322
2619.348876 -39.147517 -13.153123
2620.077602 -39.666416 -13.881849
2620.838116 -40.207949 -14.642363
2621.598605 -40.749465 -15.402852
2622.373940 -41.301552 -16.178187
2623.130212 -41.840066 -16.934459
2623.852575 -42.354434 -17.656823
2624.585543 -42.876353 -18.389791
2625.341816 -43.414866 -19.146063
2625.727362 -43.689399 -19.531609
2626.009112 -43.890023 -19.813359
2626.716641 -44.393828 -20.520889
2627.468685 -44.929330 -21.272932
2628.214352 -45.460293 -22.018600
2628.887998 -45.939971 -22.692246
2629.612495 -46.455858 -23.416743
2630.313688 -46.955151 -24.117935
2631.052993 -47.481583 -24.857240
2631.790202 -48.006522 -25.594450
2632.489274 -48.504305 -26.293521
2633.218000 -49.023204 -27.022247
2633.940363 -49.537572 -27.744611
2634.669089 -50.056470 -28.473336
2635.397828 -50.575378 -29.202075
2636.105370 -51.079192 -29.909618
2636.804442 -51.576975 -30.608689
2637.531047 -52.094364 -31.335294
2638.238589 -52.598178 -32.042837
2638.916477 -53.080877 -32.720725
2639.617657 -53.580161 -33.421904
2640.335804 -54.091527 -34.140051
2641.081472 -54.622489 -34.885719
2641.784772 -55.123283 -35.589019
2642.483844 -55.621066 -36.288091
2643.212570 -56.139964 -37.016817
2643.943429 -57.191793 -37.747677
2644.604363 -65.970227 -38.408610
2645.244113 -74.467302 -39.048360
2645.934713 -83.639771 -39.738960
2646.513020 -91.320774 -40.317268
2647.099824 -99.114623 -40.904071
2647.631535 -106.176739 -41.435782
2648.142075 -112.957666 -41.946322
2648.622960 -119.344726 -42.427208
2649.139838 -126.209825 -42.944085
2649.658848 -133.103261 -43.463096
2650.139721 -139.490153 -43.943968
2650.739237 -124.812210 -43.344452
2651.328149 -110.393897 -42.755541
2651.963670 -94.834457 -42.120020
2652.601286 -79.223713 -41.482404
2652.872444 -72.584964 -41.211246
2653.149951 -65.790749 -40.933738
2653.870219 -48.156447 -40.213470
2654.630708 -29.537418 -39.452982
2655.378509 -11.229012 -38.705180
2656.105114 0.187136 -37.978575
2656.846553 0.704936 -37.237137
2657.617646 1.243446 -36.466043
2658.352735 1.756812 -35.730955
2659.102632 2.280520 -34.981058
2659.846192 2.799801 -34.237498
2660.602464 3.327961 -33.481226
2661.329082 3.835411 -32.754608
2662.091691 4.367997 -31.991999
2662.862784 4.906507 -31.220905
2663.599981 5.421345 -30.483708
2664.375329 5.962827 -29.708361
2665.125226 6.486534 -28.958464
2665.879377 7.013213 -28.204312
2666.663183 7.560601 -27.420506
2667.427926 8.094677 -26.655763
2668.179957 8.619875 -25.903733
2668.946808 9.155423 -25.136881
2669.732735 9.704292 -24.350955
2670.495357 10.236887 -23.588332
2671.264342 10.773925 -22.819347
2672.031194 11.309473 -22.052496
2672.831942 11.868693 -21.251748
2673.590335 12.398334 -20.493355
2674.325411 12.911691 -19.758279
2675.113458 13.462042 -18.970231
2675.895143 14.007949 -18.188546
2676.653524 14.537582 -17.430166
2677.409809 15.065750 -16.673881
2678.193602 15.613130 -15.890088
2678.988013 16.167924 -15.095677
2679.720968 16.679800 -14.362722
2680.494182 17.219792 -13.589508
2681.246200 17.744980 -12.837490
2682.015197 18.282027 -12.068492
2682.777807 18.814613 -11.305883
2683.534079 19.342773 -10.549611
2684.296701 19.875367 -9.786988
2685.061445 20.409443 -9.022245
2685.334711 20.600284 -8.748979
2685.906680 20.999733 -8.177009
2686.669290 21.532318 -7.414400
2687.438275 22.069356 -6.645415
2688.207260 22.606394 -5.876430
2688.961399 23.133064 -5.122291
2689.724021 23.665659 -4.359669
2690.488764 24.199734 -3.594925
2691.247157 24.729375 -2.836532
2692.030963 25.276764 -2.052726
2692.774510 25.796037 -1.309179
2693.547737 26.336037 -0.535953
2694.331543 26.883426 0.247853
2695.089923 27.413058 1.006234
2695.850425 27.944171 1.766735
2696.600347 28.467896 2.516657
2697.352378 28.993094 3.268688
2698.138304 29.541964 4.054615
2698.886080 30.064190 4.802391
2699.610590 30.570167 5.526900
2700.332966 31.074655 6.249276
2700.951532 31.506645 6.867843
2701.724734 32.046627 7.641044
2702.489490 32.580712 8.405800
2703.199153 33.076321 9.115463
2703.917287 33.577847 9.833597
2704.690501 34.117838 10.606811
2705.463715 34.657830 11.380026
2706.192441 35.166752 12.108752
2706.940243 35.688996 12.856553
2707.694381 36.215666 13.610692
2708.478200 36.763063 14.394510
2709.266248 37.313414 15.182558
2710.052174 37.862284 15.968485
2710.821147 38.399313 16.737457
2711.607074 38.948183 17.523384
2712.382409 39.489656 18.298719
2713.142910 40.020769 19.059220
2713.916124 40.560760 19.832434
2714.695701 41.105195 20.612011
2715.466794 41.643706 21.383104
2716.218825 42.168903 22.135135
2716.960263 42.686704 22.876573
2717.691123 43.197116 23.607433
2718.424078 43.708992 24.340388
2719.173988 44.232708 25.090298
2719.911197 44.747555 25.827507
2720.642044 45.257959 26.558354
2721.362299 45.760965 27.278609
2722.071962 46.256574 27.988273
2722.777397 46.749230 28.693707
2723.525185 47.271466 29.441496
2724.258166 47.783359 30.174476
2724.999605 48.301159 30.915915
2725.721968 48.805638 31.638278
2726.437994 49.305691 32.354304
2727.196374 49.835323 33.112685
2727.918750 50.339811 33.835061
2728.645368 50.847261 34.561678
2729.359273 51.345833 35.275584
2730.062574 51.836998 35.978884
2730.806133 52.356280 36.722444
2731.509447 52.847455 37.425757
2732.202168 53.331233 38.118479
2732.926652 53.837192 38.842963
2733.644799 57.930415 39.561110
2734.339642 69.038630 40.255952
2735.002696 79.638660 40.919006
2735.653038 90.035456 41.569348
2736.292800 100.263127 42.209110
2736.917729 110.253659 42.834039
2737.474865 119.160412 43.391176
2737.957872 126.882076 43.874182
2738.426032 134.366396 44.342342
2738.881492 141.647686 44.797802
2739.317877 148.624024 45.234187
2739.745803 155.465143 45.662113
2740.114395 161.357703 46.030706
2740.523259 167.517956 46.439569
2740.993540 164.603519 46.909850
2741.542205 161.203316 47.458516
2742.126888 158.644755 48.043198
2742.728512 158.644755 48.644823
2743.349200 158.644755 49.265510
2744.003783 158.644755 49.920093
2744.586357 158.644755 50.502668
2745.183753 136.867693 49.905272
2745.637092 120.341958 49.451933
2746.198470 99.877843 48.890555
2746.842462 76.402189 48.246563
2747.571188 49.837682 47.517837
2747.912259 37.404492 47.176766
2748.776557 5.897913 46.312468
2749.486233 -0.360156 45.602792
2750.238276 -0.854520 44.850749
2750.971232 -1.336335 44.117793
2751.689366 -1.808408 43.399659
2752.413863 -2.284664 42.675162
2753.157422 -2.773450 41.931603
2753.915815 -3.271988 41.173209
2754.655133 -3.757986 40.433892
2755.377509 -4.232847 39.711516
2756.123190 -4.723028 38.965835
2756.887933 -5.225740 38.201092
2757.614551 -5.703389 37.474474
2758.353869 -6.189388 36.735156
2759.124974 -6.696282 35.964050
2759.847338 -7.171135 35.241687
2760.590910 -7.659930 34.498115
2761.349291 -8.158459 33.739734
2762.071654 -8.633312 33.017371
2762.764388 -9.088688 32.324637
2763.486751 -9.563541 31.602274
2764.202777 -10.034228 30.886248
2764.870073 -10.472882 30.218951
2765.613620 -10.961660 29.475405
2766.361422 -11.453235 28.727603
2767.107102 -11.943416 27.981923
2767.848541 -12.430808 27.240484
2768.606934 -12.929346 26.482091
2769.331431 -13.405601 25.757594
2770.096162 -13.908305 24.992863
2770.827021 -14.388743 24.262004
2771.581160 -14.884483 23.507865
2772.320490 -15.370490 22.768535
2773.055566 -15.853700 22.033459
2773.794897 -16.339706 21.294128
2774.527865 -16.821530 20.561160
2775.301079 -17.329810 19.787946
2776.031913 -17.810232 19.057112
2776.773364 -18.297632 18.315661
2777.538108 -18.800344 17.550917
2778.300717 -19.301654 16.788308
2779.046398 -19.791834 16.042627
2779.789957 -20.280621 15.299068
2780.542000 -20.774984 14.547024
2781.306744 -21.277696 13.782281
2782.052411 -21.767868 13.036613
2782.800213 -22.259443 12.288812
2783.545893 -22.749624 11.543132
2784.293669 -23.241182 10.795356
2785.069004 -23.750857 10.020021
2785.785030 -24.221544 9.303995
2786.511635 -24.699185 8.577390
2787.263666 -25.193540 7.825359
2788.024167 -25.693464 7.064858
2788.761377 -26.178076 6.327648
2789.500695 -26.664074 5.588330
2790.269667 -27.169566 4.819358
2791.045015 -27.679249 4.044010
2791.809745 -28.181952 3.279280
2792.566018 -28.679095 2.523007
2793.322277 -29.176230 1.766748
2794.080670 -29.674768 1.008355
2794.845414 -30.177480 0.243611
2795.595336 -30.670449 -0.506311
2796.345233 -31.163401 -1.256208
2797.078213 -31.645234 -1.989188
2797.819639 -32.132618 -2.730614
2798.582262 -32.633935 -3.493237
2799.332171 -33.126896 -4.243146
2800.103277 -33.633790 -5.014252
2800.834111 -34.114212 -5.745086
2801.577671 -34.602998 -6.488646
2802.323351 -35.093179 -7.234326
2803.079624 -35.590323 -7.990599
2803.795637 -36.061001 -8.706612
2804.539184 -36.549779 -9.450159
2805.303927 -37.052491 -10.214902
2806.049608 -37.542672 -10.960583
2806.723254 -37.985500 -11.634229
2807.460451 -38.470104 -12.371426
2808.197660 -38.954716 -13.108635
2808.924265 -39.432358 -13.835240
2809.676296 -39.926713 -14.587271
2810.415626 -40.412719 -15.326601
2811.167657 -40.907074 -16.078632
2811.945100 -41.418135 -16.856075
2812.686539 -41.905527 -17.597514
2813.364414 -42.351135 -18.275389
2814.110094 -42.841316 -19.021069
2814.860004 -43.334277 -19.770979
2815.599322 -43.820275 -20.510297
2816.345002 -44.310456 -21.255977
2817.105504 -44.810379 -22.016479
2817.802467 -45.268535 -22.713442
2818.539651 -45.753131 -23.450626
2819.259906 -46.226598 -24.170881
2820.003466 -46.715384 -24.914441
2820.763980 -47.215316 -25.674955
2821.492706 -47.694352 -26.403681
2822.238374 -48.184524 -27.149349
2822.964992 -48.662174 -27.875967
2823.691597 -49.139815 -28.602572
2824.420323 -49.618850 -29.331298
2825.146928 -50.096492 -30.057903
2825.850228 -50.558814 -30.761203
2826.591680 -51.046214 -31.502655
2827.303464 -51.514113 -32.214439
2828.002523 -51.973647 -32.913498
2828.727020 -52.449902 -33.637995
2829.459987 -52.931726 -34.370962
2830.167530 -53.396836 -35.078505
2830.885651 -53.868901 -35.796626
2831.574131 -54.321480 -36.485106
2832.302857 -54.800516 -37.213832
2832.997699 -55.257277 -37.908674
2833.658633 -55.691749 -38.569608
2834.342871 -60.507759 -39.253846
2834.967800 -68.503493 -39.878775
2835.596958 -76.553338 -40.507933
2836.162565 -83.790073 -41.073540
2836.696397 -90.620254 -41.607372
2837.219649 -97.315080 -42.130624
2837.713235 -103.630324 -42.624210
2838.153849 -109.267815 -43.064824
2838.651689 -115.637494 -43.562664
2839.179158 -122.386267 -44.090133
2839.708760 -129.162338 -44.619735
2840.306143 -136.805628 -45.217118
2840.941664 -144.936881 -45.852639
2841.598355 -153.339007 -46.509330
2842.278364 -162.039469 -47.189339
2842.952023 -170.658685 -47.862998
2843.547285 -172.320010 -48.458260
2844.028157 -160.547091 -47.977387
2844.559881 -147.529222 -47.445663
2845.155143 -132.955788 -46.850402
2845.790663 -117.396717 -46.214881
2846.155026 -108.476237 -45.850518
2847.036279 -86.901050 -44.969265
2847.733230 -69.838028 -44.272314
2848.453472 -52.204767 -43.552072
2849.203395 -33.844871 -42.802150
2849.961775 -15.277897 -42.043769
2850.703214 0.071127 -41.302330
2851.448894 0.522885 -40.556650
2852.207275 0.982338 -39.798269
2852.995310 1.459756 -39.010234
2853.696502 1.884563 -38.309042
2854.446425 2.338891 -37.559120
2855.198442 2.794489 -36.807102
2855.971657 3.262928 -36.033888
2856.715203 3.713394 -35.290341
2857.482068 4.177987 -34.523477
2858.246811 4.641294 -33.758734
2858.996720 5.095615 -33.008824
2859.750872 5.552505 -32.254673
2860.500781 6.006826 -31.504763
2861.271875 6.473981 -30.733670
2862.036605 6.937280 -29.968939
2862.799227 7.399303 -29.206317
2863.544921 7.851069 -28.460624
2864.326593 8.324633 -27.678952
2865.108278 8.798204 -26.897267
2865.873034 9.261519 -26.132511
2866.622931 9.715833 -25.382614
2867.398266 10.185557 -24.607279
2868.177830 10.657843 -23.827715
2868.938344 11.118589 -23.067200
2869.709424 11.585735 -22.296120
2870.489001 12.058030 -21.516543
2871.249503 12.518767 -20.756042
2872.003654 12.975658 -20.001890
2872.768397 13.438965 -19.237147
2873.547974 13.911259 -18.457570
2874.304234 14.369427 -17.701311
2875.066843 14.831442 -16.938701
2875.816765 15.285770 -16.188779
2876.636589 15.782447 -15.368956
2877.356831 16.218794 -14.648713
2878.123695 16.683387 -13.881849
2878.888438 17.146694 -13.117106
2879.655290 17.611279 -12.350255
2880.411562 18.069454 -11.593982
2881.172063 18.530192 -10.833481
2881.936807 18.993500 -10.068738
2882.688837 19.449105 -9.316707
2883.451459 19.911128 -8.554085
2884.262812 20.402672 -7.742733
2885.027542 20.865972 -6.978002
2885.777464 21.320301 -6.228080
2886.518890 21.769482 -5.486654
2887.275163 22.227657 -4.730382
2888.058969 22.702514 -3.946576
2888.819470 23.163251 -3.186074
2889.571513 23.618865 -2.434031
2890.344715 24.087296 -1.660830
2891.092516 24.540340 -0.913028
2891.865730 25.008779 -0.139814
2892.626231 25.469517 0.620687
2893.380383 25.926407 1.374839
2894.109109 26.367894 2.103565
2894.731917 26.745213 2.726373
2895.475464 27.195679 3.469919
2896.263511 27.673105 4.257967
2896.994371 28.115884 4.988827
2897.737918 28.566350 5.732374
2898.481490 29.016832 6.475946
2899.237750 29.475000 7.232206
2899.994009 29.933167 7.988465
2900.733340 30.381079 8.727796
2901.457837 30.820004 9.452293
2902.173850 31.253789 10.168306
2902.974598 31.738909 10.969053
2903.705445 32.181681 11.699900
2904.444775 32.629593 12.439231
2905.222218 33.100594 13.216674
2906.003916 33.574173 13.998372
2906.802543 34.058009 14.796999
2907.567286 34.521316 15.561742
2908.340500 34.989755 16.334956
2909.096773 35.447931 17.091228
2909.891170 35.929204 17.885626
2910.658034 36.393796 18.652490
2911.418536 36.854534 19.412991
2912.191750 37.322973 20.186205
2912.943793 37.778587 20.938249
2913.638623 38.199538 21.633078
2914.367349 38.641025 22.361804
2915.121500 39.097916 23.115956
2915.845984 39.536833 23.840440
2916.549298 39.962924 24.543753
2917.286507 40.409551 25.280963
2917.994050 40.838204 25.988505
2918.695242 41.263010 26.689698
2919.421860 41.703220 27.416315
2920.150586 42.144707 28.145042
2920.851778 42.569513 28.846234
2921.574142 43.007146 29.568597
2922.288047 43.439654 30.282502
2922.978660 43.858051 30.973116
2923.705252 44.298245 31.699708
2924.429749 44.737170 32.424205
2925.175430 45.188928 33.169885
2925.889335 45.621436 33.883791
2926.651957 46.083459 34.646413
2927.412459 46.544197 35.406914
2928.111543 46.967726 36.105998
2928.872044 47.428463 36.866500
2929.602891 47.871235 37.597347
2930.325267 48.308875 38.319723
2931.075177 48.763196 39.069632
2931.780611 49.190572 39.775067
2932.498745 49.625642 40.493201
2933.227484 50.067137 41.221939
2933.932918 50.494513 41.927374
2934.638339 50.921881 42.632795
2935.320469 52.812735 43.314925
2935.991994 62.699894 43.986450
2936.665640 72.618280 44.660096
2937.339299 82.536852 45.333755
2937.959986 91.675500 45.954442
2938.544669 100.284037 46.539125
2939.080622 108.175103 47.075077
2939.578462 115.505019 47.572917
2940.069926 122.741067 48.064382
2940.580454 130.257784 48.574909
2941.046518 137.119857 49.040974
2941.474432 143.420218 49.468888
2941.925638 150.063516 49.920093
2942.412873 157.237297 50.407329
2942.917063 158.641013 50.911519
2943.412769 158.641013 51.407225
2943.728415 147.135150 51.091579
2944.183863 130.533264 50.636132
2944.732541 110.532950 50.087454
2945.372303 87.212443 49.447691
2946.073483 61.653168 48.746512
2946.721729 38.023419 48.098265
2946.994995 28.062380 47.825000
2947.300049 16.942607 47.519946
2948.024546 -0.162143 46.795449
2948.759622 -0.621081 46.060373
2949.503181 -1.085316 45.316813
2950.246741 -1.549550 44.573253
2950.979709 -2.007172 43.840286
2951.725389 -2.472731 43.094605
2952.452007 -2.926388 42.367987
2953.206146 -3.397228 41.613849
2953.945489 -3.858830 40.874505
2954.680565 -4.317768 40.139429
2955.436825 -4.789932 39.383170
2956.199460 -5.266076 38.620535
2956.934536 -5.725014 37.885459
2957.667516 -6.182644 37.152478
2958.423776 -6.654808 36.396219
2959.177927 -7.125655 35.642067
2959.942670 -7.603116 34.877324
2960.662938 -8.052808 34.157056
2961.410727 -8.519683 33.409268
2962.179699 -8.999784 32.640295
2962.929621 -9.467991 31.890373
2963.671060 -9.930902 31.148934
2964.406136 -10.389840 30.413858
2965.175134 -10.869957 29.644861
2965.918693 -11.334191 28.901301
2966.655878 -11.794446 28.164117
2967.397329 -12.257364 27.422666
2968.145130 -12.724247 26.674864
2968.871736 -13.177896 25.948259
2969.642841 -13.659329 25.177153
2970.375809 -14.116951 24.444185
2971.108764 -14.574565 23.711230
2971.858687 -15.042772 22.961308
2972.606475 -15.509647 22.213519
2973.360627 -15.980495 21.459368
2974.112657 -16.450018 20.707337
2974.885884 -16.932775 19.934110
2975.640023 -17.403615 19.179972
2976.387811 -17.870490 18.432183
2977.154676 -18.349275 17.665319
2977.902477 -18.816158 16.917518
2978.635445 -19.273779 16.184550
2979.406538 -19.755205 15.413457
2980.164918 -20.228692 14.655076
2980.944495 -20.715414 13.875499
2981.666871 -21.166423 13.153123
2982.433735 -21.645208 12.386259
2983.185753 -22.114723 11.634241
2983.950496 -22.592184 10.869498
2984.723710 -23.074933 10.096284
2985.443978 -23.524626 9.376016
2986.187525 -23.988852 8.632469
2986.952268 -24.466313 7.867726
2987.727603 -24.950386 7.092391
2988.481755 -25.421234 6.338240
2989.238027 -25.893405 5.581968
2989.979453 -26.356308 4.840541
2990.759030 -26.843030 4.060965
2991.532244 -27.325779 3.287751
2992.282166 -27.793986 2.537828
2993.044789 -28.270122 1.775206
2993.798927 -28.740962 1.021067
2994.567912 -29.221071 0.252082
2995.326293 -29.694559 -0.506298
2996.078323 -30.164082 -1.258329
2996.828233 -30.632281 -2.008238
2997.580263 -31.101805 -2.760269
2998.336536 -31.573977 -3.516541
2999.097050 -32.048797 -4.277055
2999.846947 -32.516988 -5.026952
3000.592627 -32.982547 -5.772633
3001.359479 -33.461324 -6.539484
3002.109401 -33.929531 -7.289406
3002.861419 -34.399046 -8.041424
3003.596520 -34.858000 -8.776525
3004.340067 -35.322227 -9.520072
3005.113281 -35.804976 -10.293287
3005.806003 -36.237470 -10.986008
3006.543199 -36.697733 -11.723205
3007.293109 -37.165932 -12.473114
3008.059973 -37.644717 -13.239979
3008.723027 -38.058688 -13.903033
3009.466587 -38.522923 -14.646593
3010.210134 -38.987150 -15.390139
3010.985469 -39.471223 -16.165474
3011.762925 -39.956621 -16.942930
3012.498014 -40.415567 -17.678019
3013.250044 -40.885090 -18.430049
3014.008412 -41.358570 -19.188417
3014.758334 -41.826777 -19.938340
3015.506123 -42.293652 -20.686128
3016.256045 -42.761860 -21.436051
3017.029259 -43.244609 -22.209265
3017.728331 -43.681068 -22.908336
3018.469757 -44.143970 -23.649762
3019.215437 -44.609529 -24.395443
3019.942042 -45.063178 -25.122048
3020.675010 -45.520800 -25.855016
3021.431270 -45.992964 -26.611275
3022.176938 -46.458515 -27.356943
3022.939573 -46.934659 -28.119578
3023.664057 -47.386984 -28.844062
3024.403375 -47.848571 -29.583380
3025.144813 -48.311481 -30.324819
3025.892602 -48.778356 -31.072607
3026.617099 -49.230689 -31.797104
3027.345825 -49.685663 -32.525830
3028.091493 -50.151214 -33.271498
3028.815990 -50.603547 -33.995995
3029.555307 -51.065133 -34.735313
3030.269200 -51.510845 -35.449205
3031.010651 -51.973764 -36.190657
3031.773261 -52.449892 -36.953266
3032.497758 -52.902225 -37.677763
3033.230713 -53.359839 -38.410718
3033.946739 -53.806883 -39.126744
3034.694527 -54.273759 -39.874533
3035.438087 -54.737993 -40.618093
3036.130796 -60.694269 -41.310801
3036.806563 -69.127426 -41.986568
3037.475980 -77.481339 -42.655985
3038.136926 -85.729541 -43.316931
3038.783026 -93.792469 -43.963031
3039.403713 -101.538263 -44.583718
3039.943907 -108.279558 -45.123913
3040.524348 -115.523103 -45.704354
3041.123852 -123.004538 -46.303857
3041.632258 -129.349138 -46.812264
3042.163982 -135.984722 -47.343987
3042.689343 -142.540903 -47.869348
3043.201991 -148.938438 -48.381996
3043.788794 -134.572375 -47.795193
3044.373464 -120.258548 -47.210523
3045.011106 -104.647873 -46.572881
3045.646614 -89.089432 -45.937373
3046.140199 -77.005523 -45.443788
3046.843500 -59.787391 -44.740487
3047.557405 -42.309641 -44.026582
3048.305194 -24.002355 -43.278793
3049.046632 -5.850530 -42.537355
3049.777479 0.292135 -41.806508
3050.508326 0.726202 -41.075661
3051.264586 1.175362 -40.319401
3052.020858 1.624530 -39.563129
3052.758055 2.062369 -38.825932
3053.482552 2.492665 -38.101435
3054.219749 2.930503 -37.364238
3054.990842 3.388473 -36.593145
3055.749222 3.838893 -35.834764
3056.488540 4.277992 -35.095447
3057.261767 4.737229 -34.322220
3058.011664 5.182611 -33.572323
3058.774299 5.635557 -32.809688
3059.513617 6.074656 -32.070370
3060.291060 6.536397 -31.292927
3061.026149 6.972984 -30.557838
3061.790879 7.427175 -29.793108
3062.568335 7.888924 -29.015652
3063.314016 8.331802 -28.269971
3064.066046 8.778450 -27.517941
3064.830777 9.232642 -26.753210
3065.610353 9.695651 -25.973634
3066.368734 10.146070 -25.215253
3067.116523 10.590200 -24.467464
3067.881266 11.044399 -23.702721
3068.645996 11.498590 -22.937991
3069.419223 11.957828 -22.164764
3070.177604 12.408248 -21.406383
3070.961397 12.873761 -20.622590
3071.719790 13.324188 -19.864197
3072.454879 13.760775 -19.129108
3073.215380 14.212454 -18.368607
3073.992823 14.674196 -17.591164
3074.742746 15.119593 -16.841241
3075.509597 15.575044 -16.074390
3076.253157 16.016661 -15.330830
3077.017887 16.470852 -14.566100
3077.750855 16.906179 -13.833132
3078.521961 17.364157 -13.062026
3079.271870 17.809546 -12.312117
3080.040843 18.266257 -11.543144
3080.797115 18.715425 -10.786872
3081.559737 19.168364 -10.024250
3082.305405 19.611234 -9.278582
3083.065906 20.062913 -8.518080
3083.822191 20.512089 -7.761795
3084.580559 20.962501 -7.003428
3085.343194 21.415448 -6.240793
3086.114287 21.873418 -5.469699
3086.866318 22.320067 -4.717669
3087.616228 22.765456 -3.967759
3088.364016 23.209585 -3.219971
3089.139364 23.670082 -2.444623
3089.910444 24.128045 -1.673542
3090.584103 24.528147 -0.999884
3091.482298 25.061606 -0.101689
3092.253404 25.519584 0.669417
3092.999072 25.962453 1.415085
3093.717206 26.388970 2.133219
3094.490420 26.848200 2.906433
3095.278468 27.316240 3.694481
3096.011423 27.751559 4.427436
3096.733812 28.180603 5.149825
3097.456175 28.609631 5.872188
3098.216689 29.061318 6.632702
3098.970828 29.509219 7.386841
3099.691083 29.936996 8.107096
3100.428292 30.374842 8.844305
3101.186673 30.825262 9.602686
3101.919653 31.260596 10.335666
3102.646246 31.692136 11.062259
3103.391926 32.135013 11.807939
3104.139728 32.579150 12.555741
3104.910821 33.037120 13.326834
3105.686156 33.497610 14.102169
3106.440307 33.945518 14.856320
3107.219871 34.408520 15.635884
3107.986735 34.863978 16.402749
3108.730295 35.305596 17.146308
3109.484446 35.753504 17.900460
3110.266131 36.217765 18.682144
3111.032983 36.673216 19.448996
3111.759613 37.104779 20.175626
3112.520115 37.556459 20.936128
3113.270024 38.001848 21.686037
3114.019934 38.447237 22.435947
3114.619450 38.803303 23.035463
3115.354539 39.239890 23.770552
3116.108678 39.687790 24.524691
3116.845887 40.125636 25.261900
3117.540717 40.538312 25.956730
3118.254622 40.962317 26.670635
3118.979119 41.392613 27.395132
3119.686649 41.812831 28.102662
3120.413266 42.244387 28.829279
3121.133521 42.672163 29.549535
3121.862247 43.104971 30.278260
3122.603699 43.545336 31.019712
3123.292179 43.954240 31.708192
3124.027267 44.390827 32.443280
3124.745401 44.817343 33.161414
3125.474127 45.250151 33.890141
3126.196503 45.679187 34.612516
3126.910409 46.103192 35.326422
3127.658210 46.547329 36.074223
3128.372102 46.971326 36.788115
3129.077537 47.390300 37.493550
3129.808383 47.824367 38.224396
3130.515926 48.244593 38.931939
3131.248894 48.679920 39.664907
3131.990332 49.120278 40.406345
3132.685175 49.532961 41.101188
3133.403309 49.959478 41.819322
3134.108743 50.378452 42.524756
3134.799331 50.788608 43.215344
3135.496294 51.202551 43.912307
3136.189016 59.671407 44.605029
3136.885966 69.811586 45.301980
3137.542683 79.366392 45.958697
3138.205738 89.013401 46.621751
3138.864550 98.598696 47.280563
3139.472537 107.444513 47.888550
3140.072041 116.166900 48.488054
3140.614356 124.057237 49.030369
3141.088879 130.961235 49.504892
3141.557052 137.772846 49.973065
3142.016741 144.461025 50.432754
3142.501856 151.519127 50.917869
3142.955195 158.114919 51.371208
3143.355588 158.638945 51.771601
3143.844931 158.638945 52.260945
3144.268616 143.195286 51.837260
3144.721955 126.670696 51.383921
3145.312988 105.127067 50.792888
3145.969705 81.189188 50.136171
3146.687839 55.012600 49.418037
3147.175075 37.252462 48.930801
3147.444111 27.445847 48.661764
3147.918634 10.149097 48.187242
3148.666423 -0.285847 47.439453
3149.416345 -0.742565 46.689531
3150.140829 -1.183791 45.965046
3150.882281 -1.635350 45.223595
3151.632190 -2.092060 44.473686
3152.384221 -2.550062 43.721655
3153.123551 -3.000329 42.982324
3153.852277 -3.444138 42.253599
3154.581016 -3.887955 41.524860
3155.328805 -4.343373 40.777071
3156.076594 -4.798792 40.029282
3156.813816 -5.247775 39.292060
3157.580667 -5.714803 38.525209
3158.311514 -6.159904 37.794362
3159.042361 -6.605005 37.063515
3159.800754 -7.066881 36.305122
3160.569727 -7.535201 35.536149
3161.300586 -7.980310 34.805290
3162.033554 -8.426702 34.072322
3162.804647 -8.896313 33.301229
3163.550328 -9.350448 32.555548
3164.315071 -9.816192 31.790805
3165.060739 -10.270319 31.045137
3165.827603 -10.737355 30.278273
3166.583875 -11.197940 29.522001
3167.316843 -11.644332 28.789033
3168.054040 -12.093300 28.051836
3168.810325 -12.553893 27.295551
3169.549643 -13.004153 26.556233
3170.314373 -13.469889 25.791503
3171.019807 -13.899513 25.086069
3171.754896 -14.347197 24.350980
3172.513276 -14.809066 23.592599
3173.252607 -15.259333 22.853269
3174.002517 -15.716043 22.103359
3174.760910 -16.177920 21.344966
3175.527761 -16.644948 20.578115
3176.284033 -17.105533 19.821842
3177.042414 -17.567403 19.063462
3177.807157 -18.033147 18.298719
3178.559200 -18.491156 17.546676
3179.300626 -18.942700 16.805250
3180.061140 -19.405868 16.044736
3180.804687 -19.858704 15.301189
3181.575793 -20.328323 14.530083
3182.310869 -20.775999 13.795007
3183.071383 -21.239167 13.034493
3183.829764 -21.701037 12.276112
3184.588157 -22.162913 11.517719
3185.323246 -22.610597 10.782630
3186.037138 -23.045372 10.068738
3186.814594 -23.518859 9.291282
3187.547562 -23.965251 8.558314
3188.314426 -24.432287 7.791450
3189.062202 -24.887698 7.043674
3189.826958 -25.353450 6.278918
3190.591688 -25.819186 5.514188
3191.333127 -26.270737 4.772749
3192.066095 -26.717130 4.039781
3192.856251 -27.198351 3.249625
3193.616765 -27.661519 2.489111
3194.392100 -28.133714 1.713776
3195.180135 -28.613643 0.925741
3195.934299 -29.072944 0.171577
3196.696909 -29.537389 -0.591033
3197.461652 -30.003133 -1.355776
3198.224274 -30.467586 -2.118398
3199.001717 -30.941065 -2.895841
3199.753760 -31.399074 -3.647884
3200.512141 -31.860943 -4.406265
3201.268413 -32.321528 -5.162537
3202.018323 -32.778239 -5.912447
3202.766112 -33.233657 -6.660236
3203.507550 -33.685208 -7.401674
3204.255339 -34.140627 -8.149463
3205.011611 -34.601212 -8.905735
3205.753050 -35.052763 -9.647174
3206.481789 -35.496580 -10.375913
3207.233806 -35.954574 -11.127930
3207.983729 -36.411292 -11.877853
3208.737867 -36.870578 -12.631991
3209.492019 -37.329871 -13.386143
3210.235578 -37.782714 -14.129703
3211.006672 -38.252326 -14.900796
3211.769294 -38.716778 -15.663418
3212.529808 -39.179947 -16.423932
3213.315722 -39.658584 -17.209846
3214.086815 -40.128196 -17.980939
3214.843088 -40.588781 -18.737212
3215.590876 -41.044200 -19.485000
3216.349257 -41.506069 -20.243381
3217.120350 -41.975680 -21.014474
3217.863910 -42.428523 -21.758034
3218.495201 -42.812992 -22.389325
3219.298057 -43.301948 -23.192181
3220.033146 -43.749632 -23.927270
3220.783055 -44.206342 -24.677180
3221.532965 -44.663052 -25.427089
3222.295600 -45.127513 -26.189724
3223.024326 -45.571321 -26.918450
3223.740339 -46.007388 -27.634463
3224.492370 -46.465390 -28.386494
3225.216867 -46.906623 -29.110991
3225.962535 -47.360750 -29.856659
3226.689152 -47.803275 -30.583276
3227.445399 -48.263845 -31.339523
3228.178380 -48.710245 -32.072504
3228.913456 -49.157921 -32.807580
3229.654894 -49.609472 -33.549019
3230.389970 -50.057149 -34.284095
3231.120817 -50.502249 -35.014941
3231.845302 -50.943475 -35.739426
3232.578282 -51.389875 -36.472406
3233.340892 -51.854320 -37.235016
3234.073847 -52.300704 -37.967971
3234.796235 -52.740653 -38.690359
3235.529191 -53.187038 -39.423315
3236.270629 -53.638589 -40.164753
3237.022660 -54.096591 -40.916784
3237.723852 -54.523632 -41.617976
3238.401727 -56.059065 -42.295851
3239.107162 -64.755120 -43.001286
3239.785049 -73.111606 -43.679173
3240.409978 -80.815253 -44.304102
3241.013711 -88.257608 -44.907835
3241.553893 -94.916557 -45.448017
3242.140684 -102.150067 -46.034808
3242.714787 -109.227177 -46.608911
3243.271911 -116.094972 -47.166035
3243.814226 -122.780223 -47.708350
3244.348058 -129.360895 -48.242182
3244.833172 -135.341018 -48.727297
3245.513181 -118.693419 -48.047288
3246.099972 -104.327931 -47.460497
3246.752447 -88.354395 -46.808022
3247.347709 -73.781527 -46.212760
3247.945092 -59.156737 -45.615377
3248.673830 -41.316160 -44.886639
3249.387710 -23.839352 -44.172759
3250.131270 -5.635938 -43.429199
3250.902363 0.315146 -42.658106
3251.639572 0.744684 -41.920897
3252.374648 1.172979 -41.185821
3253.135162 1.616095 -40.425306
3253.880830 2.050561 -39.679639
3254.624377 2.483792 -38.936092
3255.363695 2.914558 -38.196774
3256.111496 3.350267 -37.448973
3256.880469 3.798312 -36.680000
3257.636741 4.238957 -35.923728
3258.371817 4.667252 -35.188652
3259.130197 5.109125 -34.430272
3259.888591 5.551006 -33.671878
3260.651213 5.995350 -32.909256
3261.405364 6.434760 -32.155105
3262.165853 6.877861 -31.394616
3262.907304 7.309871 -30.653164
3263.674156 7.756680 -29.886313
3264.426186 8.194853 -29.134283
3265.180338 8.634262 -28.380131
3265.945068 9.079835 -27.615401
3266.720403 9.531587 -26.840066
3267.470313 9.968525 -26.090156
3268.249890 10.422748 -25.310579
3269.008270 10.864621 -24.552199
3269.773013 11.310202 -23.787456
3270.533515 11.753311 -23.026954
3271.306729 12.203827 -22.253740
3272.086306 12.658050 -21.474163
3272.867978 13.113495 -20.692491
3273.615779 13.549204 -19.944690
3274.363568 13.984906 -19.196901
3275.153737 14.445301 -18.406732
3275.907875 14.884702 -17.652594
3276.659906 15.322876 -16.900563
3277.428878 15.770920 -16.131591
3278.187259 16.212794 -15.373210
3278.935060 16.648503 -14.625409
3279.697682 17.092848 -13.862787
3280.464546 17.539664 -13.095923
3281.225048 17.982773 -12.335421
3281.983428 18.424646 -11.577041
3282.758763 18.876398 -10.801706
3283.506552 19.312100 -10.053917
3284.254353 19.747809 -9.306116
3285.031809 20.200797 -8.528660
3285.790190 20.642670 -7.770279
3286.537991 21.078380 -7.022478
3287.302722 21.523953 -6.257747
3288.075936 21.974469 -5.484533
3288.840679 22.420049 -4.719790
3289.590589 22.856987 -3.969880
3290.361695 23.306275 -3.198774
3291.130667 23.754319 -2.429802
3291.878468 24.190029 -1.682001
3292.653791 24.641773 -0.906678
3293.405821 25.079946 -0.154648
3294.179035 25.530463 0.618566
3294.939549 25.973579 1.379080
3295.693688 26.412981 2.133219
3296.443598 26.849918 2.883129
3297.214703 27.299206 3.654234
