0,0
-0.0021209,4.22853346
0,-0.072036347
0,6.15190379
0.2097151,11.39614926
0.2393696,4.379809777
0.2309114,-0.216109045
0.2266696,-3.047137567
0.2139442,-0.547476245
0.218186,3.061544681
0.4279138,11.16563298
0.423672,-0.036018176
0.4194429,-0.835621637
0.1567561,-8.608344096
-0.2351405,-9.213449498
-0.2372614,-0.741974384
-0.2372614,0.007203632
0.0338963,7.981626839
0.2817368,11.18004025
0.5931408,14.55854437
0.6206871,-0.072036351
0.6143244,-1.318265172
0.1885315,-8.291384121
-0.2817495,-9.81855491
-0.5147691,-12.17414389
-0.6143371,-8.759620449
-0.6143498,-0.76358529
-0.610108,0.007203632
-0.3686048,7.009136253
0.1864106,9.717702605
0.423672,11.87879271
0.8219313,16.40987814
1.4404975,20.68163255
2.0548346,27.36660371
2.6098627,36.01816611
2.6204545,10.87748763
2.3747222,0.036018171
2.3281132,-0.799603461
1.8536031,-4.54549368
1.1608816,-8.09688596
0.4257929,-9.544816747
-0.2902204,-11.02156211
-0.6312789,-9.991442169
-0.8876157,-12.56314025
-1.6332835,-14.1407366
-2.3662513,-15.95605302
-3.0038929,-19.03200597
-3.0737937,-0.828418
-3.0759146,-0.014407269
-2.7920569,6.908285376
-2.0484973,7.376521588
-1.3134086,8.132903152
-0.5656072,9.119800995
0.1737106,9.955422516
0.7202424,10.40204781
1.0824972,12.27499256
1.5739618,15.43018401
2.1056854,21.19309049
2.6183336,32.74051347
2.6140918,9.638462626
2.4022558,-0.007203637
2.3535386,-0.857232543
1.8493613,-4.703973656
1.158748,-7.916795068
0.4194429,-9.148616775
-0.3262376,-9.73211128
-1.1100435,-10.63256577
-1.8599531,-11.39615119
-2.3937849,-11.518613
-2.4340439,-11.71311118
-3.061081,-17.74975858
-3.1352363,-0.878843445
-3.1352363,-0.093647253
-2.9763466,6.015034746
-2.3196423,7.189227104
-1.6311753,7.419743392
-0.9596374,8.464270312
-0.2160778,8.615546625
0.4639183,9.645666267
0.840994,10.13551336
1.2625705,12.39745433
1.7137761,15.45179491
2.1840571,21.29394135
2.6331672,32.76212437
2.6268045,8.939710144
2.4043767,-0.014407269
2.3620095,-0.857232543
1.8557113,-4.776010007
1.1587607,-7.837555075
0.4130802,-9.011747696
-0.3431794,-9.530409473
-1.1248771,-10.22195852
-1.8769076,-10.95672939
-2.5675082,-12.10210753
-2.6246963,-9.789740366
-3.061081,-17.15906036
-3.1267654,-0.814010731
-3.1246445,-0.014407269
-2.7623897,6.893878107
-2.0124801,7.210838006
-1.2583287,7.880775967
-0.4681601,8.356215808
0.2880995,9.242262774
0.8854948,9.984237055
1.2540869,11.98684722
1.7603851,15.30051861
2.2793833,22.28083905
2.8280614,38.19366299
3.4021395,53.08357
3.9804721,67.53405524
4.5736129,81.30019598
5.1625373,94.2739383
5.7620281,106.7938533
6.2662181,117.1382725
6.3657734,111.6995282
6.3509525,85.44948823
6.2556136,50.01482288
5.9209178,21.85582471
5.399786,6.929896278
4.8066452,0.172887232
4.6943645,-0.691548939
4.3702478,-2.845435787
3.7241353,-5.906980757
3.0017593,-6.648955208
2.2772624,-7.088376975
1.5464282,-7.484576929
0.834644,-7.988831424
0.1037971,-8.385031387
-0.6334125,-8.95411861
-1.3621385,-9.804147636
-2.0633182,-11.677093
-2.3768431,-10.36603124
-2.5230201,-14.34964206
-3.1458281,-21.53166811
-3.7432107,-32.49560563
-4.3130597,-43.8341353
-4.810887,-54.23619469
-5.141341,-61.25974762
-5.440045,-68.37694948
-5.9654059,-81.37233048
-6.3107062,-87.5458589
-6.3107062,-49.15042294
-6.0861448,-18.72945322
-5.4824122,-5.273060847
-5.0078894,-0.777992559
-4.9062005,-0.007203637
-4.3109388,3.169599212
-3.5462083,4.869656914
-2.7772106,4.912878717
-2.0082383,4.898471448
-1.2583287,5.445947648
-0.5126609,6.310383748
0.2499741,6.742601794
0.9998837,7.340503417
1.756156,8.03205228
2.4869902,9.984237055
2.6225754,11.79955274
3.0759019,15.69671844
3.5864419,21.35877405
4.1584118,29.83024601
4.7367317,41.61538818
5.2154836,56.05146626
5.6751855,74.46394911
6.069203,95.45533412
6.4441578,115.2365129
6.9059679,128.0661879
6.9779896,93.769684
6.8869052,56.04426263
6.5373631,25.17669941
6.0056522,8.55071392
5.3976651,1.145377913
5.1964336,-0.381792645
4.9485804,-2.017017761
4.2516171,-5.352300831
3.5122993,-6.079868008
2.7644979,-6.368013426
2.0251801,-6.627344302
1.2562078,-6.778620646
0.4999355,-7.239653323
-0.2690368,-7.8015369
-1.02743,-8.168922315
-1.7646269,-9.85457309
-2.4403939,-12.44067843
-2.6945971,-9.681685826
-2.9827093,-15.05559844
-3.6944808,-19.60109331
-4.3787314,-26.44454912
-4.9888267,-36.38557098
-5.4908831,-49.33051396
-5.8870342,-64.37172234
-6.3297689,-84.70041681
-6.4039115,-81.53801443
-6.3530734,-50.26698751
-6.1179202,-20.05492246
-5.5014749,-6.670566114
-4.9019714,-1.001305237
-4.770628,-0.10085089
-4.3448351,2.16829402
-3.5928046,4.379809782
-2.8217114,4.40862432
-2.0569682,4.379809782
-1.3028168,4.29336617
-0.5529072,5.172209548
0.2224278,5.438744016
0.9765792,5.878165698
1.7349597,6.238347406
2.4785193,8.197735858
2.855595,10.36602964
3.1860617,13.35553759
3.6499927,17.74255027
4.2028999,23.80080557
4.8129952,32.74051347
5.3913151,45.08033511
5.8361834,60.36644165
6.2704599,79.7153969
6.6432938,101.5640152
6.9716396,122.0655591
7.0542531,119.5803048
7.0267195,93.39509509
6.9483351,57.11040012
6.6496438,26.57420413
6.1560583,9.573629925
5.5607966,2.0386286
5.2726971,-0.072036347
5.1328828,-1.130970666
4.5036994,-4.487864598
3.7961697,-5.734093507
3.0822646,-6.036646195
2.3620095,-6.274366164
1.6120872,-6.447253414
0.874903,-6.699380657
0.1673479,-7.1748206
-0.5846826,-7.43415148
-1.3134086,-8.226551402
-1.9997674,-10.22195852
-2.6713053,-12.82247115
-2.895854,-9.76812946
-3.1352236,-15.1276348
-3.8237033,-19.55066784
-4.4888785,-26.02673811
-5.0693193,-35.15374858
-5.5862093,-47.7313054
-5.9781186,-63.18312085
-6.3848488,-84.12412478
-6.3890779,-48.23556038
-6.1285247,-18.70784231
-5.493004,-6.130293457
-4.9104423,-0.92926889
-4.7791116,-0.086443621
-4.3024679,2.333977616
-3.525012,4.307773439
-2.7454479,4.307773439
-1.9764756,4.235737097
-1.2117324,4.185311656
-0.4597019,4.927285987
0.3325876,5.251449527
1.0994517,5.611631235
1.8663031,6.065460187
2.5886791,8.471473949
2.9361003,10.42365871
3.332226,13.70851563
3.8194615,18.27561913
4.4020232,24.40591071
5.0142394,33.4392658
5.5989093,46.05282541
6.0543821,62.03048058
6.4505205,82.52481348
6.8212335,105.7925482
7.1983092,129.0819007
7.5753722,139.2390292
7.9439897,148.6685924
8.4439252,158.2206196
8.8909017,166.6704918
9.4247462,176.7267789
9.9543489,180.2709725
10.0411915,173.9677829
10.0242497,146.2913914
9.952228,105.5116065
9.753092,63.15424713
9.3844999,29.84465327
8.8845517,9.868978909
8.2914109,1.253432431
8.0604868,-0.10085089
7.891018,-1.620817837
7.2131301,-4.891268171
6.4971168,-6.339198883
5.7705117,-6.735398833
5.0375439,-7.030747888
4.2876343,-7.333300585
3.5567874,-7.743907813
2.8344114,-8.320198664
2.1183854,-9.004544059
1.3748385,-9.62405674
0.6694043,-10.89189667
-0.040259,-12.36864207
-0.7393178,-13.83818387
-1.0909808,-10.35162397
-1.2498578,-15.01237662
-1.9701129,-17.15906036
-2.6776553,-19.55787148
-3.3703641,-22.80671196
-4.0673274,-27.30178208
-4.7134399,-33.5905588
-5.2493926,-42.46544349
-5.7090818,-53.58066316
-5.9696477,-62.570811
-6.3001144,-76.68275496
-6.5585594,-88.01409625
-6.9080888,-97.71741649
-7.2279764,-105.5261788
-7.5859767,-113.9256437
-8.1198085,-125.7684624
-8.7044911,-137.4095851
-9.2849319,-148.7409568
-9.8674936,-156.8450888
-9.9373944,-111.4763999
-9.8230055,-64.03315107
-9.3760163,-26.6822692
-8.7574501,-9.256671315
-8.0943958,-2.269144986
-7.8486508,-0.525865339
-7.5944603,1.174192451
-6.8593716,4.307773439
-6.1073411,4.869656914
-5.3680233,5.251449527
-4.611751,5.460354918
-3.8321869,5.618834872
-3.0759146,5.770111189
-2.3154132,5.993423844
-1.5676118,6.79302723
-0.8155813,8.010441378
-0.0656717,9.724906238
0.6672961,11.05037485
0.8388858,11.6194619
1.4299184,13.8958101
2.0569555,15.90562381
2.7073098,18.26121186
3.3174051,21.00579603
3.9974012,24.14657994
4.7070772,27.71237808
5.3891942,31.81844854
6.0607321,36.91862012
6.6898901,43.9925867
7.2745727,53.78952591
7.7342746,64.93354417
8.2363183,79.27597533
8.6663657,96.20451196
9.0349578,114.0623204
9.3527245,131.0845117
9.6238695,144.4688707
9.8208973,155.5264578
10.058146,165.7556292
10.3843836,179.1832219
10.4903016,172.5054431
10.4775889,143.7124887
10.3992045,101.8593642
10.1894894,59.90540922
9.7848674,27.87085799
9.282811,9.760924404
8.6494112,1.959388621
8.3125945,-0.057629077
8.1770093,-1.030119776
7.5075923,-4.228533731
6.7703954,-5.424337187
6.0289567,-5.72688987
5.2917471,-5.921388027
4.5143039,-6.202329808
3.7643943,-6.612937032
3.0229556,-7.196431506
2.2666833,-7.902387799
1.5061692,-8.730805901
0.7795641,-10.16432943
0.065659,-11.64107482
-0.669417,-13.17544933
-1.3727303,-14.2992166
-1.4722856,-9.969831262
-1.9362166,-16.21538394
-2.6607135,-18.25401317
-3.3809686,-20.6816389
-4.1223946,-23.46224299
-4.8617251,-26.71828737
-5.5586757,-30.60104857
-6.2238509,-35.43469053
-6.8678425,-41.85313401
-7.401687,-48.71100072
-7.8931516,-58.16218051
-8.2342101,-66.92181293
-8.5392514,-75.81831715
-8.8104091,-85.6368914
-9.1091004,-99.14374006
-9.4904052,-120.682677
-9.9628198,-144.865382
-10.0390833,-140.903364
-10.005187,-107.3775187
-9.8907981,-62.63564388
-9.4734634,-27.43865123
-8.8718517,-10.66138032
-8.2193892,-3.54418839
-7.8168881,-0.76358529
-7.6855447,-0.007203637
-7.0754494,3.234431922
-6.3382525,4.120478946
-5.5968138,4.430235222
-4.8659669,4.660751519
-4.1033446,4.739991494
-3.3682559,4.848046012
-2.6162254,4.956100525
-1.8896076,5.417133114
-1.1608816,6.396827356
-0.4067302,7.916794134
0.2859786,9.609648096
1.0147046,10.99994941
1.2286615,11.10080028
1.7985232,13.43477756
2.3810722,15.14203868
3.0165929,17.27431412
3.6351718,19.73795663
4.2770298,22.43931897
4.9591595,25.45043745
5.6349392,28.80012658
6.3064644,32.84136432
6.9313933,38.27290295
7.533005,45.93036367
8.0181323,55.25906677
8.4947633,67.81499688
8.9015062,82.97143868
9.2362147,98.25754742
9.5709105,116.7276653
9.9246944,134.3909811
10.1619558,150.195764
10.5008807,163.5873328
10.7381548,176.7267789
10.8207683,171.799486
10.7995847,142.8840702
10.7106085,101.095779
10.4585262,59.54522764
10.0750878,28.12298512
9.5264351,10.07068066
8.918448,2.247533999
8.5519641,-0.057629077
8.4057998,-0.900454351
7.7702791,-3.88275924
7.0351904,-5.22983903
6.2916435,-5.532391718
5.5502048,-5.690871695
4.8045243,-5.935795296
4.0334184,-6.34640252
3.2580834,-6.821842458
2.537841,-7.563816922
1.8112232,-8.543511372
1.0719054,-9.840165816
0.3453003,-11.23046756
-0.3855593,-12.67839842
-1.1121517,-14.16955115
-1.6926052,-13.35554024
-1.7137888,-12.48390026
-2.3810849,-17.08702399
-3.0970982,-19.08963507
-3.8300533,-21.28674444
-4.5778547,-23.90886853
-5.3129434,-26.92719288
-6.0056522,-30.74512134
-6.6475356,-35.42748689
-7.3105899,-41.77389396
-7.8274672,-48.79024078
-8.30199,-58.91135951
-8.6472903,-68.67950264
-8.9925906,-82.25117575
-9.2976446,-95.34741441
-9.6238822,-113.9472547
-10.0348415,-139.2393166
-10.1280595,-136.2786094
-10.0899214,-102.4934397
-9.945878,-58.34227167
-9.4967679,-24.87415603
-8.8676099,-9.847369453
-8.2109056,-3.09035938
-7.8825598,-0.734770751
-7.7215492,0.208905404
-7.0373113,3.407319146
-6.2852808,3.947591723
-5.539613,4.271755268
-4.7981743,4.430235222
-4.0291893,4.466253393
-3.2729297,4.603122446
-2.5145365,4.660751519
-1.7731105,5.32348587
-1.0464927,6.555307305
-0.2880995,8.03205228
0.4448556,9.674480801
1.1735943,11.02876394
1.3854303,11.26648386
1.9828256,13.46359209
2.5780873,15.10602051
3.213608,17.23829595
3.8533578,19.56506944
4.5164121,22.05752643
5.2133627,24.84533231
5.8785379,27.96450521
6.5564258,31.67437589
7.1919465,36.72412206
7.8168881,44.23751019
8.3316572,53.63104601
8.7913464,66.39588141
9.1980766,81.83326477
9.5560769,98.34399103
9.8971481,116.8501271
10.2297357,136.5448687
10.4987725,154.820501
10.839831,169.9697604
11.204194,182.1006986
11.6045742,191.5590877
12.1341769,199.5983608
12.3735465,186.8190874
12.5917452,202.0548058
13.0810889,212.0246613
13.6403588,215.3599534
13.7780649,205.6710391
13.7716895,177.0653502
13.6911969,134.8592175
13.4857109,89.73564962
13.165836,51.03053496
12.7315722,22.84992604
12.1892568,6.670565451
11.6405914,0.072036347
11.4647599,-0.619512592
11.1258223,-2.83823215
10.4585135,-5.28026448
9.7298002,-6.043849828
8.9862406,-6.418438871
8.2553937,-6.757009739
7.4927714,-7.297282405
6.7703954,-7.75111145
6.0374276,-8.219347765
5.3086889,-8.802842257
4.5630211,-9.652871283
3.830066,-10.66138031
3.1288736,-11.75633299
2.4170894,-12.86569297
1.6904716,-13.96784933
0.9596374,-15.05559844
0.3516503,-14.64499117
0.3368167,-12.5127148
-0.2648077,-17.20228218
-1.0020046,-18.58538047
-1.7434433,-20.13416246
-2.444623,-21.84142452
-3.1436945,-23.6927594
-3.8745541,-25.86825807
-4.5948092,-28.35351329
-5.3002307,-31.23496879
-6.0035313,-34.81517752
-6.6517647,-39.61280177
-7.302119,-45.8871731
-7.76605,-51.37634842
-8.189722,-59.45163283
-8.4057998,-63.80263434
-8.6621112,-70.70372736
-8.977757,-79.88837869
-9.2552647,-89.37558639
-9.5243142,-101.3120402
-9.9395153,-121.6263566
-10.3801418,-145.1535288
-10.8737273,-164.0127464
-11.456289,-175.0343765
-12.0663843,-184.168648
-12.6828296,-192.3592413
-13.3098794,-199.8510807
-13.9369292,-206.5793319
-14.5343118,-210.1379586
-14.6508343,-198.3166941
-14.6190589,-160.6558332
-14.5088991,-108.2779759
-14.1720697,-57.68674007
-13.6848342,-22.54738102
-13.0599053,-6.151904363
-12.4328682,-0.842825274
-12.2358531,-0.086443621
-11.8333647,2.333977616
-11.0961551,4.718380592
-10.3568373,5.3090786
-9.5963359,5.842147527
-8.8421845,6.202329235
-8.1028667,6.829045401
-7.3508362,7.434150661
-6.6009139,8.046459545
-5.857367,8.795637472
-5.1413537,9.667277169
-4.3638978,10.61095319
-3.6139882,11.5330183
-2.855595,12.36143616
-2.5251283,10.99994941
-2.027301,13.49961026
-1.298575,14.47210077
-0.6397625,15.45179491
0.0974344,16.54674717
0.8113395,17.71373574
1.5082901,18.91674247
2.2306661,20.20619278
2.9424503,21.60369756
3.6351718,23.27494038
4.3448351,25.10466308
5.088382,27.01362572
5.8022871,29.16751183
6.4971168,31.60954321
7.1644256,34.56303242
7.8401799,38.1504412
8.4926551,43.43070342
9.0688541,50.33178268
9.5412687,58.97614073
10.0878005,69.16927966
10.4924225,79.67217511
10.9499908,91.30604154
11.3440083,101.8737714
11.6893213,113.0466079
11.9985917,124.896588
12.3290711,138.288149
12.6404751,152.0470995
13.0620262,164.5382135
13.3607302,178.2827662
13.6467088,194.8223408
14.0703935,205.6998537
14.1847951,198.172038
14.1763115,170.2434989
14.1085189,128.7649407
13.8903329,84.61386687
13.5153781,48.04823141
13.0916807,22.33126448
12.5409198,7.722296018
11.9096282,1.145377913
11.6278787,-0.050425445
11.4287427,-1.260636094
10.7381548,-4.077257392
10.0306124,-4.912879078
9.2955237,-5.172209948
8.5710395,-5.510780812
7.8062963,-5.928591664
7.0584949,-6.267162527
6.3403607,-6.944304263
5.6222265,-7.787129626
4.9125632,-8.774027718
4.1668827,-9.861776722
3.4635821,-10.93511848
2.7475561,-11.9580348
2.0188301,-12.96654387
1.2858623,-13.95344206
0.5804281,-14.91152571
-0.1292225,-15.92723847
-0.4851146,-10.78384213
-0.6757797,-16.66921305
-1.4045057,-17.87222041
-2.1247608,-19.18328235
-2.8407614,-20.59519525
-3.5568001,-22.13677366
-4.2579798,-23.78640669
-5.0100103,-25.63053801
-5.7302654,-27.4746694
-6.4166242,-29.3260045
-7.1601711,-31.42226341
-7.8804389,-33.88590802
-8.5985731,-36.86101121
-9.2616274,-40.54207139
-9.8505518,-44.84984872
-10.3992045,-51.16023914
-10.8737273,-58.9761923
-11.2889284,-66.96503481
-11.5473734,-73.02330178
-11.8291229,-80.11169182
-12.138406,-88.92895999
-12.4540518,-98.84839021
-12.8692656,-113.5366462
-13.3692011,-133.8005482
-13.8373612,-156.1607398
-14.3012922,-179.8608443
-14.7461478,-197.0776589
-14.8584285,-188.9663037
-14.8245322,-152.4868664
-14.7037933,-101.1391526
-14.3351758,-53.14844463
-13.8437112,-20.9121553
-13.1954778,-6.764213376
-12.4837063,-1.332672441
-12.2591576,-0.172887237
-11.9583454,1.584799622
-11.2232694,4.034035335
-10.481818,4.473457026
-9.7298002,4.941693256
-8.9777697,5.417133114
-8.2384519,6.000627481
-7.4970132,6.432845527
-6.7365118,7.088376228
-5.9908186,7.808739625
-5.2726844,8.910895614
-4.5100748,9.883386178
-3.7516816,10.83426583
-2.9890593,11.73472004
-2.2306788,12.53432337
-1.9510502,11.06478211
-1.4362811,13.53562843
-0.6884924,14.44328624
-0.0127127,15.23568591
0.7244969,16.22258367
1.4320266,17.23109232
2.1755862,18.36926636
2.8831286,19.59388397
3.5610165,20.96977787
4.266438,22.62661343
4.9845849,24.36268892
5.6900191,26.12037528
6.3975615,27.99331974
7.0987539,30.19042763
7.7893418,32.91340065
8.5095969,36.27029323
9.1281758,40.70052693
9.7128457,46.80200312
10.2657529,54.33700192
10.7889929,64.67421343
11.2741075,75.61653024
11.6935504,88.02118503
12.1214769,102.1331022
12.4921772,116.3314654
12.8417193,131.7688572
13.1531233,146.5291115
13.4920609,159.2939622
13.729335,172.7575706
14.0640435,186.2067773
14.358493,200.3115222
14.4686528,194.037143
14.4559401,166.1158113
14.3754475,124.7453117
14.1487652,81.40104685
13.7801604,45.9159564
13.3331966,21.20749775
12.7654558,7.527797901
12.1405269,1.188599721
11.8714901,-0.050425445
11.6766086,-1.188599743
10.9902371,-3.940388322
10.2466775,-4.689566387
9.5031306,-4.934489984
8.8040591,-5.222635398
8.0541368,-5.676464425
7.2893936,-6.08707164
6.5712594,-6.764213376
5.8594879,-7.607038734
5.1561746,-8.4282532
4.4083859,-9.58803856
3.6923726,-10.63256577
2.967863,-11.61946391
2.2581997,-12.57034388
1.5188946,-13.48520569
0.8028686,-14.40727115
0.0910971,-15.32933663
-0.6312789,-16.27301303
-0.8473694,-11.58344573
-1.1672316,-17.02939489
-1.8811367,-18.1819768
-2.5865582,-19.39218783
-3.2941006,-20.71045344
-4.0376729,-22.12957003
-4.7748698,-23.67114849
-5.4951249,-25.3063743
-6.2132591,-26.97761835
-6.9292724,-28.74250977
-7.6686029,-30.78834318
-8.3888453,-33.17274772
-9.0773377,-36.09742539
-9.7425129,-39.61280177
-10.3737791,-43.45234231
-10.9351572,-49.76273249
-11.41603,-57.49224161
-11.8100602,-65.53871292
-12.1299351,-73.34746592
-12.509119,-84.00166272
-12.8586611,-93.99312758
-13.1573524,-104.3231682
-13.5662162,-121.5687273
-14.0195427,-142.9780206
-14.464411,-167.3984752
-14.8838539,-188.8294336
-14.9431629,-182.6270592
-14.9198584,-147.1057236
-14.8033486,-97.16273526
-14.4538192,-50.69920607
-13.9411583,-20.14856975
-13.2950585,-7.023544256
-12.5896243,-1.592003299
-12.3671965,-0.295349029
-12.0981597,1.303857876
-11.3906173,3.753093597
-10.6407077,4.149293485
-9.8865563,4.574307907
-9.1514676,5.078562304
-8.4206207,5.662056676
-7.6834238,6.022238383
-6.9208015,6.620140011
-6.1836046,7.484576097
-5.4527577,8.529103018
-4.7028481,9.523204493
-3.9381049,10.40204781
-3.1924244,11.27368749
-2.4467566,12.13091989
-1.7307306,12.09490172
-1.6375253,12.76483964
-0.9130284,13.8093665
-0.1779524,14.6305807
0.4681728,15.42298037
1.2159615,16.32343453
1.9489166,17.31753592
2.6458799,18.43409905
3.3301178,19.56506944
4.0270684,20.89053791
4.7515526,22.4465226
5.4294532,23.98810002
6.1391165,25.60891737
6.8339462,27.38821462
7.5372468,29.44124987
8.242681,31.89048486
8.8866726,34.99525035
9.5221933,39.18056058
10.1386386,45.04431695
10.668254,52.59372304
11.2380903,62.93093454
11.7041422,74.84574161
12.1278269,87.15674912
12.5197235,101.1894262
12.9116328,117.1598834
13.2696331,133.7282464
13.5916416,146.9469226
13.8458448,162.2618626
14.1339443,175.5525847
14.4453483,192.2578417
14.7991195,202.9120404
15.3075386,210.0436565
15.8201995,216.1163372
16.3985194,222.2322414
16.9874184,225.5531277
17.5488092,231.5033502
18.1165373,234.5000731
18.2393971,224.3789314
18.2288053,194.8151372
18.1610127,151.6076775
17.8919759,105.0649812
17.6165891,63.47120692
17.1886753,32.41635001
16.6484935,12.76483964
16.0468564,2.557290284
15.6443553,0
15.4685365,-0.785196192
14.9368129,-3.500966577
14.1974951,-5.071359054
13.424281,-5.460355363
12.6786132,-5.870962582
11.9435245,-6.411235239
11.1575977,-6.980322443
10.3822627,-7.686278727
9.647174,-8.399438657
8.9438607,-9.285485858
8.2193765,-10.18594034
7.4419206,-11.04317302
6.7131946,-11.8571839
5.9950604,-12.62076933
5.2599844,-13.36994751
4.4825285,-14.13353296
3.7495607,-14.92593298
3.0271974,-15.74714755
2.3132923,-16.58997305
2.1183981,-13.45639115
1.7095343,-17.16626399
0.9892919,-18.18918044
0.2478532,-19.1544678
-0.4935982,-20.24221702
-1.239266,-21.30835535
-1.9785838,-22.52577009
-2.7073098,-23.80081397
-3.4360358,-25.07585788
-4.1795954,-26.38692001
-4.9337468,-27.84205495
-5.6624855,-29.54211366
-6.3615443,-31.5879471
-7.1262875,-33.92912986
-7.8613635,-36.70973477
-8.5562059,-40.17468572
-9.2001975,-44.81383051
-9.7721547,-50.87929707
-10.3123492,-57.29774322
-10.7466257,-63.52889581
-11.0792133,-69.94014079
-11.4456972,-77.48956359
-11.7867557,-85.78816806
-12.1362978,-93.69057416
-12.4815854,-102.1548678
-12.9010283,-113.7023303
-13.3946138,-128.9380744
-13.8627866,-145.8522848
-14.3542512,-165.5615372
-14.8181822,-185.7894775
-15.2651587,-202.4876327
-15.9091503,-210.2099956
-16.5849173,-215.4542891
-17.2501052,-220.3888253
-17.9470431,-225.1288632
-18.6461146,-229.8544953
-19.2689226,-232.3109603
-19.3960242,-219.790918
-19.3578861,-182.6414668
-19.2625726,-130.4220294
-18.9448186,-76.94929005
-18.5105421,-36.93304764
-17.9449349,-13.47079842
-17.2500925,-3.587410202
-16.7543861,-0.770788922
-16.5616255,-0.014407269
-16.0510728,3.090359233
-15.2969341,4.739991494
-14.5660872,5.337893135
-13.8225403,5.8997766
-13.0747389,6.562510942
-12.3608465,7.109987129
-11.6363496,7.902386869
-10.9097445,8.701990232
-10.1831267,9.537611758
-9.4268671,10.25797514
-8.6960202,10.96393124
-7.9694024,11.61225827
-7.2046719,12.18854896
-6.4611123,12.75043237
-5.7217945,13.29790852
-4.9994185,13.38435212
-4.9295177,13.32672306
-4.2219626,14.33523174
-3.4762948,14.88270788
-2.7242643,15.43738764
-2.014601,16.01367831
-1.2837541,16.61157986
-0.5507863,17.25990685
0.1779524,17.9874738
0.8854821,18.80148434
1.609979,19.7091421
2.3090378,20.63841075
3.0144847,21.65412299
3.7220144,22.83551878
4.4465113,24.03132181
5.1773582,25.3279757
5.8594752,26.6318332
6.5712594,27.95730158
7.2639809,29.41243534
7.9948151,31.06927078
8.6621239,33.09349145
9.2955237,35.62916998
9.952228,39.05809884
10.5792651,43.92775402
11.2105567,50.05084104
11.7655721,57.62185797
12.3057666,66.71284122
12.8035812,75.89026825
13.3268339,85.46389548
13.7844022,96.0604393
14.2780004,106.5921515
14.7800568,117.6641379
15.2524587,128.7937552
15.6591889,138.3097599
16.0637982,147.4943992
16.4048694,158.0549358
16.8221914,168.845992
17.1971462,180.1701214
17.500092,191.5014586
17.870805,202.6455052
18.2203344,215.1150291
18.6906154,222.2250378
18.8007752,213.7679457
18.7838334,185.2414886
18.7012072,143.3234922
18.4745503,98.38721284
18.1356,60.13592544
17.7034444,31.8544667
17.1950253,13.99666096
16.57223,4.430235222
15.9600138,0.136869057
15.7714696,-0.569087147
15.4685238,-2.024221393
14.782165,-3.969202865
14.0386181,-4.372606434
13.2908167,-4.739991832
12.5409071,-5.222635398
11.8100602,-5.935795296
11.0580297,-6.785824282
10.2848156,-7.700686001
9.5751523,-8.629955002
8.8697181,-9.53761311
8.143113,-10.32280942
7.3868407,-11.03596939
6.6708274,-11.70590754
5.9442223,-12.33982752
5.2260754,-12.98095115
4.4761658,-13.56444569
3.7559107,-14.18395842
3.0187138,-14.78906389
2.2984587,-15.43739118
1.5803245,-16.14334757
0.840994,-16.84930397
0.7456805,-14.40727115
0.3325876,-17.03659853
-0.4003802,-18.22519862
-1.1312271,-19.06082052
-1.809115,-19.75957332
-2.5166574,-20.83291528
-3.2623379,-21.89905362
-3.988943,-22.97959927
-4.7430944,-24.05294129
-5.4739413,-25.11187607
-6.1941964,-26.2140327
-6.944106,-27.38822574
-7.6982574,-28.67767702
-8.4227543,-30.06077565
-9.1345258,-31.61676166
-9.8611436,-33.46809694
-10.5919778,-35.74444704
-11.2677448,-38.49623751
-11.9562372,-42.03322503
-12.5620907,-46.7516101
-13.0832225,-52.44248756
-13.5725662,-58.50795542
-13.9369292,-64.68147908
-14.2907004,-71.39527748
-14.676247,-80.23415386
-15.080869,-89.54127038
-15.4748865,-98.37294903
-15.9642302,-109.8627804
-16.4895911,-123.2904025
-17.0128438,-137.0998274
-17.5509047,-151.9970165
-18.0762656,-168.7167485
-18.5910347,-187.0573264
-19.0782702,-205.5059812
-19.5464303,-216.3763629
-19.6290565,-206.6081468
-19.5972811,-169.5307644
-19.4892295,-117.6499359
-19.18843,-67.62056668
-18.6906027,-32.01296183
-18.0720238,-12.23177299
-17.3539023,-3.918777415
-16.8433623,-0.756381653
-16.6844853,0
-16.1400617,2.859842932
-15.3498931,4.048442604
-14.6317589,4.660751519
-13.8776075,5.489169456
-13.1319397,6.259958308
-12.3989719,6.749805426
-11.6554123,7.671870581
-10.9224445,8.413844876
-10.1788976,9.263873676
-9.4183962,10.02745885
-8.6748366,10.72621133
-7.9333979,11.35292746
-7.1601838,11.90040361
-6.4123951,12.44787977
-5.645531,12.95933775
-4.8977423,13.43477756
-4.2304335,11.23046568
-4.0779192,13.80216286
-3.3449514,14.38565717
-2.5696164,14.83228244
-1.8218277,15.31492587
-1.093089,15.82638384
-0.3686048,16.35224907
0.3707257,16.94294699
1.1290935,17.59847761
1.8790158,18.30443365
2.5865582,19.14725872
3.2898715,20.01889832
4.035552,21.00579603
4.7875698,22.06473007
5.4739413,23.10925682
6.2196091,24.16819083
6.9271642,25.23432847
7.6474066,26.32928063
8.3994371,27.51788
9.0413205,28.8937738
9.7446211,30.62984921
10.4309799,32.71890257
11.1681895,35.44187554
11.8418356,39.18056058
12.45616,44.32395377
13.0450971,51.00172043
13.5895207,59.61726395
14.1275816,69.51505399
14.6550634,79.75861869
15.127478,90.90984174
15.5913963,102.5293021
16.07439,115.0132002
16.5722173,126.2364643
17.0149647,137.1787888
17.2967142,149.4393818
17.6801399,162.9966341
18.0190902,175.6318248
18.3728487,189.1674765
18.6906154,202.3933774
19.0528702,212.7882486
19.1587882,205.7646866
19.1333628,177.6344382
19.0465075,136.3359632
18.7689998,92.55947367
18.4279413,56.02985537
17.9809521,29.62854431
17.4322994,13.00255955
16.8200705,4.314977072
16.220567,0.115258155
16.0235646,-0.576290784
15.7248606,-1.988203222
15.0363936,-3.724279268
14.2801086,-4.091664661
13.5174863,-4.444642785
12.7781812,-4.927286351
12.0409716,-5.60442807
11.3058829,-6.526493403
10.5602151,-7.506187835
9.8229928,-8.392235024
9.1069922,-9.249467678
8.4100289,-10.03466399
7.6537693,-10.76943485
6.9102097,-11.40335483
6.1963046,-12.03007116
5.4718204,-12.60636206
4.7367317,-13.16824569
4.001643,-13.72292569
3.2559625,-14.31362388
2.5357074,-14.87550753
1.8133441,-15.53103845
1.0761472,-16.18656939
0.3537712,-16.86371125
-0.1546479,-17.36796583
-0.1800606,-15.7759621
-0.8791321,-18.16756952
-1.6015081,-18.83750777
-2.2582251,-19.68033331
-2.9784675,-20.64562071
-3.717798,-21.63251904
-4.4825285,-22.61941738
-5.2239672,-23.56309392
-5.9315223,-24.54999231
-6.6771901,-25.54409435
-7.4228706,-26.60302916
-8.1494757,-27.74840766
-8.8909144,-28.95141529
-9.6175195,-30.29849573
-10.3462455,-31.74642716
-11.0622715,-33.43928238
-11.7888766,-35.5931706
-12.4604145,-38.52505208
-13.1171061,-41.99720683
-13.735685,-47.03975577
-14.2525623,-53.11242635
-14.6847179,-59.88385149
-14.9982428,-65.89169156
-15.3795603,-74.31275471
-15.8328868,-84.71482411
-16.2311461,-94.29568102
-16.7099107,-106.4626542
-17.2161962,-120.6538623
-17.7436907,-135.5942611
-18.2563389,-151.766499
-18.7626371,-170.6689457
-19.2710435,-191.3867432
-19.7031991,-207.1340166
-19.804888,-199.3108037
-19.764629,-162.9826207
-19.6438774,-112.1751548
-19.3091689,-64.13400209
-18.8113543,-30.45697581
-18.1906545,-12.03007117
-17.5000666,-4.098868298
-16.9916475,-0.741974384
-16.8306496,-0.043221808
-16.3031678,2.730177512
-15.5363164,3.81072267
-14.7969986,4.401420684
-14.0661517,5.273060429
-13.331063,6.007831114
-12.589637,6.483270967
-11.8566692,7.268467079
-11.1321723,8.046459545
-10.3970836,8.889284712
-9.647174,9.645666267
-8.8972644,10.35162237
-8.1579466,10.95672761
-7.3995661,11.5114074
-6.639052,12.03727265
-5.8870215,12.5199161
-5.1540537,12.95933775
-4.3829732,13.40596303
-3.7326189,11.26648386
-3.5631374,13.7661447
-2.8111069,14.25599177
-2.0717891,14.67380251
-1.3091668,15.14203868
-0.5656199,15.60307121
0.099568,16.08571464
0.8537067,16.6620053
1.6057372,17.23829595
2.351405,17.87221567
3.0780355,18.60698624
3.7940361,19.40658951
4.5270166,20.33585817
5.2515008,21.33716315
5.9526932,22.28083905
6.6560065,23.30375491
7.3762489,24.30505986
8.1007458,25.38560476
8.7934546,26.48055691
9.4459298,27.71237808
10.1598349,29.1603082
10.8843191,30.9179945
11.5812697,33.20874957
12.2697494,36.18384965
12.9179828,40.23949448
13.5429117,45.8006983
14.1148816,53.01153368
14.6783806,62.07370237
15.193137,72.71346655
15.650718,83.5549329
16.1231199,95.38329778
16.5700964,108.1121183
17.0573319,121.4820646
17.4788957,134.074021
17.8199542,145.5350093
18.1546627,158.9265764
18.4766585,173.1897893
18.8367924,188.3894825
19.1757427,202.9552623
19.6142356,213.6382799
20.1735055,221.3101733
20.73275,226.7561387
21.2771863,232.4182151
21.8830525,238.1379223
22.4253552,240.7672593
22.9168325,245.6009179
23.0566341,235.631048
23.0460423,206.7371797
22.952837,164.1348096
22.694392,117.5128616
22.3999298,75.09786873
22.0228668,42.59508212
21.5335104,20.49433809
20.9975577,7.383725221
20.3556743,0.929268872
20.0824084,-0.050425445
19.9086978,-0.986897967
19.2435226,-3.688261092
18.5084339,-4.358199165
17.7691161,-4.862453633
16.9916729,-5.445948093
16.2375088,-6.209533445
15.5130246,-7.117191518
14.8075904,-7.981627787
14.0513181,-8.817249531
13.318363,-9.616853103
12.5790452,-10.30840215
11.8545483,-10.91350757
11.1258096,-11.47539119
10.3483664,-12.00846026
9.6196277,-12.51991843
8.9036144,-12.99535842
8.1748884,-13.49240933
7.401687,-13.9822566
6.6644774,-14.49371479
5.9336305,-15.04119117
5.2070127,-15.55264936
4.4782867,-16.12173666
3.7347271,-16.69082396
3.0038802,-17.28872582
2.5124156,-17.62729675
2.5102947,-16.13614393
1.8175732,-18.39088227
1.0761472,-19.03920961
0.3325876,-19.76677696
-0.4067429,-20.53036251
-1.1672443,-21.36598445
-1.9001994,-22.21601367
-2.6352881,-23.08045019
-3.3788477,-23.84403579
-4.0291893,-24.60762141
-4.7875825,-25.49366889
-5.5247794,-26.42293821
-6.2450345,-27.40983665
-6.9949441,-28.48317878
-7.7300328,-29.66457552
-8.4714715,-30.99004507
-9.1938348,-32.66128933
-9.9204526,-34.62067925
-10.6491786,-37.19237865
-11.3185956,-39.72085638
-11.9498745,-43.83413529
-12.5705616,-49.48899408
-13.0789807,-55.43199949
-13.4624064,-60.69065969
-13.7738104,-65.38743636
-14.1763115,-72.89363612
-14.6190462,-81.66047646
-15.04061,-89.85102741
-15.4685238,-97.35723379
-15.9769429,-106.8804663
-16.5340792,-117.5490845
-17.0890946,-128.3977996
-17.6610645,-139.8732394
-18.1970172,-152.7389948
-18.7350908,-167.6145855
-19.2286763,-184.2550922
-19.6756655,-201.349449
-20.2158473,-213.6605676
-20.8661889,-220.0934735
-21.5377268,-225.208104
-22.2219647,-230.0273844
-22.8871399,-234.7674256
-23.5586651,-239.4138203
-24.1581813,-241.7478239
-24.2874038,-228.5001982
-24.2513993,-190.0324498
-24.1306477,-136.7036259
-23.8361855,-82.62576565
-23.3849545,-41.80270856
-22.8108764,-17.59848221
-22.1245303,-5.856555308
-21.4699342,-0.886047082
-21.2602191,-0.086443621
-20.9064352,2.23312673
-20.169251,4.242940729
-19.4320414,5.107376843
-18.6609482,6.058256554
-17.9025677,6.879470837
-17.1590081,7.614241508
-16.4154485,8.478677582
-15.6358844,9.263873676
-14.8944457,9.948218884
-14.1614779,10.53891685
-13.424281,11.07918938
-12.6362333,11.59064737
-11.8884319,12.04447629
-11.1258096,12.4766943
-10.3737791,12.85848688
-9.6026859,13.18265038
-8.8400636,13.49961026
-8.0880331,13.80216286
-7.3232899,14.0903082
-7.1072248,12.44787977
-6.5500885,14.42887897
-5.7938162,14.75304247
-5.0439066,15.06279871
-4.2664507,15.40136948
-3.4868866,15.76155114
-2.7136725,16.15054734
-2.0379055,16.43869267
-1.2731623,16.89972519
-0.5253736,17.35355408
0.2372614,17.8361975
0.9914001,18.41248816
1.7349724,19.02479696
2.4573357,19.74516027
3.179699,20.54476353
3.9063295,21.51005034
4.6604682,22.41770807
5.3722524,23.26053311
6.1009784,24.1825981
6.8233544,25.08305219
7.5478513,25.9907099
8.2744437,26.92718213
8.9502234,27.81322893
9.647174,28.93699559
10.3356664,30.2264458
11.1067596,31.79683765
11.8121811,33.79944741
12.4752481,36.47199493
13.1446524,40.01618189
13.788644,44.87142979
14.4029811,51.09536765
14.9982428,58.42146109
15.5384373,66.92174654
16.0871154,76.03434089
16.6336599,84.80836493
17.1335954,94.17308743
17.6822735,103.3793308
18.2139844,112.2614117
18.7287535,121.2299374
19.2350517,129.5933588
19.7138163,137.9711889
20.1967973,146.9901444
20.6564992,156.2468219
21.097113,166.0221639
21.5250395,176.1865055
21.9169488,186.7614581
22.2601155,197.9271139
22.6583748,210.9945388
23.0333423,221.2237295
23.4930315,228.2761107
23.6074204,219.7829981
23.5989495,191.3141637
23.5057442,149.5258256
23.2621328,104.9353158
22.9147116,66.6408049
22.4804351,37.71101965
21.972016,18.57817171
21.3936961,7.33329978
20.7645254,1.519966912
20.4107669,-0.014407269
20.2179809,-0.741974384
19.6311901,-2.910268502
18.8939805,-3.551392026
18.1525545,-4.134886474
17.3941613,-4.718380925
16.6484808,-5.863758945
15.9388175,-6.785824282
15.2100915,-7.743907813
14.470761,-8.601140459
13.7250932,-9.350318577
12.9984881,-10.00584944
12.2591703,-10.58934395
11.5431443,-11.08639484
10.8017056,-11.61226027
10.0263706,-12.07329298
9.3124782,-12.51991843
8.5964522,-12.93052569
7.8529053,-13.3483366
7.0796785,-13.75174023
6.3446025,-14.14794024
5.6158638,-14.55134388
4.8998378,-14.98356207
4.1605327,-15.37976208
3.4169731,-15.81918392
2.6840053,-16.2874203
1.9468084,-16.79167488
1.2074779,-17.30313309
0.4893437,-17.87222041
0.3961257,-15.10602389
0.0317754,-17.47602038
-0.7075424,-18.85911868
-1.4680565,-19.49303875
-2.1882989,-20.17738429
-2.9233876,-20.92656257
-3.6627181,-21.7405736
-4.3278933,-22.23762459
-5.0841529,-23.09485747
-5.7853326,-23.87285035
-6.5458467,-24.65084324
-7.2851645,-25.43603978
-8.0329532,-26.25725453
-8.7701628,-27.10728384
-9.5094806,-28.05816411
-10.2509193,-29.03065532
-11.0135416,-30.11120112
-11.7337967,-31.31420882
-12.4667645,-32.6540857
-13.1870196,-34.27490455
-13.8670284,-35.92453803
-14.5533872,-38.57547756
-15.2164415,-42.04763231
-15.8837376,-46.34820616
-16.445103,-51.76534513
-16.9111549,-57.95327483
-17.273397,-62.53479278
-17.6292891,-69.83208609
-18.095341,-78.67816564
-18.6079892,-88.08613276
-19.0570866,-96.49279532
-19.5739766,-106.5635054
-20.1226293,-117.4914553
-20.6924783,-128.3329666
-21.27504,-139.3761863
-21.8703144,-151.305464
-22.4295716,-164.4521708
-22.9761161,-179.5726969
-23.4697016,-196.4509378
-23.9696371,-213.1202901
-24.4526435,-222.80927
-24.5500906,-212.7240866
-24.5267861,-175.819578
-24.4102636,-124.4718033
-24.0925096,-74.52166058
-23.6095159,-38.5610703
-23.0184833,-17.11583854
-22.3469581,-6.404031602
-21.6669493,-1.130970666
-21.4424006,-0.1656836
-21.1415884,1.635225067
-20.4107415,3.637835447
-19.6841237,4.495067932
-18.9426977,5.575613064
-18.1843045,6.353605552
-17.4640621,7.196430737
-16.743807,8.075274084
-15.9832929,8.838859276
-15.2206706,9.530408125
-14.51737,10.09949519
-13.7738104,10.65417499
-13.0069463,11.16563298
-12.2570367,11.6194619
-11.5007771,12.03727265
-10.7487466,12.3902507
-10.0051743,12.71441421
-9.2510483,13.04578135
-8.5053678,13.31231579
-7.7575664,13.58605386
-7.0118859,13.73733016
-6.8953888,13.31951942
-6.2047882,14.14793727
-5.446395,14.42887897
-4.7091981,14.70982067
-3.9550467,14.98355874
-3.1924244,15.27890771
-2.4361521,15.60307121
-1.7010761,15.92723471
-1.0592054,16.17215824
-0.2881122,16.61157986
0.4469765,17.02218696
1.1968861,17.43279405
1.9679793,17.8578084
2.7051889,18.35485909
3.4360358,18.9023352
4.1499409,19.53625491
4.9273841,20.29263637
5.6201056,21.09223963
6.3234189,21.85582471
7.0352031,22.60500253
7.7681582,23.4118094
8.5053551,24.16819084
9.1387549,24.9317759
9.8187637,25.76739728
10.522077,26.6534441
11.244453,27.64754538
11.9435245,28.86495927
12.6383542,30.24085306
13.3353048,31.92650303
14.0576808,34.07318543
14.7715859,36.83217654
15.4113357,40.4916216
16.0489773,45.05872422
16.678148,50.85044417
17.254347,57.87398508
17.7924206,67.00098649
18.3199024,76.80512952
18.8156088,86.1338333
19.3155443,95.77229397
19.8176007,105.7709373
20.3726288,115.2509201
20.8471516,124.1546135
21.2623527,134.4053883
21.6945083,145.8015439
22.0800549,155.6345125
22.4592515,168.6803082
22.8151436,180.7248022
23.1795066,193.6697569
23.5608241,206.9100673
23.9378871,216.498131
24.0395887,208.7325915
24.0247424,180.3141944
23.9188244,139.303862
23.6773339,96.42062097
23.31085,60.34483076
22.859619,33.92190915
22.330029,16.39547087
21.7559382,6.432845527
21.0928839,1.116563374
20.8047844,-0.043221808
20.6141193,-0.857232543
19.9383523,-2.73738126
19.2032763,-3.256042984
18.4491249,-3.86835197
17.7098071,-4.675159113
16.9683557,-5.72688987
16.2396297,-6.648955208
15.5151328,-7.549409652
14.7864068,-8.370624113
14.0513181,-9.127005869
13.3077712,-9.753722186
12.5705743,-10.3588276
11.8545483,-10.8991003
11.1152305,-11.39615119
10.3462582,-11.86438753
9.6132904,-12.31821661
8.8887935,-12.74323115
8.1621757,-13.13943115
7.4059161,-13.51402023
6.6538729,-13.87420205
5.9421014,-14.23438388
5.2133754,-14.61617661
4.4825285,-14.99076571
3.736848,-15.35094754
2.9932884,-15.76875846
2.2560915,-16.17936575
1.5337155,-16.58997305
0.8028686,-17.05820944
0.0572008,-17.56966766
-0.6990715,-18.08832952
-1.1100435,-17.77857313
-1.1227562,-17.1086349
-1.8345277,-19.08243143
-2.5717373,-19.70194423
-3.3089342,-20.3358643
-4.048252,-20.96978439
-4.7282608,-21.58929721
-5.4506241,-22.3168646
-6.1772419,-23.00121018
-6.9292724,-23.68555576
-7.679182,-24.36990136
-8.4206207,-25.08306152
-9.1557094,-25.86825807
-9.8971481,-26.68226918
-10.6364659,-27.53950214
-11.3927382,-28.44716059
-12.1362978,-29.44126272
-12.8756156,-30.62265948
-13.6000998,-32.02016545
-14.2885795,-33.28080231
-15.0045928,-35.29061773
-15.6803725,-37.72544801
-16.4090985,-40.90225343
-17.0763819,-44.89307057
-17.63141,-49.93561991
-18.0889783,-56.2748258
-18.5317257,-62.05214856
-18.8918469,-68.60746616
-19.3854324,-77.91457887
-19.8896097,-87.99968894
-20.328128,-97.12671686
-20.8640807,-108.0690697
-21.4318088,-119.8974779
-22.010116,-132.2229455
-22.5630232,-145.5713417
-23.1011095,-160.6558331
-23.6179868,-178.2400154
-24.1136805,-197.4810657
-24.5924451,-211.1176616
-24.6814213,-202.5812808
-24.6390541,-165.792055
-24.5140734,-115.0782294
-24.1708813,-67.56293751
-23.6751749,-34.41897736
-23.0693214,-15.17085663
-22.3808544,-5.690871695
-21.7495755,-0.907657984
-21.5567895,-0.093647253
-21.1924392,2.024221331
-20.446746,3.580206369
-19.6925946,4.502271565
-18.9490477,5.618834872
-18.1927754,6.33199465
-17.4598203,7.232448908
-16.7395652,8.12569952
-15.9727011,8.795637472
-15.2079579,9.422353616
-14.4877155,9.99864432
-13.735685,10.54612048
-12.96035,11.05037485
-12.2210195,11.49700013
-11.4584099,11.86438545
-10.7063794,12.23897439
-9.9416362,12.54873063
-9.1853639,12.83687598
-8.4375752,13.10341042
-7.6876656,13.35553759
-7.3233026,11.6410728
-6.850888,13.66529383
-6.0861575,13.93182827
-5.3447188,14.1767518
-4.5884465,14.45048987
-3.8173533,14.71702431
-3.0505019,14.99796601
-2.3048087,15.31492587
-1.5443073,15.58146031
-0.7944104,15.84799474
-0.1673606,16.1865655
0.5867908,16.5539508
1.3473049,16.96455789
2.1014436,17.37516498
2.8661868,17.77856844
3.5970337,18.27561913
4.3575351,18.8591134
5.1116865,19.41379315
5.817108,20.15576735
6.5246631,20.91214881
7.2512682,21.61090119
8.0054196,22.33126448
8.7193247,23.10205319
9.3590745,23.86563826
10.0539042,24.69405602
10.7911011,25.49365925
11.521948,26.36529879
12.2337449,27.31617829
12.9455291,28.41833406
13.6657715,29.75100606
14.3881602,31.33580518
15.1147653,33.33121132
15.7757114,35.74442809
16.4641784,38.97885888
17.1060618,43.25781625
17.7648743,48.77579823
18.3537987,55.25906677
18.8494924,64.55895532
19.3642742,74.1686002
19.8493761,84.30411066
20.374737,94.92226527
20.8662143,105.4827919
21.3682707,116.1873927
21.8216099,125.8186534
22.2452946,138.446629
22.6223703,149.9868585
22.993096,162.4563609
23.3892217,176.2729492
23.7091093,190.1759872
24.0755932,204.4248072
24.5331615,215.0501962
25.0754769,223.6657693
25.696164,228.62909
26.219404,234.204723
26.8231493,239.3049157
27.3824192,244.246629
27.9543891,247.6899809
28.0984325,237.3527231
28.0899616,208.5597039
27.9861645,166.3103097
27.757374,120.3655011
27.4502118,78.41874312
27.0604234,45.79349466
26.5689588,23.21010768
26.0245225,9.451168151
25.3974727,2.211515828
24.9462544,0.021610902
24.7704356,-0.741974384
24.2598956,-2.73738126
23.5311569,-3.536984753
22.7982018,-4.206922825
22.0737049,-4.855249996
21.3661498,-6.187922539
20.6331947,-7.131598787
19.8811642,-8.032053236
19.1566673,-8.860471343
18.4194704,-9.552020384
17.6928526,-10.1571258
16.9281094,-10.70460213
16.2078543,-11.18004211
15.4643074,-11.61946391
14.7461605,-12.04447844
13.9920218,-12.43347479
13.2336286,-12.82967479
12.4985399,-13.18265296
11.767693,-13.53563115
11.0199043,-13.88860933
10.2487984,-14.22718024
9.5200724,-14.57295479
8.7998173,-14.89711843
8.0562577,-15.24289299
7.2915145,-15.58146391
6.5394967,-15.92003483
5.810758,-16.25140212
5.0671984,-16.6187876
4.3342306,-17.02219125
3.5885628,-17.43279856
2.8534741,-17.85781314
2.1099145,-18.32604954
1.5443073,-18.67902775
1.6968343,-16.20097666
1.0020046,-19.06082052
0.258445,-19.61550058
-0.4978273,-20.14856973
-1.2413869,-20.74647163
-1.9849338,-21.38759536
-2.7242643,-22.05033001
-3.4699448,-22.6986574
-4.2262044,-23.34698479
-4.9803558,-24.00251583
-5.69849,-24.65804688
-6.4547623,-25.34239248
-7.2004301,-26.01953447
-7.8465426,-26.40853093
-8.5964522,-27.25856024
-9.3251782,-28.0941823
-10.0708587,-28.95861893
-10.8101765,-29.98873926
-11.5812697,-31.21335787
-12.3121166,-32.8197694
-13.0429635,-34.67110473
-13.7568559,-37.01949129
-14.4050893,-39.00769598
-15.0702645,-42.60951631
-15.7333315,-47.5079925
-16.3413059,-52.78105877
-16.8073578,-57.52105619
-17.1695872,-61.9152793
-17.5233711,-67.32521712
-18.0148484,-75.22761801
-18.5613802,-83.49020354
-19.1058038,-91.24853592
-19.5760975,-98.09200651
-20.0717912,-105.648641
-20.6416402,-114.4298999
-21.2284437,-123.5281234
-21.838539,-133.1666256
-22.4232216,-143.8064425
-22.9930579,-155.9878516
-23.5268897,-170.4672427
-24.0225961,-186.7115494
-24.4971189,-202.9702803
-25.0584843,-214.5754376
-25.7046095,-221.4621772
-26.3676638,-226.8937714
-27.032839,-231.7346635
-27.7191978,-236.3018163
-28.397073,-240.7176926
-29.0050601,-242.504214
-29.0834445,-190.1621162
-28.960572,-137.697732
-28.642818,-85.26230165
-28.1915997,-45.90878405
-27.6154007,-21.42361356
-26.9459837,-8.04646051
-26.2765667,-1.584799662
-26.0223635,-0.374589008
-25.7978148,1.116563374
-25.0796806,3.94038809
-24.3403501,5.136191377
-23.6158659,6.324791013
-22.8871526,7.210838006
-22.1478221,8.2697722
-21.3788371,9.141411897
-20.6416529,9.832960742
-19.8980933,10.36602964
-19.148171,10.84146947
-18.3855614,11.28809475
-17.63141,11.71310914
-16.8793795,12.10930899
-16.1231072,12.42626886
-15.8392495,11.20165115
-15.2376124,12.90170868
-14.5088864,13.21146492
-13.7632186,13.46359209
-12.9878836,13.69410836
-12.2400949,13.8741992
-11.4901853,14.03267913
-10.7487466,14.2199736
-9.9903534,14.42887897
-9.2404438,14.64498797
-8.4884133,14.85389334
-7.7406119,15.04118781
-6.9674105,15.27890771
-6.2153673,15.47340581
-5.4718204,15.72553297
-4.711319,15.95604924
-3.9571549,16.2081764
-3.2347916,16.4026745
-2.6077545,16.6836162
-1.8536031,16.98616879
-1.1206353,17.31033229
-0.3389503,17.65610668
0.4067302,18.0090847
1.1672316,18.38367362
1.9234912,18.75826254
2.6607008,19.19048052
3.3979104,19.65871667
4.1308655,20.21339641
4.8913796,20.81850158
5.6137556,21.45242127
6.3234189,22.14397003
7.0203568,22.84272241
7.7596873,23.53427116
8.5117178,24.17539447
9.1493594,24.79490688
9.8357055,25.42162292
10.5347897,26.13478255
11.2698657,26.92718213
11.9795417,27.86365436
12.7061468,28.87936653
13.4094474,30.00313319
14.1508861,31.31419428
14.8859748,32.84856795
15.5638627,34.6710869
16.2650424,36.90421286
16.9323385,39.9729601
17.6165891,44.61930268
18.2076217,50.42542989
18.8050043,56.88708754
19.3452115,64.6453989
19.9129396,72.61981933
20.4785468,80.21244752
20.9975577,87.75465062
21.5674067,95.41211231
22.1287848,102.8462619
22.7092256,109.3943652
23.2303574,116.0000982
23.7154593,123.491879
24.2365911,130.7747553
24.7577229,138.4754436
25.2470666,146.7668316
25.7406521,155.0870358
26.1939913,164.9055993
26.6388469,174.3927979
27.0307689,185.1694521
27.4163155,196.1982379
27.816683,208.285965
28.2488386,220.4457345
28.7127696,225.3946472
28.8144458,216.8367028
28.7953958,188.3102424
28.685236,147.11981
28.4416119,103.6386617
28.0708989,66.63360127
27.6450933,38.7123245
27.1282033,19.52184764
26.571067,7.960015938
25.8953,1.937777715
25.4864489,0.028814539
25.2936756,-0.727567114
24.7534811,-2.240330443
24.0374678,-2.924675771
23.2854246,-3.796315619
22.5694113,-5.157802679
21.8406853,-6.231144352
21.1267802,-7.189227874
20.4044042,-8.053664147
19.639661,-8.795638624
18.9321186,-9.508798567
18.2033799,-10.13551489
17.4576994,-10.68299122
16.7162734,-11.1584312
15.9875347,-11.60505664
15.2461087,-12.00846026
14.5025364,-12.38304934
13.735685,-12.75763843
12.9984881,-13.08180206
12.2485658,-13.39155842
11.521948,-13.68690751
10.780522,-13.97505297
9.9903534,-14.23438388
9.2806901,-14.5153257
8.5350223,-14.79626752
7.7872209,-15.06280208
7.0394322,-15.35094754
6.3001017,-15.66070391
5.5565548,-15.94884938
4.8278288,-16.25140212
4.0863774,-16.56836214
3.3449387,-16.9141367
2.59715,-17.23109672
1.868424,-17.59127857
1.1290935,-17.95866405
0.3749548,-18.34045681
-0.3749548,-18.75826776
-0.6016371,-17.90823861
-0.6884797,-17.5768713
-1.4172184,-19.50744602
-2.1480526,-19.97568244
-2.9000831,-20.4511225
-3.6351718,-20.86172983
-4.3681396,-21.1066535
-5.0968656,-21.32996626
-5.863717,-21.4524281
-6.6051557,-21.89905362
-7.3444862,-22.46814099
-8.0859122,-23.09485747
-8.8400636,-23.72877759
-9.5158306,-24.06734857
-10.2530402,-24.9101742
-11.0071789,-25.68096348
-11.7528594,-26.52378914
-12.5006608,-27.4746694
-13.2569204,-28.53360425
-13.9729337,-29.67177916
-14.7037933,-30.88919412
-15.4367484,-32.35873649
-16.1887789,-34.03718445
-16.9069131,-35.85970527
-17.5826801,-37.51654245
-18.313527,-40.650126
-18.9956567,-44.99392155
-19.6205729,-50.23096925
-20.1099293,-54.92774445
-20.5674976,-59.99190616
-20.9488151,-64.59503533
-21.4551133,-71.25840818
-22.0037787,-78.58451821
-22.5778568,-86.42929298
-23.1561767,-94.20203352
-23.6349286,-100.7285441
-24.183594,-108.8902866
-24.7915811,-117.8228236
-25.3974346,-127.1011401
-25.9736336,-137.3159374
-26.5604371,-148.7481604
-27.1345152,-161.7651992
-27.6789515,-176.6768161
-28.2043124,-193.1948694
-28.7233106,-209.3599592
-29.2232588,-217.9179551
-29.3143432,-207.364535
-29.2804596,-169.7180601
-29.1321617,-118.9898168
-28.7699196,-71.38087025
-28.2657423,-37.96316816
-27.6662388,-17.56966766
-26.9735173,-6.677769751
-26.3401302,-1.080545221
-26.1261606,-0.129665429
-25.8189984,1.793705025
-25.0860433,3.709871789
-24.3467128,5.201024087
-23.6116241,6.216736504
-22.8744399,7.275670712
-22.1160467,8.320197636
-21.3491953,9.112597363
-20.5865603,9.739313507
-19.8430134,10.20034606
-19.076162,10.67578589
-18.2923434,11.11520755
-17.5297211,11.5114074
-16.7840406,11.74192367
-16.6103427,11.72031277
-15.8434913,12.31101073
-15.0723854,12.6063597
-14.3309467,12.87289414
-13.5704453,13.09620679
-12.8162939,13.32672306
-12.0452007,13.55723932
-11.3016411,13.77334833
-10.5432606,13.96784643
-9.7700465,14.1983627
-9.0074242,14.40726807
-8.2553937,14.60176617
-7.4991341,14.83948607
-6.73227,15.07000234
-5.9548141,15.29331497
-5.2303299,15.51662761
-4.4676949,15.69671844
-3.8787832,15.89842017
-3.10769,16.15775097
-2.3408259,16.39547087
-1.5888081,16.67641256
-0.821944,16.93574336
-0.0444881,17.19507415
0.7223633,17.50483038
1.4871065,17.86501204
2.2433788,18.21078643
2.9954093,18.57817172
3.736848,18.945557
4.518533,19.34175682
5.2642135,19.7523639
5.9887104,20.28543274
6.7004819,20.92655607
7.4334497,21.49564307
8.2130138,22.02150827
8.9099771,22.62661343
9.5793941,23.21010768
10.2615111,23.7647874
11.0283752,24.36268892
11.7359176,25.03983039
12.4455682,25.81782272
13.1743069,26.62462957
13.9051538,27.48906547
14.6656552,28.46155586
15.3838021,29.6501552
16.0998154,30.98282719
16.8200705,32.48118271
17.5678592,34.37573798
18.2648225,36.67369663
18.963894,39.33183685
19.6269483,42.82559834
20.2878944,47.44312635
20.8895188,53.25645716
21.4699596,60.86349224
22.0355668,68.73706175
22.594824,76.9347949
23.1604439,84.8011613
23.7069884,92.33616103
24.2471829,100.0440485
24.7894856,107.9104166
25.3339219,115.8632291
25.8105656,124.5508134
26.2956675,133.0439009
26.7723112,143.4315467
27.2150586,153.8119914
27.6323933,165.1721341
28.028519,178.0018241
28.4056074,190.5577806
28.7953831,204.86423
29.2275514,213.4293739
29.3271067,205.8439267
29.3038022,177.6560491
29.2042342,137.2292143
28.943681,95.39050143
28.5623635,60.43847797
28.0899616,34.68549416
27.5730716,17.11583419
26.9820263,6.807434499
26.3147429,1.462337834
25.9567299,-0.028814539
25.7512439,-0.799603461
25.1581031,-2.254737712
24.4187726,-3.03993393
23.7027593,-4.106071931
22.9761415,-5.301875386
22.2579946,-6.331995246
21.5250395,-7.182024237
20.8132553,-8.024849604
20.0612248,-8.766824081
19.3261361,-9.429558574
18.5974101,-10.02746035
17.8686841,-10.57493668
17.1124118,-11.07198757
16.3858067,-11.52581664
15.6274135,-11.94362753
14.8986875,-12.32542025
14.1508988,-12.67839842
13.3903847,-13.0313766
12.6425833,-13.3483366
11.9075073,-13.64368569
11.1554768,-13.91022024
10.3907336,-14.16955115
9.640824,-14.45049297
8.9205689,-14.69541661
8.1833593,-14.93313662
7.4292206,-15.22128208
6.6792983,-15.46620572
5.9442223,-15.73274028
5.2239672,-15.97766392
4.5015912,-16.2874203
3.736848,-16.56836214
2.9975302,-16.85650761
2.2581997,-17.15185672
1.5273655,-17.48322402
0.7774432,-17.80018404
0.0317754,-18.11714406
-0.7160133,-18.48452955
-1.4532229,-18.80148958
-2.1311108,-19.16887507
-1.8302986,-15.94884938
-2.4700484,-19.38498419
-3.2093789,-20.07653336
-3.9508176,-20.54476979
-4.6816518,-20.90495165
-5.4167405,-21.25792989
-6.1899546,-21.66853722
-6.9292724,-22.05753365
-7.6643611,-22.36008643
-8.407908,-22.61221374
-9.1641803,-23.02282109
-9.8208846,-23.30376296
-10.5390188,-23.93768309
-11.3143538,-24.57880686
-12.0621425,-25.28476338
-12.8247648,-26.04834902
-13.5513826,-26.93439652
-14.3012922,-28.000535
-15.0660354,-29.1387099
-15.7926405,-30.36332848
-16.5319583,-31.76083444
-17.2924724,-33.30241323
-18.0106066,-34.99526851
-18.7393326,-36.73134569
-19.4320414,-39.07252874
-20.1332211,-42.81842189
-20.7941799,-47.73850904
-21.3513035,-51.67169777
-21.8639644,-57.16807763
-22.3321245,-62.44114539
-22.7579174,-67.37564264
-23.2726865,-74.55047509
-23.8552482,-82.35923049
-24.429339,-90.74428027
-24.9313954,-98.04878458
-25.4673481,-106.6715602
-26.0308344,-116.6630343
-26.6155043,-127.6270076
-27.1980787,-140.0245164
-27.7403814,-154.2229515
-28.2615132,-170.8994635
-28.7783905,-188.9086742
-29.2677469,-201.0757086
-29.3673022,-192.3520376
-29.3270559,-155.9950554
-29.166058,-107.7088869
-28.7783905,-64.45096248
-28.2678632,-34.61347562
-27.6620097,-16.19377303
-26.9904718,-6.375217059
-26.3676638,-1.058934319
-26.1833741,-0.136869061
-25.8719574,1.721668679
-25.1326396,3.508170027
-24.3975509,4.98491506
-23.6836585,6.094274726
-22.9591743,7.037950787
-22.2113856,7.996034109
-21.4445215,8.77402657
-20.7094328,9.364724548
-19.9785859,9.90499708
-19.2307972,10.35162237
-18.472404,10.8054513
-17.7161317,11.25207659
-16.9747057,11.56903647
-16.7459152,11.01435667
-16.0892109,12.10930899
-15.3032841,12.40465796
-14.5787999,12.69280331
-13.8288903,12.94493048
-13.0704971,13.16103949
-12.3163584,13.39875939
-11.5664361,13.65088656
-10.8440728,13.8741992
-10.0899214,14.09751184
-9.3272991,14.32802811
-8.5879813,14.54413711
-7.8550135,14.73143157
-7.0945121,14.92592967
-6.3446025,15.10602051
-5.5819675,15.30772224
-4.8384206,15.51662761
-4.0757983,15.70392207
-3.3322387,15.89121654
-2.7666315,16.11452917
-2.020951,16.37385997
-1.2710414,16.61157986
-0.51054,16.87811429
0.2203069,17.13024145
0.999871,17.35355408
1.7476724,17.48321948
2.4763984,17.66331031
3.2114871,17.9658629
3.9720012,18.25400822
4.7388526,18.59257898
5.4866413,18.89513157
6.2323218,19.22649869
6.944106,19.54345854
7.6918947,19.87482566
8.3846035,20.30704364
9.0794459,20.79689068
9.7615756,21.23631228
10.475468,21.71895569
11.2084358,22.16558093
11.9329327,22.65542796
12.6595378,23.13807136
13.3692138,23.67834381
14.1106398,24.36989255
14.8499576,25.11907035
15.5596336,25.97630263
16.2777678,26.8983676
16.9980102,28.20222509
17.7436907,29.67896973
18.4364122,31.35021244
19.122771,33.30960042
19.7985507,35.67239177
20.4891386,38.65469545
21.1267802,42.5230458
21.7644091,47.32066461
22.3469835,53.57341696
22.9337743,60.61856876
23.4824397,67.91584773
24.0522887,75.65975203
24.5691787,82.69770065
25.1093732,90.65051096
25.6601595,98.34399102
26.2172958,106.0446754
26.6854559,115.2509201
27.1472787,124.3058898
27.5878925,136.3071486
28.0264108,147.6600829
28.4458537,159.6973661
28.7911413,174.0686339
29.1428043,187.6907287
29.5368345,200.8806107
30.0558454,211.1458155
30.6426362,218.9761886
31.1913016,223.4856778
31.7802133,229.2053827
32.3860795,233.9093729
32.9813539,239.4057669
33.549082,242.2656213
33.6867754,231.5033503
33.6634836,202.7823747
33.5681447,160.9003743
33.3732505,115.8128037
33.0364211,76.17841354
32.62122,45.36848038
32.1318636,23.58469658
31.5514355,9.724906238
30.9137939,2.369995787
30.4646838,0
30.2698023,-0.705956208
29.7698414,-2.355588602
29.0178236,-3.299264797
28.280614,-4.30777372
27.5624671,-5.575613531
26.8464665,-6.764213376
26.1134987,-7.787129626
25.37841,-8.622751365
24.6412004,-9.371929488
23.9251871,-9.955423989
23.1816275,-10.51730759
22.4444306,-10.9783403
21.7093419,-11.41055846
20.9700114,-11.80675845
20.2328145,-12.20295843
19.4701795,-12.55593661
18.7372244,-12.88730388
17.9851939,-13.20426387
17.2352843,-13.5068166
16.4980747,-13.78055478
15.7545151,-14.03268206
15.0194391,-14.28480933
14.2610459,-14.55854752
13.5217281,-14.78906389
12.7718185,-15.01958026
12.026138,-15.2645039
11.2868075,-15.480613
10.5135934,-15.75435119
9.7403793,-15.97046029
9.0201242,-16.23699485
8.2850482,-16.48191849
7.5224259,-16.74124942
6.7703954,-16.99337671
6.0395485,-17.25991127
5.3086889,-17.53364947
4.5778547,-17.77857313
3.8279324,-18.08832952
3.0928564,-18.39088227
2.3429468,-18.73665685
1.616329,-19.0752278
1.3833094,-17.75696224
1.2710414,-17.72094403
0.5528945,-19.68033331
-0.2076069,-20.10534791
-0.9448165,-20.50154796
-1.6926052,-20.90495165
-2.4170894,-21.32276263
-3.166999,-21.81260997
-3.9126795,-22.24482823
-4.6668309,-22.65543557
-5.4061487,-22.99400654
-6.1751337,-23.24613386
-6.9419851,-23.51266846
-7.6918947,-23.57029756
-8.448167,-23.89446126
-9.1874848,-24.39871591
-9.9331653,-25.06865424
-10.6894249,-25.78901805
-11.4520472,-26.56701097
-12.1998486,-27.17211659
-12.8480693,-28.05096047
-13.583158,-29.16752445
-14.3140049,-30.32731029
-15.0702645,-31.7536308
-15.7905196,-33.54733697
-16.5510337,-35.98216715
-17.2373925,-39.04371418
-17.9237386,-42.17729785
-18.5698511,-47.16221768
-19.2265681,-52.0462872
-19.7625081,-55.14385375
-20.2158473,-58.37108618
-20.6882492,-62.01613033
-21.1754847,-66.10780094
-21.7940509,-71.15035348
-22.4316798,-76.08485214
-23.037546,-81.66768011
-23.6730667,-87.5170443
-24.2767993,-93.71218511
-24.800052,-99.33823872
-25.316942,-105.3821057
-25.8486529,-112.8378912
-26.4375646,-121.6263566
-27.032839,-131.480968
-27.6005671,-142.8555582
-28.1428825,-156.2543875
-28.6851852,-171.0075187
-29.2380924,-184.672906
-29.835475,-195.5144578
-30.4370867,-204.7423894
-31.0641365,-212.810531
-31.7187199,-219.279455
-32.3733033,-224.6822334
-33.0511912,-229.6527915
-33.6634074,-232.0660341
-33.784159,-218.7319736
-33.7523836,-180.4155281
-33.5935066,-128.9164636
-33.2312645,-79.6002328
-32.7376663,-43.38750956
-32.1487673,-20.61680617
-31.4984003,-7.794333263
-30.8904386,-1.649632376
-30.62986,-0.216109045
-30.3311814,1.541577814
-29.6215181,3.95479536
-28.9012503,5.604427603
-28.1767788,6.901081743
-27.4395692,7.938405036
-26.6875387,8.939710152
-25.9503418,9.739313507
-25.2089031,10.31560421
-24.4547644,10.72621133
-23.7027212,11.09359665
-22.9634034,11.44657469
-22.2219647,11.69870187
-22.0863922,11.71310914
-21.3237572,12.29660346
-20.5674976,12.65678514
-19.817588,12.99535591
-19.0613284,13.32672306
-18.2881016,13.64368293
-17.5382047,13.90301373
-16.7904033,14.16234454
-15.9981265,14.36404627
-15.2439751,14.55134074
-14.5067782,14.72422794
-13.7483977,14.86830061
-12.9815336,14.98355874
-12.2358658,15.10602051
-11.4732435,15.23568591
-10.7317921,15.35814768
-9.9776407,15.48781307
-9.2213811,15.67510754
-8.4799424,15.81918021
-7.7173201,15.99927104
-6.9462269,16.1865655
-6.1941964,16.3378418
-5.6603519,16.4891181
-4.9337468,16.69802346
-4.1499409,16.89972519
-3.4000313,17.10863056
-2.6268172,17.31033229
-1.8811367,17.51923765
-1.1312271,17.75695754
-0.3516503,17.92984474
0.3834257,18.08832466
1.146048,18.160361
1.9362166,17.67051394
2.6924889,17.16625962
3.4445194,17.72814301
4.1859454,18.41248816
4.9739931,18.85190977
5.71119,19.25531322
6.433566,19.7091421
7.1601711,20.14856371
7.9100934,20.68163255
8.653653,21.34436678
9.3061155,21.97828647
10.0200206,22.64102069
10.7423839,23.39740213
11.449939,24.03852545
12.1532396,24.73727782
12.8713865,25.50806651
13.5979916,26.28605884
14.358493,26.97040393
15.0978108,27.58991632
15.8223077,28.4039268
16.5764591,29.35480628
17.2734224,30.51459109
18.0169693,31.82565217
18.7266326,33.30239679
19.4023996,35.52111549
20.0908793,38.41697559
20.7560545,42.27812232
21.3979379,46.73717043
22.0143959,52.07506156
22.6287203,57.53541439
23.2536619,62.82288007
23.880699,68.01669857
24.4823234,73.01601909
25.1051314,78.01533971
25.7067558,82.93542051
26.3083802,87.82668695
26.9142464,93.04932069
27.5222208,98.57450729
28.128087,103.9700288
28.7127696,109.4591979
29.2402514,115.272531
29.7571414,122.1375954
30.3015777,130.0039661
30.8438804,138.3529818
31.3501786,147.1414208
31.8247014,156.7366695
32.2653279,166.4831971
32.7101962,177.3318851
33.0957428,188.1301512
33.5194275,199.7136192
33.9791167,211.8301626
34.4599895,218.2053974
34.5637993,209.4529569
34.5383739,181.1642246
34.4493977,140.7734042
34.1951818,99.13639071
33.813877,63.8746103
33.3520669,37.21396903
32.8415396,18.74385527
32.2441443,7.484576097
31.5599064,1.793705025
31.176468,-0.021610906
30.9561611,-0.785196192
30.3884203,-2.319570431
29.6660443,-3.29206116
28.9373183,-4.509475504
28.2043632,-5.698075332
27.4777454,-6.793027919
26.7532485,-7.815944169
26.0139307,-8.665973178
25.2894338,-9.343114945
24.550116,-9.948220356
23.8362109,-10.47408578
23.099014,-10.95672939
22.3575753,-11.38174391
21.6203657,-11.76353663
20.8852897,-12.12371844
20.1480674,-12.44067843
19.3939287,-12.75043479
18.6397773,-13.03858024
17.8898677,-13.32672569
17.1314745,-13.57885296
16.3963985,-13.83098024
15.6443553,-14.06870024
14.8965666,-14.30642024
14.1487779,-14.53693661
13.3967347,-14.7530457
12.6468251,-14.94034025
11.8990364,-15.14204208
11.1703104,-15.3437439
10.4076881,-15.54544573
9.640824,-15.74714755
8.9290398,-15.94884938
8.2045429,-16.13614393
7.4397997,-16.33784576
6.6983737,-16.53234395
5.9548014,-16.71963851
5.2197254,-16.90693307
4.4952285,-17.10143126
3.7559107,-17.31033673
2.9996511,-17.50483493
2.2560788,-17.77136949
1.5273655,-18.03790406
0.7753223,-18.32604954
0.0360045,-18.6502132
-0.7096633,-18.98158051
-1.3473049,-19.26252236
-1.1418189,-16.48912213
-1.8175859,-19.49303875
-2.5547955,-20.11975519
-3.2962215,-20.51595524
-4.041902,-20.94096984
-4.7663862,-21.35157717
-5.4972331,-21.71896269
-6.2556263,-21.8558318
-7.0140195,-21.25792989
-7.7808709,-20.79689709
-8.5392514,-21.06343168
-9.3018737,-21.51726084
-10.0327206,-22.07194092
-10.7784011,-22.66263921
-11.5367816,-23.28935568
-12.1934859,-23.6351303
-12.9264537,-24.49956684
-13.6848342,-25.33518885
-14.4241647,-26.2140327
-15.199487,-27.14330203
-15.9006667,-28.15901505
-16.6866062,-29.45567
-17.4216949,-30.76673226
-18.207609,-32.50280927
-18.923635,-34.46219918
-19.6205856,-37.12034225
-20.3260071,-39.75687457
-20.9996532,-43.71167339
-21.6838911,-47.65206533
-22.2939991,-50.43267123
-22.8680772,-54.10652911
-23.3701336,-56.82950637
-23.9844707,-60.58980866
-24.6030369,-64.0835765
-25.1898404,-67.77184318
-25.8020439,-72.15166044
-26.4227437,-76.99971548
-27.0646144,-82.52491444
-27.6895433,-88.5399628
-28.3208222,-95.18893402
-28.8228786,-100.7429514
-29.3376477,-107.7449051
-29.9371639,-115.9642793
-30.5345465,-125.2065767
-31.1446418,-135.6230758
-31.7293117,-147.444296
-32.2695062,-161.3545897
-32.809688,-177.1954813
-33.3647161,-193.1372398
-33.8921852,-202.5740771
-33.9875241,-192.8851107
-33.949386,-155.8870003
-33.7883881,-107.9898296
-33.3647161,-65.33701089
-32.8457052,-35.54274514
-32.2525644,-16.52514032
-31.5873892,-6.267162527
-31.0154193,-1.102156127
-30.7993415,-0.144072698
-30.4137949,1.966592253
-29.6871898,3.796315401
-28.9669347,5.568409431
-28.2424378,6.785823597
-27.4946491,7.758314189
-26.7404977,8.651564796
-26.0054217,9.407946351
-25.2597412,9.955422516
-24.5034816,10.40204781
-23.7620429,10.8054513
-23.0036624,11.24487295
-22.2579819,11.48259286
-22.1202885,11.54022193
-21.3597744,12.06608719
-20.592923,12.4118616
-19.8536052,12.69280331
-19.1058165,13.01696681
-18.3347233,13.29070489
-17.5890428,13.52122116
-16.8348914,13.75894107
-16.0510855,13.9606428
-15.2884632,14.14793727
-14.5597372,14.32082447
-13.794994,14.4793044
-13.0302635,14.62337707
-12.2888248,14.78185701
-11.521948,14.92592967
-10.7932347,15.06279871
-10.0411915,15.19966774
-9.2828237,15.37255494
-8.5392641,15.50222034
-7.7935836,15.59586757
-7.2427973,15.73994024
-6.4886459,15.87680927
-5.7366154,16.01367831
-4.9951767,16.1433437
-4.2198544,16.25860184
-3.4635821,16.3594527
-2.6945971,16.43869267
-1.9404457,16.51793263
-1.1841861,16.28021273
-0.4003802,15.27170407
0.3474085,15.61027484
1.1100435,16.2513982
1.874774,16.72683799
2.6204545,16.96455789
3.3745932,17.18787052
4.1308782,17.39677588
4.9210341,17.64890304
5.6561101,17.88662294
6.4060324,18.13154646
7.1644129,18.40528452
7.9185643,18.72224438
8.660003,19.14005509
9.3167073,19.44981131
10.0369624,19.83880749
10.8017056,20.09813828
11.5389025,20.14136008
12.2570494,20.62400349
12.9730627,21.0634251
13.7102723,21.5244576
14.4771237,22.0287119
15.2270333,22.50415167
15.9557593,23.00840596
16.690848,23.57028932
17.4450121,24.21861627
18.1800881,24.9533868
18.9003305,25.78180455
19.633311,26.73268405
20.3810997,28.04374517
21.0717003,29.81583875
21.7728927,32.27227737
22.4274761,35.08889757
23.1074849,38.27290295
23.7599601,42.13404968
24.3954681,46.19689805
25.0331097,50.59831706
25.6728595,55.0141433
26.2893175,59.401155
26.9100173,64.06910836
27.5116417,69.04681792
28.1386788,74.05334209
28.738195,79.15351359
29.3016813,84.46259058
29.9117766,90.77297271
30.460442,97.63083133
31.0536082,104.6471704
31.5387101,112.491928
32.0090038,120.8625519
32.5301229,131.9345408
32.9940666,143.1145866
33.4262222,154.6260028
33.8393024,166.3823461
34.2227408,178.6645595
34.6548837,192.5099694
35.0806893,201.4136808
35.1823782,193.8570518
35.1633028,165.9429239
35.0277303,127.0720861
34.7586935,87.7906688
34.3752551,55.49678662
33.8859114,31.59513594
33.330896,15.22127864
32.7038462,6.072663819
32.0280792,1.260636068
31.6742953,-0.057629077
31.4116212,-0.842825274
30.8396386,-2.283552255
30.1172626,-3.349690242
29.3800657,-4.581511855
28.6513397,-5.770111683
27.916251,-6.857860638
27.1917668,-7.830351439
26.4587863,-8.644362271
25.7258185,-9.357522214
24.9928634,-9.955423989
24.2493038,-10.45967851
23.5184569,-10.90630394
22.78761,-11.31691119
22.0546422,-11.66988936
21.3216617,-12.03007116
20.580223,-12.33982752
19.8091425,-12.64238024
19.0909956,-12.90891479
18.3368442,-13.16824569
17.565751,-13.4275766
16.830675,-13.67250024
16.0976945,-13.86699842
15.3562558,-14.09031115
14.5894044,-14.31362388
13.8331321,-14.49371479
13.1044061,-14.71702752
12.3460129,-14.90432207
11.608816,-15.09161662
10.8504228,-15.28611481
10.0899214,-15.49502027
9.3548454,-15.66070391
8.6197567,-15.86240574
7.8783053,-16.0713112
7.1305166,-16.24419849
6.3827279,-16.41708577
5.651881,-16.60438032
4.9125632,-16.7772676
4.1880663,-16.95015489
3.4127313,-17.12304217
2.6691844,-17.324744
1.9298539,-17.54085311
1.1862943,-17.80738768
0.4194429,-18.10273679
-0.3241167,-18.41969682
-1.0592054,-18.79428595
-1.8048732,-19.14006053
-2.5399619,-19.45702056
-2.8683077,-18.67902776
-2.9149167,-18.00908951
-3.6436427,-20.04771881
-4.3808396,-20.4511225
-5.1138074,-20.71045344
-5.9018551,-20.65282434
-6.6432938,-20.05492245
-7.3826116,-20.01170063
-8.1515839,-20.27823521
-8.9057353,-20.739268
-9.6429449,-21.20030079
-10.3822627,-21.46683537
-11.0643924,-21.87744271
-11.8375938,-22.41051189
-12.5769243,-23.044432
-13.2929376,-23.67835213
-14.053439,-24.32667953
-14.7948777,-24.96780331
-15.5363164,-25.79622169
-16.292576,-26.71108374
-17.0319065,-27.661964
-17.8135915,-28.80013888
-18.5719847,-30.10399748
-19.2879853,-31.70320533
-20.0188449,-33.57615153
-20.7369791,-35.98216715
-21.4424006,-38.03520454
-22.1414721,-41.24082454
-22.8426645,-44.72018318
-23.5226606,-47.86817459
-24.0946305,-51.13142457
-24.6729504,-53.61668137
-25.2470285,-56.9663756
-25.8613656,-60.4025139
-26.5032363,-64.35731503
-27.1239361,-68.09600727
-27.721306,-72.1156422
-28.3610685,-77.31667602
-28.9690556,-83.31731594
-29.5727882,-90.13196983
-30.1426372,-96.8385707
-30.6404518,-104.1070585
-31.2145553,-113.3637583
-31.8013461,-124.3565445
-32.3457697,-137.5968805
-32.8986769,-153.5386025
-33.4155542,-171.3893137
-33.9027897,-184.5720544
-34.0044659,-176.179762
-33.9642196,-140.319867
-33.7417918,-95.22495238
-33.2990444,-56.60619345
-32.7440163,-30.03916475
-32.1466337,-13.45639115
-31.4793503,-4.876860902
-30.981523,-0.871639812
-30.8078124,-0.093647253
-30.2888142,2.355588518
-29.5600882,4.062849873
-28.8461831,5.683667577
-28.1005026,6.771416328
-27.3696684,7.765517821
-26.6070334,8.622750262
-25.8613656,9.321502744
-25.1093351,9.854571644
-24.3657755,10.30840057
-23.6179868,10.74782223
-22.8807899,11.10080028
-22.6414076,11.03596758
-21.9275025,11.6626837
-21.1437093,12.05167992
-20.3853161,12.36143616
-19.6459983,12.68559967
-18.8727842,12.96654138
-18.1122828,13.21866855
-17.3602523,13.48520299
-16.6103427,13.67249746
-15.8434913,13.8741992
-15.0617936,14.0686973
-14.3394176,14.20556634
-13.5725662,14.3712499
-12.8120521,14.49371167
-12.0557925,14.6305807
-11.310112,14.76744974
-10.5559733,14.88991151
-9.806051,15.01957691
-9.0561541,15.17085321
-8.3125945,15.28611134
-7.5520804,15.40857311
-6.7831081,15.53823851
-6.0289694,15.65349664
-5.2832762,15.77595841
-4.5291375,15.89121654
-3.7410898,15.98486377
-2.9784675,16.078511
-2.2306661,16.1217328
-1.4426311,15.91282744
-0.6842506,15.49501671
0.0932053,15.17085321
0.8558276,15.79036567
1.609979,16.30182364
2.3598886,16.48191446
2.8683077,16.5539508
3.6160964,16.77726343
4.4020232,16.97896516
5.1688873,17.15185235
5.9357387,17.31753592
6.6708274,17.54084855
7.4376915,17.78577207
8.2214847,18.00188106
8.9565734,18.13875009
9.6789494,18.00188106
10.416159,17.82899387
11.191494,18.04510286
11.9519954,18.12434283
12.6997841,18.36206272
13.436981,18.64300441
14.193266,19.11844419
14.9008084,19.58668034
15.6252926,20.19178551
16.3773358,20.73205798
17.1505499,21.29394135
17.9047013,21.90625014
18.6503691,22.576188
19.3642615,23.4766421
20.1141838,24.45633615
20.8598643,25.47925198
21.5843612,26.76149858
22.3046036,28.35350137
23.0248587,30.24085306
23.7197011,32.43796092
24.4081808,35.16813752
25.0691269,38.32332837
25.7406521,41.54335186
26.3888855,44.72015352
27.0392271,48.30756216
27.6874605,51.80852718
28.339923,55.64806289
28.9733355,59.75413296
29.5834308,64.53734442
30.1956597,69.36377772
30.7888132,75.02583241
31.3544077,81.45867589
31.9094358,89.13054446
32.4347967,97.34988963
32.8944986,106.1239153
33.3711423,116.3098545
33.8096352,128.3399261
34.2290908,140.636535
34.6675964,154.7124464
35.0616266,168.0896095
35.4492814,181.7693309
35.9365296,193.5112766
36.4364651,204.3095488
37.0105432,210.7352072
37.5931176,218.6160058
38.1777875,224.0979888
38.7836537,230.32195
39.2433429,232.6991579
39.3683363,222.6140353
39.3619863,194.0731613
39.2687683,153.0484055
39.0654032,109.7473433
38.7349238,72.09395421
38.2794637,42.91924556
37.78377,22.30244995
37.1906165,9.105393726
36.5402622,2.305163077
36.1123484,-0.014407269
35.9005124,-0.720363477
35.3963224,-2.564494019
34.6612337,-3.421726593
33.9325204,-4.250144638
33.1931899,-5.561206257
32.4708139,-6.908286088
31.7209043,-7.923998705
31.0027574,-8.86767498
30.2698023,-9.66007492
29.5453054,-10.35162397
28.8123376,-10.90630394
28.0603071,-11.39615119
27.3061557,-11.79955481
26.571067,-12.15253298
25.8275074,-12.39745661
25.0648851,-12.67839842
24.3297964,-12.94493297
23.5925995,-13.14663478
22.8575108,-13.36274387
22.1203012,-13.56444569
21.3788752,-13.7445366
20.6353156,-13.93183114
19.8599679,-14.09031115
19.1270001,-14.27040206
18.3834532,-14.41447479
17.6166018,-14.58015843
16.8772713,-14.73143479
16.1315908,-14.90432207
15.3795603,-15.07000571
14.6338925,-15.25009663
13.8670284,-15.43018754
13.1382897,-15.61027846
12.3947301,-15.80477665
11.6575332,-15.97766392
10.8928027,-16.16495848
10.1386513,-16.33784576
9.3993335,-16.51073304
8.6621112,-16.66921305
7.9249143,-16.84930397
7.1707756,-17.01498762
6.4102615,-17.1878749
5.6815355,-17.36796583
4.9612804,-17.56966766
4.2283253,-17.77857313
3.4572194,-17.98027496
2.703068,-18.21079135
1.9722338,-18.43410409
1.245616,-18.67182411
0.4787519,-18.95276596
-0.2880995,-19.29133691
-0.4893564,-16.92854399
-0.6757797,-18.19638407
-1.4045057,-20.07653336
-2.1395817,-20.55197342
-2.8894913,-20.94817348
-3.6394009,-21.29394807
-4.3914441,-21.58929721
-5.1498246,-21.70455541
-5.9018551,-21.58209357
-6.6581274,-20.98419166
-7.4016743,-20.86172983
-8.1642966,-20.90495165
-8.9396316,-21.17148624
-9.6895412,-21.6253154
-10.4204008,-22.15118094
-11.1766604,-22.61941738
-11.9435245,-23.32537387
-12.6828296,-24.06014493
-13.4094474,-24.91737784
-14.1551279,-25.81062896
-14.8435949,-26.38692001
-15.5659709,-27.36661482
-16.3201223,-28.67767702
-17.0657901,-30.33451393
-17.8390169,-32.2867001
-18.5804429,-34.46219918
-19.3155189,-36.86101121
-20.0251949,-39.69924545
-20.7518,-42.43662892
-21.427567,-45.17401259
-22.1478221,-48.13470935
-22.8659563,-50.89370436
-23.4442762,-52.22637827
-23.9865789,-54.30823112
-24.5733824,-56.99519017
-25.1961904,-59.35798545
-25.827482,-62.49157091
-26.4651109,-64.98403219
-27.0497935,-68.41296771
-27.6916515,-71.87071819
-28.3462476,-76.17849956
-28.9775138,-80.9545188
-29.5897427,-86.43649663
-30.1871253,-92.71087737
-30.6849526,-98.81237194
-31.1700545,-104.8994607
-31.6742445,-113.3781657
-32.2144263,-124.2124713
-32.744029,-136.9989761
-33.2693899,-151.9537945
-33.8244053,-167.3480494
-34.426017,-179.5150674
-35.0784922,-188.8510447
-35.7330756,-196.7318817
-36.4130844,-203.3736872
-37.0952141,-209.2302926
-37.7730893,-214.6979005
-38.3937764,-217.3704738
-38.4933444,-166.1666463
-38.3259838,-116.5549796
-37.9213745,-70.98466966
-37.4299099,-38.80599407
-36.8304064,-18.16036589
-36.1609894,-6.548104313
-35.6292658,-1.123767029
-35.4237925,-0.144072698
-34.9937705,2.341181248
-34.24809,4.495067932
-33.532064,6.440049159
-32.8012298,7.808739625
-32.0618993,8.730804767
-31.3162188,9.487186322
-30.5599592,10.1643279
-29.8121705,10.77663676
-29.0792027,11.23766932
-28.3377767,11.5762401
-27.8505412,10.49569505
-27.4586319,11.89319998
-26.7087223,12.21015986
-25.9545709,12.51271247
-25.1919613,12.80806144
-24.4378099,13.07459588
-23.6984794,13.34833396
-22.9443407,13.60046113
-22.1901893,13.85979193
-21.4042625,14.1119191
-20.658582,14.36404627
-19.9044433,14.59456254
-19.1502919,14.85389334
-18.3813196,15.09881688
-17.8241833,15.28611134
-17.0763819,15.51662761
-16.3264723,15.76155114
-15.5426664,15.96325287
-14.8075904,16.1217328
-14.0555599,16.2081764
-13.2971667,16.29462
-12.5260735,16.3162309
-11.7719348,16.32343453
-11.0156625,16.32343453
-10.257282,16.32343453
-9.5031306,16.33063817
-8.7553419,16.41708177
-7.9969487,16.510729
-7.2322055,16.5971726
-6.480175,16.69802346
-5.7217818,16.82048523
-4.9612804,16.95015062
-4.1965499,17.05820512
-3.4360485,17.21668505
-2.6755344,17.38957225
-1.9107912,17.57686671
-1.179957,17.73534664
-0.4003802,17.8361975
0.364363,17.84340114
1.1269853,17.23829595
1.9129121,16.71963436
2.6818844,16.30902727
3.4233231,16.5323399
4.1880663,17.33914682
4.9464595,17.95865927
5.6900064,18.23239733
6.4632205,18.44130269
7.2110219,18.72944801
7.9863569,19.02479696
8.6409403,19.29853502
9.3675454,19.71634573
10.0793296,20.12695281
10.8610273,20.46552356
11.5918742,20.80409431
12.3460256,21.04901783
13.0916934,21.15707232
13.8521948,21.17868322
14.6084671,21.5244576
15.345664,21.92786104
16.120999,22.20880272
16.8815004,22.65542796
17.6293018,23.11646045
18.387695,23.50545663
19.110071,24.04572908
19.8409179,24.75888872
20.6014193,25.73137912
21.3153117,27.04244025
22.018625,28.77851568
22.7155756,30.88197634
23.3892344,33.16552777
24.0840641,35.83087168
24.7704229,38.54664097
25.4567944,41.28402112
26.1113778,43.81969954
26.7934948,46.33376705
27.4735036,48.60291106
28.1556333,50.61992795
28.844113,52.81703563
29.5071673,55.11499414
30.1871761,57.57143255
30.871414,60.40966344
31.534481,63.31993066
32.203898,66.59037947
32.8330687,70.45872976
33.4579849,74.73768713
34.0702011,79.85226591
34.6591255,85.8672989
35.2205036,91.83190674
35.7500936,99.69827409
36.25215,107.6799003
36.7245646,116.9581816
37.2181628,127.7132097
37.7710573,138.3241672
38.148133,149.5978619
38.5379087,160.785116
38.970077,172.6783306
39.3958699,184.600364
39.8492091,194.591824
40.3046692,202.0692131
40.3872827,165.1073013
40.2771229,126.0563734
40.0441033,86.71012392
39.6500731,54.75481255
39.181913,31.09088167
38.6184267,14.89711514
38.0061978,5.856554796
37.319839,1.087748835
36.9893723,-0.057629077
36.7711736,-0.850028906
36.1292902,-2.63653037
35.3793806,-3.580206565
34.6633673,-4.833639089
33.9388704,-5.971813476
33.2122526,-6.980322443
32.468693,-7.931202337
31.7251461,-8.745213175
31.0006492,-9.429558574
30.2591978,-10.02025671
29.5114091,-10.5389185
28.7741995,-10.93511848
28.0348817,-11.33131846
27.2870803,-11.6987039
26.5392916,-11.99405298
25.8020947,-12.26058752
25.0606433,-12.44788207
24.304371,-12.65678752
23.5544614,-12.85848933
22.8109145,-13.0313766
22.0737049,-13.21146751
21.3259162,-13.36994751
20.5759939,-13.51402023
19.8091425,-13.6652966
19.076162,-13.79496206
18.3368442,-13.96064569
17.5869346,-14.12632933
16.8179496,-14.27040206
16.0955736,-14.40727115
15.345664,-14.55134388
14.5830544,-14.72423116
13.8394821,-14.86830389
13.1043934,-15.03398753
12.3354211,-15.20687481
11.5897533,-15.40857663
10.8504228,-15.57426028
10.0983923,-15.78316574
9.3378909,-15.95605302
8.5879686,-16.13614393
7.8613635,-16.30182758
7.1008621,-16.47471486
6.3340107,-16.67641669
5.6073929,-16.86371125
4.876546,-17.05820944
4.1520491,-17.26711491
3.3894268,-17.48322402
2.6373963,-17.68492585
1.8980785,-17.94425678
1.1629898,-18.18918044
0.3918966,-18.44130773
-0.3537712,-18.75106413
-1.0994517,-19.10404234
-1.8472531,-19.47142784
-2.5929209,-19.70194423
-3.1225109,-19.90364607
-3.0568519,-17.46881674
-3.7622734,-20.01170063
-4.499483,-20.30704976
-5.2430426,-20.30704976
-6.0289567,-20.04051518
-6.7831081,-19.86762788
-7.5266677,-19.70914787
-8.2808064,-19.74516605
-9.064625,-19.96127517
-9.806051,-20.4511225
-10.5411397,-21.12106078
-11.2338485,-21.40200264
-11.9710581,-22.0863482
-12.7146177,-22.83552651
-13.4602855,-23.54148301
-14.212316,-24.2258286
-14.9622256,-24.97500695
-15.6782389,-25.79622169
-16.4408739,-26.77591648
-17.1907835,-27.92129498
-17.949164,-29.1026917
-18.6884818,-30.42816123
-19.4256914,-32.03457273
-20.1459338,-33.92912986
-20.8937352,-35.47791236
-21.5928067,-37.33645145
-22.3151827,-39.61280177
-23.0523796,-41.88194857
-23.7111921,-43.37310226
-24.3785009,-45.54860194
-25.0457843,-47.53680706
-25.6431669,-49.48899408
-26.3062212,-51.57084677
-26.9629382,-53.32853564
-27.6535261,-55.47522135
-28.3525976,-57.62911084
-29.0008183,-60.2728483
-29.6977689,-63.14710261
-30.4074322,-66.24467021
-31.0302402,-69.21257247
-31.6721236,-72.82159964
-32.2906898,-76.54588563
-32.9219687,-81.49479252
-33.5595976,-86.883123
-34.1866474,-92.73248833
-34.7501464,-98.63228058
-35.3051618,-105.8863616
-35.8495981,-114.5307511
-36.4109635,-125.9413503
-36.9596289,-140.1469788
-37.5252361,-156.8739035
-38.0950851,-174.0114537
-38.6289296,-185.1699604
-38.7284849,-176.5255388
-38.7073013,-140.9754008
-38.5336034,-95.44106198
-38.1056769,-56.10914203
-37.5760869,-29.77263011
-36.9617371,-13.5068166
-36.3071664,-4.776010007
-35.81781,-0.857232543
-35.6440994,-0.10085089
-35.1335721,2.434828497
-34.4048461,4.552697005
-33.6761201,6.231143773
-32.955865,7.412539755
-32.220789,8.291383102
-31.4729876,9.018950123
-30.7675534,9.73210987
-30.0261274,10.33001148
-29.2719887,10.83426583
-28.5453709,11.16563298
-27.8018113,11.48259286
-27.0476726,11.77794184
-26.310463,12.06608719
-25.5669034,12.33982526
-24.8212356,12.6063597
-24.0776887,12.77924691
-23.812881,11.19444752
-23.2790492,13.09620679
-22.520656,13.31951942
-21.7707464,13.57164659
-21.0144741,13.78055196
-20.2476227,13.97505007
-19.5083049,14.1767518
-18.7435617,14.31362084
-17.9745894,14.43608261
-17.2395007,14.50811894
-16.4789993,14.56574801
-15.722727,14.63778434
-14.9516338,14.66659887
-14.2207996,14.60896981
-13.4602855,14.47210077
-12.7167259,14.48650804
-11.9583454,14.60896981
-11.2084358,14.76744974
-10.462768,14.84668971
-9.7213293,14.99076238
-8.9671652,15.08440961
-8.2236056,15.19966774
-7.4737087,15.34374041
-6.7259073,15.47340581
-5.9590559,15.63188574
-5.2303299,15.76155114
-4.4804203,15.93443834
-3.7114353,16.1217328
-2.948813,16.2730091
-2.2073743,16.40987814
-1.4362811,16.5323399
-0.6863715,16.6620053
0.0699135,16.77726343
0.834644,16.87091066
1.616329,16.92853973
2.3408259,16.86370702
3.0928564,16.43869267
3.8703123,15.36535131
4.6435137,15.40857311
5.3849524,16.13614007
6.122162,16.84209613
6.8699634,17.28872138
7.626223,17.55525581
8.2003138,17.64169941
8.905748,18.0955283
9.6323404,18.36206272
10.3674291,18.53494992
11.1342932,18.56376445
11.8820819,18.54935718
12.6277624,18.24680459
13.3755638,16.82768886
14.1275943,16.69081983
14.8944457,16.26580547
15.610459,17.05820512
16.3476686,17.9874738
17.0763946,18.80868797
17.8411505,19.45701495
18.5825765,20.07652738
19.3091943,20.67442892
20.0421494,21.34436678
20.7857217,22.17278456
21.4974932,23.17408952
22.2029274,24.47074341
22.9104698,25.9258772
23.5989495,27.82043256
24.2937792,29.72219153
24.9780298,31.80404128
25.677114,33.93631642
26.3677019,36.1046097
27.0455898,38.25129205
27.7171277,40.03058916
28.4140656,42.13404968
29.1004371,43.98538308
29.7931459,45.98078909
30.4689256,47.87534425
31.1574053,50.05084104
31.8480059,52.63694483
32.5131811,55.48958299
33.1656436,58.46468288
33.8414106,61.54063362
34.5065985,64.95515506
35.1463483,69.27733414
35.7310309,74.01732393
36.2796963,79.80904411
36.8283617,86.31392411
37.3770398,93.98579297
37.8557917,101.6576624
38.3281936,110.935943
38.8154291,122.461759
39.2857101,134.2180938
39.7284575,146.5507224
40.1542631,158.9842056
40.6054814,170.7117357
41.1753304,173.1393638
41.2304103,137.9567817
41.1033087,101.7585133
40.8194383,67.28913176
40.3894036,40.93824678
39.8725136,22.08634096
39.2666474,10.17873516
38.5845177,3.87555538
37.883338,0.223312673
37.6545475,-0.223312678
37.3918607,-1.296654266
36.6652556,-2.773399436
35.9004997,-3.911573783
35.1717737,-4.898471808
34.4472768,-5.878166214
33.707959,-6.677769751
32.9665203,-7.254060593
32.2229607,-7.837555075
31.4963556,-8.399438657
30.7549169,-8.93971134
29.9986319,-9.357522214
29.2487223,-9.66007492
28.5411799,-9.948220356
27.7933785,-10.24356943
27.0434689,-10.58934395
26.3020302,-10.98554393
25.5648206,-11.33131846
24.8509282,-11.6987039
24.1094895,-11.99405298
23.3807508,-12.24618025
22.6371912,-12.44788207
21.8978861,-12.54873297
21.1649056,-12.77924933
20.4171169,-13.06019115
19.6523737,-13.19706024
18.8939805,-13.33392933
18.1483127,-13.47800205
17.3793404,-13.62207478
16.637889,-13.78775842
15.8922212,-13.97505297
15.1359362,-14.16234751
14.3987393,-14.34964206
13.6467215,-14.54414025
12.8946783,-14.70982389
12.1426478,-14.91152571
11.4012091,-15.14204208
10.6576495,-15.27170753
9.9013772,-15.32213299
9.1302967,-15.46620572
8.3803744,-15.63188937
7.6622275,-15.74714755
6.891147,-15.66070391
6.128512,-16.00647847
5.387086,-16.21538394
4.6689391,-16.40267849
3.9296213,-16.58276941
3.1542863,-16.79167488
2.4001349,-16.96456216
1.6714216,-17.13744944
0.9448038,-17.324744
0.1821815,-17.47602038
-0.5783326,-17.61288948
-1.3218795,-17.7137404
-2.0633182,-17.67772221
-2.8471241,-17.29592946
-3.6139882,-16.30182758
-4.3829605,-15.8552021
-5.1625246,-15.84799846
-5.9378723,-15.79757301
-6.6708274,-16.10732938
-7.4355706,-16.65480578
-8.1939511,-17.5192422
-8.9332689,-18.21799499
-9.6641285,-18.49893683
-10.3886127,-19.03200597
-10.4521635,-15.480613
-10.9881289,-19.13285689
-11.7126004,-20.00449699
-12.4519309,-20.72486072
-13.1827778,-21.41640991
-13.9305792,-21.86303543
-14.6550634,-22.19440276
-15.3986103,-22.77069377
-16.1400617,-23.64233394
-16.8920795,-24.36269772
-17.584801,-24.8525451
-18.3347233,-25.90427626
-19.088862,-27.01363655
-19.8069962,-28.19503324
-20.5505558,-29.3260045
-21.2962236,-30.72351043
-22.0334332,-32.2506819
-22.7685092,-33.67700248
-23.4675807,-35.0673049
-24.1496977,-36.55845834
-24.8657237,-38.30173923
-25.5775079,-40.21790757
-26.2659876,-41.99720683
-26.9290292,-43.69726611
-27.6132798,-45.627842
-28.3102304,-47.53680706
-29.0114228,-49.46017951
-29.6893107,-51.47719941
-30.3989613,-53.83999431
-31.0599074,-56.29643673
-31.7399035,-59.32196723
-32.4093205,-62.78692035
-33.008824,-66.23746656
-33.6506947,-70.64609818
-34.2798654,-75.08354504
-34.8941898,-80.78883486
-35.5339523,-87.5170443
-36.1038013,-94.59823445
-36.6672876,-103.5307661
-37.2498366,-114.8044902
-37.7730893,-128.7867975
-38.3281047,-145.3480279
-38.8598156,-157.7743629
-38.9254873,-115.2295062
-38.6967095,-73.72205566
-38.2137158,-41.6010066
-37.6565795,-21.03461714
-37.0443633,-8.795638624
-36.3982508,-2.355588602
-36.0847259,-0.684345306
-35.8601899,0.554679873
-35.1505139,3.003915621
-34.413317,4.848046012
-33.6634074,6.382420086
-32.9473941,7.39813249
-32.2059554,8.075274084
-31.4496831,8.77402657
-30.6976526,9.479982689
-29.9689266,10.00584796
-29.2338506,10.37323327
-28.4797119,10.67578589
-27.7234396,10.92791307
-26.9692755,11.17283662
-26.2087868,11.39614926
-25.4588645,11.62666554
-24.6920131,11.84997818
-23.9251617,12.05888355
-23.1879521,12.23897439
-22.4168589,12.38304706
-21.6351739,12.48389793
-20.8725389,12.57754517
-20.1141711,12.62076697
-19.3557779,12.66398877
-18.5825638,12.6711924
-17.8072288,12.54873063
-17.0340147,12.40465796
-16.279876,12.37584343
-15.4791156,12.57754517
-14.7546187,12.75763601
-13.9792964,12.92331958
-13.2209032,13.06739225
-12.4582936,13.23307582
-11.7020213,13.36994485
-10.9330363,13.51401753
-10.1682931,13.701312
-9.4099253,13.8525883
-8.653653,14.0038646
-7.9100934,14.1767518
-7.1326375,14.34243537
-6.374257,14.51532257
-5.6370601,14.67380251
-4.8680751,14.83948607
-4.4782994,13.19705765
-4.0927528,14.83948607
-3.325876,15.22848227
-2.5590246,15.45179491
-1.7879314,15.67510754
-1.03378,15.92003107
-0.2732786,16.15054734
0.4787646,16.38826723
1.2540869,16.58276533
2.0061301,16.65480166
2.7581479,16.72683799
3.537712,16.62598713
4.3278806,16.4026745
5.094732,15.25009318
5.857367,15.21407501
6.6178684,15.19246411
7.3804907,15.72553297
8.1515839,16.48191446
8.8803226,17.02218696
9.6175195,17.43279405
10.3526082,17.60568124
11.1364141,17.74975391
11.8778528,17.8361975
12.6192915,17.74255027
13.3925056,17.00057606
14.1572488,16.17936187
14.9156293,15.61027484
15.657068,15.64629301
16.4175821,15.97766014
17.1696126,16.69081983
17.9174013,17.52644128
18.6482482,18.18197189
19.2816607,18.77987344
20.050633,19.52184764
20.8111344,20.3214509
21.5631776,21.14986869
22.27707,22.10074823
23.0142796,23.11646045
23.7408847,24.30505986
24.4420771,25.73858275
25.1602113,27.2297347
25.8868291,28.79292294
26.5943715,30.36331481
27.3167475,31.8976885
28.0285317,33.43206217
28.7487741,34.93762129
29.4838755,36.41436588
30.1977679,37.94153588
30.9032021,38.95004436
31.6213236,40.43399254
32.3500623,41.83149714
33.0682092,43.45951795
33.7566889,45.49094213
34.4642313,47.92576968
35.1315274,50.89366596
35.775519,54.74760893
36.4110397,59.55243127
37.0402104,64.96235869
37.6058303,70.97739126
38.141783,77.72719443
38.6735066,85.86009527
39.1925048,95.32566872
39.6543149,105.7205118
40.0928332,117.3976034
40.5567515,130.8611989
40.9698444,143.4891759
41.4168209,156.0883418
41.9019482,167.412467
42.4400218,177.6560491
43.011979,185.8393913
43.5606571,192.7620971
44.1495688,200.1962638
44.7469641,207.1117696
45.2892668,210.0724711
45.3973184,172.1164463
45.2914004,133.1591591
45.1070853,92.6098991
44.7321305,58.78164268
44.2681995,33.87868736
43.7513095,16.72683799
43.1306097,6.612936378
42.4760263,1.339876047
42.0671879,-0.057629077
41.8405056,-0.799603461
41.2918402,-2.701363085
40.5609933,-4.055646486
39.8492091,-5.301875386
39.1162413,-6.295977071
38.3726817,-7.138802424
37.6503057,-8.039256873
36.9470051,-8.846064074
36.1822492,-9.544816747
35.4514023,-10.10670035
34.7057345,-10.6181585
33.9769958,-11.04317302
33.2355571,-11.39615119
32.4856475,-11.66988936
31.7547879,-11.94362753
31.0133492,-12.17414389
30.2570769,-12.38304934
29.50718,-12.56314025
28.7741995,-12.70721297
28.0264108,-12.85848933
27.2786094,-12.96654387
26.5435207,-13.08180206
25.7914902,-13.19706024
25.0246261,-11.17283847
24.2789583,-11.28089301
23.5311696,-11.48259482
22.7854891,-11.73472209
22.0588713,-12.02286753
21.3089617,-12.30380934
20.5505685,-12.6135657
19.7773671,-12.92332206
19.0486284,-13.22587478
18.2965979,-13.47079842
17.5360965,-13.68690751
16.7798242,-13.9030166
16.0383855,-14.09751478
15.3160095,-14.31362388
14.576679,-14.52252934
13.8246485,-14.73863843
13.0832225,-14.91152571
12.3290711,-15.10602389
11.5961033,-15.24289299
10.8546519,-15.37976208
10.0962714,-15.559853
9.3611954,-15.76875846
8.619744,-15.97766392
7.8995016,-16.19377303
7.1474711,-16.40267849
6.4081406,-16.62599123
5.6730646,-16.82048942
4.9379759,-17.02219125
4.2262044,-17.25270763
3.4614612,-17.47602038
2.7115516,-17.66331494
1.9849338,-17.89383132
1.2477369,-18.08112588
0.4999482,-18.2396059
-0.2563368,-18.42690046
-1.0062464,-18.67182411
-1.7476851,-18.83030413
-2.491232,-18.93835869
-3.2453834,-18.87352595
-3.9995348,-18.58538047
-4.7346235,-18.13875497
-5.5078376,-17.67772221
-6.2789308,-17.67772221
-7.0394322,-17.73535131
-7.7893418,-18.27562408
-8.547735,-18.9599696
-8.8633681,-17.32474404
-9.1006295,-17.72814767
-9.8018219,-20.07653336
-10.5347897,-20.95537712
-11.2804575,-21.44522446
-12.0282589,-21.86303543
-12.7654558,-22.51136282
-13.4857109,-22.92197016
-14.1381734,-22.9291738
-14.8774912,-23.62792666
-15.6274135,-24.5860105
-16.3752022,-25.73138894
-17.1314618,-26.83354559
-17.8771423,-27.97892409
-18.618581,-29.26837539
-19.3684906,-30.29849573
-20.0273031,-31.80405627
-20.7221455,-33.46809694
-21.4720551,-35.2113777
-22.1711266,-36.47201466
-22.8235891,-37.83350262
-23.5374942,-39.46152532
-24.2344321,-40.89504978
-24.9208036,-42.26374154
-25.6071624,-43.538786
-26.2723249,-44.83544144
-26.98623,-46.21854061
-27.7128478,-47.62325077
-28.4331029,-49.04236826
-29.113099,-50.53352223
-29.8206414,-52.30561834
-30.5239547,-54.27941654
-31.187009,-56.5557679
-31.8458215,-59.19950527
-32.5258303,-62.73649484
-33.1168629,-65.48108375
-33.7439127,-69.39266364
-34.3878916,-73.74366654
-35.0170623,-78.16670657
-35.6186867,-83.25968674
-36.2203111,-89.00820015
-36.752022,-95.05206461
-37.2964583,-103.2354162
-37.8620655,-113.9040328
-38.3980055,-125.8981284
-38.9127873,-139.2897423
-39.5038199,-152.0258312
-40.1562824,-163.6741736
-40.7918031,-174.2563788
-41.469691,-183.2249651
-42.1369744,-190.7600222
-42.8296832,-197.3874177
-43.4609748,-200.6218759
-43.5478301,-150.3905977
-43.3741195,-102.5870873
-42.9779684,-59.92707341
-42.4568493,-31.29259791
-41.8700585,-13.70131479
-41.2303087,-4.300570083
-40.7811986,-0.785196192
-40.5905589,0.028814539
-40.0207099,2.924675642
-39.2707876,5.136191377
-38.5335907,6.807434499
-37.8133356,8.053663182
-37.0655469,9.01174649
-36.2881037,9.760924404
-35.5572568,10.40204781
-34.8136972,10.90630217
-34.0680294,11.31690929
-33.326578,11.72031277
-32.5660766,12.04447629
-31.8204088,12.28219619
-31.0726074,12.5199161
-30.3142269,12.72882147
-29.5558464,12.92331958
-28.8101659,13.13942858
-28.0623772,13.34833396
-27.2934049,13.51401753
-26.562558,13.69410836
-25.8041648,13.85979193
-25.0394216,14.01106823
-24.2810411,14.11912273
-23.5247815,14.2415845
-22.7600383,14.29921357
-21.991066,14.3064172
-21.2009101,14.22717724
-20.4425169,13.94623553
-19.6904864,13.54283206
-18.9066805,13.11061405
-18.1101619,12.80085781
-17.3750859,12.81526507
-16.5997509,12.99535591
-15.8286577,13.19705765
-15.0596727,13.35553759
-14.3288258,13.52842479
-13.5535035,13.73012653
-12.7929894,13.9390319
-12.0367298,14.19115907
-11.2783366,14.39286081
-10.522077,14.54413711
-9.7573338,14.67380251
-9.0095451,14.82507881
-8.507476,13.93182826
-8.2447892,14.54413711
-7.5330177,15.19246411
-6.7619245,15.32933314
-6.0014231,15.48781307
-5.2621053,15.65349664
-4.5079539,15.83358747
-3.7389689,16.02808557
-2.9763466,16.2297873
-2.2200743,16.4026745
-1.4574647,16.49632173
-0.6906006,16.6836162
0.0720217,16.93574336
0.834644,17.16625962
1.609979,17.38236862
2.3598886,17.60568124
3.1225109,17.77136481
3.8745414,17.89382657
4.6774227,17.79297571
5.4209696,17.27431412
6.1878337,16.33063817
6.9483351,15.96325287
7.6940156,16.50352537
8.448167,17.00057606
9.1874848,17.67051394
9.9034981,18.0955283
10.7063794,18.41969179
11.4351054,18.67902258
12.0812179,18.93114974
12.8374775,19.33455319
13.5873871,19.76677116
14.3457803,20.24221094
15.0999317,20.68883619
15.8710249,21.16427596
16.5997636,21.5244576
17.3856904,21.91345378
18.1271164,22.35287538
18.8664469,22.84272241
19.580352,23.51986389
20.3323698,24.37709618
21.0695794,25.50806651
21.7813636,26.71827679
22.4973769,28.18781782
23.1964484,29.9815223
23.9061244,31.73920859
24.6094377,33.54011665
25.3233301,35.31221016
26.0308852,36.71691842
26.6812268,38.51782644
27.3654774,40.04499642
28.0878407,41.61538818
28.7720786,43.01289277
29.4986964,44.4896373
30.2189642,45.87993825
30.9243857,47.06133386
31.6552326,48.19950768
32.3543041,49.35208876
33.0999719,50.62713158
33.7863434,51.65004729
34.5256612,53.05475547
35.2565081,54.4018346
35.9407587,55.77772826
36.6758347,57.29049091
37.3685562,59.1058061
38.0506859,61.57665178
38.7497701,64.53014079
39.4001117,68.30484384
40.0207988,73.33297889
40.5842978,78.60603755
41.1583886,84.91641942
41.7282249,92.21369928
42.2641776,100.4762665
42.7810803,109.7905651
43.2979703,120.8193301
43.7258841,130.8756062
44.1813442,143.1650121
44.6304416,154.6476137
45.0922644,165.4890944
45.6091544,176.0352289
46.0773145,183.7719446
46.1451071,147.6456756
46.0264764,110.0138778
45.7997941,73.28975711
45.3909557,44.87142979
44.8655821,24.74448145
44.2787913,11.61225827
43.6114952,4.646344249
42.9293655,0.814010717
42.5819443,-0.079239984
42.3256202,-0.821214367
41.7091622,-2.305163157
40.9825571,-3.652242916
40.2432266,-4.725584562
39.5018006,-5.690871695
38.7455283,-6.591326126
37.9998478,-7.261264229
37.2838218,-7.844758712
36.5550958,-8.399438657
35.8009444,-8.860471343
35.0404303,-9.191838592
34.3011125,-9.170227681
33.5575529,-9.278282222
32.7885806,-9.53761311
32.0450083,-9.941016719
31.2887487,-10.22195852
30.5494182,-10.41645669
29.8185713,-10.62536213
29.0368863,-10.82706394
28.3039185,-10.98554393
27.5539962,-11.18724574
26.8040993,-11.36733664
26.0647688,-11.54742755
25.3042674,-11.72031481
24.5712996,-11.87159117
23.82139,-12.00846026
23.0608759,-12.1957548
22.3321499,-12.39025297
21.5631776,-12.55593661
20.8238471,-12.75763843
20.0485121,-12.9521366
19.2922525,-13.13943115
18.5423302,-13.31231842
17.7797079,-13.52122387
17.0170856,-13.67250024
16.2862387,-13.83098024
15.5278582,-14.03268206
14.7779359,-14.21277297
14.0068427,-14.41447479
13.271754,-14.5945657
12.5133735,-14.81067479
11.7761639,-15.04119117
11.0283752,-15.22848572
10.2572693,-15.45900209
9.5158306,-15.65350028
8.7807419,-15.8552021
8.0520159,-16.04970029
7.3063481,-16.24419849
6.5437258,-16.41708577
5.8043953,-16.59717669
5.0778029,-16.75565669
4.3427015,-16.95735853
3.5716083,-17.12304217
2.8238196,-17.324744
2.0654391,-17.49042765
1.345184,-17.64890766
0.5634863,-17.77857313
-0.1906651,-17.90103496
-0.9384411,-17.96586769
-1.703197,-17.95146042
-2.431923,-17.87942405
-3.2051371,-17.67772221
-3.982593,-17.15906036
-4.7388526,-16.80608215
-5.5078376,-16.79887851
-6.2683263,-16.87811852
-7.0288404,-17.04380216
-7.7829791,-17.33194764
-8.4968842,-17.87942405
-9.2192602,-18.53495501
-9.9734116,-19.03200597
-10.0835714,-15.65350028
-10.575036,-18.82310049
-11.3270665,-19.75957332
-12.0833388,-20.15577337
-12.8162939,-20.07653336
-13.5789162,-19.73796241
-14.305534,-19.79559151
-15.0723854,-20.12695882
-15.7926405,-20.81850801
-16.5679755,-21.65412995
-17.2945806,-22.47534463
-18.0677947,-23.36139206
-18.817717,-24.39871591
-19.5824475,-25.43603978
-20.3154026,-26.5165855
-21.0017741,-27.02084018
-21.7305001,-28.20944052
-22.467697,-29.58533549
-23.2176066,-30.91800868
-23.9315117,-32.12822004
-24.6263414,-33.26639503
-25.3529592,-34.59186469
-26.0689725,-35.87411255
-26.7955776,-37.05550949
-27.5433663,-38.15046278
-28.2848177,-39.11575058
-28.994481,-40.06663112
-29.7104943,-40.98149348
-30.4265076,-41.92517042
-31.1573545,-42.80401461
-31.8712469,-43.63243334
-32.6042147,-43.86294986
-33.3223489,-45.77191483
-34.0341331,-47.58002891
-34.7353128,-49.4241613
-35.4343843,-51.41957027
-36.1122722,-53.46540486
-36.8304064,-55.97227276
-37.4976898,-58.70245382
-38.1988949,-62.31147978
-38.7666103,-65.84846969
-39.4000101,-71.07111336
-39.9868136,-76.96369724
-40.582088,-84.02327367
-41.0989653,-91.29175783
-41.6264471,-101.4272986
-42.1687498,-114.7324536
-42.6962316,-130.3860109
-43.2554888,-147.8404979
-43.7871997,-160.8215176
-43.8613423,-118.0317299
-43.6834026,-75.53017129
-43.2491388,-42.03322505
-42.6898816,-21.46683538
-42.0840154,-9.616853107
-41.4379156,-2.845435787
-41.0841444,-0.756381653
-40.8871293,0.288145387
-40.1944078,2.780602953
-39.4466191,4.523882466
-38.6924677,5.928591139
-37.9743335,7.066765326
-37.2307739,8.068070447
-36.4851061,8.838859276
-35.7267256,9.415149984
-34.989516,9.91940435
-34.2459691,10.46688051
-33.4875886,10.870284
-32.7461499,11.20165115
-32.0089403,11.49700013
-31.2399553,11.72031277
-30.5027711,11.90760725
-29.7316652,12.04447629
-28.9838765,12.21015986
-28.2318587,12.33262163
-27.462861,12.4550834
-26.7087223,12.53432337
-25.9482209,12.50550883
-25.1961904,12.3902507
-24.4187345,12.25338166
-23.6476413,11.93642178
-22.8807899,11.54022193
-22.1075758,11.25928022
-21.3301199,11.09359665
-20.5611476,11.10080028
-19.8133462,11.24487295
-19.042253,11.41055653
-18.2563389,11.597851
-17.5064166,11.80675637
-16.7649906,12.05888355
-15.9705802,12.325418
-15.2121997,12.46228703
-14.4622901,12.64958151
-13.682726,12.79365418
-12.9243328,12.92331958
-12.1617105,13.08900315
-11.4033173,13.23307582
-10.6449495,13.37714849
-9.9034981,13.52842479
-9.3018864,12.7360251
-9.0561541,13.50681389
-8.3231736,13.8958101
-7.573264,14.0254755
-6.8169917,14.19115907
-6.0459112,14.34243537
-5.2917598,14.51532257
-4.5291375,14.69541341
-3.7665152,14.88991151
-3.001772,15.07720597
-2.2391497,15.30051861
-1.4892274,15.45899854
-0.7117842,15.6895148
0.0508381,15.8407911
0.8155813,16.00647467
1.5845663,16.09291827
2.3429341,16.2730091
3.0949773,16.47471083
3.8533705,16.65480166
4.4888785,16.71243073
5.2197254,16.95015062
5.9569223,17.03659422
6.7131946,17.17346325
7.473696,17.25990685
8.2214974,17.23109232
8.9523443,17.26711049
9.6598867,17.53364491
10.4013254,17.73534664
11.1618268,17.92984474
11.9075073,17.91543747
12.6658878,17.03659422
13.4581773,14.98355874
14.2398623,13.99666097
15.0003637,14.45048987
15.756636,15.33653677
16.5107874,15.82638384
17.3157769,16.33063817
18.0868701,16.97176153
18.8558551,17.55525581
19.5867147,18.13154646
20.3705079,18.65741168
21.1310093,19.24090595
21.8427935,19.75956753
22.588474,20.37907997
23.3341545,21.17868322
24.0650014,22.04311917
24.7810147,23.22451495
25.477978,24.67244512
26.1791704,26.20681887
26.8803628,27.69076718
27.5963761,29.05945735
28.3123894,30.24085306
29.0390072,31.24936159
29.778325,32.10659383
30.5134137,32.9710297
31.2400188,33.80665104
31.9835784,34.31090529
32.6741917,35.04567577
33.4135095,35.78764988
34.118931,36.6881039
34.8222443,37.6101688
35.563683,38.51782644
36.2881799,39.62718577
37.008435,40.76535961
37.6947938,42.2276969
38.3875153,43.77647775
39.1141204,45.87993825
39.8026001,48.27874763
40.467788,51.44114197
41.1287214,55.08617962
41.7578921,59.9918528
42.3680001,65.99968167
42.906061,72.88635371
43.4017801,81.33621415
43.8995947,91.07552529
44.3465712,102.2411567
44.7766059,115.1212547
45.2087742,128.4767952
45.6260962,142.5671101
46.007401,156.426913
46.4226148,167.4556889
46.4755738,134.333352
46.3844894,98.09186387
46.1154526,63.66570498
45.6938888,37.9487395
45.1621652,20.09093465
44.5393445,9.27828094
43.8529857,3.616224545
43.158156,0.511458065
42.8488729,-0.136869061
42.5628816,-0.821214367
41.9506654,-2.089054108
41.2028767,-3.097563012
40.4889716,-4.163701012
39.7538829,-4.977711796
38.9976106,-5.76290805
38.2498092,-6.317587977
37.5359168,-6.713787927
36.7944654,-7.117191518
36.0318431,-7.369318761
35.305238,-7.643056915
34.5574366,-7.8015369
33.7948143,-7.909591431
33.0618465,-8.053664147
32.303466,-8.190533222
31.5620273,-8.312995031
30.8184677,-8.46427138
30.0812581,-8.615547728
29.3292276,-8.810045894
28.5814262,-9.004544059
27.8442293,-9.220653135
27.1070197,-9.436762207
26.3465183,-9.674482194
25.6029587,-9.962627626
24.8763409,-10.23636579
24.145494,-10.55332577
23.3892344,-10.85587849
22.6626166,-11.13682029
21.9232988,-11.39615119
21.1818601,-11.677093
20.4531341,-11.95083117
19.6883909,-12.17414389
18.9596649,-12.40466025
18.2139844,-12.62797297
17.4492412,-12.82247115
16.7014398,-13.0313766
15.9705929,-13.23307842
15.2206833,-13.40596569
14.4877155,-13.60766751
13.7314432,-13.79496206
12.9942463,-14.01107115
12.2422158,-14.22718024
11.5007771,-14.45049297
10.7550966,-14.65939843
9.9967161,-14.84669298
9.2743401,-15.06280208
8.5413723,-15.23568935
7.8062836,-15.43018754
7.0457822,-15.61748209
6.3022353,-15.79036937
5.5798593,-15.99927483
4.829937,-16.18656939
4.0969692,-16.37386395
3.3407096,-16.52514032
2.5823164,-16.64039851
1.8493486,-16.72684214
1.1036808,-16.71243487
0.3516503,-16.51793668
-0.4130929,-15.64629664
-1.1905488,-14.86110025
-1.9362166,-14.24879115
-2.7009598,-14.16955115
-3.4551112,-14.41447479
-4.2198544,-14.68821298
-4.9867058,-15.03398753
-5.7302654,-15.51663118
-6.4844168,-16.45310395
-7.2216137,-17.11583853
-7.9672942,-17.36796583
-8.7150829,-17.5768713
-9.4522798,-17.7929804
-10.1831394,-17.94425678
-10.9182154,-18.17477316
-11.6511832,-18.49893683
-12.4053219,-18.88793323
-13.1531233,-19.0752278
-13.8818493,-18.64300957
-14.6423634,-17.75696222
-15.4028521,-15.05559844
-16.1781871,-14.06870024
-16.9344594,-15.01237662
-17.6568227,-16.66921305
-18.3897905,-18.21799499
-19.1460628,-19.34176237
-19.5316094,-17.54085316
-19.8133589,-18.98158051
-20.5208886,-21.1642826
-21.2729318,-22.23042095
-22.0185996,-23.00121018
-22.6922457,-24.02412674
-23.4167426,-25.11907971
-24.117935,-26.49497459
-24.8572401,-27.88527679
-25.5944497,-29.196339
-26.2935212,-30.35612484
-27.0222472,-31.53031799
-27.7446105,-32.71171481
-28.4733365,-33.89311166
-29.2020752,-35.02408307
-29.9096176,-36.20547998
-30.6086891,-37.53815337
-31.3352942,-38.82040133
-32.0428366,-40.07383476
-32.7207245,-41.24082454
-33.4219042,-42.53027625
-34.1400511,-43.76930252
-34.8857189,-45.02273611
-35.5890195,-46.29057703
-36.288091,-47.72410176
-37.016817,-49.40255037
-37.7476766,-51.20346099
-38.40861,-53.43659029
-39.0483598,-55.93625454
-39.7389604,-59.25713443
-40.3172676,-63.1759172
-40.9040711,-68.54983699
-41.435782,-76.01281566
-41.946322,-84.80126791
-42.4272075,-96.4495734
-42.9440848,-112.0743034
-43.4630957,-130.1122717
-43.9439685,-145.4993049
-44.0053984,-104.6617401
-43.7914415,-64.53020258
-43.3444523,-34.72153022
-42.7555406,-17.28152219
-42.1200199,-7.607038739
-41.4824037,-1.908963234
-41.211246,-0.540272608
-40.9337383,0.720363469
-40.2134705,2.679752072
-39.4529818,4.163700754
-38.7051804,5.157802283
-37.9785753,6.231143773
-37.2371366,7.246856173
-36.4660434,8.11129225
-35.7309547,8.752415668
-34.9810578,9.328706377
-34.2374982,9.832960742
-33.4812259,10.32280784
-32.7546081,10.68298952
-31.9919985,10.92070944
-31.2209053,11.10800391
-30.4837084,11.26648386
-29.7083607,11.45377833
-28.9584638,11.59064737
-28.2043124,11.72751641
-27.4205065,11.75633094
-26.6557633,11.60505463
-25.9037328,11.40335289
-25.1368814,11.10080028
-24.3509546,10.72621133
-23.5883323,10.38043691
-22.8193473,10.11390246
-22.0524959,10.04906976
-21.2517482,10.12830973
-20.493355,10.2939933
-19.758279,10.51010232
-18.9702313,10.73341496
-18.1885463,10.97113488
-17.4301658,11.23766932
-16.6738808,11.49700013
-15.8900876,11.69870187
-15.0956772,11.90760725
-14.3627221,12.08769809
-13.589508,12.26058529
-12.8374902,12.4334725
-12.0684925,12.5847488
-11.3058829,12.75763601
-10.5496106,12.93052321
-9.7869883,13.08900315
-9.0222451,13.26909399
-8.7489792,11.69149824
-8.1770093,13.47079573
-7.4143997,13.67970109
-6.6454147,13.86699557
-5.8764297,14.05429004
-5.122291,14.21276997
-4.3596687,14.3712499
-3.5949255,14.54413711
-2.8365323,14.68820977
-2.0527264,14.82507881
-1.3091795,14.98355874
-0.5359527,15.17085321
0.2478532,15.30772224
1.0062337,15.37975857
1.7667351,15.44459127
2.5166574,15.47340581
3.2686879,15.40857311
4.0546147,14.2199736
4.8023907,14.4793044
5.5269003,15.32212951
6.2492763,15.71112571
6.8678425,16.078511
7.6410439,16.30902727
8.4057998,16.53954353
9.1154631,16.75565253
9.8335973,16.92133609
10.6068114,17.09422329
11.3800255,17.23109232
12.1087515,17.39677588
12.8565529,17.51203401
13.6106916,17.54805218
14.3945102,17.41118315
15.1825579,16.4242854
15.9684847,15.27890771
16.737457,15.01237327
17.5233838,15.69671844
18.2987188,16.28021273
19.0592202,16.75565253
19.8324343,17.15185235
20.6120111,17.48321948
21.3831043,17.8361975
22.1351348,18.31884092
22.8765735,18.79428071
23.6074331,19.43540405
24.3403882,20.14136008
25.0902978,20.91214881
25.8275074,21.69014116
26.5583543,22.56178073
27.2786094,23.71436198
27.9882727,24.88855411
28.6937069,25.969099
29.4414956,27.07845841
30.1744761,28.17341056
30.9159148,29.24675179
31.6382781,30.26246396
32.3543041,31.24215795
33.1126846,32.17142652
33.8350606,33.08628782
34.5616784,33.46808033
35.2755835,34.46218157
35.9788841,35.24017384
36.7224437,36.36394045
37.425757,37.35083805
38.1184785,38.72673177
38.8429627,40.18906906
39.5611096,42.15566058
40.255952,44.46802641
40.9190063,47.3638864
41.5693479,50.82162964
42.2091104,55.41034304
42.8340393,60.92112129
43.3911756,67.71414603
43.874182,75.8326392
44.3423421,85.48550638
44.7978022,97.0401334
45.2341869,109.8553978
45.6621134,123.9385044
46.0307055,138.4034072
46.4395693,153.3941802
46.9098503,167.3764488
47.4585157,178.9238907
48.0431983,187.7483579
48.6448227,194.0299393
49.2655098,199.9153214
49.9200932,205.4045039
50.5026676,207.5511924
50.6107065,168.665901
50.5047758,129.6005625
50.2844689,88.91443549
49.9052723,54.7187944
49.4519331,30.13279857
48.890555,14.12632637
48.2465634,5.287467699
47.5178374,0.792399815
47.1767662,-0.122461792
46.9162003,-0.835621637
46.3124677,-2.427624953
45.6027917,-3.450541132
44.8507485,-4.617530031
44.1177934,-5.647649882
43.3996592,-6.404031602
42.6751623,-7.066766069
41.9316027,-7.614242371
41.1732095,-7.844758712
40.4338917,-7.938405974
39.7115157,-8.13290414
38.9658352,-8.168922315
38.201092,-8.104089597
37.4744742,-8.024849604
36.7351564,-8.04646051
35.9640505,-7.996035061
35.2416872,-7.996035061
34.4981149,-8.176125952
33.7397344,-8.629955002
33.0173711,-9.163024049
32.3246369,-9.479984024
31.6022736,-9.688889463
30.8862476,-9.883387633
30.2189515,-10.05627489
29.4754046,-10.23636579
28.7276032,-10.40925306
27.9819227,-10.58934395
27.240484,-10.72621304
26.4820908,-10.98554393
25.7575939,-11.12961665
24.9928634,-11.31691119
24.2620038,-11.26648574
23.5078651,-10.95672939
22.7685346,-11.13682029
22.0334586,-11.38174391
21.2941281,-11.64827845
20.5611603,-11.89320208
19.7879462,-12.14532935
19.057112,-12.37584571
18.3156606,-12.58475115
17.5509174,-12.78645297
16.7883078,-13.02417296
16.0426273,-13.21867115
15.2990677,-13.39876205
14.5470245,-13.57164933
13.7822813,-13.73733297
13.0366135,-13.9030166
12.2888121,-14.03268206
11.5431316,-14.2199766
10.7953556,-14.37845661
10.0200206,-14.52973297
9.3039946,-14.68100934
8.5773895,-14.8322857
7.825359,-14.95474753
7.0648576,-15.02678389
6.327648,-15.04119117
5.5883302,-14.88271116
4.8193579,-14.11192206
4.0440102,-12.90171115
3.2792797,-12.26779116
2.5230074,-12.00125662
1.7667478,-12.08770026
1.0083546,-12.31101298
0.2436114,-12.89450751
-0.5063109,-13.83098024
-1.2562078,-15.0483948
-1.9891883,-15.54544573
-2.7306143,-15.79036937
-3.4932366,-16.07851484
-4.2431462,-16.38106758
-5.0142521,-16.63319487
-5.7450863,-16.89972943
-6.4886459,-17.16626399
-7.2343264,-17.42559492
-7.9905987,-17.67772221
-8.706612,-17.91544223
-9.4501589,-18.18918044
-10.2149021,-18.48452955
-10.9605826,-18.9599696
-11.2063149,-14.97635844
-11.6342287,-18.52775138
-12.3714256,-19.88203516
-13.1086352,-20.30704976
-13.8352403,-20.51595524
-14.5872708,-20.29264248
-15.3266013,-19.47863148
-16.0786318,-19.34896601
-16.856075,-20.17018065
-17.5975137,-21.01300622
-18.2753889,-21.394799
-19.0210694,-22.16558821
-19.770979,-22.91476653
-20.5102968,-23.80081397
-21.2559773,-24.83093419
-22.0164787,-25.57290891
-22.713442,-26.37971638
-23.4506262,-27.39542938
-24.1708813,-28.24545871
-24.9144409,-29.22515356
-25.674955,-30.24807026
-26.403681,-31.31420882
-27.1493488,-32.29390373
-27.8759666,-33.2591914
-28.6025717,-34.18846088
-29.3312977,-35.1033231
-30.0579028,-36.01818535
-30.7612034,-36.91143669
-31.5026548,-37.76146622
-32.214439,-38.60429212
-32.9134978,-39.50474716
-33.6379947,-40.63571872
-34.3709625,-41.76669032
-35.0785049,-43.02012384
-35.7966264,-44.34559382
-36.4851061,-45.72148934
-37.2138321,-47.29908688
-37.9086745,-49.15042289
-38.5696079,-51.23227556
-39.2538458,-53.98406717
-39.8787747,-56.72865535
-40.5079327,-60.85634351
-41.0735399,-64.92640303
-41.6073717,-70.23549031
-42.1306244,-76.84123522
-42.6242099,-84.10251382
-43.0648237,-93.37361343
-43.5626637,-106.0448421
-44.0901328,-119.3139814
-44.6197355,-132.4462591
-45.2171181,-145.4704903
-45.8526388,-156.5713492
-46.5093304,-165.9721468
-47.1893392,-174.1699347
-47.862998,-181.3448032
-48.4582597,-184.7593503
-48.5218105,-134.3768416
-48.3586917,-88.35266795
-47.9773869,-48.73981532
-47.4456633,-23.97370128
-46.8504016,-10.19314398
-46.2148809,-2.823824881
-45.8505179,-0.741974384
-45.6683364,0.388996273
-44.9692649,2.737381145
-44.2723143,4.394217051
-43.5520719,5.813332993
-42.8021496,7.059561689
-42.0437691,8.12569952
-41.3023304,9.062171927
-40.5566499,9.811349845
-39.7982694,10.42365871
-39.0102344,10.9351167
-38.309042,11.36733472
-37.5591197,11.71310914
-36.8071019,11.97243995
-36.0338878,12.17414169
-35.2903409,12.37584343
-34.5234768,12.59915607
-33.7587336,12.72882147
-33.008824,12.82967234
-32.2546726,12.85128325
-31.504763,12.88009778
-30.7336698,12.81526507
-29.9689393,12.4983052
-29.206317,12.17414169
-28.4606238,11.84277455
-27.6789515,11.43216743
-26.8972665,10.9351167
-26.1325106,10.45967688
-25.3826137,10.04906976
-24.6072787,9.746517139
-23.8277146,9.609648096
-23.0672005,9.696091703
-22.29612,9.811349845
-21.5165432,9.912200717
-20.7560418,10.05627339
-20.0018904,10.23636424
-19.2371472,10.42365871
-18.4575704,10.61095319
-17.7013108,10.79104403
-16.9387012,10.98554214
-16.1887789,11.20165115
-15.3689558,11.43216743
-14.6487134,11.62666554
-13.8818493,11.79955274
-13.1171061,12.05167992
-12.3502547,12.27499256
-11.5939824,12.5847488
-10.833481,12.88730141
-10.0687378,13.17544675
-9.3167073,13.38435212
-8.554085,13.59325749
-8.3147027,11.74192367
-7.7427328,13.82377377
-6.9780023,14.0038646
-6.22808,14.20556634
-5.486654,14.37845354
-4.7303817,14.58015527
-3.9465758,14.75304247
-3.1860744,14.93313331
-2.4340312,15.09161324
-1.6608298,15.19966774
-0.9130284,15.29331497
-0.1398143,15.46620218
0.6206871,15.62468211
1.3748385,15.86960564
2.1035645,16.09291827
2.7263725,16.33063817
3.4699194,16.61157986
4.2579671,16.84209613
4.9888267,16.95015062
5.7323736,17.05100149
6.4759459,17.19507415
7.2322055,17.47601585
7.9884651,17.74975391
8.7277956,18.0306956
9.4522925,18.29723002
10.1683058,18.52774628
10.9690535,18.75826254
11.6999004,18.88792794
12.4392309,18.39808089
13.2166741,16.87091066
13.9983718,15.76875477
14.7969986,15.75434751
15.5617418,15.92003107
16.3349559,16.3162309
17.0912282,16.82048523
17.8856259,17.29592502
18.65249,17.80017934
19.4129914,18.44130269
20.1862055,19.14005509
20.9382487,19.80999296
21.6330784,20.53755989
22.3618044,21.29394135
23.1159558,22.23041362
23.84044,23.25332948
24.5437533,24.39870708
25.2809629,25.616121
25.9885053,26.81912764
26.6896977,28.00052337
27.4163155,29.1819191
28.1450415,30.51459109
28.8462339,31.91209576
29.5685972,33.28078589
30.2825023,34.10920359
30.9731156,35.0744903
31.699708,35.85968621
32.4242049,36.57284578
33.1698854,37.35083805
33.8837905,37.94873951
34.6464128,38.54664097
35.4069142,38.90682256
36.1059984,39.25980053
36.8664998,39.72803661
37.5973467,40.31873443
38.3197227,41.031894
39.0696323,41.70183177
39.7750665,42.44380585
40.4932007,43.46672158
41.2219394,44.52565546
41.9273736,46.13206536
42.6327951,47.76008615
43.3149248,50.11567373
43.98645,52.9250901
44.6600961,56.16672437
45.3337549,60.40245981
45.954442,65.44500202
46.5391246,72.00751062
47.0750773,78.44755764
47.5729173,87.40167263
48.0643819,96.82402441
48.5749092,107.3629404
49.0409738,118.8311268
49.4688876,129.8094679
49.9200932,142.2645573
50.4073287,153.8336023
50.9115187,165.092894
51.4072251,171.6193949
51.4707759,135.5363594
51.3542661,98.43763828
51.0915793,62.64278928
50.6361319,36.21266417
50.0874538,18.78707707
49.4476913,8.428252145
48.7465116,2.852639295
48.0982655,0.014407269
47.8249996,-0.59790169
47.5199456,-1.282246996
46.7954487,-2.319570431
46.0603727,-3.133581188
45.3168131,-3.954795591
44.5732535,-4.732788195
43.8402857,-5.647649882
43.0946052,-6.223940715
42.3679874,-6.70658429
41.6138487,-7.102784244
40.8745055,-7.405336941
40.1394295,-7.599835102
39.3831699,-7.621446008
38.6205349,-7.527798746
37.8854589,-7.441355117
37.1524784,-7.362115124
36.3962188,-7.311689679
35.6420674,-7.304486042
34.8773242,-7.326096948
34.1570564,-7.45576239
33.4092677,-7.693482364
32.6402954,-7.909591431
31.8903731,-8.118496866
31.1489344,-8.341809575
30.4138584,-8.586733185
29.6448607,-8.853267711
28.9013011,-9.076580419
28.1641169,-9.314300402
27.4226655,-9.530409473
26.6748641,-9.746518549
25.948259,-9.948220356
25.1771531,-10.17873671
24.4441853,-10.37323488
23.7112302,-10.56773305
22.9613079,-10.78384213
22.2135192,-10.99274757
21.4593678,-11.23767119
20.7073373,-11.43216937
19.9341105,-11.64107482
19.1799718,-11.82836935
18.4321831,-12.0372748
17.665319,-12.23897662
16.9175176,-12.39745661
16.1845498,-12.57034388
15.4134566,-12.77924933
14.6550761,-12.9521366
13.8754993,-13.14663478
13.1531233,-13.31231842
12.3862592,-13.47800205
11.6342414,-13.62927842
10.8694982,-13.76614751
10.0962841,-13.86699842
9.3760163,-13.96064569
8.6324694,-13.95344206
7.8677262,-13.60046387
7.0923912,-13.01696933
6.3382398,-12.2966057
5.5819675,-11.90760935
4.8405415,-11.87879481
4.0609647,-11.9580348
3.2877506,-12.2749948
2.5378283,-12.97374751
1.775206,-13.73733297
1.0210673,-14.27040206
0.2520823,-14.50091842
-0.5062982,-14.76024934
-1.2583287,-15.01958026
-2.0082383,-15.27170753
-2.7602688,-15.54544573
-3.5165411,-15.83359119
-4.2770552,-16.10012575
-5.0269521,-16.36666031
-5.7726326,-16.63319487
-6.539484,-16.90693307
-7.2894063,-17.16626399
-8.0414241,-17.41839128
-8.7765255,-17.66331494
-9.5200724,-17.90823859
-10.2932865,-18.03070042
-10.986008,-18.26842044
-11.7232049,-18.62860229
-12.4731145,-19.00319142
-13.2399786,-19.32735509
-13.4751191,-14.80347116
-13.9030329,-18.32604954
-14.6465925,-19.25531872
-15.3901394,-18.50614047
-16.1654744,-16.89972943
-16.9429303,-17.25270763
-17.678019,-17.60568584
-18.4300495,-17.92264587
-19.1884173,-18.27562408
-19.9383396,-19.0752278
-20.6861283,-19.88203516
-21.4360506,-20.66723162
-22.2092647,-21.53166811
-22.9083362,-21.87744271
-23.6497622,-22.79950832
-24.3954427,-23.83683216
-25.1220478,-24.60041777
-25.8550156,-25.52968708
-26.6112752,-26.50217823
-27.356943,-27.35941118
-28.119578,-28.17342233
-28.8440622,-28.9153971
-29.58338,-29.57092822
-30.3248187,-30.2552739
-31.0726074,-31.01165598
-31.7971043,-31.77524172
-32.5258303,-32.53882747
-33.2714981,-33.33843143
-33.995995,-34.08040628
-34.7353128,-34.84399208
-35.4492052,-35.65800336
-36.1906566,-36.52244014
-36.9532662,-37.48772789
-37.6777631,-38.546663
-38.4107182,-39.63441269
-39.1267442,-40.89504979
-39.8745329,-42.27814882
-40.6180925,-43.79091345
-41.3108013,-45.51258373
-41.9865683,-47.51519614
-42.6559853,-49.89960169
-43.3169314,-52.89631706
-43.9630312,-56.17397478
-44.5837183,-60.92837996
-45.1239128,-65.87008062
-45.7043536,-72.39658445
-45.8187425,-80.70239107
-46.3038571,-89.74297264
-46.8122635,-102.2845336
-47.3439871,-117.9957115
-47.869348,-135.6158721
-48.3819962,-149.1011403
-48.4222425,-107.3775187
-48.2443028,-65.72600776
-47.7951927,-34.59186471
-47.2105228,-17.245504
-46.5728812,-7.434151484
-45.9373732,-1.851334156
-45.6810491,-0.533068976
-45.4437877,0.648327122
-44.7404871,2.514068476
-44.026582,3.616224545
-43.2787933,4.372606149
-42.5373546,5.273060429
-41.8065077,6.209532872
-41.0756608,7.045154424
-40.3194012,7.787128723
-39.5631289,8.44265941
-38.825932,9.076579191
-38.1014351,9.674480801
-37.3642382,10.05627339
-36.593145,10.48128778
-35.8347645,10.89909854
-35.0954467,11.06478211
-34.3222199,11.07918938
-33.572323,11.18004025
-32.809688,11.33131656
-32.0703702,11.39614926
-31.292927,11.44657469
-30.5578383,11.36733472
-29.7931078,11.17283662
-29.0156519,10.89909854
-28.2699714,10.58934229
-27.5179409,10.22195697
-26.7532104,9.883386178
-25.9736336,9.552019027
-25.2152531,9.343113646
-24.4674644,9.263873676
-23.7027212,8.939710152
-22.9379907,8.831655643
-22.1647639,8.954117417
-21.4063834,9.177430068
-20.6225902,9.429557253
-19.864197,9.688888066
-19.1291083,9.926607982
-18.3686069,10.20034606
-17.5911637,10.43806598
-16.8412414,10.71180406
-16.07439,10.9351167
-15.3308304,11.14402208
-14.5660999,11.41055653
-13.8331321,11.71310914
-13.0620262,12.00125448
-12.3121166,12.24617803
-11.5431443,12.48389793
-10.786872,12.70721057
-10.0242497,12.88009778
-9.2785819,12.85128325
-8.5180805,12.36143616
-7.7617955,12.5631379
-7.0034277,12.78645054
-6.2407927,12.95933775
-5.4696995,12.90891231
-4.717669,12.91611595
-3.9677594,13.15383585
-3.2199707,13.35553759
-2.444623,13.57885023
-1.6735425,13.77334833
-0.9998837,13.84538466
-0.8198231,13.29070489
-0.1016889,13.95343916
0.669417,14.14793727
1.4150848,14.349639
2.133219,14.53693347
2.9064331,14.61617344
3.6944808,14.5225262
4.4274359,14.4793044
5.1498246,14.5873589
5.8721879,14.67380251
6.632702,14.59456254
7.3868407,14.68100614
8.1070958,14.99796601
8.8443054,15.32933314
9.6026859,15.44459127
10.3356664,15.54544214
11.0622588,15.52383124
11.8079393,15.37255494
12.5557407,15.14203868
13.3268339,14.65219161
14.1021689,13.36274122
14.8563203,12.08769809
15.6358844,11.60505463
16.4027485,11.00715304
17.1463081,11.07918938
17.9004595,11.96523632
18.6821445,12.88009778
19.4489959,13.56444296
20.1756264,14.29921357
20.9361278,14.94754057
21.6860374,15.47340581
22.435947,16.10732554
23.0354632,16.71243073
23.7705519,17.42559041
24.5246906,18.13875009
25.2619002,18.88792794
25.9567299,19.65151304
26.670635,20.51594899
27.3951319,21.41640311
28.1026616,22.27363542
28.8292794,23.18129315
29.5495345,24.11056177
30.2782605,24.89575774
31.0197119,25.81782272
31.7081916,26.75429495
32.4432803,27.64754538
33.1614145,28.41113043
33.8901405,29.26836269
34.6125165,30.08237315
35.3264216,30.83155091
36.074223,31.56632141
36.7881154,32.24346284
37.4935496,32.85577159
38.2243965,33.07188056
38.9319389,33.56893118
39.6649067,34.10920359
40.4063454,34.81515954
41.1011878,35.42026464
41.819322,36.29910776
42.5247562,37.2283763
43.2153441,38.41697559
43.9123074,39.96575647
44.6050289,41.90353346
45.3019795,44.11504845
45.9586965,46.60750506
46.6217508,49.84193572
47.2805633,54.12089296
47.8885504,59.53082037
48.4880539,66.21579062
49.0303693,73.64273507
49.5048921,83.46128567
49.9730649,94.15868017
50.4327541,105.8573809
50.9178687,118.8311268
51.3712079,131.4014717
51.7716008,144.0078378
52.2609445,152.7602599
52.3139035,118.7951086
52.1783183,83.31000941
51.8372598,51.46995649
51.3839206,29.06666098
50.792888,14.3064172
50.136171,5.928591139
49.4180368,1.419116026
48.9308013,-0.086443621
48.6617645,-0.741974384
48.1872417,-1.656836013
47.439453,-2.521272211
46.6895307,-3.270450254
45.9650465,-3.969202865
45.2235951,-4.588715492
44.4736855,-5.186617222
43.721655,-5.633242613
42.9823245,-6.007831652
42.2535985,-6.353606152
41.5248598,-6.670566114
40.7770711,-6.91548972
40.0292824,-7.066766069
39.2920601,-7.160413331
38.5252087,-7.146006057
37.7943618,-7.146006057
37.0635149,-7.146006057
36.3051217,-7.088376975
35.5361494,-7.023544256
34.8052898,-7.016340619
34.072322,-7.095580612
33.3012288,-7.261264229
32.5555483,-7.43415148
31.7908051,-7.621446008
31.0451373,-7.851962349
30.2782732,-8.06086778
29.5220009,-8.262569582
28.7890331,-8.471475017
28.0518362,-8.680380451
27.2955512,-8.860471343
26.5562334,-9.062173145
25.7915029,-9.271078585
25.0860687,-9.487187661
24.35098,-9.6960931
23.5925995,-9.89059127
22.853269,-10.11390398
22.1033594,-10.32280942
21.3449662,-10.48849305
20.5781148,-10.63256577
19.8218425,-10.79104576
19.063462,-10.93511848
18.2987188,-11.11520938
17.5466756,-11.4177621
16.8052496,-11.82116572
16.0447355,-12.12371844
15.3011886,-12.37584571
14.5300827,-12.6135657
13.7950067,-12.85848933
13.0344926,-13.06019115
12.2761121,-13.21867115
11.5177189,-13.44918751
10.7826302,-13.62927842
10.0687378,-13.80936933
9.2912819,-14.02547842
8.5583141,-14.14794024
7.79145,-14.2199766
7.043674,-14.2992166
6.2789181,-14.29201297
5.5141876,-14.1407366
4.7727489,-13.68690751
4.0397811,-13.1898566
3.2496252,-12.82247115
2.4891111,-12.48390025
1.7137761,-12.2966057
0.9257411,-11.69150027
0.171577,-12.02286753
-0.5910326,-12.49830752
-1.3557758,-13.1106166
-2.1183981,-13.7445366
-2.8958413,-14.3568457
-3.6478845,-14.90432207
-4.406265,-15.2645039
-5.1625373,-15.63188937
-5.9124469,-16.00647847
-6.6602356,-16.17936575
-7.4016743,-15.84799846
-8.149463,-15.28611481
-8.9057353,-15.52383482
-9.647174,-16.18656939
-10.3759127,-16.59717669
-11.1279305,-16.95735853
-11.8778528,-17.324744
-12.6319915,-17.58407493
-13.3861429,-17.23830036
-14.1297025,-17.19507854
-14.9007957,-16.07851484
-15.663418,-14.02547842
-16.4239321,-13.32672569
-17.2098462,-13.65809296
-17.9809394,-13.65088933
-18.7372117,-14.23438388
-19.4850004,-15.22128208
-20.2433809,-16.10732939
-21.0144741,-17.16626399
-21.7580337,-18.13155134
-22.3893253,-18.65741684
-22.5164269,-16.2081803
-23.1921812,-18.85911868
-23.9272699,-19.7739806
-24.6771795,-20.58078798
-25.4270891,-21.40200264
-26.1897241,-22.19440276
-26.9184501,-22.97239563
-27.6344634,-23.84403579
-28.3864939,-24.80932327
-29.1109908,-25.70977803
-29.8566586,-26.58141825
-30.5832764,-27.36661482
-31.3395233,-28.13020049
-32.0725038,-28.86497163
-32.8075798,-29.57092822
-33.5490185,-30.31290301
-34.2840945,-31.09809965
-35.0149414,-31.81846355
-35.7394256,-32.60366022
-36.4724061,-33.51852241
-37.2350157,-34.53423557
-37.9679708,-35.53554148
-38.6903595,-36.66651293
-39.4233146,-37.87672446
-40.1647533,-39.18058334
-40.9167838,-40.63571872
-41.6179762,-42.31416702
-42.2958514,-44.17991007
-43.0012856,-46.3554098
-43.6791735,-48.81185171
-44.3041024,-52.36324748
-44.907835,-56.80069179
-45.4480168,-61.84324285
-46.0348076,-68.83077921
-46.6089111,-77.34549062
-47.1660347,-88.14376197
-47.7083501,-101.4633169
-48.2421819,-117.3834004
-48.7272965,-131.135192
-48.7484801,-90.74428033
-48.5302814,-53.03318632
-48.0472877,-27.02804383
-47.4604969,-12.84408206
-46.8080217,-5.035340878
-46.21276,-0.950879796
-46.0305785,-0.129665429
-45.6153774,1.592003259
-44.8866387,2.406013958
-44.172759,3.637835447
-43.4291994,4.365402512
-42.6581062,5.172209548
-41.9208966,6.022238383
-41.1858206,6.829045401
-40.4253065,7.470168828
-39.6796387,8.053663182
-38.9360918,8.529103018
-38.196774,8.918099251
-37.4489726,9.235059137
-36.6800003,9.501593591
-35.923728,9.796942575
-35.188652,10.07788429
-34.4302715,10.2939933
-33.6718783,10.45967688
-32.909256,10.60374955
-32.1551046,10.70460043
-31.3946159,10.77663676
-30.6531645,10.83426583
-29.8863131,10.87748764
-29.1342826,10.88469127
-28.3801312,10.73341496
-27.6154007,10.49569505
-26.8400657,10.31560421
-26.0901561,10.09229156
-25.3105793,9.847368012
-24.5521988,9.681684434
-23.7874556,9.472779052
-23.0269542,9.343113646
-22.2537401,9.235059137
-21.4741633,9.163022799
-20.692491,9.170226436
-19.9446896,9.220651872
-19.1969009,9.307095475
-18.4067323,9.415149984
-17.6525936,9.55922266
-16.9005631,9.739313507
-16.1315908,9.969829786
-15.3732103,10.1859388
-14.6254089,10.39484418
-13.8627866,10.62536046
-13.0959225,10.84146947
-12.3354211,11.04317121
-11.5770406,11.19444752
-10.8017056,11.30970565
-10.0539169,11.4249638
-9.3061155,11.5546292
-8.5286596,11.64827644
-7.7702791,11.77794184
-7.0224777,11.90760725
-6.2577472,12.05167992
-5.4845331,12.18134532
-4.7197899,12.33262163
-3.9698803,12.46949067
-3.1987744,12.59915607
-2.4298021,12.74322874
-1.6820007,12.85848688
-0.9066784,12.95933775
-0.1546479,13.06018861
0.6185662,13.15383585
1.3790803,13.28350126
2.133219,13.45638846
2.8831286,13.59325749
3.6542345,13.75173743
