0.000000 0.000000
0.000000 1.083299
0.427914 1.228673
0.699072 0.472481
1.090968 0.296257
1.360005 1.693687
1.919249 1.924777
2.323859 0.968600
2.794140 3.075267
3.126727 3.703425
3.927475 6.941146
4.562996 18.247808
5.181562 34.600628
5.795899 53.887877
6.350927 58.895691
6.632677 47.365309
7.107187 36.285458
7.799908 32.330177
8.534997 37.296472
9.251010 44.400252
9.592069 58.385069
10.594073 80.455546
11.327041 102.720940
11.964683 100.674536
12.920078 83.653350
13.655167 82.350734
14.402968 91.706066
15.142286 105.945731
15.688818 118.645033
16.051073 132.560255
16.542537 151.287130
17.074261 172.751242
17.586909 178.250330
17.851704 164.138645
18.355882 148.953159
19.046495 141.278668
19.785800 143.968541
20.531480 154.236898
21.315286 169.782131
22.065196 186.589280
22.599028 206.134496
23.266324 206.695347
24.007763 190.606228
24.696230 185.672807
25.367767 191.025743
26.111327 204.502473
26.791323 218.104032
27.168399 230.326353
27.589975 245.282079
28.041181 262.890141
28.511462 282.288977
28.960572 286.393627
29.231730 271.977753
29.738028 256.545165
30.434979 248.707447
31.180659 251.443502
31.936919 261.809467
32.718616 277.442723
33.470647 296.917933
34.161247 316.216920
34.654820 319.845557
34.953511 305.900324
35.703421 294.442701
36.457572 295.512014
37.247741 307.513616
38.004001 324.166542
38.601396 338.559279
38.969988 353.730129
39.476286 373.521594
39.995285 396.622062
40.543963 423.628290
41.118041 454.220020
41.696373 488.341669
42.289514 525.823150
42.878439 566.824012
43.477929 608.830395
43.982119 614.951610
44.327420 581.659054
44.848551 545.017907
45.441692 516.984267
45.878090 495.429717
46.524202 477.544697
47.246578 470.331386
47.971075 473.289681
48.701909 481.916726
49.413693 494.125998
50.144540 510.164093
50.881750 529.813787
51.610476 552.474503
52.311656 570.351823
52.625180 592.127301
53.394165 621.727138
53.991548 649.667787
54.561397 677.211756
55.059224 699.846584
55.389678 717.891208
55.688382 743.556452
56.213743 773.113560
56.559044 757.610702
57.387338 716.702057
57.861860 689.559035
58.558811 665.466119
59.323541 652.317755
60.092539 651.860970
60.861511 662.252702
61.611421 679.483441
62.357089 701.365019
63.119724 727.350709
63.869634 757.315453
64.625906 790.835867
65.356740 823.756439
65.945652 853.620900
66.456192 885.270916
67.028162 921.140966
67.606482 956.089028
68.085233 988.856283
68.544935 1020.629431
68.938953 1052.241934
69.313908 1090.863163
69.775718 1095.168587
70.144323 1053.951999
70.676033 1008.348747
71.284021 972.173706
71.733105 941.784747
72.430069 913.778869
73.169386 897.468646
73.917188 893.344711
74.656506 898.534957
75.425478 909.176521
76.181750 923.802973
76.950722 942.379792
77.709116 964.396820
78.446313 988.639909
79.122080 1012.186927
79.664395 1039.385984
80.376166 1072.572215
81.060417 1106.247925
81.670512 1137.424674
82.172569 1164.652325
82.568720 1193.333318
83.011455 1181.081244
83.839749 1136.917349
84.439252 1109.787494
84.996388 1088.627536
85.748419 1074.925758
86.519512 1073.679608
87.284255 1083.454093
88.038407 1100.410799
88.788316 1122.341813
89.563651 1148.444863
90.317803 1178.404185
91.076183 1212.173671
91.819743 1239.643857
92.196818 1258.345904
92.527285 1280.537674
92.991216 1310.548626
93.544123 1347.105687
94.154219 1386.864030
94.732539 1423.311494
95.177407 1457.597764
95.611683 1492.487840
95.984517 1525.956272
96.312863 1526.261274
96.634859 1487.883221
97.128444 1442.543907
97.723706 1409.838384
98.011805 1379.216276
98.780803 1345.124736
99.488333 1324.751913
100.202238 1316.288043
100.922493 1318.206965
101.672415 1326.531333
102.409600 1338.441329
103.117155 1354.166234
103.869185 1373.732151
104.597911 1395.888077
105.284270 1420.378687
105.955808 1443.076181
106.419726 1468.774797
107.108206 1501.557880
107.773381 1534.409519
108.353822 1565.648257
108.870712 1593.748340
109.262621 1621.637484
109.669351 1606.005548
110.561196 1559.894366
111.143758 1532.296037
111.751732 1510.346911
112.529188 1497.336899
113.308752 1497.319493
114.077725 1508.316519
114.842468 1526.106393
115.594498 1548.867082
116.386788 1576.078508
117.153652 1607.119348
117.920503 1641.223183
118.642879 1667.852184
118.990300 1687.846512
119.386426 1712.918124
119.873662 1745.152228
120.456223 1783.499623
121.068440 1824.411294
121.653109 1862.653704
122.108582 1897.455293
122.504721 1932.398830
122.875434 1969.887955
123.252509 2011.025370
123.629572 2054.984824
123.998190 2110.685768
124.498125 2175.972276
124.945102 2249.584012
125.478946 2335.529437
126.008549 2332.285377
126.578398 2245.866873
127.078346 2165.073489
127.671487 2096.920590
128.071880 2031.047186
128.749768 1955.081172
129.465781 1888.424365
130.192386 1833.472445
130.925354 1790.571892
131.675264 1760.531926
132.406111 1743.684457
133.128487 1738.805806
133.844513 1743.149164
134.588059 1752.612069
135.293494 1765.347110
136.003157 1781.385872
136.702216 1795.243088
137.053879 1814.774914
137.933011 1842.809274
138.640553 1871.288747
139.333262 1902.868729
140.030225 1936.444454
140.676338 1968.470827
141.212291 1997.609462
141.671980 2032.399931
142.263012 2078.450454
142.870987 2118.647766
143.190874 2151.548972
143.548875 2198.942283
144.082706 2264.071364
144.667389 2338.919797
145.247830 2420.957048
145.830392 2427.425792
146.321869 2348.807015
146.940435 2266.020560
147.603489 2197.916175
148.103425 2134.910906
148.838514 2069.091237
149.590544 2014.949326
150.329862 1972.825654
151.086134 1942.155894
151.865698 1924.021074
152.621971 1918.715945
153.382472 1924.915046
154.130273 1939.732975
154.882304 1959.844894
155.632213 1983.636801
156.365181 2011.675252
157.127804 2041.105232
157.754841 2071.383140
158.405195 2104.046130
159.015290 2140.544347
159.695286 2183.137391
160.404962 2229.183326
161.087079 2278.364100
161.758617 2332.317519
162.387775 2390.924139
162.972458 2448.064092
163.432160 2506.854290
163.934203 2568.728860
164.364251 2625.850409
164.732843 2677.972052
165.050610 2724.918296
165.321755 2784.284950
165.756031 2850.970781
166.082269 2827.274938
166.681785 2732.901806
167.183841 2643.892251
167.817241 2572.641949
168.154058 2498.487799
168.959060 2408.111978
169.696257 2334.963424
170.437696 2274.687727
171.174905 2226.529073
171.952348 2191.378795
172.702258 2170.432838
173.443697 2162.669817
174.199969 2165.731150
174.960483 2174.790188
175.687088 2187.173356
176.400993 2203.227262
177.136069 2222.626791
177.839383 2242.506609
178.402869 2265.842902
179.127366 2295.170304
179.847621 2328.481342
180.589047 2365.898647
181.328377 2405.758008
182.025328 2448.555765
182.690503 2497.490409
183.334495 2549.136558
183.868339 2600.376600
184.359804 2645.912417
184.700862 2684.028479
185.005904 2719.924280
185.277061 2757.280900
185.575753 2804.252284
185.957058 2866.775979
186.429472 2865.545094
186.918829 2787.042700
187.520440 2704.530360
188.172903 2640.834545
188.575404 2580.370668
189.316843 2511.309440
190.054039 2454.079595
190.795478 2408.758253
191.526325 2374.905605
192.288947 2352.803908
193.024036 2343.012759
193.776067 2344.939950
194.502684 2356.648348
195.231410 2374.648214
195.985562 2395.983476
196.678271 2420.710623
197.406997 2451.013790
198.190815 2481.590224
198.773364 2511.937643
199.408885 2545.874644
200.027464 2582.860416
200.669322 2624.788547
201.351451 2670.988392
202.027231 2721.821499
202.698756 2778.652129
203.323685 2841.523405
203.925297 2904.351938
204.410424 2966.078312
204.887055 3027.426137
205.293798 3082.470061
205.628507 3135.096090
205.963202 3192.020763
206.316986 3273.914300
206.893173 3356.387476
207.213060 3352.435730
207.575302 3283.142306
207.958741 3201.539907
208.507393 3107.050097
209.115381 3032.708126
209.481864 2954.536579
210.263549 2861.135221
210.998638 2783.399512
211.742185 2718.277223
212.483624 2666.138751
213.229304 2626.507254
214.000410 2599.990247
214.775745 2587.515895
215.495988 2586.841677
216.222605 2593.585942
216.961923 2604.731516
217.688528 2619.452801
218.419388 2637.771907
219.145980 2657.112128
219.726434 2678.938775
220.414913 2706.190421
221.130927 2737.803854
221.863882 2773.793022
222.611683 2813.532193
223.346772 2856.489715
224.039481 2903.591880
224.681364 2958.633347
225.344418 3015.779812
225.861296 3069.880855
226.335819 3118.432928
226.681119 3162.387142
227.026419 3206.062106
227.331473 3250.744448
227.657711 3305.770908
228.068670 3296.428036
228.606744 3212.011077
229.235902 3127.304391
229.892606 3067.503244
230.220952 3005.767194
231.066200 2931.055141
231.818231 2873.857968
232.563899 2829.049453
233.305337 2795.883073
234.074322 2774.717558
234.830582 2766.182306
235.588975 2769.641090
236.330401 2782.468113
237.057019 2801.217703
237.815412 2823.937274
238.548367 2850.089687
239.277106 2881.845454
240.086337 2914.168349
240.681599 2945.671201
241.317120 2981.127346
241.956869 3020.372344
242.619924 3064.589175
243.316874 3112.654444
243.982049 3166.360257
244.659937 3227.720383
245.295458 3296.303820
245.920400 3366.058337
246.435169 3431.939867
246.894858 3495.231581
247.301588 3554.787365
247.659588 3612.316644
248.000660 3670.501705
248.333247 3724.632467
248.602284 3781.952246
248.943343 3850.303923
249.307706 3925.681910
249.708086 4017.891565
250.237688 4116.119739
250.695257 4210.738634
251.184600 4315.958301
251.743870 4325.699531
252.218393 4238.995382
252.652657 4151.687099
253.194972 4060.483248
253.743638 3978.220172
254.258407 3895.266904
254.925716 3807.550452
255.654429 3727.308523
256.397989 3659.657609
257.128835 3604.414773
257.891458 3562.228288
258.613834 3533.736877
259.346802 3517.645850
260.075540 3513.437806
260.821208 3517.827635
261.554163 3526.416329
262.255356 3537.498776
262.967140 3551.417075
263.693758 3568.218762
264.424592 3585.946585
265.032579 3604.277624
265.649037 3626.880572
266.386234 3654.147884
267.127672 3683.414738
267.828852 3714.411411
268.527924 3748.693763
269.258783 3786.127920
269.979038 3825.534466
270.684460 3868.396596
271.387760 3916.138424
272.035994 3970.837834
272.686348 4024.461065
273.150279 4072.319588
273.573951 4125.161384
274.046340 4174.776480
274.361986 4214.521881
274.639494 4252.869392
274.908543 4303.435353
275.323744 4369.958110
275.764371 4447.154791
276.257956 4542.021497
276.840518 4653.009244
277.450613 4770.677177
278.067059 4891.158419
278.694109 5013.231815
279.321158 5132.960302
279.918541 5156.635745
280.280783 5077.086632
280.768019 4978.859552
281.392947 4875.808909
282.019985 4782.950782
282.619488 4691.587022
283.356698 4601.328499
284.096015 4521.761091
284.856517 4453.606828
285.610668 4398.486361
286.349986 4355.558799
287.102017 4324.389526
287.851939 4305.442749
288.595486 4298.465748
289.311499 4303.022885
290.088955 4316.277036
290.838865 4333.899412
291.597258 4347.895309
291.927724 4359.668935
292.425552 4378.510636
293.154278 4401.563532
293.813090 4426.973632
294.550287 4455.543976
295.264192 4485.513405
295.961143 4517.870694
296.683519 4552.754363
297.395303 4589.069374
298.088025 4627.488582
298.797688 4669.560795
299.541235 4714.002975
300.255140 4759.154260
300.949970 4804.849807
301.617278 4851.899151
302.293033 4900.995704
302.945508 4950.908561
303.521707 4999.288019
303.994121 5053.050625
304.540653 5108.159713
304.945275 5163.223830
305.402844 5221.624689
305.796861 5275.830587
306.142174 5326.540078
306.451444 5378.652090
306.781924 5433.289255
307.093328 5498.931653
307.514879 5566.030189
307.813583 5622.939265
308.099562 5694.049996
308.523246 5682.512825
309.078262 5589.191168
309.501959 5502.633275
310.052720 5404.993837
310.684012 5334.060316
310.965761 5253.563234
311.855485 5153.131960
312.563027 5076.254719
313.298116 5010.807780
314.022600 4957.210667
314.787343 4915.914404
315.535145 4888.717426
316.253279 4874.494432
316.971413 4871.374512
317.681077 4875.942315
318.426757 4884.003585
319.130058 4893.993587
319.846084 4906.250491
320.574810 4920.788583
321.307777 4937.176878
322.013212 4955.359706
322.722862 4970.192453
323.078754 4990.041456
323.998145 5017.342268
324.718401 5043.626976
325.434401 5071.910259
326.150440 5101.927744
326.851620 5134.860583
327.603650 5170.337708
328.323905 5206.274227
329.010264 5244.918153
329.753811 5286.556457
330.474079 5330.592967
331.192213 5378.617933
331.855267 5429.830657
332.444192 5483.796148
332.992844 5538.201561
333.467367 5590.134939
333.882568 5651.128914
334.422763 5708.679342
334.732046 5753.900903
335.047692 5809.643002
335.462905 5883.465222
335.962841 5966.169655
336.431001 6050.642474
336.894932 6137.016627
337.339788 6140.654320
337.750760 6056.264151
338.242224 5956.195902
338.890458 5845.607708
339.602229 5752.839463
340.127590 5668.156902
340.862666 5579.041960
341.604117 5500.879794
342.356135 5434.275883
343.108166 5380.226759
343.847483 5338.485756
344.588922 5308.293877
345.349424 5290.094110
346.095117 5284.077124
346.813251 5289.320473
347.575861 5302.913988
348.334254 5320.737075
349.096876 5340.957249
349.855257 5355.880690
350.134885 5368.352672
350.649654 5389.522633
351.397443 5415.153447
352.073223 5442.774131
352.810432 5473.092131
353.517962 5505.776142
354.261522 5540.594155
354.969064 5575.882757
355.646952 5613.148339
356.352373 5653.563545
357.070520 5696.066122
357.775954 5740.345333
358.483497 5786.550672
359.184689 5834.221904
359.875277 5884.629936
360.595532 5935.603432
361.214111 5987.331122
361.798781 6043.585476
362.351688 6103.837192
362.874928 6166.469435
363.360043 6227.686003
363.779486 6289.597521
364.207412 6351.671202
364.578113 6410.956550
364.927655 6468.021232
365.239059 6526.812319
365.577996 6613.907977
366.149979 6699.531872
366.444428 6672.674712
367.022761 6574.949829
367.469725 6485.096062
368.037466 6387.026173
368.662394 6317.931574
368.931431 6239.248168
369.812684 6137.813509
370.556244 6059.232158
371.299791 5995.281070
371.998862 5943.815700
372.748785 5903.099808
373.513528 5876.082986
374.231662 5862.488359
374.943433 5859.812753
375.646747 5864.522294
376.394535 5872.659815
377.110549 5882.739963
377.835058 5894.773259
378.544722 5909.002874
379.284027 5925.322045
380.000053 5943.356605
380.711824 5963.486748
381.434200 5982.682936
381.970153 6003.503707
382.684058 6028.868918
383.389480 6056.082623
384.097022 6086.085349
384.840594 6118.791262
385.577791 6153.066495
386.298046 6188.938554
387.016180 6226.717213
387.732194 6267.126498
388.471524 6309.701256
389.191767 6354.565068
389.880259 6405.022677
390.545434 6462.298621
391.176700 6522.876098
391.738079 6582.064389
392.218951 6636.256052
392.612982 6683.557688
392.932856 6732.789983
393.312040 6786.741829
393.661582 6837.103571
393.960274 6894.967329
394.369138 6968.973022
394.822464 7050.203605
395.267332 7132.159357
395.686775 7131.442483
396.116810 7043.397899
396.629471 6941.896936
397.275571 6832.386466
397.981005 6742.746673
398.472469 6662.083461
399.180012 6573.788275
399.929921 6494.522981
400.684073 6427.962634
401.419162 6374.181143
402.150008 6331.975844
402.887205 6300.934101
403.649828 6281.815180
404.387025 6274.922525
405.117871 6279.350902
405.867781 6292.540759
406.632524 6309.945258
407.378205 6329.409471
408.123873 6350.648801
408.839899 6375.361330
409.657601 6402.661025
410.392677 6428.990241
411.038802 6457.653527
411.786591 6490.168827
412.519546 6523.658677
413.216509 6557.988397
413.900747 6594.266110
414.597698 6633.627299
415.322182 6674.412127
416.000082 6716.779725
416.709746 6761.615307
417.404575 6808.246934
418.107876 6857.228471
418.813310 6905.987681
419.457302 6955.686340
420.092822 7011.161646
420.709268 7069.598703
421.238883 7133.354667
421.808719 7199.510189
422.274771 7261.547617
422.698456 7322.543095
423.090353 7384.934010
423.482262 7447.944824
423.840262 7507.946659
424.162271 7588.802002
424.704573 7671.717517
425.015977 7738.807022
425.369749 7826.568683
425.878168 7930.867326
426.390829 8042.793457
426.969149 8163.069641
427.558048 8282.140357
428.119438 8399.556520
428.687166 8407.978554
429.187115 8316.139719
429.615028 8226.259627
430.155210 8127.186550
430.756847 8045.644609
431.159348 7964.076754
431.866891 7867.506228
432.606209 7779.766735
433.379423 7704.966548
434.125091 7645.221254
434.860179 7597.596221
435.646106 7562.624316
436.421441 7542.345809
437.156530 7535.500213
437.859843 7538.140131
438.584327 7545.222642
439.361783 7554.024333
440.090509 7564.159222
440.808643 7575.989958
441.543719 7590.059743
442.321175 7605.831272
443.054143 7622.722006
443.776506 7641.004736
444.490411 7659.134202
445.094169 7678.824922
445.814412 7702.089659
446.555851 7727.374635
447.297302 7754.448527
448.042970 7783.190611
448.782288 7813.285079
449.511014 7844.823405
450.239740 7878.365462
450.983299 7914.210882
451.737451 7951.396463
452.466189 7988.811267
453.165248 8028.866685
453.929991 8071.577466
454.665067 8113.917881
455.359910 8156.736694
456.003901 8201.585358
456.575858 8249.548943
457.116053 8296.861418
457.550329 8337.702738
457.882917 8377.951697
458.249401 8421.258139
458.590459 8466.193666
458.940002 8513.975546
459.285289 8569.734913
459.704732 8640.436675
460.198318 8719.514494
460.666490 8803.514474
461.157955 8891.944448
461.621886 8980.022120
462.068862 9087.677637
462.712854 9218.641770
463.388621 9352.344978
464.053809 9488.836147
464.750747 9629.412242
465.449818 9763.155274
466.072626 9793.945418
466.396730 9719.950223
466.831007 9627.183486
467.396614 9517.908234
468.091456 9421.499231
468.587163 9333.434389
469.290476 9236.200481
470.044615 9148.601471
470.775462 9073.521763
471.519009 9009.457030
472.266810 8958.141341
472.980702 8919.051134
473.705199 8890.875022
474.431804 8874.016877
475.158422 8868.659274
475.914682 8874.144404
476.645529 8887.035058
477.372147 8903.474385
478.136877 8921.602726
478.880437 8940.936606
479.619754 8961.445946
480.342130 8984.031594
481.119586 9008.482824
481.865254 9034.077783
482.617285 9060.498593
483.326948 9087.983647
484.057795 9117.344000
484.790763 9148.107445
485.519501 9179.737163
486.227031 9212.683336
486.951528 9246.791162
487.650587 9281.803167
488.356034 9318.372799
489.063563 9356.822739
489.788060 9397.316921
490.518907 9437.978376
491.201024 9479.453574
491.912808 9522.552483
492.605530 9567.627253
493.336364 9613.185592
494.003673 9656.771196
494.637073 9701.158652
495.293777 9746.423392
495.920814 9791.890075
496.552106 9835.704429
497.107121 9877.023470
497.647316 9917.570070
498.145130 9960.985825
498.668383 10007.591750
499.125951 10058.489829
499.619549 10117.400575
500.121606 10180.605956
500.594008 10242.337759
501.000738 10303.503580
501.405347 10363.006425
501.746418 10427.198103
502.163740 10497.601716
502.538695 10560.719757
502.841641 10626.403878
503.212354 10699.215559
503.561883 10784.472926
504.032164 10777.306367
504.587180 10679.469363
505.019335 10592.144440
505.527754 10494.152193
506.150550 10395.323767
506.762766 10314.249644
507.254256 10236.742134
507.940615 10153.054417
508.684162 10078.373910
509.431963 10016.555114
510.181873 9968.338039
510.912720 9933.175819
511.664750 9910.526923
512.437964 9901.279399
513.147627 9902.486508
513.853062 9908.345893
514.579667 9916.119290
515.335939 9925.185641
516.051952 9935.427480
516.778557 9946.999968
517.496704 9960.135322
518.246614 9974.632138
518.966869 9990.379657
519.704066 10007.460115
520.424321 10025.646212
521.142455 10045.424089
521.881786 10063.327588
522.390192 10082.300166
523.123160 10105.824139
523.854007 10129.724822
524.531895 10154.495325
525.239437 10181.791354
525.985118 10210.785998
526.711723 10241.357490
527.465874 10273.390663
528.196721 10306.051014
528.916976 10340.522548
529.666886 10377.196798
530.421037 10414.635545
531.145534 10452.337991
531.857306 10491.421301
532.583923 10532.357455
533.314758 10573.117725
533.990525 10613.880382
534.679017 10653.607294
535.284870 10689.788119
535.806002 10725.505300
536.295346 10759.274593
536.659709 10790.941436
537.013480 10826.527779
537.399027 10867.788597
537.803649 10912.844204
538.197666 10966.931686
538.687010 11034.084580
539.212371 11109.199149
539.735624 11191.300737
540.273684 11279.569982
540.799045 11371.802559
541.313814 11466.117849
541.801050 11560.468832
542.269210 11571.833065
542.627210 11488.605813
543.125038 11385.908602
543.743617 11271.698782
544.461738 11174.190185
544.972278 11087.148435
545.675579 10990.515283
546.465747 10904.466870
547.183881 10832.716295
547.938033 10771.445650
548.683701 10722.880833
549.416668 10686.225574
550.160228 10661.225445
550.893196 10648.048883
551.636743 10646.721968
552.397244 10655.632881
553.140804 10670.217032
553.882242 10687.425724
554.655457 10706.194787
555.403245 10726.418109
556.170109 10748.129763
556.917898 10769.747768
557.585207 10795.135557
558.470689 10823.863746
559.246024 10851.844615
559.993813 10880.428589
560.722551 10909.967132
561.447036 10941.132888
562.186366 10974.479203
562.944734 11009.537157
563.694656 11044.817480
564.402199 11080.316646
565.105512 11118.158914
565.851192 11158.705229
566.603210 11198.999266
567.289582 11240.524557
568.035249 11283.995029
568.742805 11328.080103
569.463047 11374.950286
570.215077 11420.573364
570.856961 11465.887740
571.560261 11513.913060
572.246620 11564.457569
572.983830 11615.811376
573.657476 11663.835975
574.271800 11709.700182
574.860737 11755.151473
575.405161 11803.686856
575.943222 11858.032260
576.470704 11914.983226
576.943118 11973.783784
577.407037 12038.579642
577.890030 12111.254320
578.387858 12186.077758
578.830605 12247.040177
579.112355 12306.249269
579.495780 12373.192072
579.834731 12440.394677
580.188489 12508.140811
580.506256 12578.909185
580.868511 12587.562601
581.152381 12524.106576
581.493439 12447.480831
581.940429 12355.889085
582.489081 12256.341559
583.101310 12160.630896
583.700814 12081.273529
584.196520 12004.456477
584.884987 11921.393445
585.641272 11847.053564
586.403894 11786.779918
587.143200 11740.574256
587.880409 11707.290757
588.615498 11686.753760
589.361166 11679.041613
590.098388 11681.277508
590.814389 11687.483923
591.511352 11695.192836
592.267611 11704.487601
593.011171 11714.847522
593.725076 11726.380222
594.449560 11739.393180
595.184649 11753.830252
595.919738 11769.729932
596.665418 11786.792228
597.385673 11804.895348
598.108037 11824.529117
598.845234 11845.469622
599.567610 11864.077765
600.076029 11883.823059
600.800513 11908.098320
601.522889 11932.416818
602.179606 11957.928495
602.899848 11986.233326
603.639179 12016.784778
604.403909 12048.760953
605.145348 12080.845112
605.852903 12114.361941
606.598571 12150.100946
607.344251 12186.726189
608.070857 12224.598608
608.812295 12263.792879
609.538900 12303.973436
610.267626 12345.153322
610.983652 12387.573622
611.710257 12429.887801
612.381795 12471.420380
613.038487 12514.516347
613.657066 12558.407125
614.173943 12600.460814
614.606099 12636.837515
614.919624 12673.777529
615.300941 12721.596003
615.754268 12773.959572
616.152527 12832.288744
616.631292 12902.599999
617.137577 12981.990463
617.665072 13067.575963
618.177720 13157.089018
618.684018 13251.807870
619.192424 13344.035554
619.624580 13348.076346
620.018610 13261.417850
620.516425 13158.845443
621.137125 13046.985375
621.827712 12951.992758
622.336131 12866.054400
623.024611 12771.553196
623.791463 12685.329660
624.530780 12613.022611
625.261627 12552.560958
625.996716 12503.367393
626.738142 12465.898624
627.471110 12440.363650
628.195607 12426.328602
628.930695 12423.837917
629.680605 12431.762373
630.430515 12445.910781
631.169832 12462.716759
631.928213 12481.230583
632.688727 12501.141187
633.440758 12522.120289
634.173725 12544.846741
634.944806 12567.593699
635.595160 12594.464765
636.516672 12624.345970
637.255990 12653.000684
638.018612 12683.177275
638.762159 12712.699653
639.427347 12743.815669
640.181486 12778.212935
640.933516 12813.866206
641.679184 12850.319609
642.405815 12887.399132
643.121815 12926.006596
643.854796 12966.194834
644.579280 13006.825923
645.280472 13048.147659
645.983786 13091.335577
646.704028 13136.497252
647.428525 13182.090375
648.121234 13226.561714
648.773709 13272.974000
649.487614 13323.110279
650.212098 13373.949661
650.909049 13424.764468
651.597528 13474.952717
652.245762 13524.143855
652.870691 13573.633219
653.442661 13626.883626
654.006160 13684.355029
654.520916 13742.030822
654.978497 13802.603455
655.450899 13867.385418
655.897875 13938.494875
656.385111 14012.320781
656.806675 14077.993945
657.147733 14139.198800
657.482442 14201.242721
657.804438 14268.481459
658.164571 14339.900229
658.503522 14421.399738
658.942015 14526.897755
659.501285 14645.622206
660.060529 14763.272964
660.604965 14886.444537
661.210832 15009.900643
661.753134 15121.523551
662.244612 15120.242334
662.761514 15028.044565
663.138577 14943.824457
663.627934 14849.674955
664.163886 14749.369904
664.805770 14675.798581
665.079036 14596.092545
665.917921 14492.639458
666.653010 14409.440403
667.392328 14337.367987
668.169771 14278.067169
668.923935 14233.901447
669.648419 14203.488038
670.353854 14185.150902
671.110126 14178.692633
671.843081 14181.547489
672.582399 14187.991298
673.306896 14195.525994
674.035634 14204.541311
674.813078 14214.727029
675.541816 14225.647703
676.257830 14237.690927
676.986556 14251.403377
677.759757 14266.373780
678.496967 14282.101615
679.227814 14298.853456
679.954431 14316.713443
680.683157 14335.935371
681.426717 14356.332346
682.157564 14374.046680
682.649028 14392.140952
683.343871 14414.991881
684.085297 14439.756726
684.828856 14465.657333
685.568187 14493.056567
686.328688 14521.511639
687.061643 14550.653116
687.796732 14581.169112
688.540292 14610.965727
689.190633 14642.207514
689.949027 14676.481912
690.686223 14711.031286
691.406479 14747.047658
692.156388 14784.579677
692.891477 14823.071624
693.632916 14862.369279
694.355279 14902.403175
695.081897 14943.738806
695.810623 14984.490429
696.480040 15023.344897
697.111319 15061.604840
697.732006 15096.796290
698.240425 15125.551376
698.623850 15149.615981
698.935254 15177.123584
699.337756 15213.123391
699.780490 15253.769774
700.202054 15297.701123
700.629968 15350.812475
701.138387 15416.904832
701.695523 15492.255006
702.250539 15575.461208
702.822509 15663.767645
703.358461 15755.791250
703.896535 15849.903281
704.390120 15940.694617
704.837110 16040.109506
705.377291 16161.899451
706.027633 16297.814453
706.699171 16437.869847
707.383409 16577.921113
708.048584 16717.309194
708.720109 16850.432579
709.319625 16880.054089
709.641621 16801.929418
710.092852 16703.276487
710.666930 16589.713036
711.353276 16477.756330
712.007872 16384.244514
712.571371 16294.128851
713.308556 16202.292422
714.045765 16120.579439
714.816858 16050.022443
715.575239 15992.971056
716.318799 15948.495666
717.062358 15915.420893
717.841922 15894.540319
718.583361 15886.293750
719.316329 15889.570262
720.053526 15902.012881
720.841573 15918.157311
721.589375 15935.204290
722.351997 15953.433628
723.104028 15972.931668
723.875121 15993.725559
724.637743 16015.413250
725.389774 16038.288386
726.154517 16062.654397
726.927718 16088.048116
727.683990 16114.200919
728.433900 16141.891556
729.211356 16171.309238
729.990920 16201.849393
730.764134 16231.401288
731.439901 16261.886938
732.204644 16294.972208
732.952433 16329.163605
733.715068 16364.636552
734.469207 16400.790385
735.212779 16437.258232
735.935142 16474.256255
736.657506 16512.412208
737.384136 16552.496887
738.138275 16593.232831
738.850059 16634.329474
739.578785 16676.767719
740.301161 16720.132455
741.025658 16764.673712
741.752250 16808.700381
742.428030 16852.772471
743.124981 16898.196743
743.813473 16947.122120
744.584566 16997.642911
745.289988 17045.447702
745.953055 17092.909283
746.622459 17140.548825
747.266451 17186.997774
747.880788 17232.396633
748.476049 17275.667507
749.016244 17317.785263
749.564922 17360.743102
750.111467 17402.337195
750.611402 17446.197733
751.160080 17496.534701
751.691791 17551.828800
752.206560 17612.018268
752.712858 17675.845660
753.191623 17743.762078
753.674604 17815.539277
754.134306 17888.984704
754.574920 17964.375511
755.002846 18039.555869
755.394755 18110.299699
755.737922 18185.102806
756.136181 18266.162763
756.511149 18356.199064
756.970838 18345.164026
757.549158 18240.950693
757.983435 18149.958510
758.491854 18051.536856
759.070174 17950.260602
759.699344 17873.209094
760.053103 17793.760390
760.832680 17697.166512
761.569889 17616.233669
762.311315 17547.338250
763.069708 17491.406555
763.815389 17449.856679
764.525052 17421.267864
765.253778 17404.604262
765.993109 17399.755853
766.738776 17403.077492
767.465382 17409.532183
768.204699 17416.923566
768.920725 17425.336450
769.662164 17435.151074
770.437499 17445.802477
771.151391 17457.028412
771.867417 17469.483410
772.610964 17483.484415
773.384191 17498.451705
774.119267 17514.007200
774.848006 17530.342114
775.564032 17547.797079
776.303337 17566.595919
777.046897 17586.332501
777.779864 17607.003570
778.517061 17628.782201
779.256392 17651.273034
779.974526 17670.074895
780.432094 17690.032483
781.171412 17715.897172
781.931926 17742.445087
782.652169 17769.556529
783.387257 17798.031424
784.126588 17826.077162
784.791763 17855.456566
785.548023 17886.512767
786.249202 17918.697943
787.009716 17952.734718
787.749034 17987.533177
788.496823 18023.309185
789.234032 18059.909456
789.973350 18097.639978
790.714789 18137.022277
791.477411 18176.865019
792.197666 18216.928872
792.930634 18257.973121
793.650889 18298.448229
794.330898 18338.843664
795.017257 18379.586633
795.680311 18420.597427
796.347607 18459.178007
796.908973 18491.984755
797.375025 18518.791524
797.737267 18542.631669
798.093159 18572.099984
798.559211 18611.401658
799.071859 18654.754266
799.520956 18703.644783
800.037846 18763.289626
800.586499 18832.433728
801.156348 18910.682519
801.738910 18998.035530
802.334184 19090.747392
802.893441 19186.334190
803.439986 19282.131644
803.933571 19379.225933
804.433507 19479.758086
804.916513 19492.842032
805.276647 19407.790358
805.759641 19304.938619
806.350673 19191.869119
807.022199 19080.066740
807.702207 18988.111578
808.227568 18901.806398
808.958415 18811.484229
809.685033 18732.126270
810.426459 18663.024666
811.184852 18606.518415
811.905095 18562.920775
812.625350 18529.892363
813.385864 18508.061677
814.148486 18498.587387
814.851787 18500.952209
815.595346 18512.582131
816.362210 18528.271683
817.112120 18545.070199
817.868380 18563.000692
818.620410 18581.877817
819.363982 18601.885019
820.118108 18623.013163
820.863789 18645.149642
821.611590 18668.375833
822.357271 18693.705428
823.164368 18720.394387
823.922762 18747.021639
824.659959 18774.676980
825.414110 18803.916789
826.176732 18834.319904
826.933005 18865.264413
827.668081 18894.777047
828.309951 18926.102851
829.081044 18960.509999
829.816133 18995.538286
830.566043 19032.536672
831.337136 19070.323526
832.074346 19108.180865
832.805192 19146.462949
833.519098 19187.080218
834.296541 19228.132297
834.989262 19268.125779
835.692576 19309.637754
836.404360 19353.034478
837.137315 19398.236748
837.874512 19441.294249
838.507912 19483.465848
839.187920 19528.786936
839.891234 19576.474264
840.613610 19624.994983
841.312681 19673.541899
842.007511 19722.965534
842.704461 19774.351479
843.426837 19827.342657
844.140743 19878.187463
844.780492 19927.012389
845.418134 19976.219415
846.047305 20023.755645
846.623504 20068.642002
847.161577 20114.256189
847.689059 20163.074358
848.184765 20216.596448
848.684701 20276.341666
849.186757 20345.932769
849.741785 20419.626489
850.216308 20488.390230
850.631509 20558.399533
851.063665 20629.810947
851.449212 20700.247768
851.828408 20771.159761
852.184300 20843.791583
852.548663 20922.100251
852.929981 21004.034937
853.307044 20978.982205
853.934081 20868.031635
854.385312 20773.781620
854.914902 20674.382613
855.488993 20571.643326
856.152047 20497.478537
856.440146 20417.843491
857.306579 20317.017217
858.041655 20237.457099
858.795806 20170.623740
859.535124 20117.386680
860.276575 20077.226855
861.005301 20050.062267
861.729798 20035.357148
862.458524 20031.905695
863.193613 20035.795988
863.937160 20042.418244
864.674357 20049.891536
865.390383 20058.362594
866.129700 20068.170475
866.898673 20078.952603
867.631640 20090.415099
868.356137 20102.800365
869.082755 20116.465144
869.839015 20131.388479
870.591058 20146.858543
871.302829 20163.061792
872.031555 20180.446615
872.762402 20199.033177
873.508083 20218.788170
874.251642 20239.439046
874.988839 20260.777128
875.711215 20283.002147
876.442062 20306.578853
877.187730 20331.587319
877.944002 20351.642870
878.354974 20371.924398
879.079459 20398.803944
879.816668 20426.907010
880.553865 20456.051485
881.293183 20484.990920
881.973192 20514.526046
882.695555 20545.978836
883.422173 20579.076830
884.174203 20613.714653
884.924113 20649.131093
885.665552 20685.202546
886.400640 20722.279538
887.142079 20760.465385
887.881397 20800.062473
888.637669 20840.793276
889.381229 20882.082169
890.120546 20923.826832
890.845031 20965.048205
891.533510 21006.951598
892.249524 21049.348098
892.925303 21093.063741
893.654029 21137.376002
894.321313 21176.895364
894.876341 21210.975886
895.333909 21244.328442
895.776657 21277.412094
896.136778 21316.887638
896.630363 21367.660104
897.134541 21420.353903
897.573059 21480.272447
898.109012 21554.105902
898.676740 21637.637325
899.255047 21726.903046
899.807954 21819.542260
900.346040 21915.188910
900.862918 22012.619163
901.358611 22111.286297
901.837376 22117.356109
902.258940 22025.097497
902.754646 21920.387027
903.360500 21805.592606
904.048967 21697.319954
904.680246 21607.779231
905.237382 21519.261642
905.983075 21427.930712
906.737226 21348.720423
907.480773 21281.575681
908.237046 21226.725275
908.970001 21184.735917
909.690256 21153.756610
910.457120 21134.077022
911.221863 21126.867616
911.942106 21131.203388
912.694136 21143.985161
913.469471 21159.979021
914.208802 21176.953951
914.971411 21195.163220
915.723442 21214.516840
916.488185 21235.032422
917.244457 21256.417880
917.992246 21278.802190
918.742155 21296.054319
919.106518 21309.503943
919.578933 21330.063256
920.343664 21355.976171
921.085102 21382.843615
921.841375 21411.358613
922.612468 21441.202291
923.379319 21471.660948
924.125012 21503.102632
924.885514 21535.722900
925.635411 21566.383610
926.262460 21598.142221
927.016612 21633.984541
927.777126 21670.929754
928.531265 21709.096841
929.296008 21747.751122
930.026855 21787.394201
930.787356 21828.742919
931.541508 21869.621219
932.246929 21910.191847
932.954484 21952.362469
933.681089 21996.948423
934.435241 22042.173182
935.149146 22084.784859
935.788896 22127.703939
936.483725 22174.709032
937.220922 22223.907040
937.951769 22273.263265
938.663566 22322.959036
939.375350 22373.939915
940.095593 22426.297423
940.817981 22479.898233
941.544586 22532.153067
942.205532 22583.893729
942.893999 22635.740434
943.535883 22687.277665
944.194695 22738.227814
944.783620 22785.844972
945.279313 22835.740142
945.794095 22890.881318
946.279197 22952.788723
946.804558 23020.928332
947.296035 23093.511133
947.798092 23168.617860
948.251431 23242.339642
948.675116 23313.562535
949.052191 23383.569693
949.422917 23458.848265
949.819043 23532.045176
950.138930 23605.034683
950.505414 23694.699851
950.962983 23804.451489
951.505298 23932.623330
952.125985 24059.194051
952.649225 24184.419716
953.252970 24313.752840
953.812240 24438.987287
954.384210 24448.160635
954.888387 24354.593574
955.278176 24267.518353
955.769640 24170.855361
956.314077 24069.248318
956.941127 23982.041603
957.392345 23898.827040
958.078704 23805.133773
958.807442 23720.558950
959.540397 23648.688539
960.264894 23590.205313
960.972449 23543.726546
961.705405 23508.562575
962.457435 23486.257556
963.181932 23476.981326
963.919129 23477.722984
964.645747 23483.313286
965.410490 23490.180701
966.130745 23497.850336
966.874292 23506.366217
967.592439 23515.842901
968.346577 23526.489268
969.104971 23537.908434
969.840059 23550.007148
970.570906 23563.104722
971.318695 23577.489105
972.089801 23592.595927
972.818527 23608.071688
973.538782 23624.584639
974.282342 23642.512735
975.047085 23661.466318
975.799103 23680.871714
976.527841 23701.064100
977.271401 23722.194511
978.004369 23744.252965
978.750036 23767.229435
979.485125 23791.071073
980.228685 23812.874326
980.794292 23831.906673
981.336595 23854.682402
982.080154 23882.042198
982.836427 23910.311448
983.579986 23939.250284
984.323533 23969.003438
985.062864 23999.701145
985.808544 24031.664726
986.564804 24064.732278
987.318955 24097.850258
988.037089 24131.923994
988.793362 24167.530487
989.539029 24201.321270
990.185142 24236.066360
990.935051 24273.696493
991.663777 24312.118128
992.409458 24351.704684
993.148776 24392.902815
993.919869 24434.770241
994.650716 24476.410940
995.381563 24518.419721
996.095455 24558.792292
996.743689 24598.459461
997.408864 24639.284815
998.071931 24679.011853
998.679905 24713.075563
999.145957 24739.672916
999.508186 24762.904530
999.861970 24791.006396
1000.353448 24828.144705
1000.899979 24872.393004
1001.444403 24919.095386
1001.914697 24968.955810
1002.410390 25029.912479
1002.980239 25102.811619
1003.567043 25185.838797
1004.177138 25276.242552
1004.761821 25370.922678
1005.331657 25468.068326
1005.865489 25564.585864
1006.361195 25660.802179
1006.835718 25768.132836
1007.397084 25895.683489
1008.043209 26034.878073
1008.706263 26176.728772
1009.371438 26321.728718
1010.057797 26468.754652
1010.735672 26607.936997
1011.343659 26635.221631
1011.705901 26550.346245
1012.157120 26448.323438
1012.733319 26332.127828
1013.402736 26216.190117
1014.072153 26123.841060
1014.550905 26036.489995
1015.269039 25939.652921
1016.008369 25853.731642
1016.732854 25779.887400
1017.461567 25716.826266
1018.200897 25664.163640
1018.969882 25623.515805
1019.707067 25595.578877
1020.450626 25579.325829
1021.200548 25575.096575
1021.963158 25581.798591
1022.717309 25595.273445
1023.469340 25611.182116
1024.225612 25622.571486
1024.509470 25632.734875
1025.111107 25648.527790
1025.839833 25666.802458
1026.585501 25686.543833
1027.360836 25707.196699
1028.108625 25728.392517
1028.858534 25750.361542
1029.599973 25773.334637
1030.358366 25797.311610
1031.108276 25822.069010
1031.860306 25847.664586
1032.608108 25874.522972
1033.381309 25902.345243
1034.133352 25930.508102
1034.876899 25959.714285
1035.637400 25990.008196
1036.391565 26020.390175
1037.113928 26048.880584
1037.740965 26078.834644
1038.495116 26111.871988
1039.228084 26146.425002
1040.009769 26182.145662
1040.755450 26218.273552
1041.515951 26255.540469
1042.272211 26293.104329
1043.009420 26331.044747
1043.746630 26369.715608
1044.479585 26409.868696
1045.240099 26450.576001
1045.962475 26490.705531
1046.672138 26530.898031
1047.369076 26572.746987
1048.108407 26617.040940
1048.860437 26659.058305
1049.498079 26699.829727
1050.184425 26743.212908
1050.883509 26788.914198
1051.618585 26835.743938
1052.328261 26883.114934
1053.054866 26931.060803
1053.758167 26980.328259
1054.499606 27031.505055
1055.234694 27081.258501
1055.912582 27130.587661
1056.613762 27180.253316
1057.281058 27230.032218
1057.965309 27277.625858
1058.556341 27322.569465
1059.153724 27366.091042
1059.693931 27408.979742
1060.261659 27453.338708
1060.827266 27496.248920
1061.346277 27539.807400
1061.916126 27585.663257
1062.477504 27634.570068
1063.057945 27687.214078
1063.579077 27741.601296
1064.064179 27802.150332
1064.585311 27871.029245
1065.106442 27943.806483
1065.595786 28020.459789
1066.089372 28099.549913
1066.542711 28179.522296
1066.987566 28258.181885
1067.379488 28335.059434
1067.765035 28416.430491
1068.165402 28505.824106
1068.597558 28603.517561
1069.061489 28625.086441
1069.332647 28557.621998
1069.703360 28477.163526
1070.129165 28386.853533
1070.646055 28290.162300
1071.203192 28187.803774
1071.878959 28103.909584
1072.287810 28025.037878
1073.020778 27934.521311
1073.736791 27855.616831
1074.488834 27789.059231
1075.204847 27736.123124
1075.933573 27695.379445
1076.647478 27667.055652
1077.369854 27650.643715
1078.134598 27645.932714
1078.842140 27649.288720
1079.570879 27655.505630
1080.316559 27662.584811
1081.057985 27670.385218
1081.786724 27678.992086
1082.528150 27688.494604
1083.271722 27699.002571
1084.038574 27710.290075
1084.775771 27722.284953
1085.525693 27734.994062
1086.252311 27748.439953
1086.993737 27763.327294
1087.783905 27778.711010
1088.493569 27794.465132
1089.239236 27811.437324
1089.987038 27829.259893
1090.734826 27847.799633
1091.474157 27867.104580
1092.217704 27887.071032
1092.946430 27907.816701
1093.687881 27929.548241
1094.429320 27952.193091
1095.177109 27975.447650
1095.905835 27999.376618
1096.645165 28024.539059
1097.399304 28050.708342
1098.149213 28069.631300
1098.462738 28088.747654
1099.191477 28116.081847
1099.922311 28144.664524
1100.674342 28174.135657
1101.409430 28204.035484
1102.142398 28234.597242
1102.871124 28266.697244
1103.637976 28299.890398
1104.379414 28333.302954
1105.118745 28367.527502
1105.860171 28402.920886
1106.614322 28437.510079
1107.290089 28472.468995
1108.027299 28510.155803
1108.781438 28548.879422
1109.527118 28588.269218
1110.274919 28628.773708
1111.031179 28669.219391
1111.747192 28709.763265
1112.478052 28751.566507
1113.211007 28794.788954
1113.963038 28838.369207
1114.681172 28880.425011
1115.356939 28923.618350
1116.087786 28967.716847
1116.769915 29009.164817
1117.394832 29044.982609
1117.884188 29075.800267
1118.341756 29103.371996
1118.723074 29132.861826
1119.229372 29168.274501
1119.778037 29207.897660
1120.352115 29253.674851
1120.930435 29301.491202
1121.409187 29354.180317
1121.957853 29420.243015
1122.565840 29497.093133
1123.171693 29579.443037
1123.747892 29667.909930
1124.334696 29763.382021
1124.908774 29862.160493
1125.453210 29962.948992
1125.978571 30067.301349
1126.497569 30174.005559
1126.997517 30179.517991
1127.450857 30081.000348
1127.955034 29973.680326
1128.554537 29856.327277
1129.247259 29744.671594
1129.880646 29654.984595
1130.401778 29566.758953
1131.134733 29473.142488
1131.874063 29391.006943
1132.609152 29320.657568
1133.346336 29261.182104
1134.104730 29212.838494
1134.871581 29176.845805
1135.634216 29153.610737
1136.377763 29142.708737
1137.144614 29144.227092
1137.928433 29155.669430
1138.691055 29170.957346
1139.436736 29189.276226
1140.377285 29208.841224
1141.148391 29227.080723
1141.889830 29246.051728
1142.650331 29266.029584
1143.404482 29287.019853
1144.175576 29308.711837
1144.919135 29331.079943
1145.677516 29354.757552
1146.450730 29379.373431
1147.213352 29404.512843
1147.965383 29430.402497
1148.721642 29457.411039
1149.488506 29485.680290
1150.265962 29514.010558
1150.990446 29542.916884
1151.753081 29569.851132
1152.341993 29597.733187
1153.113086 29630.042490
1153.879950 29662.815313
1154.631968 29696.458418
1155.398832 29731.547376
1156.176288 29767.520887
1156.943140 29804.080677
1157.707883 29841.253417
1158.464155 29878.970132
1159.216186 29917.151541
1159.957624 29956.963789
1160.739309 29997.735458
1161.484990 30037.807787
1162.209487 30077.737883
1162.921258 30118.690118
1163.654226 30162.406674
1164.433790 30205.871354
1165.130753 30246.833264
1165.800170 30288.046418
1166.482287 30333.008565
1167.249151 30379.525110
1167.956694 30425.018331
1168.666344 30471.963770
1169.395083 30520.386472
1170.125930 30570.692642
1170.886431 30621.370835
1171.604578 30671.315358
1172.320592 30722.105094
1173.040847 30774.821284
1173.788635 30827.466007
1174.485599 30879.090132
1175.184670 30930.152400
1175.847725 30980.458151
1176.508671 31029.026374
1177.110295 31075.045936
1177.690736 31120.163038
1178.256343 31164.925129
1178.815600 31210.973653
1179.381220 31260.179543
1179.927765 31314.391173
1180.467959 31375.313607
1181.010262 31443.397390
1181.554698 31513.478130
1182.031342 31585.301735
1182.516444 31662.509866
1182.993087 31741.327852
1183.435835 31819.577124
1183.853170 31897.592515
1184.249295 31975.355633
1184.626384 32055.838601
1185.016159 32144.394258
1185.448328 32161.037076
1185.732198 32091.685973
1186.113516 32006.470557
1186.585917 31912.941049
1187.102807 31815.114008
1187.693853 31712.758315
1188.361136 31635.072463
1188.719149 31557.391944
1189.517776 31464.012886
1190.257106 31388.594840
1190.973120 31326.255020
1191.699738 31275.991100
1192.417884 31237.944734
1193.150840 31212.197194
1193.862624 31198.875154
1194.614654 31196.384554
1195.349743 31200.552687
1196.078469 31206.851172
1196.807195 31214.062605
1197.563467 31222.040672
1198.290072 31230.839915
1199.048466 31240.430882
1199.777192 31250.754087
1200.524980 31262.108209
1201.285494 31274.274549
1202.033296 31287.034126
1202.768372 31300.633068
1203.520402 31315.322288
1204.285145 31330.809967
1205.035055 31346.628719
1205.755310 31363.091119
1206.492520 31380.727848
1207.246658 31399.320170
1207.996581 31418.473010
1208.731657 31438.013495
1209.451912 31458.140407
1210.174288 31479.683036
1210.939031 31502.262564
1211.678349 31525.261251
1212.417679 31548.906103
1213.148514 31573.515210
1213.898436 31599.165834
1214.644104 31625.585127
1215.391892 31652.647565
1216.129102 31679.162453
1216.806990 31686.740034
1217.107802 31692.370332
1217.747552 31717.651841
1218.486882 31748.229421
1219.228321 31782.263571
1219.959155 31819.782934
1220.694244 31862.193642
1221.467458 31908.465365
1222.206776 31957.302384
1222.941865 32009.958708
1223.685411 32067.122729
1224.441684 32124.296809
1225.098388 32183.329124
1225.816522 32251.043923
1226.591857 32323.849898
1227.339646 32399.946122
1228.102268 32478.660207
1228.828886 32560.449842
1229.578796 32648.141805
1230.343539 32738.179504
1231.070144 32830.381917
1231.809462 32928.459785
1232.569976 33028.768605
1233.288110 33130.536616
1234.016836 33233.881388
1234.709545 33338.567901
1235.410725 33443.963912
1236.071683 33540.785434
1236.628807 33627.925995
1237.141468 33709.507365
1237.609628 33785.271086
1238.035421 33866.536308
1238.550190 33963.203178
1239.132752 34067.209194
1239.706842 34165.934770
1240.208899 34263.095021
1240.744852 34367.971047
1241.308338 34479.653238
1241.893008 34595.436870
1242.475582 34709.145148
1243.017885 34818.612005
1243.539017 34927.306511
1244.055894 35034.328196
1244.545250 35035.263106
1245.034607 34932.753427
1245.545134 34824.861612
1246.150988 34709.512079
1246.822525 34601.165782
1247.445333 34514.544128
1247.941040 34427.927206
1248.680358 34334.259845
1249.415446 34253.507602
1250.129339 34184.612637
1250.853823 34125.642554
1251.601612 34077.097003
1252.368476 34040.910584
1253.103564 34017.374094
1253.834411 34005.400235
1254.582200 34005.240482
1255.340593 34015.048938
1256.096866 34029.603225
1256.838292 34047.044460
1257.723786 34065.894470
1258.509713 34083.816133
1259.234197 34102.136881
1259.984107 34121.695278
1260.742500 34142.138788
1261.496639 34163.295771
1262.246561 34184.799162
1262.968924 34207.174837
1263.723076 34230.982662
1264.485698 34255.376314
1265.225016 34280.091971
1265.957984 34305.980746
1266.718485 34332.980641
1267.468395 34360.859493
1268.231030 34389.442035
1268.974577 34418.862775
1269.737199 34449.101238
1270.480759 34476.019012
1271.046366 34503.693113
1271.792046 34535.974892
1272.541956 34569.406861
1273.302457 34603.222856
1274.033304 34638.320058
1274.812868 34674.635487
1275.560670 34710.554958
1276.289396 34746.957394
1277.024484 34784.963241
1277.784998 34824.613474
1278.551850 34864.767139
1279.299639 34905.183990
1280.045319 34945.402860
1280.757103 34986.475474
1281.504892 35027.749695
1282.197601 35068.237424
1282.892443 35109.107388
1283.574573 35151.260532
1284.288465 35195.695995
1285.021433 35241.222258
1285.745930 35287.322771
1286.472535 35333.704223
1287.182211 35381.341760
1287.923637 35430.735465
1288.662955 35479.837470
1289.372631 35528.981112
1290.090765 35579.239090
1290.811007 35631.242719
1291.556688 35683.011809
1292.249409 35733.366644
1292.935768 35783.783210
1293.611548 35835.042963
1294.302136 35885.508648
1294.939777 35934.580367
1295.577406 35982.076536
1296.159981 36028.116400
1296.746772 36073.380588
1297.295437 36120.419553
1297.865286 36171.399657
1298.382176 36227.879552
1298.922370 36293.010960
1299.473157 36366.293397
1300.030293 36440.245796
1300.498453 36512.888359
1300.960276 36588.195381
1301.400890 36666.205915
1301.839408 36746.671163
1302.258851 36821.912634
1302.604139 36893.641318
1302.955802 36972.855329
1303.349832 37070.894311
1303.868843 37189.184939
1304.455633 37309.810088
1305.004299 37429.736368
1305.593211 37554.739726
1306.199077 37679.425916
1306.794351 37799.209979
1307.362079 37806.603531
1307.874740 37716.839325
1308.289941 37634.652370
1308.779298 37543.707914
1309.359726 37448.218947
1309.997367 37369.594906
1310.446477 37295.783910
1311.141320 37212.634018
1311.893338 37139.573243
1312.630547 37080.738971
1313.348694 37035.001009
1314.064695 37001.137943
1314.797663 36979.338787
1315.532751 36970.187835
1316.269961 36971.060180
1316.985974 36976.421882
1317.729534 36982.926358
1318.466731 36990.094787
1319.201819 36997.974775
1319.941150 37006.566188
1320.678347 37016.018748
1321.440982 37026.152743
1322.173937 37036.939320
1322.925967 37048.566375
1323.675877 37060.791997
1324.413087 37073.677688
1325.156646 37087.245969
1325.891722 37101.672827
1326.650115 37116.851880
1327.389433 37132.668408
1328.139343 37149.267832
1328.885023 37166.462130
1329.624354 37184.715168
1330.397568 37204.130462
1331.170782 37223.599240
1331.891037 37243.277835
1332.626113 37264.244612
1333.388735 37286.174208
1334.140766 37308.357035
1334.871613 37330.921282
1335.602472 37354.173464
1336.333306 37378.435104
1337.083229 37403.467370
1337.818305 37429.216764
1338.568214 37455.514614
1339.294832 37474.984005
1339.640120 37494.794381
1340.358267 37522.866262
1341.118768 37552.002082
1341.855978 37581.611988
1342.603766 37611.661276
1343.328251 37642.465065
1344.078160 37674.419873
1344.823841 37707.191868
1345.577992 37740.539142
1346.317310 37774.957559
1347.086295 37810.749315
1347.853146 37846.838535
1348.603056 37883.414922
1349.359328 37920.451452
1350.098646 37957.944053
1350.844326 37996.587868
1351.600586 38036.405444
1352.363208 38076.732976
1353.111010 38114.640401
1353.759230 38152.863305
1354.494319 38194.020416
1355.225166 38236.486219
1355.981426 38279.339639
1356.701681 38323.039925
1357.462195 38366.395360
1358.148554 38408.168040
1358.834900 38449.287827
1359.481012 38490.056826
1360.137729 38527.832294
1360.673669 38559.519795
1361.127008 38589.472762
1361.599410 38620.813178
1362.086646 38657.315669
1362.705212 38699.420790
1363.342841 38743.791907
1363.948707 38794.704460
1364.584228 38853.573605
1365.187960 38914.117576
1365.711213 38976.251195
1366.228103 39044.826474
1366.759814 39124.761610
1367.348726 39216.392459
1367.944000 39313.602774
1368.511728 39413.162914
1369.054044 39516.903463
1369.596346 39628.093968
1370.149254 39749.607188
1370.746636 39876.637623
1371.348248 40004.618278
1371.975298 40135.580057
1372.629881 40266.711803
1373.284464 40397.380531
1373.962352 40521.319652
1374.574569 40539.844113
1375.006711 40457.381921
1375.500310 40366.877767
1376.089209 40270.861725
1376.739576 40181.437210
1377.347537 40106.051596
1377.906795 40033.054870
1378.616458 39960.597806
1379.336726 39898.490640
1380.061197 39847.068385
1380.798407 39806.456788
1381.550437 39777.608906
1382.287634 39760.796912
1383.029073 39755.741461
1383.783212 39761.630855
1384.535255 39774.499431
1385.274573 39789.669865
1386.016011 39807.196913
1386.914219 39825.554966
1387.670478 39842.941282
1388.420388 39860.945947
1389.176648 39879.861674
1389.949874 39899.321389
1390.699771 39919.074596
1391.447573 39940.031419
1392.239849 39961.705092
1392.994001 39983.225930
1393.731198 40005.421802
1394.489578 40028.680644
1395.256442 40052.363110
1396.002110 40076.605325
1396.764732 40101.386891
1397.506184 40126.644626
1398.260335 40152.766461
1399.016595 40179.276425
1399.758034 40206.519093
1400.520656 40234.928549
1401.291749 40263.768000
1402.043780 40288.570745
1402.577624 40313.388946
1403.304229 40343.669077
1404.088035 40375.031076
1404.837945 40406.820197
1405.611159 40439.137647
1406.356839 40471.577558
1407.106749 40505.385903
1407.886326 40539.476872
1408.621402 40573.813176
1409.384024 40610.055387
1410.174193 40646.786948
1410.930465 40683.244016
1411.682495 40719.949357
1412.423921 40758.179266
1413.211969 40796.915614
1413.949166 40834.582499
1414.671542 40872.551754
1415.398147 40911.832895
1416.148069 40952.161060
1416.891629 40990.388935
1417.544091 41028.345305
1418.257997 41068.779423
1418.980360 41109.586477
1419.687915 41150.395476
1420.391216 41192.060914
1421.109362 41234.970190
1421.835968 41279.734250
1422.596469 41325.477753
1423.335787 41370.713169
1424.060284 41417.006383
1424.814435 41462.997461
1425.511398 41509.238043
1426.254945 41556.441134
1426.964609 41601.976333
1427.640376 41647.333017
1428.328855 41692.830252
1428.994030 41737.233335
1429.635914 41780.419154
1430.252372 41823.078822
1430.866696 41866.450112
1431.491638 41910.688163
1432.118675 41954.511366
1432.720299 41998.599113
1433.343107 42043.086758
1433.944732 42087.204631
1434.546356 42131.873787
1435.152222 42177.176382
1435.760197 42223.019721
1436.366063 42270.556043
1436.950746 42320.567301
1437.478227 42374.274857
1437.995117 42435.524051
1438.539554 42504.988178
1439.081856 42578.474066
1439.588155 42653.056963
1440.062677 42727.726590
1440.503304 42804.749549
1440.948172 42881.003703
1441.333719 42959.433306
1441.757403 43048.172261
1442.217093 43143.586323
1442.697965 43165.965304
1442.962773 43103.198563
1443.344078 43024.885442
1443.805888 42939.653112
1444.316415 42849.415446
1444.913811 42754.006331
1445.598049 42680.664115
1445.981487 42610.302175
1446.769535 42529.374655
1447.491911 42464.528745
1448.220637 42411.680842
1448.953592 42371.362042
1449.680210 42343.675541
1450.404706 42328.326695
1451.144024 42324.344154
1451.868521 42327.798959
1452.607839 42333.604974
1453.321744 42339.923878
1454.058941 42346.886316
1454.800380 42354.379316
1455.537589 42362.369047
1456.272665 42370.887079
1457.009888 42380.055835
1457.764026 42389.876033
1458.518178 42400.219164
1459.268087 42411.146603
1460.026480 42422.506239
1460.761556 42434.364153
1461.513600 42446.864623
1462.261388 42459.875463
1463.009177 42473.470695
1463.761220 42487.632527
1464.511130 42502.300846
1465.258919 42517.292950
1465.987645 42532.983794
1466.750267 42549.632523
1467.517131 42566.258372
1468.228915 42582.929073
1468.953412 42600.749531
1469.718155 42619.309831
1470.459581 42638.154278
1471.203154 42657.449400
1471.938230 42677.017010
1472.662726 42697.166663
1473.402044 42718.292420
1474.158304 42740.019473
1474.901876 42761.879484
1475.630589 42784.404169
1476.382633 42807.622913
1477.121950 42831.283597
1477.867618 42853.787740
1478.505260 42872.139613
1478.975541 42892.544718
1479.712750 42917.967816
1480.454176 42944.073165
1481.199857 42970.405529
1481.924341 42996.995092
1482.655188 43024.741559
1483.413581 43053.550909
1484.171974 43083.086998
1484.938826 43113.185780
1485.697206 43143.767184
1486.459829 43174.336199
1487.190676 43205.100361
1487.936356 43236.983243
1488.694737 43267.462915
1489.351441 43297.899528
1490.084409 43331.076585
1490.842789 43364.931760
1491.582120 43399.735172
1492.357442 43434.179516
1493.058622 43469.436511
1493.844561 43506.029020
1494.579650 43543.202682
1495.365564 43580.440792
1496.081590 43615.983048
1496.778541 43651.743620
1497.483962 43687.369864
1498.157608 43722.908032
1498.841846 43757.187630
1499.451954 43788.912331
1500.026032 43818.033530
1500.528089 43848.567018
1501.142426 43882.623257
1501.760992 43916.271246
1502.347795 43950.100710
1502.959999 43985.248804
1503.580699 44021.627948
1504.222569 44058.642117
1504.847498 44098.036001
1505.478777 44138.733883
1505.980834 44181.490765
1506.495603 44234.921488
1507.095119 44299.444659
1507.692501 44372.362671
1508.302597 44452.078746
1508.887267 44534.062680
1509.427461 44619.314513
1509.967643 44712.162747
1510.522671 44809.338802
1511.050140 44810.124171
1511.577609 44718.336072
1512.096620 44627.462223
1512.689761 44532.625307
1513.354936 44447.103365
1513.926906 44373.936544
1514.528530 44300.366175
1515.255136 44230.467519
1515.975391 44171.898259
1516.699888 44123.787905
1517.447676 44086.602063
1518.201828 44061.557469
1518.936904 44048.549110
1519.682584 44047.350247
1520.438844 44056.144488
1521.180282 44070.224591
1521.938663 44085.792427
1522.684343 44103.517184
1523.582551 44122.126484
1524.349402 44139.602680
1525.088720 44157.444641
1525.836509 44176.265654
1526.607602 44195.650836
1527.353283 44215.415611
1528.107434 44236.295774
1528.891240 44257.902166
1529.653862 44279.326798
1530.382588 44301.376314
1531.147331 44324.552628
1531.912062 44347.966962
1532.653501 44372.016651
1533.420377 44396.436398
1534.149091 44421.200040
1534.901134 44447.044916
1535.659502 44473.329977
1536.403061 44499.976682
1537.148742 44523.611410
1537.699528 44547.910579
1538.453679 44576.468446
1539.205710 44605.367322
1539.947149 44635.320579
1540.722471 44666.164525
1541.478743 44697.494648
1542.247728 44729.380704
1543.001880 44761.600683
1543.758139 44795.070460
1544.541945 44828.956425
1545.289734 44862.982661
1546.052369 44897.992553
1546.817099 44933.207477
1547.562780 44968.769077
1548.316919 45005.173281
1549.073204 45043.067891
1549.863359 45081.035533
1550.598435 45118.597601
1551.348358 45157.336132
1552.106738 45196.776103
1552.860890 45236.358831
1553.602328 45273.876521
1554.259033 45311.350250
1554.979288 45352.314296
1555.744031 45394.316108
1556.481228 45435.577227
1557.199375 45476.780855
1557.915388 45519.083285
1558.652598 45563.446769
1559.419449 45608.772628
1560.169359 45653.535435
1560.898085 45698.416019
1561.633173 45744.652012
1562.387337 45791.458143
1563.122413 45837.757278
1563.842656 45884.545683
1564.575636 45932.787442
1565.323425 45980.182104
1566.014026 46026.566944
1566.715218 46072.226672
1567.369801 46117.653328
1568.049810 46163.462070
1568.702285 46208.182469
1569.337793 46252.815842
1569.975435 46298.022416
1570.615185 46342.889836
1571.231643 46387.483206
1571.852343 46431.929883
1572.453967 46477.006488
1573.081004 46522.389660
1573.680520 46566.535027
1574.244007 46615.159585
1574.854102 46669.710346
1575.402767 46731.516081
1575.995934 46796.413844
1576.481035 46859.870743
1576.951329 46931.566258
1577.472448 47008.195927
1577.936392 47082.911231
1578.368548 47157.729999
1578.781628 47232.043632
1579.165066 47311.664166
1579.597209 47397.320255
1580.023015 47408.441958
1580.345010 47340.761916
1580.728449 47261.176342
1581.217793 47171.689163
1581.772808 47078.136346
1582.399858 46984.424123
1583.075625 46916.286137
1583.429409 46878.877950
1583.692083 46832.757362
1584.264065 46768.707299
1584.986441 46707.680364
1585.723638 46658.854515
1586.452364 46622.729272
1587.187453 46599.139333
1587.911937 46588.123051
1588.644918 46587.432797
1589.377885 46592.053060
1590.110841 46598.119694
1590.854400 46604.688996
1591.585247 46611.712252
1592.316094 46619.253360
1593.049062 46627.313866
1593.782042 46635.935990
1594.523481 46645.319890
1595.294561 46655.074268
1596.012708 46665.249790
1596.766860 46676.329394
1597.537953 46687.801851
1598.273029 46699.507140
1599.006009 46711.778938
1599.747448 46724.868605
1600.514300 46738.627468
1601.270572 46752.568116
1601.999298 46767.062335
1602.757691 46782.158545
1603.494888 46797.792207
1604.253281 46814.208433
1605.013783 46830.901831
1605.748859 46847.832509
1606.483947 46865.353130
1607.225399 46883.547656
1607.973187 46902.347293
1608.720976 46921.451963
1609.451823 46940.965162
1610.191141 46960.898804
1610.915638 46981.861132
1611.690973 47003.617992
1612.434520 47025.391254
1613.173850 47047.687163
1613.917410 47070.935844
1614.684261 47094.716686
1615.427821 47118.523600
1616.162909 47142.886910
1616.908577 47167.765990
1617.643666 47185.903989
1617.972012 47205.123385
1618.747347 47231.844312
1619.484544 47258.342125
1620.217511 47286.306096
1621.005559 47314.960080
1621.746998 47343.236972
1622.486316 47372.579390
1623.255288 47402.749315
1624.009439 47432.822271
1624.746649 47463.118557
1625.485967 47492.762670
1626.168096 47523.634936
1626.941298 47556.229994
1627.680628 47588.106132
1628.396642 47620.970638
1629.157143 47654.919687
1629.898582 47688.965521
1630.640020 47723.883069
1631.396280 47759.276156
1632.135610 47795.825148
1632.917295 47833.378687
1633.675689 47869.853729
1634.391689 47906.158119
1635.122549 47943.008379
1635.840683 47979.696120
1636.546105 48016.364159
1637.245176 48053.388431
1637.946368 48090.359608
1638.626365 48124.249442
1639.198334 48155.729899
1639.776654 48187.580953
1640.350732 48220.763289
1640.965070 48256.200389
1641.606940 48292.186412
1642.227640 48327.261693
1642.825010 48364.692100
1643.464772 48407.410571
1644.072760 48456.325664
1644.676492 48511.103915
1645.246341 48567.236737
1645.744156 48630.160184
1646.318259 48705.049766
1646.905050 48784.800872
1647.449474 48868.860797
1648.002381 48956.890915
1648.519258 49045.110372
1649.006494 49034.927748
1649.610239 48934.078060
1650.165267 48841.193183
1650.762650 48747.536870
1651.429933 48668.085245
1651.927760 48595.568674
1652.620469 48518.322492
1653.349195 48450.789022
1654.063100 48393.983933
1654.808781 48347.941163
1655.539615 48313.430380
1656.302250 48290.500391
1657.047918 48279.877375
1657.799948 48281.194279
1658.543508 48291.917506
1659.291297 48306.526974
1660.028493 48324.215200
1660.981781 48343.062992
1661.765574 48360.467540
1662.523967 48377.950369
1663.263285 48396.195427
1664.036499 48415.281091
1664.797001 48434.689921
1665.549031 48454.539838
1666.298941 48475.171593
1667.065792 48496.839002
1667.847490 48518.453824
1668.569866 48540.441855
1669.336717 48563.569062
1670.097231 48587.123488
1670.853491 48611.022949
1671.599171 48635.464843
1672.353310 48660.548014
1673.103232 48686.134198
1673.853129 48712.179150
1674.596689 48738.987079
1675.357203 48766.836361
1676.126175 48795.156336
1676.880314 48823.621284
1677.626007 48852.661610
1678.380146 48883.123633
1679.168194 48914.351455
1679.930816 48945.358818
1680.678617 48977.493621
1681.466652 49010.442198
1682.225033 49043.776911
1683.002489 49077.799492
1683.765111 49111.898119
1684.519262 49146.289579
1685.269172 49175.466279
1685.777591 49205.072339
1686.525380 49241.723567
1687.311307 49279.428852
1688.078171 49317.276678
1688.845022 49354.914146
1689.580111 49393.137840
1690.346975 49433.200089
1691.130768 49473.021642
1691.865857 49511.791320
1692.588233 49551.163997
1693.325442 49592.541445
1694.100777 49635.141129
1694.861279 49677.561075
1695.609067 49719.891280
1696.346264 49763.035019
1697.102549 49805.860007
1697.810092 49848.293992
1698.534576 49892.594781
1699.286619 49938.938658
1700.059833 49985.931721
1700.813985 50032.656674
1701.559652 50078.672401
1702.273545 50125.379096
1703.023467 50173.655298
1703.769148 50221.662139
1704.493645 50269.377009
1705.213887 50317.481126
1705.934142 50365.246360
1706.628984 50412.434705
1707.317464 50458.932106
1707.978410 50505.306226
1708.649935 50551.677367
1709.298169 50597.740799
1709.948510 50644.232441
1710.596744 50691.231023
1711.249206 50738.113249
1711.882619 50783.850121
1712.492714 50830.797349
1713.104943 50882.561525
1713.698097 50939.840222
1714.263691 51002.773055
1714.818719 51070.352243
1715.344080 51137.825265
1715.803782 51207.458456
1716.280426 51280.330379
1716.718919 51353.152932
1717.138374 51430.385104
1717.576880 51509.296614
1717.970910 51586.272823
1718.358565 51673.237920
1718.845813 51770.854260
1719.345748 51876.269000
1719.919827 51988.929574
1720.502401 52101.687204
1721.087071 52215.717172
1721.692937 52317.007480
1722.152626 52314.071688
1722.661045 52228.599735
1723.116505 52149.852001
1723.612199 52066.394148
1724.205353 51979.431756
1724.855707 51910.475833
1725.283621 51846.478219
1725.999647 51775.183785
1726.734735 51715.656841
1727.463449 51668.639421
1728.202779 51634.252438
1728.925155 51612.463092
1729.675065 51603.126908
1730.393212 51603.924426
1731.126167 51608.991439
1731.850664 51614.973488
1732.583632 51621.546959
1733.335662 51628.702919
1734.089813 51636.261607
1734.824902 51644.249737
1735.568462 51652.878811
1736.331084 51661.942555
1737.066173 51671.334230
1737.803370 51681.198182
1738.538458 51691.535858
1739.275668 51702.394389
1740.017094 51713.779334
1740.760654 51725.927022
1741.536001 51738.475924
1742.268969 51751.249578
1743.012516 51764.810637
1743.779367 51778.821163
1744.518698 51793.124838
1745.264378 51808.038196
1746.016409 51823.438774
1746.762077 51839.493148
1747.528941 51855.848969
1748.257679 51872.435143
1749.001239 51889.590226
1749.738436 51907.484856
1750.503166 51926.075730
1751.257318 51944.845665
1751.996636 51963.883306
1752.733858 51983.368600
1753.471055 52003.562735
1754.225194 52024.567574
1754.985708 52045.701834
1755.714434 52066.732916
1756.434689 52088.288844
1757.167644 52111.088480
1757.938750 52134.704327
1758.692901 52158.183282
1759.423735 52181.697793
1760.150353 52206.281653
1760.917217 52232.027566
1761.684069 52251.699098
1762.071749 52271.085334
1762.800475 52296.862642
1763.535551 52323.492081
1764.285460 52350.873478
1765.035370 52378.786034
1765.787413 52407.353085
1766.545794 52436.415573
1767.297824 52465.935963
1768.054097 52495.779734
1768.797643 52526.249014
1769.560266 52557.871043
1770.335601 52589.735045
1771.085510 52621.156543
1771.816370 52653.201500
1772.572630 52686.520033
1773.339494 52719.959173
1774.078799 52752.982476
1774.805417 52786.626437
1775.551097 52819.841406
1776.239564 52852.968556
1776.961940 52888.102759
1777.716091 52924.271606
1778.461759 52961.406649
1779.234986 52998.929443
1779.976412 53035.993032
1780.711488 53072.717054
1781.421164 53109.683819
1782.147769 53146.201764
1782.823536 53182.995063
1783.543791 53221.342450
1784.261925 53256.273184
1784.840245 53286.774627
1785.382548 53317.794018
1785.969352 53351.332595
1786.592160 53386.437991
1787.223451 53422.307233
1787.861080 53457.183249
1788.445763 53492.522349
1789.087621 53531.656688
1789.742217 53575.645526
1790.373483 53625.874219
1790.985712 53682.691391
1791.583094 53740.644132
1792.080922 53798.352323
1792.566024 53861.741489
1793.070214 53934.392926
1793.610395 54014.733439
1794.139998 54099.979458
1794.665359 54193.552811
1795.220374 54298.542076
1795.821986 54413.017143
1796.474461 54530.095883
1797.129045 54646.839148
1797.809054 54763.123342
1798.491183 54876.315842
1799.169058 54981.729068
1799.789746 54995.262725
1800.262147 54923.956439
1800.753612 54849.497382
1801.353116 54770.766044
1802.022533 54703.502307
1802.554256 54646.278741
1803.189751 54587.995518
1803.935432 54536.872576
1804.651458 54497.686748
1805.382292 54469.305279
1806.121623 54452.356136
1806.867303 54447.219428
1807.623563 54453.033247
1808.371351 54465.707397
1809.104319 54480.582771
1809.845745 54493.274452
1810.332981 54502.552147
1810.724890 54514.880325
1811.474800 54531.459413
1812.228951 54548.630725
1812.991561 54566.253011
1813.745712 54584.047008
1814.485043 54602.284899
1815.239181 54621.147826
1815.993333 54640.875848
1816.779259 54660.948190
1817.524940 54681.059262
1818.279079 54701.729856
1819.033230 54723.061049
1819.802202 54741.975851
1820.359339 54760.978855
1821.107140 54783.174988
1821.857050 54806.367768
1822.640856 54829.780857
1823.375932 54853.154366
1824.127962 54877.339033
1824.886355 54902.288153
1825.657448 54927.622637
1826.411587 54953.165702
1827.167859 54979.232106
1827.926240 55005.712359
1828.680391 55032.453112
1829.428180 55059.718474
1830.186573 55087.744889
1830.951316 55116.105839
1831.703347 55144.801559
1832.461740 55174.111087
1833.222242 55204.000851
1833.986972 55234.347925
1834.747473 55265.068423
1835.507988 55296.333188
1836.272731 55327.429248
1837.003565 55359.293538
1837.783142 55392.328479
1838.547885 55425.465074
1839.310507 55459.534609
1840.096434 55494.213302
1840.865406 55528.354543
1841.606845 55562.855563
1842.371588 55598.195272
1843.129981 55633.489748
1843.873528 55669.590444
1844.646742 55706.239557
1845.394544 55743.404726
1846.169879 55778.690632
1846.824462 55813.182969
1847.551067 55849.491203
1848.262852 55887.634152
1849.044549 55926.694093
1849.775396 55965.492270
1850.529548 56005.114207
1851.275215 56045.353606
1852.035717 56086.325393
1852.791989 56127.108593
1853.529186 56168.869015
1854.304521 56211.726300
1855.065022 56254.268132
1855.812824 56297.201477
1856.571217 56339.839226
1857.293593 56382.110419
1858.024440 56425.926541
1858.784941 56469.664438
1859.498834 56512.114794
1860.202147 56554.447116
1860.899098 56596.254967
1861.572756 56638.373578
1862.267586 56681.253352
1862.953945 56724.244292
1863.640316 56766.594556
1864.294900 56809.171050
1864.977017 56852.915743
1865.657026 56897.027163
1866.339155 56941.782647
1867.027635 56986.273635
1867.690689 57030.848083
1868.370698 57076.487911
1869.054936 57121.917671
1869.718003 57167.203247
1870.387420 57211.667623
1871.016591 57254.928243
1871.641507 57297.906744
1872.253723 57341.474149
1872.842647 57388.269020
1873.404026 57439.399946
1873.933616 57494.167246
1874.435672 57551.610154
1874.908087 57614.179919
1875.401685 57688.238078
1875.954579 57758.785941
1876.331655 57821.187571
1876.721431 57891.962633
1877.153599 57969.551887
1877.579392 58051.465709
1878.032731 58136.423557
1878.488191 58120.582182
1879.142787 58023.700808
1879.610947 57942.030955
1880.174434 57856.385254
1880.786663 57771.281602
1881.473021 57710.249781
1881.803488 57649.559027
1882.663570 57577.659635
1883.413480 57525.707332
1884.129493 57487.077872
1884.853990 57460.408015
1885.580608 57446.011257
1886.324167 57442.793664
1887.067714 57446.408645
1887.792211 57452.070992
1888.533663 57458.179161
1889.281451 57464.626311
1890.018661 57471.393054
1890.757979 57478.566759
1891.505780 57486.142297
1892.253569 57494.022024
1892.990766 57502.225517
1893.732217 57510.897872
1894.488489 57519.983770
1895.238399 57529.356441
1895.981946 57539.006802
1896.719155 57549.044242
1897.466944 57559.529098
1898.216866 57570.520266
1898.983718 57581.749638
1899.716698 57593.132767
1900.456016 57605.005201
1901.205926 57617.485968
1901.974911 57630.096854
1902.697287 57642.909381
1903.447196 57656.436576
1904.209806 57670.272179
1904.953378 57684.214405
1905.688467 57698.765352
1906.457439 57713.782653
1907.203107 57728.869585
1907.942438 57744.383673
1908.694468 57760.486178
1909.454969 57776.934430
1910.204892 57793.369926
1910.931497 57810.287731
1911.691998 57828.033602
1912.458850 57845.746251
1913.185467 57863.386159
1913.916314 57881.343153
1914.640811 57900.052674
1915.403434 57919.471568
1916.155464 57938.955220
1916.894782 57958.573397
1917.629871 57978.983596
1918.400964 57999.901669
1919.146632 58020.836396
1919.892312 58042.163078
1920.640113 58063.851065
1921.385781 58082.634598
1921.915371 58100.121164
1922.555134 58120.995594
1923.292343 58143.776003
1924.035903 58167.683780
1924.821817 58192.131477
1925.575968 58216.278601
1926.319528 58240.792149
1927.073667 58266.345884
1927.857485 58292.058614
1928.598911 58317.313838
1929.334000 58342.068106
1930.026709 58367.200829
1930.763918 58393.572498
1931.507478 58420.453216
1932.253146 58447.850376
1933.005176 58475.689700
1933.755086 58503.210698
1934.471099 58531.333588
1935.233734 58560.461025
1935.983644 58589.878868
1936.742024 58619.452123
1937.481342 58648.965745
1938.218552 58678.443327
1938.938794 58708.488955
1939.686596 58738.434584
1940.385667 58768.193159
1941.108043 58799.090139
1941.845240 58828.954513
1942.504052 58857.626084
1943.171361 58886.768038
1943.838645 58914.642679
1944.436027 58942.696250
1945.099082 58972.339054
1945.755799 59002.896275
1946.446386 59034.719893
1947.145458 59065.866040
1947.793679 59097.267937
1948.490629 59130.414156
1949.200293 59162.098648
1949.823101 59192.448836
1950.464984 59222.951178
1951.083550 59253.455155
1951.714829 59285.455179
1952.352458 59321.165634
1952.979508 59361.169122
1953.543007 59405.818680
1954.098022 59456.217733
1954.642458 59513.505841
1955.203824 59577.498138
1955.752489 59648.446562
1956.318096 59727.531653
1956.887945 59810.079719
1957.421790 59811.659755
1957.945043 59735.049125
1958.474633 59658.761823
1959.088982 59582.166989
1959.743553 59519.861867
1960.232910 59464.334639
1960.917147 59406.676402
1961.645873 59358.204077
1962.374599 59321.229658
1963.094855 59295.473761
1963.829931 59280.860033
1964.577732 59277.721772
1965.283166 59284.736840
1966.024592 59297.975078
1966.778731 59312.939563
1967.505349 59328.212548
1968.248908 59344.189837
1969.003047 59360.516015
1969.740257 59377.144786
1970.483816 59394.285172
1971.229484 59411.843228
1971.973031 59423.924105
1972.237839 59433.684898
1972.771670 59449.727632
1973.530064 59468.818234
1974.279973 59488.312399
1975.036245 59508.461688
1975.803097 59528.811670
1976.542415 59549.567773
1977.307158 59571.169539
1978.076130 59592.779226
1978.811219 59614.698764
1979.571720 59637.355538
1980.327993 59660.611864
1981.099086 59683.902241
1981.829920 59707.459504
1982.590434 59731.636153
1983.333994 59756.208899
1984.092374 59781.310514
1984.842284 59806.624939
1985.587952 59832.214399
1986.329390 59858.373257
1987.083554 59884.988818
1987.827114 59911.952331
1988.577011 59939.413825
1989.324812 59967.619616
1990.091664 59995.886802
1990.820390 60024.256898
1991.570299 60053.828613
1992.339284 60084.084890
1993.101907 60114.225598
1993.843345 60144.973717
1994.614438 60176.321992
1995.364348 60207.799088
1996.120633 60240.020557
1996.885364 60273.228807
1997.667049 60305.996246
1998.391545 60338.545782
1999.143576 60372.696179
1999.921032 60407.765487
2000.694233 60442.454272
2001.435672 60476.740113
2002.172882 60511.590721
2002.920683 60547.312185
2003.676943 60579.239799
2004.251033 60610.300484
2004.956468 60645.414576
2005.683060 60681.653057
2006.418149 60719.313157
2007.185013 60757.715441
2007.932801 60796.006816
2008.678482 60834.719919
2009.426283 60874.021419
2010.178314 60914.256136
2010.945165 60953.947469
2011.661179 60993.257756
2012.398388 61033.311495
2013.127114 61074.541080
2013.891870 61116.539023
2014.633296 61157.886592
2015.359914 61199.401573
2016.092869 61241.808339
2016.836441 61284.003375
2017.548213 61325.480092
2018.253647 61367.211392
2018.961189 61408.809078
2019.649669 61450.393947
2020.344499 61492.208840
2021.028749 61534.516521
2021.727834 61577.378475
2022.418421 61619.942173
2023.096309 61662.260137
2023.767847 61705.530460
2024.464785 61749.624198
2025.151157 61793.944689
2025.843865 61838.276468
2026.519645 61882.826742
2027.208125 61928.216503
2027.898725 61973.185484
2028.563901 62017.223353
2029.216363 62061.951243
2029.892130 62107.441007
2030.557318 62152.032816
2031.197068 62195.485017
2031.781750 62240.242787
2032.330416 62290.256776
2032.879081 62347.310970
2033.427759 62406.901263
2033.906511 62467.745316
2034.378913 62534.551350
2034.866149 62606.486605
2035.336430 62680.043513
2035.779177 62754.567312
2036.204983 62833.563138
2036.656201 62927.374163
2037.226050 62947.948668
2037.581942 62879.527617
2038.011977 62801.921984
2038.528867 62716.705362
2039.134733 62627.975415
2039.816863 62543.249315
2040.518042 62478.383267
2041.009520 62422.301642
2041.736125 62364.590626
2042.500881 62319.504043
2043.229607 62288.285004
2043.954104 62269.401314
2044.693421 62262.696079
2045.434860 62265.113120
2046.178420 62270.651819
2046.905025 62276.525917
2047.646463 62282.868606
2048.402748 62289.600988
2049.152658 62296.451551
2049.860200 62303.635537
2050.608002 62311.372489
2051.357911 62319.426408
2052.099350 62327.758105
2052.836560 62336.267232
2053.550452 62345.140117
2054.291891 62354.437595
2055.020630 62364.092868
2055.764189 62374.160331
2056.503494 62384.498389
2057.236475 62395.242871
2057.984263 62406.574651
2058.749007 62418.347235
2059.507400 62430.330217
2060.253068 62442.761879
2061.022040 62455.512741
2061.763491 62468.421661
2062.509159 62481.813679
2063.265444 62495.479003
2064.002641 62509.459090
2064.754659 62523.931365
2065.506702 62538.760092
2066.258733 62553.835600
2067.000171 62569.175433
2067.743731 62585.022322
2068.500003 62601.524383
2069.271084 62618.318691
2070.021006 62634.872900
2070.739153 62652.022482
2071.510233 62670.042109
2072.272868 62688.071655
2073.014294 62705.908350
2073.732441 62724.059219
2074.471759 62743.278607
2075.247094 62763.046020
2076.001245 62782.562189
2076.729959 62802.055430
2077.456577 62822.352694
2078.219199 62843.468727
2078.979713 62864.677137
2079.723260 62885.967887
2080.464699 62908.202787
2081.248504 62931.176745
2082.015369 62954.306578
2082.784341 62978.004875
2083.563905 63002.178976
2084.339253 63025.987793
2085.072208 63049.992539
2085.836951 63074.762590
2086.595331 63099.473978
2087.334649 63124.076153
2088.065509 63148.765659
2088.789993 63171.504409
2089.389509 63194.545118
2090.113981 63220.327644
2090.853311 63246.559477
2091.584158 63273.288819
2092.331960 63300.240644
2093.056444 63327.459440
2093.799991 63355.335720
2094.541442 63383.722838
2095.293460 63411.510092
2095.986181 63439.598340
2096.736104 63469.225158
2097.490242 63498.566266
2098.208377 63528.041370
2098.951936 63558.415061
2099.697604 63589.005110
2100.434814 63619.720057
2101.169890 63649.963818
2101.868961 63679.399084
2102.551078 63709.507320
2103.267104 63740.567913
2103.978888 63771.339044
2104.667368 63801.331724
2105.330410 63831.521871
2106.014660 63862.767730
2106.711611 63894.701964
2107.412803 63926.499447
2108.090691 63958.800301
2108.800342 63990.995802
2109.461288 64022.788234
2110.141284 64055.064274
2110.810701 64085.670783
2111.410204 64116.016309
2112.052075 64149.670161
2112.681246 64188.993614
2113.295570 64237.153324
2113.935333 64291.257182
2114.505182 64349.234398
2115.068668 64414.916671
2115.651217 64484.712859
2116.174470 64559.323905
2116.729485 64639.854124
2117.261196 64632.479974
2117.907296 64546.765024
2118.464432 64471.321399
2119.076648 64398.222666
2119.722761 64347.219534
2120.036286 64291.434231
2120.970498 64226.085171
2121.707695 64181.316205
2122.457604 64148.561029
2123.173617 64127.602286
2123.915056 64117.839916
2124.671328 64120.037722
2125.423359 64131.261847
2126.152085 64145.765376
2126.887161 64160.986569
2127.641300 64176.834050
2128.397572 64193.096104
2129.151736 64209.821346
2129.912225 64226.912889
2130.662147 64244.497726
2131.428998 64262.701883
2132.195850 64280.965605
2132.933059 64299.702686
2133.704153 64319.421180
2134.485838 64339.463005
2135.248473 64359.628210
2136.006840 64380.156729
2136.765234 64401.312782
2137.538448 64423.134771
2138.313783 64445.392257
2139.086997 64467.769912
2139.841136 64490.996226
2140.641896 64514.189909
2141.366393 64537.426649
2142.141715 64561.602149
2142.900108 64586.002662
2143.662718 64610.787531
2144.418990 64636.101264
2145.187975 64661.979824
2145.952718 64688.102299
2146.711086 64714.498452
2147.467359 64741.046196
2148.210918 64768.393139
2148.988374 64796.426050
2149.746755 64824.136089
2150.483951 64852.460967
2151.252936 64874.489816
2151.642712 64889.392019
2152.028259 64911.784761
2152.795136 64941.908062
2153.561987 64972.544325
2154.333080 65003.349490
2155.087232 65034.362612
2155.847733 65065.746872
2156.599776 65097.865249
2157.375098 65130.401405
2158.127142 65162.858888
2158.879159 65196.336867
2159.658724 65231.089006
2160.448892 65265.997574
2161.215744 65300.720745
2161.978379 65335.722821
2162.738880 65371.147088
2163.501502 65407.244882
2164.272595 65442.951961
2165.001334 65478.254155
2165.738531 65514.101200
2166.473620 65551.503210
2167.257426 65589.471139
2167.998864 65626.795736
2168.740303 65665.337344
2169.513517 65704.893215
2170.278260 65744.491807
2171.036641 65783.895338
2171.778080 65823.769795
2172.538594 65864.336251
2173.290624 65904.972805
2174.038413 65945.434150
2174.769260 65983.108384
2175.402672 66022.217961
2176.171645 66065.259492
2176.932146 66108.242996
2177.684189 66150.295024
2178.398082 66192.314537
2179.135291 66235.085638
2179.861896 66277.177844
2180.563089 66319.393231
2181.281223 66362.739993
2182.007841 66406.140804
2182.715383 66449.790045
2183.437759 66493.938948
2184.149543 66538.397863
2184.869786 66583.963627
2185.604887 66629.708485
2186.318779 66674.888570
2187.024214 66720.574001
2187.742335 66767.384693
2188.471074 66814.574126
2189.189221 66860.813065
2189.877700 66907.065358
2190.585243 66952.954784
2191.252539 66997.045304
2191.896531 67040.896057
2192.532051 67087.819591
2193.161222 67138.872205
2193.726842 67193.442040
2194.262795 67253.179388
2194.794518 67318.445766
2195.313516 67385.064025
2195.775326 67451.253786
2196.213845 67522.480535
2196.677763 67596.065124
2197.090856 67672.150675
2197.537832 67756.594772
2198.022960 67849.308646
2198.561033 67949.079495
2199.132991 68048.961950
2199.681669 68149.443031
2200.270580 68253.287722
2200.867976 68352.161573
2201.410278 68352.903521
2201.967415 68271.218183
2202.431346 68198.908594
2202.948236 68122.251949
2203.568935 68045.047261
2204.223519 67987.066519
2204.632357 67932.396747
2205.407705 67872.892399
2206.138552 67828.436461
2206.850336 67796.273979
2207.583304 67775.961662
2208.326863 67768.262510
2209.049239 67770.078799
2209.752540 67775.474759
2210.517296 67781.353016
2211.248143 67787.480045
2211.993811 67793.910777
2212.722549 67800.640493
2213.463988 67807.787287
2214.213898 67815.199917
2214.944757 67822.888937
2215.686196 67831.034052
2216.442468 67839.551292
2217.192365 67848.257453
2217.925346 67857.273226
2218.673134 67866.700781
2219.420936 67876.367544
2220.156024 67886.385711
2220.908055 67896.949158
2221.674919 67907.797256
2222.420587 67918.836970
2223.168376 67930.200156
2223.914056 67941.717434
2224.640674 67953.588414
2225.390583 67966.040064
2226.148977 67979.022694
2226.922178 67992.078248
2227.650917 68005.277689
2228.402947 68019.087301
2229.163449 68033.267800
2229.919721 68047.596679
2230.661160 68061.915524
2231.383536 68076.528002
2232.122866 68091.756186
2232.874897 68107.326845
2233.616323 68123.246671
2234.370474 68139.394806
2235.103442 68155.725200
2235.844893 68172.661816
2236.603274 68189.846601
2237.338350 68207.158115
2238.079801 68224.604565
2238.800044 68242.496529
2239.552074 68260.936505
2240.291405 68279.485188
2241.026481 68298.295227
2241.761569 68317.111033
2242.473341 68336.634010
2243.238084 68356.982701
2243.987994 68377.138908
2244.714611 68397.437627
2245.451808 68418.347812
2246.199597 68439.852918
2246.955882 68461.715871
2247.705792 68483.687624
2248.447230 68505.887631
2249.190777 68528.602906
2249.944929 68551.806997
2250.699080 68575.039829
2251.434169 68598.904526
2252.207383 68623.676605
2252.978476 68648.585817
2253.738977 68673.484056
2254.488887 68698.680165
2255.247280 68716.787869
2255.562913 68738.240294
2256.501367 68767.086117
2257.234335 68792.966341
2257.980003 68819.427279
2258.727804 68846.057846
2259.465001 68872.505074
2260.185256 68897.691658
2260.837719 68923.522944
2261.577036 68951.466299
2262.326959 68979.891971
2263.074747 69008.766830
2263.831007 69037.926890
2264.576687 69067.122578
2265.318126 69096.725130
2266.068036 69124.973987
2266.726848 69152.402538
2267.421691 69181.972450
2268.171600 69211.922166
2268.870672 69240.132884
2269.523134 69268.933536
2270.237039 69298.948062
2270.933977 69328.658068
2271.620349 69358.416560
2272.306708 69387.980484
2272.971870 69418.427341
2273.685775 69450.522088
2274.412393 69483.059588
2275.132648 69514.834619
2275.812644 69546.608807
2276.520187 69579.200310
2277.223500 69611.036017
2277.886554 69642.096298
2278.545367 69673.816031
2279.225375 69704.160553
2279.816408 69733.471902
2280.443458 69765.976381
2281.087437 69804.125455
2281.716607 69848.744442
2282.318232 69900.273307
2282.919856 69955.667275
2283.451567 70014.852216
2283.996003 70082.406020
2284.561611 70155.797985
2285.097551 70231.734144
2285.612332 70315.595901
2286.203365 70409.525046
2286.855828 70504.511660
2287.491348 70599.781565
2288.169236 70697.022494
2288.836520 70795.513474
2289.529228 70891.562714
2290.160520 70903.544140
2290.643526 70835.946930
2291.164645 70767.680512
2291.751436 70699.693744
2292.391186 70645.350726
2292.840296 70594.009671
2293.600785 70539.553811
2294.350707 70497.809219
2295.087904 70468.318396
2295.808159 70450.233115
2296.555948 70443.619182
2297.333391 70448.293138
2298.064238 70460.564453
2298.807798 70475.396499
2299.553465 70490.528869
2300.294917 70506.141329
2301.055418 70522.123517
2301.801086 70538.298697
2302.548887 70554.941175
2303.307268 70572.032943
2304.065648 70589.310751
2304.811329 70606.794176
2305.559118 70624.884535
2306.328090 70643.095504
2307.058937 70661.508976
2307.817330 70680.673001
2308.582073 70700.173005
2309.340454 70719.899596
2310.096713 70740.046131
2310.861456 70760.701417
2311.630429 70782.051681
2312.420585 70803.601216
2313.178978 70824.959120
2313.931008 70847.020994
2314.714814 70870.077998
2315.511333 70892.762508
2316.246409 70915.478706
2317.021744 70939.075489
2317.792837 70962.921432
2318.561822 70986.471979
2319.292669 71010.460467
2320.067991 71035.254724
2320.828505 71060.079243
2321.584765 71085.203790
2322.343158 71110.661669
2323.099418 71136.563355
2323.864161 71162.651790
2324.611950 71184.439947
2325.114019 71197.883999
2325.376706 71215.186624
2326.088477 71241.739633
2326.859570 71269.493318
2327.620072 71297.000816
2328.359389 71324.720986
2329.113541 71353.326071
2329.882526 71382.428254
2330.645148 71411.625962
2331.401420 71441.160499
2332.164030 71471.239949
2332.930894 71501.659074
2333.693516 71532.333265
2334.456139 71563.607275
2335.231474 71594.958440
2335.981383 71626.386761
2336.744006 71658.190152
2337.496036 71691.193046
2338.298917 71724.352390
2339.042464 71757.084408
2339.809328 71790.518094
2340.569830 71823.819549
2341.315510 71857.311142
2342.069662 71890.983345
2342.808980 71924.106983
2343.524993 71959.018164
2344.327874 71994.543500
2345.056600 72026.722469
2345.702713 72059.848884
2346.458972 72095.733099
2347.208882 72132.000548
2347.967275 72168.700999
2348.721426 72206.049033
2349.492520 72243.098400
2350.221258 72280.857334
2351.007185 72319.259263
2351.748611 72356.818248
2352.487942 72393.986896
2353.201847 72431.798133
2353.953865 72470.524905
2354.691074 72508.514030
2355.402858 72546.249338
2356.118872 72583.939150
2356.817943 72621.752399
2357.527619 72659.967822
2358.230932 72698.590826
2358.944825 72737.621228
2359.652380 72775.176177
2360.302722 72812.356864
2360.986972 72851.824961
2361.709335 72891.572777
2362.393573 72931.738263
2363.120191 72973.225160
2363.840459 73014.401348
2364.545880 73056.186328
2365.276727 73098.078779
2365.975799 73140.715816
2366.721467 73183.266725
2367.407838 73225.936996
2368.147156 73270.241552
2368.878003 73313.179723
2369.562253 73356.548949
2370.297329 73400.463071
2370.990051 73443.032247
2371.672181 73486.078136
2372.371265 73528.394961
2373.021606 73568.497391
2373.642294 73606.068981
2374.205793 73643.928979
2374.779883 73687.141393
2375.349720 73735.777629
2375.885672 73788.759553
2376.402575 73847.130854
2376.919465 73905.684385
2377.347379 73965.441004
2377.802839 74031.257888
2378.251936 74102.411537
2378.713759 74183.359397
2379.230649 74266.901513
2379.698809 74283.685136
2379.976330 74228.205661
2380.385168 74157.066920
2380.910542 74078.836180
2381.497332 73999.346808
2382.164629 73923.802207
2382.846758 73872.258740
2383.194179 73822.237257
2384.066962 73766.691026
2384.793567 73729.564150
2385.532897 73704.741452
2386.274323 73692.700224
2387.030595 73691.545970
2387.776276 73695.945523
2388.492302 73701.612658
2389.221028 73707.698925
2389.975179 73714.194593
2390.735693 73720.903632
2391.475011 73727.812627
2392.218571 73735.141890
2392.987543 73742.749361
2393.731115 73750.575768
2394.487375 73758.654287
2395.226706 73766.865889
2395.957552 73775.598542
2396.739237 73784.617607
2397.472205 73793.728389
2398.222128 73803.218197
2398.972024 73812.915237
2399.711355 73822.961452
2400.471856 73833.236948
2401.204824 73843.716529
2401.954734 73854.669724
2402.715248 73865.741597
2403.443974 73877.159615
2404.212946 73888.932287
2404.952277 73901.043867
2405.727612 73913.574068
2406.483871 73926.180441
2407.233794 73939.124154
2407.996416 73952.461823
2408.759038 73965.797438
2409.489885 73979.375273
2410.248266 73993.403205
2410.998188 74007.837040
2411.769281 74022.406692
2412.504370 74037.135829
2413.262750 74052.158169
2413.999960 74067.350697
2414.747749 74083.173300
2415.518854 74099.208293
2416.260293 74115.136460
2416.995382 74131.193602
2417.724108 74147.636758
2418.469776 74164.736094
2419.232398 74182.039387
2419.971728 74199.197547
2420.698321 74216.572707
2421.433422 74234.755793
2422.204515 74253.370559
2422.952304 74272.114383
2423.710685 74290.783981
2424.430940 74310.034019
2425.212637 74329.998512
2425.966789 74349.806114
2426.714565 74370.037657
2427.479321 74390.287067
2428.208047 74410.936796
2428.981261 74432.545309
2429.758717 74454.207631
2430.514976 74476.041979
2431.283961 74498.223728
2432.044450 74520.570296
2432.804964 74543.107254
2433.559103 74565.218358
2434.273008 74587.113303
2434.995384 74609.889809
2435.749535 74631.025604
2436.351160 74652.380452
2437.103190 74676.428242
2437.859463 74700.445364
2438.592418 74724.845795
2439.355040 74749.411618
2440.081658 74774.329661
2440.848509 74799.407611
2441.568764 74824.913835
2442.344099 74850.797071
2443.070704 74876.930954
2443.843918 74903.749230
2444.593841 74930.706184
2445.358571 74957.635792
2446.091526 74983.411122
2446.777898 75009.365424
2447.506624 75036.509965
2448.243821 75064.318671
2448.993730 75091.954486
2449.707635 75118.802103
2450.402465 75146.145201
2451.129083 75174.147469
2451.845096 75202.408729
2452.571701 75231.559356
2453.319490 75261.273860
2454.060941 75290.489181
2454.770605 75319.449299
2455.486618 75348.790863
2456.202631 75378.695223
2456.933478 75408.811202
2457.647371 75439.233288
2458.380338 75470.001523
2459.098473 75500.576053
2459.810257 75531.036047
2460.511437 75561.466277
2461.210508 75591.625143
2461.888396 75622.446178
2462.606530 75653.263539
2463.273814 75683.944510
2463.975019 75712.586991
2464.542734 75741.894627
2465.176134 75777.304297
2465.762937 75819.260531
2466.358212 75865.277382
2466.875089 75914.739145
2467.402571 75971.444645
2467.944874 76034.165668
2468.472355 76104.261495
2469.031613 76179.931265
2469.563323 76180.363116
2470.101384 76106.966311
2470.660642 76036.135681
2471.266508 75968.066270
2471.912608 75918.815738
2472.266379 75867.740323
2473.156115 75810.092326
2473.903904 75770.372929
2474.658055 75742.937359
2475.376190 75727.363608
2476.119749 75723.111599
2476.865417 75728.844599
2477.623798 75739.632327
2478.361007 75751.611115
2479.104554 75764.104738
2479.862935 75776.921479
2480.604373 75789.895549
2481.341583 75803.459280
2482.110568 75817.362440
2482.847752 75831.640469
2483.618858 75846.363869
2484.366647 75861.251639
2485.118664 75876.702807
2485.887662 75892.526403
2486.641801 75908.616066
2487.402302 75925.031777
2488.154333 75941.991283
2488.931789 75959.522919
2489.702882 75977.297767
2490.469733 75995.460897
2491.242947 76014.115368
2492.020403 76033.083581
2492.789376 76052.041906
2493.537177 76071.384524
2494.308270 76091.577744
2495.094184 76111.853692
2495.844107 76131.890705
2496.585533 76152.888214
2497.379943 76174.473727
2498.138323 76195.796897
2498.888233 76217.779325
2499.667797 76240.238487
2500.426190 76262.809019
2501.188813 76285.732420
2501.947206 76308.944555
2502.705574 76332.241482
2503.447025 76353.382862
2504.048637 76378.674801
2505.027350 76406.697474
2505.777259 76431.513861
2506.533531 76457.034386
2507.304612 76482.871835
2508.058763 76508.921810
2508.821386 76535.471114
2509.584008 76562.414148
2510.348751 76589.713499
2511.111373 76617.098360
2511.861296 76645.111335
2512.638739 76673.713525
2513.401361 76702.440124
2514.166104 76731.645685
2514.935089 76761.085661
2515.693457 76790.550467
2516.445500 76820.366176
2517.203894 76848.177329
2517.839402 76875.750107
2518.570249 76905.683174
2519.307445 76936.474359
2520.063718 76968.093473
2520.824219 76999.882986
2521.572021 77031.384776
2522.302867 77062.349050
2523.010410 77093.867628
2523.751849 77126.875428
2524.512350 77160.319040
2525.258030 77194.064976
2526.016411 77229.221428
2526.808700 77265.276992
2527.590385 77300.970647
2528.350887 77336.432925
2529.107159 77372.096656
2529.861311 77409.283003
2530.666300 77447.241104
2531.437393 77484.702839
2532.206378 77521.530462
2532.937238 77559.081420
2533.721031 77597.719513
2534.481532 77634.892736
2535.193317 77672.027510
2535.938997 77710.358385
2536.684678 77748.641462
2537.415525 77786.478807
2538.131538 77823.738623
2538.828501 77860.910686
2539.529694 77898.495085
2540.230886 77936.783888
2540.946899 77975.783521
2541.662913 78015.390275
2542.389530 78055.963153
2543.128848 78097.100115
2543.863937 78138.210117
2544.590542 78179.890856
2545.334102 78220.862069
2546.024715 78262.036423
2546.764033 78303.945663
2547.469454 78345.121319
2548.172767 78387.669438
2548.914206 78431.161555
2549.638703 78474.348188
2550.358958 78516.698330
2551.045317 78558.517536
2551.738038 78601.863909
2552.464644 78645.379682
2553.153123 78687.294958
2553.818311 78728.630988
2554.479245 78769.923970
2555.108415 78813.575517
2555.718523 78860.513401
2556.256584 78909.440602
2556.752303 78962.463885
2557.250118 79018.079015
2557.697094 79074.448964
2558.127129 79134.286831
2558.559297 79197.439521
2558.976619 79260.598938
2559.357924 79326.466037
2559.773138 79336.058296
2560.080300 79278.084002
2560.501864 79206.907421
2561.033588 79127.734777
2561.656408 79047.256286
2562.342767 78972.962746
2563.037597 78924.781164
2563.346880 78899.621707
2563.632871 78866.484788
2564.245087 78824.508832
2564.992876 78790.696524
2565.706781 78769.706416
2566.441870 78760.886879
2567.198142 78762.112181
2567.945944 78767.334555
2568.659836 78773.105902
2569.401287 78779.342741
2570.163910 78785.786036
2570.890515 78792.438214
2571.638316 78799.528645
2572.400938 78806.820935
2573.133906 78814.370621
2573.892287 78822.234281
2574.633725 78830.293658
2575.377285 78838.598501
2576.114495 78847.223898
2576.866525 78856.183684
2577.614327 78865.325967
2578.351523 78874.671456
2579.088733 78884.439646
2579.849234 78894.522282
2580.592794 78904.645800
2581.319412 78914.945215
2582.050259 78925.724436
2582.806518 78936.737952
2583.533136 78947.894409
2584.272454 78959.430153
2585.013893 78971.147967
2585.742619 78983.327287
2586.507362 78995.773447
2587.236088 79008.333750
2587.981768 79021.477418
2588.746512 79034.916470
2589.494313 79048.325455
2590.225160 79062.025434
2590.975069 79076.011138
2591.708037 79090.331832
2592.464310 79104.962360
2593.201506 79119.826699
2593.953537 79135.004093
2594.694976 79150.389999
2595.440656 79166.227731
2596.199037 79182.086559
2596.921413 79197.939293
2597.654380 79214.192804
2598.389469 79231.024974
2599.149971 79248.224972
2599.893517 79265.255461
2600.615893 79282.629575
2601.365816 79300.393244
2602.098784 79318.507806
2602.855043 79337.208556
2603.613436 79355.894004
2604.346404 79374.692652
2605.092072 79394.006305
2605.844102 79413.846796
2606.608846 79434.309035
2607.386302 79454.800202
2608.131969 79475.405899
2608.896713 79496.406603
2609.650864 79517.692102
2610.415607 79539.441160
2611.182459 79561.168686
2611.926018 79582.992786
2612.680170 79604.994892
2613.417366 79627.144675
2614.163047 79649.724549
2614.910836 79672.446110
2615.648033 79695.174755
2616.378892 79718.135146
2617.113968 79741.392001
2617.846936 79765.222342
2618.601075 79789.563031
2619.348876 79813.760289
2620.077602 79838.441252
2620.838116 79863.926295
2621.598605 79889.948835
2622.373940 79916.184723
2623.130212 79941.784708
2623.852575 79967.246913
2624.585543 79993.572334
2625.341816 80013.912928
2625.727362 80025.885191
2626.009112 80043.766864
2626.716641 80070.334288
2627.468685 80097.862724
2628.214352 80124.198258
2628.887998 80150.392950
2629.612495 80177.344021
2630.313688 80204.833520
2631.052993 80233.270709
2631.790202 80261.186274
2632.489274 80289.193543
2633.218000 80317.910556
2633.940363 80346.886837
2634.669089 80376.249697
2635.397828 80405.438672
2636.105370 80434.270941
2636.804442 80463.744605
2637.531047 80493.640692
2638.238589 80522.759768
2638.916477 80551.983272
2639.617657 80582.302800
2640.335804 80613.832317
2641.081472 80645.294548
2641.784772 80675.993386
2642.483844 80707.499457
2643.212570 80739.962831
2643.943429 80771.155502
2644.604363 80800.524779
2645.244113 80833.027798
2645.934713 80869.821006
2646.513020 80911.314862
2647.099824 80957.764580
2647.631535 81007.141112
2648.142075 81059.458838
2648.622960 81117.573012
2649.139838 81183.426617
2649.658848 81251.957887
2650.139721 81244.356589
2650.739237 81165.405668
2651.328149 81092.118938
2651.963670 81024.235884
2652.601286 80980.170024
2652.872444 80956.240424
2653.149951 80917.993145
2653.870219 80869.420175
2654.630708 80831.740181
2655.378509 80806.587251
2656.105114 80793.189833
2656.846553 80791.454489
2657.617646 80799.060468
2658.352735 80810.516563
2659.102632 80822.654016
2659.846192 80835.180837
2660.602464 80847.891926
2661.329082 80860.995334
2662.091691 80874.833311
2662.862784 80888.780025
2663.599981 80903.115598
2664.375329 80917.910465
2665.125226 80932.843475
2665.879377 80948.465616
2666.663183 80964.546810
2667.427926 80980.646118
2668.179957 80997.115416
2668.946808 81014.309099
2669.732735 81031.809867
2670.495357 81049.475031
2671.264342 81067.539979
2672.031194 81086.346225
2672.831942 81105.406346
2673.590335 81124.006388
2674.325411 81143.327717
2675.113458 81163.596069
2675.895143 81183.837233
2676.653524 81204.092655
2677.409809 81225.042816
2678.193602 81246.877303
2678.988013 81268.354609
2679.720968 81289.886673
2680.494182 81312.029697
2681.246200 81334.462022
2682.015197 81357.397201
2682.777807 81380.487999
2683.534079 81403.925162
2684.296701 81427.840175
2685.061445 81444.253671
2685.334711 81457.787771
2685.906680 81479.363926
2686.669290 81504.432118
2687.438275 81529.956640
2688.207260 81555.581425
2688.961399 81581.446296
2689.724021 81607.838655
2690.488764 81634.504116
2691.247157 81661.860164
2692.030963 81689.295646
2692.774510 81716.893995
2693.547737 81745.580231
2694.331543 81774.345893
2695.089923 81803.027366
2695.850425 81831.889541
2696.600347 81860.929309
2697.352378 81891.018169
2698.138304 81921.367513
2698.886080 81950.833810
2699.610590 81980.109605
2700.332966 82007.510891
2700.951532 82036.261794
2701.724734 82068.350562
2702.489490 82099.440339
2703.199153 82129.863421
2703.917287 82161.971081
2704.690501 82195.609188
2705.463715 82228.616665
2706.192441 82261.401243
2706.940243 82295.082881
2707.694381 82329.924204
2708.478200 82365.895939
2709.266248 82402.285113
2710.052174 82438.595041
2710.821147 82475.270180
2711.607074 82512.455672
2712.382409 82549.390490
2713.142910 82586.629197
2713.916124 82624.688398
2714.695701 82663.053449
2715.466794 82701.085565
2716.218825 82738.714757
2716.960263 82776.136767
2717.691123 82813.665646
2718.424078 82852.011031
2719.173988 82890.793126
2719.911197 82929.402920
2720.642044 82967.882840
2721.362299 83006.108809
2722.071962 83044.240039
2722.777397 83083.715082
2723.525185 83124.256660
2724.258166 83164.952486
2724.999605 83205.673594
2725.721968 83246.001011
2726.437994 83287.664455
2727.196374 83329.825604
2727.918750 83371.403913
2728.645368 83413.048316
2729.359273 83454.321448
2730.062574 83496.773308
2730.806133 83539.529653
2731.509447 83581.083303
2732.202168 83623.569478
2732.926652 83667.122015
2733.644799 83710.079350
2734.339642 83751.642028
2735.002696 83792.106621
2735.653038 83833.128422
2736.292800 83877.821566
2736.917729 83926.626566
2737.474865 83976.290212
2737.957872 84027.390901
2738.426032 84082.064883
2738.881492 84139.560892
2739.317877 84199.733025
2739.745803 84258.923480
2740.114395 84320.490039
2740.523259 84392.796939
2740.993540 84476.581345
2741.542205 84567.997086
2742.126888 84661.648561
2742.728512 84755.944194
2743.349200 84851.935228
2744.003783 84942.836498
2744.586357 84944.361786
2745.183753 84875.533933
2745.637092 84815.920212
2746.198470 84752.816856
2746.842462 84691.276808
2747.571188 84649.460477
2747.912259 84613.539169
2748.776557 84576.274661
2749.486233 84555.441559
2750.238276 84546.765889
2750.971232 84548.061977
2751.689366 84553.218781
2752.413863 84559.001866
2753.157422 84565.174349
2753.915815 84571.584546
2754.655133 84578.089245
2755.377509 84584.872711
2756.123190 84592.109991
2756.887933 84599.508182
2757.614551 84607.033546
2758.353869 84615.047177
2759.124974 84623.221641
2759.847338 84631.500489
2760.590910 84640.238244
2761.349291 84649.101987
2762.071654 84657.808679
2762.764388 84666.750241
2763.486751 84676.071769
2764.202777 84685.257277
2764.870073 84694.862099
2765.613620 84705.257439
2766.361422 84715.923166
2767.107102 84726.797882
2767.848541 84738.024720
2768.606934 84749.374477
2769.331431 84761.033325
2770.096162 84772.992040
2770.827021 84785.125185
2771.581160 84797.579787
2772.320490 84810.127667
2773.055566 84822.926009
2773.794897 84835.954359
2774.527865 84849.544267
2775.301079 84863.367853
2776.031913 84877.155701
2776.773364 84891.519894
2777.538108 84906.349780
2778.300717 84921.256297
2779.046398 84936.232229
2779.789957 84951.529483
2780.542000 84967.306232
2781.306744 84983.276551
2782.052411 84999.327250
2782.800213 85015.633963
2783.545893 85032.197000
2784.293669 85049.355063
2785.069004 85066.406254
2785.785030 85083.149222
2786.511635 85100.559432
2787.263666 85118.627161
2788.024167 85136.774089
2788.761377 85154.918757
2789.500695 85173.714736
2790.269667 85193.228438
2791.045015 85212.959896
2791.809745 85232.714592
2792.566018 85252.623562
2793.322277 85272.824012
2794.080670 85293.403753
2794.845414 85314.131501
2795.595336 85334.917060
2796.345233 85355.720450
2797.078213 85376.657608
2797.819639 85398.274116
2798.582262 85420.271692
2799.332171 85442.660651
2800.103277 85465.024323
2800.834111 85487.234393
2801.577671 85509.920720
2802.323351 85533.059499
2803.079624 85555.988463
2803.795637 85578.970733
2804.539184 85602.976885
2805.303927 85627.275410
2806.049608 85650.342973
2806.723254 85673.513005
2807.460451 85697.965905
2808.197660 85722.489304
2808.924265 85747.513977
2809.676296 85773.005177
2810.415626 85798.754071
2811.167657 85825.427508
2811.945100 85852.176828
2812.686539 85877.409934
2813.364414 85902.961659
2814.110094 85930.051664
2814.860004 85957.280484
2815.599322 85984.687128
2816.345002 86012.744251
2817.105504 86040.135423
2817.802467 86067.335136
2818.539651 86095.213888
2819.259906 86123.463604
2820.003466 86152.746132
2820.763980 86181.991759
2821.492706 86211.200955
2822.238374 86240.614543
2822.964992 86269.893090
2823.691597 86299.457434
2824.420323 86329.264744
2825.146928 86358.786546
2825.850228 86388.858528
2826.591680 86419.343345
2827.303464 86449.172363
2828.002523 86479.505055
2828.727020 86510.800045
2829.459987 86541.967972
2830.167530 86573.052340
2830.885651 86603.946665
2831.574131 86635.309470
2832.302857 86667.039315
2832.997699 86697.474581
2833.658633 86727.884910
2834.342871 86759.660812
2834.967800 86796.435046
2835.596958 86839.000232
2836.162565 86884.980997
2836.696397 86935.322251
2837.219649 86989.312412
2837.713235 87043.711722
2838.153849 87103.315355
2838.651689 87173.369858
2839.179158 87249.214526
2839.708760 87331.372044
2840.306143 87421.388698
2840.941664 87515.890945
2841.598355 87613.815250
2842.278364 87713.155154
2842.952023 87806.430934
2843.547285 87816.048845
2844.028157 87746.943428
2844.559881 87676.479683
2845.155143 87607.164451
2845.790663 87555.954580
2846.155026 87502.204571
2847.036279 87443.008544
2847.733230 87401.919087
2848.453472 87370.603516
2849.203395 87350.333307
2849.961775 87342.069724
2850.703214 87344.786809
2851.448894 87354.547342
2852.207275 87366.807378
2852.995310 87378.848630
2853.696502 87390.822597
2854.446425 87403.451528
2855.198442 87416.527048
2855.971657 87429.774782
2856.715203 87443.218121
2857.482068 87457.099450
2858.246811 87471.075078
2858.996720 87485.199548
2859.750872 87499.567493
2860.500781 87514.347670
2861.271875 87529.522942
2862.036605 87544.867346
2862.799227 87560.266385
2863.544921 87576.114493
2864.326593 87592.593779
2865.108278 87609.152865
2865.873034 87625.621951
2866.622931 87642.459597
2867.398266 87659.881430
2868.177830 87677.392498
2868.938344 87695.063438
2869.709424 87713.212075
2870.489001 87731.491481
2871.249503 87749.719843
2872.003654 87768.249297
2872.768397 87787.344568
2873.547974 87806.587071
2874.304234 87825.869809
2875.066843 87845.317978
2875.816765 87865.769903
2876.636589 87886.079509
2877.356831 87905.945392
2878.123695 87926.651232
2878.888438 87947.610435
2879.655290 87968.703764
2880.411562 87989.959194
2881.172063 88011.583724
2881.936807 88033.335771
2882.688837 88055.307095
2883.451459 88078.404521
2884.262812 88101.792702
2885.027542 88124.524534
2885.777464 88147.149050
2886.518890 88170.113375
2887.275163 88193.981044
2888.058969 88218.167070
2888.819470 88242.106378
2889.571513 88266.499173
2890.344715 88291.070352
2891.092516 88315.895606
2891.865730 88341.177822
2892.626231 88366.395497
2893.380383 88391.322488
2894.109109 88414.242475
2894.731917 88437.630923
2895.475464 88464.081072
2896.263511 88490.553828
2896.994371 88516.494718
2897.737918 88542.895935
2898.481490 88569.765632
2899.237750 88597.107470
2899.994009 88624.384702
2900.733340 88651.316582
2901.457837 88678.045738
2902.173850 88706.439448
2902.974598 88735.350019
2903.705445 88763.345650
2904.444775 88792.475504
2905.222218 88822.674986
2906.003916 88853.553607
2906.802543 88884.361889
2907.567286 88914.930297
2908.340500 88945.581428
2909.096773 88976.919448
2909.891170 89008.728184
2910.658034 89040.102654
2911.418536 89071.862503
2912.191750 89103.696203
2912.943793 89134.123194
2913.638623 89164.287353
2914.367349 89195.940406
2915.121500 89227.734836
2915.845984 89258.660721
2916.549298 89290.089497
2917.286507 89321.830544
2917.994050 89352.999002
2918.695242 89384.810520
2919.421860 89417.460094
2920.150586 89449.759626
2920.851778 89482.138392
2921.574142 89515.025675
2922.288047 89547.400152
2922.978660 89580.287415
2923.705252 89614.182604
2924.429749 89648.757280
2925.175430 89683.309466
2925.889335 89718.503078
2926.651957 89755.049714
2927.412459 89790.302055
2928.111543 89825.794008
2928.872044 89862.288486
2929.602891 89898.082593
2930.325267 89934.581532
2931.075177 89970.884751
2931.780611 90006.620902
2932.498745 90043.166038
2933.227484 90079.610755
2933.932918 90115.681332
2934.638339 90151.363899
2935.320469 90186.375957
2935.991994 90221.365429
2936.665640 90256.606011
2937.339299 90290.642200
2937.959986 90322.502373
2938.544669 90353.538909
2939.080622 90386.176086
2939.578462 90422.974237
2940.069926 90466.123033
2940.580454 90513.618866
2941.046518 90561.978141
2941.474432 90614.225494
2941.925638 90674.995308
2942.412873 90743.277140
2942.917063 90813.264484
2943.412769 90826.622542
2943.728415 90776.929863
2944.183863 90717.269239
2944.732541 90654.230568
2945.372303 90592.854223
2946.073483 90541.202302
2946.721729 90511.154294
2946.994995 90495.504584
2947.300049 90473.621167
2948.024546 90451.430618
2948.759622 90441.580282
2949.503181 90441.923867
2950.246741 90446.849761
2950.979709 90452.636968
2951.725389 90458.633991
2952.452007 90464.907987
2953.206146 90471.474986
2953.945489 90478.197941
2954.680565 90485.241598
2955.436825 90492.663837
2956.199460 90500.226471
2956.934536 90507.879134
2957.667516 90515.884755
2958.423776 90524.249469
2959.177927 90532.913448
2959.942670 90541.623250
2960.662938 90550.476091
2961.410727 90559.869303
2962.179699 90569.524147
2962.929621 90579.249958
2963.671060 90589.118387
2964.406136 90599.419095
2965.175134 90610.022134
2965.918693 90620.645710
2966.655878 90631.493944
2967.397329 90642.661574
2968.145130 90653.954242
2968.871736 90665.673823
2969.642841 90677.682923
2970.375809 90689.628185
2971.108764 90701.951730
2971.858687 90714.640730
2972.606475 90727.612250
2973.360627 90740.867090
2974.112657 90754.544200
2974.885884 90768.491430
2975.640023 90782.455836
2976.387811 90796.790136
2977.154676 90811.371932
2977.902477 90825.869933
2978.635445 90840.845452
2979.406538 90856.323085
2980.164918 90872.147000
2980.944495 90887.843334
2981.666871 90903.658306
2982.433735 90920.032609
2983.185753 90936.637731
2983.950496 90953.731063
2984.723710 90970.572274
2985.443978 90987.321398
2986.187525 91004.824008
2986.952268 91022.950939
2987.727603 91041.206893
2988.481755 91059.487938
2989.238027 91077.859568
2989.979453 91096.772162
2990.759030 91116.336853
2991.532244 91135.782305
2992.282166 91155.346213
2993.044789 91175.213778
2993.798927 91195.419435
2994.567912 91215.933638
2995.326293 91236.470998
2996.078323 91257.140559
2996.828233 91278.056807
2997.580263 91299.309745
2998.336536 91320.932753
2999.097050 91342.713301
2999.846947 91364.525935
3000.592627 91386.836369
3001.359479 91409.457093
3002.109401 91432.105710
3002.861419 91454.771996
3003.596520 91477.550660
3004.340067 91501.166279
3005.113281 91524.220480
3005.806003 91546.944101
3006.543199 91570.810806
3007.293109 91595.402765
3008.059973 91618.807144
3008.723027 91642.062091
3009.466587 91666.876212
3010.210134 91692.472474
3010.985469 91718.898083
3011.762925 91744.888255
3012.498014 91770.689923
3013.250044 91797.141813
3014.008412 91823.804165
3014.758334 91850.525843
3015.506123 91877.492825
3016.256045 91905.170589
3017.029259 91932.157278
3017.728331 91958.799558
3018.469757 91986.538500
3019.215437 92014.237012
3019.942042 92041.932034
3020.675010 92070.430896
3021.431270 92099.415309
3022.176938 92128.772930
3022.939573 92157.956980
3023.664057 92186.923527
3024.403375 92216.462620
3025.144813 92246.412539
3025.892602 92276.257427
3026.617099 92305.950207
3027.345825 92336.312264
3028.091493 92366.820539
3028.815990 92397.434416
3029.555307 92428.054776
3030.269200 92458.955425
3031.010651 92491.132973
3031.773261 92523.185863
3032.497758 92554.837611
3033.230713 92586.533330
3033.946739 92618.790226
3034.694527 92651.891561
3035.438087 92683.996297
3036.130796 92714.797778
3036.806563 92745.275101
3037.475980 92775.610826
3038.136926 92806.420270
3038.783026 92840.060452
3039.403713 92876.967487
3039.943907 92919.751643
3040.524348 92971.950141
3041.123852 93027.375945
3041.632258 93085.666847
3042.163982 93150.718072
3042.689343 93220.359269
3043.201991 93215.407514
3043.788794 93137.640079
3044.373464 93064.451741
3045.011106 92996.475266
3045.646614 92942.978280
3046.140199 92894.785194
3046.843500 92846.815340
3047.557405 92808.611935
3048.305194 92781.207196
3049.046632 92765.683726
3049.777479 92761.708879
3050.508326 92767.421967
3051.264586 92778.247136
3052.020858 92790.134535
3052.758055 92801.987553
3053.482552 92814.058167
3054.219749 92826.741334
3054.990842 92839.833591
3055.749222 92852.882255
3056.488540 92866.294172
3057.261767 92880.028915
3058.011664 92893.902700
3058.774299 92907.905284
3059.513617 92922.281778
3060.291060 92936.843354
3061.026149 92951.516078
3061.790879 92966.838800
3062.568335 92982.204529
3063.314016 92997.545051
3064.066046 93013.312006
3064.830777 93029.604125
3065.610353 93046.065768
3066.368734 93062.419438
3067.116523 93079.074799
3067.881266 93096.150292
3068.645996 93113.559320
3069.419223 93131.132007
3070.177604 93149.068369
3070.961397 93167.241058
3071.719790 93185.068865
3072.454879 93203.151200
3073.215380 93221.980490
3073.992823 93240.913187
3074.742746 93259.951094
3075.509597 93279.136899
3076.253157 93298.529007
3077.017887 93318.008215
3077.750855 93337.803578
3078.521961 93358.049646
3079.271870 93378.503498
3080.040843 93399.274985
3080.797115 93420.194879
3081.559737 93441.197445
3082.305405 93462.402107
3083.065906 93483.986262
3083.822191 93505.772337
3084.580559 93527.883013
3085.343194 93550.415524
3086.114287 93573.025176
3086.866318 93595.551029
3087.616228 93618.240066
3088.364016 93641.549038
3089.139364 93665.451606
3089.910444 93687.993775
3090.584103 93712.784226
3091.482298 93739.355070
3092.253404 93763.749838
3092.999072 93787.512750
3093.717206 93811.951550
3094.490420 93837.773457
3095.278468 93863.160820
3096.011423 93887.674204
3096.733812 93912.221475
3097.456175 93937.638546
3098.216689 93963.826062
3098.970828 93989.537959
3099.691083 94015.174092
3100.428292 94041.704117
3101.186673 94068.380503
3101.919653 94094.707126
3102.646246 94121.482628
3103.391926 94148.866177
3104.139728 94176.948289
3104.910821 94205.777278
3105.686156 94234.525975
3106.440307 94263.594948
3107.219871 94293.142359
3107.986735 94322.234120
3108.730295 94351.311034
3109.484446 94381.364644
3110.266131 94411.904582
3111.032983 94441.586190
3111.759613 94471.370934
3112.520115 94501.847095
3113.270024 94532.338268
3114.019934 94559.955816
3114.619450 94587.470143
3115.354539 94618.375722
3116.108678 94649.547012
3116.845887 94679.688166
3117.540717 94709.545215
3118.254622 94740.237169
3118.979119 94770.998612
3119.686649 94802.015739
3120.413266 94833.516667
3121.133521 94865.276411
3121.862247 94897.717727
3122.603699 94929.475570
3123.292179 94961.304331
3124.027267 94994.002510
3124.745401 95026.771370
3125.474127 95059.847354
3126.196503 95092.794723
3126.910409 95126.542311
3127.658210 95160.500325
3128.372102 95193.682325
3129.077537 95227.470211
3129.808383 95261.512900
3130.515926 95295.818690
3131.248894 95331.147427
3131.990332 95365.769688
3132.685175 95400.038412
3133.403309 95434.765286
3134.108743 95469.018752
3134.799331 95503.260846
3135.496294 95537.749689
3136.189016 95572.433800
3136.885966 95606.403731
3137.542683 95639.704269
3138.205738 95673.233260
3138.864550 95706.158113
3139.472537 95741.020861
3140.072041 95780.224389
3140.614356 95821.488249
3141.088879 95865.283355
3141.557052 95913.430547
3142.016741 95967.694935
3142.501856 96026.577761
3142.955195 96083.537246
3143.355588 96143.894166
3143.844931 96149.449677
3144.268616 96094.701642
3144.721955 96035.670155
3145.312988 95973.198303
3145.969705 95914.830618
3146.687839 95871.677338
3147.175075 95848.944007
3147.444111 95830.751809
3147.918634 95808.074572
3148.666423 95790.953235
3149.416345 95785.981855
3150.140829 95789.095222
3150.882281 95794.794198
3151.632190 95800.775908
3152.384221 95806.955405
3153.123551 95813.273164
3153.852277 95819.776474
3154.581016 95826.600346
3155.328805 95833.750802
3156.076594 95841.088959
3156.813816 95848.767405
3157.580667 95856.650817
3158.311514 95864.581195
3159.042361 95872.900602
3159.800754 95881.680447
3160.569727 95890.543303
3161.300586 95899.430898
3162.033554 95908.806797
3162.804647 95918.504216
3163.550328 95928.411625
3164.315071 95938.562279
3165.060739 95948.977432
3165.827603 95959.712728
3166.583875 95970.450399
3167.316843 95981.287715
3168.054040 95992.537175
3168.810325 96004.041156
3169.549643 96015.857221
3170.314373 96027.636535
3171.019807 96039.411738
3171.754896 96051.855894
3172.513276 96064.573937
3173.252607 96077.462691
3174.002517 96090.760451
3174.760910 96104.457480
3175.527761 96118.384676
3176.284033 96132.483970
3177.042414 96146.912373
3177.807157 96161.528223
3178.559200 96176.162377
3179.300626 96191.124939
3180.061140 96206.349899
3180.804687 96221.932674
3181.575793 96237.668877
3182.310869 96253.541866
3183.071383 96269.907230
3183.829764 96286.498611
3184.588157 96303.076154
3185.323246 96319.390189
3186.037138 96336.424907
3186.814594 96353.913581
3187.547562 96371.529822
3188.314426 96389.562267
3189.062202 96407.819862
3189.826958 96426.532008
3190.591688 96445.203946
3191.333127 96463.720661
3192.066095 96483.101201
3192.856251 96503.082417
3193.616765 96523.132383
3194.392100 96543.803145
3195.180135 96564.448791
3195.934299 96585.008132
3196.696909 96605.961472
3197.461652 96627.166636
3198.224274 96648.804684
3199.001717 96670.544346
3199.753760 96692.263644
3200.512141 96714.290542
3201.268413 96736.439654
3202.018323 96758.707347
3202.766112 96781.089010
3203.507550 96803.711268
3204.255339 96826.802196
3205.011611 96850.036574
3205.753050 96873.079657
3206.481789 96896.527440
3207.233806 96920.550570
3207.983729 96944.852334
3208.737867 96969.467488
3209.492019 96994.152302
3210.235578 97019.365902
3211.006672 97045.146368
3211.769294 97071.001010
3212.529808 97097.509704
3213.315722 97124.457350
3214.086815 97151.146421
3214.843088 97177.675050
3215.590876 97204.487299
3216.349257 97231.965354
3217.120350 97259.422885
3217.863910 97284.554377
3218.495201 97311.009345
3219.298057 97339.606005
3220.033146 97367.467264
3220.783055 97395.847182
3221.532965 97424.715027
3222.295600 97453.416781
3223.024326 97481.452050
3223.740339 97510.174367
3224.492370 97539.292426
3225.216867 97568.522861
3225.962535 97598.026252
3226.689152 97627.982221
3227.445399 97658.301534
3228.178380 97688.426326
3228.913456 97718.959849
3229.654894 97749.727858
3230.389970 97780.508294
3231.120817 97811.295788
3231.845302 97842.358883
3232.578282 97874.474801
3233.340892 97906.827004
3234.073847 97938.542602
3234.796235 97970.488658
3235.529191 98003.086019
3236.270629 98036.344690
3237.022660 98068.933567
3237.723852 98100.072508
3238.401727 98131.517420
3239.107162 98163.165213
3239.785049 98195.065749
3240.409978 98231.012181
3241.013711 98271.444986
3241.553893 98318.409349
3242.140684 98373.661984
3242.714787 98434.379705
3243.271911 98499.914413
3243.814226 98570.300120
3244.348058 98641.877773
3244.833172 98629.354025
3245.513181 98544.539704
3246.099972 98470.340901
3246.752447 98403.469875
3247.347709 98347.470073
3247.945092 98294.530085
3248.673830 98246.988310
3249.387710 98210.357014
3250.131270 98184.236079
3250.902363 98170.089244
3251.639572 98168.060155
3252.374648 98175.353522
3253.135162 98186.674337
3253.880830 98198.551043
3254.624377 98210.590429
3255.363695 98222.879208
3256.111496 98235.634661
3256.880469 98248.683590
3257.636741 98261.659823
3258.371817 98274.873537
3259.130197 98288.513003
3259.888591 98302.414730
3260.651213 98316.499939
3261.405364 98330.788821
3262.165853 98345.175505
3262.907304 98359.846305
3263.674156 98374.839759
3264.426186 98389.929779
3265.180338 98405.370215
3265.945068 98421.254187
3266.720403 98437.209100
3267.470313 98453.438773
3268.249890 98469.983054
3269.008270 98486.595633
3269.773013 98503.455772
3270.533515 98520.638057
3271.306729 98538.265713
3272.086306 98556.224560
3272.867978 98574.044207
3273.615779 98591.690678
3274.363568 98610.066182
3275.153737 98628.742252
3275.907875 98647.182121
3276.659906 98666.028023
3277.428878 98685.176088
3278.187259 98704.280054
3278.935060 98723.660378
3279.697682 98743.509724
3280.464546 98763.556912
3281.225048 98783.717177
3281.983428 98804.302523
3282.758763 98824.967947
3283.506552 98845.480480
3284.254353 98866.625279
3285.031809 98888.140834
3285.790190 98909.463511
3286.537991 98931.099259
3287.302722 98953.325134
3288.075936 98975.779068
3288.840679 98998.116251
3289.590589 99020.773572
3290.361695 99043.941465
3291.130667 99066.981965
3291.878468 99090.346790
3292.653791 99113.998409
3293.405821 99137.846190
3294.179035 99162.051350
3294.939549 99186.179575
3295.693688 99210.358948
3296.443598 99235.035832
3297.214703 99247.602236
