0.000000 0.000000
0.000000 -0.000000
0.176555 5.283530
-0.000013 0.003132
0.176568 5.273448
0.353098 10.213924
0.536194 15.319273
0.712711 20.241188
0.529666 14.855573
0.353174 9.662768
0.150482 3.699096
-0.026149 -1.497819
-0.209245 -7.276306
-0.398793 -14.243572
-0.209055 -7.268242
-0.019545 -0.301316
0.183159 5.876512
0.372745 11.288337
0.555854 16.515272
0.732345 21.553329
0.908926 26.593925
1.105065 32.192814
0.928535 25.994380
0.712813 18.419804
0.523202 11.762061
0.314020 4.417139
0.111303 -2.700804
-0.078359 -9.360330
-0.261404 -15.787527
-0.437985 -21.987745
-0.627571 -28.644596
-0.817156 -35.301447
-0.614363 -27.846155
-0.431356 -21.118276
-0.254838 -14.628978
-0.071819 -7.900633
0.124333 -0.689523
0.346621 6.663687
0.542798 12.896833
0.719315 18.505334
0.895858 24.114641
1.078890 29.930146
1.275080 36.163696
1.484325 42.812063
1.660855 48.156710
1.843976 53.544567
2.027060 58.931303
2.210181 64.319160
2.399817 69.898706
2.628671 76.632127
2.805265 81.827920
2.609075 75.218584
2.426017 69.051639
2.249462 63.103750
2.066417 56.937233
1.870240 50.328325
1.693748 44.382575
1.477963 37.113076
1.294917 30.946558
1.059624 23.019890
0.817728 14.870743
0.562686 6.278778
0.327241 -1.653025
0.072174 -10.245846
-0.124066 -16.856893
-0.307124 -23.023838
-0.490258 -29.193351
-0.679844 -35.580208
-0.882536 -42.408600
-1.091806 -49.458615
-1.340231 -57.827674
-1.542898 -64.655211
-1.739049 -71.263263
-1.915541 -77.209013
-2.144395 -84.918764
-2.320912 -90.865369
-2.517013 -97.471710
-2.327389 -90.500582
-2.144217 -83.766634
-1.961134 -77.035954
-1.784553 -70.544322
-1.542644 -61.651010
-1.339964 -54.199919
-1.065441 -44.107634
-0.843115 -35.934266
-0.575094 -26.081028
-0.261290 -14.544654
0.065596 -2.527384
0.340157 6.702533
0.569011 13.927673
0.745477 19.498889
0.941654 25.692381
1.144321 32.090759
1.373188 39.316300
1.582433 45.849336
1.811261 52.582009
1.987817 57.776682
2.170925 63.164165
2.367064 68.935028
2.556688 74.514201
2.746324 80.093747
2.929382 85.479736
2.726703 78.666697
2.550122 72.730955
2.373592 66.796922
2.190521 60.643030
2.007489 54.490419
1.772133 46.578943
1.530248 38.448036
1.288326 30.315849
1.053071 22.407788
0.765353 12.736167
0.490766 3.505970
0.274980 -3.747639
0.013449 -12.538974
-0.208902 -20.013295
-0.391973 -26.167186
-0.601193 -33.200084
-0.784301 -39.355256
-0.980440 -45.948437
-1.163498 -52.101902
-1.359662 -58.695937
-1.542771 -64.851109
-1.725828 -71.004574
-1.915477 -77.379605
-2.091995 -83.313211
-2.268576 -89.248953
-2.445131 -95.183840
-2.261997 -88.451293
-2.065757 -81.236915
-1.869592 -74.025339
-1.686484 -67.293725
-1.496873 -60.323064
-1.313802 -53.592851
-1.104633 -45.903180
-0.875830 -37.491698
-0.607758 -27.636593
-0.431241 -21.147295
-0.091288 -8.649595
0.098311 -1.679401
0.412128 8.721132
0.640982 15.997345
0.895947 24.103741
1.150899 32.209733
1.347064 38.446602
1.549730 44.887152
1.752384 50.849704
1.961680 57.007682
2.164359 62.970981
2.340877 68.164533
2.517407 73.358459
2.694000 78.554253
2.877083 83.940989
2.700541 78.001105
2.523947 72.059513
2.334374 65.681220
2.079396 57.102338
1.876742 50.283928
1.660957 43.023691
1.484478 37.085944
1.307935 31.146060
1.033399 21.909138
0.843775 15.529136
0.569163 6.289650
0.301053 -2.731059
0.000267 -12.851209
-0.241681 -20.991682
-0.444424 -27.813083
-0.712470 -36.831656
-0.921664 -43.870125
-1.111301 -50.250554
-1.313955 -57.068964
-1.516621 -63.887802
-1.693189 -69.828540
-1.869694 -75.767141
-2.072373 -82.586406
-2.255507 -88.748058
-2.438565 -94.907145
-2.262022 -88.416914
-2.072361 -81.444385
-1.889252 -74.712771
-1.712722 -68.223006
-1.516571 -61.011897
-1.326947 -54.040769
-1.058913 -44.187065
-0.810476 -35.053771
-0.496659 -23.516930
-0.320129 -17.027165
0.065583 -2.847263
0.392506 8.123128
0.680161 17.262436
0.915556 24.741335
1.144410 32.012432
1.340510 38.242898
1.517040 43.851568
1.752422 50.850825
1.928990 56.045872
2.118576 61.623924
2.327847 67.781154
2.530526 73.744453
2.707107 78.939874
2.883611 84.133052
3.060116 89.326230
3.236722 94.522398
3.419754 99.907639
3.648634 106.641806
3.857917 112.799411
4.041051 118.187641
4.237253 123.960372
4.446511 130.117229
4.649241 136.082023
4.897730 143.393127
5.133213 142.529109
5.309768 141.761789
5.558295 140.681680
5.859107 139.374333
6.101067 138.322759
6.428054 136.901655
6.617767 136.077153
6.441199 130.882107
6.258103 125.494997
6.074994 120.107514
5.898477 114.913962
5.715381 109.526852
5.499633 103.179053
5.277371 96.639564
5.074717 90.677013
4.819764 83.175714
4.584522 76.254341
4.251147 66.445668
3.885019 55.673317
3.688867 49.902081
3.453486 42.976598
3.211563 35.858678
2.950045 28.164195
2.760434 22.585396
2.485809 14.505292
2.230755 7.001004
1.988820 -0.117290
1.727264 -6.565027
1.478775 -10.223692
1.217130 -14.076080
0.955510 -17.928094
0.693877 -21.780295
0.432219 -25.632870
0.190208 -29.196170
-0.110706 -33.626734
-0.306870 -36.514997
-0.535749 -39.884948
-0.712305 -42.484497
-0.895413 -45.180533
-1.098105 -48.164909
-1.274661 -50.764457
-1.483931 -54.130483
-1.660474 -60.620715
-1.843570 -67.351861
-2.026641 -74.082074
-2.209762 -80.814155
-2.386305 -87.304387
-2.569362 -94.034133
-2.785148 -101.967053
-2.961665 -108.456351
-3.177464 -116.389739
-3.399714 -124.560306
-3.622091 -132.735542
-3.824757 -140.186166
-4.099369 -150.281719
-4.373994 -155.575345
-4.557039 -154.518129
-4.812081 -153.045084
-5.014786 -151.874320
-5.315572 -150.137062
-5.557507 -148.739716
-5.380888 -142.249517
-5.204333 -135.761651
-5.027740 -129.272385
-4.831550 -122.063023
-4.635348 -114.853195
-4.439082 -107.641033
-4.229799 -99.950518
-3.968306 -90.341458
-3.791801 -83.855459
-3.504171 -73.285959
-3.236087 -63.434689
-3.020314 -55.505698
-2.771813 -46.374057
-2.542870 -37.961113
-2.235492 -26.665917
-2.013090 -18.493316
-1.686065 -6.476157
-1.437577 1.718725
-1.189050 3.778127
-0.875233 6.378559
-0.574472 8.870806
-0.319481 10.983775
-0.038367 13.313218
0.229680 15.534372
0.464985 17.484222
0.785292 20.138430
1.053351 22.359689
1.314818 24.526329
1.635188 27.181064
1.837881 28.860662
2.047100 30.594353
2.367483 33.249193
2.609380 35.253662
2.799029 36.825181
3.027845 38.721254
3.367900 41.539108
3.668636 48.261994
3.923652 55.761887
4.119829 61.531351
4.309427 67.107342
4.551350 74.222155
4.734458 79.607287
4.917567 84.992419
5.133353 91.338568
5.336045 97.299637
5.512638 102.493163
5.695721 107.877548
5.918022 114.415303
6.094590 119.608082
6.271120 124.799741
6.460757 130.376852
6.650380 135.550385
6.846557 134.700204
7.055891 133.793003
6.879387 128.663521
6.676682 122.772626
6.493548 117.450484
6.303962 111.940848
6.120841 106.619075
5.898553 100.159058
5.695861 94.268532
5.499735 88.568820
5.251323 81.349604
5.074882 76.221967
4.780851 67.677013
4.597794 62.357086
4.375506 55.897068
4.146677 49.246974
3.885133 41.646129
3.662845 35.186111
3.375177 26.826067
3.113646 19.225590
2.878239 12.384312
2.662504 6.114740
2.381275 -2.058180
2.139378 -6.450966
1.890878 -8.645272
1.590053 -11.301609
1.334986 -13.553893
1.112634 -15.517296
0.864083 -17.712051
0.582879 -20.195126
0.327825 -22.447299
0.105448 -24.410926
-0.241122 -27.471203
-0.456933 -29.376852
-0.698894 -31.513405
-0.914679 -33.418830
-1.136980 -35.381785
-1.372413 -37.460696
-1.725486 -40.578390
-1.902054 -42.137517
-2.157057 -44.389240
-2.418588 -46.698606
-2.608250 -48.373353
-2.817470 -50.220800
-3.007157 -54.979881
-3.216377 -62.577080
-3.392945 -68.988629
-3.595662 -76.349713
-3.824542 -84.660792
-4.027259 -92.021876
-4.243083 -99.858880
-4.452303 -107.456079
-4.628896 -113.868550
-4.825073 -120.992135
-5.021262 -128.116181
-5.223980 -135.477265
-5.407038 -142.124468
-5.622836 -147.942169
-5.426659 -140.844591
-5.236985 -133.982266
-5.034229 -126.646678
-4.844580 -119.785272
-4.628794 -111.978258
-4.406367 -103.930936
-4.210139 -96.831520
-4.027081 -90.208584
-3.811384 -82.404786
-3.523742 -71.998038
-3.301403 -63.953932
-3.079115 -55.911664
-2.850172 -47.628630
-2.582050 -37.928101
-2.326894 -28.696700
-2.091423 -20.177493
-1.803616 -9.764771
-1.457033 1.719269
-1.215111 3.524163
-0.953529 5.475731
-0.646239 7.768304
-0.437045 9.329027
-0.116662 11.719288
0.118669 13.475007
0.419392 15.718594
0.700519 17.815982
0.916216 19.425218
1.203833 21.571023
1.465351 23.522117
1.746479 25.619505
2.001418 27.521518
2.269503 29.521598
2.517927 31.375004
2.746807 33.082590
2.988716 34.887390
3.289490 37.131356
3.466046 38.448572
3.662197 39.911987
3.897579 41.668085
4.198404 50.155478
4.459923 57.727839
4.669155 63.786243
4.852251 69.087852
5.081118 75.714771
5.283810 81.583793
5.486514 87.453181
5.676151 92.944173
5.859297 98.247253
6.068517 104.305289
6.258154 109.796280
6.434696 114.908139
6.617780 120.209380
6.800901 125.511724
7.010146 131.570496
7.193229 133.109664
7.010184 127.809526
6.820586 122.319638
6.617868 116.449881
6.441313 111.337655
6.251639 105.845560
6.049023 99.978745
5.813641 93.163179
5.584761 86.535892
5.395290 81.049681
5.192700 75.183602
4.872419 65.909739
4.689348 60.608866
4.447464 53.605020
4.231704 47.357601
3.930917 38.648209
3.721735 32.591277
3.453663 24.829165
3.198647 17.445083
2.930563 9.682604
2.721343 3.624568
2.472868 -3.570131
2.237461 -6.782741
1.949704 -9.215717
1.661998 -11.648263
1.393876 -13.915233
1.151890 -15.961218
0.916419 -17.952118
0.635190 -20.329901
0.412852 -22.209772
0.144729 -24.476741
-0.142964 -26.909180
-0.365316 -28.789159
-0.613816 -30.890228
-0.875360 -33.101576
-1.123861 -35.202646
-1.405052 -37.580107
-1.627302 -39.459226
-1.830070 -41.173627
-2.039315 -42.942791
-2.359698 -45.651622
-2.608212 -47.752799
-2.850109 -49.798032
-3.065945 -54.524684
-3.262084 -61.620884
-3.490989 -69.902541
-3.713328 -77.946646
-3.889921 -84.335707
-4.072992 -90.959102
-4.262666 -97.821427
-4.445737 -104.444822
-4.641977 -111.544698
-4.825048 -118.168093
-5.008156 -124.792867
-5.184711 -131.180549
-5.361216 -137.566394
-5.537810 -143.955455
-5.348148 -137.101751
-5.151984 -130.013074
-4.962309 -123.158911
-4.779175 -116.541099
-4.602594 -110.160097
-4.380205 -102.123723
-4.190517 -95.269102
-4.000932 -88.418152
-3.785235 -80.623636
-3.471418 -69.283404
-3.209900 -59.833059
-3.007169 -52.507113
-2.758567 -43.523502
-2.470760 -33.123165
-2.215591 -23.902286
-1.947469 -14.213295
-1.685874 -4.760196
-1.437373 1.997576
-1.188885 3.786141
-0.829272 6.374560
-0.561175 8.304265
-0.319303 10.045205
-0.018491 12.210387
0.203759 13.810095
0.510984 16.021441
0.746341 17.715486
1.047039 19.879846
1.321587 21.855988
1.569999 23.644005
1.818411 25.432022
2.093011 27.408530
2.374151 29.432115
2.622575 31.220223
2.903766 33.244174
3.145650 34.985205
3.413747 36.914910
3.629546 38.468181
3.884524 40.303458
4.067620 41.837979
4.388040 51.104851
4.669180 59.235678
4.891481 65.664823
5.133480 72.663644
5.336146 78.524949
5.545404 84.576882
5.774296 91.196653
5.957418 96.492691
6.146978 101.974948
6.356299 108.028717
6.539344 113.322551
6.755155 119.564008
6.931724 124.670521
7.108254 129.775932
7.284809 132.686043
7.487590 131.808002
7.664196 131.043297
7.919301 129.938694
8.200580 128.720753
8.383714 127.927784
8.749982 126.341844
8.972271 125.379337
9.240380 124.218422
9.462694 123.255805
9.691548 122.264868
9.933508 121.217180
10.168890 120.197977
10.456570 118.952322
10.659250 118.074721
10.875035 117.140369
11.058169 116.347399
10.875048 111.051362
10.685462 105.568370
10.489273 99.894385
10.312743 94.788974
10.136175 89.682461
9.959607 84.575948
9.770046 79.093691
9.560814 73.042494
9.358211 67.183024
9.162199 61.514181
8.933421 54.897715
8.730755 49.036409
8.462772 41.286101
8.050898 29.374332
7.802448 22.188925
7.560564 15.193410
7.318667 8.197527
7.076770 1.201645
6.834899 -5.375143
6.586449 -6.525577
6.318415 -7.766691
6.069940 -8.917242
5.756097 -10.370471
5.507647 -11.520905
5.285321 -12.550374
5.043373 -13.670699
4.801413 -14.791082
4.572521 -15.850954
4.310951 -17.062135
4.042816 -18.303719
3.800894 -19.423926
3.545865 -20.604822
3.271228 -21.876515
3.061970 -22.845472
2.787333 -24.117165
2.532291 -25.298120
2.283790 -26.448789
1.982991 -27.841623
1.741068 -28.961831
1.466418 -30.233583
1.204836 -31.444823
0.969404 -32.534980
0.760108 -33.504113
0.485407 -34.776100
0.164909 -36.260144
-0.096634 -37.471207
-0.292913 -38.380063
-0.541401 -39.530674
-0.776846 -40.620890
-1.018781 -41.741156
-1.260754 -42.861598
-1.626946 -44.557228
-1.921256 -45.920013
-2.189353 -47.161420
-2.398624 -48.130436
-2.620975 -49.160022
-2.889098 -50.401548
-3.085325 -55.281390
-3.288055 -62.607336
-3.497326 -70.169631
-3.700082 -77.496495
-3.896309 -84.587467
-4.112095 -92.385195
-4.295216 -99.002548
-4.497997 -106.330330
-4.687633 -113.183115
-4.883836 -120.273169
-5.060417 -126.654172
-5.243462 -133.268771
-5.426583 -139.886125
-5.609679 -146.502560
-5.890755 -146.272474
-6.106566 -145.030617
-6.341974 -143.675998
-6.590513 -142.245812
-6.878244 -140.590101
-7.100557 -139.310827
-7.420953 -137.467153
-7.643266 -136.187879
-8.042173 -133.892421
-8.323326 -132.274565
-8.532571 -131.070491
-8.741842 -129.866270
-8.918372 -128.850452
-8.741791 -122.732891
-8.565223 -116.615771
-8.388642 -110.498210
-8.212074 -104.381090
-8.009331 -97.357159
-7.806627 -90.334548
-7.603846 -83.309297
-7.387907 -75.828221
-7.159015 -67.898359
-6.923672 -59.744985
-6.662229 -50.687440
-6.466129 -43.893622
-6.217679 -35.286183
-5.936539 -25.546220
-5.746941 -18.977675
-5.498516 -10.371115
-5.223942 -0.858625
-4.897107 2.109354
-4.648683 2.749932
-4.419905 3.339850
-4.119220 4.115185
-3.851161 4.806391
-3.615817 5.413239
-3.321672 6.171709
-3.053664 6.862784
-2.779090 7.570790
-2.511069 8.261898
-2.262594 8.902607
-2.000974 9.577210
-1.745882 10.234981
-1.477721 10.926449
-1.144181 11.786502
-0.902259 12.410314
-0.640702 13.084753
-0.366052 13.792955
-0.084874 14.517990
0.215900 15.293554
0.490538 16.001723
0.797890 16.794251
1.079068 17.519286
1.327544 18.159995
1.576032 18.800737
1.857223 19.525804
2.053374 20.031593
2.393391 20.908347
2.667991 21.616419
2.903385 22.223398
3.158388 22.880939
3.426435 23.572113
3.720643 24.330746
3.942982 24.904061
4.230624 25.645764
4.498721 26.337068
4.701451 26.859820
4.976051 27.567891
5.231066 28.225466
5.433835 28.748316
5.623395 29.237108
5.819572 29.742962
6.002706 30.215184
6.310046 31.007679
6.584696 31.715881
6.820103 32.322893
7.035902 32.879343
7.264832 33.469653
7.467524 33.992307
7.657224 34.481459
7.840307 34.953550
8.056181 35.510196
8.252384 36.016116
8.494382 42.230699
8.703704 48.034536
8.886838 53.112276
9.083065 58.553065
9.272727 63.811802
9.495104 69.977630
9.697872 75.599767
9.880968 80.676451
10.057574 85.573196
10.253789 91.013633
10.436898 96.090669
10.652684 102.073741
10.829227 106.968726
11.025480 112.410219
11.228121 115.021281
11.411242 114.232415
11.234750 109.338839
11.058131 104.441741
10.881601 99.547109
10.691952 94.288725
10.515397 89.393388
10.338854 84.498404
10.142690 79.059376
9.920427 72.896717
9.730956 67.643262
9.528327 62.024999
9.253830 54.414022
9.057729 48.976754
8.783117 41.362608
8.600084 36.287684
8.312429 28.311898
7.861351 15.804880
7.632548 9.460873
7.357935 1.846727
7.122604 -4.678276
6.880708 -5.892457
6.606108 -6.669274
6.331522 -7.446055
6.122327 -8.037847
5.854281 -8.796125
5.586146 -9.554655
5.357292 -10.202062
4.919142 -11.441548
4.618342 -12.292483
4.343705 -13.069407
4.088676 -13.790860
3.846728 -14.475308
3.604781 -15.159756
3.336671 -15.918214
3.088157 -16.621237
2.800426 -17.435202
2.545397 -18.156655
2.244598 -19.007589
1.969986 -19.784442
1.734541 -20.450495
1.446822 -21.264425
1.231062 -21.874791
0.943292 -22.688864
0.681698 -23.428892
0.407010 -24.205960
0.132258 -24.983208
-0.109677 -25.667620
-0.384327 -26.444580
-0.619722 -27.110490
-0.913994 -27.942958
-1.155941 -28.627406
-1.397825 -29.311674
-1.665948 -30.070168
-1.933994 -30.828446
-2.162886 -31.475961
-2.385238 -32.104974
-2.633662 -32.807745
-2.882189 -33.510803
-3.274543 -34.620736
-3.457651 -35.138734
-3.660394 -35.712275
-3.967772 -36.581819
-4.235869 -37.340241
-4.490911 -38.061730
-4.778667 -38.875767
-5.086007 -39.745204
-5.380317 -40.577780
-5.569966 -41.114280
-5.818429 -41.817159
-6.027737 -42.409274
-6.223940 -42.964312
-6.420117 -43.519279
-6.609779 -45.735886
-6.786347 -51.853007
-7.008698 -59.556276
-7.185304 -65.674716
-7.401077 -73.150072
-7.597280 -79.947411
-7.786942 -86.518156
-7.983144 -93.315495
-8.179321 -100.111953
-8.375523 -106.909291
-8.571687 -113.705310
-8.754796 -120.049023
-8.937879 -126.391856
-9.120937 -127.032951
-8.944381 -120.944993
-8.754732 -114.405539
-8.538959 -106.965284
-8.355838 -100.650921
-8.159623 -93.885062
-7.976489 -87.570261
-7.786815 -81.029932
-7.551407 -72.912653
-7.342086 -65.694862
-7.158977 -59.380936
-6.962839 -52.617706
-6.779717 -46.303342
-6.544335 -38.186940
-6.335065 -30.970900
-6.112713 -23.303803
-5.844565 -14.057568
-5.569953 -4.588432
-5.354180 1.536546
-5.066487 2.235284
-4.791913 2.902158
-4.491215 3.632482
-4.282034 4.140534
-3.961714 4.918514
-3.661042 5.648775
-3.379940 6.331504
-3.098864 7.014172
-2.850477 7.617444
-2.582443 8.268433
-2.307869 8.935308
-2.052879 9.554619
-1.797901 10.173900
-1.562506 10.745617
-1.281303 11.428593
-0.967422 12.190933
-0.712432 12.810245
-0.411645 13.540784
-0.176212 14.112594
0.118046 14.827279
0.405752 15.526047
0.686930 16.208962
0.915797 16.764824
1.196962 17.447708
1.425854 18.003632
1.772387 18.845276
2.086267 19.607617
2.308593 20.147594
2.576690 20.798738
2.838234 21.433965
3.112833 22.100901
3.400501 22.799578
3.616274 23.323639
3.923525 24.069878
4.185082 24.705137
4.472749 25.403813
4.740834 26.054926
4.976216 26.626612
5.198516 27.166527
5.460073 27.801786
5.708574 28.405335
5.917781 28.913449
6.107468 29.374154
6.342863 29.945871
6.565201 30.485879
6.780975 31.009940
7.127570 31.851739
7.434910 32.598194
7.709560 33.265254
7.977683 33.916459
8.200072 34.456591
8.442046 35.044286
8.631695 35.504898
8.893327 42.069790
9.069934 46.943541
9.285757 52.899570
9.475483 58.135366
9.684766 63.910898
9.907143 70.047774
10.083737 74.921175
10.266832 79.974021
10.463035 85.388561
10.665765 90.983247
10.842346 95.856298
11.031995 101.089991
11.215091 106.142837
11.411242 111.555975
11.587836 113.423852
11.829771 112.382061
11.640160 107.149420
11.443957 101.734880
11.241278 96.141596
11.058182 91.088750
10.842371 85.133072
10.665828 80.261072
10.489222 75.387320
10.253891 68.892957
10.051263 63.301075
9.855225 57.891092
9.678772 53.021546
9.286570 42.198074
8.874658 30.830659
8.632812 24.156500
8.436661 18.743363
8.194751 12.067451
7.939811 5.031949
7.639063 -3.267728
7.384148 -5.752386
7.135711 -6.414319
6.887286 -7.076217
6.619227 -7.790428
6.351206 -8.504538
6.109297 -9.149078
5.834685 -9.880750
5.579682 -10.560176
5.344211 -11.187560
5.056480 -11.954186
4.788383 -12.668499
4.533354 -13.347993
4.304462 -13.957849
4.023335 -14.706880
3.774796 -15.369083
3.506711 -16.083362
3.218967 -16.850022
2.970467 -17.512123
2.695829 -18.243863
2.414651 -18.993028
2.126882 -19.759756
1.865351 -20.456575
1.584185 -21.205707
1.361859 -21.798069
1.067587 -22.582121
0.812521 -23.261717
0.537883 -23.993456
0.289357 -24.655625
0.021196 -25.370107
-0.260007 -26.119341
-0.515074 -26.798936
-0.730860 -27.373872
-1.011999 -28.122936
-1.280071 -28.837181
-1.522006 -29.481789
-1.763979 -30.126498
-1.992795 -30.736151
-2.260892 -31.450464
-2.522474 -32.147418
-2.751315 -32.757139
-3.039046 -33.523765
-3.241764 -34.063882
-3.509861 -34.778195
-3.745306 -35.405511
-3.941496 -35.928235
-4.288066 -36.851631
-4.471187 -37.339536
-4.745888 -38.071445
-4.922469 -38.541924
-5.170957 -39.203991
-5.406403 -39.831308
-5.641823 -40.458556
-5.877255 -41.085839
-6.138863 -41.782861
-6.361227 -42.375324
-6.590094 -42.985113
-6.799364 -44.279826
-7.015188 -51.721833
-7.217918 -58.712344
-7.401077 -65.028021
-7.577620 -71.115542
-7.754188 -77.203938
-7.963446 -84.419540
-8.140014 -90.507937
-8.316595 -96.596771
-8.525878 -103.813249
-8.708936 -110.125423
-8.885530 -116.214695
-9.068613 -122.527745
-8.872423 -115.801692
-8.682761 -109.299434
-8.486584 -102.573817
-8.310042 -96.521327
-8.126908 -90.242865
-7.924178 -83.292581
-7.734541 -76.791195
-7.492517 -68.493785
-7.263600 -60.645707
-7.015061 -52.124937
-6.812293 -45.173347
-6.576860 -37.101909
-6.361087 -29.704470
-6.099442 -20.734368
-5.850966 -12.215775
-5.654827 -5.491463
-5.380266 1.603081
-5.131803 2.175141
-4.850663 2.822435
-4.556493 3.499731
-4.242651 4.222320
-4.026853 4.719173
-3.771887 5.306203
-3.464560 6.013792
-3.196476 6.631028
-2.902191 7.308586
-2.627566 7.940881
-2.339886 8.603235
-2.078304 9.205499
-1.810182 9.822823
-1.509408 10.515323
-1.247813 11.117617
-0.966648 11.764971
-0.659346 12.472501
-0.358521 13.165118
-0.096977 13.767295
0.151486 14.339354
0.419595 14.956649
0.694207 15.588914
0.949236 16.176091
1.223772 16.808180
1.524495 17.500564
1.746707 18.012183
2.034375 18.674508
2.321966 19.336657
2.603043 19.983806
2.884132 20.630983
3.139059 21.217926
3.407093 21.835045
3.635921 22.361899
3.851669 22.858635
4.158945 23.566106
4.440098 24.213430
4.681969 24.770314
4.963147 25.417697
5.218138 26.004785
5.466626 26.576903
5.767400 27.269404
5.996216 27.796228
6.270892 28.428640
6.486627 28.925346
6.774409 29.587934
6.950913 29.994317
7.179805 30.521317
7.513345 31.289258
7.846835 32.057082
8.134591 32.719611
8.435403 33.412199
8.644699 33.894081
8.867102 34.406139
9.076372 34.887963
9.337967 41.091516
9.553880 47.015710
9.756597 52.577852
9.985553 58.859915
10.194811 64.601515
10.384561 69.807878
10.580738 75.190563
10.763809 80.213635
10.940428 85.059689
11.116996 89.904349
11.306632 95.107575
11.483188 99.951887
11.666309 104.976353
11.842864 109.820664
12.039016 111.426231
12.248299 110.525484
12.437948 109.709242
12.797612 108.161262
13.026530 107.176011
13.346938 105.796986
13.582383 104.783639
13.883208 103.452302
14.125169 102.379976
14.380185 101.249789
14.589455 100.322338
14.890229 98.989359
15.132202 97.916976
15.308770 97.134457
15.701099 95.395725
15.910369 94.468274
15.733801 89.623614
15.557246 84.779303
15.361069 79.396618
15.184501 74.551958
14.975230 68.810010
14.779066 63.427674
14.595958 58.403557
14.360550 51.944475
14.157985 46.386514
13.981519 41.544642
13.752652 35.265018
13.576071 30.420009
13.373367 24.858215
13.183705 19.654292
12.954864 13.375364
12.726022 7.096437
12.471070 0.101073
12.209577 -5.395852
11.980748 -5.854739
11.706149 -6.405414
11.464239 -6.890534
11.248517 -7.323138
10.993590 -7.834362
10.725544 -8.371896
10.431335 -8.961894
10.215588 -9.394549
9.947529 -9.932107
9.685998 -10.456576
9.430969 -10.968004
9.228277 -11.374477
8.966683 -11.899073
8.744306 -12.345022
8.535048 -12.764663
8.279968 -13.276193
8.090370 -13.656409
7.854950 -14.128514
7.580300 -14.679291
7.331824 -15.177578
7.083311 -15.675941
6.834835 -16.174228
6.573253 -16.698798
6.292075 -17.262665
6.017450 -17.813391
5.749353 -18.351026
5.533555 -18.783783
5.258918 -19.334534
4.984280 -19.885286
4.775035 -20.304901
4.467708 -20.921207
4.219232 -21.419494
3.951122 -21.957155
3.676498 -22.507881
3.428022 -23.006167
3.127223 -23.609383
2.865666 -24.133902
2.591029 -24.684654
2.375243 -25.117385
2.094065 -25.681253
1.845564 -26.179590
1.597101 -26.677851
1.335519 -27.202421
1.093584 -27.687592
0.805879 -28.264550
0.550863 -28.775953
0.302412 -29.274189
0.001613 -29.877405
-0.273075 -30.428258
-0.475729 -30.834655
-0.783095 -31.451038
-1.221194 -32.329592
-1.528521 -32.945898
-1.731200 -33.352346
-2.018932 -33.929355
-2.260892 -34.414577
-2.509368 -34.912864
-2.718638 -35.332530
-2.921317 -35.738978
-3.163265 -36.224174
-3.359468 -36.617633
-3.542538 -36.984758
-3.856406 -37.614181
-4.046042 -37.994473
-4.373067 -38.650281
-4.667301 -39.240330
-4.928908 -39.764951
-5.197043 -40.302663
-5.412867 -40.735470
-5.654815 -41.220666
-5.844502 -41.601060
-6.027598 -41.968237
-6.276111 -42.466600
-6.478854 -42.873175
-6.701193 -43.319048
-6.884340 -47.454496
-7.060921 -53.508292
-7.257098 -60.233910
-7.440193 -66.511066
-7.616812 -72.566168
-7.826083 -79.740682
-8.035328 -86.914326
-8.225003 -93.417019
-8.414652 -99.918841
-8.610854 -106.645329
-8.839695 -114.490794
-9.022804 -120.768386
-9.343225 -125.645560
-9.559036 -124.411171
-9.761766 -123.251603
-9.990620 -121.942611
-10.232568 -120.558727
-10.500703 -119.025057
-10.723067 -117.753186
-10.932312 -116.556352
-11.180813 -115.134985
-11.422786 -113.750956
-11.710530 -112.105128
-11.932869 -110.833402
-12.194413 -109.337433
-12.488659 -107.654413
-12.691415 -106.494699
-12.514821 -100.837149
-12.325147 -94.760521
-12.142038 -88.894246
-11.965445 -83.236696
-11.749634 -76.322727
-11.546891 -69.827428
-11.363757 -63.960339
-11.147933 -57.045963
-10.971263 -51.385972
-10.774934 -45.096143
-10.565460 -38.385203
-10.388879 -32.728060
-10.199256 -26.653060
-9.937699 -18.273539
-9.689249 -10.313909
-9.414662 -1.516938
-9.185859 1.602902
-8.872080 1.999785
-8.617102 2.322294
-8.342592 2.669508
-8.041881 3.049862
-7.715047 3.463259
-7.466635 3.777463
-7.172452 4.149560
-6.917576 4.471940
-6.669126 4.786192
-6.407683 5.116877
-6.139675 5.455867
-5.897791 5.761814
-5.655894 6.067778
-5.387873 6.406784
-5.178641 6.671431
-4.936731 6.977411
-4.727499 7.242059
-4.537913 7.481856
-4.295978 7.787867
-4.027919 8.126922
-3.759835 8.466008
-3.485185 8.813399
-3.190939 9.185577
-2.942476 9.499845
-2.576297 9.963006
-2.321293 10.285547
-2.066265 10.608120
-1.745844 11.013405
-1.445082 11.393823
-1.170419 11.741230
-0.908901 12.072012
-0.595033 12.469007
-0.340004 12.791580
-0.065380 13.138940
0.202743 13.478074
0.496989 13.850252
0.765112 14.189386
1.046251 14.544986
1.333970 14.908907
1.602092 15.248041
1.889811 15.611962
2.197138 16.000685
2.478341 16.356365
2.726804 16.670633
2.955658 16.960099
3.230296 17.307474
3.472231 17.613486
3.759949 17.977407
3.995357 18.275161
4.256888 18.605959
4.538028 18.961559
4.792980 19.284035
5.021821 19.573485
5.276863 19.896074
5.544947 20.235161
5.741098 20.483263
6.055004 20.880307
6.296914 21.186286
6.486550 21.426148
6.767741 21.781812
6.983578 22.054813
7.245134 22.385642
7.460907 22.658563
7.683246 22.939788
7.944802 23.270618
8.127911 23.502223
8.350250 23.783448
8.552929 24.039807
8.788400 24.337642
8.964955 24.560958
9.331236 25.024248
9.520860 25.264094
9.697453 25.487458
9.880524 25.719015
10.194506 26.116155
10.469220 26.463627
10.796207 26.877216
11.070857 27.224607
11.371732 27.605170
11.685664 28.002246
11.947220 28.333075
12.215343 28.672210
12.483490 29.011377
12.771272 32.731668
13.013220 37.124747
13.235597 41.162477
13.490626 45.793069
13.686803 49.355080
13.948385 54.104659
14.183830 58.379672
14.412760 62.536390
14.609013 66.099785
14.818258 69.899079
15.034057 73.817361
15.217191 77.142551
15.413393 80.705023
15.635719 84.741831
15.831922 88.304304
16.008477 91.510045
16.204679 92.752948
16.381235 91.973937
16.597046 91.021719
16.381247 85.488617
16.198101 80.792709
16.015005 76.098104
15.805747 70.732702
15.596438 65.365997
15.413355 60.671718
15.204034 55.304687
14.988197 49.770609
14.707121 42.563770
14.367167 33.847311
14.184046 29.152054
14.000950 24.457449
13.798283 19.261049
13.595604 14.064323
13.321055 7.024858
13.098729 1.324382
12.843802 -5.211985
12.595403 -5.567809
12.347003 -5.896753
12.052821 -6.286327
11.856695 -6.546048
11.595202 -6.892332
11.307521 -7.273295
11.039488 -7.628240
10.784510 -7.965897
10.529494 -8.303603
10.248367 -8.675888
10.019551 -8.978899
9.764573 -9.316555
9.555340 -9.593633
9.346019 -9.870828
9.077909 -10.225875
8.803297 -10.589532
8.548230 -10.927306
8.306232 -11.247774
7.959611 -11.706789
7.645730 -12.122448
7.338403 -12.529428
7.083361 -12.867168
6.834861 -13.196248
6.579845 -13.533954
6.259424 -13.958274
6.017463 -14.278692
5.742838 -14.642366
5.455133 -15.023362
5.173967 -15.395697
4.912411 -15.742065
4.703153 -16.019177
4.395838 -16.426140
4.121201 -16.789831
3.872713 -17.118893
3.591547 -17.491228
3.323450 -17.846257
3.061868 -18.192659
2.826461 -18.504399
2.551824 -18.868089
2.316429 -19.179812
2.067928 -19.508891
1.760614 -19.915855
1.499032 -20.262257
1.244003 -20.599980
0.995528 -20.929026
0.675119 -21.353329
0.426606 -21.682424
0.178105 -22.011503
-0.070371 -22.340549
-0.345008 -22.704240
-0.586969 -23.024657
-0.887768 -23.422993
-1.116660 -23.726105
-1.371663 -24.063795
-1.593977 -24.358195
-1.894726 -24.756464
-2.123605 -25.059559
-2.398217 -25.423216
-2.640165 -25.743617
-2.901671 -26.089918
-3.130537 -26.392996
-3.385579 -26.730737
-3.634016 -27.059732
-3.954462 -27.484085
-4.412196 -28.090242
-4.817605 -28.627108
-5.046497 -28.930220
-5.262258 -29.215942
-5.451907 -29.467086
-5.661139 -29.744164
-5.870423 -30.021309
-6.216955 -30.480206
-6.406617 -30.731367
-6.681292 -31.095108
-6.884048 -31.363609
-7.139102 -31.701366
-7.459523 -32.125686
-7.766863 -32.532683
-8.028432 -32.879068
-8.303108 -33.242809
-8.531974 -33.545887
-8.806637 -33.909612
-9.042082 -34.221402
-9.284017 -34.541786
-9.532506 -34.870848
-9.761436 -35.174011
-10.009911 -35.503056
-10.199573 -35.754217
-10.474274 -36.183738
-10.755465 -44.367137
-10.958208 -50.267493
-11.154397 -55.977133
-11.376711 -62.447049
-11.605666 -69.110267
-11.821452 -75.390206
-12.024208 -81.290932
-12.240031 -87.571980
-12.429680 -93.091274
-12.619317 -98.610199
-12.828600 -104.700901
-13.011658 -104.201258
-12.808915 -97.793649
-12.625845 -92.007776
-12.442673 -86.218692
-12.239955 -79.811886
-12.043740 -73.610586
-11.854078 -67.616397
-11.618595 -60.174035
-11.409299 -53.559315
-11.219625 -47.564724
-10.964380 -39.497817
-10.695965 -31.014679
-10.394899 -21.499597
-10.172560 -14.472661
-9.910940 -6.204261
-9.669005 1.429344
-9.394406 1.750974
-9.159100 2.026580
-8.864879 2.371192
-8.570735 2.715715
-8.270011 3.067943
-8.028178 3.351195
-7.779766 3.642152
-7.511771 3.956047
-7.224141 4.292939
-6.943039 4.622185
-6.681572 4.928434
-6.439713 5.211716
-6.165152 5.533301
-5.910212 5.831905
-5.648719 6.138184
-5.419916 6.406174
-5.191087 6.674194
-4.968786 6.934568
-4.766069 7.172005
-4.524146 7.455361
-4.203776 7.830601
-3.902989 8.182903
-3.615309 8.519855
-3.340659 8.841544
-3.026816 9.209138
-2.784881 9.492509
-2.484107 9.844797
-2.229079 10.143504
-1.915211 10.511128
-1.640599 10.832773
-1.339825 11.185061
-1.078268 11.491414
-0.803618 11.813103
-0.522453 12.142424
-0.254356 12.456438
0.026810 12.785758
0.268745 13.069129
0.556476 13.406140
0.831113 13.727815
1.118832 14.064810
1.360780 14.348197
1.635417 14.669871
1.916595 14.999206
2.197760 15.328527
2.498547 15.680829
2.733980 15.956584
3.041294 16.316533
3.244012 16.553969
3.557841 16.921549
3.812870 17.220256
4.054805 17.503627
4.349039 17.848254
4.584459 18.123994
4.846002 18.430332
5.107534 18.736656
5.369077 19.042994
5.604485 19.318720
5.898667 19.663287
6.101359 19.900694
6.375921 20.222279
6.591630 20.474933
6.840068 20.765920
7.147408 21.125899
7.369696 21.386258
7.611593 21.669584
7.899324 22.006595
8.082407 22.221035
8.317789 22.496731
8.572767 22.795378
8.808174 23.071104
9.069781 23.377516
9.279039 23.622614
9.521000 23.906015
9.769462 24.197032
9.991801 24.457451
10.181450 24.679581
10.416896 24.955351
10.639235 25.215770
10.815752 25.422519
11.168952 25.836211
11.495951 26.219216
11.809857 26.586884
12.104167 26.931600
12.385446 27.261055
12.660122 27.582774
12.954381 27.927430
13.248691 30.194268
13.477608 34.039451
13.713041 37.994069
13.909269 41.290154
14.105484 44.586025
14.314754 48.101194
14.582877 52.604912
14.811756 56.449455
15.047201 60.404287
15.249957 63.810020
15.452700 67.215541
15.629293 70.181825
15.832011 73.586918
16.054349 77.321599
16.230930 80.287670
16.420605 83.473678
16.610241 86.659047
16.884891 89.689866
16.708349 85.224397
16.525227 80.592529
16.335604 75.796190
16.159023 71.329757
15.956318 66.202547
15.753575 61.074373
15.511589 54.953588
15.236927 48.006268
15.040813 43.045778
14.824951 37.585770
14.419555 27.331671
14.242999 22.865881
14.007630 16.912458
13.569556 5.831825
13.340740 0.044158
13.125018 -5.245500
12.830861 -5.617551
12.575896 -5.940032
12.366676 -6.204654
12.072518 -6.576705
11.843702 -6.866112
11.608372 -7.163759
11.320716 -7.527586
11.046104 -7.874916
10.784611 -8.205653
10.529557 -8.528246
10.254920 -8.875608
10.039121 -9.148551
9.777539 -9.479400
9.561703 -9.752391
9.313189 -10.066711
9.038463 -10.414186
8.770341 -10.753308
8.469490 -11.133824
8.188287 -11.489491
7.907083 -11.845158
7.599782 -12.233834
7.305523 -12.606013
7.030847 -12.953424
6.716992 -13.350389
6.475019 -13.656437
6.220015 -13.978966
5.932297 -14.342873
5.683821 -14.657145
5.402656 -15.012764
5.154168 -15.327052
4.905680 -15.641341
4.617974 -16.005232
4.336809 -16.360850
4.049116 -16.724725
3.794087 -17.047286
3.525965 -17.386408
3.251340 -17.733754
2.957106 -18.105902
2.734780 -18.387100
2.427440 -18.775825
2.133194 -19.147988
1.891259 -19.453988
1.590459 -19.834440
1.341971 -20.148729
1.047699 -20.520924
0.799224 -20.835197
0.504965 -21.207376
0.210693 -21.579572
-0.018199 -21.869075
-0.273202 -22.191604
-0.521703 -22.505909
-0.783260 -22.836726
-1.051382 -23.175848
-1.332560 -23.531483
-1.561440 -23.820970
-1.809928 -24.135258
-2.130285 -24.540447
-2.411463 -24.896082
-2.614143 -25.152431
-2.921470 -25.541140
-3.156864 -25.838867
-3.431464 -26.186181
-3.725697 -26.558329
-3.948024 -26.839527
-4.203027 -27.162056
-4.497311 -27.534268
-4.706518 -27.798874
-4.948453 -28.104874
-5.242725 -28.477069
-5.458460 -28.749931
-5.680812 -29.031162
-5.929262 -29.345402
-6.236602 -29.734127
-6.622440 -30.222137
-6.831711 -30.486823
-7.040982 -30.751509
-7.381011 -31.181579
-7.577176 -31.429688
-7.753731 -31.652996
-8.080756 -32.066618
-8.375015 -32.438798
-8.656244 -32.794496
-8.943950 -33.158387
-9.244762 -33.538855
-9.499790 -33.861416
-9.722155 -34.142663
-9.944494 -34.423878
-10.173411 -34.713414
-10.382644 -34.978051
-10.690047 -35.366856
-10.938535 -40.829938
-11.154359 -46.836439
-11.376711 -53.024614
-11.605628 -59.395521
-11.821439 -65.401669
-12.004548 -70.497688
-12.200750 -75.958112
-12.390399 -81.236156
-12.566980 -86.150503
-12.776238 -91.974272
-12.965874 -97.251963
-13.168630 -102.894766
-12.985509 -97.141330
-12.802375 -91.387494
-12.625768 -85.838753
-12.436145 -79.881019
-12.233389 -73.510701
-12.017565 -66.729794
-11.827916 -60.771262
-11.592433 -53.372675
-11.376635 -46.592566
-11.121466 -38.575502
-10.846473 -29.935571
-10.467061 -18.014916
-10.042017 -4.660590
-9.767405 1.519970
-9.499371 1.823532
-9.257513 2.097449
-8.963330 2.430625
-8.616886 2.822990
-8.342338 3.133930
-8.087411 3.422648
-7.819390 3.726195
-7.551356 4.029756
-7.283374 4.333260
-6.989191 4.666437
-6.740843 4.947704
-6.433566 5.295710
-6.230950 5.525182
-5.962891 5.828772
-5.734101 6.087889
-5.505285 6.347035
-5.256797 6.628460
-5.027955 6.887634
-4.772927 7.176467
-4.478668 7.509730
-4.177894 7.850372
-3.890188 8.176213
-3.609010 8.494661
-3.314764 8.827910
-3.059747 9.116728
-2.752446 9.464763
-2.451646 9.805434
-2.157400 10.138682
-1.895856 10.434894
-1.647380 10.716305
-1.379296 11.019924
-1.065467 11.375352
-0.790778 11.686450
-0.490004 12.027092
-0.202298 12.352933
0.065799 12.656566
0.346989 12.975029
0.628142 13.293448
0.889711 13.589688
1.170902 13.908151
1.438999 14.211784
1.687474 14.493195
1.968652 14.811643
2.230247 15.107912
2.485250 15.396716
2.746832 15.692971
3.008363 15.989168
3.276473 16.292816
3.544557 16.596435
3.832289 16.922305
4.113467 17.240753
4.361917 17.522135
4.643095 17.840583
4.878489 18.107179
5.140084 18.403448
5.414683 18.714446
5.689321 19.025486
5.931281 19.299519
6.232081 19.640189
6.519761 19.966002
6.742087 20.217797
7.042798 20.558367
7.258571 20.802741
7.500468 21.076701
7.761973 21.372870
8.023517 21.669081
8.298142 21.980107
8.513928 22.224495
8.795131 22.542972
9.056624 22.839126
9.298597 23.113173
9.534017 23.379798
9.730181 23.601964
9.985197 23.890782
10.220604 24.157392
10.449484 24.416610
10.737228 24.742494
11.103394 25.157196
11.319218 25.401627
11.495811 25.601628
11.862054 26.016416
12.208662 26.408968
12.522606 26.764525
12.784265 27.060866
13.085115 27.401594
13.268198 27.608945
13.516724 30.293611
13.706411 33.377973
13.954912 37.418660
14.144638 40.503641
14.353896 43.906227
14.615554 48.160854
14.805203 51.244596
15.014486 54.647595
15.217204 57.943831
15.459202 61.878788
15.675064 65.388757
15.910458 69.216330
16.100108 72.300072
16.309403 75.703278
16.485972 78.574320
16.695242 81.977113
16.904475 85.379286
17.133367 88.569056
17.336122 87.675313
17.525771 86.839343
17.957368 84.936872
18.238559 83.697388
18.519737 82.457961
18.768238 81.362573
18.997104 80.353733
19.271767 79.143023
19.533324 77.990087
19.814502 76.750659
20.089139 75.540062
20.370317 74.300634
20.651508 73.061151
20.900009 71.965763
21.096173 71.101075
20.886928 65.839561
20.690738 60.906332
20.501064 56.136928
20.304887 51.204019
20.121715 46.598118
19.925474 41.663612
19.742341 37.058670
19.526466 31.630458
19.310744 26.206079
19.009906 18.641454
18.833338 14.201613
18.610999 8.610855
18.297080 0.717306
18.055158 -5.240673
17.787112 -5.521496
17.551743 -5.768084
17.296765 -6.035216
17.028757 -6.315999
16.832643 -6.521460
16.544963 -6.822853
16.316160 -7.062563
15.989325 -7.404976
15.747428 -7.658403
15.485910 -7.932387
15.244001 -8.185828
14.975942 -8.466664
14.727479 -8.726970
14.472514 -8.994089
14.237119 -9.240704
14.034376 -9.453111
13.798956 -9.699752
13.557021 -9.953219
13.341223 -10.179304
13.092709 -10.439663
12.870370 -10.672600
12.667640 -10.884994
12.373381 -11.193279
12.118365 -11.460451
11.817515 -11.775642
11.497107 -12.111323
11.242078 -12.378508
10.954360 -12.679941
10.686224 -12.960857
10.385425 -13.275994
10.136950 -13.536314
9.842652 -13.844639
9.548431 -14.152884
9.273769 -14.440639
9.012225 -14.714650
8.789886 -14.947587
8.515261 -15.235302
8.214474 -15.550426
7.946390 -15.831289
7.652118 -16.139588
7.397102 -16.406760
7.083209 -16.735615
6.841249 -16.989109
6.553517 -17.290555
6.278893 -17.578270
6.010796 -17.859146
5.742711 -18.140009
5.474614 -18.420885
5.226101 -18.681245
4.918786 -19.003208
4.670285 -19.263554
4.421797 -19.523887
4.114483 -19.845850
3.885629 -20.085613
3.663264 -20.318576
3.362477 -20.633700
3.081312 -20.928268
2.826283 -21.195453
2.551620 -21.483208
2.303132 -21.743541
1.982724 -22.079222
1.734236 -22.339554
1.492275 -22.593048
1.230719 -22.867072
0.949554 -23.161640
0.694512 -23.428838
0.465645 -23.668614
0.119050 -24.031731
-0.103289 -24.264667
-0.325628 -24.497604
-0.606781 -24.792159
-0.868375 -25.066222
-1.136472 -25.347099
-1.378420 -25.600579
-1.659598 -25.895160
-1.908099 -26.155506
-2.189264 -26.450073
-2.411590 -26.682997
-2.686190 -26.970686
-2.882392 -27.176240
-3.170098 -27.477660
-3.418548 -27.737953
-3.673577 -28.005138
-3.908933 -28.251713
-4.150957 -28.505273
-4.419003 -28.786096
-4.615180 -28.991624
-4.870247 -29.258849
-5.092598 -29.491799
-5.295278 -29.704139
-5.556847 -29.978177
-5.772658 -30.204275
-5.955754 -30.396098
-6.158459 -30.608465
-6.387376 -30.848294
-6.577013 -31.046970
-6.786245 -31.266176
-7.132853 -31.629306
-7.322477 -31.827968
-7.649477 -32.170555
-7.832623 -32.362431
-8.159547 -32.704938
-8.525726 -33.088571
-8.715362 -33.287247
-9.048864 -33.636646
-9.330055 -33.931240
-9.643961 -34.260109
-9.925164 -34.554716
-10.245598 -34.890424
-10.500639 -35.157622
-10.716400 -35.383667
-10.906061 -39.801839
-11.102238 -45.256799
-11.363820 -52.530431
-11.592674 -58.894020
-11.775821 -63.986658
-11.958955 -69.078942
-12.161660 -74.715416
-12.338228 -79.625126
-12.540907 -85.260894
-12.730556 -90.534339
-12.926708 -95.988592
-13.201409 -103.020374
-13.377951 -102.016024
-13.587209 -100.825557
-13.855306 -99.300356
-14.064577 -98.109817
-14.306499 -96.733523
-14.594230 -95.096623
-14.842706 -93.683048
-15.110816 -92.157774
-15.346223 -90.818544
-15.581630 -89.479315
-15.849778 -87.953824
-16.104794 -86.503040
-16.340188 -85.163883
-16.614851 -83.601328
-16.850271 -82.262026
-16.660559 -76.875443
-16.483978 -71.861715
-16.300844 -66.661920
-16.098076 -60.904644
-15.914891 -55.703407
-15.705557 -49.759702
-15.522384 -44.558825
-15.332710 -39.173323
-15.090648 -32.300363
-14.887905 -26.543808
-14.586903 -17.997321
-14.253185 -8.521939
-14.050302 -2.761417
-13.853986 1.455022
-13.585787 1.631329
-13.363346 1.777556
-13.147421 1.919500
-12.872809 2.100023
-12.624397 2.263323
-12.343308 2.448104
-12.068746 2.628594
-11.800738 2.804776
-11.578488 2.950878
-11.284318 3.144258
-10.983620 3.341929
-10.722127 3.513828
-10.454145 3.689994
-10.192677 3.861876
-9.924631 4.038083
-9.676295 4.201333
-9.382074 4.394746
-9.172943 4.532224
-8.931046 4.691241
-8.689149 4.850258
-8.479942 4.987786
-8.218373 5.159735
-8.009166 5.297262
-7.773784 5.451997
-7.525296 5.615347
-7.224509 5.813077
-6.956412 5.989317
-6.668706 6.178448
-6.381001 6.367578
-6.139066 6.526620
-5.864441 6.707152
-5.602897 6.879085
-5.347881 7.046726
-5.047107 7.244447
-4.733226 7.450785
-4.478223 7.618418
-4.210126 7.794658
-3.922433 7.983780
-3.634702 8.172928
-3.360039 8.353484
-3.072333 8.542615
-2.830411 8.701649
-2.496909 8.920885
-2.209190 9.110024
-1.967255 9.269066
-1.692631 9.449598
-1.418006 9.630129
-1.162952 9.797796
-0.875246 9.986926
-0.626770 10.150268
-0.325958 10.348015
-0.103657 10.494150
0.184086 10.683305
0.445580 10.855205
0.667944 11.001381
0.955662 11.190520
1.230274 11.371044
1.504925 11.551592
1.759953 11.719242
2.047672 11.908381
2.296147 12.071722
2.590432 12.265178
2.858541 12.441426
3.106991 12.604751
3.362007 12.772393
3.610508 12.935751
3.898214 13.124882
4.159758 13.296814
4.388637 13.447274
4.663262 13.627806
4.924831 13.799755
5.192928 13.975995
5.467566 14.156535
5.768365 14.354273
5.964492 14.483202
6.232601 14.659450
6.507226 14.839982
6.729565 14.986142
6.977977 15.149442
7.232967 15.317067
7.474826 15.476059
7.716774 15.635109
7.978305 15.807033
8.265935 15.996114
8.494865 16.146607
8.749779 16.314182
8.959037 16.451743
9.240190 16.636565
9.508287 16.812806
9.704451 16.941759
9.939871 17.096519
10.181831 17.255577
10.391064 17.393122
10.619969 17.543598
10.875023 17.711264
11.143132 17.887513
11.345850 18.020775
11.613934 18.197007
11.849367 18.351774
12.058625 18.489335
12.261355 18.622605
12.503353 18.781689
12.732220 18.932140
12.928410 19.061110
13.170357 19.220161
13.366509 19.349106
13.582332 19.490983
13.778548 19.619970
13.981290 19.753248
14.216685 19.907991
14.445577 20.058459
14.667878 20.204594
14.883651 20.346438
15.092921 20.484007
15.315298 20.630193
15.531084 20.772045
15.773057 20.931112
15.962655 21.055749
16.171926 21.193319
16.348519 21.309407
16.597008 21.472757
16.799763 21.809068
17.041698 24.249480
17.277131 26.624301
17.486401 28.735225
17.741405 31.307458
17.944135 33.352408
18.199176 35.925024
18.434583 38.299590
18.643854 40.410514
18.892329 42.916900
19.134265 45.357312
19.500520 49.051750
19.781698 51.888008
20.082561 54.922829
20.376883 57.891677
20.599235 60.134550
20.788909 62.047807
20.991652 64.092885
21.207451 66.269655
21.455977 68.776554
21.724087 68.065066
21.920302 67.203548
21.730602 62.892815
21.553970 58.879046
21.377415 54.867008
21.181149 50.407072
20.978355 45.798799
20.795221 41.637269
20.559712 36.285577
20.376629 32.125202
20.167346 27.369457
19.853427 20.235984
19.480682 11.765742
19.108026 3.297520
18.852985 -2.498030
18.584939 -5.315948
18.356110 -5.471994
18.101170 -5.645847
17.878920 -5.797407
17.630445 -5.966852
17.375518 -6.140696
17.120591 -6.314540
16.872166 -6.483950
16.584511 -6.680112
16.329558 -6.853974
16.081121 -7.023392
15.852280 -7.179447
15.538450 -7.393459
15.296477 -7.558469
15.028380 -7.741295
14.819097 -7.884012
14.564093 -8.057908
14.348295 -8.205069
14.027874 -8.423576
13.785901 -8.588586
13.472033 -8.802624
13.059981 -9.083617
12.798425 -9.261982
12.484557 -9.476020
12.177243 -9.685589
11.856796 -9.904113
11.536375 -10.122619
11.255210 -10.314356
10.902086 -10.555164
10.555529 -10.791494
10.267772 -10.987726
9.940849 -11.210667
9.646577 -11.411341
9.365399 -11.603087
9.103843 -11.781452
8.816137 -11.977649
8.528431 -12.173846
8.260334 -12.356671
7.985671 -12.543974
7.704455 -12.735745
7.449464 -12.909632
7.187908 -13.087997
6.932879 -13.261911
6.658204 -13.449222
6.390132 -13.632030
6.148159 -13.797040
5.847359 -14.002166
5.598884 -14.171610
5.285029 -14.385640
5.030000 -14.559553
4.761903 -14.742378
4.461078 -14.947522
4.212603 -15.116966
3.918369 -15.317615
3.643719 -15.504909
3.369031 -15.692228
3.107499 -15.870576
2.806713 -16.075693
2.545156 -16.254058
2.257412 -16.450281
1.995856 -16.628646
1.734299 -16.807011
1.466190 -16.989845
1.198093 -17.172670
0.936523 -17.351044
0.668401 -17.533886
0.347993 -17.752384
0.073355 -17.939669
-0.181686 -18.113591
-0.430174 -18.283044
-0.711391 -18.474816
-0.959853 -18.644252
-1.241031 -18.835997
-1.483004 -19.001007
-1.783817 -19.206142
-2.006143 -19.357755
-2.293861 -19.553960
-2.548877 -19.727865
-2.758097 -19.870539
-3.032722 -20.057816
-3.320440 -20.254022
-3.608134 -20.450210
-3.856571 -20.619629
-4.072395 -20.766807
-4.360088 -20.962995
-4.588942 -21.119059
-4.870133 -21.310813
-5.125110 -21.484692
-5.373611 -21.654154
-5.576303 -21.792377
-5.877166 -21.997546
-6.106033 -22.153619
-6.361036 -22.327515
-6.596469 -22.488065
-6.858038 -22.666438
-7.067296 -22.809139
-7.302703 -22.969671
-7.544651 -23.134664
-7.766990 -23.286285
-8.008950 -23.451287
-8.218246 -23.594014
-8.433994 -23.741140
-8.623668 -23.870486
-8.865654 -24.035504
-9.074887 -24.178188
-9.297200 -24.329791
-9.473819 -24.450234
-9.689592 -24.597378
-9.898824 -24.740061
-10.121151 -24.891673
-10.297731 -25.012090
-10.493896 -25.145862
-10.696600 -25.284093
-10.892803 -25.417891
-11.265535 -25.672070
-11.566373 -25.877223
-11.762524 -26.010985
-12.082958 -26.229501
-12.403417 -26.448033
-12.593041 -26.577345
-12.900381 -26.786931
-13.227317 -27.009881
-13.528129 -27.215015
-13.737400 -27.357725
-14.070889 -28.820084
-14.358607 -33.597150
-14.620176 -37.940053
-14.875243 -42.174994
-15.091067 -45.758374
-15.287244 -49.015550
-15.476906 -52.164555
-15.673083 -55.421732
-15.849625 -58.352917
-16.045853 -61.610938
-16.248570 -64.976708
-16.431679 -68.016908
-16.634409 -71.382890
-16.837139 -74.748871
-17.183671 -80.049916
-17.000538 -74.970627
-16.797782 -69.347128
-16.601529 -63.903976
-16.405289 -58.461177
-16.189401 -52.473463
-16.006216 -47.392765
-15.809951 -41.949261
-15.633319 -37.050318
-15.404351 -30.699798
-15.175408 -24.349983
-14.992223 -19.269285
-14.815439 -14.366115
-14.619122 -8.921202
-14.442440 -4.020851
-14.115351 1.500119
-13.847216 1.660578
-13.618312 1.797561
-13.363169 1.950246
-13.082067 2.118465
-12.846710 2.259309
-12.591796 2.411857
-12.304166 2.583983
-12.042699 2.740452
-11.748516 2.916499
-11.487061 3.072961
-11.245202 3.217696
-10.944504 3.397642
-10.715689 3.534572
-10.441165 3.698855
-10.146995 3.874894
-9.892068 4.027450
-9.656737 4.168278
-9.395282 4.324740
-9.179547 4.453842
-8.898407 4.622084
-8.702281 4.739452
-8.460346 4.884232
-8.185721 5.048575
-7.930667 5.201207
-7.656068 5.365535
-7.387971 5.525972
-7.100240 5.698158
-6.773304 5.893806
-6.511760 6.050321
-6.217501 6.226414
-5.942863 6.390765
-5.629021 6.578577
-5.321681 6.762498
-5.086261 6.903379
-4.765878 7.095106
-4.550092 7.224238
-4.242727 7.408174
-3.928910 7.595971
-3.700018 7.732946
-3.379597 7.924695
-3.124581 8.077304
-2.830309 8.253404
-2.522969 8.437325
-2.287575 8.578192
-1.986788 8.758191
-1.705610 8.926456
-1.424432 9.094721
-1.162875 9.251243
-0.920928 9.396032
-0.633209 9.568211
-0.384734 9.716905
-0.083934 9.896912
0.197206 10.065154
0.393395 10.182559
0.694169 10.362551
0.962266 10.522988
1.217282 10.675597
1.452651 10.816448
1.753464 10.996463
2.041169 11.168634
2.302751 11.325172
2.544674 11.469945
2.812758 11.630374
3.061246 11.779076
3.322828 11.935614
3.571291 12.084301
3.859035 12.256495
4.074782 12.385605
4.362539 12.557806
4.617542 12.710407
4.839868 12.843454
5.121046 13.011718
5.376075 13.164335
5.637657 13.320873
5.879579 13.465646
6.200000 13.657395
6.402718 13.778707
6.664262 13.935222
6.925793 14.091729
7.206932 14.259971
7.455395 14.408658
7.697279 14.553409
7.926133 14.690361
8.207261 14.858596
8.488451 15.026868
8.743442 15.179462
8.998433 15.332055
9.194622 15.449460
9.469247 15.613804
9.711182 15.758584
9.959670 15.907287
10.168877 16.032482
10.417378 16.181192
10.646258 16.318160
10.894759 16.466870
11.097438 16.588159
11.398263 16.768181
11.607521 16.893407
11.842966 17.034304
12.097969 17.186905
12.320257 17.319928
12.549137 17.456896
12.764897 17.586013
13.026530 17.742581
13.216166 17.856065
13.464654 18.004767
13.700062 18.145642
13.915860 18.274781
14.125080 18.399984
14.406308 18.568280
14.609039 18.689599
14.831403 18.822668
15.040623 18.947871
15.243365 19.069198
15.504871 19.225690
15.733763 19.362666
15.936468 19.483970
16.171913 19.624867
16.381171 19.750093
16.616566 19.890960
16.838892 20.024006
17.022001 20.133583
17.244327 20.266629
17.492828 20.756328
17.721707 22.852399
17.924424 24.708879
18.159844 26.864848
18.421426 29.260407
18.650306 31.356478
18.892241 33.572112
19.134226 35.788211
19.336956 37.644808
19.552755 39.621083
19.748957 41.417898
19.990930 43.633881
20.337501 46.807762
20.638300 49.562475
20.873745 51.718677
21.122272 53.994673
21.331593 55.911633
21.553907 57.947574
21.743556 59.684375
21.920098 61.301148
22.116288 63.097846
21.939745 59.179070
21.736964 54.677876
21.560371 50.757972
21.383701 46.836377
21.161299 41.899638
20.971561 37.687962
20.696923 31.591743
20.461491 26.365769
20.284973 22.447556
19.944855 14.897830
19.729120 10.109092
19.323698 1.109805
19.094844 -3.970143
18.859500 -5.327232
18.571832 -5.513716
18.395290 -5.628161
18.159933 -5.780734
17.924602 -5.933290
17.643513 -6.115509
17.375454 -6.289281
17.120514 -6.454548
16.859021 -6.624064
16.623678 -6.776628
16.381781 -6.933440
16.067977 -7.136867
15.819526 -7.297927
15.564498 -7.463252
15.355265 -7.598889
15.100249 -7.764206
14.845195 -7.929548
14.564004 -8.111833
14.289329 -8.289894
13.975423 -8.493387
13.635355 -8.713839
13.347662 -8.900340
13.007607 -9.120784
12.661036 -9.345452
12.379846 -9.527737
12.007139 -9.769348
11.739016 -9.943161
11.405540 -10.159341
11.085170 -10.367024
10.725518 -10.600172
10.391978 -10.816393
10.065004 -11.028357
9.744570 -11.236082
9.450324 -11.426830
9.182240 -11.600619
8.901087 -11.782879
8.639518 -11.952444
8.358340 -12.134720
8.024825 -12.350925
7.769809 -12.516242
7.475563 -12.706990
7.174789 -12.901970
6.926250 -13.063088
6.677787 -13.224157
6.376988 -13.419153
6.121959 -13.584478
5.794997 -13.796434
5.526888 -13.970239
5.265344 -14.139788
4.990706 -14.317825
4.716056 -14.495869
4.500309 -14.635730
4.166806 -14.851926
3.892194 -15.029947
3.630612 -15.199520
3.382150 -15.360588
3.100972 -15.542865
2.806687 -15.733638
2.512441 -15.924386
2.224710 -16.110911
1.910829 -16.314387
1.642732 -16.488184
1.381163 -16.657749
1.086891 -16.848514
0.838403 -17.009599
0.557238 -17.191867
0.295669 -17.361432
0.007912 -17.547974
-0.201295 -17.683594
-0.489026 -17.870119
-0.737553 -18.031229
-0.999122 -18.200794
-1.273772 -18.378839
-1.574571 -18.573835
-1.783829 -18.709489
-2.084629 -18.904485
-2.365769 -19.086737
-2.653500 -19.273262
-2.921584 -19.447051
-3.189656 -19.620831
-3.418510 -19.769188
-3.673500 -19.934488
-3.948125 -20.112517
-4.222725 -20.290529
-4.490872 -20.464358
-4.745787 -20.629609
-5.027016 -20.811919
-5.268912 -20.968731
-5.576240 -21.167959
-5.844337 -21.341756
-6.053595 -21.477410
-6.321704 -21.651215
-6.557086 -21.803803
-6.805574 -21.964888
-7.060641 -22.130238
-7.296048 -22.282843
-7.564133 -22.456632
-7.799565 -22.609254
-8.067700 -22.783075
-8.276920 -22.918704
-8.518893 -23.075566
-8.773935 -23.240899
-9.002751 -23.389231
-9.225115 -23.533381
-9.454020 -23.681771
-9.656775 -23.813210
-9.859493 -23.944623
-10.068738 -24.080269
-10.271455 -24.211682
-10.448023 -24.326145
-10.676877 -24.474502
-11.043018 -24.711856
-11.389627 -24.936549
-11.683911 -25.127322
-12.023979 -25.347774
-12.298616 -25.525811
-12.494806 -25.652993
-12.782525 -25.839510
-13.063703 -26.021786
-13.436422 -26.263406
-13.711123 -26.441484
-13.907287 -26.568649
-14.234262 -26.780614
-14.476222 -29.827023
-14.737791 -33.970001
-14.953615 -37.388421
-15.156345 -40.599450
-15.378709 -44.121465
-15.627223 -48.057656
-15.816872 -51.061496
-16.032670 -54.479514
-16.307333 -58.829882
-16.542779 -62.559086
-16.725862 -65.458929
-16.915498 -68.462568
-17.131335 -71.881189
-17.360209 -75.506315
-17.170476 -70.244003
-16.961180 -64.439101
-16.784587 -59.541216
-16.588334 -54.098064
-16.411702 -49.199121
-16.208883 -43.573862
-16.019145 -38.311408
-15.783662 -31.780190
-15.456560 -22.707917
-15.220963 -16.173528
-14.991855 -9.819134
-14.638515 -0.019135
-14.448790 1.503383
-14.265745 1.611759
-14.010653 1.762792
-13.775182 1.902207
-13.506971 2.061007
-13.238899 2.219724
-12.983997 2.370644
-12.683261 2.548701
-12.434862 2.695771
-12.179922 2.846714
-11.853088 3.040223
-11.663528 3.152456
-11.349749 3.338235
-11.101362 3.485298
-10.833354 3.643978
-10.513022 3.833637
-10.264610 3.980715
-10.003180 4.135499
-9.735185 4.294172
-9.467151 4.452866
-9.231770 4.592229
-8.996388 4.731592
-8.708695 4.901927
-8.460245 5.049027
-8.205216 5.200022
-7.937106 5.358762
-7.629766 5.540729
-7.361669 5.699461
-7.054329 5.881428
-6.812369 6.024686
-6.485445 6.218248
-6.197740 6.388590
-5.942724 6.539578
-5.641937 6.717665
-5.406530 6.857043
-5.092649 7.042882
-4.811484 7.209352
-4.549915 7.364219
-4.236072 7.550036
-3.987559 7.697174
-3.712921 7.859779
-3.438309 8.022369
-3.098267 8.223698
-2.849778 8.370821
-2.535898 8.556660
-2.267814 8.715385
-1.980095 8.885735
-1.698917 9.052212
-1.430833 9.210937
-1.156170 9.373557
-0.927316 9.509055
-0.646138 9.675532
-0.358419 9.845882
-0.090322 10.004614
0.197421 10.174979
0.439331 10.318207
0.720509 10.484684
0.982116 10.639574
1.289406 10.821511
1.518272 10.957016
1.819072 11.135111
2.028330 11.259007
2.342198 11.444839
2.603767 11.599706
2.793390 11.711977
3.100730 11.893944
3.309950 12.017817
3.630371 12.207529
3.872281 12.350756
4.107713 12.490149
4.382326 12.652739
4.611192 12.788244
4.905451 12.962467
5.140858 13.101844
5.402428 13.256712
5.670537 13.415452
5.899366 13.550935
6.154407 13.701937
6.415900 13.856760
6.683959 14.015469
6.912788 14.150952
7.200430 14.321257
7.390028 14.433512
7.677671 14.603817
7.971917 14.778032
8.174596 14.898032
8.436077 15.052847
8.704199 15.211595
8.926500 15.343212
9.220746 15.517427
9.456153 15.656805
9.711195 15.807807
9.972713 15.962645
10.201631 16.098180
10.463162 16.253025
10.711650 16.400148
10.999356 16.570490
11.182477 16.678911
11.476698 16.853111
11.712092 16.992481
11.967172 17.143506
12.156783 17.255769
12.411799 17.406757
12.673368 17.561624
12.928359 17.712597
13.163728 17.851952
13.412165 17.999044
13.673823 18.153965
13.902703 18.289477
14.138097 18.428848
14.419263 18.595317
14.857362 18.854703
15.066620 18.978599
15.282443 19.106382
15.485161 19.226405
15.700934 19.354158
15.916758 19.481941
16.152101 19.621281
16.335210 19.729694
16.583698 19.876817
16.832224 20.023962
17.067657 20.163355
17.296524 20.298860
17.525403 21.054653
17.754282 23.150724
17.976634 25.187014
18.218582 27.402764
18.427840 29.319142
18.643625 31.295301
18.879071 33.451503
19.101410 35.487676
19.304140 37.344272
19.526491 39.380562
19.729221 41.237159
19.912330 42.914062
20.147750 45.070031
20.559738 48.843005
20.880197 51.777760
21.194090 54.652385
21.403374 56.568996
21.664955 58.964555
21.900439 61.121106
22.194736 63.816270
22.449777 64.831769
22.789845 63.339721
23.097211 61.991155
23.443768 60.470633
23.718418 59.265605
24.051920 57.802365
24.411572 56.224394
24.738546 54.789795
25.045873 53.441396
25.346673 52.121638
25.712852 50.515027
26.052894 49.023090
26.406043 47.473649
26.713345 46.125361
27.059953 44.604617
27.406549 43.083928
27.628863 42.108527
27.452231 38.187777
27.275650 34.268156
27.099057 30.348252
26.915872 26.282039
26.726236 22.072618
26.510374 17.281060
26.281494 12.200549
26.039559 6.830239
25.804114 1.603982
25.601358 -2.896648
25.372479 -5.278576
24.973547 -5.495207
24.783885 -5.598198
24.522341 -5.740223
24.300015 -5.860952
24.031943 -6.006522
23.816234 -6.123658
23.541647 -6.272765
23.267073 -6.421866
23.012159 -6.560291
22.717925 -6.720068
22.476066 -6.851403
22.181858 -7.011166
21.972664 -7.124764
21.743861 -7.249010
21.469261 -7.398124
21.240344 -7.522433
20.952562 -7.678706
20.704073 -7.813641
20.429385 -7.962804
20.161237 -8.108415
19.814642 -8.296626
19.487693 -8.474167
19.186906 -8.637502
18.853417 -8.818595
18.447969 -9.038764
18.101386 -9.226967
17.774425 -9.404516
17.434331 -9.589195
17.055046 -9.795157
16.747668 -9.962071
16.420630 -10.139661
16.041383 -10.345602
15.727515 -10.516041
15.459392 -10.661638
15.139010 -10.835614
14.779384 -11.030900
14.393685 -11.240345
14.040637 -11.432059
13.687476 -11.623835
13.360489 -11.801397
13.007340 -11.993166
12.621539 -12.202666
12.333846 -12.358890
11.967718 -12.557708
11.706212 -12.699712
11.379289 -12.877240
11.091596 -13.033464
10.777728 -13.203903
10.483494 -13.363679
10.235044 -13.498594
9.927704 -13.665488
9.685744 -13.796878
9.417660 -13.942455
9.129941 -14.098694
8.835695 -14.258477
8.567572 -14.404074
8.273313 -14.563865
8.011757 -14.705896
7.750188 -14.847935
7.501725 -14.982857
7.168223 -15.163957
6.900113 -15.309548
6.645097 -15.448028
6.331217 -15.618473
6.056579 -15.767608
5.781929 -15.916751
5.507292 -16.065886
5.232667 -16.215014
4.971072 -16.357067
4.709528 -16.499092
4.415282 -16.658875
4.173322 -16.790266
3.898671 -16.939408
3.624034 -17.088543
3.316669 -17.255451
3.055112 -17.397483
2.780474 -17.546618
2.531974 -17.681560
2.263864 -17.827151
1.989226 -17.976286
1.747291 -18.107663
1.466101 -18.260357
1.211072 -18.398844
0.910273 -18.562186
0.668325 -18.693570
0.387172 -18.846243
0.132194 -18.984702
-0.162052 -19.144486
-0.410527 -19.279414
-0.672084 -19.421446
-0.933640 -19.563478
-1.195222 -19.705524
-1.482903 -19.861742
-1.724863 -19.993132
-1.907946 -20.092551
-2.234857 -20.270072
-2.503005 -20.415683
-2.790622 -20.571867
-3.019527 -20.696168
-3.294177 -20.845310
-3.588436 -21.005100
-3.804183 -21.122257
-4.052684 -21.257199
-4.340390 -21.413431
-4.608500 -21.559022
-4.889665 -21.711702
-5.125060 -21.839527
-5.406225 -21.992207
-5.628551 -22.112936
-5.942444 -22.283388
-6.151677 -22.397006
-6.445961 -22.556810
-6.674828 -22.681091
-6.949440 -22.830212
-7.211060 -22.972279
-7.453020 -23.103670
-7.655750 -23.213757
-7.917332 -23.355803
-8.185429 -23.501387
-8.414258 -23.625646
-8.636635 -23.746403
-8.891664 -23.884890
-9.133637 -24.016288
-9.519450 -24.225794
-9.735249 -24.342978
-9.951021 -24.460149
-10.179863 -24.584415
-10.532974 -24.776164
-10.716095 -24.875603
-10.905744 -24.978588
-11.239246 -25.159688
-11.585892 -25.347926
-11.952046 -25.546757
-12.252884 -25.710119
-12.429452 -25.806000
-12.612522 -25.905412
-12.926390 -26.075851
-13.109511 -26.175290
-13.305688 -26.281819
-13.684961 -26.487774
-13.874572 -26.590738
-14.266951 -26.803810
-14.593926 -31.691323
-14.770468 -34.487572
-15.038603 -38.734547
-15.287092 -42.670336
-15.581389 -47.331689
-15.803753 -50.853704
-16.104540 -55.617847
-16.392335 -60.176209
-16.634295 -64.008605
-16.810914 -66.806061
-17.046372 -70.535466
-17.275282 -74.161155
-17.523774 -78.066054
-17.746125 -76.389326
-17.994626 -74.097498
-18.249669 -71.745338
-18.458910 -69.815586
-18.720486 -67.403175
-18.936293 -65.412868
-19.191333 -63.060732
-19.479057 -60.407168
-19.721018 -58.175649
-19.923746 -56.305971
-20.198381 -53.773119
-20.453419 -51.421006
-20.662693 -49.490949
-20.917727 -47.138871
-21.126976 -45.209048
-21.316617 -43.460058
-21.113859 -38.877874
-20.917609 -34.442754
-20.734431 -30.303083
-20.512007 -25.276463
-20.335347 -21.284057
-20.158663 -17.291135
-19.955861 -12.707946
-19.720357 -7.385733
-19.497902 -2.358424
-19.255828 1.434346
-18.994137 1.501296
-18.634272 1.593361
-18.392248 1.655279
-18.169903 1.712162
-17.967166 1.764029
-17.692454 1.834310
-17.443875 1.897904
-17.214900 1.956484
-16.946820 2.025068
-16.652601 2.100339
-16.410704 2.162224
-16.123061 2.235813
-15.809283 2.316088
-15.560885 2.379636
-15.319019 2.441514
-15.005234 2.521790
-14.796052 2.575306
-14.521548 2.645533
-14.253534 2.714100
-13.985519 2.782667
-13.704456 2.854573
-13.429901 2.924813
-13.227285 2.976649
-12.972296 3.041884
-12.736935 3.102097
-12.449181 3.175714
-12.181131 3.244290
-11.919566 3.311207
-11.638430 3.383131
-11.396462 3.445035
-11.115293 3.516967
-10.847226 3.585548
-10.598772 3.649111
-10.350297 3.712679
-10.056063 3.787954
-9.807562 3.851529
-9.565665 3.913414
-9.284513 3.985342
-8.977211 4.063960
-8.754872 4.120842
-8.454111 4.197787
-8.225231 4.256342
-7.885201 4.343333
-7.584415 4.420284
-7.316318 4.488872
-7.048233 4.557457
-6.799732 4.621032
-6.518542 4.692970
-6.243917 4.763228
-5.936577 4.841856
-5.733885 4.893711
-5.439613 4.968996
-5.184610 5.034234
-4.903419 5.106172
-4.641863 5.173087
-4.386847 5.238329
-4.105656 5.310267
-3.824503 5.382195
-3.556445 5.450773
-3.288309 5.519371
-3.020250 5.587950
-2.752179 5.656531
-2.490661 5.723437
-2.255304 5.783649
-1.980692 5.853904
-1.699527 5.925835
-1.392212 6.004456
-1.156805 6.064681
-0.882218 6.134930
-0.614147 6.203512
-0.352603 6.270423
-0.097587 6.335665
0.157442 6.400910
0.412445 6.466148
0.713207 6.543093
0.968261 6.608344
1.255966 6.681949
1.491386 6.742177
1.746390 6.807416
2.001406 6.872657
2.282571 6.944589
2.537600 7.009834
2.799118 7.076739
3.080309 7.148677
3.309201 7.207235
3.590328 7.279157
3.851859 7.346065
4.100360 7.409640
4.388129 7.483261
4.669307 7.555196
4.865484 7.605384
5.127041 7.672299
5.401678 7.742561
5.676329 7.812825
5.937860 7.879734
6.251727 7.960032
6.532905 8.031966
6.742163 8.085502
7.010248 8.154087
7.252208 8.215988
7.533361 8.287916
7.840701 8.366544
8.036890 8.416736
8.272336 8.476971
8.546960 8.547229
8.847760 8.624184
9.076652 8.682742
9.357855 8.754683
9.632506 8.824948
9.867900 8.885170
10.103358 8.945408
10.345331 9.007312
10.672305 9.090963
10.907738 9.151195
11.195507 9.224816
11.444008 9.288391
11.705590 9.355312
11.960619 9.420557
12.163349 9.472422
12.431420 9.541004
12.725705 9.616292
13.019977 9.691576
13.274992 9.756818
13.516953 9.818719
13.811199 9.893997
14.066241 9.959245
14.295120 10.017800
14.530502 10.078019
14.844395 10.158323
15.086343 10.220222
15.328290 10.282120
15.576753 10.345685
15.851416 10.415953
16.139122 10.489558
16.394151 10.554803
16.649192 10.620051
16.891152 10.681952
17.100372 10.735478
17.388154 10.809102
17.649736 10.876023
17.917820 10.944608
18.166309 11.008180
18.467121 11.085138
18.715596 11.148706
19.042558 11.232354
19.297612 11.297605
19.559181 11.364523
19.827303 11.433118
20.095426 11.501713
20.376591 11.573644
20.651267 11.643915
20.945526 11.719197
21.220176 11.789461
21.527529 11.868092
21.808757 11.940040
22.083370 12.010295
22.371126 12.847932
22.684994 14.182842
22.972738 15.406645
23.267035 16.658319
23.561269 17.909722
23.829366 19.049965
24.123637 20.301531
24.437492 21.636387
24.770956 23.054641
25.078334 24.361949
25.333338 25.446503
25.601498 26.587015
25.954596 28.088776
26.216191 29.201363
26.549706 30.619833
26.850543 31.899324
27.144764 33.150674
27.491360 34.624779
27.766010 35.792892
28.119121 37.294707
28.406839 38.513393
28.609519 37.628314
28.419717 34.195417
28.190762 30.054348
27.988006 26.387154
27.804821 23.073931
27.569312 18.814335
27.333842 14.555429
27.118056 10.652561
26.902092 6.746477
26.574890 0.828432
26.254215 -4.971545
25.940144 -5.239717
25.665379 -5.288170
25.272797 -5.357399
24.985028 -5.408146
24.690756 -5.460039
24.350662 -5.520013
24.004079 -5.581131
23.624807 -5.648013
23.265193 -5.711429
22.938270 -5.769080
22.611334 -5.826734
22.212516 -5.897063
21.859430 -5.959328
21.460663 -6.029648
21.074939 -6.097669
20.689202 -6.165691
20.427709 -6.211804
20.114057 -6.267115
19.787273 -6.324741
19.453873 -6.383535
19.107302 -6.444650
18.819635 -6.495379
18.564733 -6.540330
18.296827 -6.587573
18.009184 -6.638298
17.708423 -6.691335
17.420730 -6.742068
17.106887 -6.797413
16.786517 -6.853908
16.505352 -6.903490
16.198024 -6.957686
15.962617 -6.999198
15.596476 -7.063765
15.328417 -7.111036
15.060333 -7.158311
14.824939 -7.199822
14.537271 -7.250550
14.301889 -7.292059
14.007656 -7.343945
13.726503 -7.393525
13.432295 -7.445407
13.190411 -7.488062
12.883210 -7.542235
12.641288 -7.584897
12.406020 -7.626385
12.157596 -7.670193
11.915750 -7.712841
11.647729 -7.760105
11.412398 -7.801605
11.131283 -7.851178
10.817492 -7.906513
10.588701 -7.946859
10.314102 -7.995283
10.026409 -8.046016
9.758350 -8.093287
9.470644 -8.144022
9.189517 -8.193597
8.921382 -8.240881
8.685975 -8.282394
8.391754 -8.334278
8.104035 -8.385016
7.842441 -8.431147
7.561301 -8.480724
7.273582 -8.531462
7.018553 -8.576435
6.770091 -8.620250
6.495428 -8.668685
6.181560 -8.724034
5.906872 -8.772474
5.678018 -8.812831
5.370690 -8.867026
5.128768 -8.909688
4.834509 -8.961579
4.572927 -9.007708
4.298290 -9.056138
4.049814 -9.099956
3.749053 -9.152993
3.467875 -9.202577
3.239033 -9.242932
2.983992 -9.287907
2.702801 -9.337494
2.395474 -9.391689
2.160029 -9.433209
1.891932 -9.480486
1.623847 -9.527761
1.323022 -9.580810
1.041794 -9.630403
0.806323 -9.671927
0.570916 -9.713440
0.270066 -9.766493
-0.004597 -9.814929
-0.318478 -9.870280
-0.586575 -9.917557
-0.867778 -9.967146
-1.162075 -10.019044
-1.417104 -10.064017
-1.744066 -10.121674
-2.012201 -10.168959
-2.293353 -10.218538
-2.548382 -10.263511
-2.803411 -10.308484
-3.071520 -10.355764
-3.365792 -10.407657
-3.607727 -10.450321
-3.915080 -10.504521
-4.176649 -10.550647
-4.398975 -10.589853
-4.673651 -10.638291
-4.967859 -10.690173
-5.203317 -10.731694
-5.445214 -10.774352
-5.726417 -10.823940
-6.014136 -10.874678
-6.243028 -10.915042
-6.478410 -10.956550
-6.759613 -11.006139
-7.040804 -11.055725
-7.295833 -11.100698
-7.550836 -11.145666
-7.812392 -11.191790
-8.080527 -11.239075
-8.329003 -11.282892
-8.603678 -11.331329
-8.786800 -11.363622
-9.067991 -11.413208
-9.323045 -11.458186
-9.591129 -11.505461
-9.898482 -11.559661
-10.153523 -11.604636
-10.362794 -11.641540
-10.617835 -11.686515
-10.879442 -11.732648
-11.141024 -11.778776
-11.369942 -11.819145
-11.625008 -11.864124
-11.912765 -11.914869
-12.122023 -11.951770
-12.422835 -12.004817
-12.625578 -12.040569
-12.919799 -12.092453
-13.142150 -12.131664
-13.364502 -12.170874
-13.613003 -12.214696
-13.835380 -12.253911
-14.031570 -12.288508
-14.267002 -12.330025
-14.489366 -12.369238
-14.705178 -12.407295
-14.914448 -12.444199
-15.149881 -12.485716
-15.365692 -12.523773
-15.601099 -12.565286
-15.797314 -12.599887
-16.071952 -12.648318
-16.248532 -12.679457
-16.503548 -12.724428
-16.758615 -12.769408
-16.980963 -12.808617
-17.203290 -12.847824
-17.425599 -12.887026
-17.654474 -12.927387
-17.889896 -13.096137
-18.131853 -14.577635
-18.393401 -16.179080
-18.622272 -17.580446
-18.870755 -19.101898
-19.125783 -20.663428
-19.367739 -22.144911
-19.622769 -23.706450
-19.890920 -25.348331
-20.126306 -26.789588
-20.355189 -28.191031
-20.590612 -29.632513
-20.832578 -31.114066
-21.068047 -32.555828
-21.277287 -33.836997
-21.525799 -35.358628
-21.761260 -36.800343
-21.944343 -37.493840
-21.767653 -33.674361
-21.590991 -29.855487
-21.381692 -25.331115
-21.172457 -20.808116
-20.930517 -15.578138
-20.753949 -11.761295
-20.544688 -7.237747
-20.237352 -0.594111
-20.021723 1.440160
-19.714280 1.505548
-19.485287 1.554252
-19.243252 1.605729
-19.040502 1.648851
-18.778847 1.704501
-18.589140 1.744849
-18.301287 1.806071
-18.026548 1.864503
-17.791069 1.914586
-17.588274 1.957717
-17.293946 2.020317
-17.038909 2.074559
-16.770798 2.131582
-16.489611 2.191386
-16.234604 2.245623
-15.920716 2.312382
-15.665717 2.366616
-15.358377 2.431983
-15.103361 2.486221
-14.854885 2.539068
-14.560639 2.601650
-14.292555 2.658667
-14.044041 2.711522
-13.775969 2.768537
-13.514426 2.824163
-13.252856 2.879795
-12.997853 2.934030
-12.729769 2.991048
-12.448629 3.050842
-12.167502 3.110634
-11.945201 3.157914
-11.670589 3.216319
-11.415611 3.270549
-11.167135 3.323396
-10.925200 3.374852
-10.624414 3.438825
-10.349776 3.497236
-10.114369 3.547304
-9.820110 3.609888
-9.558528 3.665523
-9.297022 3.721141
-9.035453 3.776773
-8.728164 3.842129
-8.440509 3.903309
-8.139697 3.967287
-7.845463 4.029866
-7.610107 4.079922
-7.361682 4.132759
-7.041350 4.200888
-6.734073 4.266241
-6.498780 4.316285
-6.263450 4.366336
-5.930087 4.437237
-5.642432 4.498417
-5.354803 4.559591
-5.145634 4.604079
-4.838446 4.669413
-4.570412 4.726419
-4.322051 4.779242
-4.073614 4.832081
-3.812159 4.887688
-3.518014 4.950249
-3.269590 5.003085
-2.968841 5.067049
-2.753081 5.112938
-2.491588 5.168554
-2.190826 5.232521
-1.961934 5.281203
-1.661160 5.345173
-1.386535 5.403582
-1.111898 5.461993
-0.856894 5.516228
-0.595287 5.571868
-0.346799 5.624718
-0.045961 5.688702
0.222174 5.745730
0.516458 5.808320
0.719201 5.851440
0.980745 5.907066
1.242314 5.962698
1.477721 6.012766
1.824304 6.086479
2.072805 6.139331
2.308263 6.189409
2.556726 6.242254
2.837917 6.302059
3.092945 6.356299
3.387217 6.418887
3.661842 6.477295
3.897236 6.527360
4.171874 6.585771
4.439984 6.642794
4.694974 6.697027
4.963071 6.754047
5.250764 6.815235
5.499278 6.868090
5.793486 6.930664
6.061621 6.987692
6.283922 7.034972
6.565138 7.094782
6.852856 7.155976
7.114464 7.211615
7.382548 7.268633
7.683373 7.332614
7.931874 7.385466
8.219592 7.446660
8.526932 7.512026
8.781948 7.566264
9.043530 7.621899
9.285478 7.673357
9.553600 7.730383
9.802101 7.783235
10.083330 7.843048
10.377576 7.905630
10.652265 7.964052
10.907319 8.018298
11.162398 8.072550
11.450206 8.133762
11.816474 8.211662
12.045391 8.260349
12.352731 8.325716
12.535814 8.364655
12.797434 8.420297
13.045935 8.473150
13.346747 8.537128
13.680224 8.608053
13.967917 8.669241
14.222959 8.723485
14.458366 8.773552
14.765693 8.838916
15.001113 8.888986
15.275738 8.947395
15.576575 9.011378
15.844685 9.068401
16.073577 9.117083
16.354743 9.176883
16.649027 9.239473
16.890975 9.290931
17.159072 9.347951
17.472939 9.414706
17.747564 9.473115
17.976431 9.521791
18.237987 9.577420
18.545327 9.642787
18.774194 9.691463
19.061925 9.752659
19.330035 9.809682
19.552361 9.856968
19.840067 9.918158
20.088568 9.971011
20.408976 10.039157
20.657439 10.092001
20.964766 10.157365
21.219757 10.211598
21.500973 10.271408
21.814854 10.338166
22.102559 10.399356
22.370682 10.456382
22.671481 10.520357
22.933063 10.575992
23.207701 11.333385
23.488840 12.347998
23.809249 13.504329
24.064252 14.424618
24.378094 15.557252
24.659273 16.572004
24.946928 17.610130
25.208471 18.554023
25.574625 19.875445
25.842722 20.842988
26.163105 21.999227
26.483513 23.155558
26.816964 24.358959
27.157020 25.586194
27.503552 26.836804
27.830513 28.016784
28.164041 29.220461
28.451797 30.258954
28.850704 31.698581
29.053396 32.430081
28.876739 29.373826
28.693491 26.203537
28.497251 22.808479
28.287853 19.185794
28.071966 15.450835
27.679320 8.657861
27.430641 4.355594
27.195018 0.279195
26.972489 -3.570677
26.769631 -5.196076
26.534123 -5.225268
26.311708 -5.252838
26.010832 -5.290132
25.703517 -5.328225
25.409271 -5.364698
25.075871 -5.406025
24.748973 -5.446545
24.376291 -5.492740
24.049431 -5.533256
23.735589 -5.572158
23.428249 -5.610254
23.049014 -5.657262
22.689388 -5.701839
22.329800 -5.746411
21.957119 -5.792606
21.630411 -5.833103
21.323186 -5.871185
20.917903 -5.921421
20.578102 -5.963541
20.264234 -6.002446
19.898081 -6.047832
19.649592 -6.078633
19.309537 -6.120785
19.021806 -6.156450
18.734100 -6.192112
18.420220 -6.231019
18.158689 -6.263437
17.851336 -6.301535
17.609401 -6.331523
17.374006 -6.360701
17.047045 -6.401230
16.765854 -6.436084
16.510825 -6.467696
16.236201 -6.501737
15.955010 -6.536592
15.673832 -6.571445
15.431884 -6.601435
15.150732 -6.636285
14.856422 -6.672766
14.614487 -6.702755
14.320253 -6.739226
14.071765 -6.770027
13.790562 -6.804884
13.561720 -6.833250
13.280542 -6.868103
13.045122 -6.897284
12.744285 -6.934574
12.456579 -6.970236
12.227751 -6.998600
11.953088 -7.032646
11.704625 -7.063444
11.436528 -7.096676
11.155337 -7.131530
10.913402 -7.161519
10.651846 -7.193940
10.390289 -7.226361
10.115677 -7.260400
9.847644 -7.293624
9.586176 -7.326034
9.298457 -7.361698
9.069680 -7.390056
8.781999 -7.425715
8.559749 -7.453264
8.298231 -7.485680
8.036712 -7.518096
7.781760 -7.549699
7.533284 -7.580498
7.330605 -7.605621
6.997154 -7.646954
6.768275 -7.675324
6.545948 -7.702883
6.238659 -7.740972
5.937872 -7.778256
5.650167 -7.813918
5.408232 -7.843907
5.113973 -7.880382
4.845888 -7.913612
4.577766 -7.946847
4.303154 -7.980886
4.054653 -8.011689
3.760394 -8.048163
3.413823 -8.091122
3.158782 -8.122735
2.864523 -8.159210
2.635669 -8.187577
2.315223 -8.227298
2.079828 -8.256476
1.798625 -8.291332
1.523962 -8.325378
1.236218 -8.361045
0.955015 -8.395901
0.660756 -8.432376
0.386118 -8.466418
0.098387 -8.502084
-0.215494 -8.540990
-0.477025 -8.573408
-0.751662 -8.607451
-1.019759 -8.640682
-1.274775 -8.672293
-1.555953 -8.707146
-1.837144 -8.742000
-2.085619 -8.772800
-2.360257 -8.806842
-2.654503 -8.843315
-2.916098 -8.875741
-3.171101 -8.907350
-3.386849 -8.934092
-3.700729 -8.972999
-3.955707 -9.004605
-4.249953 -9.041078
-4.518050 -9.074309
-4.818799 -9.111588
-5.047691 -9.139961
-5.374602 -9.180482
-5.681942 -9.218578
-5.943498 -9.250999
-6.237719 -9.287469
-6.473165 -9.316654
-6.734683 -9.349070
-7.035457 -9.386352
-7.264336 -9.414723
-7.552055 -9.450386
-7.787462 -9.479566
-8.081645 -9.516031
-8.336712 -9.547648
-8.624430 -9.583312
-8.886025 -9.615737
-9.114854 -9.644102
-9.415640 -9.681385
-9.598736 -9.704081
-9.899523 -9.741365
-10.180726 -9.776221
-10.455338 -9.810260
-10.743057 -9.845924
-11.017720 -9.879970
-11.266195 -9.910769
-11.495075 -9.939140
-11.776227 -9.973990
-12.011673 -10.003174
-12.273229 -10.035595
-12.547867 -10.069637
-12.783274 -10.098817
-13.025196 -10.128804
-13.260629 -10.157987
-13.528751 -10.191222
-13.803478 -10.225275
-14.058544 -10.256892
-14.307045 -10.287695
-14.549006 -10.317687
-14.810588 -10.350111
-15.045995 -10.379290
-15.301023 -10.410902
-15.719476 -10.462771
-15.909074 -10.486272
-16.301333 -10.534894
-16.517150 -10.561646
-16.876676 -10.606211
-17.066279 -10.629713
-17.295118 -10.658078
-17.537055 -10.688067
-17.765888 -10.716432
-17.975116 -10.742367
-18.190862 -10.769109
-18.373907 -10.791798
-18.570011 -11.506876
-18.785721 -12.573597
-18.994909 -13.608068
-19.275906 -14.997650
-19.458788 -15.902030
-19.654873 -16.871707
-19.962044 -18.390721
-20.138518 -19.263416
-20.328123 -20.201044
-20.661528 -21.849792
-20.864192 -22.852001
-20.681075 -18.893581
-20.485133 -14.657937
-20.309305 -10.857099
-20.041177 -5.061004
-19.792672 0.310881
-19.524468 1.460681
-19.262829 1.516852
-19.053552 1.561782
-18.798541 1.616530
-18.530392 1.674098
-18.262319 1.731651
-18.033408 1.780795
-17.771847 1.836950
-17.503734 1.894511
-17.229079 1.953476
-16.974063 2.008225
-16.719027 2.062979
-16.444418 2.121934
-16.150149 2.185111
-15.895142 2.239858
-15.620505 2.298820
-15.326233 2.361997
-15.051583 2.420961
-14.790026 2.477114
-14.476133 2.544504
-14.227645 2.597852
-13.979169 2.651197
-13.704545 2.710156
-13.456044 2.763506
-13.201028 2.818255
-12.965659 2.868786
-12.677927 2.930559
-12.429452 2.983904
-12.154789 3.042871
-11.906288 3.096222
-11.644732 3.152375
-11.350460 3.215552
-11.108500 3.267498
-10.807713 3.332074
-10.578821 3.381215
-10.304183 3.440176
-10.036048 3.497742
-9.833331 3.541263
-9.584830 3.594614
-9.284005 3.659198
-9.022385 3.715365
-8.793493 3.764505
-8.538426 3.819265
-8.283321 3.874034
-8.047901 3.924576
-7.720952 3.994768
-7.479030 4.046706
-7.178294 4.111271
-6.949478 4.160395
-6.648755 4.224957
-6.380721 4.282501
-6.138888 4.334420
-5.851246 4.396174
-5.596344 4.450899
-5.341391 4.505634
-5.066805 4.564585
-4.785754 4.624924
-4.530827 4.679654
-4.262806 4.737195
-3.949065 4.804552
-3.674466 4.863505
-3.445662 4.912627
-3.177578 4.970182
-2.889847 5.031954
-2.615235 5.090911
-2.347138 5.148468
-2.098650 5.201816
-1.778254 5.270601
-1.497025 5.330978
-1.235405 5.387145
-0.947649 5.448923
-0.672922 5.507904
-0.424421 5.561255
-0.123634 5.625830
0.098717 5.673567
0.379870 5.733927
0.680682 5.798508
1.001116 5.867302
1.275766 5.926266
1.530756 5.981010
1.831556 6.045588
2.086585 6.100340
2.341588 6.155087
2.629319 6.216860
2.884348 6.271611
3.152458 6.329172
3.414027 6.385328
3.688677 6.444292
3.996017 6.510275
4.264114 6.567832
4.506062 6.619776
4.826495 6.688570
5.081486 6.743313
5.356123 6.802275
5.604612 6.855623
5.898883 6.918800
6.153925 6.973554
6.389345 7.024096
6.670523 7.084462
6.925551 7.139214
7.206729 7.199580
7.514057 7.265560
7.756017 7.317506
8.030680 7.376473
8.305305 7.435432
8.553818 7.488785
8.841511 7.550550
9.096527 7.605299
9.416936 7.674087
9.652368 7.724632
9.972764 7.793418
10.214712 7.845361
10.502417 7.907129
10.757433 7.961878
11.045152 8.023648
11.267504 8.071384
11.587899 8.140170
11.901780 8.207557
12.137174 8.258093
12.411799 8.317052
12.679870 8.374604
12.928333 8.427947
13.229133 8.492525
13.543001 8.559909
13.784961 8.611855
14.046505 8.668006
14.288453 8.719949
14.608861 8.788738
14.876958 8.846295
15.151570 8.905251
15.373871 8.952977
15.668130 9.016151
15.929699 9.072307
16.230511 9.136888
16.465906 9.187425
16.720922 9.242174
16.988981 9.299724
17.289780 9.364302
17.570983 9.424673
17.832514 9.480821
18.087543 9.535573
18.349100 9.591726
18.597562 9.645069
18.859119 9.701222
19.101054 9.753163
19.388811 9.814941
19.663448 9.873903
19.931545 9.931460
20.206170 9.990419
20.474267 10.047977
20.735811 10.104128
20.997393 10.160286
21.265477 10.217841
21.507437 10.269787
21.808224 10.334363
22.109011 10.398939
22.396729 10.460709
22.677857 10.521064
22.926345 10.574412
23.174846 11.214814
23.442955 12.182402
23.750283 13.291525
24.005337 14.211997
24.273446 15.179585
24.567667 16.241407
24.835790 17.209042
25.234671 18.648577
25.476581 19.521611
25.816623 20.748800
26.091299 21.740085
26.405154 22.872766
26.719073 24.005675
27.000263 25.020472
27.320684 26.176849
27.628012 27.285971
27.968067 28.513206
28.340799 29.858370
28.700476 31.156417
29.060127 32.454373
29.380561 33.610795
29.720578 32.751491
30.054080 31.296232
30.341786 30.040808
30.727599 28.357286
30.982602 27.694032
31.329173 27.084065
31.669215 26.485587
31.976555 25.944666
32.310057 25.357699
32.597776 24.851312
32.937806 24.252856
33.304010 23.608333
33.572107 23.136480
33.899069 22.561024
34.082164 22.238774
34.297938 21.859011
34.121293 18.802976
33.879168 14.614082
33.702587 11.559144
33.499819 8.051152
33.172679 2.391476
32.943698 -1.570011
32.485647 -5.209838
32.197904 -5.241423
31.831699 -5.281620
31.485142 -5.319661
31.132056 -5.358418
30.831244 -5.391437
30.510836 -5.426608
30.144669 -5.466801
29.745800 -5.510583
29.386212 -5.550054
29.006978 -5.591682
28.621164 -5.634032
28.228849 -5.677095
27.744915 -5.730215
27.378736 -5.770409
26.973340 -5.814909
26.659497 -5.849358
26.339152 -5.884522
25.979539 -5.923995
25.633020 -5.962032
25.319190 -5.996480
25.011824 -6.030219
24.671769 -6.067545
24.344821 -6.103434
24.037468 -6.137171
23.762856 -6.167314
23.442422 -6.202487
23.167784 -6.232634
22.840836 -6.268522
22.526981 -6.302973
22.291548 -6.328816
21.971165 -6.363983
21.735771 -6.389822
21.428418 -6.423559
21.108010 -6.458729
20.826806 -6.489596
20.512951 -6.524047
20.257910 -6.552042
19.930936 -6.587933
19.702094 -6.613053
19.420891 -6.643920
19.159309 -6.672633
18.897765 -6.701342
18.583859 -6.735798
18.341911 -6.762356
18.034571 -6.796092
17.759896 -6.826242
17.485271 -6.856387
17.243336 -6.882944
16.949052 -6.915246
16.641712 -6.948982
16.399777 -6.975539
16.157816 -7.002098
15.870123 -7.033677
15.602039 -7.063104
15.353551 -7.090380
15.072398 -7.121241
14.850046 -7.145648
14.575434 -7.175792
14.268133 -7.209523
13.967295 -7.242545
13.712317 -7.270534
13.431177 -7.301394
13.182714 -7.328667
12.973494 -7.351632
12.698920 -7.381771
12.398197 -7.414781
12.117108 -7.445635
11.829453 -7.477210
11.594122 -7.503042
11.319510 -7.533185
11.044949 -7.563323
10.763796 -7.594184
10.528414 -7.620022
10.253828 -7.650162
9.953041 -7.683179
9.639160 -7.717633
9.371051 -7.747062
9.076817 -7.779359
8.841435 -7.805197
8.547151 -7.837499
8.233308 -7.871949
7.965186 -7.901380
7.677467 -7.932962
7.428967 -7.960239
7.134733 -7.992536
6.899300 -8.018379
6.624688 -8.048523
6.343536 -8.079384
6.049302 -8.111681
5.748464 -8.144703
5.499976 -8.171979
5.199190 -8.204996
4.911471 -8.236578
4.617225 -8.268876
4.407954 -8.291847
4.100639 -8.325580
3.825964 -8.355731
3.538245 -8.387313
3.270136 -8.416742
2.988932 -8.447609
2.727376 -8.476320
2.511603 -8.500004
2.178113 -8.536611
1.870774 -8.570346
1.635379 -8.596185
1.347648 -8.627768
1.099160 -8.655044
0.831050 -8.684474
0.517169 -8.718928
0.249072 -8.748356
-0.032131 -8.779223
-0.300215 -8.808650
-0.529082 -8.833772
-0.803745 -8.863921
-1.071842 -8.893349
-1.346505 -8.923498
-1.581925 -8.949339
-1.856575 -8.979487
-2.137740 -9.010350
-2.412390 -9.040497
-2.667419 -9.068491
-2.968206 -9.101507
-3.183992 -9.125194
-3.439033 -9.153189
-3.700602 -9.181901
-4.001414 -9.214920
-4.243400 -9.241482
-4.524553 -9.272343
-4.799190 -9.302489
-5.021504 -9.326892
-5.289588 -9.356319
-5.524970 -9.382156
-5.812714 -9.413741
-6.106935 -9.446037
-6.375083 -9.475471
-6.643167 -9.504898
-6.878574 -9.530738
-7.166280 -9.562318
-7.440943 -9.592467
-7.709002 -9.621891
-7.944409 -9.647731
-8.225599 -9.678597
-8.552548 -9.714485
-8.814105 -9.743195
-9.069121 -9.771188
-9.330652 -9.799895
-9.585681 -9.827889
-9.873399 -9.859471
-10.134968 -9.888183
-10.383495 -9.915463
-10.658094 -9.945605
-10.913135 -9.973600
-11.187773 -10.003746
-11.423167 -10.029585
-11.723980 -10.062604
-11.972430 -10.089876
-12.220943 -10.117154
-12.495568 -10.147299
-12.750584 -10.175292
-12.972948 -10.199700
-13.227964 -10.227692
-13.476427 -10.254965
-13.803389 -10.290855
-14.071486 -10.320283
-14.326476 -10.348273
-14.561909 -10.374116
-14.816938 -10.402109
-15.104643 -10.433690
-15.346578 -10.460246
-15.595054 -10.487521
-15.830420 -10.513356
-16.105102 -10.543508
-16.373213 -10.572937
-16.660928 -10.604519
-16.889801 -10.629642
-17.125231 -10.655484
-17.399843 -10.685628
-17.661399 -10.714338
-17.936064 -10.744487
-18.151855 -10.768174
-18.446114 -10.894182
-18.648867 -11.896830
-18.910464 -13.190474
-19.178568 -14.516298
-19.413960 -15.680352
-19.688631 -17.038645
-19.963286 -18.396863
-20.270718 -19.917165
-20.512681 -21.113714
-20.813448 -22.601063
-21.088120 -23.959362
-21.343151 -25.220536
-21.702861 -26.999363
-21.892501 -27.937167
-22.121395 -29.069085
-22.337141 -30.135988
-22.533314 -31.106098
-23.624663 -22.052889
-23.932172 -20.734233
-24.285320 -20.177044
-24.671169 -19.568259
-25.122502 -18.856154
-25.344811 -18.505400
-25.593264 -18.113396
-25.835190 -17.731690
-26.064056 -17.370589
-26.325624 -16.957892
-26.502178 -16.679329
-26.678707 -16.400805
-26.502149 -12.824657
-26.292973 -8.587824
-26.090284 -4.482413
-25.887533 -0.375715
-25.645594 0.876045
-25.403656 0.899519
-25.122429 0.926805
-24.880486 0.950279
-24.645070 0.973120
-24.403103 0.996597
-24.154582 1.020709
-23.899559 1.045453
-23.611835 1.073369
-23.363323 1.097481
-23.088700 1.124126
-22.866341 1.145700
-22.565601 1.174879
-22.323632 1.198356
-22.042473 1.225635
-21.780891 1.251015
-21.512793 1.277027
-21.231621 1.304307
-20.956971 1.330955
-20.682327 1.357602
-20.407721 1.384246
-20.139605 1.410259
-19.864942 1.436908
-19.616448 1.461018
-19.315648 1.490203
-19.086779 1.512409
-18.812119 1.539058
-18.544023 1.565070
-18.308610 1.587910
-18.027432 1.615191
-17.752780 1.641839
-17.465036 1.669757
-17.190414 1.696402
-16.922309 1.722415
-16.680362 1.745890
-16.399177 1.773172
-16.137617 1.798549
-15.836811 1.827735
-15.562161 1.854382
-15.294038 1.880397
-15.025916 1.906411
-14.757781 1.932427
-14.483144 1.959073
-14.175753 1.988898
-13.894498 2.016186
-13.678700 2.037124
-13.436676 2.060606
-13.155422 2.087894
-12.867653 2.115815
-12.560262 2.145639
-12.279008 2.172928
-12.010885 2.198942
-11.696929 2.229404
-11.428781 2.255420
-11.147527 2.282709
-10.833557 2.313172
-10.532682 2.342364
-10.297262 2.365205
-9.937572 2.400104
-9.662884 2.426755
-9.348978 2.457212
-9.080830 2.483229
-8.773503 2.513047
-8.479218 2.541599
-8.204568 2.568247
-7.929905 2.594896
-7.674851 2.619643
-7.354418 2.650732
-7.118998 2.673574
-6.811632 2.703396
-6.504292 2.733215
-6.190399 2.763670
-5.922277 2.789685
-6.164656 2.595400
-5.968479 2.615419
-5.700370 2.642779
-5.386514 2.674807
-5.105324 2.703502
-4.837201 2.730863
-4.621403 2.752885
-4.281348 2.787587
-3.993629 2.816948
-3.718992 2.844974
-3.483559 2.868999
-3.189313 2.899026
-2.960408 2.922385
-2.633447 2.955751
-2.404593 2.979105
-2.090687 3.011138
-1.796440 3.041165
-1.547914 3.066526
-1.292936 3.092546
-1.011758 3.121240
-0.697878 3.153271
-0.455930 3.177961
-0.161658 3.207990
0.112992 3.236018
0.374536 3.262708
0.668782 3.292735
0.949947 3.321427
1.244219 3.351456
1.440396 3.371476
1.715021 3.399501
1.989671 3.427528
2.257793 3.454889
2.499728 3.479578
2.787421 3.508936
3.062084 3.536965
3.310560 3.562321
3.578670 3.589681
3.840239 3.616374
4.141051 3.647071
4.428769 3.676432
4.677245 3.701788
4.906124 3.725145
5.187290 3.753837
5.488102 3.784534
5.736615 3.809894
5.985091 3.835250
6.246685 3.861945
6.534391 3.891305
6.795948 3.917996
7.090219 3.948026
7.319074 3.971380
7.580630 3.998071
7.842212 4.024765
8.116837 4.052789
8.352269 4.076815
8.633447 4.105508
8.895029 4.132202
9.150096 4.158231
9.437802 4.187591
9.705873 4.214947
9.987064 4.243641
10.268191 4.272330
10.536238 4.299683
10.850029 4.331705
11.176902 4.365061
11.457978 4.393744
11.699837 4.418425
11.987454 4.447776
12.281637 4.477797
12.562688 4.506477
12.830696 4.533827
13.144500 4.565850
13.405955 4.592530
13.634758 4.615879
13.876668 4.640565
14.164348 4.669923
14.406232 4.694606
14.687436 4.723302
14.955520 4.750660
15.236698 4.779353
15.530906 4.809376
15.792475 4.836069
16.080207 4.865431
16.322104 4.890116
16.622941 4.920816
16.871417 4.946172
17.165663 4.976199
17.446854 5.004894
17.728019 5.033586
17.989563 5.060276
18.251106 5.086966
18.532259 5.115657
18.787262 5.141679
19.107734 5.174382
19.401968 5.204408
19.683146 5.233102
19.931621 5.258458
20.199706 5.285815
20.454747 5.311842
20.735887 5.340531
21.043227 5.371894
21.311337 5.399254
21.579421 5.426612
21.808313 5.449970
22.115615 5.481329
22.357537 5.506016
22.664865 5.537378
22.919868 5.563401
23.148734 5.586756
23.429938 5.615452
23.717644 5.644812
23.979238 5.671507
24.279987 5.702197
24.567718 5.731560
24.835815 5.758918
25.110465 5.786946
25.385116 5.814973
25.666255 5.843663
25.960540 5.873694
26.215530 5.899715
26.509777 5.929742
26.777899 5.957103
27.026362 5.982458
27.353285 6.015820
27.660613 6.047182
27.941765 6.253486
28.209850 6.711376
28.523705 7.247442
28.857169 7.817001
29.177590 8.364282
29.452227 8.833365
29.798797 9.425310
30.112678 9.961420
30.446180 10.531044
30.786222 11.111839
31.106631 11.659099
31.427026 12.206337
31.806274 12.854094
32.100545 13.356712
32.434073 13.926380
32.767549 14.495960
33.107579 15.076733
33.460677 15.679828
33.800694 16.260579
33.611045 13.186282
33.421396 10.111986
33.146721 5.659372
32.780529 -0.276761
32.381520 -3.602250
32.126314 -3.608942
31.916967 -3.614432
31.393879 -3.628150
30.988521 -3.638781
30.648554 -3.647697
30.328133 -3.656100
29.955427 -3.665874
29.569626 -3.675991
29.183800 -3.686110
28.824161 -3.695541
28.477604 -3.704630
28.131021 -3.713719
27.790991 -3.722636
27.431340 -3.732068
27.137119 -3.739784
26.836357 -3.747671
26.496366 -3.756588
26.189089 -3.764646
25.907911 -3.772020
25.613652 -3.779737
25.286716 -3.788311
24.998998 -3.795856
24.698185 -3.803745
24.371249 -3.812319
24.096599 -3.819521
23.835030 -3.826381
23.547311 -3.833926
23.279202 -3.840958
23.011117 -3.847988
22.710292 -3.855877
22.461817 -3.862394
22.174086 -3.869939
21.919032 -3.876628
21.677097 -3.882973
21.369731 -3.891033
21.095081 -3.898236
20.840078 -3.904924
20.519669 -3.913326
20.258062 -3.920187
19.957174 -3.928078
19.656361 -3.935967
19.375209 -3.943340
19.093993 -3.950715
18.832411 -3.957575
18.551233 -3.964948
18.263502 -3.972494
18.014988 -3.979011
17.720742 -3.986728
17.472279 -3.993244
17.197616 -4.000447
16.864101 -4.009193
16.602545 -4.016053
16.354057 -4.022569
16.079407 -4.029772
15.804769 -4.036974
15.530131 -4.044177
15.275103 -4.050865
15.000440 -4.058068
14.719262 -4.065442
14.444599 -4.072645
14.143800 -4.080533
13.823391 -4.088936
13.587984 -4.095110
13.326415 -4.101969
13.051739 -4.109173
12.757480 -4.116890
12.450115 -4.124950
12.181980 -4.131982
11.940032 -4.138327
11.652263 -4.145874
11.397234 -4.152562
11.089881 -4.160622
10.841368 -4.167140
10.547083 -4.174857
10.278974 -4.181888
10.010864 -4.188919
9.742754 -4.195951
9.474657 -4.202981
9.186939 -4.210527
8.931910 -4.217215
8.644179 -4.224761
8.349932 -4.232477
8.101457 -4.238994
7.833322 -4.246025
7.571765 -4.252885
7.297103 -4.260088
7.015924 -4.267462
6.754343 -4.274322
6.492773 -4.281181
6.231217 -4.288041
5.936945 -4.295758
5.662308 -4.302960
5.387670 -4.310163
5.165344 -4.315993
4.858004 -4.324053
4.570273 -4.331599
4.341406 -4.337601
4.060215 -4.344975
3.798672 -4.351834
3.556698 -4.358180
3.308210 -4.364696
3.040113 -4.371727
2.772004 -4.378758
2.477745 -4.386475
2.216175 -4.393335
1.974240 -4.399680
1.725714 -4.406197
1.405306 -4.414600
0.960628 -4.426262
0.699084 -4.433121
0.430974 -4.440152
0.202095 -4.446154
-0.046406 -4.452671
-0.327597 -4.460045
-0.608825 -4.467421
-0.889978 -4.474794
-1.138491 -4.481311
-1.432763 -4.489028
-1.740090 -4.497088
-1.982051 -4.503433
-2.204377 -4.509264
-2.511704 -4.517323
-2.779827 -4.524355
-3.080601 -4.532243
-3.296374 -4.537901
-3.610280 -4.546134
-3.793363 -4.550935
-4.068001 -4.558137
-4.296867 -4.564139
-4.610748 -4.572371
-4.833074 -4.578201
-5.048809 -4.583859
-5.369192 -4.592261
-5.604624 -4.598435
-5.852998 -4.604949
-6.094870 -4.611292
-6.369469 -4.618493
-6.630975 -4.625351
-6.879412 -4.631867
-7.140892 -4.638724
-7.428560 -4.646268
-7.735837 -4.654326
-7.990853 -4.661014
-8.245818 -4.667700
-8.592414 -4.676790
-8.860498 -4.683820
-9.161272 -4.691708
-9.357423 -4.696852
-9.658198 -4.704740
-9.860940 -4.710057
-10.122497 -4.716916
-10.370985 -4.723433
-10.573690 -4.728749
-10.835259 -4.735608
-11.037989 -4.740925
-11.306061 -4.747955
-11.548021 -4.754301
-11.783390 -4.760473
-12.051525 -4.767505
-12.241149 -4.772478
-12.476556 -4.778651
-12.705410 -4.784653
-12.953860 -4.791169
-13.208889 -4.797857
-13.457339 -4.804372
-13.725436 -4.811403
-13.973927 -4.817920
-14.248544 -4.825122
-14.464297 -4.830780
-14.810881 -4.839869
-15.079000 -4.846900
-15.477970 -4.857363
-15.844262 -4.866969
-16.171273 -4.875545
-16.465549 -4.883263
-16.661705 -4.888407
-16.988676 -4.896982
-17.243694 -4.903670
-17.452967 -4.909158
-17.734157 -4.916532
-18.008806 -4.923735
-18.257319 -4.930252
-18.473119 -4.935911
-18.715133 -4.942258
-18.904793 -4.947232
-19.133668 -4.953234
-19.427969 -4.960952
-19.650288 -4.966782
-19.951090 -4.974671
-20.389060 -4.986157
-20.631019 -4.992502
-21.153900 -5.006215
-21.415493 -5.013075
-21.683624 -5.020107
-21.912463 -5.026108
-22.108601 -5.031252
-22.357075 -5.037768
-22.605536 -5.045747
-22.880160 -5.562888
-23.180916 -6.129238
-23.462130 -6.658788
-23.690956 -7.089688
-23.932860 -7.545216
-24.148646 -7.951559
-24.351336 -8.333241
-24.573690 -8.751954
-24.959478 -9.478427
-25.136060 -9.810946
-25.351864 -10.217326
-25.626497 -10.734483
-25.848897 -11.153281
-26.058216 -11.547447
-26.254488 -11.917045
-26.058011 -7.937448
-25.822443 -3.166052
-25.527992 0.867809
-25.286035 0.891374
-25.037529 0.915577
-24.782493 0.940415
-24.494773 0.968437
-24.265905 0.990727
-23.978193 1.018748
-23.710085 1.044860
-23.448514 1.070335
-23.147727 1.099629
-22.879592 1.125743
-22.650743 1.148031
-22.376107 1.174779
-22.134148 1.198344
-21.885670 1.222544
-21.617540 1.248658
-21.355992 1.274130
-21.061724 1.302790
-20.780546 1.330174
-20.558224 1.351827
-20.270462 1.379853
-19.995827 1.406600
-19.747361 1.430799
-19.492318 1.455638
-19.230745 1.481113
-18.936479 1.509773
-18.661804 1.536524
-18.426415 1.559449
-18.190986 1.582378
-17.857455 1.614861
-17.602413 1.639700
-17.327770 1.666449
-17.066202 1.691923
-16.817688 1.716127
-16.516858 1.745425
-16.222575 1.774086
-15.980625 1.797650
-15.679788 1.826949
-15.411628 1.853066
-15.091207 1.884273
-14.849221 1.907840
-14.600682 1.932046
-14.312976 1.960067
-14.031735 1.987457
-13.770140 2.012935
-13.502030 2.039047
-13.233908 2.065160
-12.965773 2.091274
-12.678029 2.119298
-12.429515 2.143501
-12.109107 2.174707
-11.860594 2.198910
-11.605578 2.223747
-11.285156 2.254953
-11.017060 2.281064
-10.768546 2.305267
-10.506977 2.330742
-10.238880 2.356853
-9.938068 2.386150
-9.696107 2.409715
-9.414929 2.437099
-9.166428 2.461301
-8.872169 2.489960
-8.604047 2.516073
-8.388248 2.537090
-8.094002 2.565747
-7.773556 2.596957
-7.531621 2.620519
-7.224268 2.650453
-6.982320 2.674017
-6.688061 2.702675
-6.485382 2.722415
-6.197651 2.750438
-5.962256 2.773363
-5.713768 2.797564
-5.412918 2.826865
-5.098999 2.857438
-4.778578 2.888645
-4.523562 2.913481
-4.268546 2.938318
-3.967696 2.967618
-3.568941 3.006454
-3.261589 3.036388
-3.013088 3.060590
-2.744978 3.086702
-2.483409 3.112177
-2.221865 3.137649
-1.921040 3.166947
-1.633309 3.194970
-1.358671 3.221718
-1.097115 3.247191
-0.842099 3.272028
-0.567474 3.298774
-0.325514 3.322339
-0.063945 3.347814
0.256464 3.379019
0.531114 3.405768
0.805751 3.432516
1.073836 3.458625
1.322337 3.482827
1.577353 3.507664
1.865097 3.535688
2.126653 3.561162
2.388222 3.586637
2.643226 3.611472
2.904807 3.636948
3.185998 3.664334
3.408324 3.685987
3.696005 3.714005
3.885667 3.732476
4.193019 3.762410
4.461129 3.788522
4.689996 3.810812
5.010417 3.842018
5.271960 3.867491
5.533530 3.892966
5.801639 3.919078
6.095924 3.947739
6.357480 3.973212
6.632105 3.999959
6.939458 4.029892
7.201027 4.055367
7.482205 4.082752
7.730681 4.106951
8.018386 4.134972
8.279968 4.160448
8.567699 4.188471
8.842337 4.215218
9.117000 4.241968
9.358973 4.265535
9.666326 4.295469
9.954031 4.323489
10.215601 4.348964
10.529494 4.379535
10.817250 4.407560
11.065751 4.431762
11.294631 4.454053
11.621618 4.485899
11.870106 4.510100
12.105488 4.533024
12.399785 4.561687
12.687516 4.589710
12.949110 4.615187
13.269544 4.646395
13.478777 4.666772
13.799172 4.697977
14.073835 4.724727
14.283093 4.745107
14.583893 4.774402
14.819300 4.797329
15.100516 4.824718
15.342476 4.848283
15.623642 4.875666
15.891764 4.901779
16.225279 4.934261
16.486810 4.959732
16.735298 4.983933
17.016476 5.011317
17.304207 5.039340
17.565751 5.064813
17.853419 5.092829
18.134571 5.120211
18.396039 5.145676
18.644426 5.169867
18.905906 5.195334
19.180454 5.222073
19.481140 5.251357
19.729526 5.275548
19.951776 5.297193
20.239406 5.325206
20.468209 5.347490
20.723212 5.372325
21.037055 5.402891
21.272449 5.425817
21.579713 5.455742
21.821635 5.479304
22.096260 5.506050
22.390456 5.534702
22.612744 5.556351
23.018217 5.595841
23.273207 5.620676
23.547845 5.647423
23.835551 5.675444
24.129784 5.704100
24.352085 5.725750
24.692140 5.758869
24.907926 5.779885
25.254445 5.813633
25.568338 5.844204
25.790652 5.865856
26.163346 5.902153
26.405281 5.925716
26.732255 5.957561
27.039570 5.987491
27.327276 6.015511
27.608454 6.042896
27.928887 6.231490
28.242755 6.767579
28.478162 7.169656
28.772422 7.672252
29.112464 8.253047
29.406672 8.755557
29.733608 9.313966
30.014748 9.794155
30.328616 10.330244
30.616347 10.821691
30.943283 11.380100
31.211368 11.837990
31.557925 12.429913
31.852184 12.932510
32.120281 13.390421
32.512584 14.060478
32.878789 14.685958
33.166494 15.177361
33.388821 15.557096
33.212265 12.695054
33.035723 9.833218
32.728395 4.851305
32.453732 0.398897
32.120218 -3.599454
31.734366 -3.609641
31.322150 -3.620524
31.060352 -3.627436
30.752771 -3.635557
30.451908 -3.643500
30.210011 -3.649886
29.902747 -3.657998
29.582440 -3.666455
29.255453 -3.675088
28.889249 -3.684756
28.562313 -3.693387
28.281198 -3.700809
27.973934 -3.708921
27.653564 -3.717380
27.372361 -3.724804
27.078115 -3.732572
26.731557 -3.741722
26.437285 -3.749491
26.110311 -3.758123
25.750685 -3.767618
25.495644 -3.774351
25.181763 -3.782638
24.926760 -3.789371
24.632501 -3.797140
24.357851 -3.804391
24.122456 -3.810605
23.854346 -3.817684
23.579722 -3.824934
23.298531 -3.832358
23.056596 -3.838745
22.788461 -3.845825
22.526904 -3.852730
22.245726 -3.860153
21.977604 -3.867232
21.716060 -3.874137
21.454466 -3.881044
21.186369 -3.888122
20.905203 -3.895545
20.650149 -3.902279
20.414742 -3.908494
20.074712 -3.917471
19.826237 -3.924031
19.590791 -3.930247
19.316167 -3.937498
19.008827 -3.945612
18.786488 -3.951482
18.511825 -3.958733
18.217566 -3.966502
17.975631 -3.972889
17.707496 -3.979968
17.419790 -3.987564
17.132046 -3.995161
16.916260 -4.000858
16.589286 -4.009491
16.308083 -4.016915
16.059556 -4.023476
15.758731 -4.031418
15.484018 -4.038671
15.189721 -4.046441
14.928139 -4.053347
14.646948 -4.060771
14.372311 -4.068022
14.123810 -4.074582
13.836078 -4.082179
13.548373 -4.089775
13.260642 -4.097371
12.972923 -4.104967
12.685179 -4.112564
12.443206 -4.118952
12.188215 -4.125684
11.900497 -4.133281
11.599672 -4.141223
11.338103 -4.148129
11.076559 -4.155034
10.828071 -4.161594
10.507663 -4.170053
10.265702 -4.176441
10.017239 -4.183001
9.768751 -4.189561
9.481033 -4.197158
9.160599 -4.205617
8.912123 -4.212177
8.624418 -4.219773
8.375917 -4.226334
8.081658 -4.234103
7.807008 -4.241354
7.551991 -4.248087
7.303478 -4.254648
6.996163 -4.262761
6.721526 -4.270012
6.459969 -4.276917
6.139574 -4.285376
5.904192 -4.291591
5.675363 -4.297632
5.413807 -4.304538
5.139182 -4.311788
4.929950 -4.317312
4.629175 -4.325253
4.367644 -4.332158
4.099535 -4.339236
3.824910 -4.346486
3.530638 -4.354256
3.262516 -4.361334
3.027134 -4.367549
2.752458 -4.374801
2.471268 -4.382224
2.183562 -4.389820
1.967776 -4.395517
1.647342 -4.403977
1.385773 -4.410883
1.130732 -4.417616
0.869175 -4.424522
0.633768 -4.430737
0.319900 -4.439023
0.064846 -4.445757
-0.209791 -4.453008
-0.484442 -4.460259
-0.726364 -4.466646
-1.027189 -4.474588
-1.275690 -4.481149
-1.550327 -4.488400
-1.792237 -4.494786
-2.079968 -4.502383
-2.335022 -4.509116
-2.583510 -4.515677
-2.864676 -4.523100
-3.165488 -4.531042
-3.420529 -4.537775
-3.695141 -4.545025
-3.963251 -4.552104
-4.250957 -4.559700
-4.532185 -4.567124
-4.780648 -4.573684
-5.061826 -4.581108
-5.382235 -4.589567
-5.637289 -4.596301
-5.931535 -4.604069
-6.193104 -4.610975
-6.467754 -4.618226
-6.716230 -4.624786
-6.938569 -4.630656
-7.245921 -4.638770
-7.514031 -4.645849
-7.775600 -4.652755
-7.997939 -4.658625
-8.292224 -4.666394
-8.579942 -4.673990
-8.821890 -4.680378
-9.129217 -4.688492
-9.403893 -4.695744
-9.672002 -4.702822
-9.946602 -4.710072
-10.214712 -4.717150
-10.495904 -4.724574
-10.790157 -4.732343
-11.077863 -4.739939
-11.345973 -4.747017
-11.601004 -4.753750
-11.882201 -4.761174
-12.137229 -4.767907
-12.392252 -4.774640
-12.647280 -4.781373
-12.954598 -4.789487
-13.196547 -4.795875
-13.477738 -4.803298
-13.752382 -4.810549
-13.961605 -4.816073
-14.210082 -4.822633
-14.458586 -4.829194
-14.785555 -4.837826
-15.034042 -4.844387
-15.308682 -4.851638
-15.563713 -4.858371
-15.851441 -4.865967
-16.093379 -4.872355
-16.354955 -4.879261
-16.609977 -4.885993
-16.851949 -4.892382
-17.100400 -4.898941
-17.348891 -4.905502
-17.623533 -4.912753
-17.858956 -4.918968
-18.146662 -4.926564
-18.454032 -4.934679
-18.735210 -4.942102
-18.990215 -4.948835
-19.258337 -4.955914
-19.519896 -4.962819
-19.781451 -4.969724
-20.049562 -4.976803
-20.258834 -4.982328
-20.546578 -4.989925
-20.814723 -4.997004
-21.056716 -5.003393
-21.285625 -5.009437
-21.514538 -5.015480
-21.756488 -5.021868
-21.965726 -5.027392
-22.194580 -5.033434
-22.488811 -5.041202
-22.737235 -5.293748
-22.939870 -5.675327
-23.260225 -6.278584
-23.547845 -6.820197
-23.822433 -7.337270
-24.031604 -7.731159
-24.299638 -8.235890
-24.574200 -8.752915
-24.855331 -9.282310
-25.103774 -9.750149
-25.365307 -10.242640
-25.613727 -10.710436
-25.836019 -11.129031
-26.097591 -11.621594
-26.365662 -12.126397
-26.620625 -12.606514
-26.823292 -12.988153
-27.104462 -13.517622
-27.333277 -13.948500
-27.065180 -8.518245
-26.705452 -1.232032
-26.417701 0.876133
-26.156094 0.901154
-25.691796 0.945560
-25.417154 0.971827
-25.122894 0.999971
-24.854774 1.025614
-24.625922 1.047502
-24.397049 1.069392
-24.135472 1.094409
-23.795434 1.126931
-23.468481 1.158201
-23.233071 1.180716
-22.951881 1.207610
-22.736092 1.228248
-22.520286 1.248888
-22.252193 1.274529
-21.997152 1.298922
-21.742109 1.323315
-21.474007 1.348956
-21.199363 1.375224
-20.937789 1.400241
-20.663145 1.426509
-20.401563 1.451527
-20.113850 1.479044
-19.858808 1.503437
-19.584137 1.529707
-19.302978 1.556597
-19.015244 1.584117
-18.753659 1.609135
-18.498617 1.633528
-18.210884 1.661047
-17.936238 1.687315
-17.700800 1.709832
-17.406523 1.737977
-17.144950 1.762995
-16.909541 1.785510
-16.628349 1.812403
-16.307935 1.843048
-16.052898 1.867440
-15.745540 1.896837
-15.470920 1.923102
-15.209350 1.948119
-14.954339 1.972508
-14.653506 2.001280
-14.405026 2.025046
-14.117244 2.052570
-13.901420 2.073211
-13.626744 2.099482
-13.358647 2.125123
-13.044729 2.155147
-12.796266 2.178910
-12.521603 2.205179
-12.253493 2.230822
-11.998477 2.255212
-11.776139 2.276477
-11.534178 2.299618
-11.207204 2.330891
-10.932541 2.357160
-10.638333 2.385298
-10.357091 2.412197
-10.069398 2.439712
-9.833991 2.462227
-9.559341 2.488495
-9.278150 2.515389
-9.029662 2.539154
-8.761552 2.564797
-8.493443 2.590439
-8.212264 2.617332
-7.957249 2.641722
-7.702220 2.666113
-7.447178 2.690506
-7.179094 2.716146
-6.884810 2.744292
-6.623266 2.769306
-6.348616 2.795574
-6.119749 2.817463
-5.851639 2.843106
-5.590070 2.868123
-5.380825 2.888135
-5.047310 2.920033
-4.831537 2.940670
-4.530725 2.969440
-4.262615 2.995083
-3.987978 3.021350
-3.739477 3.045117
-3.477920 3.070132
-3.229445 3.093897
-2.915552 3.123918
-2.660523 3.148310
-2.353196 3.177703
-2.098154 3.202096
-1.823517 3.228362
-1.594650 3.250252
-1.306919 3.277771
-1.006119 3.306540
-0.757618 3.330307
-0.509143 3.354071
-0.254102 3.378464
0.033604 3.405981
0.321323 3.433498
0.563258 3.456637
0.831380 3.482281
1.092949 3.507298
1.334872 3.530436
1.622603 3.557955
