0.000000 0.000000
0.000000 0.233209
0.176555 0.233054
0.353124 0.232626
0.529704 1.149058
0.706234 3.001310
0.889330 5.739325
1.065847 5.702512
1.248893 3.014617
1.425385 1.255709
1.628076 0.481420
1.804708 0.785843
1.987804 2.207229
2.177352 2.206587
2.367090 0.827559
2.556599 0.751463
2.759304 1.847545
2.948889 3.933866
3.131998 6.886336
3.308490 10.691506
3.485071 15.699567
3.681209 16.014211
3.857739 11.050983
4.073462 7.224998
4.263073 4.948197
4.472254 4.015116
4.674972 4.500017
4.864633 6.222699
5.047679 9.041094
5.224259 13.108482
5.413845 18.539085
5.603431 18.368415
5.806224 12.926724
5.989231 9.109013
6.165748 6.500670
6.348768 5.048587
6.544920 4.959340
6.767208 6.250667
6.963385 8.595754
7.139902 11.862572
7.316445 16.216620
7.499477 21.931338
7.695667 29.304394
7.904912 37.450398
8.081442 46.120994
8.264563 55.925023
8.447646 66.715579
8.630768 78.721174
8.820404 93.467864
9.049258 108.847159
9.225852 108.140190
9.422041 93.835020
9.605099 81.399386
9.781654 70.072970
9.964699 59.318986
10.160876 49.879303
10.337368 41.303977
10.553154 33.793083
10.736199 27.504106
10.971492 22.038219
11.213389 18.398312
11.468430 16.777533
11.703876 17.264007
11.958942 19.352421
12.155183 22.507204
12.338241 26.723010
12.521375 32.183729
12.710960 39.205689
12.913652 47.963893
13.122923 59.433311
13.371347 72.302249
13.574014 85.173200
13.770166 98.389391
13.946657 114.216328
14.175511 131.249460
14.352029 148.239954
14.548129 148.562212
14.737753 131.670988
14.920925 116.330702
15.104008 102.455678
15.280589 87.945887
15.522499 74.080911
15.725178 61.463839
15.999701 50.268060
16.222028 41.663860
16.490048 34.321384
16.803853 29.739106
17.130738 28.630540
17.405299 30.097450
17.634153 32.752443
17.810620 36.443481
18.006797 41.587530
18.209463 48.600883
18.438330 57.141682
18.647575 67.227784
18.876404 77.729867
19.052959 88.137300
19.236068 100.151071
19.432207 113.428859
19.621830 127.559026
19.811467 142.466229
19.994524 141.726338
20.197204 126.725587
20.373785 113.884393
20.550315 101.894055
20.733385 90.793143
20.916417 79.578025
21.151774 68.489524
21.393658 59.188974
21.635580 51.929223
21.870835 46.300459
22.158554 42.657599
22.433140 41.555667
22.648926 42.633568
22.910457 45.507944
23.132809 49.431027
23.315879 54.649800
23.525099 61.076379
23.708208 68.580597
23.904346 77.250658
24.087404 87.171520
24.283568 98.260794
24.466677 110.133786
24.649735 123.386378
24.839384 137.512875
25.015901 152.221932
25.192482 167.980375
25.369037 167.713567
25.552171 150.981188
25.748412 135.042043
25.944576 120.958635
26.127685 108.440064
26.317296 97.177017
26.500366 86.760484
26.709535 76.787359
26.938338 67.652344
27.206410 61.134783
27.382927 56.449593
27.722881 53.427613
27.912479 53.490477
28.226296 55.457161
28.455150 59.427487
28.710115 65.572897
28.965068 72.627273
29.161232 80.314576
29.363899 89.387180
29.566553 99.881072
29.775849 111.603900
29.978528 123.470119
30.155045 135.502805
30.331575 148.455267
30.508169 162.599504
30.691252 162.889618
30.867795 149.117261
31.044388 135.964352
31.233961 121.609600
31.488939 108.342266
31.691593 97.868092
31.907378 89.300058
32.083858 82.754172
32.260400 76.101317
32.534936 70.685132
32.724560 67.412410
32.999172 65.675961
33.267282 66.609173
33.568068 69.827961
33.810016 74.348717
34.012759 81.154365
34.280805 89.706899
34.490000 98.389666
34.679636 108.289022
34.882290 119.854676
35.084956 131.885660
35.261525 144.212747
35.438029 158.661071
35.640708 174.529109
35.823842 190.778279
36.006900 191.092028
36.183443 174.946847
36.373105 159.744367
36.556213 146.287824
36.732743 133.642306
36.928895 121.850723
37.118519 109.814457
37.386552 98.310773
37.634989 88.794056
37.948806 82.409623
38.125336 78.703861
38.511048 77.218612
38.837972 79.475384
39.125627 83.772819
39.361021 89.491765
39.589875 96.183126
39.785976 103.250440
39.962506 112.446279
40.197888 122.737721
40.374456 133.033482
40.564041 145.380776
40.773312 159.322024
40.975991 173.233382
41.152572 187.169442
41.329077 202.019313
41.505581 217.790605
41.682187 234.804556
41.865220 255.520033
42.094099 278.820107
42.303382 300.876848
42.486517 323.329743
42.682719 348.499179
42.891977 375.282765
43.094707 406.135985
43.343195 440.330039
43.578678 469.710797
43.755234 499.807728
44.003760 538.417452
44.304572 576.276443
44.546533 615.573063
44.873520 651.018637
45.063232 652.181394
45.239800 628.661873
45.422896 605.683491
45.606005 584.069169
45.782522 563.424281
45.965618 541.678036
46.181366 519.102283
46.403628 498.509118
46.606282 477.937962
46.861235 457.480750
47.096477 436.211431
47.429852 413.140473
47.795980 396.785475
47.992132 386.142795
48.227513 375.909304
48.469436 366.955511
48.730954 360.364051
48.920565 355.411875
49.195190 351.494053
49.450244 349.706383
49.692179 349.726981
49.953735 351.206881
50.202224 353.839312
50.463869 357.522025
50.725489 362.212512
50.987122 367.911275
51.248780 374.330095
51.490791 382.373475
51.791705 390.539369
51.987869 398.350787
52.216748 406.358073
52.393304 414.006821
52.576412 422.749969
52.779104 431.846691
52.955660 441.701177
53.164930 452.253655
53.341473 463.176090
53.524569 475.506999
53.707640 489.071294
53.890761 503.582519
54.067304 519.301402
54.250361 538.173823
54.466147 558.033229
54.642664 579.449428
54.858463 604.967572
55.080713 632.659528
55.303090 660.791727
55.505756 694.561254
55.780368 735.501737
56.054993 770.690994
56.238038 804.491604
56.493080 839.554091
56.695784 877.716500
56.996571 918.503947
57.238506 923.732586
57.415125 898.612943
57.591681 874.641028
57.768274 850.612858
57.964464 826.664633
58.160666 804.126754
58.356932 782.348391
58.566215 759.047025
58.827708 738.920381
59.004213 719.934111
59.291842 699.471315
59.559927 683.892120
59.775700 671.146786
60.024200 659.990499
60.253143 650.197281
60.560521 642.720167
60.782924 638.167876
61.109949 635.830924
61.358437 635.876911
61.606963 637.015274
61.920780 638.958714
62.221542 641.371002
62.476532 644.344244
62.757647 647.984925
63.025693 651.860412
63.260999 656.815474
63.581305 662.676170
63.849364 668.588964
64.110832 675.795134
64.431202 682.776314
64.633894 688.725908
64.843114 696.949294
65.163497 706.205547
65.405394 713.765626
65.595043 721.504604
65.823859 732.649399
66.163914 746.224243
66.464650 759.607788
66.719666 771.992282
66.915843 783.842257
67.105441 798.487366
67.347363 814.076929
67.530472 828.653707
67.713581 845.701039
67.929366 864.772329
68.132058 883.151720
68.308652 901.601084
68.491735 923.583889
68.714036 946.268125
68.890604 967.384719
69.067134 990.268740
69.256770 1014.972959
69.446394 1040.833717
69.642571 1068.139143
69.851905 1070.609143
70.028410 1046.286125
70.231114 1022.546048
70.414248 1000.675470
70.603834 979.797403
70.786955 958.300579
71.009243 936.957270
71.211935 918.140246
71.408061 898.623008
71.656473 881.120039
71.832914 863.591845
72.126945 847.063237
72.310003 834.540676
72.532291 821.954062
72.761119 809.995939
73.022663 799.783084
73.244951 791.053636
73.532619 783.582925
73.794150 778.711641
74.029557 775.853618
74.245292 774.570690
74.526521 774.800069
74.768418 776.252510
75.016919 778.690497
75.317744 781.775580
75.572810 784.976539
75.795162 788.657348
76.043714 793.387058
76.324917 798.770996
76.579971 804.095075
76.802348 811.195324
77.148919 818.757636
77.364730 825.508004
77.606690 832.694124
77.822476 840.020594
78.044777 848.131575
78.280209 859.307317
78.633282 869.846932
78.809850 879.014332
79.064853 890.486060
79.326384 900.949516
79.516046 910.614358
79.725266 920.760126
79.914953 931.897742
80.124173 943.854130
80.300741 957.027359
80.503458 973.606009
80.732338 991.773169
80.935055 1011.080440
81.150879 1032.277147
81.360099 1052.891868
81.536692 1074.181551
81.732869 1097.918227
81.929059 1123.495087
82.131776 1149.558122
82.314834 1177.911391
82.530632 1179.397047
82.726809 1152.201813
82.916484 1125.958913
83.119239 1101.064026
83.308888 1076.877313
83.524674 1052.368447
83.747102 1030.513606
83.943330 1012.105030
84.126387 994.237205
84.342084 973.825971
84.629727 955.165922
84.852065 940.947896
85.074354 928.360518
85.303296 916.699395
85.571419 906.714552
85.826575 899.587517
86.062045 894.556006
86.349853 891.704496
86.696436 891.324513
86.938358 892.230191
87.199940 893.836181
87.507229 895.747784
87.716423 898.327831
88.036806 901.495961
88.272137 905.173009
88.572861 909.724679
88.853988 914.089751
89.069685 919.045756
89.357302 924.941731
89.618820 931.343664
89.899947 938.184366
90.154887 945.394397
90.422971 952.999543
90.671396 960.469852
90.900275 968.268753
91.142185 977.794744
91.442959 986.546099
91.619514 993.724745
91.815666 1002.367997
92.051048 1014.074316
92.351873 1028.033388
92.613391 1041.442930
92.822624 1053.881280
93.005719 1068.248580
93.234586 1084.504494
93.437278 1101.041432
93.639983 1118.160055
93.829619 1135.466551
94.012766 1154.815071
94.221986 1175.559935
94.411622 1195.627779
94.588165 1216.306777
94.771248 1238.317486
94.954369 1263.014983
95.163615 1288.577911
95.346698 1288.752539
95.529743 1264.956528
95.719341 1240.999828
95.922059 1218.844864
96.098614 1198.492055
96.288288 1177.767711
96.490904 1155.976374
96.726286 1134.328496
96.955165 1116.107978
97.144637 1100.256973
97.347227 1081.046743
97.667508 1063.958897
97.850579 1051.261808
98.092463 1038.909243
98.308223 1026.995958
98.609010 1016.803106
98.818192 1009.229409
99.086264 1002.686059
99.341280 998.172780
99.609364 995.658622
99.818584 994.959210
100.067059 995.565113
100.302466 997.325314
100.590223 999.976901
100.877929 1003.191110
101.146051 1006.712066
101.388037 1010.515884
101.623508 1015.203785
101.904736 1020.259842
102.127075 1025.753823
102.395198 1032.579092
102.682891 1039.371090
102.905242 1046.174839
103.153743 1054.066599
103.415287 1062.494179
103.663788 1071.854052
103.944979 1081.251009
104.167229 1089.618951
104.369997 1098.106635
104.579242 1109.602908
104.899625 1122.502009
105.148139 1134.204387
105.390036 1145.732861
105.605872 1157.057186
105.802011 1170.278935
106.030916 1186.023677
106.253255 1201.406336
106.429848 1216.593665
106.612919 1233.568205
106.802593 1251.777164
106.985664 1271.630878
107.181904 1292.740754
107.364974 1314.376223
107.548083 1336.796656
107.724638 1359.953796
107.901143 1384.241296
108.077737 1383.343574
108.267398 1356.917529
108.463563 1331.812870
108.653237 1308.833497
108.836371 1287.851422
109.012952 1266.041218
109.235342 1244.878062
109.425029 1226.811224
109.614614 1208.989666
109.830311 1188.113379
110.144128 1167.910952
110.405647 1153.775685
110.608377 1142.113639
110.856979 1130.630407
111.144787 1121.477764
111.399955 1115.285080
111.668077 1111.489329
111.929672 1110.076860
112.178173 1110.264528
112.426661 1111.537305
112.786274 1113.434623
113.054371 1115.528014
113.296243 1118.311255
113.597055 1121.430707
113.819305 1125.167724
114.126531 1129.444028
114.361887 1134.255287
114.662585 1139.946125
114.937134 1145.636440
115.185546 1151.509895
115.433958 1158.185159
115.708557 1165.807698
115.989697 1173.569626
116.238122 1181.868208
116.519312 1190.525808
116.761196 1199.470761
117.029293 1208.356700
117.245092 1217.444844
117.500070 1226.226041
117.683166 1237.431190
118.003587 1252.631680
118.284727 1267.328331
118.507027 1282.638522
118.749026 1298.667562
118.951692 1314.860368
119.160950 1333.451248
119.389842 1352.102021
119.572964 1370.099891
119.762524 1390.494848
119.971845 1411.613729
120.154890 1434.307921
120.370702 1457.653804
120.547270 1479.664169
120.723800 1502.478297
120.900355 1527.471652
121.103136 1552.485529
121.279742 1580.735267
121.534847 1615.568620
121.816127 1645.507795
121.999261 1680.540770
122.365529 1717.812133
122.587817 1748.530684
122.855926 1779.014794
123.078240 1806.816107
123.307094 1835.591457
123.549054 1864.525894
123.784436 1895.931791
124.072117 1925.141623
124.274796 1949.840755
124.490582 1973.219656
124.673716 1973.499154
124.856837 1952.821769
125.046422 1932.477360
125.242612 1913.808082
125.419142 1897.073276
125.595710 1881.238215
125.772278 1865.789783
125.961838 1850.075512
126.171071 1835.015022
126.373674 1821.605949
126.569686 1808.641291
126.798464 1796.717183
127.001130 1785.399972
127.269113 1772.072960
127.680987 1761.594443
127.929437 1756.131170
128.171321 1752.456072
128.413218 1750.473115
128.655115 1750.157070
128.896986 1751.148617
129.145436 1752.845502
129.413470 1754.839591
129.661945 1757.389303
129.975788 1760.262357
130.224238 1762.960005
130.446564 1765.883956
130.688512 1769.191644
130.930472 1772.666730
131.159364 1776.572423
131.420933 1781.095392
131.689069 1785.747888
131.930991 1790.581798
132.186020 1796.050660
132.460657 1801.307009
132.669915 1806.871042
132.944552 1813.246203
133.199594 1819.611727
133.448095 1826.909148
133.748894 1834.427286
133.990817 1841.927299
134.265467 1850.025296
134.527049 1857.824517
134.762481 1865.045679
134.971777 1873.190270
135.246478 1883.571160
135.566975 1894.083883
135.828519 1902.626871
136.024798 1911.188839
136.273286 1920.746641
136.508731 1930.446034
136.750666 1940.545497
136.992639 1953.666409
137.358831 1968.326508
137.653141 1981.222306
137.921238 1992.446465
138.130509 2002.840083
138.352860 2014.921927
138.620983 2026.780079
138.817210 2037.939457
139.019940 2050.860934
139.229211 2065.292543
139.431966 2080.728914
139.628194 2098.227297
139.843980 2116.536132
140.027101 2135.707322
140.229882 2156.523653
140.419518 2178.381753
140.615721 2200.733575
140.792302 2223.528637
140.975347 2247.928162
141.158468 2273.542430
141.341564 2307.224617
141.622640 2343.514265
141.838451 2376.221780
142.073859 2410.978364
142.322398 2449.089223
142.610129 2484.990841
142.832442 2522.716891
143.152838 2560.095805
143.375151 2602.239337
143.774058 2647.881953
144.055211 2680.366260
144.264456 2707.793780
144.473727 2732.863194
144.650257 2733.174813
144.826838 2711.503281
145.003406 2690.911955
145.179986 2671.400755
145.356555 2651.690304
145.559297 2631.953561
145.762002 2613.639150
145.964783 2596.245273
146.180721 2579.429840
146.409613 2563.695356
146.644957 2548.967418
146.906399 2537.112641
147.102500 2527.557730
147.350950 2518.364068
147.632090 2511.978051
147.821688 2508.044896
148.070113 2505.451306
148.344687 2504.782653
148.671521 2505.186640
148.919946 2505.836733
149.148724 2506.745439
149.449409 2507.903721
149.717468 2509.102879
149.952812 2510.556073
150.246956 2512.281323
150.514964 2514.145432
150.789538 2516.197075
151.057559 2518.324187
151.306035 2520.599099
151.567655 2523.071256
151.822747 2525.753404
152.090907 2529.065989
152.424447 2532.423346
152.666370 2535.553884
152.927926 2539.066476
153.202576 2542.902072
153.483754 2547.133810
153.784529 2551.524160
154.059166 2556.192857
154.366519 2561.124892
154.647697 2565.753302
154.896172 2570.265735
155.144660 2575.256078
155.425851 2579.890156
155.622003 2585.310036
155.962020 2591.709425
156.236619 2597.208657
156.472014 2602.664008
156.727017 2608.652338
156.995063 2615.288582
157.289271 2621.548639
157.511610 2627.920409
157.799253 2635.039586
158.067350 2641.219849
158.270080 2647.652456
158.544679 2654.945960
158.799695 2661.391127
159.002463 2667.027177
159.192023 2672.667741
159.388200 2678.305467
159.571334 2685.754619
159.878674 2694.765438
160.153325 2702.840995
160.388732 2710.127426
160.604530 2717.442383
160.833460 2724.658205
161.036152 2731.324072
161.225852 2737.749534
161.408935 2744.730463
161.624810 2752.041703
161.821012 2760.284013
162.063011 2769.741527
162.272332 2779.095994
162.455466 2789.204807
162.651694 2800.484751
162.841356 2813.724659
163.063733 2828.542199
163.266501 2843.075199
163.449597 2857.568762
163.626203 2873.571188
163.822418 2890.798536
164.005527 2910.053899
164.221312 2929.970391
164.397855 2949.960071
164.594108 2972.245269
164.796749 2994.262325
164.979871 2994.893005
165.156363 2975.588954
165.332981 2957.146993
165.509511 2938.954257
165.699161 2921.656542
165.875716 2905.874193
166.052259 2890.178316
166.248423 2873.713728
166.470686 2858.613112
166.660157 2845.387418
166.862785 2830.828233
167.137283 2817.768918
167.333384 2806.498097
167.607996 2796.742897
167.791028 2788.544169
168.078683 2778.923537
168.529762 2772.503282
168.758565 2770.281760
169.033177 2769.672046
169.268508 2770.477891
169.510405 2771.979509
169.785005 2773.810840
170.059591 2775.589597
170.268786 2777.527454
170.536832 2779.885646
170.804967 2782.246119
171.033821 2785.747257
171.471971 2789.902840
171.772770 2793.428968
172.047408 2796.882834
172.302437 2800.305103
172.544384 2803.807370
172.786332 2807.682980
173.054442 2811.787681
173.302955 2816.259080
173.590687 2820.978091
173.845715 2826.042074
174.146515 2831.500011
174.421127 2836.531483
174.656572 2841.900303
174.944291 2847.227774
175.160051 2852.760720
175.447820 2858.982772
175.709415 2865.269995
175.984103 2871.919882
176.258855 2878.362137
176.500790 2885.003845
176.775440 2891.733644
177.010835 2898.935454
177.305106 2906.407390
177.547054 2913.332794
177.788938 2920.816831
178.057061 2928.878142
178.325107 2936.524300
178.553999 2943.623877
178.776351 2951.189688
179.024775 2959.341645
179.273302 2970.145038
179.665655 2980.021344
179.848764 2986.805867
180.051507 2995.952405
180.358885 3006.462381
180.626982 3016.224608
180.882023 3026.567082
181.169780 3038.142743
181.477120 3050.093545
181.771430 3059.876712
181.961079 3068.901263
182.209542 3078.459939
182.418850 3087.054893
182.615053 3095.484038
182.811229 3103.957632
183.000891 3112.497477
183.177459 3122.998257
183.399811 3134.720407
183.576417 3147.738210
183.792190 3162.736390
183.988392 3178.138949
184.178054 3194.852933
184.374257 3213.160376
184.570433 3232.801386
184.766636 3253.775069
184.962800 3275.294848
185.145909 3297.275251
185.328992 3320.152894
185.512050 3320.805280
185.688605 3298.701315
185.878254 3275.601349
186.094027 3254.155150
186.277148 3235.107693
186.473363 3217.257314
186.656497 3200.954865
186.846172 3183.900277
187.081579 3167.587099
187.290900 3154.608106
187.474009 3143.390672
187.670148 3133.370215
187.853269 3123.869709
188.088651 3115.279664
188.297922 3108.644472
188.520273 3103.122863
188.788421 3099.338166
189.063033 3097.893433
189.278806 3098.000087
189.566499 3098.624021
189.841073 3099.467911
190.141771 3100.365643
190.350953 3101.497583
190.671272 3103.017353
190.971945 3104.653596
191.253046 3106.433304
191.534123 3108.279667
191.782509 3110.252729
192.050543 3112.498140
192.325117 3114.857755
192.580108 3117.294028
192.835085 3119.782697
193.070480 3122.572648
193.351683 3125.984941
193.665564 3129.432134
193.920555 3133.007411
194.221341 3136.616548
194.456774 3140.373129
194.751033 3144.685291
195.038739 3149.099294
195.319917 3153.216741
195.548783 3157.508236
195.829949 3161.941713
196.058841 3167.162679
196.405373 3173.372415
196.719254 3178.599475
196.941580 3183.553528
197.209677 3189.059351
197.471221 3194.809438
197.745820 3201.027205
198.033488 3206.744345
198.249261 3212.872809
198.556512 3219.702592
198.818068 3226.495629
199.105736 3233.548131
199.373820 3240.097020
199.609202 3246.186653
199.831503 3252.770547
200.093059 3259.856757
200.341560 3266.346511
200.550767 3272.108489
200.740455 3278.363494
200.975849 3285.213478
201.198188 3291.889844
201.413961 3300.654026
201.760557 3311.052933
202.067897 3320.527296
202.342547 3329.552879
202.610669 3337.857475
202.833059 3345.863176
203.075032 3353.412409
203.264681 3361.831325
203.526314 3370.835421
203.702920 3380.152627
203.918744 3390.806291
204.108469 3402.458387
204.317752 3416.291280
204.540129 3430.138755
204.716723 3443.629068
204.899819 3458.830366
205.096021 3475.880465
205.298751 3493.067502
205.475332 3510.653243
205.664981 3529.476785
205.848077 3549.638142
206.044229 3570.246123
206.220822 3593.836205
206.462757 3597.087398
206.652368 3576.435107
206.848570 3556.162845
207.051250 3537.566202
207.234346 3519.488268
207.450157 3502.680830
207.626699 3488.508930
207.803306 3473.148407
208.038637 3457.963431
208.241265 3445.327319
208.437302 3434.495036
208.613756 3420.265980
209.005957 3403.409314
209.417869 3392.564357
209.659715 3387.136032
209.855867 3383.168956
210.097776 3380.215768
210.352716 3378.993292
210.653465 3379.435485
210.908379 3380.765990
211.156817 3382.359502
211.405241 3384.193631
211.673300 3386.281763
211.941321 3388.441255
212.183231 3390.815355
212.457843 3393.424937
212.712846 3396.008301
212.948317 3398.953190
213.236048 3402.268158
213.504145 3405.577213
213.759174 3408.798474
213.988066 3412.375606
214.269193 3416.258977
214.517732 3420.235716
214.785816 3424.712788
215.073560 3429.216639
215.322061 3433.806378
215.596699 3438.878911
215.877877 3444.284425
216.165646 3449.701845
216.427177 3455.259798
216.708342 3460.578511
216.930669 3466.233686
217.224940 3472.421955
217.480007 3478.589776
217.754645 3484.856930
218.003171 3491.233306
218.271331 3498.206789
218.552535 3505.200965
218.807602 3511.497818
219.023387 3518.320839
219.304527 3526.038778
219.572599 3533.383476
219.814534 3540.516726
220.056507 3547.604212
220.285323 3555.253809
220.553420 3563.580834
220.815002 3571.453058
221.043843 3579.934040
221.331574 3588.127109
221.534292 3596.166496
221.802389 3604.911690
222.037834 3612.541531
222.234023 3622.346101
222.580594 3632.048431
222.763715 3640.623795
223.038416 3649.184776
223.214997 3657.396624
223.463485 3666.878482
223.698930 3676.256062
223.934350 3685.781072
224.169783 3696.000388
224.431390 3706.098597
224.653754 3715.661081
224.882621 3725.110618
225.091892 3734.855975
225.307716 3745.632919
225.510446 3756.896054
225.693605 3768.570895
225.870148 3781.126805
226.046716 3796.129175
226.255974 3812.306075
226.432542 3828.287503
226.609123 3847.032896
226.818406 3867.309299
227.001464 3887.092633
227.178057 3908.012614
227.361140 3907.250607
227.557330 3884.887897
227.746992 3863.823466
227.943169 3844.645108
228.119711 3827.307191
228.302845 3809.961258
228.505576 3793.576616
228.695212 3777.196579
228.937236 3761.015397
229.166153 3746.617849
229.414692 3734.678624
229.617461 3724.903805
229.852893 3716.457482
230.068666 3709.554457
230.330312 3704.208358
230.578787 3701.293263
230.774926 3700.158094
231.049487 3700.125882
231.297950 3700.711823
231.579090 3701.528026
231.873260 3702.598850
232.187102 3703.687117
232.402901 3704.808538
232.657866 3706.317304
232.965193 3708.034509
233.233278 3709.907531
233.527562 3711.980055
233.802187 3714.216879
234.089867 3716.571344
234.351449 3719.011435
234.619571 3721.816212
234.920346 3724.760274
235.181940 3727.783486
235.463105 3731.253989
235.770407 3735.044153
236.071232 3738.733262
236.332776 3742.240128
236.581239 3745.949628
236.849349 3750.010309
237.123961 3754.132601
237.378989 3758.421690
237.653525 3763.264891
237.954249 3767.817090
238.176460 3772.428322
238.464128 3777.799638
238.751720 3783.295574
239.032796 3788.912681
239.313885 3794.433880
239.568812 3799.985895
239.836846 3805.399186
240.065674 3810.366622
240.281422 3816.371985
240.588698 3823.296629
240.869851 3829.616907
241.111723 3836.106791
241.392901 3842.912794
241.647891 3849.457339
241.896379 3856.772715
242.197153 3863.971582
242.425969 3870.982455
242.700645 3877.936668
242.916380 3885.239750
243.204162 3892.078652
243.380666 3898.170675
243.609559 3906.787639
243.943099 3917.223047
244.276588 3927.164359
244.564345 3936.797653
244.865157 3945.292701
245.074453 3952.611968
245.296855 3960.034806
245.506126 3968.629066
245.767720 3978.353888
245.983633 3988.157092
246.186350 3999.583005
246.415306 4012.420400
246.624564 4025.255289
246.814315 4038.742694
247.010492 4052.966511
247.193562 4067.376590
247.370181 4082.397456
247.546749 4098.891971
247.736385 4116.272920
247.912941 4134.264302
248.096062 4153.126877
248.272618 4173.457248
248.468769 4195.919422
248.678052 4217.973948
248.867701 4248.005822
249.227365 4279.919484
249.456283 4309.302680
249.776691 4338.757314
250.012137 4366.813007
250.312961 4394.924462
250.554922 4420.357489
250.809938 4443.885481
251.019208 4469.418210
251.319983 4496.316668
251.561956 4516.838142
251.738524 4544.331872
252.130852 4573.148875
252.340123 4574.955925
252.516691 4559.131792
252.693246 4543.381967
252.889423 4528.534484
253.065991 4514.238521
253.275262 4500.253084
253.471426 4488.190923
253.654535 4476.119656
253.889942 4464.645872
254.092507 4455.787042
254.268973 4447.513023
254.497840 4440.218551
254.674421 4434.517583
254.877126 4429.605713
255.066787 4425.605496
255.295629 4422.544660
255.524470 4420.914706
255.779422 4420.802087
256.040915 4421.791838
256.269744 4423.277110
256.544343 4424.922872
256.786253 4426.493528
257.001975 4428.226093
257.256902 4430.278114
257.524949 4432.639056
257.819157 4434.904081
258.034904 4437.189342
258.302963 4439.817581
258.564494 4442.516620
258.819523 4445.014751
259.022215 4447.668971
259.283810 4450.538862
259.506187 4453.200294
259.715445 4456.174516
259.970524 4459.111732
260.160122 4462.023607
260.395542 4465.636905
260.670192 4469.469598
260.918668 4473.241153
261.167182 4477.136529
261.415657 4481.264773
261.677239 4485.801824
261.958417 4490.597317
262.233042 4495.429398
262.501139 4499.856699
262.716937 4504.477287
262.991575 4509.787275
263.266212 4514.582485
263.475457 4519.852363
263.782785 4525.649996
264.031260 4531.187578
264.299370 4537.147804
264.573995 4543.027885
264.822470 4549.360651
265.123270 4555.988026
265.384826 4562.461769
265.659464 4568.500262
265.875249 4574.757769
266.156427 4581.550501
266.404928 4588.055644
266.653391 4594.862447
266.914973 4601.705927
267.156908 4609.050320
267.444614 4616.711319
267.699630 4623.953520
267.948080 4632.007353
268.248879 4640.596861
268.523568 4647.841968
268.726222 4655.731877
269.033587 4667.503554
269.471686 4679.504350
269.779013 4687.878905
269.981693 4696.077987
270.269424 4705.051879
270.511384 4713.492553
270.759860 4721.474170
270.969130 4728.750424
271.171810 4736.704435
271.413757 4744.630197
271.609960 4751.571737
271.793030 4760.793894
272.106898 4770.231984
272.296534 4780.082710
272.623559 4792.078406
272.917793 4802.975005
273.179400 4813.509329
273.447535 4823.249053
273.663359 4832.578817
273.905307 4841.463647
274.094994 4849.216501
274.278090 4858.287601
274.526604 4867.858909
274.729346 4876.975386
274.951685 4885.922576
275.134832 4894.535817
275.311413 4904.571238
275.507590 4915.951257
275.690686 4927.893795
275.867305 4942.003049
276.076575 4958.689325
276.285820 4975.958330
276.475495 4993.675887
276.665144 5012.974472
276.861346 5035.757832
277.090188 5059.178597
277.273296 5089.687142
277.593717 5122.917448
277.809528 5148.960877
278.012258 5175.541471
278.241112 5204.238050
278.483060 5234.966416
278.751195 5264.189379
278.973559 5289.609172
279.182805 5316.260085
279.431306 5344.500022
279.673279 5374.593260
279.961023 5403.232414
280.183361 5430.020470
280.444905 5460.378811
280.739152 5487.196051
280.941907 5488.897664
281.118501 5470.469327
281.308175 5452.787163
281.491284 5436.780670
281.667877 5420.572695
281.883688 5404.556298
282.086431 5391.023303
282.269565 5378.369021
282.485389 5367.050851
282.662059 5357.526125
282.858388 5348.418770
283.067862 5340.907672
283.244442 5334.953346
283.434066 5329.200618
283.695623 5324.487269
283.944073 5321.899482
284.218659 5321.092251
284.447463 5321.379780
284.761242 5321.937900
285.016219 5322.555985
285.290730 5323.328529
285.591441 5324.290676
285.918275 5325.272525
286.166687 5326.305193
286.460870 5327.437546
286.715746 5328.561946
286.964196 5329.784262
287.225638 5331.139927
287.493647 5332.526667
287.735531 5333.920398
287.977428 5335.471644
288.245448 5336.991601
288.454681 5338.501144
288.696591 5340.070385
288.905823 5341.512039
289.095409 5343.133470
289.337344 5345.123565
289.605403 5347.302166
289.873487 5349.600690
290.148137 5352.111172
290.442383 5354.595863
290.690846 5357.538243
291.057025 5360.610827
291.312029 5363.233811
291.567057 5366.297929
291.887478 5369.714734
292.188240 5372.988127
292.462903 5376.133612
292.724421 5379.616172
293.038289 5383.152374
293.293317 5386.543209
293.567942 5390.107654
293.836065 5393.902123
294.130311 5397.791952
294.398433 5401.691060
294.679573 5405.829262
294.967292 5409.969308
295.235414 5414.210495
295.523133 5418.859101
295.830460 5423.562686
296.111663 5427.888909
296.360126 5431.864536
296.588980 5436.141458
296.863618 5440.606399
297.105553 5445.278589
297.393271 5449.972158
297.628678 5454.517077
297.890209 5459.568899
298.171349 5464.647033
298.426302 5469.307787
298.655143 5474.047431
298.910185 5479.253663
299.178269 5483.940046
299.374420 5489.182858
299.688326 5494.973004
299.930236 5499.537299
300.119872 5504.594935
300.401063 5509.997740
300.616899 5515.269049
300.878456 5520.604802
301.094229 5525.569204
301.316568 5531.125434
301.578124 5536.288220
301.761233 5541.057708
301.983572 5546.109265
302.186251 5551.380329
302.421722 5556.386525
302.598277 5563.085379
302.964558 5570.009870
303.154182 5574.634434
303.330775 5579.218631
303.513846 5585.631059
303.827828 5593.310984
304.102541 5601.282520
304.429528 5609.357728
304.704179 5617.196734
305.005054 5625.685198
305.318986 5633.733142
305.580542 5641.237958
305.848664 5648.925989
306.116812 5657.235055
306.404594 5665.902589
306.646542 5674.480308
306.868919 5684.376667
307.123948 5694.587174
307.320125 5706.019440
307.581706 5719.406216
307.817152 5732.947527
308.046082 5746.179174
308.242335 5759.604763
308.451580 5774.472485
308.667379 5789.137403
308.850513 5803.791390
309.046715 5820.729697
309.269041 5838.413502
309.465243 5854.838313
309.641799 5871.813317
309.838001 5889.005155
310.014557 5907.031911
310.230368 5907.382372
310.446166 5890.246241
310.629313 5875.451256
310.812409 5860.588363
311.021667 5845.785326
311.230975 5832.894819
311.414058 5821.056886
311.623380 5809.318029
311.839216 5797.160004
312.120293 5784.177695
312.460246 5774.799508
312.643368 5769.461457
312.826464 5764.792467
313.029130 5760.888806
313.231809 5757.752714
313.506358 5755.841149
313.728684 5755.624850
313.983611 5756.542037
314.232011 5757.923407
314.480410 5759.531368
314.774593 5761.056572
314.970719 5762.564274
315.232212 5764.461578
315.519892 5766.478899
315.787926 5768.471466
316.042904 5770.502752
316.297920 5772.733347
316.579047 5774.936620
316.807863 5777.112778
317.062841 5779.268169
317.272073 5781.275908
317.481395 5783.641520
317.749504 5786.417591
318.024116 5789.218689
318.279183 5791.932331
318.521182 5795.263049
318.867803 5799.122066
319.181683 5802.885998
319.489011 5806.399342
319.744052 5809.637834
319.992553 5812.961187
320.247569 5816.867616
320.567990 5820.777945
320.809950 5824.471611
321.084575 5828.590972
321.372281 5832.862918
321.653446 5837.037185
321.915003 5840.734829
322.124261 5844.889132
322.431575 5849.662449
322.706213 5854.049517
322.954701 5858.588787
323.235866 5863.390047
323.503963 5868.115298
323.765545 5872.631767
324.000952 5877.357427
324.275590 5882.162465
324.510984 5886.805077
324.759485 5892.237571
325.066800 5897.893988
325.328382 5903.126715
325.583410 5908.311711
325.831886 5914.278351
326.152294 5920.338997
326.400808 5925.727235
326.649309 5931.196830
326.897784 5937.044676
327.172422 5942.903569
327.414382 5949.162572
327.715182 5955.353443
327.944074 5961.098103
328.199077 5966.835964
328.421390 5973.219972
328.722139 5979.763230
328.951019 5986.079491
329.225631 5992.640210
329.467578 5999.123826
329.729084 6005.515415
329.957951 6011.905500
330.212992 6018.633579
330.461430 6026.344063
330.781876 6037.073211
331.239609 6049.181204
331.645019 6058.223246
331.873911 6064.653258
332.089671 6070.571962
332.279320 6076.451488
332.488553 6082.675696
332.697836 6091.044106
333.044368 6099.187911
333.234030 6106.335841
333.508706 6113.747359
333.711461 6120.934567
333.966515 6130.068694
334.286936 6140.149601
334.594276 6149.395052
334.855845 6158.212993
335.130521 6166.574937
335.359388 6175.028245
335.634051 6183.670407
335.869496 6191.839744
336.111431 6200.310855
336.359919 6208.631756
336.588849 6217.030982
336.837325 6224.800057
337.026987 6233.119110
337.301688 6243.722006
337.582878 6254.181168
337.785621 6264.188813
337.981811 6275.981659
338.204124 6290.093679
338.433080 6305.419159
338.648866 6321.156433
338.851621 6338.209583
339.067445 6355.886398
339.257094 6373.540448
339.446730 6393.266247
339.656014 6413.463944
339.839071 6412.785983
340.041814 6393.860969
340.224885 6377.012680
340.408057 6360.436829
340.610774 6344.496559
340.806989 6330.274271
340.996651 6316.054798
341.232134 6302.580683
341.441430 6291.834537
341.631105 6281.483813
341.886350 6271.196608
342.154764 6262.512396
342.455830 6256.560319
342.678169 6253.208437
342.939789 6251.567258
343.181724 6251.496782
343.456324 6251.937330
343.691629 6252.483029
343.985850 6253.180580
344.279995 6253.989471
344.580718 6254.812382
344.822551 6255.634780
345.070963 6256.578159
345.338959 6257.680393
345.626588 6258.900070
345.907690 6260.150879
346.169158 6261.388294
346.411017 6262.738957
346.685578 6264.200859
346.940518 6265.707744
347.202011 6267.207815
347.430814 6268.673653
347.659643 6270.178253
347.881943 6271.649474
348.084661 6273.249058
348.326583 6275.358021
348.646953 6277.786475
348.947740 6280.191902
349.235420 6282.585244
349.510071 6285.193589
349.823913 6287.741002
350.065848 6290.326189
350.366622 6293.054626
350.621651 6295.949730
350.935519 6299.035759
351.210131 6302.156681
351.510905 6305.295075
351.772461 6308.378017
352.047112 6311.662030
352.328277 6314.994616
352.596374 6318.417644
352.877539 6321.755752
353.119474 6325.223993
353.407205 6328.991433
353.681843 6332.853547
353.969561 6336.571275
354.211509 6340.282253
354.486147 6344.360188
354.767325 6348.577538
355.048490 6353.041116
355.349277 6357.235037
355.584709 6361.576656
355.892024 6365.722012
356.094741 6370.014270
356.408571 6374.817458
356.663600 6379.094474
356.905535 6383.795132
357.199768 6388.512706
357.435188 6393.019991
357.696732 6397.840211
357.958263 6402.740551
358.219807 6407.468465
358.455214 6412.593080
358.749397 6417.464864
358.952089 6422.223744
359.226650 6427.172492
359.442360 6431.928628
359.690797 6437.708829
359.998137 6443.290073
360.220425 6448.256328
360.462322 6454.001847
360.750053 6459.167931
360.933136 6463.823702
361.168518 6469.342261
361.423496 6474.928707
361.658903 6480.665857
361.920511 6486.162469
362.129769 6491.496267
362.371729 6497.359233
362.620192 6503.051634
362.842531 6508.085778
363.032180 6513.337054
363.267625 6519.047380
363.489964 6524.070762
363.666481 6530.831537
364.019681 6539.613205
364.346681 6548.012768
364.660586 6556.094558
364.954896 6563.843133
365.236176 6571.420021
365.510851 6579.269681
365.805110 6587.629721
366.099420 6595.582223
366.328338 6603.498038
366.563770 6611.627238
366.759998 6619.729227
366.956213 6628.790953
367.165484 6640.390522
367.433606 6653.380987
367.662485 6666.499227
367.897931 6679.673677
368.100686 6692.611083
368.303429 6705.318075
368.480023 6718.670052
368.682740 6734.344367
368.905079 6749.690268
369.081660 6764.413299
369.271334 6780.244476
369.460971 6800.418881
369.735621 6804.807488
369.912163 6789.496377
370.095285 6774.491472
370.284908 6760.582816
370.461489 6747.118300
370.664194 6733.697569
370.866937 6720.227170
371.108923 6706.138077
371.383585 6694.604132
371.579699 6685.788681
371.795561 6674.858032
372.200957 6666.063041
372.377513 6661.506731
372.612882 6656.675164
373.050956 6653.848116
373.279772 6653.792498
373.495494 6654.871871
373.789651 6656.407428
374.044616 6657.779351
374.253836 6659.354511
374.547994 6661.063426
374.776810 6662.657824
375.012141 6664.539750
375.299796 6666.653688
375.574408 6668.762355
375.835901 6670.880607
376.090955 6673.142557
376.365592 6675.309891
376.581391 6677.500471
376.842973 6679.756385
377.058809 6682.025445
377.307323 6684.663435
377.582049 6687.488965
377.850171 6690.554023
378.151022 6693.790648
378.432225 6697.021532
378.713429 6700.511858
379.020730 6704.189075
379.314989 6707.771551
379.589665 6711.590585
379.903520 6715.288213
380.145493 6718.683724
380.400497 6722.482683
380.688215 6726.321311
380.936691 6730.208296
381.217856 6734.178605
381.466344 6737.987197
381.714832 6742.187242
382.002538 6746.738523
382.283703 6751.393201
382.571396 6755.926032
382.826425 6760.387351
383.094548 6765.106679
383.369172 6770.154204
383.663406 6774.818849
383.885732 6779.702600
384.193072 6785.347749
384.487318 6790.472277
384.729253 6795.761554
385.030053 6801.199875
385.278541 6806.675694
385.572813 6812.236671
385.821288 6817.898518
386.115547 6824.139117
386.409819 6829.773127
386.638711 6835.068295
386.893714 6840.654042
387.142215 6846.395801
387.403772 6852.444966
387.671894 6858.812485
387.953072 6864.805254
388.181952 6870.493893
388.430440 6877.371439
388.750797 6884.744962
389.031975 6890.756028
389.234655 6897.186857
389.541982 6904.105379
389.777376 6910.700534
390.051976 6918.151847
390.346209 6924.999585
390.568536 6931.410166
390.823539 6938.876880
391.117823 6945.794970
391.327030 6952.070260
391.568965 6959.614145
391.863237 6966.863226
392.078972 6973.161621
392.301324 6979.999466
392.549774 6988.164758
392.857114 6998.487495
393.242952 7007.447007
393.452223 7013.827003
393.661494 7022.295622
394.001523 7030.630918
394.197688 7036.485838
394.374243 7044.479712
394.701268 7054.434513
394.995527 7063.766208
395.276756 7073.096335
395.564462 7082.855928
395.865274 7092.169015
396.120303 7100.246686
396.342667 7107.838358
396.565006 7115.606294
396.793923 7123.208408
397.003156 7132.259906
397.310559 7142.399475
397.559047 7151.863098
397.774871 7162.144287
397.997223 7174.129087
398.226140 7187.295976
398.441951 7200.250216
398.625060 7213.655042
398.821262 7228.291721
399.010911 7243.133977
399.187492 7259.841798
399.396750 7278.131348
399.586387 7297.247606
399.789142 7298.235101
399.972263 7280.445874
400.155397 7263.989551
400.332004 7248.308639
400.521627 7232.677286
400.724383 7217.335223
400.940207 7203.723299
401.129856 7190.958433
401.365339 7178.845598
401.581137 7168.019463
401.836306 7157.876395
402.111299 7148.618123
402.490711 7141.660350
402.915755 7139.035217
403.190367 7139.043647
403.458401 7139.504771
403.700259 7140.074872
403.994442 7140.862912
404.340886 7141.726798
404.615434 7142.553526
404.870361 7143.450398
405.138382 7144.449122
405.406416 7145.529121
405.674398 7146.751296
405.968581 7148.010099
406.216930 7149.393904
406.524206 7150.728915
406.726822 7152.037918
406.994881 7153.480405
407.223671 7154.873337
407.452487 7156.390728
407.700975 7157.970052
407.929817 7159.640000
408.184845 7161.617074
408.479104 7163.852440
408.779878 7166.160156
409.067584 7168.484762
409.348762 7170.930908
409.643009 7173.349227
409.898025 7175.920801
410.205326 7178.797449
410.506126 7181.713686
410.800372 7184.526030
411.061916 7187.185141
411.310392 7189.955815
411.578476 7193.169676
411.892306 7196.510454
412.166994 7199.877260
412.467768 7203.413933
412.755474 7206.843745
413.023571 7210.321829
413.304761 7213.970034
413.585914 7217.574346
413.847483 7221.265331
414.128674 7225.083082
414.396771 7228.750921
414.645246 7232.594011
414.926424 7236.610678
415.188019 7240.512072
415.443022 7244.489892
415.704604 7248.594483
415.966135 7252.829728
416.234245 7257.197779
416.502329 7261.813148
416.790061 7266.625720
417.071239 7271.186406
417.319689 7275.831421
417.600867 7280.432702
417.836261 7284.935924
418.097856 7289.871808
418.372455 7295.011146
418.647093 7299.920629
418.889053 7305.167174
419.189853 7310.943916
419.477533 7316.025875
419.699859 7321.324809
420.000570 7326.621418
420.216343 7331.385198
420.458240 7336.693026
420.719745 7342.282566
420.981289 7348.093692
421.255914 7353.475160
421.471700 7359.007031
421.752903 7365.120997
422.014396 7370.867578
422.256369 7376.383725
422.491789 7381.424103
422.687953 7386.755990
422.942969 7392.611564
423.178376 7398.218683
423.407256 7404.534388
423.695000 7412.638594
424.061166 7419.934441
424.276990 7424.914101
424.453583 7431.891994
424.819826 7441.160945
425.166434 7449.877089
425.480378 7457.571426
425.742037 7465.188651
426.042887 7471.802789
426.225970 7477.918242
426.474496 7484.535241
426.664184 7491.952918
426.912684 7500.047133
427.102410 7508.158949
427.311668 7518.597331
427.573326 7529.332894
427.762975 7539.586300
427.972258 7550.832727
428.174976 7563.788011
428.416974 7577.905288
428.632836 7592.694665
428.868230 7607.325604
429.057880 7621.779346
429.267176 7636.333599
429.443744 7651.543398
429.653014 7668.697171
429.862247 7687.405121
430.091139 7706.292600
430.293894 7723.500366
430.483543 7750.309019
430.915140 7780.698131
431.196331 7804.232535
431.477509 7826.089730
431.726010 7845.519986
431.954877 7865.724816
432.229539 7886.951573
432.491096 7908.103793
432.772274 7929.437402
433.046911 7950.426565
433.328089 7971.318733
433.609280 7990.687753
433.857781 8006.713731
434.053945 8006.566336
434.263190 7993.186237
434.459380 7981.419650
434.649055 7970.605166
434.845231 7960.862057
435.028404 7952.053272
435.224644 7944.118961
435.407778 7936.807719
435.623653 7929.981504
435.839375 7923.489391
436.140212 7918.666676
436.316780 7915.948892
436.539119 7913.948796
436.853038 7913.490301
437.094960 7914.485066
437.363006 7915.870560
437.598376 7917.287260
437.853353 7918.867212
438.121362 7920.324167
438.317475 7921.913291
438.605155 7923.667272
438.833959 7925.643652
439.160793 7927.736721
439.402690 7929.666987
439.664208 7931.661094
439.906118 7933.751844
440.174177 7935.935801
440.422640 7938.133359
440.677605 7940.336015
440.912999 7942.356616
441.115742 7944.431367
441.351162 7946.747293
441.593097 7949.022120
441.808895 7951.389285
442.057409 7953.843828
442.279748 7956.109941
442.482478 7958.826717
442.776737 7961.895165
443.031753 7965.087078
443.332603 7968.748119
443.653012 7972.222917
443.908040 7975.586764
444.195759 7979.108009
444.463894 7982.799816
444.764693 7986.438374
445.013169 7990.118458
445.307466 7994.192356
445.601687 7998.215115
445.876350 8002.084857
446.137894 8005.639970
446.360233 8009.360980
446.634857 8013.748208
446.935644 8018.166429
447.203728 8022.621696
447.498000 8027.048687
447.753016 8031.724439
448.066909 8036.365242
448.308870 8040.871086
448.596601 8045.730879
448.871226 8050.500007
449.139323 8055.287875
449.407407 8060.151044
449.675504 8064.906606
449.924018 8070.106948
450.231332 8075.379525
450.479833 8080.166411
450.728321 8085.600690
451.035636 8090.910033
451.264490 8095.440764
451.486854 8100.766352
451.787641 8106.767274
452.068806 8112.374409
452.323835 8117.990660
452.598498 8123.606555
452.846986 8129.802184
453.167394 8136.071863
453.415883 8141.549226
453.657843 8147.239802
453.919400 8153.447818
454.200565 8159.653862
454.455606 8165.319247
454.684473 8172.147190
455.031069 8178.964916
455.253408 8184.359895
455.475746 8190.534819
455.756899 8197.259976
456.018494 8203.899562
456.286591 8210.360145
456.528538 8217.061681
456.809716 8223.915208
457.058217 8230.846583
457.339383 8237.497517
457.561709 8244.134053
457.836308 8250.473308
458.032510 8257.060307
458.320216 8264.420949
458.568666 8271.404552
458.823695 8278.268676
459.059051 8285.012916
459.301075 8292.286236
459.569122 8298.959083
459.765298 8305.507187
460.020365 8312.487452
460.242717 8318.752725
460.445396 8325.654937
460.706965 8332.804711
460.922776 8338.825641
461.105872 8344.691039
461.308577 8351.299649
461.537495 8357.751180
461.727131 8363.945062
461.936363 8372.654572
462.282972 8381.112848
462.472596 8389.352972
462.799595 8397.539595
462.982742 8405.812358
463.309665 8417.153421
463.675844 8426.323291
463.865481 8435.049922
464.198983 8445.379600
464.480173 8455.480882
464.794079 8465.670039
465.075283 8476.070921
465.395716 8486.100350
465.650758 8494.371640
465.866518 8501.741597
466.056180 8509.478186
466.252357 8520.044664
466.513939 8532.814489
466.742793 8544.815769
466.925939 8556.534276
467.109073 8569.913433
467.311778 8584.013285
467.488346 8599.180935
467.691026 8615.870533
467.880675 8633.352073
468.076826 8656.165751
468.351527 8678.882161
468.528070 8698.543132
468.737328 8722.567972
469.005425 8746.309298
469.214695 8768.421571
469.456618 8794.004688
469.744349 8819.530348
469.992824 8843.713561
470.260934 8866.938478
470.496341 8888.317817
470.731748 8910.823247
470.999896 8933.840147
471.254912 8955.064832
471.490307 8976.755580
471.764970 8998.105849
472.000390 9000.320137
472.190102 8986.206510
472.366683 8973.298381
472.549817 8960.489674
472.752585 8948.682858
472.935770 8937.823396
473.145104 8927.985009
473.328276 8919.695415
473.517951 8911.399686
473.760013 8904.091862
473.962755 8897.757554
474.263758 8892.193316
474.597476 8889.408529
474.800359 8888.772114
474.996675 8888.914936
475.264874 8889.311443
475.487314 8889.700583
475.703240 8890.176108
475.977852 8890.723037
476.226264 8891.325097
476.507353 8892.004646
476.781914 8892.717159
477.049922 8893.401004
477.272172 8894.169054
477.566342 8895.104901
477.867040 8896.040680
478.128533 8896.971488
478.396516 8897.947756
478.657984 8898.970786
478.926030 8900.011710
479.174366 8901.155532
479.468586 8902.254545
479.677717 8903.279053
479.919614 8904.413850
480.161511 8905.505412
480.370718 8906.683529
480.632287 8907.894018
480.841495 8909.073482
481.076876 8910.393553
481.325365 8911.940459
481.626151 8913.590885
481.894248 8915.257116
482.181954 8917.034691
482.469660 8918.716972
482.711595 8920.405442
482.986220 8922.202372
483.247764 8923.978547
483.502780 8925.940976
483.803554 8928.168717
484.117434 8930.282528
484.372437 8932.276251
484.640534 8934.444138
484.928228 8936.741172
485.215959 8939.038168
485.490622 8941.388242
485.778327 8943.646462
486.020250 8946.158692
486.353752 8948.924936
486.641470 8951.333529
486.883405 8953.730318
487.158030 8956.325412
487.432655 8958.874146
487.687709 8961.535984
487.975415 8964.209929
488.223890 8967.002362
488.524702 8969.702203
488.747003 8972.383931
489.034747 8975.315394
489.296240 8977.938468
489.518604 8980.749754
489.806323 8983.894929
490.080935 8987.017775
490.355585 8990.075384
490.610614 8993.258593
490.898332 8996.447736
491.146808 8999.727846
491.441092 9003.174358
491.709202 9006.386060
491.957652 9009.559635
492.212668 9012.774654
492.461169 9016.246227
492.748875 9019.848284
493.010419 9023.106184
493.239298 9026.495349
493.513923 9030.147772
493.775492 9033.802972
494.043589 9037.596183
494.318227 9041.671754
494.619026 9045.229709
494.815152 9048.597011
495.083262 9052.575687
495.357887 9056.258883
495.580226 9059.788270
495.828638 9063.601948
496.083628 9067.406014
496.325487 9071.149730
496.567435 9075.087323
496.828966 9079.429979
497.116595 9083.556471
497.345526 9087.464761
497.600440 9091.247574
497.809698 9095.287422
498.090850 9099.855057
498.358947 9103.752336
498.555112 9107.411017
498.790532 9111.492301
499.032492 9115.382671
499.241724 9119.194375
499.470629 9123.441645
499.725683 9128.075714
499.993793 9132.281617
500.196510 9136.528780
500.464595 9141.107328
500.700027 9145.185845
500.909285 9148.994095
501.112015 9153.137968
501.354014 9157.558773
501.582881 9161.580104
501.779070 9165.759090
502.021018 9169.965961
502.217169 9173.952970
502.432993 9177.967163
502.629208 9181.881361
502.831951 9186.211030
503.067345 9190.832040
503.296238 9195.356669
503.518538 9199.781750
503.734311 9204.105358
503.943582 9208.527224
504.165959 9213.046440
504.381745 9217.802703
504.623718 9222.315623
504.813316 9226.516154
505.022587 9230.602952
505.199180 9235.137094
505.447668 9239.988717
505.650424 9244.968418
505.892359 9250.748548
506.127791 9256.639165
506.337062 9263.363216
506.592065 9270.468112
506.794795 9278.162390
507.049837 9286.947796
507.285244 9295.433975
507.494515 9304.728108
507.742990 9315.243469
507.984925 9329.227079
508.351180 9344.967044
508.632358 9360.096411
508.933221 9376.431230
509.227544 9391.293022
509.449896 9403.647571
509.639570 9415.834820
509.842313 9429.261356
510.058111 9444.684997
510.306638 9462.247772
510.574747 9478.055346
510.770962 9478.520962
510.960662 9466.973955
511.137294 9456.576146
511.313849 9446.390100
511.510115 9436.347191
511.712909 9427.466578
511.896043 9418.875570
512.131551 9411.156475
512.314635 9404.912449
512.523918 9398.063581
512.837836 9391.345402
513.210581 9386.959927
513.583238 9385.505597
513.838279 9385.978248
514.106325 9387.119023
514.335154 9388.444765
514.590094 9389.789176
514.812344 9391.155774
515.060819 9392.658193
515.315746 9394.223622
515.570673 9395.812282
515.819098 9397.553824
516.106753 9399.363139
516.361705 9401.087690
516.610143 9402.762153
516.838984 9404.718055
517.152814 9406.765899
517.394787 9408.695845
517.662884 9410.538829
517.872167 9412.372669
518.127171 9414.266361
518.342969 9416.475784
518.663390 9418.836947
518.905363 9421.230703
519.219231 9424.437852
519.631282 9427.479968
519.892839 9430.149884
520.206707 9433.092358
520.514021 9436.133881
520.834468 9439.307490
521.154889 9442.348278
521.436054 9445.627200
521.789177 9449.319041
522.135735 9452.735281
522.423492 9456.116354
522.750415 9459.594901
523.044687 9462.876943
523.325865 9466.023825
523.587421 9469.261828
523.875127 9472.707867
524.162833 9476.089138
524.430930 9479.443098
524.705593 9482.930185
524.986809 9486.342283
525.241799 9489.677078
525.503356 9493.057036
525.758385 9496.571256
526.033060 9500.220408
526.301132 9503.694611
526.543105 9507.444382
526.843904 9511.285002
527.092380 9515.275835
527.406235 9519.362009
527.661264 9523.171412
527.929361 9527.368218
528.230186 9531.468655
528.478661 9535.574946
528.772895 9539.930018
529.047545 9544.188743
529.322233 9548.394779
529.583764 9552.860697
529.884551 9557.376965
530.146108 9561.843598
530.433852 9566.359219
530.695408 9570.708549
530.956965 9575.160194
531.225074 9579.715227
531.493171 9584.262529
531.754740 9588.858472
532.022863 9594.023333
532.343271 9599.300431
532.617909 9604.049793
532.872950 9608.609595
533.121438 9613.454854
533.402654 9618.344757
533.651117 9623.285089
533.932295 9628.208629
534.174268 9633.370807
534.475080 9638.387543
534.697407 9643.329889
534.985125 9648.633167
535.240141 9653.208733
535.449361 9658.021255
535.723986 9663.662200
536.011704 9669.489397
536.299397 9674.967799
536.547835 9679.751665
536.763659 9684.986053
537.051352 9690.395059
537.280206 9695.785442
537.561396 9701.496140
537.816374 9706.904128
538.064875 9711.785704
538.267567 9717.280962
538.568430 9723.100837
538.797297 9728.462729
539.052300 9733.936200
539.287733 9739.526718
539.549302 9744.858506
539.758560 9749.931703
539.993967 9755.414577
540.235915 9760.783583
540.458254 9766.191039
540.700214 9771.479798
540.909510 9776.494507
541.125258 9781.305297
541.314932 9786.461117
541.556918 9791.881227
541.766150 9797.099189
541.988464 9801.949053
542.165083 9806.748709
542.380856 9811.975245
542.590088 9817.314603
542.812415 9822.276223
542.988995 9826.939033
543.185160 9831.954429
543.387864 9836.996988
543.584067 9844.244669
543.956799 9852.882380
544.257636 9859.303859
544.453788 9866.033250
544.774222 9874.438402
545.094681 9881.172367
545.284304 9887.786329
545.591644 9896.283603
545.918581 9904.758510
546.219393 9911.691505
546.428663 9919.230297
546.762153 9928.403620
547.049871 9937.571251
547.311440 9947.357905
547.566507 9957.211106
547.782331 9966.603748
547.978508 9976.049362
548.168170 9986.123348
548.364347 9996.421355
548.540889 10007.327934
548.737117 10019.628371
548.939834 10032.131820
549.122943 10045.285022
549.325673 10059.756482
549.528403 10080.573500
549.874935 10086.886808
550.058069 10072.474120
550.260825 10058.621080
550.457078 10046.080098
550.653318 10034.089506
550.869206 10023.528668
551.052390 10014.571478
551.248656 10006.699326
551.425288 9999.332714
551.654256 9992.303742
551.883199 9987.155331
552.066384 9983.671185
552.243168 9981.041713
552.439484 9979.327133
552.616167 9978.549349
552.943255 9978.555097
553.211390 9978.964866
553.440295 9979.401819
553.695438 9979.926806
553.976540 9980.470321
554.211896 9981.025592
554.466811 9981.682517
554.754440 9982.389797
555.015908 9983.153883
555.310091 9983.961421
555.571546 9984.733277
555.813405 9985.610944
556.114102 9986.504799
556.342918 9987.397785
556.617442 9988.451214
556.911612 9989.511837
557.166539 9990.497644
557.401870 9991.534957
557.663325 9992.563554
557.879060 9993.674917
558.160199 9994.771829
558.356326 9995.812916
558.598261 9997.076941
558.872885 9998.412452
559.127939 9999.791419
559.402539 10001.246820
559.670636 10002.784198
559.958367 10004.539039
560.285303 10006.267475
560.546847 10007.951588
560.841106 10009.721010
561.115743 10011.604880
561.429586 10013.647524
561.736926 10015.476890
561.972346 10017.402414
562.292729 10019.296110
562.508514 10021.192962
562.815880 10023.494475
563.129697 10025.548781
563.358589 10027.680207
563.679010 10029.954658
563.934026 10032.176266
564.228298 10034.660114
564.535638 10036.943886
564.771032 10039.248865
565.071819 10041.795637
565.352997 10044.305560
565.634175 10046.771976
565.895731 10049.099519
566.137679 10051.591526
566.425398 10054.153587
566.673873 10056.826513
566.974673 10059.704503
567.255812 10062.100634
567.452002 10064.638591
567.752776 10067.583288
568.020873 10070.334620
568.275889 10072.950755
568.511258 10075.855794
568.812070 10079.090448
569.099776 10082.155697
569.361358 10085.005352
569.603280 10087.932222
569.871365 10090.934673
570.119853 10093.939750
570.381435 10096.982597
570.629898 10100.225590
570.917642 10103.305687
571.133389 10106.429214
571.421146 10109.834491
571.676149 10112.865684
571.898475 10116.103483
572.179653 10119.589871
572.434682 10122.990795
572.696264 10126.342872
572.938186 10130.135634
573.258607 10133.698775
573.461325 10136.901321
573.722868 10140.545902
573.984399 10144.371080
574.265539 10148.144551
574.514002 10151.676690
574.755886 10155.101195
574.984740 10158.851087
575.265868 10163.028719
575.547058 10167.055181
575.802049 10170.925801
576.057039 10174.380591
576.253229 10178.023030
576.527854 10182.053236
576.769789 10185.917904
577.018277 10189.555560
577.227484 10193.227348
577.475985 10197.088238
577.704864 10200.984623
577.953365 10204.696293
578.156045 10208.879790
578.456870 10213.149382
578.666127 10216.907401
578.901573 10221.086061
579.156576 10225.185306
579.378864 10229.092845
579.607744 10232.972987
579.823504 10237.173983
580.085137 10241.172461
580.274773 10245.087910
580.523261 10249.443175
580.758668 10253.535559
580.974467 10257.418698
581.183687 10261.936105
581.464915 10266.423563
581.667645 10270.397234
581.890010 10274.458167
582.099230 10278.360675
582.301972 10282.791180
582.563478 10287.502905
582.792370 10291.679647
582.995075 10295.950243
583.230520 10300.312122
583.439778 10304.704824
583.675173 10309.256181
583.897499 10313.313016
584.080607 10317.396823
584.302934 10322.190889
584.551434 10327.234735
584.780314 10332.140394
584.983031 10337.586139
585.218451 10344.291847
585.480033 10351.430674
585.708912 10358.826288
585.950847 10366.949466
586.192833 10374.867290
586.395563 10382.757525
586.611362 10390.900997
586.807564 10400.021067
587.049537 10413.002224
587.396107 10428.085351
587.696907 10441.293923
587.932352 10453.823603
588.180879 10466.143176
588.390200 10478.222721
588.612513 10490.128029
588.802163 10501.045005
588.978705 10512.486230
589.174895 10513.190903
589.351438 10502.022125
589.554218 10491.595300
589.730812 10482.629987
589.907482 10473.385721
590.129884 10464.676747
590.319622 10456.144848
590.594260 10447.976874
590.829692 10442.411503
591.006209 10437.081938
591.346328 10432.557756
591.562063 10430.071942
591.967485 10429.098495
592.196339 10429.809164
592.431683 10431.135832
592.719351 10432.407234
592.895893 10433.570277
593.131250 10434.930734
593.366581 10436.466599
593.647670 10438.144599
593.915729 10439.788130
594.170668 10441.455348
594.432161 10443.098782
594.667505 10444.716330
594.909402 10446.649266
595.223206 10448.649678
595.471656 10450.487391
595.726685 10452.216394
595.935918 10453.983726
596.190934 10455.963873
596.445988 10458.092234
596.727178 10460.346195
597.001854 10462.789576
597.315760 10465.569575
597.655828 10468.299351
597.943521 10471.098264
598.283576 10474.230271
598.630146 10477.156974
598.911337 10480.281755
599.284044 10483.401135
599.552166 10486.398405
599.885643 10489.718342
600.206013 10493.247571
600.565665 10496.918612
600.899205 10500.490100
601.226179 10504.059336
601.546613 10507.510025
601.840859 10510.720469
602.108943 10513.907376
602.390096 10517.103066
602.651665 10520.348369
602.932843 10524.083145
603.266358 10527.710107
603.521374 10531.150948
603.815620 10534.932037
604.116394 10538.470997
604.364933 10541.717180
604.613396 10545.353605
604.914195 10549.078853
605.169224 10553.038655
605.496186 10557.137909
605.764295 10560.837039
606.025839 10564.628922
606.300477 10568.561225
606.575127 10572.110915
606.790874 10576.140731
607.124376 10580.650760
607.398988 10584.679112
607.660570 10588.554244
607.909033 10592.624850
608.190211 10597.098239
608.484496 10601.728100
608.778742 10606.361303
609.066473 10611.210109
609.380354 10615.953094
609.648451 10620.319150
609.910020 10624.951625
610.204291 10629.519947
610.452780 10634.027349
610.733945 10638.690935
610.995514 10643.461808
611.283271 10647.815834
611.492478 10652.215986
611.780209 10657.004071
612.028735 10661.603974
612.290305 10666.484920
612.564955 10671.775408
612.865754 10676.504702
613.075012 10681.283725
613.375812 10686.782504
613.656952 10692.212058
613.944683 10697.566477
614.212767 10702.779802
614.480839 10707.651690
614.709693 10712.436347
614.964683 10717.716838
615.239308 10723.239976
615.513907 10728.745723
615.782055 10734.096667
616.036970 10739.629166
616.318198 10745.069456
616.560095 10750.833547
616.867423 10756.920168
617.135520 10762.009412
617.344778 10767.140275
617.612887 10772.588205
617.848269 10777.864336
618.096757 10783.395138
618.351824 10788.820728
618.587231 10794.433006
618.855316 10800.083988
619.090748 10805.779302
619.358883 10811.212550
619.568103 10816.385324
619.810076 10822.120822
620.065118 10827.741404
620.293933 10833.017312
620.516298 10838.327734
620.745203 10843.437145
620.947958 10848.264948
621.150675 10853.197528
621.359921 10858.157177
621.562638 10862.747140
621.739206 10867.681754
621.968060 10874.976095
622.334201 10883.780519
622.680810 10891.765912
622.975094 10899.740406
623.315162 10907.524595
623.589799 10913.527731
623.785989 10919.741754
624.073707 10927.091155
624.354885 10935.608647
624.727605 10944.100098
625.002306 10950.319292
625.198470 10957.279923
625.525444 10965.065082
625.767405 10972.661118
626.028974 10980.683164
626.244798 10988.485997
626.447528 10997.148346
626.669892 11007.585014
626.918406 11018.011420
627.108055 11028.404780
627.323853 11041.879147
627.598516 11056.804734
627.833962 11069.809337
628.017045 11082.017921
628.206681 11095.939845
628.422518 11111.945975
628.651392 11113.465871
628.841125 11099.505304
629.050421 11086.984615
629.227014 11075.935571
629.423267 11065.798669
629.599899 11056.533251
629.802718 11047.945033
629.992456 11039.934495
630.227939 11031.352361
630.555041 11024.606485
630.790638 11020.827609
631.019746 11018.469765
631.373086 11017.671103
631.562811 11017.884056
631.745856 11018.241814
632.000948 11018.672769
632.236419 11019.154264
632.504630 11019.706894
632.772702 11020.286303
633.027604 11020.948682
633.328340 11021.644219
633.576739 11022.323150
633.831679 11023.157413
634.158513 11023.931898
634.348073 11024.734530
634.661852 11025.667409
634.910239 11026.568804
635.178247 11027.645310
635.498579 11028.729434
635.746991 11029.745184
636.008421 11030.840416
636.276416 11031.991319
636.544450 11033.109707
636.779831 11034.190634
637.015213 11035.432173
637.302906 11036.743126
637.551356 11038.014655
637.806385 11039.375833
638.074495 11040.921024
638.381835 11042.511852
638.649932 11044.155034
638.957272 11045.765054
639.199232 11047.485882
639.526156 11049.393272
639.813861 11051.124260
640.068877 11052.945383
640.369664 11054.741180
640.605071 11056.630805
640.918952 11058.723342
641.200117 11060.678150
641.461686 11062.801330
641.775529 11064.918797
642.024042 11066.934212
642.298680 11069.092700
642.573292 11071.564146
642.913334 11073.976120
643.161823 11076.335307
643.475703 11078.821199
643.743787 11081.244832
644.031506 11083.771813
644.312684 11086.256768
644.580768 11088.756902
644.855431 11091.113360
645.084285 11093.542271
645.365463 11096.295010
645.653182 11099.029643
645.921279 11101.811746
646.209023 11104.502759
646.450932 11107.204463
646.732110 11110.048357
646.993717 11113.078612
647.301007 11115.973396
647.529873 11118.880817
647.830673 11121.713678
648.039931 11124.666716
648.353799 11127.955154
648.615368 11130.567201
648.804991 11133.486074
649.112331 11136.550538
649.321551 11139.741819
649.641972 11143.167618
649.883882 11146.114929
650.119314 11149.303154
650.393927 11152.484938
650.622793 11155.834931
650.917052 11159.263207
651.152459 11162.520785
651.414029 11166.032198
651.682138 11169.362635
651.910967 11172.642957
652.166008 11176.182212
652.427501 11179.851663
652.695560 11183.330833
652.924389 11186.989607
653.212031 11190.400024
653.401629 11193.851079
653.689272 11198.100545
653.983518 11201.765601
654.186197 11205.227173
654.447678 11209.213708
654.715800 11212.940441
654.938101 11216.908688
655.232347 11221.013505
655.467754 11224.854359
655.722796 11228.937693
655.984314 11232.849654
656.213232 11236.799686
656.474763 11240.943380
656.723251 11245.343323
657.010957 11249.236952
657.194078 11253.225576
657.488299 11257.683798
657.723693 11261.852412
657.978773 11265.659880
658.168384 11269.500375
658.423400 11273.996913
658.684969 11278.532224
658.939960 11282.873572
659.175329 11287.192953
659.423766 11291.784567
659.685424 11296.234787
659.914304 11300.480898
660.149698 11305.244199
660.430864 11311.948382
660.868963 11318.029318
661.078221 11322.063458
661.294044 11326.061051
661.496762 11330.084892
661.712535 11334.261492
661.928359 11338.657605
662.163702 11342.759654
662.346811 11347.021467
662.595299 11351.961003
662.843825 11356.805453
663.079258 11361.485917
663.308125 11366.167272
663.537004 11371.062939
663.765884 11376.279358
663.988235 11382.147345
664.230183 11388.295716
664.439441 11394.533025
664.655226 11401.614040
664.890672 11409.257088
665.113011 11416.780360
665.315741 11424.736640
665.538092 11433.087522
665.740822 11441.025635
665.923931 11450.056139
666.159351 11464.907202
666.571339 11482.641173
666.891798 11499.054307
667.205691 11513.225426
667.414975 11526.599992
667.676556 11541.224909
667.912040 11557.486630
668.206337 11574.881451
668.461378 11593.980848
668.801446 11614.508194
669.108812 11634.748803
669.455369 11653.580215
669.730019 11671.562210
670.063521 11691.575279
670.423173 11710.902441
670.750147 11728.292735
671.057474 11744.546662
671.358274 11761.880839
671.724453 11779.738487
672.064495 11796.719713
672.417644 11812.429931
672.724946 11827.482663
673.071555 11842.942724
673.418150 11855.275700
673.640464 11856.464842
673.817095 11849.720544
673.993676 11843.669253
674.170270 11838.223092
674.353454 11833.337189
674.543091 11828.920998
674.758953 11825.110325
674.987832 11822.272338
675.229767 11820.624836
675.465212 11820.193910
675.667968 11820.727219
675.896847 11822.269507
676.295780 11823.870008
676.485442 11825.137381
676.746985 11826.523565
676.969312 11827.963710
677.237383 11829.413192
677.453093 11830.918314
677.727679 11832.640691
678.002253 11834.339429
678.257168 11836.143646
678.551401 11837.941123
678.793260 11839.781338
679.087468 11841.540248
679.296663 11843.101729
679.525466 11844.929444
679.800065 11846.788861
680.028983 11848.736409
680.316765 11850.792479
680.565253 11852.838296
680.839941 11854.999063
681.108089 11857.497908
681.454685 11860.290184
681.781634 11862.947723
682.082420 11865.689820
682.415910 11868.955231
682.821357 11872.347934
683.167940 11875.453526
683.494902 11878.591379
683.834995 11882.044339
684.214281 11885.400625
684.521659 11888.562366
684.848696 11892.148117
685.227944 11895.727313
685.541812 11898.783815
685.809934 11901.925205
686.130317 11905.612985
686.489943 11909.726425
686.875642 11913.875032
687.228689 11917.911754
687.581851 11921.862304
687.908838 11925.877996
688.261986 11930.312443
688.647787 11934.412682
688.935480 11938.459898
689.301608 11942.391806
689.563114 11946.133471
689.890038 11950.087480
690.177731 11954.009829
690.491598 11958.022864
690.785832 11961.645616
691.034282 11965.401252
691.341622 11969.149606
691.583583 11972.669927
691.851667 11976.546036
692.139385 11980.649024
692.433632 11984.656290
692.701754 11988.708577
692.996013 11992.753520
693.257570 11996.600037
693.519139 12000.385591
693.767602 12004.752057
694.101104 12009.308123
694.369213 12013.311602
694.624229 12017.710313
694.938110 12022.303054
695.212747 12026.633532
695.487397 12031.004968
695.762035 12035.417160
696.036660 12039.763614
696.298254 12044.042116
696.559798 12048.629599
696.854044 12053.092093
697.096005 12057.431400
697.370655 12062.083704
697.645293 12067.059080
697.952658 12071.964044
698.214214 12076.629209
698.488852 12081.217008
698.737353 12085.785624
699.005463 12090.623923
699.280100 12095.264657
699.522035 12100.003737
699.803226 12104.897611
700.058254 12110.014363
700.359054 12115.047314
700.601002 12119.939404
700.882154 12124.989522
701.137132 12130.205878
701.431378 12135.397571
701.679854 12140.315036
701.941410 12145.394841
702.202967 12150.512046
702.464549 12155.925743
702.752229 12161.182250
702.994190 12165.427829
703.177273 12170.561327
703.504184 12176.587519
703.772331 12182.262146
704.059948 12187.570937
704.288853 12192.784893
704.563503 12198.715952
704.857762 12204.066886
705.073510 12208.971939
705.322011 12214.673919
705.609717 12220.623399
705.877826 12226.545288
706.158992 12232.149774
706.394386 12237.793695
706.675551 12243.326118
706.897878 12249.261476
707.211771 12255.082550
707.421003 12260.726999
707.715288 12266.622663
707.944154 12272.335514
708.218766 12278.455715
708.480386 12284.238565
708.722347 12289.373188
708.925077 12294.766111
709.186659 12300.952117
709.454756 12306.788689
709.683584 12312.118305
709.905961 12317.788756
710.160990 12323.723292
710.402963 12331.274100
710.788777 12338.547475
711.004575 12343.800340
711.220348 12349.238795
711.449189 12356.402089
711.802300 12363.032601
711.985421 12367.669376
712.175070 12374.213380
712.508572 12382.770756
712.855219 12391.806647
713.221373 12400.320465
713.522210 12406.449489
713.698778 12411.090224
713.881849 12417.535744
714.195717 12424.006629
714.378838 12428.971421
714.575015 12436.547658
714.954288 12444.067243
715.143899 12451.821038
715.536278 12461.840365
715.863252 12469.542815
716.039795 12477.372020
716.307930 12487.337414
716.556418 12499.016286
716.850715 12511.096351
717.073079 12524.560892
717.373866 12540.898430
717.661661 12556.741611
717.903621 12570.029648
718.080240 12583.890274
718.315698 12600.255436
718.544608 12617.992869
718.793100 12636.035530
719.015452 12653.970408
719.263953 12672.618472
719.518995 12689.322610
719.728237 12705.700979
719.989812 12721.839915
720.205620 12737.197064
720.460660 12754.269701
720.748383 12770.323982
720.990345 12783.299251
721.193072 12796.659287
721.467707 12810.924293
721.722745 12822.910980
721.932019 12834.351519
722.187053 12845.343414
722.396302 12854.378177
722.585944 12854.408343
722.788702 12846.637370
722.984952 12840.075076
723.168129 12834.019530
723.390553 12828.872619
723.567214 12825.112362
723.743898 12821.887489
723.946700 12819.183483
724.182204 12817.458541
724.404659 12816.860709
724.646733 12816.996843
724.908424 12817.467315
725.268289 12817.942292
725.510313 12818.326037
725.732658 12818.689409
725.935395 12819.112723
726.210107 12819.591788
726.458686 12820.044365
726.687661 12820.531848
726.955741 12821.102135
727.249960 12821.663354
727.491857 12822.237395
727.779499 12822.910733
728.093278 12823.559407
728.341676 12824.142527
728.583542 12824.823397
728.897327 12825.479304
729.106509 12826.104145
729.381013 12826.821545
729.649027 12827.548963
729.917042 12828.313372
730.198105 12829.106168
730.472660 12829.801790
730.675276 12830.484388
730.930265 12831.229565
731.165626 12832.042694
731.453380 12832.924531
731.721430 12833.783424
731.982995 12834.682602
732.264131 12835.566157
732.506099 12836.468581
732.787268 12837.433943
733.055335 12838.359299
733.303789 12839.265975
733.552264 12840.275016
733.846498 12841.301355
734.094999 12842.245538
734.336896 12843.270306
734.618048 12844.443887
734.925350 12845.517228
735.147689 12846.597659
735.448450 12847.706883
735.677330 12848.921664
736.017360 12850.311695
736.318146 12851.567820
736.586243 12852.771244
736.854328 12853.947754
737.102829 12855.172723
737.384019 12856.476702
737.658644 12857.863935
737.965984 12859.095272
738.168676 12860.314182
738.462948 12861.677475
738.717951 12863.028036
738.999142 12864.413035
739.260698 12865.748956
739.515714 12867.154267
739.796905 12868.647362
740.078058 12870.124884
740.346116 12871.586223
740.614252 12873.065947
740.882310 12874.563882
741.150382 12876.061482
741.411900 12877.482566
741.647257 12878.958586
741.921869 12880.585552
742.203034 12882.330154
742.510349 12883.957033
742.745756 12885.504786
743.020343 12887.169145
743.288414 12888.811662
743.549958 12890.430970
743.804974 12892.046707
744.060003 12893.679040
744.315006 12895.477495
744.615768 12897.294247
744.870822 12899.088752
745.158527 12900.834753
745.393947 12902.488627
745.648951 12904.224584
745.903967 12906.067976
746.185132 12907.928903
746.440161 12909.739572
746.701679 12911.660560
746.982870 12913.482063
747.211762 12915.321681
747.492889 12917.296048
747.754420 12919.168987
748.002921 12921.157119
748.290690 12923.285670
748.571868 12925.086329
748.768045 12926.828863
749.029602 12928.886232
749.304239 12931.012679
749.578889 12933.106774
749.840421 12935.375696
750.154288 12937.742743
750.435466 12939.710070
750.644724 12941.641641
750.912809 12943.720263
751.154769 12945.870520
751.435922 12948.310194
751.743262 12950.413016
751.939451 12952.230578
752.174896 12954.393781
752.449521 12956.853886
752.750321 12959.135528
752.979213 12961.351749
753.260416 12963.784677
753.535066 12966.033955
753.770461 12968.125759
754.005919 12970.261366
754.247892 12972.826802
754.574866 12975.379919
754.810299 12977.775632
755.098068 12980.247782
755.346569 12982.617133
755.608151 12985.033443
755.863180 12987.188083
756.065910 12989.419867
756.333981 12992.103530
756.628266 12994.933393
756.922537 12997.593746
757.177553 13000.017785
757.419514 13002.652010
757.713760 13005.367958
757.968802 13007.776891
758.197681 13010.102522
758.433063 13012.873082
758.746956 13015.693731
758.988904 13018.166490
759.230851 13020.687924
759.479314 13023.394847
759.753977 13026.324119
760.041683 13029.169508
760.296712 13031.861353
760.551753 13034.500029
760.793713 13036.908827
761.002933 13039.579100
761.290715 13042.547245
761.552297 13045.427796
761.820381 13048.253990
762.068870 13051.279227
762.369682 13054.321854
762.618157 13057.532431
762.945119 13060.798457
763.200173 13063.716975
763.461742 13066.727044
763.729864 13069.792519
763.997987 13072.951852
764.279152 13076.168173
764.553828 13079.481199
764.848087 13082.814065
765.122737 13086.246032
765.430090 13089.737719
765.711318 13093.055865
765.985931 13096.488408
766.273687 13100.397710
766.587555 13104.647281
766.875299 13109.134986
767.169596 13114.036912
767.463830 13119.056877
767.731927 13124.429080
768.026198 13130.614695
768.340053 13137.631014
768.673517 13145.000430
768.980895 13151.819465
769.235899 13158.483129
769.504059 13166.797942
769.857157 13175.371119
770.118752 13184.105629
770.452267 13193.795469
770.753104 13203.282264
771.047325 13213.939702
771.393921 13224.647429
771.668571 13235.934491
772.021682 13247.839344
772.309400 13257.150279
772.512080 13257.600303
772.701881 13250.514654
772.930837 13243.976112
773.133592 13238.850027
773.316777 13234.118633
773.552286 13229.687969
773.787756 13226.363687
774.003542 13224.064417
774.219506 13222.505395
774.546708 13222.217910
774.867383 13223.351824
775.181454 13224.876761
775.456219 13226.644749
775.848801 13228.464064
776.136571 13230.038112
776.430842 13231.771222
776.770936 13233.666650
777.117519 13235.693244
777.496791 13237.779222
777.856405 13239.738786
778.183328 13241.624870
778.510264 13243.741558
778.909082 13245.957053
779.262168 13248.198836
779.660935 13250.563489
780.046659 13252.915548
780.432396 13254.907313
780.693889 13256.694980
781.007541 13258.702192
781.334325 13260.790131
781.667725 13262.960835
782.014296 13265.002909
782.301963 13266.764222
782.556865 13268.474191
782.824772 13270.304533
783.112414 13272.257873
783.413175 13274.226307
783.700868 13276.254797
784.014711 13278.410482
784.335081 13280.470877
784.616246 13282.502882
784.923574 13284.389249
785.158981 13286.497894
785.525122 13288.735071
785.793181 13290.641339
786.061265 13292.442642
786.296660 13294.326825
786.584327 13296.221817
786.819709 13298.154185
787.113943 13300.266655
787.395095 13302.393959
787.689303 13304.388435
787.931188 13306.445806
788.238388 13308.515031
788.480310 13310.324609
788.715578 13312.169301
788.964002 13314.049394
789.205849 13316.016244
789.473869 13317.968550
789.709200 13319.984144
789.990315 13322.320358
790.304106 13324.463291
790.532897 13326.464492
790.807496 13328.712660
791.095189 13330.947974
791.363248 13333.197437
791.650954 13335.513566
791.932081 13337.763468
792.200216 13339.837558
792.435624 13342.032226
792.729845 13344.457081
793.017563 13346.759448
793.279158 13349.047853
793.560298 13351.460184
793.848016 13353.774615
794.103045 13355.933550
794.351508 13358.188892
794.626170 13360.740803
794.940038 13363.307078
795.214727 13365.514716
795.443581 13367.879208
795.750908 13370.312730
795.992830 13372.702571
796.287089 13375.192377
796.548671 13377.607739
796.823309 13379.975827
797.071784 13382.476109
797.372545 13385.138851
797.653723 13387.484420
797.882565 13389.721226
798.137606 13392.212081
798.418797 13394.960401
798.726124 13397.507457
798.961569 13399.883192
799.229666 13402.424821
799.497751 13405.135858
799.798576 13407.923628
800.079804 13410.410598
800.315275 13412.687745
800.550682 13415.293745
800.851533 13418.103453
801.126196 13420.992727
801.440076 13423.863692
801.708173 13426.587869
801.989376 13429.456250
802.283674 13432.207158
802.538702 13435.137584
802.865664 13438.147727
803.133799 13440.940884
803.414951 13443.679761
803.669980 13446.297251
803.925009 13448.993935
804.193119 13451.906528
804.487390 13454.695619
804.729325 13457.567319
805.036678 13460.554297
805.298247 13463.106164
805.520573 13465.738899
805.795249 13468.765365
806.089457 13471.595105
806.324915 13474.156654
806.566812 13476.975593
806.848015 13480.054745
807.135734 13482.862392
807.364626 13485.396309
807.600008 13488.227349
807.881211 13491.322242
808.162402 13494.285771
808.417431 13497.116626
808.672434 13499.995477
808.933990 13502.959729
809.202126 13505.862394
809.450601 13508.814327
809.725277 13511.406202
809.908398 13514.046343
810.189589 13517.105862
810.444643 13520.103271
810.712727 13523.414601
811.020080 13526.663846
811.275121 13529.356995
811.484392 13532.060585
811.739433 13535.079646
812.001040 13538.148843
812.262622 13541.036878
812.491540 13543.897576
812.746607 13547.118421
813.034363 13550.077632
813.243621 13553.127811
813.544433 13556.148177
813.747176 13559.142044
814.041397 13562.263721
814.263749 13564.961216
814.486100 13567.827102
814.734601 13570.702375
814.956978 13573.266431
815.153168 13575.919174
815.388600 13578.741234
815.610965 13581.451055
815.826776 13584.087990
816.036046 13586.855490
816.271479 13589.672150
816.487290 13592.498018
816.722697 13595.209000
816.918912 13598.176973
817.193550 13601.028598
817.370131 13603.766297
817.625147 13607.011554
817.880213 13610.059016
818.102561 13612.906854
818.324889 13615.763155
818.547197 13618.670496
818.776073 13621.679190
819.011494 13624.884784
819.253452 13628.569842
819.514999 13632.512568
819.743870 13636.722944
819.992353 13641.537005
820.247382 13646.661756
820.489337 13652.174550
820.744367 13658.386447
821.012519 13664.743106
821.247904 13670.957270
821.476787 13677.506545
821.712210 13684.584448
821.954177 13692.007169
822.189645 13699.228238
822.398885 13707.000240
822.647397 13715.546879
822.882858 13723.195031
823.065941 13723.451858
823.242631 13717.502351
823.419293 13711.808904
823.628592 13706.507799
823.837827 13701.893490
824.079767 13698.485848
824.256335 13696.285094
824.465595 13694.689403
824.772931 13694.133258
824.988561 13694.405276
825.296004 13694.806853
825.524996 13695.173227
825.767031 13695.529401
825.969782 13695.913722
826.231436 13696.296669
826.421144 13696.715796
826.708997 13697.223445
826.983736 13697.698031
827.219214 13698.116825
827.422009 13698.605858
827.716338 13699.159656
827.971374 13699.702670
828.239485 13700.288489
828.520672 13700.875246
828.775679 13701.515789
829.089567 13702.171751
829.344567 13702.838737
829.651907 13703.520992
829.906923 13704.146713
830.155398 13704.837037
830.449645 13705.567749
830.717729 13706.253942
830.966243 13706.954845
831.234314 13707.687791
831.495858 13708.426470
831.757427 13709.170101
832.012430 13709.937843
832.280515 13710.759602
832.561655 13711.617296
832.842782 13712.398711
833.065083 13713.184697
833.339695 13714.035810
833.594673 13714.858920
833.843148 13715.673664
834.085083 13716.591165
834.385870 13717.579757
834.660507 13718.470566
834.895915 13719.411667
835.190174 13720.413963
835.451756 13721.372656
835.713261 13722.345875
835.974830 13723.421483
836.282120 13724.563788
836.569775 13725.712684
836.870587 13726.892835
837.164820 13727.958265
837.400177 13728.945496
837.648602 13730.122938
837.968934 13731.440759
838.276210 13732.596048
838.511503 13733.611723
838.746834 13734.856240
839.080196 13736.232531
839.367851 13737.526465
839.655481 13738.656992
839.864650 13739.848356
840.171838 13741.190131
840.439871 13742.409940
840.688232 13743.597102
840.936670 13744.829376
841.198125 13746.188140
841.492269 13747.529748
841.740694 13748.905056
842.041443 13750.211311
842.257203 13751.432555
842.518696 13752.886750
842.819457 13754.270437
843.048349 13755.671099
843.349124 13757.208102
843.623748 13758.692095
843.898386 13760.137989
844.153389 13761.563041
844.414996 13762.983778
844.663485 13764.530208
844.964322 13766.147577
845.232457 13767.764114
845.526742 13769.205141
845.729485 13770.564966
845.991028 13772.109998
846.252598 13773.590967
846.488005 13775.344092
846.834588 13777.151972
847.083089 13778.637228
847.318547 13780.135155
847.567009 13781.789192
847.848200 13783.478089
848.103229 13785.224994
848.397501 13787.050241
848.672125 13788.700950
848.907520 13790.366595
849.182157 13792.153612
849.450267 13793.890670
849.705258 13795.642601
849.973355 13797.520096
850.261048 13799.346166
850.509561 13801.211216
850.803770 13803.159142
851.071905 13804.871455
851.294205 13806.644146
851.575422 13808.662576
851.863140 13810.627294
852.124747 13812.537443
852.392832 13814.606029
852.693657 13816.618498
852.942157 13818.599731
853.229876 13820.815951
853.537216 13822.926603
853.792232 13824.881141
854.053814 13826.799541
854.295762 13828.757226
854.563884 13830.753535
854.812385 13832.815963
855.093614 13835.073100
855.387860 13837.321402
855.662548 13839.430297
855.917602 13841.475499
856.172682 13843.667685
856.460489 13846.330460
856.826757 13848.769845
857.055675 13850.986918
857.363015 13853.025240
857.546098 13854.886991
857.807718 13857.034320
858.056219 13859.363054
858.357031 13862.071658
858.690508 13864.743677
858.978201 13867.095283
859.233242 13869.233981
859.468649 13871.616911
859.775977 13874.013484
860.011397 13876.281438
860.286021 13878.856684
860.586859 13881.419194
860.854969 13883.671664
861.083861 13885.998199
861.365026 13888.639018
861.659310 13891.114776
861.901258 13893.484881
862.169355 13896.206386
862.483223 13898.975401
862.757848 13901.358992
862.986714 13903.694698
863.248271 13906.420364
863.555611 13909.003390
863.784478 13911.508302
864.072209 13914.218185
864.340319 13916.622501
864.562645 13919.137959
864.850351 13921.795933
865.098851 13924.634408
865.419260 13927.487725
865.667723 13930.293981
865.975050 13933.148251
866.230040 13935.886762
866.511257 13938.944035
866.825137 13942.052848
867.112843 13944.942396
867.380965 13947.917817
867.681765 13950.874871
867.943347 13953.758761
868.217984 13956.927491
868.499124 13960.662761
868.819532 13964.514080
869.074536 13968.646968
869.388378 13973.257874
869.669556 13977.974549
869.957211 13982.797342
870.218755 13988.679743
870.584909 13994.926638
870.853006 14001.087239
871.173388 14008.135709
871.493797 14015.713644
871.827248 14023.920615
872.167303 14032.708206
872.513835 14041.733523
872.840797 14050.989823
873.174324 14060.041269
873.462081 14070.498991
873.860988 14079.927406
874.063680 14080.447475
874.240337 14075.171837
874.423585 14070.221189
874.619826 14065.618279
874.829223 14061.550502
875.045110 14057.314555
875.437756 14054.138967
875.686435 14053.056909
875.922058 14052.967006
876.144588 14053.594719
876.347445 14054.652898
876.582953 14055.849100
876.805369 14057.224753
877.106244 14058.833578
877.413559 14060.435960
877.707805 14062.120289
878.041206 14063.904951
878.368104 14065.811089
878.740785 14067.731295
879.067645 14069.503622
879.381487 14071.234160
879.688827 14073.161618
880.068062 14075.251133
880.427688 14077.301553
880.787276 14079.405810
881.159957 14081.430456
881.486665 14083.278972
881.793890 14085.372771
882.199173 14087.577236
882.538974 14089.525801
882.852842 14091.567799
883.218996 14093.424184
883.467484 14095.214624
883.807539 14097.134878
884.095270 14098.906202
884.382976 14100.769235
884.696856 14102.561002
884.958388 14104.343394
885.265740 14106.072958
885.507675 14107.583973
885.743070 14109.374058
886.070031 14111.319656
886.351222 14113.044798
886.606251 14114.757939
886.880875 14116.564935
887.162066 14118.402922
887.443244 14120.121132
887.685192 14121.848374
887.966344 14123.758075
888.260654 14125.546322
888.502589 14127.344095
888.796823 14129.172088
889.045311 14130.965638
889.326514 14132.700208
889.555356 14134.443580
889.836534 14136.216871
890.071954 14138.067318
890.372791 14140.107728
890.660497 14141.906969
890.889326 14143.669552
891.163989 14145.508606
891.412451 14147.333266
891.680548 14149.282547
891.961739 14151.147254
892.203674 14152.950442
892.465231 14154.832064
892.726787 14156.769555
893.001399 14158.739356
893.269433 14160.670240
893.530900 14162.682364
893.818619 14164.582566
894.047397 14166.491836
894.335077 14168.384101
894.557327 14170.187517
894.818845 14172.145160
895.080364 14174.086494
895.335316 14175.986757
895.583792 14177.696106
895.786471 14179.737082
896.119922 14181.885318
896.348802 14183.616801
896.571128 14185.657978
896.878417 14188.011405
897.179204 14190.299889
897.466910 14192.368423
897.708845 14194.472220
898.003104 14196.687504
898.271188 14198.809171
898.539310 14200.965794
898.813922 14203.052823
899.062423 14205.227804
899.356682 14207.807593
899.703253 14210.239743
899.958294 14212.471321
900.252553 14214.604356
900.481407 14216.854634
900.801853 14219.139704
901.037248 14221.273076
901.318451 14223.577400
901.593114 14225.918752
901.880858 14228.297134
902.162062 14230.713129
902.456321 14233.111358
902.730958 14235.492210
903.018689 14238.050174
903.332570 14240.506533
903.594101 14242.805147
903.868738 14245.140817
904.136835 14247.400632
904.391851 14249.726082
904.673029 14252.174396
904.954220 14254.489030
905.202696 14256.784037
905.477333 14259.289417
905.771579 14261.746593
906.033174 14264.039082
906.288177 14266.135081
906.503925 14268.502565
906.817805 14271.053709
907.072783 14273.527151
907.367030 14276.068790
907.635127 14278.650307
907.935875 14281.062062
908.164767 14283.603758
908.491678 14286.514737
908.799018 14289.136138
909.060575 14291.707449
909.354795 14294.166114
909.590241 14296.481535
909.851759 14299.110675
910.152533 14301.595252
910.381413 14304.028007
910.669131 14306.499029
910.904538 14309.010135
911.198721 14311.622807
911.453788 14314.214518
911.741506 14316.846193
912.003101 14319.203585
912.231930 14321.758598
912.532716 14324.099161
912.715812 14326.448744
913.016599 14329.283080
913.297803 14331.999854
913.572415 14334.758387
913.860133 14337.526742
914.134796 14340.110613
914.383272 14342.475801
914.612151 14345.011266
914.893304 14347.586806
915.128749 14350.073006
915.390305 14352.763736
915.664943 14355.331098
915.900350 14357.741426
916.142272 14360.158848
916.377705 14362.716910
916.645827 14365.483168
916.920554 14368.191485
917.175621 14370.773903
917.424121 14373.296661
917.666082 14375.894663
917.927664 14378.466206
918.163071 14381.011693
918.418100 14384.520876
918.836552 14387.697511
919.026150 14390.751920
919.418409 14393.951603
919.634226 14396.992450
919.993752 14399.901647
920.183355 14402.126116
920.412194 14404.635092
920.654132 14407.150711
920.882964 14409.497671
921.092193 14411.780369
921.307938 14413.927272
921.490983 14416.007144
921.687087 14418.398959
921.902797 14421.066778
922.111985 14424.445536
922.392982 14427.867814
922.575864 14430.887171
922.771949 14435.201684
923.079120 14439.570829
923.255594 14443.102735
923.445199 14448.478391
923.778605 14454.248248
923.981269 14454.602023
924.164386 14451.047399
924.360328 14448.282299
924.536156 14446.093711
924.804285 14444.731579
925.052789 14444.555257
925.320993 14444.868801
925.582632 14445.224633
925.791909 14445.588331
926.046920 14446.011551
926.315069 14446.460393
926.583142 14446.889650
926.812053 14447.327225
927.073614 14447.813904
927.341727 14448.328234
927.616382 14448.845026
927.871398 14449.357176
928.126434 14449.904055
928.401043 14450.508216
928.695312 14451.107173
928.950319 14451.700896
929.224956 14452.355405
929.519228 14453.026702
929.793878 14453.675393
930.055435 14454.389736
930.369328 14455.103253
930.617816 14455.748772
930.866292 14456.442927
931.140916 14457.151069
931.389417 14457.846981
931.644433 14458.537479
931.879802 14459.289281
932.167534 14460.073844
932.416009 14460.855077
932.690672 14461.650302
932.939173 14462.440285
933.200729 14463.317351
933.495001 14464.177986
933.736962 14465.066413
934.037748 14465.946833
934.266640 14466.799340
934.541278 14467.732768
934.809413 14468.554575
935.012130 14469.354625
935.260631 14470.343475
935.561456 14471.371340
935.823076 14472.281694
936.051968 14473.193307
936.307035 14474.167548
936.562140 14475.117185
936.797560 14476.223477
937.124509 14477.357135
937.366431 14478.456837
937.667167 14479.543359
937.895983 14480.646949
938.196706 14481.847438
938.464740 14482.938473
938.706573 14484.087260
938.994215 14485.278866
939.249117 14486.413522
939.504070 14487.607035
939.778656 14488.875355
940.059707 14490.114033
940.314634 14491.338008
940.582655 14492.717394
940.896396 14494.129514
941.170995 14495.352427
941.399799 14496.573986
941.667883 14497.955824
941.955614 14499.370271
942.230226 14500.751523
942.498323 14502.080791
942.746811 14503.562601
943.067207 14505.146797
943.348436 14506.593183
943.610056 14508.073740
943.897812 14509.605809
944.172539 14511.046016
944.421040 14512.574922
944.721827 14514.044263
944.944178 14515.474185
945.225331 14517.143271
945.526143 14518.945075
945.846577 14520.689381
946.121227 14522.258218
946.376217 14523.921678
946.677017 14525.600466
946.932046 14527.156150
947.187049 14528.827392
947.474780 14530.513571
947.729809 14532.154399
947.997919 14533.830427
948.259488 14535.542772
948.534138 14537.419050
948.841478 14539.290965
949.109575 14540.965193
949.351523 14542.828981
949.671956 14544.751343
949.926947 14546.537626
950.201584 14548.316114
950.450073 14550.177926
950.744344 14552.077063
950.999386 14553.786676
951.234806 14555.602261
951.515984 14557.500877
951.771012 14559.415677
952.052190 14561.534998
952.359518 14563.528512
952.601478 14565.419616
952.876141 14567.445518
953.150766 14569.389665
953.399279 14571.398561
953.686972 14573.446485
953.941988 14575.636642
954.262397 14577.766893
954.497829 14579.916211
954.818225 14582.105132
955.060173 14584.184094
955.347878 14586.328828
955.602894 14588.490373
955.890613 14590.534895
956.112965 14592.728112
956.433360 14595.309447
956.747241 14597.561236
956.982635 14599.668204
957.257260 14601.924830
957.525332 14604.087172
957.773794 14606.403292
958.074594 14609.013761
958.388462 14611.390536
958.630422 14613.559117
958.891966 14615.740722
959.133914 14618.194948
959.454322 14620.779405
959.722419 14623.180077
959.997031 14625.391249
960.219332 14627.705618
960.513591 14630.210358
960.775160 14632.762591
961.075972 14635.210339
961.311367 14637.463660
961.566383 14639.881201
961.834442 14642.527314
962.135241 14645.251727
962.416444 14647.808702
962.677976 14650.257227
962.933004 14652.720376
963.194561 14655.166000
963.443024 14657.625944
963.704580 14660.067655
963.946515 14662.652042
964.234272 14665.411579
964.508909 14668.090842
964.777006 14670.786042
965.051631 14673.496862
965.319728 14676.157584
965.581272 14678.800450
965.842854 14681.491415
966.110938 14684.096478
966.352898 14686.885140
966.653685 14689.993580
966.954472 14693.053083
967.242190 14696.028146
967.523318 14698.813277
967.771806 14701.477432
968.020307 14704.399348
968.288416 14707.924811
968.595744 14711.635741
968.850798 14715.359504
969.118908 14719.640725
969.413128 14724.194106
969.681251 14730.012046
970.080132 14735.896216
970.322042 14741.628063
970.662085 14747.969141
970.936760 14754.387298
971.250615 14761.566795
971.564534 14768.692222
971.845725 14776.239821
972.166146 14784.448641
972.473473 14793.299987
972.813528 14803.482930
973.186260 14814.408572
973.545937 14825.614398
973.905588 14836.626200
974.226022 14847.559655
974.566039 14858.540744
974.899541 14868.292510
975.187247 14878.336956
975.573060 14887.542964
975.828064 14895.862397
976.174634 14905.162502
976.514676 14913.744970
976.822016 14922.050809
977.155518 14929.939685
977.443237 14937.725420
977.783267 14946.281386
978.149471 14953.796168
978.417568 14960.664535
978.744530 14966.450531
978.927626 14970.879973
979.143399 14971.463074
979.320043 14967.644617
979.562168 14964.466414
979.738749 14962.316906
979.941517 14960.468771
980.268657 14959.567698
980.497638 14960.297052
980.955689 14961.825252
981.243432 14963.540471
981.609637 14965.422356
981.956195 14967.283413
982.309280 14969.034403
982.610092 14970.709373
982.930500 14972.573121
983.296667 14974.664955
983.695536 14976.753907
984.055124 14978.804558
984.434358 14980.943648
984.820172 14983.135789
985.212487 14985.625267
985.696421 14988.058184
986.062600 14990.285168
986.467997 14992.374516
986.781839 14994.229423
987.102184 14996.230770
987.461797 14998.322079
987.808316 15000.289998
988.122146 15002.152380
988.429512 15004.105005
988.769567 15006.128304
989.096516 15008.063671
989.403868 15009.848957
989.678480 15011.684622
989.998914 15013.529335
990.273552 15015.404932
990.600500 15017.413149
990.914355 15019.143039
991.149788 15020.903162
991.470171 15022.670345
991.705565 15024.405446
992.012918 15026.421900
992.333326 15028.364077
992.614530 15030.295455
992.928385 15032.150290
993.183426 15034.058135
993.510401 15035.887476
993.739242 15037.574685
994.020445 15039.377503
994.282027 15041.122816
994.543571 15043.051785
994.857477 15044.922746
995.099425 15046.780971
995.406765 15048.758165
995.681440 15050.632993
995.956065 15052.403397
996.198000 15054.249551
996.492284 15056.329957
996.799624 15058.237423
997.041559 15059.925138
997.283520 15061.780146
997.571213 15063.734426
997.839297 15065.558451
998.087785 15067.436603
998.368938 15069.228578
998.591290 15071.004855
998.865902 15073.093224
999.173204 15075.285314
999.474041 15077.297374
999.729019 15079.246690
1000.010159 15081.179634
1000.258622 15082.856243
1000.467842 15084.635447
1000.742416 15086.759217
1001.043139 15088.915909
1001.324228 15091.033342
1001.611883 15092.987829
1001.847214 15094.901441
1002.121826 15096.969953
1002.396387 15099.071575
1002.677540 15101.032255
1002.912922 15102.975789
1003.187508 15105.177053
1003.488295 15107.538573
1003.802176 15109.783636
1004.070285 15111.962293
1004.364519 15114.021472
1004.599901 15116.089403
1004.894185 15118.472826
1005.208028 15120.762694
1005.476150 15122.958948
1005.763869 15125.085275
1006.012369 15127.246104
1006.306603 15129.361938
1006.542036 15131.407352
1006.816648 15133.643994
1007.097800 15135.968584
1007.392034 15138.382206
1007.692872 15140.618464
1007.941360 15142.863584
1008.242147 15145.277715
1008.529865 15147.674518
1008.824111 15149.755104
1009.033382 15151.898216
1009.340697 15154.320398
1009.615372 15156.670206
1009.903091 15159.000860
1010.171200 15161.312771
1010.452404 15163.604990
1010.713960 15165.627389
1010.929733 15167.963529
1011.263223 15170.698324
1011.570563 15173.022964
1011.805957 15175.272158
1012.093688 15177.584769
1012.342176 15179.820636
1012.610286 15182.348506
1012.924167 15184.884885
1013.192264 15187.287820
1013.473467 15189.698782
1013.741551 15191.886981
1013.970418 15194.111646
1014.245081 15196.517039
1014.513178 15198.930613
1014.787841 15201.205925
1015.023261 15203.488870
1015.297911 15205.984438
1015.579076 15208.488385
1015.853726 15210.882380
1016.108755 15213.403282
1016.409542 15215.752871
1016.625328 15217.901572
1016.880369 15220.265982
1017.141938 15222.848453
1017.442750 15225.348497
1017.684736 15227.766346
1017.965889 15230.342985
1018.240526 15232.653712
1018.462840 15234.941272
1018.730924 15237.296115
1018.966306 15239.750890
1019.254050 15242.490226
1019.548271 15245.145902
1019.816419 15247.686426
1020.084503 15250.078793
1020.319910 15252.572370
1020.607616 15255.260943
1020.882279 15257.863865
1021.150338 15260.285562
1021.385745 15262.778210
1021.666936 15265.721942
1021.993884 15268.579399
1022.255441 15271.095839
1022.510457 15273.619571
1022.771988 15276.150595
1023.027017 15278.818111
1023.314735 15281.525560
1023.576304 15284.047336
1023.824831 15286.641227
1024.099430 15289.274742
1024.354471 15291.916430
1024.629109 15294.466996
1024.864503 15297.156924
1025.165316 15299.919639
1025.413766 15302.426791
1025.662279 15305.073501
1025.936904 15307.760428
1026.191920 15310.188742
1026.414284 15312.623738
1026.669300 15315.198361
1026.917763 15318.150078
1027.244725 15321.210947
1027.512822 15323.909965
1027.767812 15326.447219
1028.003245 15328.991533
1028.258274 15331.814812
1028.545979 15334.577201
1028.787914 15337.142196
1029.036390 15339.679174
1029.271757 15342.360885
1029.546438 15345.222258
1029.814549 15348.160912
1030.102264 15350.899160
1030.331137 15353.366931
1030.566567 15356.084853
1030.841179 15358.949303
1031.102735 15361.822120
1031.377400 15364.456178
1031.593191 15367.210322
1031.887450 15369.959144
1032.090203 15372.755072
1032.351800 15376.252843
1032.619905 15379.886933
1032.855296 15383.910681
1033.129967 15388.590555
1033.404622 15393.968426
1033.712054 15399.395148
1033.954017 15405.164135
1034.254784 15411.648343
1034.529456 15417.981154
1034.784487 15425.812758
1035.144197 15433.113303
1035.333837 15438.979935
1035.562731 15445.435343
1035.778477 15451.632174
1035.974650 15469.139440
1037.065999 15486.932548
1037.373508 15493.833833
1037.726656 15501.279683
1038.112505 15509.449163
1038.563839 15515.861170
1038.786147 15520.212126
1039.034600 15524.654601
1039.276526 15528.831002
1039.505392 15533.084245
1039.766960 15536.813750
1039.943514 15539.758346
1040.120043 15539.928248
1040.296601 15537.518503
1040.505778 15535.736460
1040.708466 15534.827916
1040.911218 15534.611930
1041.153156 15534.749586
1041.395094 15534.985383
1041.676322 15535.227323
1041.918264 15535.454060
1042.153680 15535.686411
1042.395647 15535.930898
1042.644168 15536.187964
1042.899192 15536.472103
1043.186915 15536.759383
1043.435428 15537.046779
1043.710050 15537.325484
1043.932409 15537.626136
1044.233149 15537.944171
1044.475118 15538.258115
1044.756277 15538.590458
1045.017859 15538.921861
1045.285957 15539.272752
1045.567129 15539.635145
1045.841779 15540.000688
1046.116423 15540.373518
1046.391029 15540.749063
1046.659145 15541.131879
1046.933808 15541.507412
1047.182302 15541.909373
1047.483102 15542.303106
1047.711971 15542.684436
1047.986631 15543.102016
1048.254727 15543.495631
1048.490141 15543.906355
1048.771319 15544.355152
1049.045970 15544.817012
1049.333714 15545.286341
1049.608336 15545.746597
1049.876441 15546.185534
1050.118389 15546.642697
1050.399573 15547.123629
1050.661133 15547.629886
1050.961939 15548.155411
1051.236589 15548.658579
1051.504712 15549.162756
1051.772834 15549.673919
1052.040969 15550.198439
1052.315607 15550.769020
1052.622998 15551.354024
1052.904252 15551.854310
1053.120050 15552.320922
1053.362074 15552.860554
1053.643328 15553.454675
1053.931098 15554.084582
1054.238488 15554.715719
1054.519743 15555.312422
1054.787865 15555.953048
1055.101822 15556.601275
1055.369970 15557.221015
1055.651224 15557.900849
1055.965193 15558.611775
1056.266069 15559.239023
1056.501489 15559.944595
1056.861178 15560.704573
1057.135866 15561.419320
1057.449772 15562.133788
1057.717920 15562.848853
1058.025247 15563.604602
1058.319532 15564.327333
1058.594182 15565.032719
1058.868845 15565.719747
1059.123899 15566.474446
1059.444333 15567.210010
1059.679753 15567.936545
1059.987118 15568.767441
1060.294458 15569.616521
1060.608351 15570.420125
1060.876474 15570.466061
1061.118853 15570.395313
1061.315030 15571.003317
1061.583140 15571.772999
1061.896995 15572.568319
1062.178186 15573.310670
1062.446308 15573.970785
1062.662106 15574.737648
1063.002162 15575.611796
1063.289880 15576.403672
1063.564518 15577.128730
1063.799950 15577.889349
1064.094196 15578.646791
1064.323101 15579.460409
1064.650063 15580.280444
1064.878917 15581.090091
1065.192823 15582.005401
1065.487069 15582.830099
1065.735595 15583.602186
1065.990573 15584.431588
1066.271751 15585.360744
1066.585632 15586.236063
1066.827579 15587.088821
1067.121851 15588.001084
1067.396501 15588.868471
1067.658045 15589.775625
1067.952291 15590.722772
1068.233457 15591.678600
1068.527728 15592.499232
1068.723905 15593.293822
1068.998530 15594.227453
1069.273180 15595.157546
1069.541303 15596.038302
1069.783238 15596.960361
1070.070931 15597.946810
1070.345594 15598.871621
1070.594069 15599.792001
1070.862179 15600.742602
1071.123748 15601.760056
1071.424560 15602.833066
1071.712279 15603.818169
1071.960754 15604.701464
1072.189634 15605.652139
1072.470799 15606.744755
1072.771611 15607.783493
1073.020125 15608.730231
1073.268600 15609.708525
1073.530195 15610.769575
1073.817901 15611.837882
1074.079457 15612.927212
1074.373729 15613.958996
1074.602583 15614.933208
1074.864139 15615.978981
1075.125721 15617.058212
1075.400346 15618.091280
1075.635779 15619.144946
1075.916957 15620.258827
1076.178539 15621.326190
1076.433605 15622.455128
1076.721311 15623.618534
1076.989383 15624.776274
1077.270573 15625.969410
1077.551701 15627.142352
1077.819747 15628.393890
1078.133538 15629.781688
1078.460411 15631.107845
1078.741487 15632.256144
1078.983346 15633.426486
1079.270963 15634.720441
1079.565146 15636.008138
1079.846197 15637.245117
1080.114205 15638.564715
1080.428009 15639.877220
1080.689464 15641.002574
1080.918267 15642.089108
1081.160177 15643.318525
1081.447857 15644.554419
1081.689742 15645.782789
1081.970945 15647.079831
1082.239029 15648.384694
1082.520207 15649.759872
1082.814416 15651.095881
1083.075985 15652.424475
1083.363716 15653.712290
1083.605613 15655.040123
1083.906450 15656.390924
1084.154926 15657.733755
1084.449172 15659.165308
1084.730363 15660.572573
1085.011528 15661.938188
1085.273072 15663.261672
1085.534616 15664.642282
1085.815768 15666.013320
1086.070772 15667.493735
1086.391244 15669.083684
1086.685477 15670.580830
1086.966655 15671.966254
1087.215131 15673.324666
1087.483215 15674.707065
1087.738256 15676.131477
1088.019396 15677.703268
1088.326736 15679.248320
1088.594846 15680.695843
1088.862930 15682.043795
1089.091822 15683.505988
1089.399124 15685.010312
1089.641047 15686.523317
1089.948374 15688.079485
1090.203377 15689.425143
1090.432244 15690.850643
1090.713447 15692.448079
1091.001153 15693.998061
1091.262748 15695.593290
1091.563496 15697.270909
1091.851228 15698.863512
1092.119325 15700.426421
1092.393975 15702.015807
1092.668625 15703.631851
1092.949765 15705.313337
1093.244049 15706.925923
1093.499040 15708.546643
1093.793286 15710.213619
1094.061409 15711.752036
1094.309871 15713.474299
1094.636795 15715.381751
1094.944122 15717.173165
1095.225275 15718.906675
1095.493359 15720.870855
1095.807214 15723.221979
1096.140678 15725.774046
1096.461099 15728.251032
1096.735736 15731.013790
1097.082307 15734.117048
1097.396187 15737.346897
1097.729689 15740.895341
1098.069732 15744.559216
1098.390140 15748.294810
1098.710536 15752.582431
1099.089783 15756.886731
1099.384055 15761.089921
1099.717582 15765.734382
1100.051059 15770.617827
1100.391089 15775.846747
1100.744187 15781.276839
1101.084204 15782.595768
1101.273853 15780.095001
1101.463502 15777.907375
1101.738178 15776.331607
1102.104369 15776.225779
1102.503378 15777.072805
1102.758584 15777.910938
1102.967931 15779.236112
1103.491019 15780.919667
1103.896377 15782.275384
1104.236344 15783.479746
1104.556765 15784.747056
1104.929472 15786.137417
1105.315272 15787.555664
1105.701098 15788.929468
1106.060737 15790.234296
1106.407294 15791.518211
1106.753877 15792.793125
1107.093907 15794.095544
1107.453559 15795.315411
1107.747779 15796.427989
1108.048541 15797.628820
1108.388533 15798.844441
1108.695809 15799.952001
1108.976987 15801.037331
1109.271246 15802.211441
1109.598182 15803.375534
1109.885901 15804.492573
1110.186713 15805.686578
1110.513649 15806.833091
1110.788299 15807.857096
1111.049868 15808.908082
1111.337587 15809.973513
1111.605697 15811.003262
1111.873781 15812.097962
1112.174606 15813.156791
1112.423081 15814.192450
1112.710812 15815.242606
1112.965867 15816.205885
1113.207802 15817.272580
1113.515167 15818.404776
1113.789817 15819.437065
1114.044820 15820.560781
1114.365229 15821.699365
1114.626836 15822.802054
1114.927724 15823.983817
1115.228537 15825.129039
1115.509689 15826.237845
1115.790905 15827.309995
1116.052487 15828.384071
1116.333665 15829.511943
1116.621396 15830.576920
1116.869910 15831.656907
1117.164156 15832.738560
1117.412619 15833.783135
1117.687282 15834.999860
1118.020797 15836.192457
1118.282353 15837.216597
1118.530841 15838.268867
1118.805492 15839.375619
1119.080129 15840.484324
1119.354767 15841.555287
1119.609795 15842.628210
1119.884458 15843.756054
1120.165636 15844.885900
1120.440299 15846.057825
1120.741099 15847.325335
1121.061507 15848.461372
1121.296914 15849.479044
1121.558483 15850.578919
1121.833159 15851.747918
1122.127418 15852.986380
1122.434783 15854.173187
1122.702918 15855.226926
1122.944866 15856.323157
1123.232635 15857.448226
1123.487664 15858.616081
1123.795017 15859.772241
1124.043530 15860.903362
1124.337815 15862.077223
1124.605925 15863.198427
1124.874034 15864.321517
1125.142144 15865.446466
1125.410241 15866.614578
1125.697959 15867.757088
1125.952988 15868.901672
1126.240719 15870.131054
1126.534966 15871.279420
1126.783441 15872.374442
1127.051576 15873.498961
1127.313133 15874.639246
1127.587796 15875.823236
1127.868974 15876.981270
1128.130556 15878.099328
1128.392125 15879.219125
1128.653681 15880.410952
1128.947953 15881.632826
1129.222590 15882.814581
1129.497228 15883.885407
1129.719554 15885.028720
1130.026894 15886.315204
1130.314625 15887.433852
1130.543492 15888.540239
1130.824683 15889.719253
1131.086227 15890.814800
1131.328200 15891.883580
1131.576688 15893.011015
1131.844785 15894.183090
1132.112895 15895.414425
1132.407154 15896.633369
1132.668723 15897.739335
1132.910658 15898.818293
1133.159184 15900.071980
1133.479592 15901.761378
1133.924270 15903.323491
1134.185814 15904.497523
1134.453924 15905.600748
1134.682803 15906.662063
1134.931304 15907.841448
1135.212495 15909.095656
1135.493723 15910.351853
1135.774876 15911.536813
1136.023390 15912.753171
1136.317661 15914.103520
1136.624989 15915.338382
1136.866949 15916.383764
1137.089275 15917.578233
1137.396603 15918.877831
1137.664725 15920.164898
1137.965499 15921.335168
1138.181272 15922.537324
1138.495178 15923.666588
1138.678261 15924.708391
1138.952899 15925.855760
1139.181765 15927.094650
1139.495646 15928.320196
1139.717972 15929.322943
1139.933707 15930.552055
1140.254090 15931.827970
1140.489522 15932.940388
1140.737896 15934.069144
1140.979768 15935.260054
1141.254367 15936.498007
1141.515873 15937.677296
1141.764310 15938.858275
1142.025791 15940.132043
1142.313458 15941.514254
1142.620735 15942.822608
1142.875751 15944.011122
1143.130716 15945.415437
1143.477312 15946.852485
1143.745396 15948.184822
1144.046170 15949.350196
1144.242322 15950.517530
1144.543096 15951.701665
1144.745839 15952.795282
1145.007395 15953.998157
1145.255883 15955.063612
1145.458588 15956.161508
1145.720157 15957.260699
1145.922887 15958.376918
1146.190959 15959.587636
1146.432919 15960.722299
1146.668288 15961.920866
1146.936423 15963.011814
1147.126047 15964.026167
1147.361454 15965.135418
1147.590308 15966.277347
1147.838758 15967.483495
1148.093787 15968.691283
1148.342237 15969.932192
1148.610334 15971.174881
1148.858825 15972.435117
1149.133442 15973.617975
1149.349195 15974.976720
1149.695779 15976.463944
1149.963898 15978.081174
1150.362868 15979.939589
1150.729160 15981.626553
1151.056171 15983.140975
1151.350447 15984.338114
1151.546603 15985.617192
1151.873574 15987.041912
1152.128592 15988.180139
1152.337866 15989.384249
1152.619055 15990.750624
1152.893704 15992.038491
1153.142217 15993.182982
1153.358017 15994.312924
1153.600031 15995.379499
1153.789691 15996.414901
1154.018566 15997.710830
1154.312867 15998.992051
1154.535186 16000.291437
1154.835989 16002.129674
1155.273958 16003.823916
1155.515917 16005.734557
1156.038798 16007.696835
1156.300391 16009.024633
1156.568523 16010.271926
1156.797361 16011.339823
1156.993499 16012.458453
1157.241973 16013.710267
1157.490435 16015.064954
1157.765058 16016.672419
1158.065814 16018.450581
1158.347028 16020.136125
1158.575854 16021.807690
1158.817759 16023.528748
1159.033544 16025.189932
1159.236234 16026.964863
1159.458588 16029.672869
1159.844376 16032.282673
1160.020958 16034.214762
1160.236763 16036.733822
1160.511395 16039.389293
1160.733795 16041.794174
1160.943114 16044.133453
1161.139386 16044.309574
1161.335862 16042.680429
1161.571431 16041.857341
1161.865882 16041.794572
1162.107838 16042.013243
1162.356344 16042.243839
1162.611381 16042.499479
1162.899100 16042.748880
1163.127968 16043.005515
1163.415681 16043.288371
1163.683789 16043.565006
1163.945359 16043.866498
1164.246146 16044.178848
1164.514281 16044.458110
1164.743130 16044.747680
1165.017766 16045.050712
1165.259726 16045.344646
1165.508204 16045.660681
1165.776334 16045.991289
1166.037881 16046.345822
1166.332149 16046.720482
1166.613327 16047.054632
1166.835650 16047.400217
1167.123411 16047.788050
1167.398046 16048.155614
1167.646513 16048.515904
1167.901555 16048.891989
1168.163128 16049.304062
1168.457395 16049.733277
1168.732069 16050.124651
1168.967459 16050.491760
1169.202888 16050.943274
1169.536419 16051.417381
1169.791460 16051.851896
1170.066104 16052.298510
1170.327672 16052.729858
1170.576186 16053.201929
1170.877016 16053.721197
1171.171299 16054.196176
1171.413249 16054.684824
1171.714085 16055.204136
1171.982246 16055.750225
1172.302667 16056.279015
1172.544653 16056.747015
1172.793192 16057.265551
1173.080897 16057.823049
1173.362139 16058.362221
1173.623734 16058.895435
1173.891843 16059.442136
1174.159966 16059.995865
1174.428101 16060.577378
1174.715845 16061.145110
1174.964358 16061.755849
1175.284767 16062.373472
1175.533280 16062.927160
1175.788296 16063.567889
1176.108717 16064.230680
1176.376814 16064.819644
1176.625328 16065.407745
1176.886897 16066.025087
1177.154994 16066.695958
1177.455806 16067.342748
1177.697767 16067.973555
1177.978945 16068.618574
1178.227445 16069.287126
1178.521704 16069.986922
1178.789827 16070.595095
1179.005625 16071.243084
1179.299872 16072.032049
1179.620318 16072.761214
1179.862253 16073.481799
1180.169606 16074.208871
1180.411553 16074.926467
1180.705812 16075.596891
1180.908492 16076.265457
1181.196223 16076.984202
1181.431617 16077.655348
1181.680106 16078.424453
1181.980956 16079.293583
1182.294874 16080.199977
1182.615295 16081.030177
1182.870311 16081.773161
1183.125327 16082.590437
1183.426178 16083.630185
1183.824932 16084.690053
1184.132285 16085.533150
1184.380786 16086.323964
1184.648896 16087.141360
1184.910465 16087.955369
1185.172009 16088.838165
1185.472834 16089.769940
1185.760565 16090.668137
1186.035202 16091.531699
1186.296759 16092.370321
1186.551775 16093.237074
1186.826400 16094.088712
1187.068360 16094.925401
1187.329929 16095.900411
1187.650337 16096.905105
1187.924988 16097.840478
1188.199625 16098.771842
1188.467709 16099.664933
1188.716210 16100.541844
1188.971226 16101.494186
1189.258970 16102.464913
1189.520527 16103.396381
1189.782096 16104.322678
1190.037099 16105.255577
1190.298681 16106.242854
1190.579872 16107.164659
1190.802198 16108.105409
1191.089878 16108.990696
1191.279540 16109.919667
1191.586893 16111.001680
1191.855003 16111.942609
1192.083869 16112.990449
1192.404290 16114.107575
1192.665834 16115.119142
1192.927403 16116.150237
1193.195513 16117.252629
1193.489797 16118.349343
1193.751354 16119.414695
1194.025979 16120.579102
1194.333331 16121.724814
1194.594901 16122.825593
1194.876079 16123.906393
1195.124554 16125.007941
1195.412260 16126.143236
1195.673842 16127.286280
1195.961573 16128.463833
1196.236211 16129.621544
1196.510873 16130.716910
1196.752847 16131.889368
1197.060199 16133.167111
1197.347905 16134.354154
1197.609474 16135.606219
1197.923367 16136.923310
1198.211124 16138.104591
1198.459625 16139.162181
1198.688504 16140.401437
1199.015491 16141.691099
1199.263979 16142.782096
1199.499361 16143.983379
1199.793658 16145.310802
1200.081390 16146.571075
1200.342984 16147.914994
1200.663418 16149.144079
1200.872650 16150.381339
1201.193046 16151.778462
1201.467709 16152.920888
1201.676967 16154.132163
1201.977766 16155.411343
1202.213173 16156.651125
1202.494390 16157.912714
1202.736350 16159.181344
1203.017515 16160.520241
1203.285638 16161.995745
1203.619152 16163.462758
1203.880683 16164.727376
1204.129172 16166.047708
1204.410350 16167.473291
1204.698081 16168.856932
1204.959625 16170.248108
1205.247292 16171.696471
1205.528445 16173.085376
1205.789913 16174.396986
1206.038299 16175.715120
1206.299779 16177.107715
1206.574328 16178.610038
1206.875013 16180.051024
1207.123400 16181.292158
1207.345650 16182.643435
1207.633279 16184.017751
1207.862083 16185.311635
1208.117086 16186.840462
1208.430928 16188.323146
1208.666323 16189.796278
1208.973587 16191.293514
1209.215509 16192.709084
1209.490134 16194.275332
1209.784329 16195.703719
1210.006617 16197.450549
1210.412090 16199.296054
1210.667081 16200.784741
1210.941718 16202.372815
1211.229424 16204.024290
1211.523658 16205.496567
1211.745959 16207.108134
1212.086014 16208.706960
1212.301799 16210.333779
1212.648319 16212.252953
1212.962212 16213.818608
1213.184526 16215.565902
1213.557220 16217.377763
1213.799155 16219.064538
1214.126129 16220.953641
1214.433444 16222.734697
1214.721149 16224.445670
1215.002327 16226.276591
1215.322761 16228.279870
1215.636629 16230.120099
1215.872036 16232.032171
1216.166295 16234.477832
1216.506338 16237.082670
1216.800546 16239.810582
1217.127482 16242.630491
1217.408622 16245.552605
1217.722490 16248.653223
1218.010221 16251.989383
1218.337157 16255.360126
1218.605241 16259.018784
1218.951799 16262.987121
1219.246058 16266.617176
1219.514155 16271.073718
1219.906458 16276.397754
1220.272662 16281.177485
1220.560368 16285.033716
1220.782694 16285.494968
1220.959250 16283.253650
1221.135792 16281.131111
1221.443120 16279.642363
1221.717783 16279.548712
1222.051297 16280.510981
1222.437149 16281.951489
1222.849365 16283.170963
1223.111163 16284.203828
1223.418744 16285.309818
1223.719607 16286.298379
1223.961504 16287.300803
1224.268768 16288.448683
1224.589075 16289.635348
1224.916062 16290.909297
1225.282266 16292.186144
1225.609202 16293.308844
1225.890317 16294.397683
1226.197581 16295.561660
1226.517951 16296.679643
1226.799154 16297.751411
1227.093401 16298.947556
1227.439958 16300.146237
1227.734230 16301.311049
1228.061204 16302.601361
1228.420830 16303.758853
1228.675871 16304.832729
1228.989752 16305.908449
1229.244755 16306.949271
1229.539014 16308.029311
1229.813664 16308.999383
1230.049059 16309.958820
1230.317169 16310.994838
1230.591793 16312.057841
1230.872984 16313.060108
1231.114919 16314.039210
1231.383054 16315.057738
1231.644611 16316.103313
1231.925789 16317.163457
1232.193911 16318.187605
1232.455455 16319.200961
1232.717049 16320.228861
1232.985146 16321.296708
1233.266312 16322.341049
1233.521366 16323.297944
1233.756773 16324.422887
1234.096803 16325.575258
1234.345278 16326.524676
1234.580724 16327.527159
1234.855348 16328.673027
1235.162688 16329.717684
1235.385027 16330.699802
1235.659690 16331.825981
1235.953949 16332.889203
1236.195884 16333.902517
1236.464019 16335.008703
1236.751725 16336.156025
1237.039469 16337.161627
1237.255255 16338.247778
1237.582229 16339.466835
1237.863432 16340.530660
1238.111959 16341.636001
1238.412784 16342.796020
1238.687497 16343.945117
1238.981794 16345.069663
1239.243376 16346.169756
1239.524567 16347.298277
1239.799204 16348.362256
1240.047705 16349.454856
1240.335437 16350.629374
1240.623142 16351.806078
1240.910874 16352.984994
1241.198592 16354.166121
1241.486336 16355.255209
1241.728309 16356.278736
1241.983300 16357.398377
1242.271018 16358.614735
1242.571843 16359.779089
1242.833412 16360.864059
1243.094956 16361.923615
1243.343444 16363.107643
1243.663853 16364.279906
1243.905813 16365.304039
1244.154276 16366.343412
1244.402764 16367.466786
1244.690482 16368.743173
1245.010916 16369.939210
1245.259392 16371.068594
1245.547097 16372.199791
1245.795598 16373.346897
1246.089857 16374.551233
1246.364508 16375.674416
1246.619524 16376.743913
1246.868037 16377.926555
1247.175352 16379.166791
1247.449989 16380.311522
1247.711546 16381.556229
1248.031941 16382.746774
1248.267323 16383.742855
1248.496152 16384.796708
1248.757708 16385.950761
1249.032333 16386.993697
1249.241566 16388.094934
1249.542340 16389.310844
1249.803871 16390.458111
1250.071980 16391.635661
1250.346605 16392.872085
1250.640877 16394.096392
1250.908999 16395.194258
1251.144381 16396.308241
1251.419057 16397.524167
1251.700247 16398.770707
1251.987953 16399.875587
1252.203739 16401.054438
1252.524173 16402.335775
1252.785742 16403.475108
1253.040783 16404.616195
1253.302340 16405.715523
1253.537747 16406.932654
1253.851615 16408.195162
1254.106669 16409.372670
1254.381306 16410.595661
1254.655957 16411.747573
1254.897879 16412.959914
1255.198704 16414.188728
1255.447205 16415.360948
1255.721842 16416.520072
1255.963752 16417.710543
1256.251483 16418.932340
1256.506537 16420.067583
1256.755025 16421.263569
1257.036191 16422.579816
1257.337003 16423.838946
1257.592044 16425.040739
1257.866656 16426.274058
1258.134766 16427.539194
1258.422472 16428.836256
1258.703701 16430.045725
1258.952163 16431.257044
1259.233341 16432.635165
1259.553750 16433.955479
1259.808804 16435.217996
1260.103050 16436.497382
1260.364619 16437.733676
1260.639269 16438.941542
1260.887745 16440.030168
1261.110084 16441.256875
1261.417437 16442.591445
1261.685546 16443.821826
1261.947115 16444.947454
1262.169454 16446.151076
1262.463739 16447.508979
1262.751457 16448.746646
1262.993405 16450.032290
1263.300732 16451.396523
1263.575408 16452.670890
1263.843518 16453.947045
1264.118117 16455.225121
1264.386227 16456.520738
1264.667419 16457.880156
1264.961673 16459.257147
1265.249378 16460.574341
1265.517488 16461.815975
1265.772519 16463.090616
1266.053716 16464.367052
1266.308744 16465.582990
1266.563767 16466.800645
1266.818795 16468.145232
1267.126113 16469.460349
1267.368062 16470.714941
1267.649253 16472.049837
1267.923897 16473.213462
1268.133120 16474.315740
1268.381597 16475.514116
1268.630101 16476.903949
1268.957070 16478.295629
1269.205557 16479.562834
1269.480197 16480.847652
1269.735228 16482.166233
1270.022957 16483.454742
1270.264894 16484.681455
1270.526470 16485.941740
1270.781492 16487.155853
1271.023464 16488.355542
1271.271915 16489.572788
1271.520406 16490.855994
1271.795048 16492.108773
1272.030471 16493.395579
1272.318177 16494.861497
1272.625547 16496.313544
1272.906725 16497.638386
1273.161730 16498.932866
1273.429852 16500.245371
1273.691411 16501.543431
1273.952966 16502.859602
1274.221077 16504.047337
1274.430349 16505.285742
1274.718093 16506.672592
1274.986238 16507.947084
1275.228231 16509.125097
1275.457140 16510.271813
1275.686053 16511.452655
1275.928003 16512.585460
1276.137241 16513.686746
1276.366095 16515.003429
1276.660326 16516.386361
1276.908750 16517.583904
1277.111385 16519.096957
1277.431740 16520.996197
1277.719360 16522.909930
1277.993948 16524.669769
1278.203119 16526.527667
1278.471153 16528.763716
1278.745715 16531.197403
1279.026846 16533.647086
1279.275289 16536.136401
1279.536822 16538.744886
1279.785242 16541.259859
1280.007534 16543.961274
1280.269106 16547.040545
1280.537177 16550.208577
1280.792140 16553.081865
1280.994807 16556.241821
1281.275977 16559.676143
1281.504792 16559.741489
1281.772889 16557.358812
1282.132616 16556.456348
1282.420368 16556.546983
1282.681974 16556.877577
1283.146272 16557.223582
1283.420914 16557.500286
1283.715175 16557.781117
1283.983294 16558.035500
1284.212146 16558.275234
1284.441019 16558.537859
1284.702596 16558.868195
1285.042634 16559.243813
1285.369587 16559.568246
1285.604997 16559.873791
1285.886187 16560.173092
1286.101976 16560.438145
1286.317782 16560.740918
1286.585875 16561.074130
1286.840916 16561.405409
1287.095959 16561.751715
1287.364061 16562.117871
1287.638705 16562.486413
1287.900279 16562.861998
1288.174923 16563.244296
1288.436505 16563.643297
1288.724218 16564.044252
1288.979260 16564.442696
1289.253932 16564.867911
1289.535090 16565.310769
1289.822824 16565.745518
1290.084409 16566.161098
1290.339451 16566.604842
1290.627184 16567.071734
1290.901830 16567.501592
1291.137268 16567.955199
1291.431545 16568.437792
1291.693118 16568.875570
1291.928527 16569.337334
1292.209719 16569.883074
1292.530133 16570.412466
1292.785170 16570.938290
1293.092528 16571.489792
1293.367148 16572.005199
1293.628718 16572.508299
1293.883729 16573.057111
1294.184562 16573.606088
1294.433042 16574.149570
1294.720824 16574.665546
1294.936648 16575.174691
1295.211324 16575.744376
1295.479421 16576.363441
1295.793339 16576.968568
1296.041802 16577.538818
1296.316465 16578.137188
1296.584575 16578.720525
1296.839591 16579.258420
1297.061930 16579.787121
1297.303890 16580.442444
1297.630864 16581.142866
1297.905527 16581.813592
1298.199735 16582.499724
1298.480977 16583.186002
1298.768670 16583.823456
1299.004077 16584.451873
1299.278727 16585.143563
1299.559918 16585.809323
1299.808406 16586.465427
1300.076516 16587.153074
1300.344626 16587.864693
1300.625804 16588.566057
1300.880820 16589.239755
1301.135848 16589.919708
1301.390890 16590.623607
1301.658974 16591.387697
1301.953258 16592.149939
1302.214802 16592.892550
1302.489452 16593.595808
1302.718319 16594.296381
1302.986429 16595.049265
1303.247998 16595.723853
1303.457243 16596.509247
1303.790758 16597.309670
1304.006531 16598.070274
1304.307343 16598.914519
1304.575453 16599.727390
1304.850090 16600.517355
1305.098591 16601.294106
1305.360148 16602.076880
1305.608623 16602.947715
1305.922516 16603.835547
1306.177545 16604.721485
1306.484872 16605.614303
1306.739914 16606.462592
1307.014551 16607.274788
1307.243418 16608.115052
1307.531149 16609.079770
1307.831949 16609.987225
1308.080450 16610.814766
1308.328925 16611.659261
1308.583967 16612.576511
1308.871672 16613.556453
1309.159391 16614.465156
1309.401326 16615.347017
1309.669448 16616.269201
1309.931017 16617.151912
1310.172940 16618.087446
1310.460671 16618.597334
