0.000000 0.000000
0.000000 0.658358
0.176555 0.670242
0.353124 0.670146
0.529704 3.212956
0.706234 8.227290
0.889330 15.330196
1.065847 16.899570
1.248893 14.338643
1.425384 14.170732
1.628076 14.264516
1.804708 15.287530
1.987804 18.500751
2.177351 19.301606
2.367089 17.794205
2.556599 18.083842
2.759304 19.561301
2.948889 23.304152
3.131998 29.715727
3.308490 38.492897
3.485070 49.744869
3.681209 52.647470
3.857739 48.629907
4.073461 47.886750
4.263072 47.682527
4.472254 47.704456
4.674972 48.114656
4.864633 49.575670
5.047678 53.025364
5.224259 59.109470
5.413845 67.664659
5.603430 69.419512
5.806224 66.131233
5.989231 65.832289
6.165748 65.816432
6.348768 65.999934
6.544920 66.662657
6.767208 68.479315
6.963385 72.141014
7.139902 78.207900
7.316445 87.229063
7.499477 99.501495
7.695667 114.739992
7.904912 130.562819
8.081442 146.400773
8.264563 163.421012
8.447646 181.254591
8.630768 200.159369
8.820404 222.210468
9.049258 244.216843
9.225852 246.866229
9.422041 237.539766
9.605099 234.178215
9.781654 232.241348
9.964699 230.799853
10.160876 229.706284
10.337368 228.822182
10.553154 228.121661
10.736199 227.634969
10.971492 227.344352
11.213389 227.362453
11.468430 227.706065
11.703876 228.477996
11.958942 229.679660
12.155183 231.445134
12.338241 234.447767
12.521375 239.692184
12.710960 248.195779
12.913652 260.032947
13.122923 275.773711
13.371347 293.089584
13.574014 309.901410
13.770166 326.650869
13.946657 345.977584
14.175511 366.124750
14.352029 385.454980
14.548129 389.094683
14.737753 380.042150
14.920925 376.393061
15.104008 374.272437
15.280589 372.678511
15.522499 371.483059
15.725178 370.700623
15.999701 370.217240
16.222028 370.109648
16.490048 370.391992
16.803853 371.200278
17.130738 372.421378
17.405299 373.814306
17.634153 375.190869
17.810620 376.707515
18.006797 378.628129
18.209463 381.199788
18.438330 384.531620
18.647575 389.165548
18.876404 395.019306
19.052959 402.330712
19.236068 412.664969
19.432207 426.185865
19.621830 442.707399
19.811467 461.735900
19.994524 464.115152
20.197204 454.066769
20.373785 450.149011
20.550315 447.656538
20.733385 445.849656
20.916417 444.351870
21.151774 443.089177
21.393658 442.202980
21.635580 441.656896
21.870835 441.427576
22.158554 441.555728
22.433140 441.989565
22.648926 442.745985
22.910457 443.792660
23.132809 444.915914
23.315879 446.258204
23.525099 447.854276
23.708208 449.738931
23.904346 452.045845
24.087404 455.017790
24.283568 458.936075
24.466677 464.135728
24.649735 471.448267
24.839384 481.039845
25.015901 492.981550
25.192482 507.676148
25.369037 509.760413
25.552171 501.516164
25.748412 497.999680
25.944576 496.014185
26.127685 494.714071
26.317296 493.795570
26.500366 493.144120
26.709535 492.707424
26.938338 492.547378
27.206410 492.644856
27.382927 493.168727
27.722881 493.958773
27.912479 495.139727
28.226296 496.713628
28.455150 498.502989
28.710115 500.798049
28.965068 503.252558
29.161232 505.964782
29.363899 509.474143
29.566553 514.286615
29.775849 520.970934
29.978528 529.369201
30.155045 539.732172
30.331575 552.746952
30.508169 568.871176
30.691252 571.524182
30.867795 562.782057
31.044388 558.809067
31.233961 555.982482
31.488939 553.947100
31.691593 552.661983
31.907378 551.751844
32.083858 551.156161
32.260400 550.679891
32.534936 550.416336
32.724560 550.486575
32.999172 550.892747
33.267282 551.745871
33.568068 552.924973
33.810016 554.198441
34.012759 555.925398
34.280805 558.058362
34.490000 560.308897
34.679636 563.156696
34.882290 567.079569
35.084956 572.083682
35.261525 578.539558
35.438029 588.030645
35.640708 600.534540
35.823842 615.496156
36.006900 617.995657
36.183443 610.014503
36.373105 606.573105
36.556213 604.622223
36.732743 603.267628
36.928895 602.276625
37.118519 601.530742
37.386552 601.051004
37.634989 600.987787
37.948806 601.208681
38.125336 601.975515
38.511048 603.415897
38.837972 605.205196
39.125627 607.140330
39.361021 609.250232
39.589875 611.566664
39.785976 614.032223
39.962506 617.573833
40.197888 622.120183
40.374456 627.760677
40.564041 636.228353
40.773312 647.995808
40.975991 661.900786
41.152572 677.808881
41.329077 696.222773
41.505581 716.262133
41.682187 737.383644
41.865220 762.044936
42.094099 788.722255
42.303382 813.002015
42.486517 836.812231
42.682719 862.588682
42.891977 889.097055
43.094707 918.502852
43.343195 950.404609
43.578678 977.850059
43.755234 1006.482283
44.003760 1043.870178
44.304572 1081.190518
44.546533 1120.800237
44.873520 1157.069599
45.063232 1160.967327
45.239800 1146.177810
45.422896 1137.622105
45.606005 1132.066329
45.782522 1127.915988
45.965618 1124.293085
46.181366 1121.055390
46.403628 1118.451233
46.606282 1116.124443
46.861235 1113.994665
47.096477 1111.973858
47.429852 1109.950925
47.795980 1108.620113
47.992132 1107.832984
48.227513 1107.140603
48.469436 1106.619944
48.730954 1106.315530
48.920565 1106.209356
49.195190 1106.284176
49.450244 1106.567974
49.692179 1107.071897
49.953735 1107.790518
50.202224 1108.731845
50.463869 1109.922240
50.725489 1111.348953
50.987122 1113.023262
51.248780 1114.880622
51.490791 1117.216092
51.791705 1119.624237
51.987869 1122.015514
52.216748 1124.571611
52.393304 1127.172028
52.576412 1130.395741
52.779104 1134.092230
52.955660 1138.713857
53.164930 1144.377211
53.341473 1151.169590
53.524569 1160.039960
53.707640 1171.392990
53.890761 1185.267121
54.067304 1201.995384
54.250361 1223.049744
54.466147 1244.846014
54.642664 1267.244680
54.858463 1292.810346
55.080713 1319.324358
55.303090 1345.146992
55.505756 1374.708059
55.780368 1409.294686
56.054993 1438.540107
56.238038 1466.967391
56.493080 1496.978618
56.695784 1530.449817
56.996571 1566.905355
57.238506 1574.451680
57.415125 1561.106116
57.591681 1553.617389
57.768274 1548.244353
57.964464 1543.981621
58.160666 1540.666751
58.356932 1537.945313
58.566215 1535.455810
58.827708 1533.559134
59.004213 1532.047308
59.291842 1530.626359
59.559927 1529.726466
59.775700 1529.149427
60.024200 1528.783657
60.253143 1528.666597
60.560521 1528.773015
60.782924 1529.191893
61.109949 1529.862644
61.358437 1530.682889
61.606963 1531.874608
61.920780 1533.457945
62.221542 1535.152738
62.476532 1537.047158
62.757647 1539.226689
63.025693 1541.440684
63.260999 1544.156526
63.581305 1547.278931
63.849364 1550.345949
64.110832 1554.004116
64.431202 1557.500009
64.633894 1560.443648
64.843114 1564.482737
65.163497 1569.015691
65.405394 1572.719097
65.595043 1576.531102
65.823859 1582.100086
66.163914 1588.875175
66.464650 1595.327383
66.719666 1601.043550
66.915843 1606.382983
67.105441 1612.992361
67.347363 1620.154464
67.530472 1627.113734
67.713581 1635.733635
67.929366 1646.074578
68.132058 1656.871742
68.308652 1668.674483
68.491735 1684.053245
68.714036 1701.170979
68.890604 1718.372989
69.067134 1738.224875
69.256770 1760.895272
69.446394 1786.216230
69.642571 1814.667215
69.851905 1819.846125
70.028410 1803.694382
70.231114 1793.756362
70.414248 1787.337770
70.603834 1782.399549
70.786955 1778.159899
71.009243 1774.493542
71.211935 1771.650884
71.408061 1769.019512
71.656473 1766.850658
71.832914 1764.898917
72.126945 1763.174664
72.310003 1761.983155
72.532291 1760.866513
72.761119 1759.894849
73.022663 1759.141057
73.244951 1758.590358
73.532619 1758.215299
73.794150 1758.081310
74.029557 1758.124748
74.245292 1758.365650
74.526521 1758.797635
74.768418 1759.395568
75.016919 1760.286636
75.317744 1761.396130
75.572810 1762.534393
75.795162 1763.833148
76.043714 1765.492218
76.324917 1767.372103
76.579971 1769.224221
76.802348 1771.685642
77.148919 1774.302238
77.364730 1776.634372
77.606690 1779.117151
77.822476 1781.651869
78.044777 1784.466609
78.280209 1788.373976
78.633282 1792.085635
78.809850 1795.363502
79.064853 1799.532873
79.326384 1803.413221
79.516046 1807.097532
79.725266 1811.018503
79.914953 1815.242494
80.124173 1819.628672
80.300741 1824.341544
80.503458 1830.269514
80.732338 1836.902447
80.935055 1844.312832
81.150879 1853.071519
81.360099 1862.401845
81.536692 1873.213434
81.732869 1886.759982
81.929059 1903.265389
82.131776 1921.981399
82.314834 1944.615890
82.530632 1948.595527
82.726809 1935.323857
82.916484 1928.189370
83.119239 1923.288962
83.308888 1919.573634
83.524674 1916.468234
83.747102 1914.133477
83.943330 1912.446276
84.126387 1911.028711
84.342084 1909.650282
84.629727 1908.583496
84.852065 1907.942129
85.074354 1907.515127
85.303296 1907.285219
85.571419 1907.272889
85.826575 1907.471441
86.062045 1907.911521
86.349853 1908.730060
86.696436 1909.725131
86.938358 1910.805069
87.199940 1912.257218
87.507229 1913.756113
87.716423 1915.539729
88.036806 1917.594728
88.272137 1919.824152
88.572861 1922.467085
88.853988 1924.914240
89.069685 1927.605914
89.357302 1930.737774
89.618820 1934.064465
89.899947 1937.562630
90.154887 1941.202154
90.422971 1945.010495
90.671396 1948.736151
90.900275 1952.627507
91.142185 1957.412872
91.442959 1961.850321
91.619514 1965.553324
91.815666 1970.110949
92.051048 1976.258862
92.351873 1983.321781
92.613391 1989.879994
92.822624 1995.935654
93.005719 2003.078395
93.234586 2011.456755
93.437278 2020.473373
93.639983 2030.426811
93.829619 2041.228416
94.012766 2054.276286
94.221986 2069.295693
94.411622 2084.864555
94.588165 2101.924883
94.771248 2121.082247
94.954369 2143.721493
95.163615 2168.340013
95.346698 2170.837059
95.529743 2155.837180
95.719341 2146.541824
95.922059 2140.232526
96.098614 2135.575732
96.288288 2131.511620
96.490904 2127.785318
96.726286 2124.484025
96.955165 2121.962433
97.144637 2119.942812
97.347227 2117.678815
97.667508 2115.771915
97.850579 2114.454431
98.092463 2113.229067
98.308223 2112.115097
98.609010 2111.207635
98.818192 2110.584186
99.086264 2110.091387
99.341280 2109.811090
99.609364 2109.718978
99.818584 2109.802347
100.067059 2110.045327
100.302466 2110.509354
100.590223 2111.235667
100.877929 2112.158792
101.146051 2113.199769
101.388037 2114.346558
101.623508 2115.781492
101.904736 2117.345298
102.127075 2119.061638
102.395198 2121.210097
102.682891 2123.361531
102.905242 2125.530525
103.153743 2128.061658
103.415287 2130.783471
103.663788 2133.834337
103.944979 2136.927191
104.167229 2139.715118
104.369997 2142.582075
104.579242 2146.551839
104.899625 2151.112750
105.148139 2155.400388
105.390036 2159.726828
105.605872 2163.945155
105.802011 2168.711972
106.030916 2174.283538
106.253255 2179.741593
106.429848 2185.269687
106.612919 2191.733010
106.802593 2199.127703
106.985664 2207.942514
107.181904 2218.310582
107.364974 2230.226867
107.548083 2244.020267
107.724638 2259.837710
107.901143 2278.027725
108.077737 2279.897218
108.267398 2268.251300
108.463563 2262.038935
108.653237 2257.924080
108.836371 2254.909012
109.012952 2252.323986
109.235342 2250.173088
109.425029 2248.612396
109.614614 2247.287017
109.830311 2245.996680
110.144128 2244.976402
110.405647 2244.443447
110.608377 2244.164358
110.856979 2244.076367
111.144787 2244.222659
111.399955 2244.598368
111.668077 2245.188745
111.929672 2245.953252
112.178173 2246.882830
112.426661 2248.286555
112.786274 2249.968265
113.054371 2251.554526
113.296243 2253.463972
113.597055 2255.478487
113.819305 2257.748596
114.126531 2260.252969
114.361887 2262.960930
114.662585 2266.077352
114.937134 2269.117155
115.185546 2272.193736
115.433958 2275.635116
115.708557 2279.516870
115.989697 2283.436825
116.238122 2287.611066
116.519312 2291.970864
116.761196 2296.508650
117.029293 2301.069819
117.245092 2305.835386
117.500070 2310.539417
117.683166 2316.497106
118.003587 2324.283387
118.284727 2331.591971
118.507027 2339.259549
118.749026 2347.523149
118.951692 2356.303758
119.160950 2367.071235
119.389842 2378.627664
119.572964 2390.663353
119.762524 2405.325168
119.971845 2421.525083
120.154890 2440.156770
120.370702 2460.338148
120.547270 2480.342334
120.723800 2502.014750
120.900355 2527.224770
121.103136 2553.777349
121.279742 2584.446271
121.534847 2622.273273
121.816127 2654.794395
121.999261 2692.864301
122.365529 2733.377279
122.587817 2766.781496
122.855926 2799.940677
123.078240 2830.191895
123.307094 2861.513075
123.549054 2893.017728
123.784436 2927.226377
124.072117 2959.053153
124.274796 2985.975169
124.490582 3011.465551
124.673716 3013.713096
124.856837 2998.273433
125.046422 2988.178684
125.242612 2981.413162
125.419142 2976.558750
125.595710 2972.632913
125.772278 2969.270800
125.961838 2966.211662
126.171071 2963.543692
126.373674 2961.352297
126.569686 2959.369243
126.798464 2957.627723
127.001130 2956.032575
127.269113 2954.157758
127.680987 2952.637274
127.929437 2951.749530
128.171321 2951.022385
128.413218 2950.425944
128.655115 2949.947771
128.896986 2949.574312
129.145436 2949.293549
129.413470 2949.115781
129.661945 2949.046112
129.975788 2949.077767
130.224238 2949.193089
130.446564 2949.384869
130.688512 2949.660643
130.930472 2950.003258
131.159364 2950.442570
131.420933 2951.004827
131.689069 2951.631863
131.930991 2952.329479
132.186020 2953.164255
132.460657 2954.001810
132.669915 2954.927994
132.944552 2956.023813
133.199594 2957.153399
133.448095 2958.487444
133.748894 2959.894265
133.990817 2961.332449
134.265467 2962.915603
134.527049 2964.468185
134.762481 2965.928601
134.971777 2967.603602
135.246478 2969.776315
135.566975 2972.016751
135.828519 2973.870654
136.024798 2975.765454
136.273286 2977.919678
136.508731 2980.156249
136.750666 2982.544036
136.992639 2985.765641
137.358831 2989.506091
137.653141 2992.971622
137.921238 2996.137617
138.130509 2999.235125
138.352860 3003.071806
138.620983 3007.013108
138.817210 3010.757504
139.019940 3015.020038
139.229211 3019.765263
139.431966 3024.937266
139.628194 3031.061145
139.843980 3037.854928
140.027101 3045.612418
140.229882 3054.882283
140.419518 3065.817552
140.615721 3078.343176
140.792302 3092.693015
140.975347 3109.715344
141.158468 3129.312999
141.341564 3157.977464
141.622640 3191.131919
141.838451 3222.513389
142.073859 3256.470231
142.322398 3294.463089
142.610129 3330.904242
142.832442 3369.900054
143.152838 3408.810880
143.375151 3452.903085
143.774058 3500.784005
144.055211 3534.973892
144.264456 3563.919973
144.473727 3590.434911
144.650257 3592.903424
144.826838 3577.456320
145.003406 3567.799351
145.179986 3561.141634
145.356555 3555.821562
145.559297 3551.382516
145.762002 3547.887176
145.964783 3545.012333
146.180721 3542.570465
146.409613 3540.546958
146.644957 3538.865620
146.906399 3537.641626
147.102500 3536.759832
147.350950 3535.991306
147.632090 3535.510709
147.821688 3535.259623
148.070113 3535.136091
148.344687 3535.216079
148.671521 3535.465666
148.919946 3535.810857
149.148724 3536.329988
149.449409 3537.010448
149.717468 3537.723469
149.952812 3538.588303
150.246956 3539.610909
150.514964 3540.708068
150.789538 3541.906188
151.057559 3543.138723
151.306035 3544.446899
151.567655 3545.859041
151.822747 3547.381531
152.090907 3549.250382
152.424447 3551.135618
152.666370 3552.884941
152.927926 3554.840339
153.202576 3556.967883
153.483754 3559.307084
153.784529 3561.726640
154.059166 3564.291876
154.366519 3566.995017
154.647697 3569.525900
154.896172 3571.988369
155.144660 3574.706663
155.425851 3577.227512
155.622003 3580.171760
155.962020 3583.646123
156.236619 3586.631410
156.472014 3589.595110
156.727017 3592.853753
156.995063 3596.475898
157.289271 3599.905754
157.511610 3603.419176
157.799253 3607.373282
158.067350 3610.836250
158.270080 3614.486067
158.544679 3618.678883
158.799695 3622.443121
159.002463 3625.792692
159.192023 3629.207066
159.388200 3632.686986
159.571334 3637.431276
159.878674 3643.362223
160.153325 3648.914761
160.388732 3654.158611
160.604530 3659.690097
160.833460 3665.423903
161.036152 3671.015405
161.225852 3676.706081
161.408935 3683.282692
161.624810 3690.603998
161.821012 3699.156258
162.063011 3708.747079
162.272332 3717.867687
162.455466 3727.472761
162.651694 3738.034531
162.841356 3750.318456
163.063733 3764.013504
163.266501 3777.434008
163.449597 3790.834257
163.626203 3805.665092
163.822418 3821.676326
164.005527 3839.635322
164.221312 3858.267981
164.397855 3877.031892
164.594108 3898.153757
164.796749 3919.591007
164.979871 3921.725476
165.156363 3908.228285
165.332981 3899.483137
165.509511 3893.049195
165.699161 3888.009192
165.875716 3884.062816
166.052259 3880.586043
166.248423 3877.300371
166.470686 3874.533041
166.660157 3872.289250
166.862785 3869.968077
167.137283 3867.971615
167.333384 3866.310150
167.607996 3864.885273
167.791028 3863.669088
168.078683 3862.120384
168.529762 3860.937976
168.758565 3860.284479
169.033177 3859.747113
169.268508 3859.363720
169.510405 3859.066041
169.785005 3858.867479
170.059591 3858.784864
170.268786 3858.800087
170.536832 3858.908548
170.804967 3859.094617
171.033821 3859.501554
171.471971 3860.080075
171.772770 3860.662524
172.047408 3861.292089
172.302437 3861.963889
172.544384 3862.693847
172.786332 3863.545300
173.054442 3864.487604
173.302955 3865.559679
173.590687 3866.730951
173.845715 3868.033566
174.146515 3869.478167
174.421127 3870.844933
174.656572 3872.339577
174.944291 3873.849611
175.160051 3875.451163
175.447820 3877.281182
175.709415 3879.162746
175.984103 3881.183518
176.258855 3883.168416
176.500790 3885.243611
176.775440 3887.371278
177.010835 3889.680110
177.305106 3892.103874
177.547054 3894.380841
177.788938 3896.874950
178.057061 3899.600268
178.325107 3902.224064
178.553999 3904.699486
178.776351 3907.383179
179.024775 3910.329353
179.273302 3914.350404
179.665655 3918.106360
179.848764 3920.772317
180.051507 3924.485283
180.358885 3928.902586
180.626982 3933.199026
180.882023 3937.998126
181.169780 3943.711357
181.477120 3950.053081
181.771430 3955.609825
181.961079 3961.187705
182.209542 3967.519726
182.418850 3973.702760
182.615053 3980.281594
182.811229 3987.395087
183.000891 3994.819892
183.177459 4003.836747
183.399811 4013.743076
183.576417 4024.687871
183.792190 4037.357557
183.988392 4050.505736
184.178054 4064.967970
184.374257 4081.042164
184.570433 4098.546369
184.766636 4117.506240
184.962800 4137.208539
185.145909 4157.565299
185.328992 4179.208900
185.512050 4181.644410
185.688605 4167.445069
185.878254 4157.967904
186.094027 4151.534693
186.277148 4147.034808
186.473363 4143.445669
186.656497 4140.605019
186.846172 4137.994587
187.081579 4135.758536
187.290900 4134.160560
187.474009 4132.901079
187.670148 4131.858243
187.853269 4130.946625
188.088651 4130.177327
188.297922 4129.627699
188.520273 4129.203289
188.788421 4128.935275
189.063033 4128.851650
189.278806 4128.932202
189.566499 4129.166916
189.841073 4129.569145
190.141771 4130.034640
190.350953 4130.652076
190.671272 4131.496648
190.971945 4132.415036
191.253046 4133.415921
191.534123 4134.452614
191.782509 4135.556571
192.050543 4136.807731
192.325117 4138.116924
192.580108 4139.463056
192.835085 4140.833314
193.070480 4142.364191
193.351683 4144.230712
193.665564 4146.111189
193.920555 4148.056095
194.221341 4150.015476
194.456774 4152.050383
194.751033 4154.382100
195.038739 4156.764622
195.319917 4158.983796
195.548783 4161.293347
195.829949 4163.676630
196.058841 4166.479303
196.405373 4169.809346
196.719254 4172.610100
196.941580 4175.263541
197.209677 4178.213028
197.471221 4181.295901
197.745820 4184.635198
198.033488 4187.712706
198.249261 4191.025619
198.556512 4194.734957
198.818068 4198.452304
199.105736 4202.345634
199.373820 4205.999674
199.609202 4209.439234
199.831503 4213.214773
200.093059 4217.348291
200.341560 4221.209038
200.550767 4224.710170
200.740455 4228.607705
200.975849 4232.990960
201.198188 4237.404943
201.413961 4243.490885
201.760557 4251.095617
202.067897 4258.514190
202.342547 4266.113037
202.610669 4273.605391
202.833059 4281.408239
203.075032 4289.268551
203.264681 4298.370372
203.526314 4307.899288
203.702920 4317.310614
203.918744 4327.793721
204.108469 4339.024927
204.317752 4352.191681
204.540129 4365.274297
204.716723 4377.961449
204.899819 4392.228092
205.096021 4408.216111
205.298751 4424.331380
205.475332 4440.827487
205.664981 4458.495672
205.848077 4477.433561
206.044229 4496.928732
206.220822 4520.024866
206.462757 4524.871456
206.652368 4510.530631
206.848570 4501.144161
207.051250 4494.693406
207.234346 4489.605261
207.450157 4485.474947
207.626699 4482.389601
207.803306 4479.356183
208.038637 4476.573364
208.241265 4474.416981
208.437302 4472.655877
208.613756 4470.440246
209.005957 4467.845988
209.417869 4466.148312
209.659715 4465.230690
209.855867 4464.459070
210.097776 4463.721222
210.352716 4463.062308
210.653465 4462.545308
210.908379 4462.203834
211.156817 4461.972191
211.405241 4461.836288
211.673300 4461.797794
211.941321 4461.852930
212.183231 4462.003281
212.457843 4462.243018
212.712846 4462.544229
212.948317 4462.953212
213.236048 4463.472632
213.504145 4464.046654
213.759174 4464.649202
213.988066 4465.365235
214.269193 4466.183645
214.517732 4467.065805
214.785816 4468.103054
215.073560 4469.185675
215.322061 4470.328834
215.596699 4471.630457
215.877877 4473.057454
216.165646 4474.523327
216.427177 4476.062879
216.708342 4477.563253
216.930669 4479.190589
217.224940 4480.998610
217.480007 4482.831129
217.754645 4484.718994
218.003171 4486.666740
218.271331 4488.824679
218.552535 4491.015991
218.807602 4493.011754
219.023387 4495.201650
219.304527 4497.707712
219.572599 4500.123588
219.814534 4502.501317
220.056507 4504.894935
220.285323 4507.518488
220.553420 4510.420978
220.815002 4513.214312
221.043843 4516.291219
221.331574 4519.321290
221.534292 4522.378010
221.802389 4525.786158
222.037834 4528.845605
222.234023 4532.945477
222.580594 4537.125495
222.763715 4541.027129
223.038416 4545.063968
223.214997 4549.165302
223.463485 4554.149664
223.698930 4559.412936
223.934350 4565.151061
224.169783 4571.839704
224.431390 4579.019571
224.653754 4586.501062
224.882621 4594.558881
225.091892 4603.296278
225.307716 4612.859549
225.510446 4622.634956
225.693605 4632.683687
225.870148 4643.493443
226.046716 4656.489386
226.255974 4670.623102
226.432542 4684.740346
226.609123 4701.496493
226.818406 4719.818364
227.001464 4737.891263
227.178057 4757.186021
227.361140 4758.858936
227.557330 4745.916945
227.746992 4738.350487
227.943169 4733.215372
228.119711 4729.461351
228.302845 4726.273614
228.505576 4723.650995
228.695212 4721.374806
228.937236 4719.376411
229.166153 4717.811726
229.414692 4716.644614
229.617461 4715.791910
229.852893 4715.123661
230.068666 4714.642288
230.330312 4714.321936
230.578787 4714.191075
230.774926 4714.208935
231.049487 4714.360413
231.297950 4714.664856
231.579090 4715.139801
231.873260 4715.794502
232.187102 4716.471086
232.402901 4717.171039
232.657866 4718.108829
232.965193 4719.168581
233.233278 4720.312790
233.527562 4721.566336
233.802187 4722.904985
234.089867 4724.300948
234.351449 4725.734759
234.619571 4727.369378
234.920346 4729.073343
235.181940 4730.811294
235.463105 4732.794599
235.770407 4734.948821
236.071232 4737.035548
236.332776 4739.010821
236.581239 4741.092430
236.849349 4743.363360
237.123961 4745.661487
237.378989 4748.045280
237.653525 4750.729301
237.954249 4753.246013
238.176460 4755.788702
238.464128 4758.744581
238.751720 4761.763402
239.032796 4764.844637
239.313885 4767.871213
239.568812 4770.914866
239.836846 4773.884807
240.065674 4776.614454
240.281422 4779.924576
240.588698 4783.757038
240.869851 4787.275733
241.111723 4790.918698
241.392901 4794.774781
241.647891 4798.528067
241.896379 4802.791443
242.197153 4807.056276
242.425969 4811.309384
242.700645 4815.620488
242.916380 4820.296594
243.204162 4824.789136
243.380666 4828.947291
243.609559 4835.102687
243.943099 4842.993650
244.276588 4851.055582
244.564345 4859.529441
244.865157 4867.540112
245.074453 4875.006393
245.296855 4883.102040
245.506126 4892.823873
245.767720 4903.556014
245.983633 4913.868660
246.186350 4925.468343
246.415306 4938.203247
246.624564 4950.724223
246.814315 4963.732850
247.010492 4977.348755
247.193562 4991.066344
247.370181 5005.308025
247.546749 5020.897966
247.736385 5037.286320
247.912941 5054.214929
248.096062 5071.933324
248.272618 5091.173352
248.468769 5113.076574
248.678052 5135.586500
248.867701 5167.830001
249.227365 5202.688967
249.456283 5235.037766
249.776691 5267.478855
250.012137 5298.399968
250.312961 5329.403473
250.554922 5357.477776
250.809938 5383.468326
251.019208 5411.699572
251.319983 5441.463743
251.561956 5464.190370
251.738524 5494.672844
252.130852 5526.644876
252.340123 5529.939391
252.516691 5517.048700
252.693246 5507.968017
252.889423 5501.390664
253.065991 5496.234488
253.275262 5491.827333
253.471426 5488.429594
253.654535 5485.320747
253.889942 5482.537143
254.092507 5480.486257
254.268973 5478.614194
254.497840 5476.964402
254.674421 5475.640407
254.877126 5474.435453
255.066787 5473.330551
255.295629 5472.288711
255.524470 5471.365636
255.779422 5470.548246
256.040915 5469.911629
256.269744 5469.397246
256.544343 5468.981171
256.786253 5468.706170
257.001975 5468.511072
257.256902 5468.380634
257.524949 5468.337034
257.819157 5468.369127
258.034904 5468.472671
258.302963 5468.649150
258.564494 5468.885167
258.819523 5469.142068
259.022215 5469.453988
259.283810 5469.821447
259.506187 5470.189739
259.715445 5470.628767
259.970524 5471.082715
260.160122 5471.555187
260.395542 5472.165184
260.670192 5472.836153
260.918668 5473.519680
261.167182 5474.246614
261.415657 5475.038172
261.677239 5475.930656
261.958417 5476.896578
262.233042 5477.891769
262.501139 5478.820487
262.716937 5479.808192
262.991575 5480.961386
263.266212 5482.018135
263.475457 5483.198718
263.782785 5484.513337
264.031260 5485.787051
264.299370 5487.174766
264.573995 5488.559418
264.822470 5490.068490
265.123270 5491.663534
265.384826 5493.238198
265.659464 5494.719281
265.875249 5496.268313
266.156427 5497.962282
266.404928 5499.597776
266.653391 5501.322284
266.914973 5503.068819
267.156908 5504.958791
267.444614 5506.945427
267.699630 5508.839632
267.948080 5510.966182
268.248879 5513.255918
268.523568 5515.206213
268.726222 5517.356906
269.033587 5520.617219
269.471686 5523.996995
269.779013 5526.400929
269.981693 5528.803819
270.269424 5531.480011
270.511384 5534.055887
270.759860 5536.544697
270.969130 5538.867814
271.171810 5541.475044
271.413757 5544.139471
271.609960 5546.541837
271.793030 5549.862344
272.106898 5553.367665
272.296534 5557.249700
272.623559 5562.223109
272.917793 5567.051621
273.179400 5572.064400
273.447535 5577.016257
273.663359 5582.141804
273.905307 5587.358562
274.094994 5592.260893
274.278090 5598.496355
274.526604 5605.604438
274.729346 5613.077207
274.951685 5620.905295
275.134832 5628.573736
275.311413 5637.327378
275.507590 5647.094297
275.690686 5657.278651
275.867305 5669.335085
276.076575 5683.699759
276.285820 5698.725723
276.475495 5714.334213
276.665144 5731.548895
276.861346 5752.140073
277.090188 5773.540802
277.273296 5802.266747
277.593717 5834.846284
277.809528 5861.993333
278.012258 5890.518203
278.241112 5921.519839
278.483060 5954.821179
278.751195 5986.586248
278.973559 6014.304382
279.182805 6043.457089
279.431306 6074.443688
279.673279 6107.588058
279.961023 6139.235878
280.183361 6168.957323
280.444905 6202.770587
280.739152 6232.746120
280.941907 6236.198900
281.118501 6221.450078
281.308175 6211.464799
281.491284 6204.629572
281.667877 6198.955139
281.883688 6194.083986
282.086431 6190.436829
282.269565 6187.343263
282.485389 6184.756367
282.662059 6182.706475
282.858388 6180.817639
283.067862 6179.290666
283.244442 6178.077728
283.434066 6176.852325
283.695623 6175.731112
283.944073 6174.868266
284.218659 6174.250489
284.447463 6173.827269
284.761242 6173.566144
285.016219 6173.506364
285.290730 6173.605259
285.591441 6173.884662
285.918275 6174.270387
286.166687 6174.758355
286.460870 6175.344402
286.715746 6175.966079
286.964196 6176.671016
287.225638 6177.475878
287.493647 6178.315496
287.735531 6179.170770
287.977428 6180.130882
288.245448 6181.076124
288.454681 6182.017596
288.696591 6182.997100
288.905823 6183.896811
289.095409 6184.907548
289.337344 6186.145764
289.605403 6187.497728
289.873487 6188.919555
290.148137 6190.466938
290.442383 6191.993211
290.690846 6193.792920
291.057025 6195.666404
291.312029 6197.259943
291.567057 6199.115635
291.887478 6201.179031
292.188240 6203.150165
292.462903 6205.039462
292.724421 6207.125975
293.038289 6209.240217
293.293317 6211.262991
293.567942 6213.385301
293.836065 6215.640144
294.130311 6217.947594
294.398433 6220.256398
294.679573 6222.702732
294.967292 6225.146343
295.235414 6227.645750
295.523133 6230.381180
295.830460 6233.145081
296.111663 6235.683952
296.360126 6238.014516
296.588980 6240.519209
296.863618 6243.132017
297.105553 6245.864175
297.393271 6248.607741
297.628678 6251.263919
297.890209 6254.216812
298.171349 6257.186541
298.426302 6259.914510
298.655143 6262.692305
298.910185 6265.748992
299.178269 6268.506021
299.374420 6271.600924
299.688326 6275.029739
299.930236 6277.743951
300.119872 6280.767766
300.401063 6284.013626
300.616899 6287.204192
300.878456 6290.456021
301.094229 6293.508001
301.316568 6296.957948
301.578124 6300.193693
301.761233 6303.220537
301.983572 6306.462493
302.186251 6309.895451
302.421722 6313.199739
302.598277 6317.730314
302.964558 6322.489919
303.154182 6325.751318
303.330775 6329.049337
303.513846 6333.799975
303.827828 6339.662088
304.102541 6346.032572
304.429528 6352.773555
304.704179 6359.685518
305.005054 6367.606812
305.318986 6375.563994
305.580542 6383.472651
305.848664 6392.087422
306.116812 6401.752774
306.404594 6411.665190
306.646542 6421.019217
306.868919 6431.355239
307.123948 6441.726660
307.320125 6453.041095
307.581706 6466.075292
307.817152 6479.072154
308.046082 6491.649338
308.242335 6504.312855
308.451580 6518.255980
308.667379 6531.946702
308.850513 6545.573009
309.046715 6561.271492
309.269041 6577.615175
309.465243 6592.756842
309.641799 6608.474966
309.838001 6624.711942
310.014557 6642.440316
310.230368 6644.359579
310.446166 6632.175504
310.629313 6624.956658
310.812409 6619.260411
311.021667 6614.429375
311.230975 6610.704465
311.414058 6607.596804
311.623380 6604.715474
311.839216 6601.894971
312.120293 6598.974480
312.460246 6596.874399
312.643368 6595.641793
312.826464 6594.496376
313.029130 6593.435419
313.231809 6592.368497
313.506358 6591.408129
313.728684 6590.646068
313.983611 6589.975004
314.232011 6589.438706
314.480410 6588.985402
314.774593 6588.665578
314.970719 6588.462541
315.232212 6588.309201
315.519892 6588.247042
315.787926 6588.271664
316.042904 6588.368211
316.297920 6588.542692
316.579047 6588.767898
316.807863 6589.040594
317.062841 6589.346391
317.272073 6589.662706
317.481395 6590.069187
317.749504 6590.582120
318.024116 6591.134839
318.279183 6591.700440
318.521182 6592.433021
318.867803 6593.318688
319.181683 6594.220780
319.489011 6595.090956
319.744052 6595.916368
319.992553 6596.783803
320.247569 6597.828422
320.567990 6598.894675
320.809950 6599.923869
321.084575 6601.092395
321.372281 6602.325668
321.653446 6603.550483
321.915003 6604.650377
322.124261 6605.904715
322.431575 6607.363370
322.706213 6608.721622
322.954701 6610.144453
323.235866 6611.665869
323.503963 6613.179554
323.765545 6614.640308
324.000952 6616.183687
324.275590 6617.765879
324.510984 6619.307950
324.759485 6621.128021
325.066800 6623.037878
325.328382 6624.819209
325.583410 6626.596901
325.831886 6628.658415
326.152294 6630.765903
326.400808 6632.653002
326.649309 6634.580365
326.897784 6636.654231
327.172422 6638.744487
327.414382 6640.993408
327.715182 6643.231038
327.944074 6645.322317
328.199077 6647.423782
328.421390 6649.780255
328.722139 6652.211662
328.951019 6654.579947
329.225631 6657.059422
329.467578 6659.533490
329.729084 6661.994781
329.957951 6664.482253
330.212992 6667.129906
330.461430 6670.208179
330.781876 6674.578794
331.239609 6679.626746
331.645019 6683.487447
331.873911 6686.300441
332.089671 6688.937575
332.279320 6691.610530
332.488553 6694.498550
332.697836 6698.505859
333.044368 6702.500646
333.234030 6706.152751
333.508706 6710.048551
333.711461 6713.985698
333.966515 6719.222008
334.286936 6725.315076
334.594276 6731.242459
334.855845 6737.272841
335.130521 6743.336912
335.359388 6749.916693
335.634051 6757.085115
335.869496 6764.382790
336.111431 6772.523783
336.359919 6781.128433
336.588849 6790.531113
336.837325 6799.834293
337.026987 6810.671795
337.301688 6824.788790
337.582878 6838.141463
337.785621 6850.072558
337.981811 6863.491576
338.204124 6878.963961
338.433080 6895.253385
338.648866 6911.565035
338.851621 6928.872290
339.067445 6946.519849
339.257094 6963.884110
339.446730 6983.035532
339.656014 7002.687749
339.839071 7003.742539
340.041814 6990.867498
340.224885 6983.147547
340.408057 6977.299321
340.610774 6972.577353
340.806989 6968.910931
340.996651 6965.646495
341.232134 6962.808215
341.441430 6960.709265
341.631105 6958.798379
341.886350 6956.956817
342.154764 6955.401672
342.455830 6954.278617
342.678169 6953.513944
342.939789 6952.918003
343.181724 6952.513338
343.456324 6952.273519
343.691629 6952.198353
343.985850 6952.273109
344.279995 6952.509543
344.580718 6952.844049
344.822551 6953.245878
345.070963 6953.757493
345.338959 6954.399900
345.626588 6955.146663
345.907690 6955.938261
346.169158 6956.738062
346.411017 6957.623275
346.685578 6958.589096
346.940518 6959.589490
347.202011 6960.587190
347.430814 6961.562127
347.659643 6962.561561
347.881943 6963.536820
348.084661 6964.594056
348.326583 6965.982414
348.646953 6967.573872
348.947740 6969.141860
349.235420 6970.693900
349.510071 6972.376221
349.823913 6974.011796
350.065848 6975.663018
350.366622 6977.398790
350.621651 6979.232032
350.935519 6981.178809
351.210131 6983.139492
351.510905 6985.104470
351.772461 6987.028084
352.047112 6989.070851
352.328277 6991.137767
352.596374 6993.254657
352.877539 6995.313885
353.119474 6997.447714
353.407205 6999.760292
353.681843 7002.125178
353.969561 7004.396863
354.211509 7006.659449
354.486147 7009.140904
354.767325 7011.702072
355.048490 7014.407347
355.349277 7016.944862
355.584709 7019.566764
355.892024 7022.066941
356.094741 7024.651462
356.408571 7027.540561
356.663600 7030.110315
356.905535 7032.932271
357.199768 7035.762977
357.435188 7038.466765
357.696732 7041.358547
357.958263 7044.299754
358.219807 7047.139809
358.455214 7050.222680
358.749397 7053.157991
358.952089 7056.032861
359.226650 7059.029778
359.442360 7061.920711
359.690797 7065.450336
359.998137 7068.874879
360.220425 7071.942122
360.462322 7075.516716
360.750053 7078.752794
360.933136 7081.697263
361.168518 7085.219957
361.423496 7088.825728
361.658903 7092.580059
361.920511 7096.224792
362.129769 7099.821173
362.371729 7103.842453
362.620192 7107.821628
362.842531 7111.410355
363.032180 7115.239952
363.267625 7119.498643
363.489964 7123.335808
363.666481 7128.699137
364.019681 7135.925151
364.346681 7143.206577
364.660586 7150.599077
364.954896 7158.095128
365.236176 7165.859683
365.510851 7174.418572
365.805110 7183.974396
366.099420 7193.097518
366.328338 7201.810099
366.563770 7210.403578
366.759998 7218.698724
366.956213 7227.762443
367.165484 7239.128905
367.433606 7251.669995
367.662485 7264.170274
367.897931 7276.618602
368.100686 7288.761919
368.303429 7300.634756
368.480023 7313.061322
368.682740 7327.603473
368.905079 7341.805004
369.081660 7355.398222
369.271334 7369.987992
369.460971 7388.642038
369.735621 7393.884170
369.912163 7383.952895
370.095285 7377.144685
370.284908 7372.197757
370.461489 7368.152145
370.664194 7364.562302
370.866937 7361.307535
371.108923 7358.157462
371.383585 7355.711898
371.579699 7353.907027
371.795561 7351.658856
372.200957 7349.805374
372.377513 7348.745184
372.612882 7347.319520
373.050956 7346.114184
373.279772 7345.483933
373.495494 7344.894900
373.789651 7344.377715
374.044616 7344.037920
374.253836 7343.772793
374.547994 7343.576148
374.776810 7343.480368
375.012141 7343.451793
375.299796 7343.499684
375.574408 7343.621127
375.835901 7343.804208
376.090955 7344.056607
376.365592 7344.340470
376.581391 7344.669888
376.842973 7345.040415
377.058809 7345.446448
377.307323 7345.951730
377.582049 7346.526676
377.850171 7347.186883
378.151022 7347.917120
378.432225 7348.677708
378.713429 7349.530667
379.020730 7350.458762
379.314989 7351.389674
379.589665 7352.409553
379.903520 7353.418143
380.145493 7354.364445
380.400497 7355.442996
380.688215 7356.550942
380.936691 7357.692627
381.217856 7358.875644
381.466344 7360.026979
381.714832 7361.314284
382.002538 7362.727321
382.283703 7364.191689
382.571396 7365.634440
382.826425 7367.070793
383.094548 7368.606058
383.369172 7370.265383
383.663406 7371.812437
383.885732 7373.448744
384.193072 7375.355999
384.487318 7377.102110
384.729253 7378.920240
385.030053 7380.802593
385.278541 7382.713259
385.572813 7384.666211
385.821288 7386.669296
386.115547 7388.891730
386.409819 7390.910626
386.638711 7392.820343
386.893714 7394.846130
387.142215 7396.941172
387.403772 7399.162027
387.671894 7401.515331
387.953072 7403.744036
388.181952 7405.874385
388.430440 7408.469789
388.750797 7411.274173
389.031975 7413.578970
389.234655 7416.069396
389.541982 7418.770154
389.777376 7421.374140
390.051976 7424.349954
390.346209 7427.116345
390.568536 7429.742357
390.823539 7432.845691
391.117823 7435.761484
391.327030 7438.453343
391.568965 7441.749603
391.863237 7444.974522
392.078972 7447.838802
392.301324 7451.017033
392.549774 7454.917686
392.857114 7460.033047
393.242952 7464.616722
393.452223 7468.013649
393.661494 7472.717545
394.001523 7477.503104
394.197688 7481.017366
394.374243 7486.066277
394.701268 7492.671830
394.995527 7499.295670
395.276756 7506.400608
395.564462 7514.417961
395.865274 7522.661155
396.120303 7530.368611
396.342667 7538.149942
396.565006 7546.687114
396.793923 7555.625959
397.003156 7567.214410
397.310559 7580.722442
397.559047 7593.057225
397.774871 7605.648225
397.997223 7619.582294
398.226140 7634.283617
398.441951 7648.307909
398.625060 7662.454325
398.821262 7677.601658
399.010911 7692.703456
399.187492 7709.436231
399.396750 7727.518584
399.586387 7746.174599
399.789142 7748.784182
399.972263 7737.104878
400.155397 7729.700198
400.332004 7724.297122
400.521627 7719.788733
400.724383 7715.951463
400.940207 7712.904109
401.129856 7710.316580
401.365339 7708.025419
401.581137 7706.100407
401.836306 7704.356055
402.111299 7702.745240
402.490711 7701.353340
402.915755 7700.546751
403.190367 7700.197539
403.458401 7700.032017
403.700259 7700.020993
403.994442 7700.186386
404.340886 7700.497483
404.615434 7700.885191
404.870361 7701.365969
405.138382 7701.947287
405.406416 7702.612359
405.674398 7703.395091
405.968581 7704.221118
406.216930 7705.145817
406.524206 7706.045708
406.726822 7706.933808
406.994881 7707.914599
407.223671 7708.862289
407.452487 7709.893573
407.700975 7710.964749
407.929817 7712.093806
408.184845 7713.425091
408.479104 7714.923044
408.779878 7716.461162
409.067584 7718.001914
409.348762 7719.614115
409.643009 7721.199834
409.898025 7722.876650
410.205326 7724.743136
410.506126 7726.625744
410.800372 7728.433201
411.061916 7730.135243
411.310392 7731.902044
411.578476 7733.943722
411.892306 7736.058696
412.166994 7738.182252
412.467768 7740.405777
412.755474 7742.555450
413.023571 7744.728959
413.304761 7747.002596
413.585914 7749.243123
413.847483 7751.531703
414.128674 7753.893461
414.396771 7756.157489
414.645246 7758.524500
414.926424 7760.993584
415.188019 7763.387063
415.443022 7765.822902
415.704604 7768.331967
415.966135 7770.916514
416.234245 7773.577932
416.502329 7776.385888
416.790061 7779.310127
417.071239 7782.078489
417.319689 7784.895812
417.600867 7787.685412
417.836261 7790.415112
418.097856 7793.407706
418.372455 7796.525587
418.647093 7799.507054
418.889053 7802.698763
419.189853 7806.220800
419.477533 7809.327692
419.699859 7812.580123
420.000570 7815.842753
420.216343 7818.792450
420.458240 7822.097139
420.719745 7825.600636
420.981289 7829.273342
421.255914 7832.703161
421.471700 7836.268903
421.752903 7840.253928
422.014396 7844.050759
422.256369 7847.748896
422.491789 7851.176609
422.687953 7854.868014
422.942969 7858.993327
423.178376 7863.028821
423.407256 7867.693537
423.695000 7873.882265
424.061166 7879.625504
424.276990 7883.686635
424.453583 7889.632875
424.819826 7897.880763
425.166434 7906.113806
425.480378 7913.814400
425.742037 7921.935112
426.042887 7929.330470
426.225970 7936.422490
426.474496 7943.995669
426.664184 7952.101038
426.912684 7960.640797
427.102410 7968.917866
427.311668 7979.306900
427.573326 7989.808421
427.762975 7999.680894
427.972258 8010.401583
428.174976 8022.641827
428.416974 8035.895247
428.632836 8049.702057
428.868230 8063.310416
429.057880 8076.710459
429.267176 8090.174279
429.443744 8104.214919
429.653014 8120.023607
429.862247 8137.263442
430.091139 8154.887967
430.293894 8171.500895
430.483543 8199.219554
430.915140 8231.993422
431.196331 8258.396527
431.477509 8283.076910
431.726010 8305.044294
431.954877 8327.917462
432.229539 8351.977970
432.491096 8375.989398
432.772274 8400.242265
433.046911 8424.141390
433.328089 8447.968533
433.609280 8470.093644
433.857781 8488.426989
434.053945 8489.583292
434.263190 8478.605373
434.459380 8471.686349
434.649055 8466.586273
434.845231 8462.554085
435.028404 8459.224216
435.224644 8456.382508
435.407778 8453.842988
435.623653 8451.472373
435.839375 8449.102874
436.140212 8447.190548
436.316780 8445.854774
436.539119 8444.326631
436.853038 8442.973280
437.094960 8441.961866
437.363006 8441.123779
437.598376 8440.458476
437.853353 8439.885425
438.121362 8439.475406
438.317475 8439.160857
438.605155 8438.908385
438.833959 8438.754363
439.160793 8438.680460
439.402690 8438.700313
439.664208 8438.784076
439.906118 8438.934509
440.174177 8439.144013
440.422640 8439.403718
440.677605 8439.703554
440.912999 8440.008951
441.115742 8440.350823
441.351162 8440.758906
441.593097 8441.183447
441.808895 8441.649083
442.057409 8442.151696
442.279748 8442.632753
442.482478 8443.230284
442.776737 8443.923900
443.031753 8444.668175
443.332603 8445.544165
443.653012 8446.394036
443.908040 8447.234298
444.195759 8448.128139
444.463894 8449.080636
444.764693 8450.031613
445.013169 8451.006592
445.307466 8452.098211
445.601687 8453.188067
445.876350 8454.247029
446.137894 8455.228137
446.360233 8456.263928
446.634857 8457.495002
446.935644 8458.744670
447.203728 8460.015346
447.498000 8461.286821
447.753016 8462.640235
448.066909 8463.991746
448.308870 8465.313283
448.596601 8466.746977
448.871226 8468.162455
449.139323 8469.591588
449.407407 8471.051066
449.675504 8472.485441
449.924018 8474.062463
450.231332 8475.668606
450.479833 8477.133913
450.728321 8478.805231
451.035636 8480.444523
451.264490 8481.849312
451.486854 8483.507297
451.787641 8485.382564
452.068806 8487.141838
452.323835 8488.910854
452.598498 8490.685842
452.846986 8492.651854
453.167394 8494.647880
453.415883 8496.398096
453.657843 8498.222585
453.919400 8500.220006
454.200565 8502.223938
454.455606 8504.059972
454.684473 8506.282893
455.031069 8508.510470
455.253408 8510.281595
455.475746 8512.318089
455.756899 8514.546539
456.018494 8516.759331
456.286591 8518.924817
456.528538 8521.186429
456.809716 8523.514712
457.058217 8525.889070
457.339383 8528.184660
457.561709 8530.497792
457.836308 8532.725028
458.032510 8535.066650
458.320216 8537.710058
458.568666 8540.251894
458.823695 8542.783110
459.059051 8545.306694
459.301075 8548.072656
459.569122 8550.648874
459.765298 8553.227000
460.020365 8556.022479
460.242717 8558.581845
460.445396 8561.466619
460.706965 8564.518835
460.922776 8567.151129
461.105872 8569.778174
461.308577 8572.814736
461.537495 8575.856271
461.727131 8578.866837
461.936363 8583.277768
462.282972 8587.700655
462.472596 8592.268552
462.799595 8596.967210
462.982742 8602.036606
463.309665 8609.422817
463.675844 8615.755525
463.865481 8622.326478
464.198983 8630.609224
464.480173 8639.470604
464.794079 8649.173977
465.075283 8660.078414
465.395716 8671.502074
465.650758 8681.739402
465.866518 8691.248842
466.056180 8700.952803
466.252357 8713.368245
466.513939 8727.622518
466.742793 8740.463539
466.925939 8752.617195
467.109073 8766.165934
467.311778 8780.178970
467.488346 8794.984457
467.691026 8811.049346
467.880675 8827.653743
468.076826 8849.070049
468.351527 8870.481401
468.528070 8889.772595
468.737328 8914.761666
469.005425 8940.760153
469.214695 8966.064776
469.456618 8995.747993
469.744349 9025.500874
469.992824 9053.840037
470.260934 9081.186551
470.496341 9106.488667
470.731748 9133.263329
470.999896 9160.790244
471.254912 9186.314330
471.490307 9212.555209
471.764970 9238.525603
472.000390 9242.556887
472.190102 9229.802214
472.366683 9221.316658
472.549817 9214.619300
472.752585 9209.282992
472.935770 9204.892403
473.145104 9201.175574
473.328276 9198.192324
473.517951 9195.266205
473.760013 9192.669568
473.962755 9190.264489
474.263758 9187.773060
474.597476 9186.039655
474.800359 9184.999153
474.996675 9184.004752
475.264874 9183.135805
475.487314 9182.528338
475.703240 9182.019029
475.977852 9181.628667
476.226264 9181.399868
476.507353 9181.306643
476.781914 9181.351850
477.049922 9181.494087
477.272172 9181.753233
477.566342 9182.158211
477.867040 9182.639889
478.128533 9183.181002
478.396516 9183.796148
478.657984 9184.481896
478.926030 9185.211712
479.174366 9186.044520
479.468586 9186.864178
479.677717 9187.645332
479.919614 9188.522993
480.161511 9189.376871
480.370718 9190.307385
480.632287 9191.269309
480.841495 9192.211626
481.076876 9193.269794
481.325365 9194.512707
481.626151 9195.840164
481.894248 9197.180283
482.181954 9198.608457
482.469660 9199.957823
482.711595 9201.308922
482.986220 9202.743119
483.247764 9204.156493
483.502780 9205.712637
483.803554 9207.472575
484.117434 9209.136257
484.372437 9210.699152
484.640534 9212.392182
484.928228 9214.179201
485.215959 9215.959371
485.490622 9217.773724
485.778327 9219.511355
486.020250 9221.436971
486.353752 9223.550569
486.641470 9225.384796
486.883405 9227.204338
487.158030 9229.168974
487.432655 9231.093219
487.687709 9233.097200
487.975415 9235.105388
488.223890 9237.196784
488.524702 9239.214514
488.747003 9241.213523
489.034747 9243.394182
489.296240 9245.341314
489.518604 9247.423550
489.806323 9249.748568
490.080935 9252.052155
490.355585 9254.303221
490.610614 9256.642042
490.898332 9258.981119
491.146808 9261.382180
491.441092 9263.900764
491.709202 9266.243678
491.957652 9268.555003
492.212668 9270.892972
492.461169 9273.413447
492.748875 9276.024815
493.010419 9278.383276
493.239298 9280.833234
493.513923 9283.470181
493.775492 9286.105658
494.043589 9288.837322
494.318227 9291.768855
494.619026 9294.325774
494.815152 9296.743359
495.083262 9299.597958
495.357887 9302.238972
495.580226 9304.768442
495.828638 9307.500823
496.083628 9310.225854
496.325487 9312.907641
496.567435 9315.728848
496.828966 9318.841608
497.116595 9321.801198
497.345526 9324.606899
497.600440 9327.325170
497.809698 9330.232504
498.090850 9333.525064
498.358947 9336.339706
498.555112 9338.988262
498.790532 9341.949818
499.032492 9344.780518
499.241724 9347.563028
499.470629 9350.674833
499.725683 9354.084961
499.993793 9357.193845
500.196510 9360.351761
500.464595 9363.774404
500.700027 9366.842737
500.909285 9369.726272
501.112015 9372.886997
501.354014 9376.284806
501.582881 9379.401539
501.779070 9382.672599
502.021018 9385.994939
502.217169 9389.179134
502.432993 9392.418589
502.629208 9395.615258
502.831951 9399.198768
503.067345 9403.078826
503.296238 9406.940771
503.518538 9410.783290
503.734311 9414.605774
503.943582 9418.592707
504.165959 9422.751581
504.381745 9427.234980
504.623718 9431.584917
504.813316 9435.742304
505.022587 9439.880569
505.199180 9444.613781
505.447668 9449.804189
505.650424 9455.148139
505.892359 9461.125192
506.127791 9466.942079
506.337062 9473.323612
506.592065 9479.890885
506.794795 9486.826929
507.049837 9494.623375
507.285244 9502.064270
507.494515 9510.149681
507.742990 9519.261316
507.984925 9531.363900
508.351180 9545.006693
508.632358 9558.173902
508.933221 9572.462550
509.227544 9585.529747
509.449896 9596.446896
509.639570 9607.264373
509.842313 9619.231898
510.058111 9633.041472
510.306638 9649.044170
510.574747 9663.953395
510.770962 9665.346380
510.960662 9657.328537
511.137294 9652.170341
511.313849 9648.054961
511.510115 9644.480971
511.712909 9641.585622
511.896043 9638.954883
512.131551 9636.660142
512.314635 9634.821761
512.523918 9632.736512
512.837836 9630.457998
513.210581 9628.469169
513.583238 9627.107448
513.838279 9626.195493
514.106325 9625.466482
514.335154 9624.885222
514.590094 9624.410214
514.812344 9624.039981
515.060819 9623.734480
515.315746 9623.513740
515.570673 9623.376212
515.819098 9623.314304
516.106753 9623.325082
516.361705 9623.402596
516.610143 9623.529874
516.838984 9623.740634
517.152814 9624.009822
517.394787 9624.313975
517.662884 9624.637753
517.872167 9624.994547
518.127171 9625.389270
518.342969 9625.887212
518.663390 9626.448123
518.905363 9627.053251
519.219231 9627.908289
519.631282 9628.752793
519.892839 9629.527132
520.206707 9630.406022
520.514021 9631.341241
520.834468 9632.342131
521.154889 9633.322194
521.436054 9634.402212
521.789177 9635.640562
522.135735 9636.806034
522.423492 9637.978329
522.750415 9639.200035
523.044687 9640.367234
523.325865 9641.498393
523.587421 9642.674359
523.875127 9643.937715
524.162833 9645.188611
524.430930 9646.440304
524.705593 9647.752374
524.986809 9649.046013
525.241799 9650.319861
525.503356 9651.619777
525.758385 9652.980709
526.033060 9654.403140
526.301132 9655.765843
526.543105 9657.246427
526.843904 9658.771306
527.092380 9660.366504
527.406235 9662.008531
527.661264 9663.548494
527.929361 9665.254447
528.230186 9666.929538
528.478661 9668.616366
528.772895 9670.413888
529.047545 9672.180464
529.322233 9673.933195
529.583764 9675.803136
529.884551 9677.702160
530.146108 9679.589010
530.433852 9681.504188
530.695408 9683.356390
530.956965 9685.259453
531.225074 9687.214014
531.493171 9689.172395
531.754740 9691.158886
532.022863 9693.399879
532.343271 9695.697672
532.617909 9697.773357
532.872950 9699.772906
533.121438 9701.905001
533.402654 9704.063709
533.651117 9706.252795
533.932295 9708.441658
534.174268 9710.745882
534.475080 9712.992610
534.697407 9715.215683
534.985125 9717.609928
535.240141 9719.683878
535.449361 9721.875038
535.723986 9724.454848
536.011704 9727.134041
536.299397 9729.666439
536.547835 9731.889657
536.763659 9734.337223
537.051352 9736.880150
537.280206 9739.433103
537.561396 9742.156094
537.816374 9744.755155
538.064875 9747.118356
538.267567 9749.803943
538.568430 9752.670864
538.797297 9755.341143
539.052300 9758.093950
539.287733 9760.938855
539.549302 9763.681553
539.758560 9766.325144
539.993967 9769.218502
540.235915 9772.090579
540.458254 9775.028136
540.700214 9777.943608
540.909510 9780.754074
541.125258 9783.491862
541.314932 9786.481571
541.556918 9789.679543
541.766150 9792.824736
541.988464 9795.803541
542.165083 9798.819082
542.380856 9802.173203
542.590088 9805.687858
542.812415 9809.031612
542.988995 9812.259780
543.185160 9815.823033
543.387864 9819.507459
543.584067 9825.044664
543.956799 9831.918970
544.257636 9837.281964
544.453788 9843.235115
544.774222 9851.062824
545.094681 9857.667699
545.284304 9864.610673
545.591644 9874.074625
545.918581 9884.208476
546.219393 9893.043057
546.428663 9903.281514
546.762153 9915.815649
547.049871 9927.814039
547.311440 9939.935925
547.566507 9951.686594
547.782331 9962.568958
547.978508 9973.280705
548.168170 9984.506847
548.364347 9995.822455
548.540889 10007.651231
548.737117 10020.845456
548.939834 10034.126979
549.122943 10047.969316
549.325673 10063.078224
549.528403 10084.633298
549.874935 10092.420237
550.058069 10082.165455
550.260825 10075.158512
550.457078 10070.142604
550.653318 10065.989023
550.869206 10062.654837
551.052390 10060.018263
551.248656 10057.787821
551.425288 10055.738717
551.654256 10053.761427
551.883199 10052.248025
552.066384 10051.123142
552.243168 10050.122686
552.439484 10049.260234
552.616167 10048.334317
552.943255 10047.452186
553.211390 10046.915353
553.440295 10046.551761
553.695438 10046.301129
553.976540 10046.187606
554.211896 10046.199671
554.466811 10046.329241
554.754440 10046.566645
555.015908 10046.917270
555.310091 10047.358628
555.571546 10047.836383
555.813405 10048.432165
556.114102 10049.075252
556.342918 10049.753413
556.617442 10050.583341
556.911612 10051.443454
557.166539 10052.260919
557.401870 10053.135352
557.663325 10054.012137
557.879060 10054.969003
558.160199 10055.918800
558.356326 10056.824970
558.598261 10057.928404
558.872885 10059.096349
559.127939 10060.303098
559.402539 10061.576143
559.670636 10062.918946
559.958367 10064.447966
560.285303 10065.949745
560.546847 10067.407537
560.841106 10068.933616
561.115743 10070.551210
561.429586 10072.297308
561.736926 10073.854339
561.972346 10075.484925
562.292729 10077.082685
562.508514 10078.674962
562.815880 10080.598659
563.129697 10082.308422
563.358589 10084.073602
563.679010 10085.950288
563.934026 10087.775036
564.228298 10089.806971
564.535638 10091.668390
564.771032 10093.539480
565.071819 10095.599975
565.352997 10097.623308
565.634175 10099.605084
565.895731 10101.469578
566.137679 10103.459633
566.425398 10105.500139
566.673873 10107.622293
566.974673 10109.901032
567.255812 10111.793530
567.452002 10113.792384
567.752776 10116.106497
568.020873 10118.263133
568.275889 10120.309182
568.511258 10122.575688
568.812070 10125.093777
569.099776 10127.474467
569.361358 10129.683014
569.603280 10131.946714
569.871365 10134.264532
570.119853 10136.579809
570.381435 10138.919959
570.629898 10141.409182
570.917642 10143.769574
571.133389 10146.158596
571.421146 10148.759085
571.676149 10151.070122
571.898475 10153.534597
572.179653 10156.184525
572.434682 10158.765509
572.696264 10161.306013
572.938186 10164.176291
573.258607 10166.869966
573.461325 10169.287971
573.722868 10172.037236
573.984399 10174.920018
574.265539 10177.761668
574.514002 10180.419864
574.755886 10182.995887
574.984740 10185.815741
575.265868 10188.956780
575.547058 10191.984237
575.802049 10194.895231
576.057039 10197.494480
576.253229 10200.236817
576.527854 10203.273477
576.769789 10206.188829
577.018277 10208.936363
577.227484 10211.714302
577.475985 10214.640376
577.704864 10217.600079
577.953365 10220.425842
578.156045 10223.621457
578.456870 10226.892030
578.666127 10229.782508
578.901573 10233.009540
579.156576 10236.189181
579.378864 10239.235756
579.607744 10242.276597
579.823504 10245.589989
580.085137 10248.761802
580.274773 10251.892461
580.523261 10255.400235
580.758668 10258.724681
580.974467 10261.907518
581.183687 10265.651353
581.464915 10269.407202
581.667645 10272.776556
581.890010 10276.260143
582.099230 10279.651162
582.301972 10283.561208
582.563478 10287.783666
582.792370 10291.593152
582.995075 10295.563587
583.230520 10299.693598
583.439778 10303.946944
583.675173 10308.452197
583.897499 10312.559944
584.080607 10316.803207
584.302934 10321.897769
584.551434 10327.254505
584.780314 10332.284839
584.983031 10337.605652
585.218451 10343.907393
585.480033 10350.409999
585.708912 10356.973137
585.950847 10364.054320
586.192833 10370.873069
586.395563 10377.612528
586.611362 10384.539884
586.807564 10392.284464
587.049537 10403.323363
587.396107 10416.197053
587.696907 10427.533998
587.932352 10438.360192
588.180879 10449.068290
588.390200 10459.636333
588.612513 10470.109903
588.802163 10479.766599
588.978705 10489.939329
589.174895 10491.457157
589.351438 10484.791557
589.554218 10480.320185
589.730812 10477.189053
589.907482 10474.315379
590.129884 10471.794540
590.319622 10469.456901
590.594260 10467.252605
590.829692 10465.733174
591.006209 10464.152172
591.346328 10462.652984
591.562063 10461.336604
591.967485 10460.177007
592.196339 10459.501551
592.431683 10458.873348
592.719351 10458.401664
592.895893 10458.070915
593.131250 10457.764246
593.366581 10457.518067
593.647670 10457.342086
593.915729 10457.254826
594.170668 10457.240756
594.432161 10457.286909
594.667505 10457.386244
594.909402 10457.566818
595.223206 10457.804827
595.471656 10458.072243
595.726685 10458.356880
595.935918 10458.681805
596.190934 10459.077190
596.445988 10459.537484
596.727178 10460.058330
597.001854 10460.659570
597.315760 10461.382205
597.655828 10462.125278
597.943521 10462.922010
598.283576 10463.846180
598.630146 10464.737001
598.911337 10465.718500
599.284044 10466.719506
599.552166 10467.705423
599.885643 10468.817890
600.206013 10470.024163
600.565665 10471.300431
600.899205 10472.562575
601.226179 10473.842149
601.546613 10475.094998
601.840859 10476.273816
602.108943 10477.456202
602.390096 10478.652656
602.651665 10479.878905
602.932843 10481.303262
603.266358 10482.697639
603.521374 10484.032442
603.815620 10485.510535
604.116394 10486.904018
604.364933 10488.191287
604.613396 10489.643193
604.914195 10491.139611
605.169224 10492.741915
605.496186 10494.410440
605.764295 10495.925786
606.025839 10497.488047
606.300477 10499.117074
606.575127 10500.594787
606.790874 10502.282250
607.124376 10504.179497
607.398988 10505.883324
607.660570 10507.529947
607.909033 10509.267728
608.190211 10511.186159
608.484496 10513.181017
608.778742 10515.186531
609.066473 10517.295205
609.380354 10519.366450
609.648451 10521.281096
609.910020 10523.320691
610.204291 10525.339152
610.452780 10527.338464
610.733945 10529.414071
610.995514 10531.545352
611.283271 10533.496360
611.492478 10535.475383
611.780209 10537.635275
612.028735 10539.717703
612.290305 10541.934995
612.564955 10544.347423
612.865754 10546.511093
613.075012 10548.706812
613.375812 10551.242313
613.656952 10553.757092
613.944683 10556.247906
614.212767 10558.684343
614.480839 10560.971134
614.709693 10563.227859
614.964683 10565.730785
615.239308 10568.363167
615.513907 10571.003042
615.782055 10573.584751
616.036970 10576.272669
616.318198 10578.933575
616.560095 10581.777114
616.867423 10584.803850
617.135520 10587.356416
617.344778 10589.954825
617.612887 10592.737601
617.848269 10595.461409
618.096757 10598.347873
618.351824 10601.212004
618.587231 10604.214381
618.855316 10607.276494
619.090748 10610.411419
619.358883 10613.443934
619.568103 10616.380701
619.810076 10619.691877
620.065118 10622.995647
620.293933 10626.157741
620.516298 10629.404700
620.745203 10632.590775
620.947958 10635.665585
621.150675 10638.875226
621.359921 10642.175196
621.562638 10645.297965
621.739206 10648.745257
621.968060 10654.028582
622.334201 10660.671716
622.680810 10667.003384
622.975094 10673.692830
623.315162 10680.557604
623.589799 10686.119432
623.785989 10692.205949
624.073707 10699.772755
624.354885 10709.199242
624.727605 10719.205304
625.002306 10727.026733
625.198470 10736.432218
625.525444 10747.272496
625.767405 10757.638870
626.028974 10768.074513
626.244798 10777.789287
626.447528 10788.221477
626.669892 10800.444967
626.918406 10812.400611
627.108055 10824.083745
627.323853 10838.982804
627.598516 10855.263347
627.833962 10869.280353
628.017045 10882.312857
628.206681 10897.054630
628.422518 10913.873595
628.651392 10916.780282
628.841125 10906.873402
629.050421 10900.519402
629.227014 10896.058950
629.423267 10892.420539
629.599899 10889.380924
629.802718 10886.709623
629.992456 10884.297797
630.227939 10881.687660
630.555041 10879.517945
630.790638 10878.085675
631.019746 10876.669436
631.373086 10875.569161
631.562811 10874.986050
631.745856 10874.443376
632.000948 10873.971325
632.236419 10873.643663
632.504630 10873.438308
632.772702 10873.369496
633.027604 10873.432361
633.328340 10873.602560
633.576739 10873.858593
633.831679 10874.262395
634.158513 10874.689825
634.348073 10875.195494
634.661852 10875.822846
634.910239 10876.470927
635.178247 10877.282989
635.498579 10878.128870
635.746991 10878.944949
636.008421 10879.842305
636.276416 10880.799986
636.544450 10881.741175
636.779831 10882.658599
637.015213 10883.718972
637.302906 10884.843198
637.551356 10885.936827
637.806385 10887.109158
638.074495 10888.440260
638.381835 10889.809678
638.649932 10891.221636
638.957272 10892.602197
639.199232 10894.072966
639.526156 10895.698050
639.813861 10897.167318
640.068877 10898.706766
640.369664 10900.219408
640.605071 10901.803770
640.918952 10903.551355
641.200117 10905.176733
641.461686 10906.934059
641.775529 10908.679859
642.024042 10910.334192
642.298680 10912.099134
642.573292 10914.111039
642.913334 10916.067353
643.161823 10917.972401
643.475703 10919.973003
643.743787 10921.916115
644.031506 10923.935324
644.312684 10925.914467
644.580768 10927.899408
644.855431 10929.765156
645.084285 10931.682554
645.365463 10933.849761
645.653182 10935.996761
645.921279 10938.174897
646.209023 10940.276626
646.450932 10942.381179
646.732110 10944.591501
646.993717 10946.940638
647.301007 10949.180097
647.529873 10951.423703
647.830673 10953.605932
648.039931 10955.875274
648.353799 10958.397835
648.615368 10960.397787
648.804991 10962.628056
649.112331 10964.966261
649.321551 10967.395939
649.641972 10970.000195
649.883882 10972.236601
650.119314 10974.651788
650.393927 10977.058580
650.622793 10979.588211
650.917052 10982.173407
651.152459 10984.626000
651.414029 10987.266090
651.682138 10989.766933
651.910967 10992.226998
652.166008 10994.878284
652.427501 10997.624073
652.695560 11000.225022
652.924389 11002.957650
653.212031 11005.503186
653.401629 11008.077192
653.689272 11011.245232
653.983518 11013.976599
654.186197 11016.555735
654.447678 11019.525948
654.715800 11022.302937
654.938101 11025.261016
655.232347 11028.322423
655.467754 11031.189337
655.722796 11034.240329
655.984314 11037.166824
656.213232 11040.126563
656.474763 11043.236878
656.723251 11046.547437
657.010957 11049.483305
657.194078 11052.500902
657.488299 11055.883106
657.723693 11059.058390
657.978773 11061.968745
658.168384 11064.918168
658.423400 11068.387551
658.684969 11071.907146
658.939960 11075.297272
659.175329 11078.693926
659.423766 11082.332386
659.685424 11085.887210
659.914304 11089.310174
660.149698 11093.190236
660.430864 11098.737195
660.868963 11103.830258
661.078221 11107.269314
661.294044 11110.720099
661.496762 11114.242849
661.712535 11117.953522
661.928359 11121.926461
662.163702 11125.693772
662.346811 11129.691221
662.595299 11134.419678
662.843825 11139.171259
663.079258 11143.881972
663.308125 11148.685586
663.537004 11153.660747
663.765884 11158.746277
663.988235 11164.191789
664.230183 11169.689313
664.439441 11175.090670
664.655226 11181.074887
664.890672 11187.415363
665.113011 11193.570819
665.315741 11200.018791
665.538092 11206.750399
665.740822 11213.131815
665.923931 11220.390296
666.159351 11232.372325
666.571339 11246.761631
666.891798 11260.205107
667.205691 11271.905741
667.414975 11283.051686
667.676556 11295.328869
667.912040 11309.102479
668.206337 11324.019428
668.461378 11341.072798
668.801446 11360.489150
669.108812 11381.165430
669.455369 11401.665142
669.730019 11422.378441
670.063521 11445.897236
670.423173 11468.733703
670.750147 11489.351128
671.057474 11508.685708
671.358274 11529.383011
671.724453 11550.785883
672.064495 11571.229540
672.417644 11590.223747
672.724946 11608.511994
673.071555 11627.386193
673.418150 11642.509853
673.640464 11644.660168
673.817095 11638.649865
673.993676 11634.602768
674.170270 11631.472080
674.353454 11628.829077
674.543091 11626.440973
674.758953 11624.236390
674.987832 11622.275919
675.229767 11620.595364
675.465212 11619.277018
675.667968 11618.171563
675.896847 11616.860404
676.295780 11615.802973
676.485442 11615.174209
676.746985 11614.603427
676.969312 11614.146307
677.237383 11613.784457
677.453093 11613.518775
677.727679 11613.313186
678.002253 11613.202838
678.257168 11613.177064
678.551401 11613.221291
678.793260 11613.340943
679.087468 11613.503625
679.296663 11613.692637
679.525466 11613.956564
679.800065 11614.262287
680.028983 11614.625365
680.316765 11615.043038
680.565253 11615.494853
680.839941 11616.003421
681.108089 11616.630328
681.454685 11617.367650
681.781634 11618.103368
682.082420 11618.893916
682.415910 11619.870303
682.821357 11620.915696
683.167940 11621.899597
683.494902 11622.916128
683.834995 11624.057127
684.214281 11625.184041
684.521659 11626.262049
684.848696 11627.500683
685.227944 11628.750591
685.541812 11629.828601
685.809934 11630.946237
686.130317 11632.268521
686.489943 11633.755208
686.875642 11635.265581
687.228689 11636.745369
687.581851 11638.202000
687.908838 11639.690921
688.261986 11641.343706
688.647787 11642.878679
688.935480 11644.401201
689.301608 11645.885357
689.563114 11647.303497
689.890038 11648.806805
690.177731 11650.303349
690.491598 11651.839268
690.785832 11653.229878
691.034282 11654.675901
691.341622 11656.122626
691.583583 11657.485120
691.851667 11658.989069
692.139385 11660.585174
692.433632 11662.147941
692.701754 11663.732350
692.996013 11665.317480
693.257570 11666.828365
693.519139 11668.318414
693.767602 11670.041223
694.101104 11671.842481
694.369213 11673.428846
694.624229 11675.175625
694.938110 11677.003001
695.212747 11678.729669
695.487397 11680.476034
695.762035 11682.242014
696.036660 11683.984830
696.298254 11685.703441
696.559798 11687.549488
696.854044 11689.348114
697.096005 11691.100195
697.370655 11692.981625
697.645293 11694.997225
697.952658 11696.987438
698.214214 11698.883544
698.488852 11700.750930
698.737353 11702.613387
699.005463 11704.588739
699.280100 11706.486220
699.522035 11708.427082
699.803226 11710.434341
700.058254 11712.536819
700.359054 11714.608183
700.601002 11716.625533
700.882154 11718.711731
701.137132 11720.871268
701.431378 11723.024911
701.679854 11725.069603
701.941410 11727.186693
702.202967 11729.324787
702.464549 11731.593259
702.752229 11733.802072
702.994190 11735.591079
703.177273 11737.762249
703.504184 11740.319028
703.772331 11742.737723
704.059948 11745.009604
704.288853 11747.251915
704.563503 11749.815387
704.857762 11752.139665
705.073510 11754.282969
705.322011 11756.789511
705.609717 11759.422177
705.877826 11762.063254
706.158992 11764.581501
706.394386 11767.140428
706.675551 11769.668611
706.897878 11772.411069
707.211771 11775.123851
707.421003 11777.788618
707.715288 11780.600091
707.944154 11783.362567
708.218766 11786.360556
708.480386 11789.234607
708.722347 11791.822064
708.925077 11794.583810
709.186659 11797.803143
709.454756 11800.894822
709.683584 11803.771546
709.905961 11806.893626
710.160990 11810.227817
710.402963 11814.600245
710.788777 11818.908863
711.004575 11822.119888
711.220348 11825.529037
711.449189 11830.177611
711.802300 11834.594024
711.985421 11837.795162
712.175070 11842.485167
712.508572 11848.876138
712.855219 11856.018761
713.221373 11863.135332
713.522210 11868.515087
713.698778 11872.780400
713.881849 11879.008138
714.195717 11885.503123
714.378838 11890.763903
714.575015 11899.320662
714.954288 11908.195796
715.143899 11918.213417
715.536278 11931.458771
715.863252 11941.430082
716.039795 11950.938663
716.307930 11962.605882
716.556418 11975.763916
716.850715 11989.034051
717.073079 12003.458512
717.373866 12020.667718
717.661661 12037.112616
717.903621 12050.761684
718.080240 12064.869080
718.315698 12081.412304
718.544608 12099.214450
718.793100 12117.503941
719.015452 12136.600182
719.263953 12157.850676
719.518995 12178.176723
719.728237 12199.485925
719.989812 12221.347563
720.205620 12242.804429
720.460660 12267.229272
720.748383 12290.767639
720.990345 12310.282088
721.193072 12330.951260
721.467707 12353.610981
721.722745 12373.220253
721.932019 12392.561334
722.187053 12411.681446
722.396302 12427.907826
722.585944 12428.951681
722.788702 12418.159215
722.984952 12411.148817
723.168129 12405.561370
723.390553 12401.017727
723.567214 12397.662949
723.743898 12394.561907
723.946700 12391.479572
724.182204 12388.703030
724.404659 12386.305979
724.646733 12384.089456
724.908424 12381.841626
725.268289 12380.006265
725.510313 12378.856769
725.732658 12377.965727
725.935395 12377.144380
726.210107 12376.405252
726.458686 12375.880731
726.687661 12375.478621
726.955741 12375.172609
727.249960 12375.008035
727.491857 12374.975849
727.779499 12375.067354
728.093278 12375.259848
728.341676 12375.516985
728.583542 12375.901923
728.897327 12376.330463
729.106509 12376.801396
729.381013 12377.392525
729.649027 12378.043184
729.917042 12378.774248
730.198105 12379.574625
730.472660 12380.305984
730.675276 12381.050908
730.930265 12381.885709
731.165626 12382.822292
731.453380 12383.860454
731.721430 12384.892396
731.982995 12385.991343
732.264131 12387.085667
732.506099 12388.217447
732.787268 12389.439723
733.055335 12390.621172
733.303789 12391.786633
733.552264 12393.091216
733.846498 12394.423954
734.094999 12395.654681
734.336896 12396.994282
734.618048 12398.531777
734.925350 12399.940017
735.147689 12401.359077
735.448450 12402.816496
735.677330 12404.412581
736.017360 12406.238134
736.318146 12407.886439
736.586243 12409.463805
736.854328 12411.003938
737.102829 12412.604988
737.384019 12414.306455
737.658644 12416.112840
737.965984 12417.713394
738.168676 12419.294064
738.462948 12421.058659
738.717951 12422.802552
738.999142 12424.586933
739.260698 12426.304049
739.515714 12428.106011
739.796905 12430.015957
740.078058 12431.901348
740.346116 12433.761527
740.614252 12435.640636
740.882310 12437.538393
741.150382 12439.431366
741.411900 12441.223757
741.647257 12443.081239
741.921869 12445.124316
742.203034 12447.309965
742.510349 12449.343970
742.745756 12451.274690
743.020343 12453.346908
743.288414 12455.387856
743.549958 12457.396132
743.804974 12459.396280
744.060003 12461.413359
744.315006 12463.631468
744.615768 12465.868288
744.870822 12468.073418
745.158527 12470.215528
745.393947 12472.241103
745.648951 12474.363944
745.903967 12476.614447
746.185132 12478.882856
746.440161 12481.086449
746.701679 12483.420647
746.982870 12485.630849
747.211762 12487.859499
747.492889 12490.248147
747.754420 12492.510817
748.002921 12494.909119
748.290690 12497.473232
748.571868 12499.639642
748.768045 12501.733220
749.029602 12504.202141
749.304239 12506.750581
749.578889 12509.256981
749.840421 12511.968812
750.154288 12514.794321
750.435466 12517.139851
750.644724 12519.439875
750.912809 12521.912498
751.154769 12524.467232
751.435922 12527.362372
751.743262 12529.855230
751.939451 12532.007469
752.174896 12534.566516
752.449521 12537.473659
752.750321 12540.167242
752.979213 12542.780676
753.260416 12545.646971
753.535066 12548.294427
753.770461 12550.754331
754.005919 12553.263714
754.247892 12556.275398
754.574866 12559.270381
754.810299 12562.078140
755.098068 12564.973506
755.346569 12567.746439
755.608151 12570.572553
755.863180 12573.091247
756.065910 12575.698648
756.333981 12578.832459
756.628266 12582.135366
756.922537 12585.239121
757.177553 12588.066196
757.419514 12591.137545
757.713760 12594.303581
757.968802 12597.111348
758.197681 12599.821878
758.433063 12603.051083
758.746956 12606.338997
758.988904 12609.221984
759.230851 12612.162539
759.479314 12615.320660
759.753977 12618.739978
760.041683 12622.063469
760.296712 12625.210055
760.551753 12628.297069
760.793713 12631.117655
761.002933 12634.248091
761.290715 12637.731842
761.552297 12641.118057
761.820381 12644.445727
762.068870 12648.014976
762.369682 12651.611794
762.618157 12655.417712
762.945119 12659.298951
763.200173 12662.778253
763.461742 12666.378000
763.729864 12670.056836
763.997987 12673.863442
764.279152 12677.755493
764.553828 12681.784834
764.848087 12685.859790
765.122737 12690.082805
765.430090 12694.407315
765.711318 12698.547642
765.985931 12702.796225
766.273687 12707.412231
766.587555 12712.102521
766.875299 12716.722404
767.169596 12721.480387
767.463830 12726.113362
767.731927 12730.846263
768.026198 12736.082072
768.340053 12741.805697
768.673517 12747.636719
768.980895 12752.906592
769.235899 12757.965950
769.504059 12764.200822
769.857157 12770.588897
770.118752 12777.088600
770.452267 12784.335570
770.753104 12791.510859
771.047325 12799.719930
771.393921 12808.134582
771.668571 12817.262981
772.021682 12827.134071
772.309400 12835.123070
772.512080 12836.085788
772.701881 12832.001770
772.930837 12829.285321
773.133592 12827.430577
773.316777 12825.799194
773.552286 12824.258537
773.787756 12823.023757
774.003542 12822.027635
774.219506 12820.998785
774.546708 12819.991989
774.867383 12819.225941
775.181454 12818.676282
775.456219 12818.236204
775.848801 12817.917815
776.136571 12817.767165
776.430842 12817.709157
776.770936 12817.752080
777.117519 12817.910725
777.496791 12818.174754
777.856405 12818.507274
778.183328 12818.898011
778.510264 12819.411466
778.909082 12820.015501
779.262168 12820.698262
779.660935 12821.481534
780.046659 12822.321342
780.432396 12823.071587
780.693889 12823.779932
781.007541 12824.605846
781.334325 12825.497795
781.667725 12826.458283
782.014296 12827.388919
782.301963 12828.212959
782.556865 12829.031091
782.824772 12829.924821
783.112414 12830.897817
783.413175 12831.897030
783.700868 12832.946359
784.014711 12834.081173
784.335081 12835.183471
784.616246 12836.288161
784.923574 12837.326606
785.158981 12838.505514
785.525122 12839.770130
785.793181 12840.862097
786.061265 12841.904387
786.296660 12843.006348
786.584327 12844.124351
786.819709 12845.276336
787.113943 12846.546966
787.395095 12847.839138
787.689303 12849.060896
787.931188 12850.333076
788.238388 12851.622008
788.480310 12852.758268
788.715578 12853.924772
788.964002 12855.121656
789.205849 12856.382675
789.473869 12857.642412
789.709200 12858.952396
789.990315 12860.481496
790.304106 12861.893110
790.532897 12863.220945
790.807496 12864.721975
791.095189 12866.224049
791.363248 12867.745776
791.650954 12869.322451
791.932081 12870.863612
792.200216 12872.292445
792.435624 12873.813572
792.729845 12875.503617
793.017563 12877.117642
793.279158 12878.731279
793.560298 12880.441757
793.848016 12882.091577
794.103045 12883.638631
794.351508 12885.263015
794.626170 12887.110795
794.940038 12888.978491
795.214727 12890.593175
795.443581 12892.331667
795.750908 12894.128395
795.992830 12895.902162
796.287089 12897.758137
796.548671 12899.567311
796.823309 12901.348634
797.071784 12903.238304
797.372545 12905.259398
797.653723 12907.047283
797.882565 12908.759464
798.137606 12910.673659
798.418797 12912.794805
798.726124 12914.768279
798.961569 12916.616891
799.229666 12918.601892
799.497751 12920.727912
799.798576 12922.922671
800.079804 12924.888000
800.315275 12926.693977
800.550682 12928.768385
800.851533 12931.012719
801.126196 12933.330195
801.440076 12935.641373
801.708173 12937.843100
801.989376 12940.170065
802.283674 12942.409696
802.538702 12944.805376
802.865664 12947.274850
803.133799 12949.575698
803.414951 12951.839853
803.669980 12954.011621
803.925009 12956.257235
804.193119 12958.692048
804.487390 12961.032136
804.729325 12963.452138
805.036678 12965.978755
805.298247 12968.146029
805.520573 12970.391374
805.795249 12972.983263
806.089457 12975.416878
806.324915 12977.629883
806.566812 12980.076346
806.848015 12982.761540
807.135734 12985.221702
807.364626 12987.453328
807.600008 12989.959564
807.881211 12992.714346
808.162402 12995.367729
808.417431 12997.917903
808.672434 13000.527391
808.933990 13003.231931
809.202126 13005.897989
809.450601 13008.629559
809.725277 13011.042769
809.908398 13013.521509
810.189589 13016.413937
810.444643 13019.273406
810.712727 13022.463535
811.020080 13025.624044
811.275121 13028.269778
811.484392 13030.953513
811.739433 13033.980896
812.001040 13037.094628
812.262622 13040.058838
812.491540 13043.033223
812.746607 13046.428378
813.034363 13049.588255
813.243621 13052.902411
813.544433 13056.226538
813.747176 13059.586648
814.041397 13063.142490
814.263749 13066.273534
814.486100 13069.661322
814.734601 13073.122286
814.956978 13076.267615
815.153168 13079.589468
815.388600 13083.193997
815.610965 13086.733257
815.826776 13090.255413
816.036046 13094.044357
816.271479 13097.995751
816.487290 13102.074020
816.722697 13106.089395
816.918912 13110.637265
817.193550 13115.121281
817.370131 13119.595085
817.625147 13125.077434
817.880213 13130.425000
818.102561 13135.624703
818.324889 13141.045210
818.547197 13146.791568
818.776073 13152.982180
819.011494 13159.663410
819.253452 13167.090308
819.514999 13174.699787
819.743870 13182.530499
819.992353 13191.243450
820.247382 13200.321972
820.489337 13209.924461
820.744367 13220.610756
821.012519 13231.449760
821.247904 13241.977036
821.476787 13253.023642
821.712210 13264.924825
821.954177 13277.378213
822.189645 13289.474734
822.398885 13302.478653
822.647397 13316.766565
822.882858 13329.576170
823.065941 13330.800303
823.242631 13323.440995
823.419293 13318.102584
823.628592 13313.705717
823.837827 13309.965532
824.079767 13307.048747
824.256335 13304.808918
824.465595 13302.293254
824.772931 13300.107653
824.988561 13298.351567
825.296004 13296.815255
825.524996 13295.716496
825.767031 13294.839715
825.969782 13294.097281
826.231436 13293.493871
826.421144 13293.012668
826.708997 13292.585779
826.983736 13292.330288
827.219214 13292.204881
827.422009 13292.169675
827.716338 13292.224885
827.971374 13292.379581
828.239485 13292.635553
828.520672 13292.968054
828.775679 13293.412751
829.089567 13293.930702
829.344567 13294.524740
829.651907 13295.181536
829.906923 13295.827228
830.155398 13296.580533
830.449645 13297.413760
830.717729 13298.227475
830.966243 13299.086156
831.234314 13300.008134
831.495858 13300.959473
831.757427 13301.936257
832.012430 13302.962356
832.280515 13304.077273
832.561655 13305.256355
832.842782 13306.341807
833.065083 13307.444299
833.339695 13308.646658
833.594673 13309.817271
833.843148 13310.982221
834.085083 13312.300550
834.385870 13313.726436
834.660507 13315.015470
834.895915 13316.380905
835.190174 13317.837704
835.451756 13319.233178
835.713261 13320.651089
835.974830 13322.218998
836.282120 13323.884349
836.569775 13325.558916
836.870587 13327.278069
837.164820 13328.828934
837.400177 13330.264552
837.648602 13331.974663
837.968934 13333.885988
838.276210 13335.559036
838.511503 13337.027529
838.746834 13338.823615
839.080196 13340.806399
839.367851 13342.666525
839.655481 13344.288858
839.864650 13345.994766
840.171838 13347.912622
840.439871 13349.652503
840.688232 13351.342499
840.936670 13353.093304
841.198125 13355.019830
841.492269 13356.918343
841.740694 13358.860171
842.041443 13360.701291
842.257203 13362.419001
842.518696 13364.460492
842.819457 13366.399561
843.048349 13368.358229
843.349124 13370.503788
843.623748 13372.571279
843.898386 13374.582122
844.153389 13376.560491
844.414996 13378.529667
844.663485 13380.669243
844.964322 13382.903377
845.232457 13385.132313
845.526742 13387.116450
845.729485 13388.985720
845.991028 13391.106732
846.252598 13393.136923
846.488005 13395.536118
846.834588 13398.006957
847.083089 13400.033678
847.318547 13402.074994
847.567009 13404.326011
847.848200 13406.621498
848.103229 13408.992375
848.397501 13411.466320
848.672125 13413.700800
848.907520 13415.952523
849.182157 13418.365446
849.450267 13420.708020
849.705258 13423.067746
849.973355 13425.593502
850.261048 13428.047257
850.509561 13430.550202
850.803770 13433.161463
851.071905 13435.454361
851.294205 13437.825385
851.575422 13440.522260
851.863140 13443.144478
852.124747 13445.691034
852.392832 13448.445765
852.693657 13451.123080
852.942157 13453.755880
853.229876 13456.697874
853.537216 13459.496922
853.792232 13462.086268
854.053814 13464.625492
854.295762 13467.214322
854.563884 13469.852015
854.812385 13472.574570
855.093614 13475.551526
855.387860 13478.514218
855.662548 13481.290859
855.917602 13483.981517
856.172682 13486.863295
856.460489 13490.360704
856.826757 13493.562510
857.055675 13496.470060
857.363015 13499.141874
857.546098 13501.580668
857.807718 13504.392262
858.056219 13507.439669
858.357031 13510.982299
858.690508 13514.475373
858.978201 13517.548241
859.233242 13520.341961
859.468649 13523.453773
859.775977 13526.582749
860.011397 13529.543212
860.286021 13532.904419
860.586859 13536.248825
860.854969 13539.188625
861.083861 13542.225375
861.365026 13545.672929
861.659310 13548.905770
861.901258 13552.001729
862.169355 13555.558327
862.483223 13559.178968
862.757848 13562.297636
862.986714 13565.355946
863.248271 13568.928006
863.555611 13572.316196
863.784478 13575.606040
864.072209 13579.169327
864.340319 13582.335071
864.562645 13585.652629
864.850351 13589.163583
865.098851 13592.921306
865.419260 13596.706260
865.667723 13600.439238
865.975050 13604.245546
866.230040 13607.909160
866.511257 13612.013298
866.825137 13616.202371
867.112843 13620.112473
867.380965 13624.157897
867.681765 13628.197178
867.943347 13632.092545
868.217984 13636.175551
868.499124 13640.652312
868.819532 13644.987126
869.074536 13649.338444
869.388378 13653.952875
869.669556 13658.436751
869.957211 13662.834371
870.218755 13667.964668
870.584909 13673.241686
870.853006 13678.261800
871.173388 13683.859270
871.493797 13689.738392
871.827248 13695.994532
872.167303 13702.616677
872.513835 13709.387908
872.840797 13716.354011
873.174324 13723.231423
873.462081 13731.344495
873.860988 13738.791660
874.063680 13739.686677
874.240337 13736.983119
874.423585 13735.192366
874.619826 13733.709413
874.829223 13732.450372
875.045110 13731.058145
875.437756 13729.848386
875.686435 13729.149746
875.922058 13728.608565
876.144588 13728.195527
876.347445 13727.854085
876.582953 13727.570216
876.805369 13727.339227
877.106244 13727.166286
877.413559 13727.091227
877.707805 13727.109140
878.041206 13727.216404
878.368104 13727.426421
878.740785 13727.717825
879.067645 13728.056835
879.381487 13728.445074
879.688827 13728.940797
880.068062 13729.538718
880.427688 13730.186023
880.787276 13730.906779
881.159957 13731.647417
881.486665 13732.363362
881.793890 13733.219215
882.199173 13734.159516
882.538974 13735.027035
882.852842 13735.971194
883.218996 13736.853679
883.467484 13737.732612
883.807539 13738.696831
884.095270 13739.608650
884.382976 13740.589258
884.696856 13741.550617
884.958388 13742.526736
885.265740 13743.488968
885.507675 13744.343365
885.743070 13745.372069
886.070031 13746.505976
886.351222 13747.526803
886.606251 13748.554715
886.880875 13749.653002
887.162066 13750.784587
887.443244 13751.854865
887.685192 13752.943896
887.966344 13754.161501
888.260654 13755.313790
888.502589 13756.485644
888.796823 13757.688357
889.045311 13758.881030
889.326514 13760.044434
889.555356 13761.225338
889.836534 13762.436096
890.071954 13763.711889
890.372791 13765.130712
890.660497 13766.392460
890.889326 13767.639400
891.163989 13768.949969
891.412451 13770.260907
891.680548 13771.672328
891.961739 13773.032488
892.203674 13774.357931
892.465231 13775.750760
892.726787 13777.195515
893.001399 13778.674878
893.269433 13780.135351
893.530900 13781.668338
893.818619 13783.125190
894.047397 13784.599673
894.335077 13786.069248
894.557327 13787.479286
894.818845 13789.018883
895.080364 13790.555076
895.335316 13792.067799
895.583792 13793.435774
895.786471 13795.080032
896.119922 13796.819130
896.348802 13798.229524
896.571128 13799.901965
896.878417 13801.841160
897.179204 13803.738804
897.466910 13805.463833
897.708845 13807.228832
898.003104 13809.097028
898.271188 13810.896395
898.539310 13812.735248
898.813922 13814.523754
899.062423 13816.397862
899.356682 13818.633359
899.703253 13820.751774
899.958294 13822.707001
900.252553 13824.584124
900.481407 13826.575373
900.801853 13828.605736
901.037248 13830.511305
901.318451 13832.578648
901.593114 13834.689415
901.880858 13836.843609
902.162062 13839.042464
902.456321 13841.235115
902.730958 13843.422168
903.018689 13845.783032
903.332570 13848.060038
903.594101 13850.200732
903.868738 13852.384989
904.136835 13854.507065
904.391851 13856.700136
904.673029 13859.018721
904.954220 13861.219751
905.202696 13863.411579
905.477333 13865.814492
905.771579 13868.181108
906.033174 13870.398698
906.288177 13872.433928
906.503925 13874.743317
906.817805 13877.241403
907.072783 13879.675554
907.367030 13882.187789
907.635127 13884.752399
907.935875 13887.158697
908.164767 13889.708802
908.491678 13892.643703
908.799018 13895.301138
909.060575 13897.922861
909.354795 13900.442031
909.590241 13902.827832
909.851759 13905.552187
910.152533 13908.140400
910.381413 13910.691349
910.669131 13913.296388
910.904538 13915.962240
911.198721 13918.752940
911.453788 13921.542211
911.741506 13924.394348
912.003101 13926.967809
912.231930 13929.780204
912.532716 13932.372787
912.715812 13935.000479
913.016599 13938.195136
913.297803 13941.288222
913.572415 13944.461944
913.860133 13947.681052
914.134796 13950.718570
914.383272 13953.529046
914.612151 13956.578036
914.893304 13959.709352
915.128749 13962.772950
915.390305 13966.133190
915.664943 13969.383381
915.900350 13972.480623
916.142272 13975.631821
916.377705 13979.021384
916.645827 13982.750738
916.920554 13986.470712
917.175621 13990.088307
917.424121 13993.692904
917.666082 13997.485561
917.927664 14001.319854
918.163071 14005.208120
918.418100 14010.749116
918.836552 14015.883822
919.026150 14021.052880
919.418409 14026.602567
919.634226 14032.137750
919.993752 14037.581782
920.183355 14041.922358
920.412194 14046.981500
920.654132 14052.240903
920.882964 14057.333058
921.092193 14062.477982
921.307938 14067.487824
921.490983 14072.445221
921.687087 14078.048919
921.902797 14084.075240
922.111985 14091.399267
922.392982 14098.624210
922.575864 14104.835275
922.771949 14113.535910
923.079120 14122.241562
923.255594 14129.191990
923.445199 14139.681351
923.778605 14150.886061
923.981269 14152.225059
924.164386 14147.329471
924.360328 14144.259360
924.536156 14141.597240
924.804285 14139.126632
925.052789 14137.225302
925.320993 14135.681233
925.582632 14134.580340
925.791909 14133.730340
926.046920 14132.977129
926.315069 14132.404260
926.583142 14132.026755
926.812053 14131.795487
927.073614 14131.672299
927.341727 14131.671840
927.616382 14131.779429
927.871398 14131.978572
928.126434 14132.275465
928.401043 14132.686064
928.695312 14133.161358
928.950319 14133.694957
929.224956 14134.340010
929.519228 14135.052085
929.793878 14135.782909
930.055435 14136.630256
930.369328 14137.508619
930.617816 14138.331101
930.866292 14139.239434
931.140916 14140.186305
931.389417 14141.135297
931.644433 14142.091458
931.879802 14143.147828
932.167534 14144.262551
932.416009 14145.384799
932.690672 14146.536501
932.939173 14147.689122
933.200729 14148.976712
933.495001 14150.246204
933.736962 14151.562606
934.037748 14152.870845
934.266640 14154.141021
934.541278 14155.534106
934.809413 14156.762071
935.012130 14157.958491
935.260631 14159.437741
935.561456 14160.975363
935.823076 14162.336770
936.051968 14163.699206
936.307035 14165.154031
936.562140 14166.570639
936.797560 14168.218471
937.124509 14169.904730
937.366431 14171.537194
937.667167 14173.147444
937.895983 14174.779328
938.196706 14176.551026
938.464740 14178.157632
938.706573 14179.845296
938.994215 14181.592080
939.249117 14183.251379
939.504070 14184.992573
939.778656 14186.838362
940.059707 14188.636609
940.314634 14190.408986
940.582655 14192.401113
940.896396 14194.435361
941.170995 14196.192614
941.399799 14197.943516
941.667883 14199.919447
941.955614 14201.937003
942.230226 14203.902271
942.498323 14205.789161
942.746811 14207.887135
943.067207 14210.124917
943.348436 14212.162959
943.610056 14214.244176
943.897812 14216.393053
944.172539 14218.408710
944.421040 14220.543630
944.721827 14222.591619
944.944178 14224.580234
945.225331 14226.896907
945.526143 14229.392259
945.846577 14231.802967
946.121227 14233.966756
946.376217 14236.256465
946.677017 14238.563254
946.932046 14240.696901
947.187049 14242.984939
947.474780 14245.289607
947.729809 14247.528317
947.997919 14249.811349
948.259488 14252.139945
948.534138 14254.687071
948.841478 14257.224158
949.109575 14259.489656
949.351523 14262.007379
949.671956 14264.600562
949.926947 14267.006174
950.201584 14269.397975
950.450073 14271.897977
950.744344 14274.444675
950.999386 14276.734034
951.234806 14279.161928
951.515984 14281.697678
951.771012 14284.251427
952.052190 14287.074009
952.359518 14289.725650
952.601478 14292.237553
952.876141 14294.925214
953.150766 14297.501263
953.399279 14300.159663
953.686972 14302.866614
953.941988 14305.757637
954.262397 14308.566555
954.497829 14311.396696
954.818225 14314.276067
955.060173 14317.007340
955.347878 14319.822169
955.602894 14322.655808
955.890613 14325.333541
956.112965 14328.202698
956.433360 14331.576242
956.747241 14334.516153
956.982635 14337.264163
957.257260 14340.204865
957.525332 14343.020294
957.773794 14346.033254
958.074594 14349.426259
958.388462 14352.513103
958.630422 14355.327346
958.891966 14358.156721
959.133914 14361.337429
959.454322 14364.684991
959.722419 14367.792571
959.997031 14370.653512
960.219332 14373.646521
960.513591 14376.884542
960.775160 14380.182683
961.075972 14383.344955
961.311367 14386.255356
961.566383 14389.377402
961.834442 14392.794322
962.135241 14396.312311
962.416444 14399.614324
962.677976 14402.776778
962.933004 14405.958883
963.194561 14409.119348
963.443024 14412.299666
963.704580 14415.457957
963.946515 14418.803025
964.234272 14422.377455
964.508909 14425.851135
964.777006 14429.349211
965.051631 14432.871764
965.319728 14436.333900
965.581272 14439.777982
965.842854 14443.290675
966.110938 14446.697295
966.352898 14450.352229
966.653685 14454.436067
966.954472 14458.467182
967.242190 14462.399468
967.523318 14466.092587
967.771806 14469.589158
968.020307 14473.256640
968.288416 14477.383121
968.595744 14481.455887
968.850798 14485.287700
969.118908 14489.453449
969.413128 14493.668009
969.681251 14498.747920
970.080132 14503.689437
970.322042 14508.264813
970.662085 14513.169077
970.936760 14517.958732
971.250615 14523.168795
971.564534 14528.214815
971.845725 14533.446435
972.166146 14539.049078
972.473473 14545.018423
972.813528 14551.847707
973.186260 14559.187744
973.545937 14566.797189
973.905588 14574.414799
974.226022 14582.317084
974.566039 14590.933767
974.899541 14599.426560
975.187247 14609.361870
975.573060 14619.351870
975.828064 14629.398060
976.174634 14641.157620
976.514676 14652.054063
976.822016 14662.351922
977.155518 14671.916117
977.443237 14681.102306
977.783267 14690.914362
978.149471 14699.290469
978.417568 14706.681551
978.744530 14712.756404
978.927626 14717.261988
979.143399 14718.256411
979.320043 14715.857592
979.562168 14714.334951
979.738749 14713.331830
979.941517 14712.257669
980.268657 14711.353660
980.497638 14710.602521
980.955689 14709.988772
981.243432 14709.683557
981.609637 14709.505558
981.956195 14709.478573
982.309280 14709.560860
982.610092 14709.732451
982.930500 14710.012307
983.296667 14710.421282
983.695536 14710.914784
984.055124 14711.478741
984.434358 14712.137672
984.820172 14712.880355
985.212487 14713.800844
985.696421 14714.760094
986.062600 14715.696368
986.467997 14716.612908
986.781839 14717.460139
987.102184 14718.405318
987.461797 14719.423094
987.808316 14720.407744
988.122146 14721.362866
988.429512 14722.387265
988.769567 14723.470642
989.096516 14724.527272
989.403868 14725.518570
989.678480 14726.554829
989.998914 14727.610510
990.273552 14728.700321
990.600500 14729.882544
990.914355 14730.913132
991.149788 14731.975204
991.470171 14733.051250
991.705565 14734.120086
992.012918 14735.374485
992.333326 14736.594816
992.614530 14737.820964
992.928385 14739.008462
993.183426 14740.241774
993.510401 14741.432726
993.739242 14742.540639
994.020445 14743.732454
994.282027 14744.894634
994.543571 14746.188715
994.857477 14747.451874
995.099425 14748.716034
995.406765 14750.069455
995.681440 14751.361544
995.956065 14752.588866
996.198000 14753.876831
996.492284 14755.336922
996.799624 14756.683315
997.041559 14757.881456
997.283520 14759.205527
997.571213 14760.607636
997.839297 14761.923255
998.087785 14763.285166
998.368938 14764.590457
998.591290 14765.891108
998.865902 14767.427816
999.173204 14769.049350
999.474041 14770.545263
999.729019 14772.002027
1000.010159 14773.452932
1000.258622 14774.716773
1000.467842 14776.063957
1000.742416 14777.678974
1001.043139 14779.326642
1001.324228 14780.952165
1001.611883 14782.458904
1001.847214 14783.940802
1002.121826 14785.549142
1002.396387 14787.190354
1002.677540 14788.727557
1002.912922 14790.257808
1003.187508 14791.998022
1003.488295 14793.873146
1003.802176 14795.663291
1004.070285 14797.408194
1004.364519 14799.063389
1004.599901 14800.732590
1004.894185 14802.663889
1005.208028 14804.526640
1005.476150 14806.320626
1005.763869 14808.063589
1006.012369 14809.841758
1006.306603 14811.588497
1006.542036 14813.283415
1006.816648 14815.143018
1007.097800 14817.082812
1007.392034 14819.104354
1007.692872 14820.983735
1007.941360 14822.877621
1008.242147 14824.920788
1008.529865 14826.956630
1008.824111 14828.729160
1009.033382 14830.561497
1009.340697 14832.638337
1009.615372 14834.660113
1009.903091 14836.671686
1010.171200 14838.673562
1010.452404 14840.664328
1010.713960 14842.425649
1010.929733 14844.466942
1011.263223 14846.863480
1011.570563 14848.906956
1011.805957 14850.890548
1012.093688 14852.935454
1012.342176 14854.918490
1012.610286 14857.167393
1012.924167 14859.430481
1013.192264 14861.581505
1013.473467 14863.746102
1013.741551 14865.716264
1013.970418 14867.725354
1014.245081 14869.903775
1014.513178 14872.096485
1014.787841 14874.169623
1015.023261 14876.256449
1015.297911 14878.544705
1015.579076 14880.848345
1015.853726 14883.058183
1016.108755 14885.393711
1016.409542 14887.577201
1016.625328 14889.581409
1016.880369 14891.794047
1017.141938 14894.220227
1017.442750 14896.577537
1017.684736 14898.867266
1017.965889 14901.317130
1018.240526 14903.522972
1018.462840 14905.716483
1018.730924 14907.983338
1018.966306 14910.358017
1019.254050 14913.020908
1019.548271 14915.616185
1019.816419 14918.112838
1020.084503 14920.476166
1020.319910 14922.954320
1020.607616 14925.641695
1020.882279 14928.260510
1021.150338 14930.712289
1021.385745 14933.253795
1021.666936 14936.278184
1021.993884 14939.236529
1022.255441 14941.864347
1022.510457 14944.521372
1022.771988 14947.208374
1023.027017 14950.067118
1023.314735 14952.995776
1023.576304 14955.751311
1023.824831 14958.616021
1024.099430 14961.555217
1024.354471 14964.539256
1024.629109 14967.453057
1024.864503 14970.569324
1025.165316 14973.809711
1025.413766 14976.793859
1025.662279 14979.991137
1025.936904 14983.285983
1026.191920 14986.310121
1026.414284 14989.393793
1026.669300 14992.707748
1026.917763 14996.588767
1027.244725 15000.694085
1027.512822 15004.400166
1027.767812 15007.959978
1028.003245 15011.612837
1028.258274 15015.768791
1028.545979 15019.937533
1028.787914 15023.919197
1029.036390 15027.963183
1029.271757 15032.370963
1029.546438 15037.222538
1029.814549 15042.390705
1030.102264 15047.372342
1030.331137 15052.033054
1030.566567 15057.365674
1030.841179 15063.211199
1031.102735 15069.346120
1031.377400 15075.206598
1031.593191 15081.639892
1031.887450 15088.171058
1032.090203 15094.624142
1032.351800 15102.354959
1032.619905 15110.098267
1032.855296 15118.412296
1033.129967 15127.874565
1033.404622 15138.553380
1033.712054 15149.206629
1033.954017 15160.430327
1034.254784 15172.985484
1034.529456 15185.208600
1034.784487 15200.299150
1035.144197 15214.359221
1035.333837 15225.656405
1035.562731 15238.089625
1035.778477 15250.027889
1035.974650 15291.269759
1037.065999 15337.381290
1037.373508 15360.012383
1037.726656 15384.747158
1038.112505 15412.006079
1038.563839 15433.476423
1038.786147 15448.107702
1039.034600 15463.091059
1039.276526 15477.221652
1039.505392 15491.662323
1039.766960 15504.361646
1039.943514 15514.420977
1040.120043 15515.398198
1040.296601 15508.318769
1040.505778 15503.099102
1040.708466 15499.193382
1040.911218 15495.710479
1041.153156 15492.525284
1041.395094 15489.657083
1041.676322 15487.207746
1041.918264 15485.307951
1042.153680 15483.668079
1042.395647 15482.212244
1042.644168 15480.927870
1042.899192 15479.756852
1043.186915 15478.775639
1043.435428 15477.988720
1043.710050 15477.362881
1043.932409 15476.844904
1044.233149 15476.414574
1044.475118 15476.118229
1044.756277 15475.907513
1045.017859 15475.796784
1045.285957 15475.771158
1045.567129 15475.828612
1045.841779 15475.963502
1046.116423 15476.169874
1046.391029 15476.438733
1046.659145 15476.768848
1046.933808 15477.139006
1047.182302 15477.584388
1047.483102 15478.056596
1047.711971 15478.551614
1047.986631 15479.125447
1048.254727 15479.694204
1048.490141 15480.315640
1048.771319 15481.020044
1049.045970 15481.771030
1049.333714 15482.556904
1049.608336 15483.347672
1049.876441 15484.117670
1050.118389 15484.935190
1050.399573 15485.808517
1050.661133 15486.742110
1050.961939 15487.723187
1051.236589 15488.673164
1051.504712 15489.633828
1051.772834 15490.615403
1052.040969 15491.629380
1052.315607 15492.738941
1052.622998 15493.881943
1052.904252 15494.863043
1053.120050 15495.780813
1053.362074 15496.844499
1053.643328 15498.017619
1053.931098 15499.263026
1054.238488 15500.511742
1054.519743 15501.692575
1054.787865 15502.959940
1055.101822 15504.241505
1055.369970 15505.465410
1055.651224 15506.806037
1055.965193 15508.205512
1056.266069 15509.437925
1056.501489 15510.820594
1056.861178 15512.306574
1057.135866 15513.699714
1057.449772 15515.088518
1057.717920 15516.473912
1058.025247 15517.933553
1058.319532 15519.324752
1058.594182 15520.677970
1058.868845 15521.991707
1059.123899 15523.429467
1059.444333 15524.826394
1059.679753 15526.200568
1059.987118 15527.766515
1060.294458 15529.360127
1060.608351 15530.862566
1060.876474 15531.522452
1061.118853 15531.365967
1061.315030 15531.619376
1061.583140 15532.599564
1061.896995 15533.834476
1062.178186 15535.118474
1062.446308 15536.328351
1062.662106 15537.802242
1063.002162 15539.530802
1063.289880 15541.139035
1063.564518 15542.636664
1063.799950 15544.229659
1064.094196 15545.830025
1064.323101 15547.564459
1064.650063 15549.321214
1064.878917 15551.064455
1065.192823 15553.040431
1065.487069 15554.824100
1065.735595 15556.495371
1065.990573 15558.290708
1066.271751 15560.300558
1066.585632 15562.191785
1066.827579 15564.030756
1067.121851 15565.994019
1067.396501 15567.855957
1067.658045 15569.797497
1067.952291 15571.818351
1068.233457 15573.850351
1068.527728 15575.589533
1068.723905 15577.266987
1068.998530 15579.231343
1069.273180 15581.180460
1069.541303 15583.018983
1069.783238 15584.935434
1070.070931 15586.977330
1070.345594 15588.883389
1070.594069 15590.771906
1070.862179 15592.714207
1071.123748 15594.783221
1071.424560 15596.955111
1071.712279 15598.939787
1071.960754 15600.711519
1072.189634 15602.609759
1072.470799 15604.781492
1072.771611 15606.836740
1073.020125 15608.701111
1073.268600 15610.619172
1073.530195 15612.689900
1073.817901 15614.765434
1074.079457 15616.871272
1074.373729 15618.857517
1074.602583 15620.724069
1074.864139 15622.719397
1075.125721 15624.769247
1075.400346 15626.723223
1075.635779 15628.706902
1075.916957 15630.795280
1076.178539 15632.787572
1076.433605 15634.885292
1076.721311 15637.037827
1076.989383 15639.170004
1077.270573 15641.357663
1077.551701 15643.498862
1077.819747 15645.772776
1078.133538 15648.282484
1078.460411 15650.669621
1078.741487 15652.727540
1078.983346 15654.815846
1079.270963 15657.115339
1079.565146 15659.393932
1079.846197 15661.573608
1080.114205 15663.888653
1080.428009 15666.182325
1080.689464 15668.141188
1080.918267 15670.025614
1081.160177 15672.149970
1081.447857 15674.278179
1081.689742 15676.384953
1081.970945 15678.601575
1082.239029 15680.822863
1082.520207 15683.154795
1082.814416 15685.411913
1083.075985 15687.647662
1083.363716 15689.807459
1083.605613 15692.025635
1083.906450 15694.274856
1084.154926 15696.502076
1084.449172 15698.868257
1084.730363 15701.185646
1085.011528 15703.426620
1085.273072 15705.590955
1085.534616 15707.840972
1085.815768 15710.068147
1086.070772 15712.463999
1086.391244 15715.028389
1086.685477 15717.434200
1086.966655 15719.653134
1087.215131 15721.821594
1087.483215 15724.021683
1087.738256 15726.281226
1088.019396 15728.766273
1088.326736 15731.201175
1088.594846 15733.474739
1088.862930 15735.585825
1089.091822 15737.868266
1089.399124 15740.210166
1089.641047 15742.557386
1089.948374 15744.964822
1090.203377 15747.040360
1090.432244 15749.232505
1090.713447 15751.682062
1091.001153 15754.051793
1091.262748 15756.482901
1091.563496 15759.031993
1091.851228 15761.444531
1092.119325 15763.805004
1092.393975 15766.198581
1092.668625 15768.625206
1092.949765 15771.142610
1093.244049 15773.550161
1093.499040 15775.962535
1093.793286 15778.437130
1094.061409 15780.714592
1094.309871 15783.256575
1094.636795 15786.064056
1094.944122 15788.674460
1095.225275 15791.115667
1095.493359 15793.707575
1095.807214 15796.596689
1096.140678 15799.521511
1096.461099 15802.188791
1096.735736 15804.979678
1097.082307 15807.952873
1097.396187 15810.874035
1097.729689 15813.920047
1098.069732 15816.913513
1098.390140 15819.824464
1098.710536 15823.010258
1099.089783 15826.083490
1099.384055 15828.955013
1099.717582 15832.012322
1100.051059 15835.106440
1100.391089 15838.298047
1100.744187 15841.496873
1101.084204 15842.483697
1101.273853 15841.657456
1101.463502 15841.194068
1101.738178 15840.819013
1102.104369 15840.621405
1102.503378 15840.600539
1102.758584 15840.666796
1102.967931 15840.896049
1103.491019 15841.293693
1103.896377 15841.721060
1104.236344 15842.168778
1104.556765 15842.701942
1104.929472 15843.347736
1105.315272 15844.067418
1105.701098 15844.817818
1106.060737 15845.576542
1106.407294 15846.363775
1106.753877 15847.182392
1107.093907 15848.055277
1107.453559 15848.902155
1107.747779 15849.701152
1108.048541 15850.589862
1108.388533 15851.514138
1108.695809 15852.378396
1108.976987 15853.245599
1109.271246 15854.205217
1109.598182 15855.176462
1109.885901 15856.128394
1110.186713 15857.166202
1110.513649 15858.180542
1110.788299 15859.102401
1111.049868 15860.063794
1111.337587 15861.052673
1111.605697 15862.022647
1111.873781 15863.068975
1112.174606 15864.094123
1112.423081 15865.111205
1112.710812 15866.154789
1112.965867 15867.123712
1113.207802 15868.210173
1113.515167 15869.376350
1113.789817 15870.452367
1114.044820 15871.638154
1114.365229 15872.852208
1114.626836 15874.042462
1114.927724 15875.331936
1115.228537 15876.595294
1115.509689 15877.831652
1115.790905 15879.038895
1116.052487 15880.260392
1116.333665 15881.555350
1116.621396 15882.789181
1116.869910 15884.052648
1117.164156 15885.328453
1117.412619 15886.571920
1117.687282 15888.033784
1118.020797 15889.478734
1118.282353 15890.730758
1118.530841 15892.027675
1118.805492 15893.402449
1119.080129 15894.790844
1119.354767 15896.142341
1119.609795 15897.507016
1119.884458 15898.952468
1120.165636 15900.411632
1120.440299 15901.937323
1120.741099 15903.600847
1121.061507 15905.102585
1121.296914 15906.458268
1121.558483 15907.933274
1121.833159 15909.512296
1122.127418 15911.197645
1122.434783 15912.824220
1122.702918 15914.278367
1122.944866 15915.801583
1123.232635 15917.374406
1123.487664 15919.018847
1123.795017 15920.656674
1124.043530 15922.270502
1124.337815 15923.955500
1124.605925 15925.575470
1124.874034 15927.208212
1125.142144 15928.853687
1125.410241 15930.573058
1125.697959 15932.264615
1125.952988 15933.970086
1126.240719 15935.812985
1126.534966 15937.544503
1126.783441 15939.205621
1127.051576 15940.920799
1127.313133 15942.670043
1127.587796 15944.496696
1127.868974 15946.293289
1128.130556 15948.037588
1128.392125 15949.793957
1128.653681 15951.673847
1128.947953 15953.611529
1129.222590 15955.496217
1129.497228 15957.212384
1129.719554 15959.055174
1130.026894 15961.139001
1130.314625 15962.960333
1130.543492 15964.771496
1130.824683 15966.710514
1131.086227 15968.521121
1131.328200 15970.295892
1131.576688 15972.176899
1131.844785 15974.141657
1132.112895 15976.216324
1132.407154 15978.279939
1132.668723 15980.161284
1132.910658 15982.005007
1133.159184 15984.157935
1133.479592 15987.076686
1133.924270 15989.789128
1134.185814 15991.840180
1134.453924 15993.775568
1134.682803 15995.645549
1134.931304 15997.732444
1135.212495 15999.961515
1135.493723 16002.204482
1135.774876 16004.329433
1136.023390 16006.520893
1136.317661 16008.964671
1136.624989 16011.209050
1136.866949 16013.117060
1137.089275 16015.306659
1137.396603 16017.698169
1137.664725 16020.077900
1137.965499 16022.249836
1138.181272 16024.491590
1138.495178 16026.603902
1138.678261 16028.561453
1138.952899 16030.724182
1139.181765 16033.069953
1139.495646 16035.398461
1139.717972 16037.311353
1139.933707 16039.665778
1140.254090 16042.118255
1140.489522 16044.265728
1140.737896 16046.452666
1140.979768 16048.769230
1141.254367 16051.186561
1141.515873 16053.498556
1141.764310 16055.823157
1142.025791 16058.340753
1142.313458 16061.084713
1142.620735 16063.693003
1142.875751 16066.072794
1143.130716 16068.898023
1143.477312 16071.801101
1143.745396 16074.506586
1144.046170 16076.881889
1144.242322 16079.272860
1144.543096 16081.706205
1144.745839 16083.964046
1145.007395 16086.456891
1145.255883 16088.673651
1145.458588 16090.967946
1145.720157 16093.273062
1145.922887 16095.624847
1146.190959 16098.185908
1146.432919 16100.597079
1146.668288 16103.156081
1146.936423 16105.494608
1147.126047 16107.679415
1147.361454 16110.078364
1147.590308 16112.559832
1147.838758 16115.193684
1148.093787 16117.844652
1148.342237 16120.583378
1148.610334 16123.340779
1148.858825 16126.153957
1149.133442 16128.808334
1149.349195 16131.879650
1149.695779 16135.261029
1149.963898 16138.972340
1150.362868 16143.272482
1150.729160 16147.214266
1151.056171 16150.785929
1151.350447 16153.630928
1151.546603 16156.699634
1151.873574 16160.142332
1152.128592 16162.916919
1152.337866 16165.879133
1152.619055 16169.269622
1152.893704 16172.496666
1153.142217 16175.391548
1153.358017 16178.277833
1153.600031 16181.025286
1153.789691 16183.719675
1154.018566 16187.129210
1154.312867 16190.535951
1154.535186 16194.042083
1154.835989 16199.089920
1155.273958 16203.812708
1155.515917 16209.295428
1156.038798 16215.018881
1156.300391 16218.997412
1156.568523 16222.803304
1156.797361 16226.121349
1156.993499 16229.666549
1157.241973 16233.711822
1157.490435 16238.080755
1157.765058 16243.026780
1158.065814 16248.186901
1158.347028 16252.853002
1158.575854 16257.304199
1158.817759 16261.763320
1159.033544 16265.970688
1159.236234 16270.386807
1159.458588 16277.014147
1159.844376 16283.351021
1160.020958 16288.010964
1160.236763 16294.087755
1160.511395 16300.512589
1160.733795 16306.366941
1160.943114 16312.105599
1161.139386 16312.834292
1161.335862 16309.395990
1161.571431 16306.906500
1161.865882 16305.035172
1162.107838 16303.743717
1162.356344 16302.694051
1162.611381 16301.812925
1162.899100 16301.151927
1163.127968 16300.666811
1163.415681 16300.283155
1163.683789 16300.045444
1163.945359 16299.915012
1164.246146 16299.885018
1164.514281 16299.939275
1164.743130 16300.068994
1165.017766 16300.262744
1165.259726 16300.505664
1165.508204 16300.817012
1165.776334 16301.188847
1166.037881 16301.635243
1166.332149 16302.149386
1166.613327 16302.639791
1166.835650 16303.178553
1167.123411 16303.810260
1167.398046 16304.433584
1167.646513 16305.065478
1167.901555 16305.743515
1168.163128 16306.505483
1168.457395 16307.316091
1168.732069 16308.068643
1168.967459 16308.785084
1169.202888 16309.678594
1169.536419 16310.626539
1169.791460 16311.504841
1170.066104 16312.414541
1170.327672 16313.298907
1170.576186 16314.272331
1170.877016 16315.347857
1171.171299 16316.335195
1171.413249 16317.353935
1171.714085 16318.438551
1171.982246 16319.580710
1172.302667 16320.687361
1172.544653 16321.666941
1172.793192 16322.751895
1173.080897 16323.917474
1173.362139 16325.043437
1173.623734 16326.155276
1173.891843 16327.293232
1174.159966 16328.443455
1174.428101 16329.648515
1174.715845 16330.822176
1174.964358 16332.080846
1175.284767 16333.350289
1175.533280 16334.484613
1175.788296 16335.792784
1176.108717 16337.141608
1176.376814 16338.335839
1176.625328 16339.524158
1176.886897 16340.767212
1177.154994 16342.112816
1177.455806 16343.405489
1177.697767 16344.661004
1177.978945 16345.940272
1178.227445 16347.260663
1178.521704 16348.637519
1178.789827 16349.829606
1179.005625 16351.094430
1179.299872 16352.628260
1179.620318 16354.040155
1179.862253 16355.428880
1180.169606 16356.825028
1180.411553 16358.196774
1180.705812 16359.474087
1180.908492 16360.742331
1181.196223 16362.101317
1181.431617 16363.365260
1181.680106 16364.807948
1181.980956 16366.431526
1182.294874 16368.117038
1182.615295 16369.654499
1182.870311 16371.024749
1183.125327 16372.526029
1183.426178 16374.427133
1183.824932 16376.356769
1184.132285 16377.884860
1184.380786 16379.312530
1184.648896 16380.783075
1184.910465 16382.242308
1185.172009 16383.818925
1185.472834 16385.476999
1185.760565 16387.069337
1186.035202 16388.594868
1186.296759 16390.071357
1186.551775 16391.592235
1186.826400 16393.081984
1187.068360 16394.540772
1187.329929 16396.234941
1187.650337 16397.975095
1187.924988 16399.589497
1188.199625 16401.191898
1188.467709 16402.723826
1188.716210 16404.223524
1188.971226 16405.847317
1189.258970 16407.497707
1189.520527 16409.076573
1189.782096 16410.642271
1190.037099 16412.214703
1190.298681 16413.874057
1190.579872 16415.419436
1190.802198 16416.991920
1191.089878 16418.468563
1191.279540 16420.013389
1191.586893 16421.808574
1191.855003 16423.365519
1192.083869 16425.094356
1192.404290 16426.933112
1192.665834 16428.593464
1192.927403 16430.281607
1193.195513 16432.081760
1193.489797 16433.868232
1193.751354 16435.599075
1194.025979 16437.485955
1194.333331 16439.338063
1194.594901 16441.112874
1194.876079 16442.851561
1195.124554 16444.619232
1195.412260 16446.437054
1195.673842 16448.262791
1195.961573 16450.139391
1196.236211 16451.980036
1196.510873 16453.717838
1196.752847 16455.573520
1197.060199 16457.591500
1197.347905 16459.461959
1197.609474 16461.430171
1197.923367 16463.496139
1198.211124 16465.345031
1198.459625 16466.997039
1198.688504 16468.928577
1199.015491 16470.935059
1199.263979 16472.628887
1199.499361 16474.490196
1199.793658 16476.543004
1200.081390 16478.488037
1200.342984 16480.557631
1200.663418 16482.447212
1200.872650 16484.345065
1201.193046 16486.484514
1201.467709 16488.230732
1201.676967 16490.078536
1201.977766 16492.026978
1202.213173 16493.911709
1202.494390 16495.826534
1202.736350 16497.748461
1203.017515 16499.773447
1203.285638 16502.000585
1203.619152 16504.211131
1203.880683 16506.113164
1204.129172 16508.095588
1204.410350 16510.232448
1204.698081 16512.302946
1204.959625 16514.381034
1205.247292 16516.540964
1205.528445 16518.608789
1205.789913 16520.558438
1206.038299 16522.514741
1206.299779 16524.578369
1206.574328 16526.800941
1206.875013 16528.929542
1207.123400 16530.760169
1207.345650 16532.750209
1207.633279 16534.771598
1207.862083 16536.671786
1208.117086 16538.913620
1208.430928 16541.084848
1208.666323 16543.238419
1208.973587 16545.424391
1209.215509 16547.487893
1209.490134 16549.767772
1209.784329 16551.844238
1210.006617 16554.378965
1210.412090 16557.053546
1210.667081 16559.207225
1210.941718 16561.501498
1211.229424 16563.883922
1211.523658 16566.005108
1211.745959 16568.323300
1212.086014 16570.620668
1212.301799 16572.954318
1212.648319 16575.703796
1212.962212 16577.943726
1213.184526 16580.439410
1213.557220 16583.024463
1213.799155 16585.427085
1214.126129 16588.114450
1214.433444 16590.644503
1214.721149 16593.071715
1215.002327 16595.647629
1215.322761 16598.372862
1215.636629 16600.740347
1215.872036 16603.031295
1216.166295 16605.783861
1216.506338 16608.545453
1216.800546 16611.260243
1217.127482 16613.926582
1217.408622 16616.545065
1217.722490 16619.201034
1218.010221 16621.924454
1218.337157 16624.569019
1218.605241 16627.311046
1218.951799 16630.178770
1219.246058 16632.703939
1219.514155 16635.680590
1219.906458 16639.111366
1220.272662 16642.080058
1220.560368 16644.402992
1220.782694 16644.878261
1220.959250 16644.113517
1221.135792 16643.647754
1221.443120 16643.297105
1221.717783 16643.138340
1222.051297 16643.123345
1222.437149 16643.273523
1222.849365 16643.501735
1223.111163 16643.774222
1223.418744 16644.122536
1223.719607 16644.478627
1223.961504 16644.884879
1224.268768 16645.393492
1224.589075 16645.966020
1224.916062 16646.630449
1225.282266 16647.340411
1225.609202 16648.000504
1225.890317 16648.672516
1226.197581 16649.421296
1226.517951 16650.167689
1226.799154 16650.909167
1227.093401 16651.764818
1227.439958 16652.647648
1227.734230 16653.532601
1228.061204 16654.540766
1228.420830 16655.466686
1228.675871 16656.348036
1228.989752 16657.247292
1229.244755 16658.135783
1229.539014 16659.073938
1229.813664 16659.930790
1230.049059 16660.792320
1230.317169 16661.736583
1230.591793 16662.720568
1230.872984 16663.661492
1231.114919 16664.594081
1231.383054 16665.576777
1231.644611 16666.599396
1231.925789 16667.649558
1232.193911 16668.677018
1232.455455 16669.705970
1232.717049 16670.762005
1232.985146 16671.872005
1233.266312 16672.969596
1233.521366 16673.986031
1233.756773 16675.195324
1234.096803 16676.445923
1234.345278 16677.487732
1234.580724 16678.598638
1234.855348 16679.881189
1235.162688 16681.061004
1235.385027 16682.181687
1235.659690 16683.478341
1235.953949 16684.713356
1236.195884 16685.901554
1236.464019 16687.210022
1236.751725 16688.579422
1237.039469 16689.789344
1237.255255 16691.108832
1237.582229 16692.601173
1237.863432 16693.914919
1238.111959 16695.291863
1238.412784 16696.748099
1238.687497 16698.203137
1238.981794 16699.638052
1239.243376 16701.053207
1239.524567 16702.515803
1239.799204 16703.904820
1240.047705 16705.342122
1240.335437 16706.898319
1240.623142 16708.469321
1240.910874 16710.055146
1241.198592 16711.655779
1241.486336 16713.141681
1241.728309 16714.547720
1241.983300 16716.095981
1242.271018 16717.789552
1242.571843 16719.421614
1242.833412 16720.952759
1243.094956 16722.457176
1243.343444 16724.149932
1243.663853 16725.835516
1243.905813 16727.317852
1244.154276 16728.830744
1244.402764 16730.475915
1244.690482 16732.357195
1245.010916 16734.130629
1245.259392 16735.816526
1245.547097 16737.514339
1245.795598 16739.246933
1246.089857 16741.076220
1246.364508 16742.792247
1246.619524 16744.435297
1246.868037 16746.262885
1247.175352 16748.189892
1247.449989 16749.978930
1247.711546 16751.936024
1248.031941 16753.817360
1248.267323 16755.400062
1248.496152 16757.082830
1248.757708 16758.934739
1249.032333 16760.616045
1249.241566 16762.401250
1249.542340 16764.381277
1249.803871 16766.259667
1250.071980 16768.197421
1250.346605 16770.242792
1250.640877 16772.278344
1250.908999 16774.112593
1251.144381 16775.983013
1251.419057 16778.034172
1251.700247 16780.147624
1251.987953 16782.029211
1252.203739 16784.047590
1252.524173 16786.250642
1252.785742 16788.219371
1253.040783 16790.200055
1253.302340 16792.116287
1253.537747 16794.248263
1253.851615 16796.468893
1254.106669 16798.550244
1254.381306 16800.721519
1254.655957 16802.775328
1254.897879 16804.947076
1255.198704 16807.157115
1255.447205 16809.275171
1255.721842 16811.377799
1255.963752 16813.546968
1256.251483 16815.781973
1256.506537 16817.867414
1256.755025 16820.073661
1257.036191 16822.512139
1257.337003 16824.854493
1257.592044 16827.100106
1257.866656 16829.413887
1258.134766 16831.797577
1258.422472 16834.251662
1258.703701 16836.549356
1258.952163 16838.860397
1259.233341 16841.501024
1259.553750 16844.041162
1259.808804 16846.481417
1260.103050 16848.963960
1260.364619 16851.373235
1260.639269 16853.736231
1260.887745 16855.874009
1261.110084 16858.293169
1261.417437 16860.934936
1261.685546 16863.381120
1261.947115 16865.627517
1262.169454 16868.039952
1262.463739 16870.772482
1262.751457 16873.273576
1262.993405 16875.883914
1263.300732 16878.665294
1263.575408 16881.275559
1263.843518 16883.901245
1264.118117 16886.542564
1264.386227 16889.232620
1264.667419 16892.068654
1264.961673 16894.955464
1265.249378 16897.730531
1265.517488 16900.359066
1265.772519 16903.070936
1266.053716 16905.799428
1266.308744 16908.411714
1266.563767 16911.040500
1266.818795 16913.959350
1267.126113 16916.828439
1267.368062 16919.582001
1267.649253 16922.527745
1267.923897 16925.109066
1268.133120 16927.568401
1268.381597 16930.256001
1268.630101 16933.393890
1268.957070 16936.554631
1269.205557 16939.454005
1269.480197 16942.412542
1269.735228 16945.471315
1270.022957 16948.480517
1270.264894 16951.367514
1270.526470 16954.354994
1270.781492 16957.254835
1271.023464 16960.142736
1271.271915 16963.096148
1271.520406 16966.236993
1271.795048 16969.329237
1272.030471 16972.537982
1272.318177 16976.231225
1272.625547 16979.930955
1272.906725 16983.346119
1273.161730 16986.723176
1273.429852 16990.187938
1273.691411 16993.658344
1273.952966 16997.224461
1274.221077 17000.482747
1274.430349 17003.933017
1274.718093 17007.851491
1274.986238 17011.511648
1275.228231 17014.949783
1275.457140 17018.351031
1275.686053 17021.913667
1275.928003 17025.388720
1276.137241 17028.831360
1276.366095 17033.036875
1276.660326 17037.500221
1276.908750 17041.303507
1277.111385 17045.850818
1277.431740 17051.288484
1277.719360 17056.502207
1277.993948 17061.135245
1278.203119 17065.881313
1278.471153 17071.475899
1278.745715 17077.459224
1279.026846 17083.415870
1279.275289 17089.433931
1279.536822 17095.736259
1279.785242 17101.831313
1280.007534 17108.424063
1280.269106 17116.011626
1280.537177 17123.913844
1280.792140 17131.170428
1280.994807 17139.273683
1281.275977 17148.191263
1281.504792 17148.769299
1281.772889 17142.877168
1282.132616 17139.214568
1282.420368 17136.973978
1282.681974 17134.770530
1283.146272 17132.941922
1283.420914 17131.898148
1283.715175 17131.066686
1283.983294 17130.479798
1284.212146 17130.052308
1284.441019 17129.699850
1284.702596 17129.400638
1285.042634 17129.205665
1285.369587 17129.143915
1285.604997 17129.176405
1285.886187 17129.265763
1286.101976 17129.395094
1286.317782 17129.592033
1286.585875 17129.855959
1286.840916 17130.165044
1287.095959 17130.531395
1287.364061 17130.959863
1287.638705 17131.427976
1287.900279 17131.939585
1288.174923 17132.490098
1288.436505 17133.094273
1288.724218 17133.725711
1288.979260 17134.376553
1289.253932 17135.092095
1289.535090 17135.857607
1289.822824 17136.626099
1290.084409 17137.375063
1290.339451 17138.188360
1290.627184 17139.056195
1290.901830 17139.864929
1291.137268 17140.728003
1291.431545 17141.654019
1291.693118 17142.500644
1291.928527 17143.399707
1292.209719 17144.468404
1292.530133 17145.509950
1292.785170 17146.549042
1293.092528 17147.642048
1293.367148 17148.666006
1293.628718 17149.667160
1293.883729 17150.760531
1294.184562 17151.854877
1294.433042 17152.938489
1294.720824 17153.967082
1294.936648 17154.981469
1295.211324 17156.115559
1295.479421 17157.346352
1295.793339 17158.547763
1296.041802 17159.677832
1296.316465 17160.861427
1296.584575 17162.012878
1296.839591 17163.072421
1297.061930 17164.111505
1297.303890 17165.396019
1297.630864 17166.765342
1297.905527 17168.072311
1298.199735 17169.405208
1298.480977 17170.733982
1298.768670 17171.964501
1299.004077 17173.173501
1299.278727 17174.500033
1299.559918 17175.772700
1299.808406 17177.022579
1300.076516 17178.328242
1300.344626 17179.674655
1300.625804 17180.997168
1300.880820 17182.263077
1301.135848 17183.536470
1301.390890 17184.850176
1301.658974 17186.271053
1301.953258 17187.683543
1302.214802 17189.054491
1302.489452 17190.348593
1302.718319 17191.633150
1302.986429 17193.009178
1303.247998 17194.238256
1303.457243 17195.663670
1303.790758 17197.112352
1304.006531 17198.483336
1304.307343 17200.000362
1304.575453 17201.455663
1304.850090 17202.865338
1305.098591 17204.246776
1305.360148 17205.634622
1305.608623 17207.173125
1305.922516 17208.736835
1306.177545 17210.291359
1306.484872 17211.853180
1306.739914 17213.332006
1307.014551 17214.743909
1307.243418 17216.199860
1307.531149 17217.866409
1307.831949 17219.429299
1308.080450 17220.850202
1308.328925 17222.296201
1308.583967 17223.862204
1308.871672 17225.530369
1309.159391 17227.072921
1309.401326 17228.565555
1309.669448 17230.122374
1309.931017 17231.608667
1310.172940 17233.179529
1310.460671 17234.034647
