0.000000 0.000000
0.000000 -0.000000
0.176555 14.915616
-0.000013 -0.270294
0.176568 14.912380
0.353098 28.058965
0.536194 40.056165
0.712711 50.246741
0.529666 2.540963
0.353174 0.751972
0.150482 -0.305647
-0.026149 -2.330365
-0.209245 -17.475924
-0.398793 -31.200192
-0.209055 -0.543680
-0.019545 0.508938
0.183159 5.238986
0.372745 19.787739
0.555854 36.062704
0.732345 51.304498
0.908926 60.197300
1.105065 68.888895
0.928535 8.765939
0.712813 2.182608
0.523202 1.038634
0.314020 -0.053326
0.111303 -1.396098
-0.078359 -5.705905
-0.261404 -18.862220
-0.437985 -33.814525
-0.627571 -45.488552
-0.817156 -55.711306
-0.614362 -4.283815
-0.431356 -1.106627
-0.254838 -0.079009
-0.071819 0.875962
0.124333 2.122478
0.346621 7.157116
0.542798 19.369392
0.719315 34.126257
0.895858 49.845713
1.078890 66.308653
1.275080 75.542481
1.484325 82.761131
1.660855 88.127876
1.843976 93.089605
2.027060 97.513213
2.210181 101.470421
2.399817 105.140604
2.628671 109.072058
2.805265 111.785870
2.609075 32.995147
2.426017 15.630594
2.249462 10.111389
2.066417 7.384733
1.870240 5.682060
1.693748 4.578307
1.477963 3.418224
1.294917 2.463091
1.059624 1.235366
0.817728 -0.027218
0.562686 -1.402556
0.327241 -2.886321
0.072174 -5.260274
-0.124066 -8.644766
-0.307124 -15.026249
-0.490258 -26.895895
-0.679844 -43.258681
-0.882536 -58.936194
-1.091806 -68.337234
-1.340231 -77.898104
-1.542898 -84.610276
-1.739049 -90.317186
-1.915541 -94.878588
-2.144395 -100.098584
-2.320912 -103.662509
-2.517013 -107.216708
-2.327389 -34.088161
-2.144217 -17.313660
-1.961134 -10.984825
-1.784553 -7.712097
-1.542644 -4.995907
-1.339964 -3.429321
-1.065441 -1.751011
-0.843115 -0.549272
-0.575094 0.851661
-0.261290 2.489047
0.065596 4.194689
0.340157 5.637671
0.569011 6.912373
0.745477 8.014669
0.941654 9.482091
1.144321 11.488295
1.373188 14.887937
1.582433 19.954850
1.811261 29.186837
1.987817 39.743437
2.170925 53.510564
2.367064 70.184601
2.556688 87.085625
2.746324 104.143340
2.929382 113.547635
2.726703 36.112560
2.550122 19.728770
2.373592 13.186458
2.190521 9.533566
2.007489 7.229375
1.772133 5.190018
1.530248 3.606717
1.288326 2.250523
1.053071 1.011208
0.765353 -0.490070
0.490766 -1.922825
0.274980 -3.048764
0.013449 -4.418347
-0.208902 -5.628001
-0.391973 -6.712566
-0.601193 -8.152026
-0.784301 -9.729816
-0.980440 -12.011423
-1.163498 -15.102170
-1.359662 -20.196967
-1.542771 -27.581861
-1.725828 -38.243778
-1.915477 -52.451407
-2.091995 -67.457794
-2.268576 -83.185845
-2.445131 -99.066384
-2.261997 -31.114547
-2.065757 -15.442837
-1.869592 -9.686603
-1.686484 -6.765293
-1.496873 -4.773969
-1.313802 -3.343307
-1.104633 -2.010097
-0.875830 -0.730331
-0.607758 0.681222
-0.431241 1.602265
-0.091288 3.376095
0.098311 4.365392
0.412128 6.010218
0.640982 7.271437
0.895947 8.879334
1.150899 10.976739
1.347064 13.266620
1.549730 16.798616
1.752384 22.402323
1.961680 31.615261
2.164359 44.522832
2.340877 58.364828
2.517407 73.569858
2.694000 89.339264
2.877083 105.808100
2.700541 36.458787
2.523947 19.332163
2.334374 12.527047
2.079396 8.128456
1.876742 6.057464
1.660957 4.441999
1.484478 3.348844
1.307935 2.359750
1.033399 0.908563
0.843775 -0.080872
0.569163 -1.513760
0.301053 -2.912718
0.000267 -4.486915
-0.241681 -5.807453
-0.444424 -7.032332
-0.712470 -9.027028
-0.921664 -11.180054
-1.111301 -13.999354
-1.313955 -18.648740
-1.516621 -26.130348
-1.693189 -35.835689
-1.869694 -48.480983
-2.072373 -65.403693
-2.255507 -81.666286
-2.438565 -98.129117
-2.262022 -31.669195
-2.072361 -15.834698
-1.889252 -10.138518
-1.712722 -7.125452
-1.516571 -4.960968
-1.326947 -3.441159
-1.058913 -1.745850
-0.810476 -0.382091
-0.496659 1.260924
-0.320129 2.182033
0.065583 4.194623
0.392506 5.905530
0.680161 7.496713
0.915556 9.008818
1.144410 10.891640
1.340510 13.133905
1.517040 16.044202
1.752422 22.257947
1.928990 29.675402
2.118576 40.963933
2.327847 56.892651
2.530526 74.306309
2.707107 90.086406
2.883611 105.963917
3.060116 115.286874
3.236722 117.466334
3.419754 119.542979
3.648634 121.915125
3.857917 123.897560
4.041051 125.507509
4.237253 127.121121
4.446511 128.732949
4.649241 130.202473
4.897730 131.899257
5.133213 133.418125
5.309768 134.508888
5.558295 135.985372
5.859107 137.695818
6.101067 139.021856
6.428054 140.757411
6.617767 141.739865
6.441199 73.488020
6.258103 42.056297
6.074994 29.306429
5.898477 22.563708
5.715381 18.100144
5.499633 14.559441
5.277371 12.006216
5.074717 10.258694
4.819764 8.549083
4.584522 7.281511
4.251147 5.794481
3.885019 4.400091
3.688867 3.709596
3.453486 2.908536
3.211563 2.100254
2.950045 1.229907
2.760434 0.598878
2.485809 -0.315077
2.230755 -1.163901
1.988820 -1.969064
1.727264 -2.839528
1.478775 -3.666876
1.217130 -4.544779
0.955510 -5.443148
0.693877 -6.381867
0.432219 -7.389630
0.190208 -8.419627
-0.110706 -9.910750
-0.306870 -11.075312
-0.535749 -12.729346
-0.712305 -14.321613
-0.895413 -16.401526
-1.098105 -19.461664
-1.274661 -23.112939
-1.483931 -29.305936
-1.660474 -36.874587
-1.843570 -47.703104
-2.026641 -61.520666
-2.209762 -77.275162
-2.386305 -93.108835
-2.569362 -108.100830
-2.785148 -111.489455
-2.961665 -113.987792
-3.177464 -116.755480
-3.399714 -119.323883
-3.622091 -121.651616
-3.824757 -123.594157
-4.099369 -125.998418
-4.373994 -128.186083
-4.557039 -129.544463
-4.812081 -131.326223
-5.014786 -132.664120
-5.315572 -134.544117
-5.557507 -135.980792
-5.380888 -63.681553
-5.204333 -38.938429
-5.027740 -28.090069
-4.831550 -21.124307
-4.635348 -16.569332
-4.439082 -13.308007
-4.229799 -10.687485
-3.968306 -8.189328
-3.791801 -6.827551
-3.504171 -4.981933
-3.236087 -3.549104
-3.020314 -2.533844
-2.771813 -1.472655
-2.542870 -0.569172
-2.235492 0.566639
-2.013090 1.350827
-1.686065 2.468643
-1.437577 3.302028
-1.189050 4.129935
-0.875233 5.174323
-0.574472 6.175261
-0.319481 7.023874
-0.038367 7.959427
0.229680 8.851489
0.464985 9.634589
0.785292 10.700575
1.053351 11.593524
1.314818 12.470408
1.635188 13.564256
1.837881 14.275242
2.047100 15.032257
2.367483 16.257328
2.609380 17.257651
2.799029 18.104785
3.027845 19.224636
3.367900 21.164018
3.668636 23.280220
3.923652 25.512208
4.119829 27.612393
4.309427 30.066972
4.551350 34.009810
4.734458 37.788067
4.917567 42.439041
5.133353 49.269206
5.336045 57.170352
5.512638 65.224902
5.695721 74.584535
5.918022 86.990641
6.094590 97.372475
6.271120 108.005610
6.460757 119.546446
6.650380 131.104884
6.846557 142.904950
7.055891 143.954852
6.879387 78.894285
6.676682 45.784987
6.493548 33.277361
6.303962 25.774400
6.120841 20.957032
5.898553 16.836629
5.695861 14.069117
5.499735 11.966597
5.251323 9.848786
5.074882 8.606176
4.780851 6.870965
4.597794 5.946098
4.375506 4.939648
4.146677 4.005020
3.885133 3.029595
3.662845 2.257724
3.375177 1.314065
3.113646 0.493561
2.878239 -0.225077
2.662504 -0.873286
2.381275 -1.710558
2.139378 -2.428764
1.890878 -3.166553
1.590053 -4.059689
1.334986 -4.816972
1.112634 -5.477124
0.864083 -6.215064
0.582879 -7.049945
0.327825 -7.807190
0.105448 -8.467421
-0.241122 -9.498879
-0.456933 -10.146996
-0.698894 -10.884289
-0.914679 -11.556384
-1.136980 -12.269423
-1.372413 -13.056147
-1.725486 -14.323491
-1.902054 -15.011547
-2.157057 -16.093286
-2.418588 -17.346905
-2.608250 -18.378497
-2.817470 -19.674778
-3.007157 -21.036379
-3.216377 -22.810225
-3.392945 -24.600002
-3.595662 -27.099349
-3.824542 -30.710653
-4.027259 -34.898986
-4.243083 -40.817062
-4.452303 -48.531185
-4.628896 -56.953341
-4.825073 -68.537857
-5.021262 -82.172046
-5.223980 -97.654229
-5.407038 -112.170884
-5.622836 -129.387161
-5.426659 -55.187530
-5.236985 -33.793284
-5.034229 -23.717144
-4.844580 -18.155329
-4.628794 -13.914617
-4.406367 -10.818627
-4.210139 -8.738589
-4.027081 -7.164253
-3.811384 -5.627398
-3.523742 -3.949073
-3.301403 -2.853808
-3.079115 -1.882940
-2.850172 -0.978421
-2.582050 -0.008220
-2.326894 0.851700
-2.091423 1.607166
-1.803616 2.497414
-1.457033 3.541041
-1.215111 4.260879
-0.953529 5.037523
-0.646239 5.949852
-0.437045 6.570941
-0.116662 7.522145
0.118669 8.220833
0.419392 9.113667
0.700519 9.948322
0.916216 10.588717
1.203833 11.443796
1.465351 12.227647
1.746479 13.085617
2.001418 13.887066
2.269503 14.766929
2.517927 15.631330
2.746807 16.485787
2.988716 17.471022
3.289490 18.858503
3.466046 19.785556
3.662197 20.944147
3.897579 22.565194
4.198404 25.138129
4.459923 28.018089
4.669155 30.918850
4.852251 34.025881
5.081118 38.854320
5.283810 44.195763
5.486514 50.685541
5.676151 57.842502
5.859297 65.695363
6.068517 75.619789
6.258154 85.275996
6.434696 94.645066
6.617780 104.595296
6.800901 114.668618
7.010146 126.221459
7.193229 136.331225
7.010184 71.709310
6.820586 43.896780
6.617868 31.393764
6.441313 25.101183
6.251639 20.517436
6.049023 17.010524
5.813641 14.009091
5.584761 11.784929
5.395290 10.290439
5.192700 8.939666
4.872419 7.171649
4.689348 6.306475
4.447464 5.279610
4.231704 4.448604
3.930917 3.387245
3.721735 2.698020
3.453663 1.856243
3.198647 1.086030
2.930563 0.297356
2.721343 -0.308900
2.472868 -1.023481
2.237461 -1.698845
1.949704 -2.524350
1.661998 -3.349709
1.393876 -4.118888
1.151890 -4.813087
0.916419 -5.488596
0.635190 -6.295374
0.412852 -6.933211
0.144729 -7.702393
-0.142964 -8.529152
-0.365316 -9.172686
-0.613816 -9.901471
-0.875360 -10.686234
-1.123861 -11.457202
-1.405052 -12.372885
-1.627302 -13.141708
-1.830070 -13.889601
-2.039315 -14.721518
-2.359698 -16.155026
-2.608212 -17.450075
-2.850109 -18.925863
-3.065945 -20.486078
-3.262084 -22.171333
-3.490989 -24.575142
-3.713328 -27.533474
-3.889921 -30.489317
-4.072992 -34.326844
-4.262666 -39.417209
-4.445737 -45.748918
-4.641977 -54.474259
-4.825048 -64.629769
-5.008156 -76.601766
-5.184711 -89.424814
-5.361216 -102.960436
-5.537810 -116.771201
-5.348148 -48.392293
-5.151984 -29.391857
-4.962309 -21.173698
-4.779175 -16.331214
-4.602594 -13.070892
-4.380205 -10.078809
-4.190517 -8.137158
-4.000932 -6.565614
-3.785235 -5.090019
-3.471418 -3.345671
-3.209900 -2.137113
-3.007169 -1.305758
-2.758567 -0.377168
-2.470760 0.607922
-2.215591 1.425069
-1.947469 2.245196
-1.685874 3.020312
-1.437373 3.742639
-1.188885 4.457801
-0.829272 5.489527
-0.561175 6.258634
-0.319303 6.952505
-0.018491 7.815463
0.203759 8.453045
0.510984 9.334402
0.746341 10.009583
1.047039 10.872218
1.321587 11.661406
1.569999 12.381859
1.818411 13.114847
2.093011 13.949422
2.374151 14.844727
2.622575 15.686198
2.903766 16.720035
3.145650 17.704949
3.413747 18.939566
3.629546 20.080142
3.884524 21.656330
4.067620 22.988288
4.388040 25.874013
4.669180 29.218193
4.891481 32.615688
5.133480 37.321071
5.336146 42.266820
5.545404 48.495004
5.774296 56.695523
5.957418 64.253992
6.146978 72.875656
6.356299 83.118610
6.539344 92.503243
6.755155 103.872338
6.931724 113.298731
7.108254 122.758938
7.284809 132.222808
7.487590 143.057930
7.664196 142.258443
7.919301 141.103598
8.200580 139.830261
8.383714 139.001223
8.749982 137.343148
8.972271 136.336862
9.240380 135.123145
9.462694 134.116744
9.691548 133.080734
9.933508 131.985393
10.168890 130.919833
10.456570 129.617520
10.659250 128.700002
10.875035 127.723152
11.058169 126.894114
10.875048 78.646682
10.685462 48.576882
10.489273 34.298244
10.312743 26.897312
10.136175 21.892894
9.959607 18.253398
9.770046 15.297408
9.560814 12.789319
9.358211 10.878750
9.162199 9.376937
8.933421 7.940576
8.730755 6.882877
8.462772 5.716347
8.050898 4.293743
7.802448 3.591317
7.560564 2.990059
7.318667 2.452963
7.076770 1.966749
6.834899 1.520963
6.586449 1.096296
6.318415 0.667637
6.069940 0.291315
5.756097 -0.162584
5.507647 -0.509669
5.285321 -0.813907
5.043373 -1.140457
4.801413 -1.464278
4.572521 -1.769646
4.310951 -2.118529
4.042816 -2.476169
3.800894 -2.798847
3.545865 -3.139007
3.271228 -3.505320
3.061970 -3.784430
2.787333 -4.150744
2.532291 -4.490920
2.283790 -4.822372
1.982991 -5.223581
1.741068 -5.546259
1.466418 -5.912941
1.204836 -6.264298
0.969404 -6.584317
0.760108 -6.873561
0.485407 -7.262989
0.164909 -7.737236
-0.096634 -8.146188
-0.292913 -8.470018
-0.541401 -8.906243
-0.776846 -9.353197
-1.018781 -9.855199
-1.260754 -10.411370
-1.626946 -11.387200
-1.921256 -12.327069
-2.189353 -13.345662
-2.398624 -14.279806
-2.620975 -15.442635
-2.889098 -17.146553
-3.085325 -18.665505
-3.288055 -20.550510
-3.497326 -22.933235
-3.700082 -25.800477
-3.896309 -29.273226
-4.112095 -34.162527
-4.295216 -39.485959
-4.497997 -47.027862
-4.687633 -55.990920
-4.883836 -67.376458
-5.060417 -79.284650
-5.243462 -92.814023
-5.426583 -106.985228
-5.609679 -121.327482
-5.890755 -137.871574
-6.106566 -139.051546
-6.341974 -140.306067
-6.590513 -141.599698
-6.878244 -143.064794
-7.100557 -144.177114
-7.420953 -143.359591
-7.643266 -142.353191
-8.042173 -140.547361
-8.323326 -139.274599
-8.532571 -138.327357
-8.741842 -137.380001
-8.918372 -136.580859
-8.741791 -81.383161
-8.565223 -50.578119
-8.388642 -36.224779
-8.212074 -27.790987
-8.009331 -21.419871
-7.806627 -16.956324
-7.603846 -13.630024
-7.387907 -10.900362
-7.159015 -8.630347
-6.923672 -6.766724
-6.662229 -5.097270
-6.466129 -4.052251
-6.217679 -2.922787
-5.936539 -1.847634
-5.746941 -1.217953
-5.498516 -0.485235
-5.223942 0.226595
-4.897107 0.969635
-4.648683 1.475288
-4.419905 1.905218
-4.119220 2.428674
-3.851161 2.863832
-3.615817 3.226750
-3.321672 3.660874
-3.053664 4.042129
-2.779090 4.422503
-2.511069 4.786895
-2.262594 5.120846
-2.000974 5.470368
-1.745882 5.810619
-1.477721 6.168294
-1.144181 6.613172
-0.902259 6.935850
-0.640702 7.284716
-0.366052 7.651047
-0.084874 8.026084
0.215900 8.427259
0.490538 8.793573
0.797890 9.203522
1.079068 9.578560
1.327544 9.909979
1.576032 10.241687
1.857223 10.618625
2.053374 10.883480
2.393391 11.348700
2.667991 11.732673
2.903385 12.069993
3.158388 12.446490
3.426435 12.858051
3.720643 13.333581
3.942982 13.713571
4.230624 14.237991
4.498721 14.767834
4.701451 15.200565
4.976051 15.840190
5.231066 16.500887
5.433835 17.081589
5.623395 17.676909
5.819572 18.355202
6.002706 19.054619
6.310046 20.400550
6.584696 21.826381
6.820103 23.255147
7.035902 24.765999
7.264832 26.616718
7.467524 28.502224
7.657224 30.505923
7.840307 32.683196
8.056181 35.585959
8.252384 38.560199
8.494382 42.685738
8.703704 46.659593
8.886838 50.430734
9.083065 54.751952
9.272727 59.173588
9.495104 64.617890
9.697872 69.780966
9.880968 74.570721
10.057574 79.278873
10.253789 84.585005
10.436898 89.586963
10.652684 95.520741
10.829227 100.392437
11.025480 105.813751
11.228121 111.411844
11.411242 116.470687
11.234750 71.596136
11.058131 46.151694
10.881601 34.197819
10.691952 26.712917
10.515397 22.044289
10.338854 18.609659
10.142690 15.697985
9.920427 13.154170
9.730956 11.422437
9.528327 9.890470
9.253830 8.201077
9.057729 7.197942
8.783117 6.006513
8.600084 5.321554
8.312429 4.382218
7.861351 3.162981
7.632548 2.633054
7.357935 2.056612
7.122604 1.604717
6.880708 1.173114
6.606108 0.716067
6.331522 0.287176
6.122327 -0.024331
5.854281 -0.407981
5.586146 -0.777856
5.357292 -1.084962
4.919142 -1.657100
4.618342 -2.041873
4.343705 -2.389958
4.088676 -2.711865
3.846728 -3.017010
3.604781 -3.322155
3.336671 -3.660295
3.088157 -3.973721
2.800426 -4.336608
2.545397 -4.658251
2.244598 -5.037619
1.969986 -5.383961
1.734541 -5.680905
1.446822 -6.043776
1.231062 -6.315893
0.943292 -6.678828
0.681698 -7.008751
0.407010 -7.355378
0.132258 -7.703408
-0.109677 -8.012238
-0.384327 -8.367207
-0.619722 -8.676729
-0.913994 -9.073115
-1.155941 -9.409305
-1.397825 -9.757270
-1.665948 -10.160295
-1.933994 -10.585853
-2.162886 -10.971278
-2.385238 -11.369158
-2.633662 -11.846486
-2.882189 -12.365659
-3.274543 -13.291921
-3.457651 -13.779326
-3.660394 -14.368894
-3.967772 -15.382787
-4.235869 -16.412413
-4.490911 -17.548982
-4.778667 -19.061264
-5.086007 -21.018391
-5.380317 -23.318626
-5.569966 -25.076844
-5.818429 -27.781619
-6.027737 -30.480285
-6.223940 -33.420135
-6.420117 -36.812037
-6.609779 -40.568025
-6.786347 -44.516304
-7.008698 -50.127673
-7.185304 -55.084242
-7.401077 -61.696379
-7.597280 -68.172842
-7.786942 -74.776746
-7.983144 -81.882272
-8.179321 -89.187391
-8.375523 -96.625424
-8.571687 -104.137934
-8.754796 -111.180253
-8.937879 -118.225988
-9.120937 -125.270745
-8.944381 -72.015413
-8.754732 -43.806003
-8.538959 -30.082905
-8.355838 -23.376814
-8.159623 -18.464678
-7.976489 -15.098870
-7.786815 -12.400736
-7.551407 -9.798052
-7.342086 -7.966257
-7.158977 -6.634111
-6.962839 -5.420983
-6.779717 -4.446093
-6.544335 -3.369291
-6.335065 -2.544557
-6.112713 -1.777056
-5.844565 -0.970396
-5.569953 -0.250712
-5.354180 0.254574
-5.066487 0.862487
-4.791913 1.386401
-4.491215 1.910694
-4.282034 2.251001
-3.961714 2.741503
-3.661042 3.175533
-3.379940 3.563894
-3.098864 3.939668
-2.850477 4.264064
-2.582443 4.608450
-2.307869 4.957308
-2.052879 5.279407
-1.797901 5.600995
-1.562506 5.897874
-1.281303 6.252529
-0.967422 6.648395
-0.712432 6.969990
-0.411645 7.349342
-0.176213 7.646270
0.118047 8.017390
0.405752 8.380245
0.686930 8.734867
0.915797 9.023514
1.196962 9.378121
1.425854 9.666806
1.772387 10.104678
2.086267 10.504175
2.308593 10.790205
2.576690 11.140169
2.838234 11.488842
3.112833 11.865231
3.400501 12.274334
3.616274 12.593736
3.923525 13.071906
4.185082 13.505736
4.472749 14.018489
4.740834 14.537791
4.976216 15.034036
5.198516 15.544223
5.460073 16.206412
5.708574 16.910120
5.917781 17.570049
6.107468 18.231173
6.342863 19.149085
6.565201 20.132902
6.780975 21.216189
7.127570 23.278733
7.434910 25.517978
7.709560 27.921305
7.977683 30.702216
8.200072 33.379601
8.442046 36.711894
8.631695 39.644881
8.893327 44.160733
9.069934 47.508616
9.285757 51.905491
9.475483 56.021582
9.684766 60.797707
9.907143 66.098023
10.083737 70.440246
10.266832 75.040007
10.463035 80.053664
10.665765 85.300875
10.842346 89.909170
11.031995 94.883155
11.215091 99.698176
11.411242 104.860606
11.587836 109.508402
11.829771 115.875934
11.640160 69.461405
11.443957 43.795689
11.241278 31.814295
11.058182 25.414960
10.842371 20.338645
10.665828 17.312985
10.489222 14.929742
10.253891 12.433449
10.051263 10.721581
9.855225 9.344307
9.678772 8.284993
9.286570 6.380346
8.874658 4.848430
8.632812 4.105356
8.436661 3.567548
8.194751 2.969722
7.939811 2.403944
7.639063 1.804543
7.384148 1.342800
7.135711 0.925754
6.887286 0.535367
6.619227 0.138482
6.351206 -0.237927
6.109297 -0.563576
5.834685 -0.920382
5.579682 -1.242085
5.344211 -1.532809
5.056480 -1.881928
4.788383 -2.202987
4.533354 -2.506039
4.304462 -2.777028
4.023335 -3.109559
3.774796 -3.403541
3.506711 -3.720641
3.218967 -4.060995
2.970467 -4.354931
2.695829 -4.679783
2.414651 -5.012370
2.126882 -5.352755
1.865351 -5.662103
1.584185 -5.994676
1.361859 -6.257652
1.067587 -6.605728
0.812521 -6.907430
0.537883 -7.232368
0.289357 -7.527189
0.021196 -7.847355
-0.260007 -8.186987
-0.515074 -8.500168
-0.730860 -8.770264
-1.011999 -9.131396
-1.280071 -9.488173
-1.522006 -9.823320
-1.763979 -10.173908
-1.992795 -10.522559
-2.260892 -10.956718
-2.522474 -11.412677
-2.751315 -11.843219
-3.039046 -12.435411
-3.241764 -12.893262
-3.509861 -13.561036
-3.745306 -14.217284
-3.941496 -14.823574
-4.288066 -16.056086
-4.471187 -16.807923
-4.745888 -18.097057
-4.922469 -19.046987
-5.170957 -20.578271
-5.406403 -22.281118
-5.641823 -24.282683
-5.877255 -26.646778
-6.138863 -29.789396
-6.361227 -32.969572
-6.590094 -36.811701
-6.799364 -40.889913
-7.015188 -45.703530
-7.217918 -50.799928
-7.401077 -55.869312
-7.577620 -61.141756
-7.754188 -66.749830
-7.963446 -73.757156
-8.140014 -79.909722
-8.316595 -86.225594
-8.525878 -93.857010
-8.708936 -100.612711
-8.885530 -107.166157
-9.068613 -113.971754
-8.872423 -58.284977
-8.682761 -36.478353
-8.486584 -26.183708
-8.310042 -20.533669
-8.126908 -16.425453
-7.924178 -13.084100
-7.734541 -10.687718
-7.492517 -8.305250
-7.263600 -6.533411
-7.015061 -4.981523
-6.812293 -3.927853
-6.576860 -2.886331
-6.361087 -2.066621
-6.099442 -1.207955
-5.850966 -0.500988
-5.654827 -0.002810
-5.380266 0.622896
-5.131803 1.130528
-4.850663 1.651402
-4.556493 2.147995
-4.242651 2.635097
-4.026853 2.949740
-3.771887 3.304485
-3.464560 3.712631
-3.196476 4.055289
-2.902191 4.420798
-2.627566 4.754640
-2.339886 5.099322
-2.078304 5.410045
-1.810182 5.727359
-1.509408 6.083126
-1.247813 6.392550
-0.966648 6.725123
-0.659346 7.088611
-0.358521 7.444438
-0.096977 7.753802
0.151486 8.047693
0.419595 8.364823
0.694207 8.689644
0.949236 8.991302
1.223772 9.316033
1.524495 9.671740
1.746707 9.934675
2.034375 10.276077
2.321966 10.619999
2.603043 10.960433
2.884132 11.307207
3.139059 11.629212
3.407093 11.977900
3.635921 12.285964
3.851669 12.587192
4.158945 13.038473
4.440098 13.479801
4.681969 13.886374
4.963147 14.397352
5.218138 14.904011
5.466626 15.445809
5.767400 16.179025
5.996216 16.805581
6.270892 17.653357
6.486627 18.406576
6.774409 19.556326
6.950913 20.358358
7.179805 21.528182
7.513345 23.546117
7.846835 26.019984
8.134591 28.602435
8.435403 31.825559
8.644699 34.421313
8.867102 37.519981
9.076372 40.764654
9.337967 45.264103
9.553880 49.329260
9.756597 53.408215
9.985553 58.281829
10.194811 62.944440
10.384561 67.312513
10.580738 71.940175
10.763809 76.338538
10.940428 80.637304
11.116996 84.974849
11.306632 89.664306
11.483188 94.048427
11.666309 98.605080
11.842864 103.000861
12.039016 107.884583
12.248299 113.095256
12.437948 117.817083
12.797612 119.019753
13.026530 117.983457
13.346938 116.532986
13.582383 115.467138
13.883208 114.105321
14.125169 113.009979
14.380185 111.855536
14.589455 110.908180
14.890229 109.546592
15.132202 108.451193
15.308770 107.651879
15.701099 105.875831
15.910369 104.928474
15.733801 70.284844
15.557246 46.537874
15.361069 33.476909
15.184501 26.626569
14.975230 21.217466
14.779066 17.608522
14.595958 15.020680
14.360550 12.424094
14.157985 10.648600
13.981519 9.354211
13.752652 7.941554
13.576071 7.013326
13.373367 6.085696
13.183705 5.327172
12.954864 4.526903
12.726022 3.829725
12.471070 3.151799
12.209577 2.544732
11.980748 2.073853
11.706149 1.570251
11.464239 1.173054
11.248517 0.849779
10.993590 0.499718
10.725544 0.163329
10.431335 -0.174640
10.215588 -0.404947
9.947529 -0.673654
9.685998 -0.919989
9.430969 -1.147549
9.228277 -1.320838
8.966683 -1.536099
8.744306 -1.712785
8.535048 -1.874604
8.279968 -2.067000
8.090370 -2.207134
7.854950 -2.378371
7.580300 -2.575100
7.331824 -2.750995
7.083311 -2.925568
6.834835 -3.099305
6.573253 -3.281859
6.292075 -3.478058
6.017450 -3.669684
5.749353 -3.856756
5.533555 -4.007334
5.258918 -4.198970
4.984280 -4.390605
4.775035 -4.536611
4.467708 -4.751056
4.219232 -4.924436
3.951122 -5.111516
3.676498 -5.303142
3.428022 -5.476522
3.127223 -5.686413
2.865666 -5.868920
2.591029 -6.060555
2.375243 -6.211125
2.094065 -6.407471
1.845564 -6.581649
1.597101 -6.757027
1.335519 -6.943725
1.093584 -7.119028
0.805879 -7.331897
0.550863 -7.525716
0.302412 -7.720365
0.001613 -7.965533
-0.273075 -8.200556
-0.475729 -8.382111
-0.783095 -8.673256
-1.221194 -9.128701
-1.528521 -9.483640
-1.731200 -9.737146
-2.018932 -10.128288
-2.260892 -10.490226
-2.509368 -10.898764
-2.718638 -11.276339
-2.921317 -11.675543
-3.163265 -12.201720
-3.359468 -12.673924
-3.542538 -13.156593
-3.856406 -14.094449
-4.046042 -14.739988
-4.373067 -16.022428
-4.667301 -17.398491
-4.928908 -18.840916
-5.197043 -20.581829
-5.412867 -22.216061
-5.654815 -24.345191
-5.844502 -26.273100
-6.027598 -28.385051
-6.276111 -31.708907
-6.478854 -34.868867
-6.701193 -38.860517
-6.884340 -42.601196
-7.060921 -46.617572
-7.257098 -51.560369
-7.440193 -56.620287
-7.616812 -61.883341
-7.826083 -68.549483
-8.035328 -75.601692
-8.225003 -82.252495
-8.414652 -89.079968
-8.610854 -96.267912
-8.839695 -104.740523
-9.022804 -111.545787
-9.343225 -123.457217
-9.559036 -131.479846
-9.761766 -132.762860
-9.990620 -131.726851
-10.232568 -130.631567
-10.500703 -129.417734
-10.723067 -128.411103
-10.932312 -127.463862
-11.180813 -126.338912
-11.422786 -125.243514
-11.710530 -123.940913
-11.932869 -122.934397
-12.194413 -121.750403
-12.488659 -120.418366
-12.691415 -119.500503
-12.514821 -77.753366
-12.325147 -49.630850
-12.142038 -36.545228
-11.965445 -28.923344
-11.749634 -22.679241
-11.546891 -18.497070
-11.363757 -15.578674
-11.147933 -12.841892
-10.971263 -11.009117
-10.774934 -9.292574
-10.565460 -7.747882
-10.388879 -6.627178
-10.199256 -5.572736
-9.937699 -4.322721
-9.689249 -3.311123
-9.414662 -2.351051
-9.185859 -1.653911
-8.872080 -0.820867
-8.617102 -0.230075
-8.342592 0.335166
-8.041881 0.884388
-7.715047 1.413042
-7.466635 1.775291
-7.172452 2.167329
-6.917576 2.479395
-6.669126 2.762574
-6.407683 3.041311
-6.139675 3.309489
-5.897791 3.538448
-5.655894 3.756764
-5.387873 3.987999
-5.178641 4.161828
-4.936731 4.356560
-4.727499 4.520338
-4.537913 4.665541
-4.295978 4.847079
-4.027919 5.044138
-3.759835 5.237805
-3.485185 5.433522
-3.190939 5.641046
-2.942476 5.815148
-2.576297 6.070835
-2.321293 6.248770
-2.066265 6.426722
-1.745844 6.650304
-1.445082 6.860168
-1.170419 7.051821
-0.908901 7.234302
-0.595033 7.453311
-0.340004 7.631263
-0.065380 7.822890
0.202743 8.009979
0.496989 8.215296
0.765112 8.402385
1.046251 8.598558
1.333970 8.799320
1.602092 8.986410
1.889811 9.187172
2.197138 9.401622
2.478341 9.598010
2.726804 9.771981
2.955658 9.932873
3.230296 10.127161
3.472231 10.299793
3.759949 10.507467
3.995357 10.679788
4.256888 10.874363
4.538028 11.087979
4.792980 11.286486
5.021821 11.469241
5.276863 11.678870
5.544947 11.907085
5.741098 12.079938
6.055004 12.368537
6.296914 12.602522
6.486550 12.794024
6.767741 13.092860
6.983578 13.335893
7.245134 13.648618
7.460907 13.923611
7.683246 14.225202
7.944802 14.606851
8.127911 14.893508
8.350250 15.265890
8.552929 15.631276
8.788400 16.090788
8.964955 16.462930
9.331236 17.321994
9.520860 17.819469
9.697453 18.319697
9.880524 18.879822
10.194506 19.951757
10.469220 21.021915
10.796207 22.484130
11.070857 23.894949
11.371732 25.659830
11.685664 27.776544
11.947220 29.776516
12.215343 32.065571
12.483490 34.606003
12.771272 37.613841
13.013220 40.362076
13.235597 43.054892
13.490626 46.323577
13.686803 48.955769
13.948385 52.603759
14.183830 56.001731
14.412760 59.390634
14.609013 62.349813
14.818258 65.548578
15.034057 68.884199
15.217191 71.736916
15.413393 74.809379
15.635719 78.304442
15.831922 81.395612
16.008477 84.179333
16.204679 87.273017
16.381235 90.056912
16.597046 93.459784
16.381247 54.492606
16.198101 37.283052
16.015005 28.622170
15.805747 22.596983
15.596438 18.519950
15.413355 15.855169
15.204034 13.464042
14.988197 11.500133
14.707121 9.468654
14.367167 7.557588
14.184046 6.707244
14.000950 5.954041
13.798283 5.214245
13.595604 4.556794
13.321055 3.774343
13.098729 3.216156
12.843802 2.644628
12.595403 2.146779
12.347003 1.697879
12.052821 1.219373
11.856695 0.927671
11.595202 0.567808
11.307521 0.204929
11.039488 -0.106680
10.784510 -0.382855
10.529494 -0.642054
10.248367 -0.910818
10.019551 -1.118204
9.764573 -1.338909
9.555340 -1.512848
9.346019 -1.681183
9.077909 -1.889538
8.803297 -2.095676
8.548230 -2.281550
8.306232 -2.453682
7.959611 -2.694316
7.645730 -2.907389
7.338403 -3.112583
7.083361 -3.280897
6.834861 -3.443609
6.579845 -3.609642
6.259424 -3.817419
6.017463 -3.974042
5.742838 -4.151777
5.455133 -4.337979
5.173967 -4.519947
4.912411 -4.689225
4.703153 -4.824656
4.395838 -5.023548
4.121201 -5.201292
3.872713 -5.362112
3.591547 -5.544081
3.323450 -5.717592
3.061868 -5.886886
2.826461 -6.039240
2.551824 -6.216984
2.316429 -6.369330
2.067928 -6.530158
1.760614 -6.729051
1.499032 -6.898345
1.244003 -7.063398
0.995528 -7.224218
0.675119 -7.431874
0.426606 -7.593525
0.178105 -7.756049
-0.070371 -7.919808
-0.345008 -8.102764
-0.586969 -8.266128
-0.887768 -8.472803
-1.116660 -8.633316
-1.371663 -8.816112
-1.593977 -8.979472
-1.894726 -9.207450
-2.123605 -9.387210
-2.398217 -9.611241
-2.640165 -9.817316
-2.901671 -10.050618
-3.130537 -10.265089
-3.385579 -10.517017
-3.634016 -10.777342
-3.954462 -11.138269
-4.412196 -11.712761
-4.817605 -12.292918
-5.046497 -12.656299
-5.262258 -13.026345
-5.451907 -13.376315
-5.661139 -13.792405
-5.870423 -14.243765
-6.216955 -15.080301
-6.406617 -15.592264
-6.681292 -16.412787
-6.884048 -17.086650
-7.139102 -18.029018
-7.459523 -19.386892
-7.766863 -20.905382
-8.028432 -22.395224
-8.303108 -24.188534
-8.531974 -25.888060
-8.806637 -28.208283
-9.042082 -30.469592
-9.284017 -33.081659
-9.532506 -36.091438
-9.761436 -39.171255
-10.009911 -42.852187
-10.199573 -45.894741
-10.474274 -50.639697
-10.755465 -55.871203
-10.958208 -59.845932
-11.154397 -63.828136
-11.376711 -68.473798
-11.605666 -73.374806
-11.821452 -78.074814
-12.024208 -82.541986
-12.240031 -87.333081
-12.429680 -91.561271
-12.619317 -95.796688
-12.828600 -100.472192
-13.011658 -104.561804
-12.808915 -59.754325
-12.625845 -39.585850
-12.442673 -29.712618
-12.239955 -23.067061
-12.043740 -18.665279
-11.854078 -15.485918
-11.618595 -12.459017
-11.409299 -10.343864
-11.219625 -8.758577
-10.964380 -6.992196
-10.695965 -5.473405
-10.394899 -4.074760
-10.172560 -3.200586
-9.910940 -2.307776
-9.669005 -1.588593
-9.394406 -0.873150
-9.159100 -0.330743
-8.864879 0.271668
-8.570735 0.804014
-8.270011 1.288699
-8.028178 1.641826
-7.779766 1.975621
-7.511771 2.307446
-7.224141 2.635663
-6.943039 2.932666
-6.681572 3.190938
-6.439713 3.416557
-6.165152 3.659353
-5.910212 3.873861
-5.648719 4.084514
-5.419916 4.262130
-5.191087 4.434370
-4.968786 4.597223
-4.766069 4.742403
-4.524146 4.912099
-4.203776 5.131878
-3.902989 5.334149
-3.615309 5.524804
-3.340659 5.704945
-3.026816 5.909271
-2.784881 6.066121
-2.484107 6.260810
-2.229079 6.425863
-1.915211 6.628996
-1.640599 6.806724
-1.339825 7.001383
-1.078268 7.170661
-0.803618 7.348413
-0.522453 7.530381
-0.254356 7.703892
0.026810 7.885861
0.268745 8.042440
0.556476 8.228658
0.831113 8.406402
1.118832 8.592612
1.360780 8.749199
1.635417 8.926943
1.916595 9.108919
2.197760 9.290888
2.498547 9.485577
2.733980 9.638137
3.041294 9.837874
3.244012 9.970225
3.557841 10.176488
3.812870 10.345738
4.054805 10.508047
4.349039 10.708303
4.584459 10.871279
4.846002 11.055787
5.107534 11.244572
5.369077 11.438414
5.604485 11.617908
5.898667 11.850008
6.101359 12.015701
6.375921 12.248799
6.591630 12.439846
6.840068 12.669714
7.147408 12.970771
7.369696 13.201683
7.611593 13.467314
7.899324 13.805459
8.082407 14.034806
8.317789 14.347972
8.572767 14.713329
8.808174 15.077996
9.069781 15.518374
9.279039 15.900742
9.521000 16.380679
9.769462 16.921262
9.991801 17.451519
10.181450 17.942809
10.416896 18.608719
10.639235 19.301326
10.815752 19.900405
11.168952 21.247798
11.495951 22.698798
11.809857 24.306329
12.104167 26.031153
12.385446 27.898780
12.660122 29.947020
12.954381 32.401878
13.248691 35.134348
13.477608 37.450373
13.713041 40.000286
13.909269 42.248590
14.105484 44.600408
14.314754 47.212768
14.582877 50.697929
14.811756 53.777650
15.047201 57.028589
15.249957 59.883177
15.452700 62.778464
15.629293 65.326950
15.832011 68.276195
16.054349 71.532545
16.230930 74.129973
16.420605 76.927060
16.610241 79.727531
16.884891 83.785076
16.708349 51.820890
16.525227 34.378023
16.335604 25.994086
16.159023 21.234883
15.956318 17.455471
15.753575 14.687003
15.511589 12.184061
15.236927 10.017240
15.040813 8.769769
14.824951 7.606892
14.419555 5.855444
14.242999 5.225170
14.007630 4.480514
13.569556 3.322367
13.340740 2.809658
13.125018 2.372470
12.830861 1.836956
12.575896 1.420377
12.366676 1.106489
12.072518 0.701516
11.843702 0.411802
11.608372 0.133693
11.320716 -0.182610
11.046104 -0.463726
10.784611 -0.715203
10.529557 -0.947344
10.254920 -1.184773
10.039121 -1.363393
9.777539 -1.571764
9.561703 -1.737794
9.313189 -1.923208
9.038463 -2.121970
8.770341 -2.310587
8.469490 -2.516929
8.188287 -2.705589
7.907083 -2.890928
7.599782 -3.090422
7.305523 -3.279127
7.030847 -3.453736
6.716992 -3.651975
6.475019 -3.804211
6.220015 -3.964352
5.932297 -4.144947
5.683821 -4.300909
5.402656 -4.477390
5.154168 -4.633360
4.905680 -4.789330
4.617974 -4.969916
4.336809 -5.146397
4.049116 -5.326975
3.794087 -5.487051
3.525965 -5.655345
3.251340 -5.827720
2.957106 -6.012404
2.734780 -6.151953
2.427440 -6.344863
2.133194 -6.529554
1.891259 -6.681411
1.590459 -6.870216
1.341971 -7.026186
1.047699 -7.210895
0.799224 -7.366952
0.504965 -7.552233
0.210693 -7.738496
-0.018199 -7.884400
-0.273202 -8.048383
-0.521703 -8.210044
-0.783260 -8.382679
-1.051382 -8.562885
-1.332560 -8.756145
-1.561440 -8.917307
-1.809928 -9.096863
-2.130285 -9.336629
-2.411463 -9.556126
-2.614143 -9.720441
-2.921470 -9.980847
-3.156864 -10.190780
-3.431464 -10.448934
-3.725697 -10.743769
-3.948024 -10.980877
-4.203027 -11.270165
-4.497311 -11.630297
-4.706518 -11.905819
-4.948453 -12.247414
-5.242725 -12.700712
-5.458460 -13.063086
-5.680812 -13.466831
-5.929262 -13.959020
-6.236602 -14.636856
-6.622440 -15.616159
-6.831711 -16.217833
-7.040982 -16.877058
-7.381011 -18.089871
-7.577176 -18.881403
-7.753731 -19.659517
-8.080756 -21.288527
-8.375015 -22.996196
-8.656244 -24.880052
-8.943950 -27.102125
-9.244762 -29.789979
-9.499790 -32.394932
-9.722155 -34.931007
-9.944494 -37.725825
-10.173411 -40.879991
-10.382644 -44.007087
-10.690047 -49.006389
-10.938535 -53.370543
-11.154359 -57.366416
-11.376711 -61.653764
-11.605628 -66.217421
-11.821439 -70.630671
-12.004548 -74.440782
-12.200750 -78.573918
-12.390399 -82.605298
-12.566980 -86.380792
-12.776238 -90.871313
-12.965874 -94.947479
-13.168630 -99.306452
-12.985509 -58.773026
-12.802375 -38.256987
-12.625768 -28.837085
-12.436145 -22.649473
-12.233389 -18.140973
-12.017565 -14.657048
-11.827916 -12.291778
-11.592433 -9.957323
-11.376635 -8.232587
-11.121466 -6.560353
-10.846473 -5.086196
-10.467061 -3.454734
-10.042017 -2.020156
-9.767405 -1.254602
-9.499371 -0.601729
-9.257513 -0.078542
-8.963330 0.487924
-8.616886 1.074064
-8.342338 1.487405
-8.087411 1.837403
-7.819390 2.175443
-7.551356 2.487201
-7.283374 2.776367
-6.989191 3.071637
-6.740843 3.305398
-6.433566 3.577878
-6.230950 3.748766
-5.962891 3.965601
-5.734101 4.143389
-5.505285 4.315382
-5.256797 4.496447
-5.027955 4.658652
-4.772927 4.835038
-4.478668 5.033749
-4.177894 5.232534
-3.890188 5.419453
-3.609010 5.599793
-3.314764 5.786697
-3.059747 5.947647
-2.752446 6.140849
-2.451646 6.329669
-2.157400 6.514361
-1.895856 6.678526
-1.647380 6.834488
-1.379296 7.002758
-1.065467 7.199742
-0.790778 7.372157
-0.490004 7.560946
-0.202298 7.741532
0.065799 7.909810
0.346989 8.086307
0.628142 8.262780
0.889711 8.426961
1.170902 8.603457
1.438999 8.771736
1.687474 8.927698
1.968652 9.104187
2.230247 9.268383
2.485250 9.428446
2.746832 9.592750
3.008363 9.757382
3.276473 9.926824
3.544557 10.097265
3.832289 10.281756
4.113467 10.464095
4.361917 10.627337
4.643095 10.815042
4.878489 10.975077
5.140084 11.156594
5.414683 11.352018
5.689321 11.553348
5.931281 11.736391
6.232081 11.972561
6.519761 12.208818
6.742087 12.399430
7.042798 12.670075
7.258571 12.874600
7.500468 13.115564
7.761973 13.391760
8.023517 13.686578
8.298142 14.019044
8.513928 14.298978
8.795131 14.691943
9.056624 15.089936
9.298597 15.490206
9.534017 15.913151
9.730181 16.293935
9.985197 16.832395
10.220604 17.378576
10.449484 17.960852
10.737228 18.774572
11.103394 19.963335
11.319218 20.757086
11.495811 21.464676
11.862054 23.120167
12.208662 24.953347
12.522606 26.869553
12.784265 28.671967
13.085115 30.992127
13.268198 32.538943
13.516724 34.804459
13.706411 36.661150
13.954912 39.255538
14.144638 41.353995
14.353896 43.778324
14.615554 46.956591
14.805203 49.350536
15.014486 52.068599
15.217204 54.766959
15.459202 58.058311
15.675064 61.046241
15.910458 64.347962
16.100108 67.033251
16.309403 70.015925
16.485972 72.543435
16.695242 75.547728
16.904475 78.556562
17.133367 81.849646
17.336122 84.766723
17.525771 87.495237
17.957368 93.704693
18.238559 94.388890
18.519737 93.116013
18.768238 91.991063
18.997104 90.954996
19.271767 89.711613
19.533324 88.527561
19.814502 87.254684
20.089139 86.011415
20.370317 84.738538
20.651508 83.465603
20.900009 82.340653
21.096173 81.452629
20.886928 49.996828
20.690738 33.628944
20.501064 25.786468
20.304887 20.756806
20.121715 17.447902
19.925474 14.764845
19.742341 12.785410
19.526466 10.898201
19.310744 9.358276
19.009906 7.621725
18.833338 6.769787
18.610999 5.832658
18.297080 4.713252
18.055158 3.978998
17.787112 3.269030
17.551743 2.719608
17.296765 2.189332
17.028757 1.693137
16.832643 1.363991
16.544963 0.925548
16.316160 0.609530
15.989325 0.200842
15.747428 -0.073711
15.485910 -0.347526
15.244001 -0.582124
14.975942 -0.823697
14.727479 -1.032407
14.472514 -1.233190
14.237119 -1.407885
14.034376 -1.551002
13.798956 -1.709527
13.557021 -1.864744
13.341223 -1.997300
13.092709 -2.143800
12.870370 -2.269871
12.667640 -2.381134
12.373381 -2.537062
12.118365 -2.667486
11.817515 -2.816486
11.497107 -2.970204
11.242078 -3.089435
10.954360 -3.221134
10.686224 -3.341590
10.385425 -3.474549
10.136950 -3.582954
9.842652 -3.710017
9.548431 -3.835925
9.273769 -3.952724
9.012225 -4.063497
8.789886 -4.157459
8.515261 -4.273414
8.214474 -4.400404
7.946390 -4.513588
7.652118 -4.637828
7.397102 -4.745494
7.083209 -4.878018
6.841249 -4.980173
6.553517 -5.101651
6.278893 -5.217596
6.010796 -5.330785
5.742711 -5.443969
5.474614 -5.557158
5.226101 -5.662079
4.918786 -5.791826
4.670285 -5.896741
4.421797 -6.001652
4.114483 -6.131398
3.885629 -6.228019
3.663264 -6.321900
3.362477 -6.448891
3.081312 -6.567597
2.826283 -6.675269
2.551620 -6.791248
2.303132 -6.896321
1.982724 -7.032309
1.734236 -7.138410
1.492275 -7.242483
1.230719 -7.356082
0.949554 -7.479802
0.694512 -7.593799
0.465645 -7.697818
0.119050 -7.859055
-0.103289 -7.965253
-0.325628 -8.073963
-0.606781 -8.215533
-0.868375 -8.351961
-1.136472 -8.497175
-1.378420 -8.633545
-1.659598 -8.799222
-1.908099 -8.952913
-2.189264 -9.136123
-2.411590 -9.288845
-2.686190 -9.488240
-2.882392 -9.638793
-3.170098 -9.873211
-3.418548 -10.090216
-3.673577 -10.328774
-3.908933 -10.564798
-4.150957 -10.825244
-4.419003 -11.137189
-4.615180 -11.382921
-4.870247 -11.727015
-5.092598 -12.052165
-5.295278 -12.371282
-5.556847 -12.818863
-5.772658 -13.221965
-5.955754 -13.590640
-6.158459 -14.030330
-6.387376 -14.571012
-6.577013 -15.058268
-6.786245 -15.641905
-7.132853 -16.729650
-7.322477 -17.397371
-7.649477 -18.689213
-7.832623 -19.500574
-8.159547 -21.130496
-8.525726 -23.278367
-8.715362 -24.545965
-9.048864 -27.071647
-9.330055 -29.531954
-9.643961 -32.681320
-9.925164 -35.896734
-10.245598 -40.042115
-10.500639 -43.713990
-10.716400 -47.072110
-10.906061 -50.204859
-11.102238 -53.610206
-11.363820 -58.383982
-11.592674 -62.747567
-11.775821 -66.343723
-11.958955 -70.015342
-12.161660 -74.149916
-12.338228 -77.798073
-12.540907 -82.024753
-12.730556 -86.005460
-12.926708 -90.138028
-13.201409 -95.934887
-13.377951 -99.660808
-13.587209 -104.077182
-13.855306 -109.735351
-14.064577 -113.284275
-14.306499 -112.189106
-14.594230 -110.886563
-14.842706 -109.761728
-15.110816 -108.548010
-15.346223 -107.482335
-15.581630 -106.416660
-15.849778 -105.202769
-16.104794 -104.048326
-16.340188 -102.982708
-16.614851 -101.739325
-16.850271 -100.673592
-16.660559 -65.508794
-16.483978 -44.875797
-16.300844 -34.030488
-16.098076 -26.822302
-15.914891 -22.342359
-15.705557 -18.530760
-15.522384 -15.924158
-15.332710 -13.715139
-15.090648 -11.413382
-14.887905 -9.814920
-14.586903 -7.847488
-14.253185 -6.084289
-14.050302 -5.175126
-13.853986 -4.389362
-13.585787 -3.440413
-13.363346 -2.744855
-13.147421 -2.136538
-12.872809 -1.443848
-12.624397 -0.883857
-12.343308 -0.314930
-12.068746 0.184048
-11.800738 0.624740
-11.578488 0.959901
-11.284318 1.366639
-10.983620 1.744508
-10.722127 2.046018
-10.454145 2.332082
-10.192677 2.591394
-9.924631 2.839244
-9.676295 3.054397
-9.382074 3.293312
-9.172943 3.453680
-8.931046 3.630379
-8.689149 3.798535
-8.479942 3.937729
-8.218373 4.104412
-8.009166 4.232395
-7.773784 4.371272
-7.525296 4.512564
-7.224509 4.677077
-6.956412 4.818384
-6.668706 4.965123
-6.381001 5.107409
-6.139066 5.224038
-5.864441 5.353500
-5.602897 5.474270
-5.347881 5.589973
-5.047107 5.724214
-4.733226 5.862167
-4.478223 5.972928
-4.210126 6.088353
-3.922433 6.211302
-3.634702 6.333568
-3.360039 6.449843
-3.072333 6.571387
-2.830411 6.673526
-2.496909 6.814329
-2.209190 6.935802
-1.967255 7.037946
-1.692631 7.153891
-1.418006 7.269836
-1.162952 7.377518
-0.875246 7.498986
-0.626770 7.603891
-0.325958 7.730892
-0.103657 7.824746
0.184086 7.946230
0.445580 8.056631
0.667944 8.150512
0.955662 8.271985
1.230274 8.387925
1.504925 8.503881
1.759953 8.611552
2.047672 8.733026
2.296147 8.837930
2.590432 8.962176
2.858541 9.075370
3.106991 9.180264
3.362007 9.287931
3.610508 9.392847
3.898214 9.514353
4.159758 9.624930
4.388637 9.721863
4.663262 9.838468
4.924831 9.949937
5.192928 10.064721
5.467566 10.183001
5.768365 10.313538
5.964492 10.399309
6.232601 10.517542
6.507226 10.639998
6.729565 10.740288
6.977977 10.853715
7.232967 10.971849
7.474826 11.085691
7.716774 11.201527
7.978305 11.329192
8.265935 11.472899
8.494865 11.590039
8.749779 11.723679
8.959037 11.836161
9.240190 11.991653
9.508287 12.145089
9.704451 12.260887
9.939871 12.404180
10.181831 12.556831
10.391064 12.693649
10.619969 12.848929
10.875023 13.029507
11.143132 13.228825
11.345850 13.386652
11.613934 13.605775
11.849367 13.808965
12.058625 13.998867
12.261355 14.191972
12.503353 14.435356
12.732220 14.679698
12.928410 14.901192
13.170357 15.191170
13.366509 15.441196
13.582332 15.733282
13.778548 16.015703
13.981290 16.325996
14.216685 16.712138
14.445577 17.117062
14.667878 17.541123
14.883651 17.984809
15.092921 18.448389
15.315298 18.980558
15.531084 19.539858
15.773057 20.222587
15.962655 20.802599
16.171926 21.493090
16.348519 22.120164
16.597008 23.077273
16.799763 23.928116
17.041698 25.032130
17.277131 26.205543
17.486401 27.335307
17.741405 28.827139
17.944135 30.105795
18.199176 31.831987
18.434583 33.540208
18.643854 35.148345
18.892329 37.161185
19.134265 39.220461
19.500520 42.501072
19.781698 45.131066
20.082561 48.029626
20.376883 50.929803
20.599235 53.152209
20.788909 55.063684
20.991652 57.118411
21.207451 59.314262
21.455977 61.849228
21.724087 64.585879
21.920302 66.588706
21.730602 39.718588
21.553970 27.680941
21.377415 21.753397
21.181149 17.650425
20.978355 14.709243
20.795221 12.697264
20.559712 10.672967
20.376629 9.400241
20.167346 8.176203
19.853427 6.676505
19.480682 5.266010
19.108026 4.136236
18.852985 3.482457
18.584939 2.877405
18.356110 2.416110
18.101170 1.952499
17.878920 1.585409
17.630445 1.210158
17.375518 0.858571
17.120591 0.536281
16.872166 0.246756
16.584511 -0.062141
16.329558 -0.315250
16.081121 -0.545485
15.852280 -0.744817
15.538450 -1.000607
15.296477 -1.185519
15.028380 -1.379330
14.819097 -1.523353
14.564093 -1.691090
14.348295 -1.827008
14.027874 -2.019706
13.785901 -2.158757
13.472033 -2.331791
13.059981 -2.547974
12.798425 -2.679573
12.484557 -2.832483
12.177243 -2.977535
11.856796 -3.124502
11.536375 -3.267664
11.255210 -3.390576
10.902086 -3.541863
10.555529 -3.687507
10.267772 -3.806652
9.940849 -3.940378
9.646577 -4.059514
9.365399 -4.172463
9.103843 -4.276904
8.816137 -4.391244
8.528431 -4.505165
8.260334 -4.611067
7.985671 -4.719422
7.704455 -4.830319
7.449464 -4.930872
7.187908 -5.034015
6.932879 -5.134584
6.658204 -5.242900
6.390132 -5.348612
6.148159 -5.444032
5.847359 -5.562650
5.598884 -5.660634
5.285029 -5.784400
5.030000 -5.884969
4.761903 -5.990691
4.461078 -6.109319
4.212603 -6.207303
3.918369 -6.323332
3.643719 -6.431638
3.369031 -6.539959
3.107499 -6.643092
2.806713 -6.761705
2.545156 -6.864848
2.257412 -6.978317
1.995856 -7.081460
1.734299 -7.184603
1.466190 -7.290330
1.198093 -7.396052
0.936523 -7.499230
0.668401 -7.605130
0.347993 -7.732036
0.073355 -7.841288
-0.181686 -7.943285
-0.430174 -8.043299
-0.711391 -8.157419
-0.959853 -8.259243
-1.241031 -8.375814
-1.483004 -8.477460
-1.783817 -8.605820
-2.006143 -8.702314
-2.293861 -8.829539
-2.548877 -8.944805
-2.758097 -9.041343
-3.032722 -9.171071
-3.320440 -9.311089
-3.608134 -9.455832
-3.856571 -9.585100
-4.072395 -9.700962
-4.360088 -9.861109
-4.588942 -9.993637
-4.870133 -10.163397
-5.125110 -10.324632
-5.373611 -10.489178
-5.576303 -10.629328
-5.877166 -10.848212
-6.106033 -11.024280
-6.361036 -11.231240
-6.596469 -11.433415
-6.858038 -11.671837
-7.067296 -11.874070
-7.302703 -12.114996
-7.544651 -12.378866
-7.766990 -12.637327
-8.008950 -12.937754
-8.218246 -13.215305
-8.433994 -13.520258
-8.623668 -13.805594
-8.865654 -14.195304
-9.074887 -14.557721
-9.297200 -14.971319
-9.473819 -15.322804
-9.689592 -15.782341
-9.898824 -16.262562
-10.121151 -16.813984
-10.297731 -17.285043
-10.493896 -17.845923
-10.696600 -18.470827
-10.892803 -19.123667
-11.265535 -20.509854
-11.566373 -21.787163
-11.762524 -22.706215
-12.082958 -24.371103
-12.403417 -26.261501
-12.593041 -27.496648
-12.900381 -29.697588
-13.227317 -32.325954
-13.528129 -35.017275
-13.737400 -37.045696
-14.070889 -40.537503
-14.358607 -43.792749
-14.620176 -46.929653
-14.875243 -50.132597
-15.091067 -52.939066
-15.287244 -55.555557
-15.476906 -58.135492
-15.673083 -60.847516
-15.849625 -63.319117
-16.045853 -66.093768
-16.248570 -68.983470
-16.431679 -71.608428
-16.634409 -74.525579
-16.837139 -77.449240
-17.183671 -82.450555
-17.000538 -50.035345
-16.797782 -32.608297
-16.601529 -24.824273
-16.405289 -19.979512
-16.189401 -16.252400
-16.006216 -13.852363
-15.809951 -11.784096
-15.633319 -10.240323
-15.404351 -8.566689
-15.175408 -7.170639
-14.992223 -6.207428
-14.815439 -5.382275
-14.619122 -4.565680
-14.442440 -3.906351
-14.115351 -2.840476
-13.847216 -2.088818
-13.618312 -1.517983
-13.363169 -0.946337
-13.082067 -0.383342
-12.846710 0.042094
-12.591796 0.462292
-12.304166 0.892587
-12.042699 1.248840
-11.748516 1.615311
-11.487061 1.914361
-11.245202 2.171368
-10.944504 2.467699
-10.715689 2.677880
-10.441165 2.914564
-10.146995 3.151506
-9.892068 3.344446
-9.656737 3.513418
-9.395282 3.691892
-9.179547 3.832515
-8.898407 4.007656
-8.702281 4.124893
-8.460346 4.264446
-8.185721 4.416705
-7.930667 4.552846
-7.656068 4.694352
-7.387971 4.827972
-7.100240 4.966949
-6.773304 5.119963
-6.511760 5.239077
-6.217501 5.370032
-5.942863 5.489692
-5.629021 5.623815
-5.321681 5.752841
-5.086261 5.850351
-4.765878 5.981498
-4.550092 6.068974
-4.242727 6.192605
-3.928910 6.317892
-3.700018 6.408818
-3.379597 6.535645
-3.124581 6.636335
-2.830309 6.752400
-2.522969 6.873597
-2.287575 6.966423
-1.986788 7.085036
-1.705610 7.195916
-1.424432 7.306796
-1.162875 7.409939
-0.920928 7.505349
-0.633209 7.618809
-0.384734 7.716793
-0.083934 7.835411
0.197206 7.946276
0.393395 8.023642
0.694169 8.142250
0.962266 8.247972
1.217282 8.348536
1.452651 8.441351
1.753464 8.559974
2.041169 8.673429
2.302751 8.776582
2.544674 8.871982
2.812758 8.977699
3.061246 9.075688
3.322828 9.178841
3.571291 9.276820
3.859035 9.390290
4.074782 9.475371
4.362539 9.588897
4.617542 9.689616
4.839868 9.777572
5.121046 9.889085
5.376075 9.990574
5.637657 10.095107
5.879579 10.192266
6.200000 10.321813
6.402718 10.404370
6.664262 10.511682
6.925793 10.620017
7.206932 10.737792
7.455395 10.843173
7.697279 10.947082
7.926133 11.046730
8.207261 11.171127
8.488451 11.298009
8.743442 11.415452
8.998433 11.535421
9.194622 11.629616
9.469247 11.764515
9.711182 11.886590
9.959670 12.015455
10.168877 12.126947
10.417378 12.263281
10.646258 12.392943
10.894759 12.538601
11.097438 12.661504
11.398263 12.851411
11.607521 12.989298
11.842966 13.150687
12.097969 13.333654
12.320257 13.500756
12.549137 13.680936
12.764897 13.859030
13.026530 14.086781
13.216166 14.260694
13.464654 14.500938
13.700062 14.742716
13.915860 14.977707
14.125080 15.218904
14.406308 15.566031
14.609039 15.834259
14.831403 16.147648
15.040623 16.462609
15.243365 16.788215
15.504871 17.240942
15.733763 17.670766
15.936468 18.080407
16.171913 18.593971
16.381171 19.087915
16.616566 19.690183
16.838892 20.308978
17.022001 20.858552
17.244327 21.578735
17.492828 22.458636
17.721707 23.345476
17.924424 24.197161
18.159844 25.269901
18.421426 26.574033
18.650306 27.817006
18.892241 29.237844
19.134226 30.770502
19.336956 32.139881
19.552755 33.680847
19.748957 35.153292
19.990930 37.056804
20.337501 39.933915
20.638300 42.553131
20.873745 44.667633
21.122272 46.948644
21.331593 48.900802
21.553907 50.997901
21.743556 52.801419
21.920098 54.488990
22.116288 56.371031
21.939745 32.436225
21.736964 21.731239
21.560371 17.349256
21.383701 14.479429
21.161299 11.921066
20.971561 10.277025
20.696923 8.433946
20.461491 7.190272
20.284973 6.402010
19.944855 5.137306
19.729120 4.467144
19.323698 3.409839
19.094844 2.903728
18.859500 2.437153
18.571832 1.928532
18.395290 1.644939
18.159933 1.295820
17.924602 0.975652
17.643513 0.625860
17.375454 0.320790
17.120514 0.052948
16.859021 -0.202094
16.623678 -0.416626
16.381781 -0.624008
16.067977 -0.875551
15.819526 -1.062344
15.564498 -1.244044
15.355265 -1.386286
15.100249 -1.552159
14.845195 -1.710631
14.564004 -1.877649
14.289329 -2.033847
13.975423 -2.204903
13.635355 -2.382328
13.347662 -2.526805
13.007607 -2.691767
12.661036 -2.854232
12.379846 -2.982389
12.007139 -3.147877
11.739016 -3.264231
11.405540 -3.406227
11.085170 -3.540183
10.725518 -3.688130
10.391978 -3.823402
10.065004 -3.954517
9.744570 -4.081831
9.450324 -4.197907
9.182240 -4.303108
8.901087 -4.412991
8.639518 -4.514913
8.358340 -4.624245
8.024825 -4.753751
7.769809 -4.852734
7.475563 -4.966943
7.174789 -5.083686
6.926250 -5.180154
6.677787 -5.276592
6.376988 -5.393344
6.121959 -5.492331
5.794997 -5.619238
5.526888 -5.723302
5.265344 -5.824818
4.990706 -5.931416
4.716056 -6.038019
4.500309 -6.121759
4.166806 -6.251205
3.892194 -6.357793
3.630612 -6.459323
3.382150 -6.555761
3.100972 -6.664898
2.806687 -6.779122
2.512441 -6.893330
2.224710 -7.005010
1.910829 -7.126840
1.642732 -7.230899
1.381163 -7.332425
1.086891 -7.446644
0.838403 -7.543129
0.557238 -7.652449
0.295669 -7.754407
0.007912 -7.867001
-0.201295 -7.949238
-0.489026 -8.063003
-0.737553 -8.162024
-0.999122 -8.267157
-1.273772 -8.378748
-1.574571 -8.502631
-1.783829 -8.590001
-2.084629 -8.717561
-2.365769 -8.839177
-2.653500 -8.966395
-2.921584 -9.087768
-3.189656 -9.212230
-3.418510 -9.321216
-3.673500 -9.445942
-3.948125 -9.584580
-4.222725 -9.728188
-4.490872 -9.873782
-4.745787 -10.017645
-5.027016 -10.183212
-5.268912 -10.331984
-5.576240 -10.530446
-5.844337 -10.713170
-6.053595 -10.862664
-6.321704 -11.063895
-6.557086 -11.250407
-6.805574 -11.458314
-7.060641 -11.684678
-7.296048 -11.906424
-7.564133 -12.175529
-7.799565 -12.427925
-8.067700 -12.735680
-8.276920 -12.992352
-8.518893 -13.309154
-8.773935 -13.668609
-9.002751 -14.015793
-9.225115 -14.377908
-9.454020 -14.778718
-9.656775 -15.159849
-9.859493 -15.567793
-10.068738 -16.019724
-10.271455 -16.490278
-10.448023 -16.928762
-10.676877 -17.540513
-11.043018 -18.633710
-11.389627 -19.817953
-11.683911 -20.955549
-12.023979 -22.443954
-12.298616 -23.799974
-12.494806 -24.862122
-12.782525 -26.573810
-13.063703 -28.438163
-13.436422 -31.225432
-13.711123 -33.522987
-13.907287 -35.293150
-14.234262 -38.482321
-14.476222 -41.028358
-14.737791 -43.947484
-14.953615 -46.475861
-15.156345 -48.939586
-15.378709 -51.729348
-15.627223 -54.940000
-15.816872 -57.445424
-16.032670 -60.343868
-16.307333 -64.090465
-16.542779 -67.339959
-16.725862 -69.883728
-16.915498 -72.529131
-17.131335 -75.547907
-17.360209 -78.752639
-17.170476 -46.100151
-16.961180 -30.054366
-16.784587 -23.612193
-16.588334 -19.009520
-16.411702 -16.029506
-16.208883 -13.402944
-16.019145 -11.451046
-15.783662 -9.491230
-15.456560 -7.350618
-15.220963 -6.103976
-14.991855 -5.066334
-14.638515 -3.723373
-14.448790 -3.104130
-14.265745 -2.561649
-14.010653 -1.882254
-13.775182 -1.322380
-13.506971 -0.750797
-13.238899 -0.239127
-12.983997 0.200373
-12.683261 0.668625
-12.434862 1.020018
-12.179922 1.351817
-11.853088 1.740059
-11.663528 1.948407
-11.349749 2.269504
-11.101362 2.504967
-10.833354 2.742674
-10.513022 3.007100
-10.264610 3.199083
-10.003180 3.390171
-9.735185 3.575601
-9.467151 3.751578
-9.231770 3.899087
-8.996388 4.040653
-8.708695 4.206402
-8.460245 4.343741
-8.205216 4.479696
-7.937106 4.617689
-7.629766 4.770323
-7.361669 4.899161
-7.054329 5.042503
-6.812369 5.152442
-6.485445 5.297409
-6.197740 5.422001
-5.942724 5.530399
-5.641937 5.656114
-5.406530 5.753094
-5.092649 5.880757
-4.811484 5.993758
-4.549915 6.097926
-4.236072 6.221920
-3.987559 6.319491
-3.712921 6.426836
-3.438309 6.533803
-3.098267 6.665938
-2.849778 6.762396
-2.535898 6.884226
-2.267814 6.988280
-1.980095 7.099955
-1.698917 7.209092
-1.430833 7.313146
-1.156170 7.419754
-0.927316 7.508581
-0.646138 7.617718
-0.358419 7.729393
-0.090322 7.833452
0.197421 7.945137
0.439331 8.039032
0.720509 8.148168
0.982116 8.249709
1.289406 8.368980
1.518272 8.457812
1.819072 8.574565
2.028330 8.655786
2.342198 8.777611
2.603767 8.879137
2.793390 8.952737
3.100730 9.072028
3.309950 9.153235
3.630371 9.277603
3.872281 9.371498
4.107713 9.462880
4.382326 9.569508
4.611192 9.658457
4.905451 9.773010
5.140858 9.864874
5.402428 9.967256
5.670537 10.072625
5.899366 10.162973
6.154407 10.264213
6.415900 10.368709
6.683959 10.476685
6.912788 10.569646
7.200430 10.687682
7.390028 10.766294
7.677671 10.886942
7.971917 11.012307
8.174596 11.099945
8.436077 11.214735
8.704199 11.334682
8.926500 11.436037
9.220746 11.573150
9.456153 11.685526
9.711195 11.810253
9.972713 11.941697
10.201631 12.060001
10.463162 12.199242
10.711650 12.335973
10.999356 12.500256
11.182477 12.608477
11.476698 12.788922
11.712092 12.939673
11.967172 13.110111
12.156783 13.242011
12.411799 13.427073
12.673368 13.626904
12.928359 13.832505
13.163728 14.032731
13.412165 14.256078
13.673823 14.506048
13.902703 14.738408
14.138097 14.992121
14.419263 15.316896
14.857362 15.876929
15.066620 16.170914
15.282443 16.494425
15.485161 16.818865
15.700934 17.188239
15.916758 17.584935
16.152101 18.051791
16.335210 18.442206
16.583698 19.014024
16.832224 19.639422
17.067657 20.286765
17.296524 20.972724
17.525403 21.720209
17.754282 22.535026
17.976634 23.396774
18.218582 24.419501
18.427840 25.380569
18.643625 26.450349
18.879071 27.712965
19.101410 28.999570
19.304140 30.253710
19.526491 31.717806
19.729221 33.131778
19.912330 34.471299
20.147750 36.275557
20.559738 39.631746
20.880197 42.389098
21.194090 45.187122
21.403374 47.094273
21.664955 49.513436
21.900439 51.716220
22.194736 54.491203
22.449777 56.907416
22.789845 60.134562
23.097211 63.051679
23.443768 66.340757
23.718418 68.947384
24.051920 68.072126
24.411572 66.444004
24.738546 64.963810
25.045873 63.572556
25.346673 62.210854
25.712852 60.553181
26.052894 59.013828
26.406043 57.415142
26.713345 56.024004
27.059953 54.454927
27.406549 52.885907
27.628863 51.879506
27.452231 31.285145
27.275650 21.674785
27.099057 17.039432
26.915872 14.000663
26.726236 11.764119
26.510374 9.853749
26.281494 8.286194
26.039559 6.965934
25.804114 5.912617
25.601358 5.141038
25.372479 4.386386
24.973547 3.294132
24.783885 2.852147
24.522341 2.307006
24.300015 1.893054
24.031943 1.444470
23.816234 1.117787
23.541647 0.739652
23.267073 0.397849
23.012159 0.108453
22.717925 -0.196719
22.476066 -0.427341
22.181858 -0.686407
21.972664 -0.857869
21.743861 -1.034562
21.469261 -1.233164
21.240344 -1.388631
20.952562 -1.572422
20.704073 -1.721714
20.429385 -1.877653
20.161237 -2.021575
19.814642 -2.196759
19.487693 -2.352062
19.186906 -2.487380
18.853417 -2.629885
18.447969 -2.793736
18.101386 -2.926619
17.774425 -3.046647
17.434331 -3.166630
17.055046 -3.295273
16.747668 -3.395996
16.420630 -3.500092
16.041383 -3.617308
15.727515 -3.711817
15.459392 -3.790968
15.139010 -3.883846
14.779384 -3.986163
14.393685 -4.093939
14.040637 -4.191082
13.687476 -4.287047
13.360489 -4.374995
13.007340 -4.469179
12.621539 -4.571313
12.333846 -4.647075
11.967718 -4.743130
11.706212 -4.811563
11.379289 -4.896992
11.091596 -4.972122
10.777728 -5.054084
10.483494 -5.130918
10.235044 -5.195796
9.927704 -5.276053
9.685744 -5.339237
9.417660 -5.409243
9.129941 -5.484376
8.835695 -5.561214
8.567572 -5.631229
8.273313 -5.708070
8.011757 -5.776371
7.750188 -5.844676
7.501725 -5.909558
7.168223 -5.996646
6.900113 -6.066659
6.645097 -6.133252
6.331217 -6.215217
6.056579 -6.286934
5.781929 -6.358654
5.507292 -6.430371
5.232667 -6.502085
4.971072 -6.570396
4.709528 -6.638694
4.415282 -6.715532
4.173322 -6.778716
3.898671 -6.850436
3.624034 -6.922153
3.316669 -7.002417
3.055112 -7.070734
2.780474 -7.142549
2.531974 -7.207667
2.263864 -7.278145
1.989226 -7.350665
1.747291 -7.414900
1.466101 -7.490069
1.211072 -7.558814
0.910273 -7.640732
0.668325 -7.707385
0.387172 -7.785829
0.132194 -7.858018
-0.162052 -7.942736
-0.410527 -8.015603
-0.672084 -8.093778
-0.933640 -8.173634
-1.195222 -8.255363
-1.482903 -8.347639
-1.724863 -8.427393
-1.907946 -8.489163
-2.234857 -8.602794
-2.503005 -8.699505
-2.790622 -8.807133
-3.019527 -8.895945
-3.294177 -9.006549
-3.588436 -9.130409
-3.804183 -9.225071
-4.052684 -9.338500
-4.340390 -9.476223
-4.608500 -9.611331
-4.889665 -9.760720
-5.125060 -9.892414
-5.406225 -10.058369
-5.628551 -10.196847
-5.942444 -10.404327
-6.151677 -10.551103
-6.445961 -10.770147
-6.674828 -10.951588
-6.949440 -11.183355
-7.211060 -11.419774
-7.453020 -11.653312
-7.655750 -11.860976
-7.917332 -12.146533
-8.185429 -12.461743
-8.414258 -12.750626
-8.636635 -13.050536
-8.891664 -13.419952
-9.133637 -13.798074
-9.519450 -14.463473
-9.735249 -14.873139
-9.951021 -15.312765
-10.179863 -15.814900
-10.532974 -16.670659
-10.716095 -17.157463
-10.905744 -17.695872
-11.239246 -18.736044
-11.585892 -19.959766
-11.952046 -21.434665
-12.252884 -22.807007
-12.429452 -23.687593
-12.612522 -24.664197
-12.926390 -26.501190
-13.109511 -27.674777
-13.305688 -29.020707
-13.684961 -31.897696
-13.874572 -33.477438
-14.266951 -37.052899
-14.593926 -40.343979
-14.770468 -42.233555
-15.038603 -45.244221
-15.287092 -48.172747
-15.581389 -51.791278
-15.803753 -54.617062
-16.104540 -58.540928
-16.392335 -62.379967
-16.634295 -65.654203
-16.810914 -68.063493
-17.046372 -71.292618
-17.275282 -74.443281
-17.523774 -77.868243
-17.746125 -80.933248
-17.994626 -84.358707
-18.249669 -87.874342
-18.458910 -90.758629
-18.720486 -92.207234
-18.936293 -91.230286
-19.191333 -90.075734
-19.479057 -88.773225
-19.721018 -87.677878
-19.923746 -86.760142
-20.198381 -85.516884
-20.453419 -84.362343
-20.662693 -83.414970
-20.917727 -82.260446
-21.126976 -81.313187
-21.316617 -80.454691
-21.113859 -50.255191
-20.917609 -34.673928
-20.734431 -27.420064
-20.512007 -21.925283
-20.335347 -18.825023
-20.158663 -16.379858
-19.955861 -14.113062
-19.720357 -11.981216
-19.497902 -10.319389
-19.255828 -8.795934
-18.994137 -7.401625
-18.634272 -5.804901
-18.392248 -4.891908
-18.169903 -4.144043
-17.967166 -3.526327
-17.692454 -2.772357
-17.443875 -2.160431
-17.214900 -1.647382
-16.946820 -1.100108
-16.652601 -0.556827
-16.410704 -0.149232
-16.123061 0.295419
-15.809283 0.737065
-15.560885 1.058458
-15.319019 1.350087
-15.005234 1.700440
-14.796052 1.918175
-14.521548 2.186621
-14.253534 2.431535
-13.985519 2.661109
-13.704456 2.886946
-13.429901 3.094191
-13.227285 3.239384
-12.972296 3.413511
-12.736935 3.566369
-12.449181 3.743848
-12.181131 3.900637
-11.919566 4.046366
-11.638430 4.195659
-11.396462 4.318548
-11.115293 4.455362
-10.847226 4.580280
-10.598772 4.691630
-10.350297 4.799051
-10.056063 4.921556
-9.807562 5.021360
-9.565665 5.115542
-9.284513 5.221607
-8.977211 5.333694
-8.754872 5.412491
-8.454111 5.516260
-8.225231 5.593221
-7.885201 5.704634
-7.584415 5.800535
-7.316318 5.884114
-7.048233 5.966057
-6.799732 6.040681
-6.518542 6.123713
-6.243917 6.203494
-5.936577 6.291398
-5.733885 6.348649
-5.439613 6.430849
-5.184610 6.501287
-4.903419 6.578205
-4.641863 6.649123
-4.386847 6.717758
-4.105656 6.792929
-3.824503 6.867638
-3.556445 6.938514
-3.288309 7.009130
-3.020250 7.079502
-2.752179 7.149710
-2.490661 7.218090
-2.255304 7.279573
-1.980692 7.351285
-1.699527 7.424706
-1.392212 7.504957
-1.156805 7.566429
-0.882218 7.638133
-0.614147 7.708136
-0.352603 7.776433
-0.097587 7.843027
0.157442 7.909623
0.412445 7.976213
0.713207 8.054752
0.968261 8.121355
1.255966 8.196485
1.491386 8.257961
1.746390 8.324551
2.001406 8.391144
2.282571 8.464566
2.537600 8.531162
2.799118 8.599454
3.080309 8.672882
3.309201 8.732653
3.590328 8.806065
3.851859 8.874360
4.100360 8.939251
4.388129 9.014398
4.669307 9.087823
4.865484 9.139051
5.127041 9.207352
5.401678 9.279069
5.676329 9.350790
5.937860 9.419084
6.251727 9.501046
6.532905 9.574471
6.742163 9.629115
7.010248 9.699121
7.252208 9.762306
7.533361 9.835741
7.840701 9.916053
8.036890 9.967351
8.272336 10.028956
8.546960 10.100888
8.847760 10.179791
9.076652 10.239930
9.357855 10.313950
9.632506 10.386415
9.867900 10.448676
10.103358 10.511113
10.345331 10.575464
10.672305 10.662756
10.907738 10.725877
11.195507 10.803370
11.444008 10.870620
11.705590 10.941777
11.960619 11.011547
12.163349 11.067313
12.431420 11.141500
12.725705 11.223580
13.019977 11.306391
13.274992 11.378804
13.516953 11.448115
13.811199 11.533267
14.066241 11.607903
14.295120 11.675593
14.530502 11.745959
14.844395 11.841082
15.086343 11.915487
15.328290 11.990914
15.576753 12.069516
15.851416 12.157862
16.139122 12.252179
16.394151 12.337433
16.649192 12.424368
16.891152 12.508516
17.100372 12.582687
17.388154 12.687010
17.649736 12.784334
17.917820 12.886762
18.166309 12.984334
18.467121 13.106144
18.715596 13.210079
19.042558 13.351874
19.297612 13.466829
19.559181 13.589065
19.827303 13.719351
20.095426 13.855173
20.376591 14.004147
20.651267 14.156823
20.945526 14.329071
21.220176 14.498851
21.527529 14.700391
21.808757 14.896770
22.083370 15.100932
22.371126 15.329658
22.684994 15.598715
22.972738 15.865853
23.267035 16.162309
23.561269 16.485684
23.829366 16.807352
24.123637 17.194692
24.437492 17.653862
24.770956 18.203405
25.078334 18.777060
25.333338 19.310707
25.601498 19.937897
25.954596 20.885215
26.216191 21.691107
26.549706 22.867886
26.850543 24.090345
27.144764 25.445064
27.491360 27.244376
27.766010 28.814837
28.119121 30.987703
28.406839 32.850515
28.609519 34.194117
28.419717 17.110470
28.190762 11.709021
27.988006 9.338065
27.804821 7.866205
27.569312 6.460104
27.333842 5.382799
27.118056 4.582937
26.902092 3.909346
26.574890 3.063022
26.254215 2.381142
25.940144 1.816578
25.665379 1.387097
25.272797 0.854607
24.985028 0.512821
24.690756 0.197730
24.350662 -0.130285
24.004079 -0.431291
23.624807 -0.728678
23.265193 -0.984749
22.938270 -1.198978
22.611334 -1.397974
22.212516 -1.622901
21.859430 -1.807892
21.460663 -2.003048
21.074939 -2.179759
20.689202 -2.346175
20.427709 -2.453803
20.114057 -2.577949
19.787273 -2.702105
19.453873 -2.823876
19.107302 -2.945760
18.819635 -3.043654
18.564733 -3.128141
18.296827 -3.214841
18.009184 -3.305734
17.708423 -3.398551
17.420730 -3.485397
17.106887 -3.578174
16.786517 -3.670963
16.505352 -3.750950
16.198024 -3.836976
15.962617 -3.901964
15.596476 -4.001628
15.328417 -4.073602
15.060333 -4.144828
14.824939 -4.206799
14.537271 -4.281873
14.301889 -4.342811
14.007656 -4.418423
13.726503 -4.490150
13.432295 -4.564721
13.190411 -4.625697
12.883210 -4.702758
12.641288 -4.763179
12.406020 -4.821742
12.157596 -4.883397
11.915750 -4.943263
11.647729 -5.009456
11.412398 -5.067465
11.131283 -5.136651
10.817492 -5.213774
10.588701 -5.269958
10.314102 -5.337360
10.026409 -5.407963
9.758350 -5.473746
9.470644 -5.544351
9.189517 -5.613341
8.921382 -5.679144
8.685975 -5.736914
8.391754 -5.809118
8.104035 -5.879726
7.842441 -5.943923
7.561301 -6.012917
7.273582 -6.083525
7.018553 -6.146110
6.770091 -6.207085
6.495428 -6.274489
6.181560 -6.351514
5.906872 -6.418924
5.678018 -6.475087
5.370690 -6.550507
5.128768 -6.609876
4.834509 -6.682089
4.572927 -6.746283
4.298290 -6.813681
4.049814 -6.874659
3.749053 -6.948467
3.467875 -7.017470
3.239033 -7.073630
2.983992 -7.136218
2.702801 -7.205224
2.395474 -7.280645
2.160029 -7.338424
1.891932 -7.404217
1.623847 -7.470007
1.323022 -7.543831
1.041794 -7.612853
0.806323 -7.670675
0.570916 -7.728535
0.270066 -7.802601
-0.004597 -7.870386
-0.318478 -7.948106
-0.586575 -8.014763
-0.867778 -8.085006
-1.162075 -8.158948
-1.417104 -8.223436
-1.744066 -8.306763
-2.012201 -8.375721
-2.293353 -8.448712
-2.548382 -8.515600
-2.803411 -8.583207
-3.071520 -8.655138
-3.365792 -8.735206
-3.607727 -8.802000
-3.915080 -8.888240
-4.176649 -8.962975
-4.398975 -9.027555
-4.673651 -9.108800
-4.967859 -9.197770
-5.203317 -9.270554
-5.445214 -9.346913
-5.726417 -9.437865
-6.014136 -9.533567
-6.243028 -9.611771
-6.478410 -9.694256
-6.759613 -9.795754
-7.040804 -9.900736
-7.295833 -9.999221
-7.550836 -10.101065
-7.812392 -10.209305
-8.080527 -10.324563
-8.329003 -10.435569
-8.603678 -10.563369
-8.786800 -10.651759
-9.067991 -10.792837
-9.323045 -10.926835
-9.591129 -11.074398
-9.898482 -11.252812
-10.153523 -11.409028
-10.362794 -11.543209
-10.617835 -11.714635
-10.879442 -11.900217
-11.141024 -12.096519
-11.369942 -12.277877
-11.625008 -12.491381
-11.912765 -12.748027
-12.122023 -12.946108
-12.422835 -13.249376
-12.625578 -13.467174
-12.919799 -13.804346
-13.142150 -14.077240
-13.364502 -14.367172
-13.613003 -14.713172
-13.835380 -15.044250
-14.031570 -15.354649
-14.267002 -15.751779
-14.489366 -16.153740
-14.705178 -16.571119
-14.914448 -17.003780
-15.149881 -17.526415
-15.365692 -18.041934
-15.601099 -18.647810
-15.797314 -19.190641
-16.071952 -20.013796
-16.248532 -20.585498
-16.503548 -21.475235
-16.758615 -22.447517
-16.980963 -23.368209
-17.203290 -24.362238
-17.425599 -25.434521
-17.654474 -26.625170
-17.889896 -27.946191
-18.131853 -29.409529
-18.393401 -31.114535
-18.622272 -32.711921
-18.870755 -34.555640
-19.125783 -36.561648
-19.367739 -38.564380
-19.622769 -40.770654
-19.890920 -43.183228
-20.126306 -45.367839
-20.355189 -47.541803
-20.590612 -49.819216
-20.832578 -52.193818
-21.068047 -54.528846
-21.277287 -56.617593
-21.525799 -59.108584
-21.761260 -61.473271
-21.944343 -63.312352
-21.767653 -38.275846
-21.590991 -26.750047
-21.381692 -20.388534
-21.172457 -16.514611
-20.930517 -13.407299
-20.753949 -11.669879
-20.544688 -9.984889
-20.237352 -8.012246
-20.021723 -6.880124
-19.714280 -5.522532
-19.485287 -4.661827
-19.243252 -3.861279
-19.040502 -3.261934
-18.778847 -2.568284
-18.589140 -2.113324
-18.301287 -1.488089
-18.026548 -0.953776
-17.791069 -0.537180
-17.588274 -0.205143
-17.293946 0.238139
-17.038909 0.589702
-16.770798 0.930772
-16.489611 1.260764
-16.234604 1.538273
-15.920716 1.854697
-15.665717 2.093512
-15.358377 2.362003
-15.103361 2.570340
-14.854885 2.761951
-14.560639 2.975673
-14.292555 3.159087
-14.044041 3.320350
-13.775969 3.485658
-13.514426 3.639010
-13.252856 3.785193
-12.997853 3.921346
-12.729769 4.058250
-12.448629 4.195513
-12.167502 4.326840
-11.945201 4.426811
-11.670589 4.545940
-11.415611 4.652541
-11.167135 4.752985
-10.925200 4.847756
-10.624414 4.961724
-10.349776 5.062337
-10.114369 5.146158
-9.820110 5.248032
-9.558528 5.336086
-9.297022 5.421936
-9.035453 5.505791
-8.728164 5.601929
-8.440509 5.689791
-8.139697 5.779654
-7.845463 5.865727
-7.610107 5.933384
-7.361682 6.003739
-7.041350 6.092985
-6.734073 6.177173
-6.498780 6.240787
-6.263450 6.303734
-5.930087 6.391850
-5.642432 6.466990
-5.354803 6.541385
-5.145634 6.595069
-4.838446 6.673342
-4.570412 6.741146
-4.322051 6.803613
-4.073614 6.865795
-3.812159 6.930950
-3.518014 7.003953
-3.269590 7.065404
-2.968841 7.139595
-2.753081 7.192713
-2.491588 7.257000
-2.190826 7.330860
-1.961934 7.387038
-1.661160 7.460850
-1.386535 7.528245
-1.111898 7.595643
-0.856894 7.658222
-0.595287 7.722422
-0.346799 7.783403
-0.045961 7.857231
0.222174 7.923033
0.516458 7.995252
0.719201 8.045007
0.980745 8.109191
1.242314 8.173382
1.477721 8.231152
1.824304 8.316206
2.072805 8.377190
2.308263 8.434973
2.556726 8.495947
2.837917 8.564953
3.092945 8.627539
3.387217 8.699755
3.661842 8.767150
3.897236 8.824918
4.171874 8.892315
4.439984 8.958111
4.694974 9.020688
4.963071 9.086480
5.250764 9.157082
5.499278 9.218069
5.793486 9.290270
6.061621 9.356072
6.283922 9.410626
6.565138 9.479638
6.852856 9.550246
7.114464 9.614446
7.382548 9.680236
7.683373 9.754061
7.931874 9.815046
8.219592 9.885669
8.526932 9.961136
8.781948 10.023790
9.043530 10.088102
9.285478 10.147637
9.553600 10.213682
9.802101 10.274972
10.083330 10.344438
10.377576 10.417259
10.652265 10.485388
10.907319 10.548793
11.162398 10.612362
11.450206 10.684298
11.816474 10.776210
12.045391 10.833887
12.352731 10.911635
12.535814 10.958136
12.797434 11.024845
13.045935 11.088516
13.346747 11.166028
13.680224 11.252573
13.967917 11.327807
14.222959 11.394987
14.458366 11.457432
14.765693 11.539636
15.001113 11.603171
15.275738 11.677956
15.576575 11.760775
15.844685 11.835438
16.073577 11.899869
16.354743 11.979948
16.649027 12.064955
16.890975 12.135830
17.159072 12.215487
17.472939 12.310365
17.747564 12.394939
17.976431 12.466622
18.237987 12.549985
18.545327 12.650061
18.774194 12.726196
19.061925 12.824029
19.330035 12.917488
19.552361 12.996804
19.840067 13.102095
20.088568 13.195641
20.408976 13.320154
20.657439 13.420007
20.964766 13.547902
21.219757 13.658045
21.500973 13.784176
21.814854 13.931328
22.102559 14.072762
22.370682 14.210839
22.671481 14.373754
22.933063 14.523087
23.207701 14.688431
23.488840 14.867833
23.809249 15.086442
24.064252 15.272613
24.378094 15.518683
24.659273 15.757263
24.946928 16.021771
25.208471 16.282883
25.574625 16.687167
25.842722 17.016926
26.163105 17.455846
26.483513 17.953329
26.816964 18.547048
27.157020 19.251130
27.503552 20.096190
27.830513 21.039575
28.164041 22.179059
28.451797 23.328329
28.850704 25.197357
29.053396 26.267048
28.876739 12.516315
28.693491 9.109429
28.497251 7.197780
28.287853 5.847626
28.071966 4.826877
27.679320 3.487016
27.430641 2.844939
27.195018 2.332550
26.972489 1.913123
26.769631 1.573887
26.534123 1.221780
26.311708 0.923186
26.010832 0.562088
25.703517 0.234754
25.409271 -0.046634
25.075871 -0.334311
24.748973 -0.589662
24.376291 -0.853993
24.049431 -1.066081
23.735589 -1.254961
23.428249 -1.427790
23.049014 -1.626718
22.689388 -1.802706
22.329800 -1.968029
21.957119 -2.129601
21.630411 -2.264062
21.323186 -2.385082
20.917903 -2.537601
20.578102 -2.659933
20.264234 -2.768937
19.898081 -2.891765
19.649592 -2.972716
19.309537 -3.080648
19.021806 -3.169627
18.734100 -3.256645
18.420220 -3.349548
18.158689 -3.425475
17.851336 -3.513133
17.609401 -3.581034
17.374006 -3.646243
17.047045 -3.735526
16.765854 -3.811210
16.510825 -3.879048
16.236201 -3.951314
15.955010 -4.024534
15.673832 -4.097035
15.431884 -4.158897
15.150732 -4.230225
14.856422 -4.304307
14.614487 -4.364798
14.320253 -4.437918
14.071765 -4.499321
13.790562 -4.568464
13.561720 -4.624487
13.280542 -4.693054
13.045122 -4.750257
12.744285 -4.823116
12.456579 -4.892575
12.227751 -4.947687
11.953088 -5.013705
11.704625 -5.073318
11.436528 -5.137549
11.155337 -5.204834
10.913402 -5.262672
10.651846 -5.325162
10.390289 -5.387626
10.115677 -5.453197
9.847644 -5.517195
9.586176 -5.579625
9.298457 -5.648324
9.069680 -5.702949
8.781999 -5.771638
8.559749 -5.824704
8.298231 -5.887147
8.036712 -5.949590
7.781760 -6.010464
7.533284 -6.069793
7.330605 -6.118186
6.997154 -6.197804
6.768275 -6.252454
6.545948 -6.305538
6.238659 -6.378909
5.937872 -6.450728
5.650167 -6.519423
5.408232 -6.577190
5.113973 -6.647450
4.845888 -6.711460
4.577766 -6.775480
4.303154 -6.841049
4.054653 -6.900383
3.760394 -6.970643
3.413823 -7.053394
3.158782 -7.114290
2.864523 -7.184550
2.635669 -7.239193
2.315223 -7.315706
2.079828 -7.371911
1.798625 -7.439053
1.523962 -7.504635
1.236218 -7.573339
0.955015 -7.640482
0.660756 -7.710764
0.386118 -7.776414
0.098387 -7.845292
-0.215494 -7.920597
-0.477025 -7.983517
-0.751662 -8.049808
-1.019759 -8.114778
-1.274775 -8.176857
-1.555953 -8.245673
-1.837144 -8.314936
-2.085619 -8.376561
-2.360257 -8.445193
-2.654503 -8.519404
-2.916098 -8.586040
-3.171101 -8.651661
-3.386849 -8.707741
-3.700729 -8.790339
-3.955707 -8.858402
-4.249953 -8.938134
-4.518050 -9.011992
-4.818799 -9.096358
-5.047691 -9.161732
-5.374602 -9.257012
-5.681942 -9.348830
-5.943498 -9.428843
-6.237719 -9.521095
-6.473165 -9.596772
-6.734683 -9.682917
-7.035457 -9.784934
-7.264336 -9.864842
-7.552055 -9.968316
-7.787462 -10.055674
-8.081645 -10.168536
-8.336712 -10.269977
-8.624430 -10.388742
-8.886025 -10.501041
-9.114854 -10.602914
-9.415640 -10.742410
-9.598736 -10.830660
-9.899523 -10.981560
-10.180726 -11.129832
-10.455338 -11.281950
-10.743057 -11.449787
-11.017720 -11.618817
-11.266195 -11.779796
-11.495075 -11.935420
-11.776227 -12.137036
-12.011673 -12.315482
-12.273229 -12.524899
-12.547867 -12.758590
-12.783274 -12.971173
-13.025196 -13.202500
-13.260629 -13.441215
-13.528751 -13.730899
-13.803478 -14.049324
-14.058544 -14.366521
-14.307045 -14.697520
-14.549006 -15.042665
-14.810588 -15.443701
-15.045995 -15.831849
-15.301023 -16.284450
-15.719476 -17.108618
-15.909074 -17.519419
-16.301333 -18.453832
-16.517150 -19.021963
-16.876676 -20.065115
-17.066279 -20.668982
-17.295118 -21.452301
-17.537055 -22.350674
-17.765888 -23.272359
-17.975116 -24.180939
-18.190862 -25.188010
-18.373907 -26.101314
-18.570011 -27.142391
-18.785721 -28.364943
-18.994909 -29.629889
-19.275906 -31.453480
-19.458788 -32.716498
-19.654873 -34.135853
-19.962044 -36.488519
-20.138518 -37.906753
-20.328123 -39.479932
-20.661528 -42.356060
-20.864192 -44.162837
-20.681075 -22.342436
-20.485133 -15.444634
-20.309305 -12.289186
-20.041177 -9.238191
-19.792672 -7.302030
-19.524468 -5.729099
-19.262829 -4.518904
-19.053552 -3.710837
-18.798541 -2.868112
-18.530392 -2.110988
-18.262319 -1.456450
-18.033408 -0.962341
-17.771847 -0.457537
-17.503734 0.004864
-17.229079 0.430349
-16.974063 0.788477
-16.719027 1.116166
-16.444418 1.439550
-16.150149 1.756747
-15.895142 2.010230
-15.620505 2.263739
-15.326233 2.515582
-15.051583 2.734299
-14.790026 2.929543
-14.476133 3.148877
-14.227645 3.312105
-13.979169 3.467033
-13.704545 3.629496
-13.456044 3.769273
-13.201028 3.906196
-12.965659 4.027190
-12.677927 4.168675
-12.429452 4.285634
-12.154789 4.409764
-11.906288 4.517776
-11.644732 4.627405
-11.350460 4.746173
-11.108500 4.840486
-10.807713 4.953868
-10.578821 5.037496
-10.304183 5.135045
-10.036048 5.227564
-9.833331 5.295853
-9.584830 5.377750
-9.284005 5.474409
-9.022385 5.556429
-8.793493 5.626747
-8.538426 5.703632
-8.283321 5.779086
-8.047901 5.847527
-7.720952 5.940830
-7.479030 6.008662
-7.178294 6.091676
-6.949478 6.153938
-6.648755 6.234684
-6.380721 6.305699
-6.138888 6.369065
-5.851246 6.443635
-5.596344 6.509052
-5.341391 6.573912
-5.066805 6.643187
-4.785754 6.713527
-4.530827 6.776884
-4.262806 6.843084
-3.949065 6.920102
-3.674466 6.987141
-3.445662 7.042768
-3.177578 7.107709
-2.889847 7.177165
-2.615235 7.243256
-2.347138 7.307624
-2.098650 7.367174
-1.778254 7.443835
-1.497025 7.511047
-1.235405 7.573531
-0.947649 7.642240
-0.672922 7.707837
-0.424421 7.767171
-0.123634 7.838990
0.098717 7.892080
0.379870 7.959211
0.680682 8.031036
1.001116 8.107546
1.275766 8.173124
1.530756 8.234008
1.831556 8.305829
2.086585 8.366722
2.341588 8.427609
2.629319 8.496311
2.884348 8.557204
3.152458 8.621220
3.414027 8.683675
3.688677 8.749253
3.996017 8.822636
4.264114 8.886649
4.506062 8.944419
4.826495 9.020929
5.081486 9.081813
5.356123 9.147388
5.604612 9.206719
5.898883 9.276982
6.153925 9.337878
6.389345 9.394089
6.670523 9.461226
6.925551 9.522119
7.206729 9.589256
7.514057 9.662636
7.756017 9.720409
8.030680 9.785990
8.305305 9.851562
8.553818 9.910899
8.841511 9.979596
9.096527 10.040502
9.416936 10.117056
9.652368 10.173338
9.972764 10.249991
10.214712 10.307931
10.502417 10.376907
10.757433 10.438128
11.045152 10.507310
11.267504 10.560865
11.587899 10.638196
11.901780 10.714164
12.137174 10.771289
12.411799 10.838120
12.679870 10.903571
12.928333 10.964441
13.229133 11.038429
13.543001 11.116012
13.784961 11.176113
14.046505 11.241391
14.288453 11.302091
14.608861 11.382982
14.876958 11.451148
15.151570 11.521468
15.373871 11.578791
15.668130 11.655261
15.929699 11.723847
16.230511 11.803496
16.465906 11.866448
16.720922 11.935313
16.988981 12.008503
17.289780 12.091695
17.570983 12.170568
17.832514 12.244959
18.087543 12.318537
18.349100 12.395146
18.597562 12.469078
18.859119 12.548220
19.101054 12.622716
19.388811 12.713070
19.663448 12.801223
19.931545 12.889240
20.206170 12.981587
20.474267 13.074059
20.735811 13.166672
20.997393 13.261878
21.265477 13.362364
21.507437 13.455812
21.808224 13.575967
22.109011 13.700985
22.396729 13.825616
22.677857 13.952671
22.926345 14.069772
23.174846 14.191839
23.442955 14.329669
23.750283 14.496382
24.005337 14.642651
24.273446 14.805089
24.567667 14.994866
24.835790 15.179684
25.234671 15.478964
25.476581 15.676877
25.816623 15.979774
26.091299 16.248966
26.405154 16.588388
26.719073 16.968345
27.000263 17.349998
27.320684 17.842707
27.628012 18.386064
27.968067 19.088111
28.340799 20.011928
28.700476 21.098044
29.060127 22.420450
29.380561 23.826109
29.720578 25.554297
30.054080 27.448541
30.341786 29.187845
30.727599 31.584097
30.982602 33.173410
31.329173 35.128408
31.669215 33.589055
31.976555 32.197744
32.310057 30.687999
32.597776 29.385513
32.937806 27.846217
33.304010 26.188429
33.572107 24.974769
33.899069 23.494633
34.082164 22.665768
34.297938 21.688975
34.121293 9.972751
33.879168 6.557559
33.702587 5.267946
33.499819 4.222326
33.172679 3.029384
32.943698 2.402154
32.485647 1.442036
32.197904 0.970387
31.831699 0.467881
31.485142 0.066791
31.132056 -0.285864
30.831244 -0.551204
30.510836 -0.805066
30.144669 -1.065300
29.745800 -1.319029
29.386212 -1.525819
29.006978 -1.725087
28.621164 -1.911043
28.228849 -2.085397
27.744915 -2.283157
27.378736 -2.421943
26.973340 -2.566228
26.659497 -2.671974
26.339152 -2.775147
25.979539 -2.885823
25.633020 -2.987856
25.319190 -3.076752
25.011824 -3.160886
24.671769 -3.250901
24.344821 -3.334685
24.037468 -3.411204
23.762856 -3.477886
23.442422 -3.553850
23.167784 -3.617500
22.840836 -3.691665
22.526981 -3.761350
22.291548 -3.812729
21.971165 -3.881508
21.735771 -3.931266
21.428418 -3.995321
21.108010 -4.061080
20.826806 -4.118006
20.512951 -4.180747
20.257910 -4.231159
19.930936 -4.295102
19.702094 -4.339429
19.420891 -4.393458
19.159309 -4.443312
18.897765 -4.492798
18.583859 -4.551756
18.341911 -4.596901
18.034571 -4.653906
17.759896 -4.704558
17.485271 -4.754949
17.243336 -4.799151
16.949052 -4.852700
16.641712 -4.908396
16.399777 -4.952092
16.157816 -4.995678
15.870123 -5.047369
15.602039 -5.095422
15.353551 -5.139876
15.072398 -5.190089
14.850046 -5.229745
14.575434 -5.278667
14.268133 -5.333356
13.967295 -5.386851
13.712317 -5.432169
13.431177 -5.482124
13.182714 -5.526270
12.973494 -5.563443
12.698920 -5.612228
12.398197 -5.665659
12.117108 -5.715601
11.829453 -5.766710
11.594122 -5.808523
11.319510 -5.857315
11.044949 -5.906097
10.763796 -5.956051
10.528414 -5.997873
10.253828 -6.046660
9.953041 -6.100102
9.639160 -6.155871
9.371051 -6.203507
9.076817 -6.255785
8.841435 -6.297607
8.547151 -6.349894
8.233308 -6.405656
7.965186 -6.453295
7.677467 -6.504415
7.428967 -6.548567
7.134733 -6.600845
6.899300 -6.642676
6.624688 -6.691468
6.343536 -6.741421
6.049302 -6.793699
5.748464 -6.847151
5.499976 -6.891301
5.199190 -6.944743
4.911471 -6.995864
4.617225 -7.048144
4.407954 -7.085326
4.100639 -7.139928
3.825964 -7.188731
3.538245 -7.239852
3.270136 -7.287488
2.988932 -7.337456
2.727376 -7.383956
2.511603 -7.422351
2.178113 -7.481786
1.870774 -7.536701
1.635379 -7.578879
1.347648 -7.630608
1.099160 -7.675462
0.831050 -7.724079
0.517169 -7.781333
0.249072 -7.830568
-0.032131 -7.882585
-0.300215 -7.932576
-0.529082 -7.975597
-0.803745 -8.027690
-1.071842 -8.079071
-1.346505 -8.132314
-1.581925 -8.178480
-1.856575 -8.233015
-2.137740 -8.289664
-2.412390 -8.345873
-2.667419 -8.398907
-2.968206 -8.462586
-3.183992 -8.509081
-3.439033 -8.564977
-3.700602 -8.623440
-4.001414 -8.692211
-4.243400 -8.748819
-4.524553 -8.816140
-4.799190 -8.883633
-5.021504 -8.939612
-5.289588 -9.008829
-5.524970 -9.071250
-5.812714 -9.149802
-6.106935 -9.232867
-6.375083 -9.311177
-6.643167 -9.392142
-6.878574 -9.465598
-7.166280 -9.558585
-7.440943 -9.650895
-7.709002 -9.744573
-7.944409 -9.829972
-8.225599 -9.936098
-8.552548 -10.065575
-8.814105 -10.174249
-9.069121 -10.284912
-9.330652 -10.403587
-9.585681 -10.524741
-9.873399 -10.668365
-10.134968 -10.805823
-10.383495 -10.942985
-10.658094 -11.102552
-10.913135 -11.258885
-11.187773 -11.436710
-11.423167 -11.597572
-11.723980 -11.815459
-11.972430 -12.006717
-12.220943 -12.209136
-12.495568 -12.446848
-12.750584 -12.681924
-12.972948 -12.899131
-13.227964 -13.163441
-13.476427 -13.437917
-13.803389 -13.827158
-14.071486 -14.172557
-14.326476 -14.525315
-14.561909 -14.874005
-14.816938 -15.278988
-15.104643 -15.773346
-15.346578 -16.222988
-15.595054 -16.720387
-15.830420 -17.228040
-16.105102 -17.869984
-16.373213 -18.553396
-16.660928 -19.356235
-16.889801 -20.051603
-17.125231 -20.824472
-17.399843 -21.806655
-17.661399 -22.830477
-17.936064 -24.006906
-18.151855 -25.009549
-18.446114 -26.495677
-18.648867 -27.603610
-18.910464 -29.138392
-19.178568 -30.837150
-19.413960 -32.433971
-19.688631 -34.419232
-19.963286 -36.529596
-20.270718 -39.028030
-20.512681 -41.084267
-20.813448 -43.733958
-21.088120 -46.228099
-21.343151 -48.593320
-21.702861 -51.987156
-21.892501 -53.794781
-22.121395 -55.986594
-22.337141 -58.057766
-22.533314 -59.942115
-23.624663 -70.006295
-23.932172 -68.614219
-24.285320 -67.015540
-24.671169 -65.268823
-25.122502 -63.225660
-25.344811 -62.219282
-25.593264 -61.094551
-25.835190 -59.999365
-26.064056 -58.963298
-26.325624 -57.779194
-26.502178 -56.979944
-26.678707 -56.180808
-26.502149 -34.821832
-26.292973 -23.743405
-26.090284 -18.825382
-25.887533 -15.673407
-25.645594 -12.998816
-25.403656 -10.990247
-25.122429 -9.167637
-24.880486 -7.895897
-24.645070 -6.847285
-24.403103 -5.917712
-24.154582 -5.085929
-23.899559 -4.336168
-23.611835 -3.592330
-23.363323 -3.021567
-23.088700 -2.455197
-22.866341 -2.038951
-22.565601 -1.527552
-22.323632 -1.153502
-22.042473 -0.755191
-21.780891 -0.415449
-21.512793 -0.094426
-21.231621 0.216033
-20.956971 0.496231
-20.682327 0.756061
-20.407721 0.997567
-20.139605 1.217442
-19.864942 1.427907
-19.616448 1.606572
-19.315648 1.809245
-19.086779 1.954295
-18.812119 2.118780
-18.544023 2.270028
-18.308610 2.395837
-18.027432 2.538167
-17.752780 2.669470
-17.465036 2.799477
-17.190414 2.916888
-16.922309 3.025688
-16.680362 3.119271
-16.399177 3.222914
-16.137617 3.314712
-15.836811 3.415169
-15.562161 3.502440
-15.294038 3.583816
-15.025916 3.661659
-14.757781 3.736197
-14.483144 3.809328
-14.175753 3.887575
-13.894498 3.956051
-13.678700 4.006695
-13.436676 4.061643
-13.155422 4.123176
-12.867653 4.183708
-12.560262 4.245831
-12.279008 4.300524
-12.010885 4.350873
-11.696929 4.407747
-11.428781 4.454656
-11.147527 4.502310
-10.833557 4.553754
-10.532682 4.601432
-10.297262 4.637699
-9.937572 4.691467
-9.662884 4.731276
-9.348978 4.775534
-9.080830 4.812365
-8.773503 4.853546
-8.479218 4.892015
-8.204568 4.927124
-7.929905 4.961520
-7.674851 4.992859
-7.354418 5.031470
-7.118998 5.059331
-6.811632 5.095109
-6.504292 5.130256
-6.190399 5.165556
-5.922277 5.195269
-6.164656 -4.624157
-5.968479 2.139088
-5.700370 3.459924
-5.386514 4.249381
-5.105324 4.712664
-4.837201 5.043868
-4.621403 5.260033
-4.281348 5.538210
-3.993629 5.730589
-3.718992 5.887234
-3.483559 6.005020
-3.189313 6.135009
-2.960408 6.225179
-2.633447 6.340298
-2.404593 6.412782
-2.090687 6.503099
-1.796440 6.579586
-1.547914 6.638902
-1.292936 6.695362
-1.011758 6.753080
-0.697878 6.812575
-0.455930 6.855301
-0.161658 6.904012
0.112992 6.946597
0.374536 6.984842
0.668782 7.025455
0.949947 7.062119
1.244219 7.098479
1.440396 7.121678
1.715021 7.152881
1.989671 7.182725
2.257793 7.210667
2.499728 7.234956
2.787421 7.262797
3.062084 7.288413
3.310560 7.310846
3.578670 7.334329
3.840239 7.356576
4.141051 7.381423
4.428769 7.404516
4.677245 7.423977
4.906124 7.441540
5.187290 7.462677
5.488102 7.484803
5.736615 7.502737
5.985091 7.520382
6.246685 7.538676
6.534391 7.558492
6.795948 7.576257
7.090219 7.595987
7.319074 7.611161
7.580630 7.628339
7.842212 7.645360
8.116837 7.663079
8.352269 7.678158
8.633447 7.696049
8.895029 7.712593
9.150096 7.728642
9.437802 7.746663
9.705873 7.763388
9.987064 7.780875
10.268191 7.798313
10.536238 7.814907
10.850029 7.834307
11.176902 7.854498
11.457978 7.871856
11.699837 7.886793
11.987454 7.904555
12.281637 7.922723
12.562688 7.940080
12.830696 7.956632
13.144500 7.976012
13.405955 7.992159
13.634758 8.006289
13.876668 8.021229
14.164348 8.038995
14.406232 8.053933
14.687436 8.071300
14.955520 8.087856
15.236698 8.105221
15.530906 8.123391
15.792475 8.139544
16.080207 8.157314
16.322104 8.172253
16.622941 8.190832
16.871417 8.206177
17.165663 8.224349
17.446854 8.241715
17.728019 8.259079
17.989563 8.275231
18.251106 8.291384
18.532259 8.308747
18.787262 8.324495
19.107734 8.344287
19.401968 8.362458
19.683146 8.379823
19.931621 8.395168
20.199706 8.411724
20.454747 8.427475
20.735887 8.444838
21.043227 8.463818
21.311337 8.480376
21.579421 8.496932
21.808313 8.511068
22.115615 8.530046
22.357537 8.544987
22.664865 8.563967
22.919868 8.579715
23.148734 8.593849
23.429938 8.611216
23.717644 8.628984
23.979238 8.645139
24.279987 8.663713
24.567718 8.681482
24.835815 8.698039
25.110465 8.715001
25.385116 8.731963
25.666255 8.749326
25.960540 8.767500
26.215530 8.783247
26.509777 8.801419
26.777899 8.817978
27.026362 8.833322
27.353285 8.853512
27.660613 8.872492
27.941765 8.889856
28.209850 8.906412
28.523705 8.925795
28.857169 8.946389
29.177590 8.966177
29.452227 8.983138
29.798797 9.004541
30.112678 9.023926
30.446180 9.044522
30.786222 9.065522
31.106631 9.085310
31.427026 9.105097
31.806274 9.128518
32.100545 9.146692
32.434073 9.167290
32.767549 9.187884
33.107579 9.208884
33.460677 9.230690
33.800694 9.251689
33.611045 3.071220
33.421396 2.032611
33.146721 1.191611
32.780529 0.486756
32.381520 -0.046103
32.126314 -0.315792
31.916967 -0.509009
31.393879 -0.913969
30.988521 -1.173648
30.648554 -1.365536
30.328133 -1.529516
29.955427 -1.703640
29.569626 -1.868550
29.183800 -2.020710
28.824161 -2.152982
28.477604 -2.273052
28.131021 -2.386889
27.790991 -2.493301
27.431340 -2.600888
27.137119 -2.685547
26.836357 -2.769301
26.496366 -2.860933
26.189089 -2.941244
25.907911 -3.012849
25.613652 -3.086029
25.286716 -3.165414
24.998998 -3.233748
24.698185 -3.303793
24.371249 -3.378435
24.096599 -3.440042
23.835030 -3.497854
23.547311 -3.560546
23.279202 -3.618176
23.011117 -3.675095
22.710292 -3.738182
22.461817 -3.789710
22.174086 -3.848768
21.919032 -3.900606
21.677097 -3.949361
21.369731 -4.010755
21.095081 -4.065131
20.840078 -4.115238
20.519669 -4.177711
20.258062 -4.228347
19.957174 -4.286200
19.656361 -4.343655
19.375209 -4.397033
19.093993 -4.450133
18.832411 -4.499283
18.551233 -4.551871
18.263502 -4.605441
18.014988 -4.651525
17.720742 -4.705883
17.472279 -4.751620
17.197616 -4.802019
16.864101 -4.863006
16.602545 -4.910685
16.354057 -4.955869
16.079407 -5.005692
15.804769 -5.055398
15.530131 -5.104997
15.275103 -5.150967
15.000440 -5.200390
14.719262 -5.250900
14.444599 -5.300163
14.143800 -5.354036
13.823391 -5.411341
13.587984 -5.453396
13.326415 -5.500084
13.051739 -5.549068
12.757480 -5.601502
12.450115 -5.656232
12.181980 -5.703948
11.940032 -5.746986
11.652263 -5.798154
11.397234 -5.843488
11.089881 -5.898109
10.841368 -5.942268
10.547083 -5.994556
10.278974 -6.042192
10.010864 -6.089828
9.742754 -6.137465
9.474657 -6.185099
9.186939 -6.236219
8.931910 -6.281532
8.644179 -6.332654
8.349932 -6.384935
8.101457 -6.429083
7.833322 -6.476723
7.571765 -6.523196
7.297103 -6.571996
7.015924 -6.621955
6.754343 -6.668431
6.492773 -6.714906
6.231217 -6.761378
5.936945 -6.813662
5.662308 -6.862459
5.387670 -6.911255
5.165344 -6.950757
4.858004 -7.005363
4.570273 -7.056486
4.341406 -7.097150
4.060215 -7.147111
3.798672 -7.193580
3.556698 -7.236573
3.308210 -7.280723
3.040113 -7.328357
2.772004 -7.375994
2.477745 -7.428276
2.216175 -7.474751
1.974240 -7.517736
1.725714 -7.561893
1.405306 -7.618822
0.960628 -7.697830
0.699084 -7.744300
0.430974 -7.791936
0.202095 -7.832603
-0.046406 -7.876755
-0.327597 -7.926716
-0.608825 -7.976683
-0.889978 -8.026637
-1.138491 -8.070797
-1.432763 -8.123106
-1.740090 -8.177769
-1.982051 -8.220840
-2.204377 -8.260452
-2.511704 -8.315276
-2.779827 -8.363185
-3.080601 -8.417031
-3.296374 -8.455738
-3.610280 -8.512182
-3.793363 -8.545184
-4.068001 -8.594815
-4.296867 -8.636302
-4.610748 -8.693408
-4.833074 -8.734017
-5.048809 -8.773562
-5.369192 -8.832563
-5.604624 -8.876148
-5.852998 -8.922357
-6.094870 -8.967598
-6.369469 -9.019274
-6.630975 -9.068819
-6.879412 -9.116213
-7.140892 -9.166461
-7.428560 -9.222210
-7.735837 -9.282343
-7.990853 -9.332743
-8.245818 -9.383613
-8.592414 -9.453593
-8.860498 -9.508427
-9.161272 -9.570737
-9.357423 -9.611852
-9.658198 -9.675682
-9.860940 -9.719276
-10.122497 -9.776234
-10.370985 -9.831141
-10.573690 -9.876538
-10.835259 -9.935972
-11.037989 -9.982734
-11.306061 -10.045561
-11.548021 -10.103296
-11.783390 -10.160452
-12.051525 -10.226831
-12.241149 -10.274635
-12.476556 -10.335031
-12.705410 -10.394922
-12.953860 -10.461330
-13.208889 -10.531096
-13.457339 -10.600716
-13.725436 -10.677796
-13.973927 -10.751168
-14.248544 -10.834560
-14.464297 -10.901885
-14.810881 -11.013610
-15.079000 -11.103288
-15.477970 -11.242460
-15.844262 -11.376841
-16.171273 -11.502704
-16.465549 -11.621167
-16.661705 -11.703082
-16.988676 -11.845288
-17.243694 -11.961495
-17.452967 -12.060599
-17.734157 -12.199477
-18.008806 -12.341958
-18.257319 -12.477199
-18.473119 -12.599894
-18.715133 -12.743758
-18.904793 -12.861465
-19.133668 -13.009753
-19.427969 -13.211304
-19.650288 -13.372388
-19.951090 -13.603647
-20.389060 -13.971096
-20.631019 -14.191731
-21.153900 -14.718551
-21.415493 -15.011524
-21.683624 -15.335294
-21.912463 -15.632531
-22.108601 -15.904225
-22.357075 -16.273196
-22.605536 -16.672880
-22.880160 -17.154879
-23.180916 -17.737831
-23.462130 -18.342505
-23.690956 -18.882813
-23.932860 -19.506985
-24.148646 -20.114823
-24.351336 -20.734135
-24.573690 -21.472512
-24.959478 -22.915958
-25.136060 -23.651419
-25.351864 -24.618170
-25.626497 -25.959828
-25.848897 -27.138131
-26.058216 -28.319985
-26.254488 -29.488526
-26.058011 -13.424600
-25.822443 -9.166643
-25.527992 -6.578521
-25.286035 -5.196879
-25.037529 -4.125573
-24.782493 -3.253675
-24.494773 -2.455108
-24.265905 -1.920615
-23.978193 -1.343062
-23.710085 -0.878523
-23.448514 -0.479496
-23.147727 -0.074089
-22.879592 0.247641
-22.650743 0.497363
-22.376107 0.771157
-22.134148 0.992034
-21.885670 1.201560
-21.617540 1.410343
-21.355992 1.598709
-21.061724 1.794709
-20.780546 1.968029
-20.558224 2.096426
-20.270462 2.252412
-19.995827 2.391571
-19.747361 2.510078
-19.492318 2.625066
-19.230745 2.736589
-18.936479 2.854967
-18.661804 2.959281
-18.426415 3.044314
-18.190986 3.125635
-17.857455 3.234958
-17.602413 3.314262
-17.327770 3.395836
-17.066202 3.470102
-16.817688 3.537784
-16.516858 3.616229
-16.222575 3.689541
-15.980625 3.747458
-15.679788 3.816709
-15.411628 3.876030
-15.091207 3.944148
-14.849221 3.993731
-14.600682 4.043096
-14.312976 4.098385
-14.031735 4.150631
-13.770140 4.197730
-13.502030 4.244598
-13.233908 4.290131
-12.965773 4.334411
-12.678029 4.380619
-12.429515 4.419499
-12.109107 4.468313
-11.860594 4.505214
-11.605578 4.542263
-11.285156 4.587710
-11.017060 4.624850
-10.768546 4.658601
-10.506977 4.693461
-10.238880 4.728527
-9.938068 4.767119
-9.696107 4.797618
-9.414929 4.832490
-9.166428 4.862828
-8.872169 4.898205
-8.604047 4.929956
-8.388248 4.955194
-8.094002 4.989182
-7.773556 5.025672
-7.531621 5.052886
-7.224268 5.087069
-6.982320 5.113692
-6.688061 5.145756
-6.485382 5.167652
-6.197651 5.198491
-5.962256 5.223519
-5.713768 5.249757
-5.412918 5.281291
-5.098999 5.313947
-4.778578 5.347041
-4.523562 5.373225
-4.268546 5.399283
-3.967696 5.429879
-3.568941 5.470215
-3.261589 5.501159
-3.013088 5.526097
-2.744978 5.552932
-2.483409 5.579051
-2.221865 5.605116
-1.921040 5.635042
-1.633309 5.663623
-1.358671 5.690874
-1.097115 5.716809
-0.842099 5.742085
-0.567474 5.769299
-0.325514 5.793277
-0.063945 5.819197
0.256464 5.850949
0.531114 5.878165
0.805751 5.905381
1.073836 5.931947
1.322337 5.956573
1.577353 5.981844
1.865097 6.010358
2.126653 6.036278
2.388222 6.062198
2.643226 6.087468
2.904807 6.113390
3.185998 6.141255
3.408324 6.163287
3.696005 6.191795
3.885667 6.210590
4.193019 6.241047
4.461129 6.267616
4.689996 6.290296
5.010417 6.322048
5.271960 6.347966
5.533530 6.373887
5.801639 6.400456
6.095924 6.429618
6.357480 6.455537
6.632105 6.482752
6.939458 6.513209
7.201027 6.539130
7.482205 6.566994
7.730681 6.591617
8.018386 6.620127
8.279968 6.646049
8.567699 6.674562
8.842337 6.701778
9.117000 6.728996
9.358973 6.752975
9.666326 6.783432
9.954031 6.811943
10.215601 6.837863
10.529494 6.868969
10.817250 6.897485
11.065751 6.922110
11.294631 6.944791
11.621618 6.977195
11.870106 7.001819
12.105488 7.025144
12.399785 7.054308
12.687516 7.082821
12.949110 7.108744
13.269544 7.140498
13.478777 7.161232
13.799172 7.192982
14.073835 7.220201
14.283093 7.240937
14.583893 7.270745
14.819300 7.294073
15.100516 7.321941
15.342476 7.345918
15.623642 7.373781
15.891764 7.400351
16.225279 7.433401
16.486810 7.459318
16.735298 7.483942
17.016476 7.511806
17.304207 7.540319
17.565751 7.566237
17.853419 7.594744
18.134571 7.622605
18.396039 7.648515
18.644426 7.673130
18.905906 7.699041
19.180454 7.726248
19.481140 7.756045
19.729526 7.780659
19.951776 7.802683
20.239406 7.831187
20.468209 7.853860
20.723212 7.879130
21.037055 7.910231
21.272449 7.933557
21.579713 7.964006
21.821635 7.987980
22.096260 8.015194
22.390456 8.044348
22.612744 8.066376
23.018217 8.106557
23.273207 8.131825
23.547845 8.159041
23.835551 8.187552
24.129784 8.216709
24.352085 8.238738
24.692140 8.272437
24.907926 8.293820
25.254445 8.328159
25.568338 8.359265
25.790652 8.381295
26.163346 8.418228
26.405281 8.442203
26.732255 8.474605
27.039570 8.505058
27.327276 8.533569
27.608454 8.561433
27.928887 8.593187
28.242755 8.624290
28.478162 8.647618
28.772422 8.676778
29.112464 8.710475
29.406672 8.739630
29.733608 8.772028
30.014748 8.799888
30.328616 8.830991
30.616347 8.859504
30.943283 8.891902
31.211368 8.918469
31.557925 8.952811
31.852184 8.981971
32.120281 9.008539
32.512584 9.047415
32.878789 9.083704
33.166494 9.112215
33.388821 9.134246
33.212265 3.074895
33.035723 2.042202
32.728395 1.080417
32.453732 0.532214
32.120218 0.043871
31.734366 -0.386373
31.322150 -0.750297
31.060352 -0.946791
30.752771 -1.152347
30.451908 -1.332513
30.210011 -1.465216
29.902747 -1.620873
29.582440 -1.770280
29.255453 -1.911528
28.889249 -2.058421
28.562313 -2.181046
28.281198 -2.280970
27.973934 -2.385093
27.653564 -2.488667
27.372361 -2.575862
27.078115 -2.663789
26.731557 -2.763470
26.437285 -2.845167
26.110311 -2.933107
25.750685 -3.026736
25.495644 -3.091364
25.181763 -3.169071
24.926760 -3.230835
24.632501 -3.300712
24.357851 -3.364687
24.122456 -3.418633
23.854346 -3.479153
23.579722 -3.540194
23.298531 -3.601774
23.056596 -3.654062
22.788461 -3.711313
22.526904 -3.766499
22.245726 -3.825146
21.977604 -3.880461
21.716060 -3.933883
21.454466 -3.986822
21.186369 -4.040598
20.905203 -4.096508
20.650149 -4.146824
20.414742 -4.192945
20.074712 -4.259060
19.826237 -4.307022
19.590791 -4.352213
19.316167 -4.404629
19.008827 -4.462938
18.786488 -4.504904
18.511825 -4.556512
18.217566 -4.611532
17.975631 -4.656575
17.707496 -4.706304
17.419790 -4.759454
17.132046 -4.812410
16.916260 -4.852001
16.589286 -4.911805
16.308083 -4.963071
16.059556 -5.008262
15.758731 -5.062826
15.484018 -5.112532
15.189721 -5.165664
14.928139 -5.212797
14.646948 -5.263372
14.372311 -5.312687
14.123810 -5.357244
13.836078 -5.408767
13.548373 -5.460219
13.260642 -5.511616
12.972923 -5.562958
12.685179 -5.614258
12.443206 -5.657367
12.188215 -5.702768
11.900497 -5.753968
11.599672 -5.807474
11.338103 -5.853979
11.076559 -5.900468
10.828071 -5.944627
10.507663 -6.001559
10.265702 -6.044550
10.017239 -6.088696
9.768751 -6.132846
9.481033 -6.183966
9.160599 -6.240899
8.912123 -6.285047
8.624418 -6.336165
8.375917 -6.380318
8.081658 -6.432600
7.807008 -6.481399
7.551991 -6.526709
7.303478 -6.570864
6.996163 -6.625466
6.721526 -6.674262
6.459969 -6.720734
6.139574 -6.777660
5.904192 -6.819482
5.675363 -6.860139
5.413807 -6.906611
5.139182 -6.955405
4.929950 -6.992581
4.629175 -7.046021
4.367644 -7.092488
4.099535 -7.140125
3.824910 -7.188919
3.530638 -7.241203
3.262516 -7.288842
3.027134 -7.330664
2.752458 -7.379467
2.471268 -7.429427
2.183562 -7.480545
1.967776 -7.518885
1.647342 -7.575818
1.385773 -7.622292
1.130732 -7.667607
0.869175 -7.714079
0.633768 -7.755905
0.319900 -7.811672
0.064846 -7.856988
-0.209791 -7.905785
-0.484442 -7.954583
-0.726364 -7.997567
-1.027189 -8.051016
-1.275690 -8.095173
-1.550327 -8.143989
-1.792237 -8.187010
-2.079968 -8.238217
-2.335022 -8.283654
-2.583510 -8.327973
-2.864676 -8.378193
-3.165488 -8.432027
-3.420529 -8.477767
-3.695141 -8.527134
-3.963251 -8.575464
-4.250957 -8.627489
-4.532185 -8.678527
-4.780648 -8.723786
-5.061826 -8.775213
-5.382235 -8.834115
-5.637289 -8.881254
-5.931535 -8.935940
-6.193104 -8.984849
-6.467754 -9.036532
-6.716230 -9.083601
-6.938569 -9.125988
-7.245921 -9.185034
-7.514031 -9.237001
-7.775600 -9.288146
-7.997939 -9.331990
-8.292224 -9.390581
-8.579942 -9.448525
-8.821890 -9.497793
-9.129217 -9.561142
-9.403893 -9.618538
-9.672002 -9.675322
-9.946602 -9.734312
-10.214712 -9.792777
-10.495904 -9.855079
-10.790157 -9.921433
-11.077863 -9.987538
-11.345973 -10.050309
-11.601004 -10.111136
-11.882201 -10.179552
-12.137229 -10.242905
-12.392252 -10.307578
-12.647280 -10.373659
-12.954598 -10.455288
-13.196547 -10.521194
-13.477738 -10.599735
-13.752382 -10.678604
-13.961605 -10.740210
-14.210082 -10.815195
-14.458586 -10.892287
-14.785555 -10.997151
-15.034042 -11.079645
-15.308682 -11.173849
-15.563713 -11.264375
-15.851441 -11.370300
-16.093379 -11.462706
-16.354955 -11.566301
-16.609977 -11.671259
-16.851949 -11.774725
-17.100400 -11.885183
-17.348891 -12.000251
-17.623533 -12.133195
-17.858956 -12.252352
-18.146662 -12.405036
-18.454032 -12.577516
-18.735210 -12.744588
-18.990215 -12.904515
-19.258337 -13.082095
-19.519896 -13.265502
-19.781451 -13.459915
-20.049562 -13.671748
-20.258834 -13.846742
-20.546578 -14.102543
-20.814723 -14.358366
-21.056716 -14.605261
-21.285625 -14.854244
-21.514538 -15.119738
-21.756488 -15.420137
-21.965726 -15.697979
-22.194580 -16.023038
-22.488811 -16.477196
-22.737235 -16.896324
-22.939870 -17.265313
-23.260225 -17.904749
-23.547845 -18.545368
-23.822433 -19.224416
-24.031604 -19.791511
-24.299638 -20.588708
-24.574200 -21.496766
-24.855331 -22.533244
-25.103774 -23.547377
-25.365307 -24.721217
-25.613727 -25.940845
-25.836019 -27.118961
-26.097591 -28.606618
-26.365662 -30.235918
-26.620625 -31.870671
-26.823292 -33.218858
-27.104462 -35.143771
-27.333277 -36.743120
-27.065180 -15.986398
-26.705452 -10.233166
-26.417701 -7.902283
-26.156094 -6.408770
-25.691796 -4.510794
-25.417154 -3.661645
-25.122894 -2.899211
-24.854774 -2.304603
-24.625922 -1.856638
-24.397049 -1.453731
-24.135472 -1.039524
-23.795434 -0.562269
-23.468481 -0.157163
-23.233071 0.107117
-22.951881 0.396968
-22.736092 0.602565
-22.520286 0.795152
-22.252193 1.018106
-21.997152 1.215178
-21.742109 1.399128
-21.474007 1.579767
-21.199363 1.752623
-20.937789 1.906886
-20.663145 2.058992
-20.401563 2.195307
-20.113850 2.336460
-19.858808 2.454547
-19.584137 2.574947
-19.302978 2.691501
-19.015244 2.804350
-18.753659 2.901743
-18.498617 2.992290
-18.210884 3.089599
-17.936238 3.178040
-17.700800 3.250644
-17.406523 3.337513
-17.144950 3.411352
-16.909541 3.475270
-16.628349 3.548670
-16.307935 3.628662
-16.052898 3.689746
-15.745540 3.760527
-15.470920 3.821319
-15.209350 3.877213
-14.954339 3.929931
-14.653506 3.990010
-14.405026 4.038014
-14.117244 4.091893
-13.901420 4.131158
-13.626744 4.179796
-13.358647 4.225909
-13.044729 4.278300
-12.796266 4.318616
-12.521603 4.362072
-12.253493 4.403429
-11.998477 4.441849
-11.776139 4.474656
-11.534178 4.509666
-11.207204 4.555896
-10.932541 4.593828
-10.638333 4.633605
-10.357091 4.670855
-10.069398 4.708226
-9.833991 4.738286
-9.559341 4.772802
-9.278150 4.807557
-9.029662 4.837809
-8.761552 4.869995
-8.493443 4.901737
-8.212264 4.934580
-7.957249 4.963997
-7.702220 4.993087
-7.447178 5.021870
-7.179094 5.051813
-6.884810 5.084343
-6.623266 5.112975
-6.348616 5.142782
-6.119749 5.167430
-5.851639 5.196102
-5.590070 5.223880
-5.380825 5.245972
-5.047310 5.280969
-4.831537 5.303482
-4.530725 5.334713
-4.262615 5.362414
-3.987978 5.390670
-3.739477 5.416145
-3.477920 5.442875
-3.229445 5.468199
-2.915552 5.500107
-2.660523 5.525974
-2.353196 5.557090
-2.098154 5.582877
-1.823517 5.610619
-1.594650 5.633724
-1.306919 5.662761
-1.006119 5.693116
-0.757618 5.718192
-0.509143 5.743266
-0.254102 5.769003
0.033604 5.798036
0.321323 5.827070
0.563258 5.851484
0.831380 5.878540
1.092949 5.904936
1.334872 5.929349
1.622603 5.958384
