0.000000 0.000000
0.000000 -0.000000
0.427914 10.100213
0.156756 6.433698
-0.235141 1.134587
0.033896 6.923291
0.593141 18.477154
0.188531 11.176509
-0.281749 4.527294
-0.614337 -0.175100
0.186411 17.054108
0.821931 22.730004
1.440497 27.557356
2.054835 32.351704
2.609863 36.683198
2.328113 30.038605
1.853603 18.848073
1.160882 8.371769
0.425793 -0.512343
-0.290220 -9.165914
-0.631279 -13.287868
-1.633284 -25.397864
-2.366251 -34.256343
-3.003893 -41.962732
-2.048497 -21.406057
-1.313409 -5.589594
-0.565607 10.500400
0.173711 20.943273
0.720242 24.894521
1.082497 27.513506
1.573962 31.066635
2.105685 34.910825
2.618334 38.617105
2.353539 32.372356
1.849361 20.482173
1.158748 9.188843
0.419443 0.176465
-0.326238 -8.913632
-1.110043 -18.468491
-1.859953 -27.610142
-2.393785 -34.117732
-3.061081 -42.252296
-2.319642 -26.299204
-1.631175 -11.485872
-0.959637 2.963206
-0.216078 18.439503
0.463918 23.320540
0.840994 26.027204
1.262571 29.053296
1.713776 32.292067
2.184057 35.667761
2.633167 38.891490
2.362010 32.496687
1.855711 20.556486
1.158761 9.152027
0.413080 0.065351
-0.343179 -9.150240
-1.124877 -18.675814
-1.876908 -27.839870
-2.567508 -36.255357
-3.061081 -42.269912
-2.762390 -35.843150
-2.012480 -19.707795
-1.258329 -3.481171
-0.468160 13.520413
0.288100 22.053148
0.885495 26.341847
1.254087 28.987969
1.760385 32.622683
2.279383 36.348569
2.828061 40.287528
3.402140 44.408833
3.980472 48.560682
4.573613 52.818838
5.162537 57.046725
5.762028 61.350468
6.266218 71.470686
5.920918 63.327353
5.399786 51.037326
4.806645 37.049087
4.370248 26.757380
3.724135 13.301471
3.001759 6.341922
2.277262 -0.638061
1.546428 -7.679099
0.834644 -14.536605
0.103797 -21.577765
-0.633413 -28.680225
-1.362138 -35.700952
-2.063318 -42.456291
-2.376843 -45.476868
-3.145828 -52.885460
-3.743211 -58.640792
-4.313060 -64.130859
-4.810887 -68.927050
-5.141341 -72.110726
-5.440045 -74.988515
-5.965406 -80.049972
-6.310706 -83.376681
-5.482412 -65.554775
-5.007889 -55.344752
-4.310939 -40.348884
-3.546208 -23.894636
-2.777211 -7.348574
-2.008238 9.196942
-1.258329 20.136570
-0.512661 24.528878
0.249974 29.021129
0.999884 33.438422
1.756156 37.893195
2.486990 42.198126
3.075902 45.667072
3.586442 48.674374
4.158412 52.043525
4.736732 55.450081
5.215484 58.270138
5.675186 60.977981
6.069203 66.824413
6.444158 75.667098
6.905968 86.558121
6.537363 77.865190
6.005652 65.325673
5.397665 50.987308
4.948580 40.396392
4.251617 23.959672
3.512299 11.260591
2.764498 4.056087
2.025180 -3.066684
1.256208 -10.475154
0.499935 -17.761269
-0.269037 -25.169739
-1.027430 -32.476287
-1.764627 -39.578625
-2.440394 -46.089132
-2.982709 -51.313933
-3.694481 -58.171316
-4.378731 -64.763556
-4.988827 -70.641366
-5.490883 -75.478302
-5.887034 -79.294919
-6.329769 -83.560335
-5.501475 -65.738430
-4.901971 -52.839272
-4.344835 -40.851705
-3.592805 -24.670715
-2.821711 -8.079565
-2.056968 8.374956
-1.302817 19.934048
-0.552907 24.345117
0.222428 28.905742
0.976579 33.341762
1.734960 37.802658
2.478519 42.176376
2.855595 44.394386
3.186062 46.338236
3.649993 49.067141
4.202900 52.319415
4.812995 55.908078
5.391315 59.309834
5.836183 61.926609
6.270460 71.570722
6.643294 80.363389
6.971640 88.106879
6.649644 80.513144
6.156058 68.872750
5.560797 54.834493
5.272697 48.040146
4.503699 29.904614
3.796170 13.995469
3.082265 7.117530
2.362010 0.178413
1.612087 -7.046524
0.874903 -14.148739
0.167348 -20.965501
-0.584683 -28.210749
-1.313409 -35.231476
-1.999767 -41.844027
-2.671305 -48.313790
-3.135224 -52.783294
-3.823703 -59.416278
-4.488879 -65.824741
-5.069319 -71.416851
-5.586209 -76.396698
-5.978119 -80.172449
-6.384849 -84.090989
-5.493004 -64.901699
-4.910442 -52.367068
-4.302468 -39.285647
-3.525012 -22.557595
-2.745448 -5.784181
-1.976476 10.761335
-1.211732 20.638718
-0.459702 25.044327
0.332588 29.685784
1.099452 34.178292
1.866303 38.670726
2.588679 42.902610
2.936100 44.937902
3.332226 47.258519
3.819462 50.112884
4.402023 53.525696
5.014239 57.112233
5.598909 60.537395
6.054382 66.474886
6.450520 75.817152
6.821233 84.559801
7.198309 93.452504
7.575372 102.344908
7.943990 111.038139
8.443925 122.828286
8.890902 133.369483
9.424746 145.959318
9.954349 158.449117
9.384500 145.010176
8.884552 133.219729
8.291411 119.231490
7.891018 109.788889
7.213130 93.802031
6.497117 76.916048
5.770512 59.780275
5.037544 42.494449
4.287634 24.809078
3.556787 11.689200
2.834411 4.729651
2.118385 -2.168722
1.374839 -9.332237
0.669404 -16.128565
-0.040259 -22.965637
-0.739318 -29.700543
-1.090981 -33.088551
-1.970113 -41.558328
-2.677655 -48.374967
-3.370364 -55.048696
-4.067327 -61.763413
-4.713440 -67.988221
-5.249393 -73.151722
-5.709082 -77.580482
-6.300114 -83.274637
-6.908089 -89.209210
-7.227976 -96.092040
-7.585977 -103.794918
-8.119808 -115.281057
-8.704491 -127.861322
-9.284932 -140.350319
-9.867494 -152.884949
-9.376016 -142.310127
-8.757450 -129.000809
-8.094396 -114.734267
-7.594460 -103.977454
-6.859372 -88.160992
-6.107341 -71.980002
-5.368023 -56.072544
-4.611751 -39.800286
-3.832187 -23.026873
-3.075915 -6.754615
-2.315413 9.608638
-1.567612 20.150584
-0.815581 24.394745
-0.065672 28.626937
0.667296 32.763516
1.429918 37.067453
2.056955 40.606202
2.707310 44.276543
3.317405 47.719678
3.997401 51.557306
4.707077 55.562435
5.389194 59.412032
6.060732 66.624641
6.689890 81.462286
7.274573 95.251052
7.734275 106.092357
8.236318 117.932223
8.666366 128.074175
9.034958 136.766807
9.352725 144.260806
9.623869 150.655310
10.058146 160.896999
10.384384 168.590770
9.784867 154.452178
9.282811 142.612012
8.649411 127.674332
8.312594 119.731070
7.507592 100.746432
6.770395 83.360869
6.028957 65.875271
5.291747 48.489408
4.514304 30.154704
3.764394 13.689336
3.022956 6.546132
2.266683 -0.739983
1.506169 -8.066964
0.779564 -15.067258
0.065659 -21.945197
-0.669417 -29.027101
-1.372730 -35.802996
-1.936217 -41.231763
-2.660713 -48.211746
-3.380969 -55.150862
-4.122395 -62.293944
-4.861725 -69.416837
-5.558676 -76.131432
-6.223851 -82.539895
-6.867843 -88.744270
-7.401687 -99.829667
-7.893152 -110.404216
-8.234210 -117.742567
-8.539251 -124.305958
-8.810409 -130.140296
-9.109100 -136.567058
-9.490405 -144.771364
-9.962820 -154.936026
-9.473463 -144.406838
-8.871852 -131.462319
-8.219389 -117.423675
-7.816888 -108.763300
-7.075449 -92.810208
-6.338253 -76.948384
-5.596814 -60.995292
-4.865967 -45.270097
-4.103345 -28.861211
-3.368256 -13.044748
-2.616225 3.136242
-1.889608 18.333368
-1.160882 22.446008
-0.406730 26.702139
0.285979 30.611512
1.014705 34.724152
1.798523 39.147712
2.381072 42.435387
3.016593 46.022014
3.635172 49.513027
4.277030 53.135419
4.959160 56.985088
5.634939 60.798920
6.306464 72.419828
6.931393 87.157737
7.533005 101.345748
8.018132 112.786669
8.494763 124.027218
8.901506 133.619573
9.236215 141.513116
9.570911 149.406360
9.924694 157.749765
10.500881 171.338160
10.820768 178.882177
10.458526 170.339300
10.075088 161.296543
9.526435 148.357482
8.918448 134.019117
8.551964 125.376204
7.770279 106.941463
7.035190 89.605619
6.291644 72.070302
5.550205 54.584703
4.804524 36.999069
4.033418 18.813819
3.258083 8.811412
2.537841 1.872418
1.811223 -5.127998
1.071905 -12.250769
0.345300 -19.251063
-0.385559 -26.292346
-1.112152 -33.292517
-1.692605 -38.884750
-2.381085 -45.517734
-3.097098 -52.415984
-3.830053 -59.477455
-4.577855 -66.681959
-5.312943 -73.763986
-6.005652 -80.437715
-6.647536 -86.621779
-7.310590 -97.869585
-7.827467 -108.990924
-8.301990 -119.200947
-8.647290 -126.630566
-8.992591 -134.060186
-9.297645 -140.623850
-9.623882 -147.643309
-10.034842 -156.485674
-9.496768 -144.908267
-8.867610 -131.371051
-8.210906 -117.241138
-7.882560 -110.176319
-7.037311 -91.989613
-6.285281 -75.808624
-5.539613 -59.764537
-4.798174 -43.811445
-4.029189 -27.265655
-3.272930 -10.993671
-2.514537 5.324221
-1.773111 18.990831
-1.046493 23.091573
-0.288099 27.371643
0.444856 31.508150
1.173594 35.620862
1.982826 40.187842
2.578087 43.547262
3.213608 47.133889
3.853358 50.744382
4.516412 54.486397
5.213363 58.419709
5.878538 62.327893
6.556426 78.314752
7.191947 93.302451
7.816888 108.040659
8.331657 120.180632
8.791346 131.021637
9.198077 140.613692
9.556077 149.056534
9.897148 157.100131
10.229736 164.943656
10.498772 171.288442
10.839831 179.331739
11.204194 187.924635
11.604574 197.366936
12.134177 209.856735
12.591745 211.896779
13.081089 212.434520
13.640359 213.049103
13.165836 201.858272
12.731572 191.616883
12.189257 178.827276
11.640591 165.887915
11.125822 153.747942
10.458514 138.010574
9.729800 120.825083
8.986241 103.289466
8.255394 86.053658
7.492771 68.068479
6.770395 51.032443
6.037428 33.746616
5.308689 16.560526
4.563021 8.895267
3.830066 2.632194
3.128874 -3.359469
2.417089 -9.441638
1.690472 -15.650560
0.959637 -21.895511
0.351650 -27.090738
-0.264808 -32.358348
-1.002005 -38.657668
-1.743443 -44.993234
-2.444623 -50.984788
-3.143695 -56.958328
-3.874554 -63.203496
-4.594809 -69.358048
-5.300231 -75.385849
-6.003531 -81.395526
-6.651765 -86.934656
-7.302119 -97.687322
-7.766050 -107.669447
-8.189722 -116.785344
-8.662111 -126.949459
-8.977757 -133.741020
-9.255265 -139.711987
-9.524314 -145.500964
-9.939515 -154.434597
-10.380142 -163.915293
-10.873727 -174.535477
-11.456289 -187.070108
-12.066384 -200.197163
-12.682830 -206.213310
-13.309879 -207.239493
-13.936929 -208.265677
-14.534312 -209.243310
-14.172070 -201.450639
-13.684834 -190.969069
-13.059905 -177.525393
-12.432868 -164.036365
-11.833365 -151.139649
-11.096155 -135.280554
-10.356837 -119.376107
-9.596336 -103.015951
-8.842185 -86.792398
-8.102867 -70.887951
-7.350836 -54.710024
-6.600914 -38.577449
-5.857367 -22.582024
-5.141354 -7.178911
-4.363898 9.545976
-3.613988 19.477175
-2.855595 22.303238
-2.525128 23.534684
-2.027301 25.389779
-1.298575 28.105290
-0.639762 30.560278
0.097434 33.307355
0.811339 35.967638
1.508290 38.564743
2.230666 41.256592
2.942450 43.908972
3.635172 46.490317
4.344835 49.134794
5.088382 51.905534
5.802287 54.565818
6.497117 57.155019
7.164426 59.641666
7.840180 62.159785
8.492655 73.895791
9.068854 87.481914
9.541269 98.620918
10.087801 111.507522
10.492422 121.048053
10.949991 131.836998
11.344008 141.127487
11.689321 149.269578
11.998592 156.561826
12.329071 164.354158
12.640475 171.696713
13.062026 181.636413
13.360730 188.679517
13.646709 195.422570
14.070393 205.412578
13.515378 192.327088
13.091681 182.337657
12.540920 169.352474
11.909628 154.468635
11.627879 147.825882
10.738155 126.849034
10.030612 110.167445
9.295524 92.836401
8.571039 75.755378
7.806296 57.725176
7.058495 40.094408
6.340361 23.163098
5.622227 12.176010
4.912563 7.426858
4.166883 2.436674
3.463582 -2.269898
2.747556 -7.061631
2.018830 -11.938353
1.285862 -16.843462
0.580428 -21.564312
-0.129223 -26.313380
-0.485115 -28.695053
-1.404506 -34.847729
-2.124761 -39.667763
-2.840761 -44.459325
-3.556800 -49.251142
-4.257980 -53.943521
-5.010010 -58.976200
-5.730265 -63.796234
-6.416624 -68.389430
-7.160171 -73.365335
-7.880439 -78.185454
-8.598573 -82.991295
-9.261627 -87.428534
-9.850552 -91.654493
-10.399204 -103.456255
-10.873727 -113.663450
-11.288928 -122.594609
-11.829123 -134.214431
-12.138406 -140.867247
-12.454052 -147.656928
-12.869266 -156.588360
-13.369201 -167.342194
-13.837361 -177.412524
-14.301292 -187.391885
-14.746148 -196.960925
-14.335176 -188.120736
-13.843711 -177.549115
-13.195478 -163.605329
-12.483706 -148.294809
-11.958345 -136.994064
-11.223269 -121.182255
-10.481818 -105.233308
-9.729800 -89.057073
-8.977770 -72.880564
-8.238452 -56.977512
-7.497013 -41.028838
-6.736512 -24.670117
-5.990819 -8.629927
-5.272684 6.817457
-4.510075 18.997975
-3.751682 21.650292
-2.989059 24.317399
-2.230679 26.969671
-1.951050 27.947612
-1.436281 29.747906
-0.688492 32.363136
-0.012713 34.726530
0.724497 37.304762
1.432027 39.779194
2.175586 42.379634
2.883129 44.854111
3.561017 47.224878
4.266438 49.691938
4.984585 52.203502
5.690019 54.670606
6.397562 57.145083
7.098754 59.597352
7.789342 62.012535
8.509597 74.208126
9.128176 88.792240
9.712846 102.576889
10.265753 115.612675
10.788993 127.949002
11.274107 139.386455
11.693550 149.275578
12.121477 159.364718
12.492177 168.104647
12.841719 176.345733
13.153123 183.687645
13.492061 191.678711
14.064044 205.164233
14.358493 212.106412
13.780160 198.471177
13.333197 187.933198
12.765456 174.547684
12.140527 159.813857
11.871490 153.470828
10.990237 132.693698
10.246678 115.162938
9.503131 97.632477
8.804059 81.150604
8.054137 63.469832
7.289394 45.439630
6.571259 28.508320
5.859488 13.736007
5.156175 9.030595
4.408386 4.027627
3.692373 -0.762753
2.967863 -5.609975
2.258200 -10.357871
1.518895 -15.304081
0.802869 -20.094545
0.091097 -24.856545
-0.631279 -29.689493
-1.167232 -33.275204
-1.881137 -38.051479
-2.586558 -42.770996
-3.294101 -47.504702
-4.037673 -52.479460
-4.774870 -57.411566
-5.495125 -62.230324
-6.213259 -67.034893
-6.929272 -71.825272
-7.668603 -76.771652
-8.388845 -81.590326
-9.077338 -86.196580
-9.742513 -90.646835
-10.373779 -102.909343
-10.935157 -114.984834
-11.416030 -125.328620
-11.810060 -133.804384
-12.129935 -140.685035
-12.509119 -148.841448
-12.858661 -156.360253
-13.157352 -162.785234
-13.566216 -171.580075
-14.019543 -181.331329
-14.464411 -190.900642
-14.883854 -199.923044
-14.453819 -190.672808
-13.941158 -179.645246
-13.295058 -165.747354
-12.589624 -150.573152
-12.098160 -140.001532
-11.390617 -124.781982
-10.640708 -108.651095
-9.886556 -92.428966
-9.151468 -76.616883
-8.420621 -60.896043
-7.683424 -45.038612
-6.920801 -28.634270
-6.183605 -12.776839
-5.452758 2.944001
-4.702848 18.323792
-3.938105 20.998317
-3.192424 23.606173
-2.446757 26.213986
-1.730731 28.718133
-0.913028 31.577870
-0.177952 34.148640
0.468173 36.408323
1.215961 39.023553
1.948917 41.586906
2.645880 44.024385
3.330118 46.417360
4.027068 48.854794
4.751553 51.388521
5.429453 53.759333
6.139117 56.241227
6.833946 58.671244
7.537247 61.130887
8.242681 67.915102
8.886673 83.098366
9.522193 98.081914
10.138639 112.615725
10.668254 125.102365
11.238090 138.537284
11.704142 149.525299
12.127827 159.514431
12.519723 168.754101
12.911633 177.994070
13.269633 186.434574
13.591642 194.026506
14.133944 206.812271
14.445348 213.933708
14.799119 214.322468
15.307539 214.881171
15.820199 215.444535
16.398519 216.080052
16.987418 216.727195
17.548809 217.344108
18.116537 217.967986
17.616589 206.180805
17.188675 196.091964
16.648494 183.356203
16.046856 169.171522
15.644355 159.681832
14.936813 143.000242
14.197495 125.569490
13.424281 107.339572
12.678613 89.759107
11.943525 72.428064
11.157598 53.898420
10.382263 35.618498
9.647174 18.287455
8.943861 11.553410
8.219376 7.586848
7.441921 3.330265
6.713195 -0.659522
5.995060 -4.591318
5.259984 -8.615870
4.482528 -12.872454
3.749561 -16.885464
3.027197 -20.840415
2.313292 -24.749056
1.709534 -28.054641
0.989292 -31.997979
0.247853 -36.057368
-0.493598 -40.116826
-1.239266 -44.199369
-1.978584 -48.247146
-2.707310 -52.236932
-3.436036 -56.226718
-4.179595 -60.297719
-4.933747 -64.426710
-5.662485 -68.416566
-6.361544 -72.243924
-7.126288 -76.430905
-7.861364 -80.455457
-8.556206 -84.259731
-9.200197 -87.785595
-9.772155 -90.917069
-10.312349 -101.587959
-10.746626 -110.929438
-11.079213 -118.083544
-11.445697 -125.966775
-11.786756 -133.303094
-12.136298 -140.821899
-12.481585 -148.249188
-12.901028 -157.271590
-13.394614 -167.888832
-13.862787 -177.959436
-14.354251 -188.531056
-14.818182 -198.510417
-15.265159 -208.125079
-15.909150 -211.493269
-16.584917 -212.599180
-17.250105 -213.687778
-17.947043 -214.828335
-18.646115 -215.972384
-19.268923 -216.991626
-18.944819 -210.022557
-18.510542 -200.684496
-17.944935 -188.522487
-17.250093 -173.581589
-16.754386 -162.922627
-16.051073 -147.799583
-15.296934 -131.583662
-14.566087 -115.868575
-13.822540 -99.880405
-13.074739 -83.800752
-12.360846 -68.450230
-11.636350 -52.871684
-10.909745 -37.247807
-10.183127 -21.623656
-9.426867 -5.362130
-8.696020 10.352957
-7.969402 18.977571
-7.204672 20.663455
-6.461112 22.302667
-5.721794 23.932528
-4.999418 25.525040
-4.221963 27.238978
-3.476295 28.882837
-2.724264 30.540724
-2.014601 32.105210
-1.283754 33.716396
-0.550786 35.332258
0.177952 36.938796
0.885482 38.498579
1.609979 40.095766
2.309038 41.636874
3.014485 43.192065
3.722014 44.751847
4.446511 46.349035
5.177358 47.960221
5.859475 49.463980
6.571259 51.033141
7.263981 52.560278
7.994815 54.171437
8.662124 55.642550
9.295524 57.038910
9.952228 58.486645
10.579265 59.868978
11.210557 61.260690
11.765572 62.484247
12.305767 63.675131
12.803581 68.557260
13.326834 80.889373
13.784402 91.673425
14.278000 103.306635
14.780057 115.139190
15.252459 126.272842
15.659189 135.858732
16.063798 145.394636
16.404869 153.433063
16.822191 163.268583
17.197146 172.105584
17.500092 179.245465
17.870805 187.982495
18.220334 196.220267
18.690615 207.303933
18.135600 194.224831
17.703444 184.040956
17.195025 172.059909
16.572230 157.383553
15.960014 142.956497
15.468524 131.374389
14.782165 115.200140
14.038618 97.678237
13.290817 80.056076
12.540907 62.384233
11.810060 45.161610
11.058030 27.439788
10.284816 13.537567
9.575152 10.407687
8.869718 7.296459
8.143113 4.091860
7.386841 0.756417
6.670827 -2.401468
5.944222 -5.606068
5.226075 -8.773363
4.476166 -12.080744
3.755911 -15.257337
3.018714 -18.508650
2.298459 -21.685244
1.580324 -24.852483
0.840994 -28.113206
0.332588 -30.355468
-0.400380 -33.588129
-1.131227 -36.811436
-1.809115 -39.801175
-2.516657 -42.921700
-3.262338 -46.210429
-3.988943 -49.415029
-4.743094 -52.741117
-5.473941 -55.964424
-6.194196 -59.141018
-6.944106 -62.448399
-7.698257 -65.774487
-8.422754 -68.969789
-9.134526 -72.108966
-9.861144 -75.313622
-10.591978 -78.536873
-11.267745 -81.517257
-11.956237 -84.553765
-12.562091 -87.225805
-13.083222 -89.524191
-13.572566 -91.682379
-13.936929 -93.289355
-14.290700 -94.980346
-14.676247 -102.773158
-15.080869 -110.951530
-15.474887 -118.915560
-15.964230 -128.806359
-16.489591 -139.425151
-17.012844 -150.001331
-17.550905 -160.876820
-18.076266 -171.495612
-18.591035 -181.900318
-19.078270 -191.748505
-19.546430 -201.211133
-19.188430 -193.514148
-18.690603 -182.810890
-18.072024 -169.511480
-17.353902 -154.071910
-16.843362 -143.095330
-16.140062 -127.974408
-15.349893 -110.985829
-14.631759 -95.545986
-13.877607 -79.331775
-13.131940 -63.299961
-12.398972 -47.541196
-11.655412 -31.554708
-10.922444 -15.795944
-10.178898 0.190271
-9.418396 16.541007
-8.674837 19.581420
-7.933398 21.140518
-7.160184 22.766433
-6.412395 24.338883
-5.645531 25.951445
-4.897742 27.523896
-4.230434 28.927113
-3.344951 30.789105
-2.569616 32.419480
-1.821828 33.991930
-1.093089 35.524322
-0.368605 37.047768
0.370726 38.602433
1.129093 40.197129
1.879016 41.774066
2.586558 43.261886
3.289871 44.740814
4.035552 46.308831
4.787570 47.890174
5.473941 49.333477
6.219609 50.901467
6.927164 52.389314
7.647407 53.903840
8.399437 55.485210
9.041320 56.834963
9.744621 58.313864
10.430980 59.757140
11.168190 61.307344
11.841836 62.723888
12.456160 64.015689
13.045097 74.135686
13.589521 86.965190
14.127582 99.644755
14.655063 112.075020
15.127478 123.207610
15.591396 134.139982
16.074390 145.521872
16.572217 157.253320
17.014965 167.686794
17.296714 174.326304
17.680140 183.361844
18.019090 191.349309
18.372849 199.685733
18.690615 207.173999
19.052870 215.710641
18.769000 209.021151
18.427941 200.984006
17.980952 190.450573
17.432299 177.521410
16.820070 163.094054
16.220567 148.966576
15.724861 137.285108
15.036394 121.061179
14.280109 103.239099
13.517486 85.267678
12.778181 67.845734
12.040972 50.473171
11.305883 33.150588
10.560215 15.578705
9.822993 11.477118
9.106992 8.319990
8.410029 5.246806
7.653769 1.912161
6.910210 -1.366485
6.196305 -4.514373
5.471820 -7.708908
4.736732 -10.950202
4.001643 -14.191496
3.255962 -17.479494
2.535707 -20.655381
1.813344 -23.840564
1.076147 -27.091154
0.353771 -30.276393
-0.154648 -32.518212
-0.879132 -35.712747
-1.601508 -38.897986
-2.258225 -41.793709
-2.978467 -44.969540
-3.717798 -48.229538
-4.482528 -51.601535
-5.223967 -54.870829
-5.931522 -57.990716
-6.677190 -61.278658
-7.422871 -64.566656
-8.149476 -67.770542
-8.890914 -71.039836
-9.617520 -74.243723
-10.346246 -77.456962
-11.062271 -80.614201
-11.788877 -83.818088
-12.460415 -86.779162
-13.117106 -89.674773
-13.735685 -92.402329
-14.252562 -94.681444
-14.684718 -102.944375
-14.998243 -109.281458
-15.379560 -116.988791
-15.832887 -126.151597
-16.231146 -134.201363
-16.709911 -143.878333
-17.216196 -154.111566
-17.743691 -164.773483
-18.256339 -175.135321
-18.762637 -185.368811
-19.271044 -195.644912
-19.703199 -204.379803
-19.309169 -195.908177
-18.811354 -185.205192
-18.190655 -171.860183
-17.500067 -157.012583
-16.991647 -146.081603
-16.303168 -131.279329
-15.536316 -114.792069
-14.796999 -98.896780
-14.066152 -83.183614
-13.331063 -67.379250
-12.589637 -51.438635
-11.856669 -35.679870
-11.132172 -20.103229
-10.397084 -4.298865
-9.647174 11.824148
-8.897264 19.133033
-8.157947 20.687007
-7.399566 22.281049
-6.639052 23.879575
-5.887022 25.460270
-5.154054 27.000896
-4.382973 28.621632
-3.732619 29.988614
-2.811107 31.925542
-2.071789 33.479516
-1.309167 35.082473
-0.565620 36.645336
0.099568 38.043496
0.853707 39.628622
1.605737 41.209317
2.351405 42.776638
3.078035 44.303944
3.794036 45.808908
4.527017 47.349561
5.251501 48.872356
5.952693 50.346194
6.656007 51.824490
7.376249 53.338369
8.100746 54.861191
8.793455 56.317197
9.445930 57.688636
10.159835 59.189195
10.884319 60.711990
11.581270 62.176912
12.269749 63.624030
12.917983 71.140200
13.542912 85.866835
14.114882 99.345475
14.678381 112.624496
15.193137 124.754884
15.650718 135.537916
16.123120 146.670206
16.570096 157.203340
17.057332 168.685189
17.478896 178.619465
17.819954 186.656610
18.154663 194.544115
18.476658 202.132041
18.836792 210.618704
19.175743 218.606168
19.614236 219.613810
20.173506 220.228393
20.732750 220.842948
21.277186 221.441230
21.883053 222.107018
22.425355 222.702956
22.916833 223.243041
22.399930 211.062076
22.022867 202.176475
21.533510 190.644646
20.997558 178.014762
20.355674 162.888589
20.082408 156.448997
19.243523 136.680404
18.508434 119.357821
17.769116 101.935578
16.991673 83.614898
16.237509 65.842798
15.513025 48.770113
14.807590 32.146347
14.051318 14.498006
13.318363 11.670277
12.579045 8.818000
11.854548 6.022903
11.125810 3.211441
10.348366 0.212077
9.619628 -2.599385
8.903614 -5.361753
8.174888 -8.173166
7.401687 -11.156165
6.664477 -14.000308
5.933630 -16.819903
5.207013 -19.623183
4.478287 -22.434596
3.734727 -25.303237
3.003880 -28.122833
2.512416 -30.018896
1.817573 -32.699586
1.076147 -35.559996
0.332588 -38.428637
-0.406743 -41.280962
-1.167244 -44.214965
-1.900199 -47.042694
-2.635288 -49.878654
-3.378848 -52.747295
-4.029189 -55.256303
-4.787583 -58.182171
-5.524779 -61.026265
-6.245035 -63.804998
-6.994944 -66.698137
-7.730033 -69.534098
-8.471471 -72.394556
-9.193835 -75.181422
-9.920453 -77.984702
-10.649179 -80.796115
-11.318596 -83.378715
-11.949874 -85.814179
-12.570562 -88.208780
-13.078981 -90.170253
-13.462406 -91.649503
-13.773810 -92.850895
-14.176312 -94.403738
-14.619046 -101.616994
-15.040610 -110.137800
-15.468524 -118.786955
-15.976943 -129.063313
-16.534079 -140.324361
-17.089095 -151.542541
-17.661064 -163.103411
-18.197017 -173.936289
-18.735091 -184.812034
-19.228676 -194.788570
-19.675666 -203.823284
-20.215847 -214.741641
-20.866189 -219.605595
-21.537727 -220.704585
-22.221965 -221.824358
-22.887140 -222.912935
-23.558665 -224.011904
-24.158181 -224.993028
-23.836185 -218.072908
-23.384954 -208.375350
-22.810876 -196.037643
-22.124530 -181.287148
-21.469934 -167.219002
-20.906435 -155.108655
-20.169251 -139.265580
-19.432041 -123.421959
-18.660948 -106.850135
-17.902568 -90.551524
-17.159008 -74.571433
-16.415449 -58.591343
-15.635884 -41.837467
-14.894446 -25.902958
-14.161478 -10.150499
-13.424281 5.692848
-12.636233 18.503867
-11.888432 19.680582
-11.125810 20.880618
-10.373779 22.063987
-9.602686 23.277352
-8.840064 24.477388
-8.088033 25.660757
-7.323290 26.864131
-6.550089 28.080813
-5.793816 29.270857
-5.043907 30.450889
-4.266451 31.674267
-3.486887 32.900962
-2.713672 34.117664
-2.037905 35.181028
-1.273162 36.384401
-0.525374 37.561096
0.237261 38.761151
0.991400 39.947838
1.734972 41.117897
2.457336 42.254583
3.179699 43.391269
3.906330 44.534670
4.660468 45.721356
5.372252 46.841395
6.100978 47.988093
6.823354 49.124799
7.547851 50.264842
8.274444 51.408182
8.950223 52.471566
9.647174 53.568263
10.335666 54.651651
11.106760 55.865016
11.812181 56.975043
12.475248 58.018422
13.144652 59.071774
13.788644 60.085136
14.402981 61.051836
14.998243 61.988519
15.538437 62.838550
16.087115 63.701931
16.633660 64.561955
17.133595 65.348636
17.682274 68.712550
18.213984 81.237461
18.728753 93.363293
19.235052 105.289586
19.713816 116.567300
20.196797 127.944336
20.656499 138.773013
21.097113 149.152053
21.525039 159.232232
21.916949 168.463995
22.260116 176.547584
22.658375 185.928927
23.033342 194.761611
23.493032 205.589988
22.914712 191.969075
22.480435 181.740753
21.972016 169.766183
21.393696 156.145270
20.764525 141.326690
20.410767 132.994773
19.631190 114.633745
18.893981 97.270573
18.152555 79.808094
17.394161 61.945995
16.648481 44.383311
15.938818 27.668926
15.210092 13.951782
14.470761 11.442663
13.725093 8.912036
12.998488 6.446104
12.259170 3.937028
11.543144 1.507000
10.801706 -1.009274
10.026371 -3.640584
9.312478 -6.063372
8.596452 -8.493401
7.852905 -11.016829
7.079678 -13.640984
6.344602 -16.135665
5.615864 -18.608837
4.899838 -21.038866
4.160533 -23.547899
3.416973 -26.071371
2.684005 -28.558896
1.946808 -31.060774
1.207478 -33.569893
0.489344 -36.007077
0.031775 -37.559959
-0.707542 -40.069035
-1.468057 -42.650046
-2.188299 -45.094384
-2.923388 -47.589108
-3.662718 -50.098227
-4.327893 -52.355679
-5.084153 -54.922252
-5.785333 -57.301896
-6.545847 -59.882907
-7.285164 -62.391983
-8.032953 -64.929807
-8.770163 -67.431728
-9.509481 -69.940804
-10.250919 -72.457078
-11.013542 -75.045244
-11.733797 -77.489625
-12.466765 -79.977151
-13.187020 -82.421532
-13.867028 -84.729327
-14.553387 -87.058672
-15.216442 -89.308927
-15.883738 -91.573577
-16.445103 -93.478724
-16.911155 -95.060397
-17.273397 -96.289764
-17.629289 -97.497581
-18.095341 -101.328733
-18.607989 -109.905763
-19.057087 -117.419536
-19.573977 -126.067536
-20.122629 -135.246952
-20.692478 -144.780999
-21.275040 -154.527741
-21.870314 -164.487177
-22.429572 -173.844015
-22.976116 -182.988159
-23.469702 -191.246255
-23.969637 -199.610591
-24.452644 -207.691690
-24.092510 -199.953018
-23.609516 -189.574295
-23.018483 -176.873998
-22.346958 -162.444050
-21.666949 -147.831804
-21.141588 -136.542681
-20.410742 -120.838009
-19.684124 -105.224214
-18.942698 -89.292215
-18.184304 -72.995620
-17.464062 -57.518821
-16.743807 -42.041750
-15.983293 -25.699580
-15.220671 -9.312108
-14.517370 5.800639
-13.773810 18.432408
-13.006946 19.596923
-12.257037 20.735693
-11.500777 21.884105
-10.748747 23.026095
-10.005174 24.155241
-9.251048 25.300413
-8.505368 26.432760
-7.757566 27.568328
-7.011886 28.700675
-6.204788 29.926287
-5.446395 31.077939
-4.709198 32.197404
-3.955047 33.342614
-3.192424 34.500689
-2.436152 35.649120
-1.701076 36.765364
-1.059205 37.740071
-0.288112 38.911009
0.446977 40.027272
1.196886 41.166041
1.967979 42.336979
2.705189 43.456463
3.436036 44.566285
4.149941 45.650380
4.927384 46.830960
5.620106 47.882887
6.323419 48.950898
7.035203 50.031772
7.768158 51.144795
8.505355 52.264260
9.138755 53.226104
9.818764 54.258726
10.522077 55.326737
11.244453 56.423695
11.943525 57.485265
12.638354 58.540393
13.335305 59.598742
14.057681 60.695700
14.771586 61.779795
15.411336 62.751282
16.048977 63.719568
16.678148 64.674990
17.254347 65.549973
17.792421 71.183724
18.319902 83.607270
18.815609 95.282423
19.315544 107.057183
19.817601 118.881895
20.372629 131.954227
20.847152 143.130453
21.262353 152.909501
21.694508 163.087870
22.080055 172.168479
22.459252 181.099529
22.815144 189.481698
23.179507 198.063379
23.560824 207.044381
23.937887 215.925180
23.310850 201.156852
22.859619 190.529208
22.330029 178.056009
21.755938 164.534702
21.092884 148.918077
20.804784 142.132597
19.938352 121.725905
19.203276 104.412984
18.449125 86.650790
17.709807 69.237965
16.968356 51.774888
16.239630 34.611526
15.515133 17.547771
14.786407 12.493758
14.051318 9.999487
13.307771 7.476516
12.570574 4.975092
11.854548 2.545504
11.115230 0.036883
10.346258 -2.572360
9.613290 -5.059434
8.888794 -7.517765
8.162176 -9.983293
7.405916 -12.549400
6.653873 -15.101200
5.942101 -17.516352
5.213375 -19.989033
4.482528 -22.468911
3.736848 -24.999122
2.993288 -27.522136
2.256092 -30.023560
1.533716 -32.474695
0.802869 -34.954572
0.057201 -37.484740
-0.699071 -40.050890
-1.110043 -41.445382
-1.834528 -43.903670
-2.571737 -46.405137
-3.308934 -48.906562
-4.048252 -51.415183
-4.728261 -53.722559
-5.450624 -56.173650
-6.177242 -58.639178
-6.929272 -61.190935
-7.679182 -63.735496
-8.420621 -66.251313
-9.155709 -68.745584
-9.897148 -71.261401
-10.636466 -73.770022
-11.392738 -76.336172
-12.136298 -78.859186
-12.875616 -81.367807
-13.600100 -83.826095
-14.288580 -86.162214
-15.004593 -88.591759
-15.680373 -90.884785
-16.409098 -93.357466
-17.076382 -95.621663
-17.631410 -97.504960
-18.088978 -101.222280
-18.531726 -108.629812
-18.891847 -114.654939
-19.385432 -122.913035
-19.889610 -131.348340
-20.328128 -138.685116
-20.864081 -147.652050
-21.431809 -157.150613
-22.010116 -166.826174
-22.563023 -176.076771
-23.101109 -185.079402
-23.617987 -193.727189
-24.113681 -202.020557
-24.592445 -210.030687
-24.170881 -200.971989
-23.675175 -190.320092
-23.069321 -177.301319
-22.380854 -162.507320
-21.749575 -148.942197
-21.192439 -136.970275
-20.446746 -120.946581
-19.692595 -104.741135
-18.949048 -88.763562
-18.192775 -72.512541
-17.459820 -56.762568
-16.739565 -41.285496
-15.972701 -24.806876
-15.207958 -8.373830
-14.487716 7.102969
-13.735685 18.536952
-12.960350 19.713176
-12.221020 20.834779
-11.458410 21.991697
-10.706379 23.132567
-9.941636 24.292722
-9.185364 25.440027
-8.437575 26.574461
-7.687666 27.712113
-7.323303 28.264871
-6.850888 28.981549
-6.086157 30.141685
-5.344719 31.266486
-4.588446 32.413791
-3.817353 33.583579
-3.050502 34.746933
-2.304809 35.878188
-1.544307 37.031909
-0.794410 38.169541
-0.167361 39.120809
0.586791 40.264896
1.347305 41.418635
2.101444 42.562703
2.866187 43.722858
3.597034 44.831591
4.357535 45.985312
5.111687 47.129399
5.817108 48.199560
6.524663 49.272958
7.251268 50.375256
8.005420 51.519343
8.719325 52.602374
9.359075 53.572908
10.053904 54.627001
10.791101 55.745367
11.521948 56.854100
12.233745 57.933933
12.945529 59.013747
13.665771 60.106392
14.388160 61.202294
15.114765 62.304591
15.775711 63.307281
16.464178 64.351722
17.106062 65.325492
17.764874 70.534938
18.353799 84.405614
18.849492 96.080469
19.364274 108.204897
19.849376 119.630287
20.374737 132.003880
20.866214 143.579428
21.368271 155.404140
21.821610 166.081438
22.245295 176.060297
22.622370 184.941394
22.993096 193.672932
23.389222 203.002706
23.709109 210.536877
24.075593 219.168511
24.533161 225.019229
25.075477 225.615181
25.696164 226.297255
26.219404 226.872245
26.823149 226.993296
27.382419 226.371761
27.954389 225.736112
27.450212 213.861447
27.060423 204.680933
26.568959 193.105684
26.024522 180.282817
25.397473 165.514190
24.946254 154.886845
24.259896 138.721339
23.531157 121.557679
22.798202 104.294712
22.073705 87.230956
21.366150 70.566224
20.633195 53.303256
19.881164 35.591014
19.156667 18.527259
18.419470 12.793941
17.692853 10.568860
16.928109 8.227029
16.207854 6.021432
15.464307 3.744509
14.746161 1.545368
13.992022 -0.763989
13.233629 -3.086374
12.498540 -5.337396
11.767693 -7.575428
11.019904 -9.865339
10.248798 -12.226654
9.520072 -14.458191
8.799817 -16.663789
8.056258 -18.940750
7.291514 -21.282580
6.539497 -23.585443
5.810758 -25.817019
5.067198 -28.093980
4.334231 -30.338507
3.588563 -32.621924
2.853474 -34.872945
2.109914 -37.149906
1.544307 -38.881934
1.002005 -40.542597
0.258445 -42.819559
-0.497827 -45.135449
-1.241387 -47.412410
-1.984934 -49.689333
-2.724264 -51.953344
-3.469945 -54.236800
-4.226204 -56.552651
-4.980356 -58.862047
-5.698490 -61.061150
-6.454762 -63.377040
-7.200430 -65.660457
-7.846543 -67.639012
-8.596452 -69.935418
-9.325178 -72.166956
-10.070859 -74.450412
-10.810177 -76.714383
-11.581270 -79.075659
-12.312117 -81.313691
-13.042964 -83.551723
-13.756856 -85.737836
-14.405089 -87.722885
-15.070265 -89.759814
-15.733332 -91.790287
-16.341306 -93.652054
-16.807358 -95.079219
-17.169587 -96.188454
-17.523371 -97.271826
-18.014848 -99.982025
-18.561380 -109.125956
-19.105804 -118.234616
-19.576097 -126.103020
-20.071791 -134.396388
-20.641640 -143.930436
-21.228444 -153.748146
-21.838539 -163.955548
-22.423222 -173.737774
-22.993058 -183.271609
-23.526890 -192.203059
-24.022596 -200.496639
-24.497119 -208.435800
-25.058484 -217.827910
-25.704610 -227.523799
-26.367664 -228.608905
-27.032839 -229.697482
-27.719198 -230.820726
-28.397073 -231.930087
-29.005060 -232.605426
-28.642818 -224.824890
-28.191600 -215.133250
-27.615401 -202.757171
-26.945984 -188.378879
-26.276567 -174.000587
-25.797815 -163.717557
-25.079681 -148.292877
-24.340350 -132.412925
-23.615866 -116.851854
-22.887153 -101.199946
-22.147822 -85.319994
-21.378837 -68.803098
-20.641653 -52.969246
-19.898093 -36.998457
-19.148171 -20.891006
-18.385561 -4.511046
-17.631410 11.687242
-16.879379 18.709070
-16.123107 19.601967
-15.839249 19.937105
-15.237612 20.647431
-14.508886 21.507805
-13.763219 22.388181
-12.987884 23.303584
-12.240095 24.186465
-11.490185 25.071849
-10.748747 25.947233
-9.990353 26.842634
-9.240444 27.728018
-8.488413 28.615907
-7.740612 29.498802
-6.967410 30.411686
-6.215367 31.299590
-5.471820 32.177462
-4.711319 33.075352
-3.957155 33.965760
-3.234792 34.818622
-2.607754 35.558936
-1.853603 36.449329
-1.120635 37.314711
-0.338950 38.237612
0.406730 39.118003
1.167232 40.015893
1.923491 40.908775
2.660701 41.779165
3.397910 42.649555
4.130865 43.514922
4.891380 44.412827
5.613756 45.265704
6.323419 46.103572
7.020357 46.926415
7.759687 47.799309
8.511718 48.687198
9.149359 49.440033
9.835705 50.250371
10.534790 51.075748
11.269866 51.943619
11.979542 52.781502
12.706147 53.639372
13.409447 54.469727
14.150886 55.345111
14.885975 56.212997
15.563863 57.013349
16.265042 57.841200
16.932339 58.629046
17.616589 59.436910
18.207622 60.134716
18.805004 60.840019
19.345212 61.477817
19.912940 62.148108
20.478547 62.815895
20.997558 63.428668
21.567407 64.101463
22.128785 64.764257
22.709226 65.449558
23.230357 71.970486
23.715459 83.390829
24.236591 95.659395
24.757723 107.927960
25.247067 119.448165
25.740652 131.068231
26.193991 141.740812
26.638847 152.213671
27.030769 161.440359
27.416315 170.516957
27.816683 179.942470
28.248839 190.116344
28.712770 201.038279
28.441612 194.655443
28.070899 185.929155
27.645093 175.906030
27.128203 163.738852
26.571067 150.624307
25.895300 134.717291
25.486449 125.093262
24.753481 107.839784
24.037468 90.985402
23.285425 73.282905
22.569411 56.428522
21.840685 39.274893
21.126780 22.470136
20.404404 13.532957
19.639661 11.549334
18.932119 9.714081
18.203380 7.823848
17.457699 5.889670
16.716273 3.966528
15.987535 2.076295
15.246109 0.153154
14.502536 -1.775555
13.735685 -3.764647
12.998488 -5.676819
12.248566 -7.621999
11.521948 -9.506731
10.780522 -11.429873
9.990353 -13.479445
9.280690 -15.320200
8.535022 -17.254344
7.787221 -19.194023
7.039432 -21.133668
6.300102 -23.051375
5.556555 -24.980018
4.827829 -26.870218
4.086377 -28.793426
3.344939 -30.716601
2.597150 -32.656246
1.868424 -34.546446
1.129093 -36.464153
0.374955 -38.420270
-0.374955 -40.365417
-0.688480 -41.178651
-1.417218 -43.068884
-2.148053 -44.964552
-2.900083 -46.915200
-3.635172 -48.821904
-4.368140 -50.723107
-5.096866 -52.613307
-5.863717 -54.602398
-6.605156 -56.525573
-7.344486 -58.443280
-8.085912 -60.366421
-8.840064 -62.322571
-9.515831 -64.075404
-10.253040 -65.987609
-11.007179 -67.943726
-11.752859 -69.877903
-12.500661 -71.817582
-13.256920 -73.779199
-13.972934 -75.636425
-14.703793 -77.532159
-15.436748 -79.433329
-16.188779 -81.383977
-16.906913 -83.246704
-17.582680 -84.999537
-18.313527 -86.895238
-18.995657 -88.664575
-19.620573 -90.285508
-20.109929 -91.554822
-20.567498 -92.741681
-20.948815 -93.730759
-21.455113 -95.044016
-22.003779 -101.472643
-22.577857 -109.202617
-23.156177 -116.989707
-23.634929 -123.436112
-24.183594 -130.823903
-24.791581 -139.010463
-25.397435 -147.168293
-25.973634 -154.926825
-26.560437 -162.828147
-27.134515 -170.558121
-27.678952 -177.888967
-28.204312 -184.962963
-28.723311 -191.951285
-29.223259 -198.683098
-28.769920 -188.947124
-28.265742 -178.119345
-27.666239 -165.244327
-26.973517 -150.367347
-26.340130 -136.764640
-25.818998 -125.572743
-25.086043 -109.831701
-24.346713 -93.953739
-23.611624 -78.166875
-22.874440 -62.335008
-22.116047 -46.047654
-21.349195 -29.578650
-20.586560 -13.200198
-19.843013 2.768316
-19.076162 18.233710
-18.292343 19.119499
-17.529721 19.981334
-16.784041 20.824023
-15.843491 21.886932
-15.072385 22.758354
-14.330947 23.596250
-13.570445 24.455688
-12.816294 25.307950
-12.045201 26.179358
-11.301641 27.019651
-10.543261 27.876692
-9.770046 28.750497
-9.007424 29.612332
-8.255394 30.462197
-7.499134 31.316842
-6.732270 32.183470
-5.954814 33.062069
-5.230330 33.880804
-4.467695 34.742653
-3.878783 35.408179
-3.107690 36.279587
-2.340826 37.146216
-1.588808 37.996067
-0.821944 38.862695
-0.044488 39.741294
0.722363 40.607908
1.487107 41.472140
2.243379 42.326799
2.995409 43.176664
3.736848 44.014560
4.518533 44.897937
5.264214 45.740627
5.988710 46.559376
6.700482 47.363745
7.433450 48.192068
8.213014 49.073049
8.909977 49.860683
9.579394 50.617187
10.261511 51.388044
11.028375 52.254672
11.735918 53.054262
12.445568 53.856234
13.174307 54.679777
13.905154 55.505703
14.665655 56.365141
15.383802 57.176715
16.099815 57.985877
16.820070 58.799833
17.567859 59.644905
18.264823 60.432539
18.963894 61.222556
19.626948 61.971870
20.287894 62.718801
20.889519 63.398693
21.469960 64.054646
22.035567 64.693835
22.594824 65.325849
23.160444 70.205714
23.706988 83.070936
24.247183 95.786683
24.789486 108.552057
25.333922 121.367653
25.810566 132.587466
26.295668 144.006378
26.772311 155.226191
27.215059 165.648112
27.632393 175.471838
28.028519 184.796321
28.405607 193.672681
28.795383 202.847691
29.227551 213.020588
28.943681 206.338505
28.562364 197.362595
28.089962 186.242631
27.573072 174.075452
26.982026 160.162717
26.314743 144.455398
25.956730 136.028057
25.158103 117.229019
24.418773 99.825768
23.702759 82.971386
22.976142 65.867382
22.257995 48.962777
21.525039 31.709598
20.813255 14.954765
20.061225 12.628159
19.326136 10.721714
18.597410 8.831770
17.868684 6.941827
17.112412 4.980442
16.385807 3.095999
15.627413 1.129114
14.898687 -0.760830
14.150899 -2.700212
13.390385 -4.672598
12.642583 -6.612013
11.907507 -8.518425
11.155477 -10.468809
10.390734 -12.452163
9.640824 -14.397046
8.920569 -16.265020
8.183359 -18.176966
7.429221 -20.132817
6.679298 -22.077733
5.944222 -23.984145
5.223967 -25.852120
4.501591 -27.725595
3.736848 -29.708948
2.997530 -31.626362
2.258200 -33.543808
1.527365 -35.439219
0.777443 -37.384135
0.031775 -39.318017
-0.716013 -41.257399
-1.453223 -43.169345
-2.131111 -44.927441
-1.830299 -38.467157
-2.470048 -42.474398
-3.209379 -47.105388
-3.950818 -51.749583
-4.681652 -56.327354
-5.416741 -60.931775
-6.189955 -65.775004
-6.929272 -70.405914
-7.664361 -75.010335
-8.407908 -79.667736
-9.164180 -84.404845
-9.820885 -88.518284
-10.539019 -93.016506
-11.314354 -97.873020
-12.062143 -102.556990
-12.824765 -107.333874
-13.551383 -111.885235
-14.301292 -116.582490
-15.066035 -121.372659
-15.792640 -125.923941
-16.531958 -130.554851
-17.292472 -135.318530
-18.010607 -139.816752
-18.739333 -144.381318
-19.432041 -148.720281
-20.133221 -153.112304
-20.794180 -157.252392
-21.351304 -160.742082
-21.863964 -163.953267
-22.332124 -166.885711
-22.757917 -169.552776
-23.272686 -172.777167
-23.855248 -176.426195
-24.429339 -180.022163
-24.931395 -183.166924
-25.467348 -186.524004
-26.030834 -190.053548
-26.615504 -193.715781
-27.198079 -197.364889
-27.740381 -200.761743
-28.261513 -204.025989
-28.778391 -207.263585
-29.267747 -210.328797
-28.778391 -199.819313
-28.267863 -188.855160
-27.662010 -175.843769
-26.990472 -161.421730
-26.367664 -148.046222
-25.871957 -137.400364
-25.132640 -121.522676
-24.397551 -105.735812
-23.683658 -90.404162
-22.959174 -74.845042
-22.211386 -58.785431
-21.444522 -42.316155
-20.709433 -26.529291
-19.978586 -10.833524
-19.230797 5.226087
-18.472404 18.355582
-17.716132 19.220467
-16.974706 20.068375
-16.089211 21.081042
-15.303284 21.979841
-14.578800 22.808373
-13.828890 23.665982
-13.070497 24.533294
-12.316358 25.395740
-11.566436 26.253363
-10.844073 27.079470
-10.089921 27.941931
-9.327299 28.814078
-8.587981 29.659575
-7.855014 30.497809
-7.094512 31.367531
-6.344602 32.225141
-5.581968 33.097303
-4.838421 33.947636
-4.075798 34.819784
-3.332239 35.670131
-2.766631 36.316969
-2.020951 37.169742
-1.271041 38.027351
-0.510540 38.897073
0.220307 39.732882
0.999871 40.624405
1.747672 41.479603
2.476398 42.312987
3.211487 43.153647
3.972001 44.023383
4.738853 44.900368
5.486641 45.755552
6.232322 46.608324
6.944106 47.422333
7.691895 48.277517
8.384604 49.069710
9.079446 49.864344
9.761576 50.644439
10.475468 51.460858
11.208436 52.299093
11.932933 53.127640
12.659538 53.958597
13.369214 54.770195
14.110640 55.618102
14.849958 56.463599
15.559634 57.275196
16.277768 58.096467
16.998010 58.920148
17.743691 59.772921
18.436412 60.565129
19.122771 61.350060
19.798551 62.122894
20.489139 62.912662
21.126780 63.641879
21.764409 64.371082
22.346984 65.037324
22.933774 65.708388
23.482440 77.785238
24.052289 91.199029
24.569179 103.366208
25.109373 116.081956
25.660159 129.047026
26.217296 142.161571
26.685456 153.181686
27.147279 164.052627
27.587892 174.424324
28.026411 184.746696
28.445854 194.620047
28.791141 202.747842
29.142804 211.025709
29.536835 220.300865
30.055845 223.400694
30.642636 222.748574
31.191302 222.138824
31.780213 221.484347
32.386080 220.811028
32.981354 220.149480
33.549082 219.518545
33.036421 207.450916
32.621220 197.677413
32.131864 186.158353
31.551436 172.495539
30.913794 157.485964
30.464684 146.914270
29.769841 130.558234
29.017824 112.856334
28.280614 95.503008
27.562467 78.598402
26.846466 61.744319
26.113499 44.490841
25.378410 27.187439
24.641200 14.059505
23.925187 12.364492
23.181628 10.604268
22.444431 8.859106
21.709342 7.118935
20.970011 5.368723
20.232814 3.623562
19.470180 1.818181
18.737224 0.083061
17.985194 -1.697216
17.235284 -3.472473
16.498075 -5.217664
15.754515 -6.977888
15.019439 -8.718029
14.261046 -10.513368
13.521728 -12.263551
12.771819 -14.038807
12.026138 -15.804051
11.286808 -17.554264
10.513593 -19.384689
9.740379 -21.215114
9.020124 -22.920169
8.285048 -24.660310
7.522426 -26.465660
6.770395 -28.245938
6.039549 -29.976067
5.308689 -31.706226
4.577855 -33.436325
3.827932 -35.211611
3.092856 -36.951752
2.342947 -38.727008
1.616329 -40.447126
1.271041 -41.264523
0.552894 -42.964588
-0.207607 -44.764918
-0.944816 -46.510110
-1.692605 -48.280345
-2.417089 -49.995412
-3.166999 -51.770668
-3.912679 -53.535913
-4.666831 -55.321211
-5.406149 -57.071393
-6.175134 -58.891806
-6.941985 -60.707169
-7.691895 -62.482425
-8.448167 -64.272743
-9.187485 -66.022926
-9.933165 -67.788170
-10.689425 -69.578459
-11.452047 -71.383810
-12.199849 -73.154075
-12.848069 -74.688604
-13.583158 -76.428775
-14.314005 -78.158904
-15.070265 -79.949193
-15.790520 -81.654248
-16.551034 -83.454608
-17.237392 -85.079421
-17.923739 -86.704204
-18.569851 -88.233742
-19.226568 -89.788384
-19.762508 -91.057111
-20.215847 -92.130298
-20.688249 -93.248612
-21.175485 -94.402042
-21.794051 -98.648654
-22.431680 -107.234341
-23.037546 -115.392342
-23.673067 -123.949642
-24.276799 -132.078915
-24.800052 -139.124523
-25.316942 -146.084458
-25.848653 -153.243957
-26.437565 -161.173666
-27.032839 -169.189048
-27.600567 -176.833519
-28.142882 -184.135808
-28.685185 -191.437926
-29.238092 -198.882833
-29.835475 -206.926602
-30.437087 -215.027317
-31.064137 -218.087218
-31.718720 -213.471859
-32.373303 -208.856500
-33.051191 -204.076824
-33.663407 -199.760189
-33.231265 -190.484593
-32.737666 -179.889910
-32.148767 -167.249672
-31.498400 -153.290074
-30.890439 -140.240671
-30.331181 -128.236671
-29.621518 -113.004326
-28.901250 -97.544364
-28.176779 -81.994173
-27.439569 -66.170570
-26.687539 -50.028847
-25.950342 -34.205516
-25.208903 -18.291138
-24.454764 -2.104165
-23.702721 14.037830
-22.963403 18.651536
-22.221965 19.294111
-21.323757 20.072551
-20.567498 20.727971
-19.817588 21.377888
-19.061328 22.033307
-18.288102 22.703432
-17.538205 23.353337
-16.790403 24.001427
-15.998126 24.688061
-15.243975 25.341654
-14.506778 25.980552
-13.748398 26.637810
-12.981534 27.302420
-12.235866 27.948661
-11.473244 28.609595
-10.731792 29.252181
-9.977641 29.905773
-9.221381 30.561193
-8.479942 31.203768
-7.717320 31.864702
-6.946227 32.532978
-6.194196 33.184732
-5.660352 33.647394
-4.933747 34.277113
-4.149941 34.956406
-3.400031 35.606322
-2.626817 36.276436
-1.881137 36.922687
-1.131227 37.572604
-0.351650 38.248231
0.383426 38.885292
1.146048 39.546226
1.936217 40.231033
2.692489 40.886464
3.444519 41.538219
4.185945 42.180783
4.973993 42.863752
5.711190 43.502651
6.433566 44.128705
7.160171 44.758424
7.910093 45.408352
8.653653 46.052765
9.306116 46.618228
10.020021 47.236941
10.742384 47.862984
11.449939 48.476193
12.153240 49.085716
12.871386 49.708105
13.597992 50.337824
14.358493 50.996920
15.097811 51.637657
15.822308 52.265549
16.576459 52.919142
17.273422 53.523172
18.016969 54.167574
18.726633 54.782610
19.402400 55.368270
20.090879 55.964948
20.756055 56.541429
21.397938 57.097723
22.014396 57.631982
22.628720 58.164393
23.253662 58.706004
23.880699 59.249432
24.482323 59.770836
25.105131 60.310598
25.706756 60.832002
26.308380 61.353406
26.914246 61.878485
27.522221 62.405392
28.128087 62.930472
28.712770 63.437193
29.240251 66.289547
29.757141 78.449956
30.301578 91.258422
30.843880 104.016693
31.350179 115.927918
31.824701 127.091592
32.265328 137.457817
32.710196 147.923836
33.095743 156.994246
33.519427 166.961898
33.979117 177.776594
34.459989 189.089659
34.195182 182.859854
33.813877 173.889365
33.352067 163.024927
32.841540 151.014379
32.244144 136.960195
31.559906 120.862971
31.176468 111.842288
30.388420 93.302859
29.666044 76.308407
28.937318 59.164567
28.204363 41.921234
27.477745 24.826991
26.753249 14.010603
26.013931 12.667066
25.289434 11.350462
24.550116 10.006925
23.836211 8.709570
23.099014 7.369887
22.357575 6.022496
21.620366 4.682790
20.885290 3.346961
20.148067 2.007232
19.393929 0.636762
18.639777 -0.733732
17.889868 -2.096517
17.131474 -3.474719
16.396399 -4.810548
15.644355 -6.177210
14.896567 -7.536141
14.148778 -8.895072
13.396735 -10.261734
12.646825 -11.624520
11.899036 -12.983451
11.170310 -14.307739
10.407688 -15.693627
9.640824 -17.087223
8.929040 -18.380724
8.204543 -19.697328
7.439800 -21.087069
6.698374 -22.434438
5.954801 -23.785706
5.219725 -25.121535
4.495228 -26.438138
3.755911 -27.781675
2.999651 -29.156000
2.256079 -30.507269
1.527365 -31.831535
0.775322 -33.198197
0.036004 -34.541734
-0.709663 -35.896811
-1.347305 -37.055575
-1.817586 -37.910201
-2.554795 -39.249907
-3.296222 -40.597275
-4.041902 -41.952375
-4.766386 -43.268955
-5.497233 -44.597098
-6.255626 -45.975301
-7.014019 -47.353503
-7.780871 -48.747076
-8.539251 -50.125255
-9.301874 -51.511142
-10.032721 -52.839285
-10.778401 -54.194385
-11.536782 -55.572564
-12.193486 -56.765971
-12.926454 -58.097968
-13.684834 -59.476147
-14.424165 -60.819707
-15.199487 -62.228674
-15.900667 -63.502904
-16.686606 -64.931165
-17.421695 -66.267017
-18.207609 -67.695232
-18.923635 -68.996441
-19.620586 -70.262986
-20.326007 -71.544924
-20.999653 -72.769118
-21.683891 -74.012561
-22.293999 -75.121289
-22.868077 -76.164542
-23.370134 -77.076912
-23.984471 -78.193326
-24.603037 -79.317425
-25.189840 -81.710218
-25.802044 -87.675602
-26.422744 -93.723775
-27.064614 -99.978239
-27.689543 -106.067621
-28.320822 -112.218878
-28.822879 -117.110975
-29.337648 -122.126946
-29.937164 -127.968704
-30.534547 -133.789671
-31.144642 -139.734512
-31.729312 -145.431605
-32.269506 -150.695325
-32.809688 -155.958920
-33.364716 -161.367180
-33.892185 -166.506902
-33.364716 -155.185369
-32.845705 -144.045382
-32.252564 -131.314279
-31.587389 -117.037039
-31.015419 -104.760347
-30.413795 -91.847153
-29.687190 -76.251389
-28.966935 -60.791921
-28.242438 -45.241407
-27.494649 -29.190961
-26.740498 -13.003946
-26.005422 2.773636
-25.259741 18.201434
-24.503482 18.835433
-23.762043 19.457007
-23.003662 20.092783
-22.257982 20.717913
-21.359774 21.470912
-20.592923 22.113790
-19.853605 22.733586
-19.105816 23.360483
-18.334723 24.006918
-17.589043 24.632047
-16.834891 25.264279
-16.051085 25.921371
-15.288463 26.560703
-14.559737 27.171620
-13.794994 27.812731
-13.030264 28.453831
-12.288825 29.075405
-11.521948 29.718304
-10.793235 30.329210
-10.041192 30.959674
-9.282824 31.595440
-8.539264 32.218792
-7.793584 32.843922
-7.242797 33.305665
-6.488646 33.937896
-5.736615 34.568350
-4.995177 35.189924
-4.219854 35.839903
-3.463582 36.473913
-2.694597 37.118579
-1.940446 37.750811
-1.184186 38.384810
-0.400380 39.041901
0.347409 39.668799
1.110043 40.308142
1.874774 40.949242
2.620455 41.574372
3.374593 42.206593
4.130878 42.840613
4.921034 43.503028
5.656110 44.119268
6.406032 44.747954
7.164413 45.383731
7.918564 46.015962
8.660003 46.637536
9.316707 47.188074
10.036962 47.791889
10.801706 48.433000
11.538903 49.051017
12.257049 49.653065
12.973063 50.253324
13.710272 50.871352
14.477124 51.514230
15.227033 52.142906
15.955759 52.753822
16.690848 53.370072
17.445012 54.002315
18.180088 54.618554
18.900330 55.222359
19.633311 55.836842
20.381100 56.463739
21.071700 57.042693
21.772893 57.630527
22.427476 58.179287
23.107485 58.749362
23.759960 59.296355
24.395468 59.829124
25.033110 60.363681
25.672860 60.900005
26.289317 61.416803
26.910017 61.937158
27.511642 62.441520
28.138679 62.967187
28.738195 63.469783
29.301681 67.721391
29.911777 82.074353
30.460442 94.982129
31.053608 108.936820
31.538710 120.349216
32.009004 131.413238
32.530123 143.672966
32.994067 154.587598
33.426222 164.754391
33.839302 174.472421
34.222741 183.493105
34.654884 193.659599
35.080689 203.677004
34.758693 196.101805
34.375255 187.081121
33.885911 175.568934
33.330896 162.511769
32.703846 147.759940
32.028079 131.862001
31.674295 123.538962
31.411621 117.359352
30.839639 103.903021
30.117263 86.908569
29.380066 69.565445
28.651340 52.421604
27.916251 35.128077
27.191767 18.084028
26.458786 13.474334
25.725818 12.142353
24.992863 10.810395
24.249304 9.459166
23.518457 8.131039
22.787610 6.802912
22.054642 5.470931
21.321662 4.138927
20.580223 2.791553
19.809143 1.390312
19.090996 0.085264
18.336844 -1.285213
17.565751 -2.686477
16.830675 -4.022289
16.097694 -5.354293
15.356256 -6.701668
14.589404 -8.095224
13.833132 -9.469555
13.104406 -10.793827
12.346013 -12.172012
11.608816 -13.511679
10.850423 -14.889864
10.089921 -16.271880
9.354845 -17.607692
8.619757 -18.943527
7.878305 -20.290925
7.130517 -21.649839
6.382728 -23.008753
5.651881 -24.336880
4.912563 -25.680401
4.188066 -26.996988
3.412731 -28.405961
2.669184 -29.757166
1.929854 -31.100710
1.186294 -32.451939
0.419443 -33.845495
-0.324117 -35.196723
-1.059205 -36.532559
-1.804873 -37.887619
-2.539962 -39.223454
-2.868308 -39.820138
-3.643643 -41.229111
-4.380840 -42.568777
-5.113807 -43.900758
-5.901855 -45.332832
-6.643294 -46.680207
-7.382612 -48.023728
-8.151584 -49.421138
-8.905735 -50.791614
-9.642945 -52.131304
-10.382263 -53.474824
-11.064392 -54.714420
-11.837594 -56.119515
-12.576924 -57.463059
-13.292938 -58.764229
-14.053439 -60.146246
-14.794878 -61.493620
-15.536316 -62.840995
-16.292576 -64.215303
-17.031907 -65.558846
-17.813592 -66.979358
-18.571985 -68.357544
-19.287985 -69.658691
-20.018845 -70.986841
-20.736979 -72.291866
-21.442401 -73.573788
-22.141472 -74.844171
-22.842665 -76.118409
-23.522661 -77.354127
-24.094631 -78.393536
-24.672950 -79.444484
-25.247028 -82.267466
-25.861366 -88.253640
-26.503236 -94.508104
-27.123936 -100.556277
-27.721306 -106.377120
-28.361068 -112.611042
-28.969056 -118.535341
-29.572788 -124.418183
-30.142637 -129.970860
-30.640452 -134.821625
-31.214555 -140.415757
-31.801346 -146.133517
-32.345770 -151.438445
-32.898677 -156.826039
-33.415554 -161.862553
-33.902790 -166.610234
-33.299044 -153.651517
-32.744016 -141.738461
-32.146634 -128.916313
-31.479350 -114.593823
-30.981523 -103.908518
-30.288814 -89.040300
-29.560088 -73.399014
-28.846183 -58.075841
-28.100503 -42.070645
-27.369668 -26.384108
-26.607033 -10.015002
-25.861366 5.989921
-25.109335 18.332363
-24.365776 18.955648
-23.617987 19.582479
-22.880790 20.200431
-21.927502 20.999520
-21.143709 21.656531
-20.385316 22.292251
-19.645998 22.911981
-18.872784 23.560124
-18.112283 24.197611
-17.360252 24.827997
-16.610343 25.456606
-15.843491 26.099415
-15.061794 26.754670
-14.339418 27.360199
-13.572566 28.003008
-12.812052 28.640506
-12.055793 29.274437
-11.310112 29.899501
-10.555973 30.531654
-9.806051 31.160273
-9.056154 31.788871
-8.312594 32.412157
-7.552080 33.049654
-6.783108 33.694242
-6.028969 34.326395
-5.283276 34.951469
-4.529138 35.583623
-3.741090 36.244200
-2.978467 36.883465
-2.230666 37.510306
-1.442631 38.170873
-0.684251 38.806582
0.093205 39.458281
0.855828 40.097546
1.609979 40.729710
2.359889 41.358319
2.868308 41.784499
3.616096 42.411329
4.402023 43.070129
5.168887 43.712949
5.935739 44.355759
6.670827 44.971944
7.437691 45.614765
8.221485 46.271776
8.956573 46.887961
9.678949 47.493489
10.416159 48.111452
11.191494 48.761373
11.951995 49.398860
12.699784 50.025691
13.436981 50.643643
14.193266 51.277595
14.900808 51.870690
15.625293 52.477985
16.377336 53.108382
17.150550 53.756525
17.904701 54.388690
18.650369 55.013742
19.364262 55.612159
20.114184 56.240779
20.859864 56.865842
21.584361 57.473148
22.304604 58.076888
23.024859 58.680639
23.719701 59.263088
24.408181 59.840203
25.069127 60.394238
25.740652 60.957141
26.388886 61.500520
27.039227 62.045666
27.687461 62.589044
28.339923 63.135968
28.973336 63.666924
29.583431 74.349765
30.195660 88.752921
30.788813 102.707314
31.354408 116.013360
31.909436 129.070824
32.434797 141.430343
32.894499 152.245184
33.371142 163.458594
33.809635 173.774478
34.229091 183.642493
34.667596 193.958675
35.061627 203.228539
35.449281 212.348417
35.936530 216.865295
36.436465 216.309700
37.010543 215.671709
37.593118 215.024274
38.177788 214.374511
38.783654 213.701192
39.243343 213.190325
38.734924 201.229374
38.279464 190.514324
37.783770 178.852748
37.190616 164.898356
36.540262 149.598270
36.112348 139.531268
35.396322 122.686205
34.661234 105.392678
33.932520 88.249136
33.193190 70.855817
32.470814 53.861366
31.720904 36.219165
31.002757 19.324206
30.269802 13.634931
29.545305 12.406985
28.812338 11.164682
28.060307 9.890069
27.306156 8.611862
26.571067 7.365964
25.827507 6.105709
25.064885 4.813144
24.329796 3.567246
23.592599 2.317775
22.857511 1.071877
22.120301 -0.177616
21.378875 -1.434255
20.635316 -2.694510
19.859968 -4.008643
19.127000 -5.250946
18.383453 -6.511180
17.616602 -7.810912
16.877271 -9.064000
16.131591 -10.327850
15.379560 -11.602462
14.633892 -12.866291
13.867028 -14.166044
13.138290 -15.401180
12.394730 -16.661435
11.657533 -17.910906
10.892803 -19.207044
10.138651 -20.485251
9.399333 -21.738317
8.662111 -22.987831
7.924914 -24.237302
7.170776 -25.515488
6.410261 -26.804480
5.681535 -28.039593
4.961280 -29.260350
4.228325 -30.502632
3.457219 -31.809575
2.703068 -33.087782
1.972234 -34.326469
1.245616 -35.558010
0.478752 -36.857764
-0.288100 -38.157496
-0.675780 -38.814574
-1.404506 -40.049687
-2.139582 -41.295564
-2.889491 -42.566582
-3.639401 -43.837600
-4.391444 -45.112234
-5.149825 -46.397609
-5.901855 -47.672221
-6.658127 -48.954023
-7.401674 -50.214257
-8.164297 -51.506821
-8.939632 -52.820933
-9.689541 -54.091951
-10.420401 -55.330681
-11.176660 -56.612461
-11.943525 -57.912215
-12.682830 -59.165259
-13.409447 -60.396800
-14.155128 -61.660650
-14.843595 -62.827529
-15.565971 -64.051880
-16.320122 -65.330088
-17.065790 -66.593916
-17.839017 -67.904454
-18.580443 -69.161093
-19.315519 -70.406970
-20.025195 -71.609796
-20.751800 -72.841315
-21.427567 -73.986669
-22.147822 -75.207425
-22.865956 -76.424587
-23.444276 -77.404779
-23.986579 -78.323925
-24.573382 -79.318495
-25.196190 -81.772093
-25.827482 -87.923474
-26.465111 -94.136606
-27.049793 -99.833823
-27.691651 -106.088163
-28.346248 -112.466626
-28.977514 -118.617759
-29.589743 -124.583390
-30.187125 -130.404357
-30.684953 -135.255246
-31.170054 -139.982136
-31.674245 -144.895024
-32.214426 -150.158620
-32.744029 -155.319131
-33.269390 -160.438310
-33.824405 -165.846447
-34.426017 -171.708623
-35.078492 -178.066419
-35.733076 -184.444757
-36.413084 -180.372671
-37.095214 -175.563087
-37.773089 -170.783501
-38.393776 -166.407139
-37.921374 -156.274792
-37.429910 -145.733578
-36.830406 -132.875083
-36.160989 -118.517044
-35.629266 -107.112331
-34.993770 -93.481864
-34.248090 -77.488081
-33.532064 -62.130345
-32.801230 -46.454995
-32.061899 -30.597410
-31.316219 -14.603628
-30.559959 1.617061
-29.812171 17.656062
-29.079203 18.658856
-28.337777 19.161999
-27.850541 19.492645
-27.458632 19.758600
-26.708722 20.267501
-25.954571 20.779279
-25.191961 21.296798
-24.437810 21.808577
-23.698479 22.310298
-22.944341 22.822068
-22.190189 23.333847
-21.404263 23.867189
-20.658582 24.373219
-19.904443 24.884989
-19.150292 25.396768
-18.381320 25.918604
-17.824183 26.296686
-17.076382 26.804155
-16.326472 27.313055
-15.542666 27.844958
-14.807590 28.343792
-14.055560 28.854132
-13.297167 29.368789
-12.526074 29.892065
-11.771935 30.403835
-11.015662 30.917053
-10.257282 31.431702
-9.503131 31.943480
-8.755342 32.450941
-7.996949 32.965599
-7.232206 33.484565
-6.480175 33.994905
-5.721782 34.509562
-4.961280 35.025650
-4.196550 35.544608
-3.436049 36.060696
-2.675534 36.576792
-1.910791 37.095759
-1.179957 37.591714
-0.400380 38.120747
0.364363 38.639714
1.126985 39.157241
1.912912 39.690583
2.681884 40.212419
3.423323 40.715571
4.188066 41.234537
4.946459 41.749195
5.690006 42.253777
6.463221 42.778492
7.211022 43.285962
7.986357 43.812116
8.640940 44.256326
9.367545 44.749412
10.079330 45.232440
10.861027 45.762912
11.591874 46.258876
12.346026 46.770654
13.091693 47.276676
13.852195 47.792764
14.608467 48.305982
15.345664 48.806255
16.120999 49.332410
16.881500 49.848497
17.629302 50.355967
18.387695 50.870624
19.110071 51.360840
19.840918 51.856804
20.601419 52.372892
21.315312 52.857350
22.018625 53.334629
22.715576 53.807591
23.389234 54.264746
24.084064 54.736268
24.770423 55.202042
25.456794 55.667824
26.111378 56.112035
26.793495 56.574930
27.473504 57.036394
28.155633 57.499298
28.844113 57.966511
29.507167 58.416470
30.187176 58.877934
30.871414 59.342268
31.534481 59.792236
32.203898 60.246513
32.833069 60.673478
33.457985 61.097555
34.070201 61.513015
34.659126 64.751068
35.220504 76.300134
35.750094 87.195234
36.252150 97.523892
36.724565 107.242739
37.218163 117.397389
37.771057 128.771925
38.148133 136.529393
38.537909 144.548133
38.970077 153.439005
39.395870 162.198717
39.849209 171.525131
40.304669 180.895177
39.650073 165.506282
39.181913 154.500309
38.618427 141.253313
38.006198 126.860428
37.319839 110.724824
36.989372 102.955884
36.129290 82.736220
35.379381 65.106600
34.663367 48.273848
33.938870 31.241655
33.212253 14.511207
32.468693 13.536997
31.725146 12.562805
31.000649 11.613571
30.259198 10.642124
29.511409 9.662373
28.774200 8.696484
28.034882 7.727832
27.287080 6.748065
26.539292 5.768314
25.802095 4.802441
25.060643 3.830994
24.304371 2.840128
23.554461 1.857599
22.810914 0.883406
22.073705 -0.082484
21.325916 -1.062234
20.575994 -2.044780
19.809143 -3.049506
19.076162 -4.009855
18.336844 -4.978507
17.586935 -5.961036
16.817950 -6.968558
16.095574 -7.915013
15.345664 -8.897542
14.583054 -9.896711
13.839482 -10.870937
13.104393 -11.834048
12.335421 -12.841553
11.589753 -13.818524
10.850423 -14.787193
10.098392 -15.772501
9.337891 -16.768907
8.587969 -17.751453
7.861364 -18.703449
7.100862 -19.699856
6.334011 -20.704582
5.607393 -21.656594
4.876546 -22.614148
4.152049 -23.563381
3.389427 -24.562567
2.637396 -25.547875
1.898079 -26.516526
1.162990 -27.479637
0.391897 -28.489921
-0.353771 -29.466893
-1.099452 -30.443881
-1.847253 -31.423648
-2.592921 -32.400620
-3.122511 -33.094487
-3.762273 -33.932702
-4.499483 -34.898592
-5.243043 -35.872801
-6.028957 -36.902503
-6.783108 -37.890590
-7.526668 -38.864800
-8.280806 -39.852870
-9.064625 -40.879826
-9.806051 -41.851240
-10.541140 -42.814351
-11.233849 -43.721936
-11.971058 -44.687826
-12.714618 -45.662035
-13.460285 -46.639007
-14.212316 -47.624315
-14.962226 -48.606844
-15.678239 -49.544963
-16.440874 -50.544165
-17.190783 -51.526694
-17.949164 -52.520322
-18.688482 -53.488974
-19.425691 -54.454863
-20.145934 -55.398523
-20.893735 -56.378290
-21.592807 -57.294211
-22.315183 -58.240666
-23.052380 -59.206539
-23.711192 -60.069713
-24.378501 -60.944019
-25.045784 -61.818292
-25.643167 -62.600980
-26.306221 -63.469712
-26.962938 -64.330141
-27.653526 -65.234947
-28.352598 -66.150868
-29.000818 -69.535312
-29.697769 -74.470464
-30.407432 -79.495636
-31.030240 -83.905779
-31.672124 -88.450997
-32.290690 -92.831104
-32.921969 -97.301230
-33.559598 -101.816322
-34.186647 -106.256502
-34.750146 -110.246674
-35.305162 -114.176774
-35.849598 -118.031962
-36.410964 -122.007027
-36.959629 -125.892162
-37.525236 -129.897263
-38.095085 -133.932400
-38.628930 -137.712587
-38.105677 -126.489563
-37.576087 -115.130614
-36.961737 -101.953687
-36.307166 -87.914080
-35.817810 -77.418083
-35.133572 -62.742157
-34.404846 -47.112024
-33.676120 -31.481891
-32.955865 -16.033447
-32.220789 -0.267115
-31.472988 15.772157
-30.767553 18.570953
-30.026127 19.062082
-29.271989 19.561633
-28.545371 20.042953
-27.801811 20.535496
-27.047673 21.035046
-26.310463 21.523382
-25.566903 22.015925
-24.821236 22.509864
-24.077689 23.002398
-23.812881 23.177810
-23.279049 23.531426
-22.520656 24.033795
-21.770746 24.530544
-21.014474 25.031508
-20.247623 25.539479
-19.508305 26.029212
-18.743562 26.535787
-17.974589 27.045163
-17.239501 27.532095
-16.478999 28.035860
-15.722727 28.536823
-14.951634 29.047605
-14.220800 29.531718
-13.460285 30.035491
-12.716726 30.528034
-11.958345 31.030394
-11.208436 31.527143
-10.462768 32.021082
-9.721329 32.512220
-8.967165 33.011787
-8.223606 33.504330
-7.473709 34.001070
-6.725907 34.496423
-5.959056 35.004394
-5.230330 35.487111
-4.480420 35.983860
-3.711435 36.493244
-2.948813 36.998414
-2.207374 37.489552
-1.436281 38.000333
-0.686372 38.497082
0.069913 38.998054
0.834644 39.504621
1.616329 40.022418
2.340826 40.502334
3.092856 41.000487
3.870312 41.515483
4.643514 42.027661
5.384952 42.518799
6.122162 43.007135
6.869963 43.502488
7.626223 44.003443
8.200314 44.383727
8.905748 44.851015
9.632340 45.332319
10.367429 45.819250
11.134293 46.327230
11.882082 46.822574
12.627762 47.316521
13.375564 47.811874
14.127594 48.310028
14.894446 48.817999
15.610459 49.292295
16.347669 49.780631
17.076395 50.263348
17.841151 50.769931
18.582576 51.261061
19.309194 51.742381
20.042149 52.227899
20.785722 52.720450
21.497493 53.191936
22.202927 53.659224
22.910470 54.127908
23.598949 54.583965
24.293779 55.044228
24.978030 55.497484
25.677114 55.960566
26.367702 56.418019
27.045590 56.867060
27.717128 57.311895
28.414066 57.773555
29.100437 58.228215
29.793146 58.687074
30.468926 59.134718
31.157405 59.590775
31.848006 60.048237
32.513181 60.488857
33.165644 60.921056
33.841411 61.368692
34.506599 61.809320
35.146348 74.774559
35.731031 86.803062
36.279696 98.090594
36.828362 109.378126
37.377040 120.665919
37.855792 130.515141
38.328194 140.233726
38.815429 150.257479
39.285710 159.932432
39.728457 169.040944
40.154263 177.800917
40.605481 187.083698
41.175330 198.807034
40.819438 190.440369
40.389404 180.330686
39.872514 168.179123
39.266647 153.935818
38.584518 137.899635
37.883338 121.415606
37.391861 109.861470
36.665256 92.779715
35.900500 74.801074
35.171774 57.669459
34.447277 40.637266
33.707959 23.256648
32.966520 14.047623
32.222961 13.075125
31.496356 12.124802
30.754917 11.155078
29.998632 10.165936
29.248722 9.185133
28.541180 8.259742
27.793378 7.281696
27.043469 6.300893
26.302030 5.331169
25.564821 4.366976
24.850928 3.433280
24.109489 2.463556
23.380751 1.510442
22.637191 0.537944
21.897886 -0.428989
21.164906 -1.387651
20.417117 -2.365680
19.652374 -3.365884
18.893981 -4.357783
18.148313 -5.333038
17.379340 -6.338773
16.637889 -7.308513
15.892221 -8.283769
15.135936 -9.272910
14.398739 -10.237086
13.646721 -11.220647
12.894678 -12.204240
12.142648 -13.187817
11.401209 -14.157541
10.657649 -15.130039
9.901377 -16.119164
9.130297 -17.127656
8.380374 -18.108476
7.662228 -19.047737
6.891147 -20.056229
6.128512 -21.053676
5.387086 -22.023383
4.668939 -22.962644
3.929621 -23.929594
3.154286 -24.943651
2.400135 -25.930002
1.671422 -26.883082
0.944804 -27.833422
0.182181 -28.830852
-0.578333 -29.825525
-1.321880 -30.798006
-2.063318 -31.767730
-2.847124 -32.792866
-3.613988 -33.795844
-4.382961 -34.801579
-5.162525 -35.821167
-5.937872 -36.835240
-6.670827 -37.793869
-7.435571 -38.794073
-8.193951 -39.785955
-8.933269 -40.752905
-9.664129 -41.708792
-10.388613 -42.656342
-10.988129 -43.440446
-11.712600 -44.387979
-12.451931 -45.354945
-13.182778 -46.310816
-13.930579 -47.288862
-14.655063 -48.236412
-15.398610 -49.208893
-16.140062 -50.178633
-16.892080 -51.162194
-17.584801 -52.068201
-18.334723 -53.049021
-19.088862 -54.035355
-19.806996 -54.974599
-20.550556 -55.947097
-21.296224 -56.922352
-22.033433 -57.886545
-22.768509 -58.847947
-23.467581 -59.762259
-24.149698 -60.654397
-24.865724 -61.590884
-25.577508 -62.521823
-26.265988 -63.422282
-26.929029 -64.289471
-27.613280 -65.184399
-28.310230 -66.095937
-29.011423 -69.610404
-29.689311 -74.410571
-30.398961 -79.435653
-31.059907 -84.115855
-31.739904 -88.930951
-32.409320 -93.671136
-33.008824 -97.916258
-33.650695 -102.461386
-34.279865 -106.916584
-34.894190 -111.266655
-35.533952 -115.796854
-36.103801 -119.831991
-36.667288 -123.822074
-37.249837 -127.947141
-37.773089 -131.652327
-38.328105 -135.582427
-38.859816 -139.347506
-38.213716 -125.489587
-37.656579 -113.539808
-37.044363 -100.408645
-36.398251 -86.550453
-36.084726 -79.825792
-35.150514 -59.788277
-34.413317 -43.976456
-33.663407 -27.891965
-32.947394 -12.534501
-32.205955 3.368301
-31.449683 18.221449
-30.697653 18.718437
-29.968927 19.200023
-29.233851 19.685805
-28.479712 20.184185
-27.723440 20.683976
-26.969275 21.182373
-26.208787 21.684950
-25.458865 22.180543
-24.692013 22.687325
-23.925162 23.194107
-23.187952 23.681299
-22.416859 24.190884
-21.635174 24.707469
-20.872539 25.211464
-20.114171 25.712639
-19.355778 26.213831
-18.582564 26.724817
-17.807229 27.237206
-17.034015 27.748192
-16.279876 28.246572
-15.479116 28.775763
-14.754619 29.254554
-13.979296 29.766934
-13.220903 30.268126
-12.458294 30.772104
-11.702021 31.271895
-10.933036 31.780086
-10.168293 32.285475
-9.409925 32.786650
-8.653653 33.286440
-7.910093 33.777829
-7.132638 34.291619
-6.374257 34.792802
-5.637060 35.279986
-4.868075 35.788178
-4.478299 36.045765
-4.092753 36.300558
-3.325876 36.807356
-2.559025 37.314138
-1.787931 37.823723
-1.033780 38.322111
-0.273279 38.824697
0.478765 39.321692
1.254087 39.834072
2.006130 40.331067
2.758148 40.828046
3.537712 41.343229
4.327881 41.865420
5.094732 42.372202
5.857367 42.876197
6.617868 43.378782
7.380491 43.882769
8.151584 44.392353
8.880323 44.873948
9.617520 45.361132
10.352608 45.846923
11.136414 46.364909
11.877853 46.854897
12.619291 47.344884
13.392506 47.855870
14.157249 48.361259
14.915629 48.862442
15.657068 49.352430
16.417582 49.855023
17.169613 50.352010
17.917401 50.846194
18.648248 51.329182
19.281661 51.747779
20.050633 52.255962
20.811134 52.758547
21.563178 53.255543
22.277070 53.727326
23.014280 54.214519
23.740885 54.694703
24.442077 55.158093
25.160211 55.632680
25.886829 56.112872
26.594372 56.580459
27.316748 57.057849
28.028532 57.528239
28.748774 58.004218
29.483875 58.490017
30.197768 58.961801
30.903202 59.427994
31.621324 59.902572
32.350062 60.384166
33.068209 60.858761
33.756689 61.313750
34.464231 61.781337
35.131527 74.469653
35.775519 87.718303
36.411040 100.792683
37.040210 113.736427
37.605830 125.372759
38.141783 136.398756
38.673507 147.337749
39.192505 158.014946
39.654315 167.515630
40.092833 176.537138
40.556751 186.081192
40.969844 194.579631
41.416821 203.775147
41.901948 210.235729
42.440022 209.637750
43.011979 209.002115
43.560657 208.392351
44.149569 207.737874
44.746964 207.073969
45.289267 206.471290
44.732130 193.373576
44.268200 182.467025
43.751309 170.315461
43.130610 155.723434
42.476026 140.334837
42.067188 130.723458
41.291840 112.495814
40.560993 95.314339
39.849209 78.581008
39.116241 61.349673
38.372682 43.869335
37.650306 26.887003
36.947005 14.312881
36.182249 13.370340
35.451402 12.469591
34.705734 11.550575
33.976996 10.652425
33.235557 9.738622
32.485647 8.814379
31.754788 7.913614
31.013349 6.999811
30.257077 6.067726
29.507180 5.143498
28.774200 4.240120
28.026411 3.318490
27.278609 2.396846
26.543521 1.490869
25.791490 0.564011
25.024626 -0.381128
24.278958 -1.300143
23.531170 -2.221772
22.785489 -3.140803
22.058871 -4.036340
21.308962 -4.960583
20.550569 -5.895282
19.777367 -6.848232
19.048628 -7.746383
18.296598 -8.673240
17.536096 -9.610537
16.779824 -10.542622
16.038386 -11.456425
15.316009 -12.346734
14.576679 -13.257939
13.824649 -14.184796
13.083222 -15.098583
12.329071 -16.028054
11.596103 -16.931417
10.854652 -17.845236
10.096271 -18.779919
9.361195 -19.685881
8.619744 -20.599699
7.899502 -21.487379
7.147471 -22.414236
6.408141 -23.325440
5.673065 -24.231402
4.937976 -25.137378
4.226204 -26.014618
3.461461 -26.957143
2.711552 -27.881386
1.984934 -28.776923
1.247737 -29.685498
0.499948 -30.607127
-0.256337 -31.539228
-1.006246 -32.463471
-1.747685 -33.377274
-2.491232 -34.293675
-3.245383 -35.223147
-3.999535 -36.152618
-4.734623 -37.058595
-5.507838 -38.011560
-6.278931 -38.961911
-7.039432 -39.899209
-7.789342 -40.823452
-8.547735 -41.758151
-8.863368 -42.147160
-9.801822 -43.303779
-10.534790 -44.207142
-11.280458 -45.126157
-12.028259 -46.047802
-12.765456 -46.956377
-13.485711 -47.844072
-14.138173 -48.648214
-14.877491 -49.559403
-15.627413 -50.483662
-16.375202 -51.405292
-17.131462 -52.337361
-17.877142 -53.256392
-18.618581 -54.170195
-19.368491 -55.094438
-20.027303 -55.906407
-20.722145 -56.762781
-21.472055 -57.687024
-22.171127 -58.548611
-22.823589 -59.352753
-23.537494 -60.232622
-24.234432 -61.091579
-24.920804 -61.937513
-25.607162 -62.783432
-26.272325 -63.603227
-26.986230 -64.483095
-27.712848 -65.378632
-28.433103 -66.266327
-29.113099 -70.330379
-29.820641 -75.340533
-30.523955 -80.320739
-31.187009 -85.015869
-31.845821 -89.680963
-32.525830 -94.496149
-33.116863 -98.681289
-33.743913 -103.121469
-34.387892 -107.681525
-35.017062 -112.136723
-35.618687 -116.396864
-36.220311 -120.657005
-36.752022 -124.422084
-37.296458 -128.277272
-37.862065 -132.282373
-38.398005 -136.077399
-38.912787 -139.722602
-39.503820 -143.907742
-40.156282 -148.527871
-40.791803 -153.028033
-41.469691 -152.910332
-42.136974 -152.456691
-42.829683 -151.985764
-43.460975 -151.556591
-42.977968 -141.205137
-42.456849 -130.036879
-41.870058 -117.461191
-41.230309 -103.750523
-40.781199 -94.125511
-40.020710 -77.827251
-39.270788 -61.755444
-38.533591 -45.956358
-37.813336 -30.520357
-37.065547 -14.494275
-36.288104 2.167341
-35.557257 17.830339
-34.813697 18.561549
-34.068029 18.954798
-33.326578 19.345824
-32.566077 19.746896
-31.820409 20.140145
-31.072607 20.534520
-30.314227 20.934473
-29.555846 21.334427
-28.810166 21.727683
-28.062377 22.122051
-27.293405 22.527591
-26.562558 22.913024
-25.804165 23.312984
-25.039422 23.716293
-24.281041 24.116247
-23.524781 24.515082
-22.760038 24.918392
-21.991066 25.323931
-21.200910 25.740643
-20.442517 26.140603
-19.690486 26.537208
-18.906681 26.950571
-18.110162 27.370637
-17.375086 27.758301
-16.599751 28.167196
-15.828658 28.573854
-15.059673 28.979401
-14.328826 29.364834
-13.553503 29.773722
-12.792989 30.174801
-12.036730 30.573636
-11.278337 30.973597
-10.522077 31.372432
-9.757334 31.775741
-9.009545 32.170109
-8.507476 32.434890
-8.244789 32.573425
-7.533018 32.948798
-6.761925 33.355456
-6.001423 33.756528
-5.262105 34.146429
-4.507954 34.544152
-3.738969 34.949699
-2.976347 35.351889
-2.220074 35.750731
-1.457465 36.152915
-0.690601 36.557343
0.072022 36.959534
0.834644 37.361725
1.609979 37.770620
2.359889 38.166106
3.122511 38.568297
3.874541 38.964902
4.677423 39.388324
5.420970 39.780455
6.187834 40.184883
6.948335 40.585955
7.694016 40.979211
8.448167 41.376935
9.187485 41.766835
9.903498 42.144445
10.706379 42.567868
11.435105 42.952182
12.081218 43.292928
12.837478 43.691764
13.587387 44.087250
14.345780 44.487210
15.099932 44.884934
15.871025 45.291592
16.599764 45.675913
17.385690 46.090394
18.127116 46.481406
18.866447 46.871314
19.580352 47.247812
20.332370 47.644410
21.069579 48.033199
21.781364 48.408579
22.497377 48.786189
23.196448 49.154864
23.906124 49.529132
24.609438 49.900045
25.323330 50.276536
26.030885 50.649686
26.681227 50.992662
27.365477 51.353521
28.087841 51.734480
28.772079 52.095333
29.498696 52.478536
30.218964 52.858389
30.924386 53.230414
31.655233 53.615847
32.354304 53.984522
33.099972 54.377772
33.786343 54.739749
34.525661 55.129650
35.256508 55.515083
35.940759 55.875942
36.675835 56.263605
37.368556 56.628932
38.050686 56.988673
38.749770 57.357355
39.400112 57.700331
40.020799 60.558128
40.584298 69.967132
41.158389 79.552992
41.728225 89.067812
42.264178 98.016863
42.781080 106.647826
43.297970 115.278578
43.725884 122.423653
44.181344 130.028681
44.630442 137.527468
45.092264 145.238738
45.609154 153.869489
46.077314 161.686575
45.799794 155.167605
45.390956 145.563967
44.865582 133.222911
44.278791 119.439161
43.611495 103.764337
42.929366 87.741070
42.581944 79.580126
41.709162 59.078424
40.982557 42.010428
40.243227 24.643512
39.501801 13.587321
38.745528 12.762037
37.999848 11.948312
37.283822 11.166948
36.555096 10.371725
35.800944 9.548756
35.040430 8.718844
34.301113 7.912062
33.557553 7.100651
32.788581 6.261509
32.045008 5.450085
31.288749 4.624816
30.549418 3.818020
29.818571 3.020482
29.036886 2.167467
28.303919 1.367615
27.553996 0.549261
26.804099 -0.269065
26.064769 -1.075860
25.304267 -1.905758
24.571300 -2.705611
23.821390 -3.523951
23.060876 -4.353863
22.332150 -5.149086
21.563178 -5.988228
20.823847 -6.795024
20.048512 -7.641109
19.292253 -8.466378
18.542330 -9.284732
17.779708 -10.116945
17.017086 -10.949158
16.286239 -11.746695
15.527858 -12.574279
14.777936 -13.392633
14.006843 -14.234090
13.271754 -15.036256
12.513374 -15.863840
11.776164 -16.668321
11.028375 -17.484347
10.257269 -18.325817
9.515831 -19.134913
8.780742 -19.937080
8.052016 -20.732303
7.306348 -21.546014
6.543726 -22.378227
5.804395 -23.185022
5.077803 -23.977917
4.342702 -24.780098
3.571608 -25.621555
2.823820 -26.437580
2.065439 -27.265164
1.345184 -28.051143
0.563486 -28.904172
-0.190665 -29.727141
-0.938441 -30.543153
-1.703197 -31.377694
-2.431923 -32.172917
-3.205137 -33.016688
-3.982593 -33.865088
-4.738853 -34.690357
-5.507838 -35.529513
-6.268326 -36.359398
-7.028840 -37.189310
-7.782979 -38.012265
-8.496884 -38.791315
-9.219260 -39.579609
-9.973412 -40.402577
-10.575036 -41.059101
-11.327067 -41.879755
-12.083339 -42.705038
-12.816294 -43.504877
-13.578916 -44.337090
-14.305534 -45.130012
-15.072385 -45.966840
-15.792640 -46.752819
-16.567975 -47.598905
-17.294581 -48.391814
-18.067795 -49.235585
-18.817717 -50.053939
-19.582448 -50.888452
-20.315403 -51.688290
-21.001774 -52.437294
-21.730500 -53.232517
-22.467697 -54.036985
-23.217607 -54.855325
-23.931512 -55.634375
-24.626341 -56.392608
-25.352959 -57.185531
-26.068973 -57.966882
-26.795578 -58.759791
-27.543366 -59.575816
-28.284818 -60.384926
-28.994481 -61.159347
-29.710494 -61.940698
-30.426508 -62.722048
-31.157355 -63.519586
-31.871247 -64.298622
-32.604215 -66.344097
-33.322349 -70.725008
-34.034133 -75.067182
-34.735313 -79.344664
-35.434384 -83.609286
-36.112272 -87.744678
-36.830406 -92.125590
-37.497690 -96.196290
-38.198895 -100.473927
-38.766610 -103.937223
-39.400010 -107.801220
-39.986814 -111.380960
-40.582088 -115.012377
-41.098965 -118.165539
-41.626447 -121.383393
-42.168750 -124.691661
-42.696232 -127.909515
-43.255489 -131.321212
-43.787200 -134.564865
-43.249139 -123.033522
-42.689882 -111.047915
-42.084015 -98.063416
-41.437916 -84.216659
-41.084144 -76.634884
-40.194408 -57.566674
-39.446619 -41.540592
-38.692468 -25.378149
-37.974334 -9.987602
-37.230774 5.947845
-36.485106 18.268908
-35.726726 18.663013
-34.989516 19.046116
-34.245969 19.432512
-33.487589 19.826617
-32.746150 20.211918
-32.008940 20.595021
-31.239955 20.994637
-30.502771 21.377727
-29.731665 21.778445
-28.983877 22.167045
-28.231859 22.557844
-27.462861 22.957466
-26.708722 23.349367
-25.948221 23.744574
-25.196190 24.135379
-24.418734 24.539397
-23.647641 24.940108
-22.880790 25.338615
-22.107576 25.740428
-21.330120 26.144446
-20.561148 26.544055
-19.813346 26.932662
-19.042253 27.333374
-18.256339 27.741787
-17.506417 28.131496
-16.764991 28.516791
-15.970580 28.929619
-15.212200 29.323724
-14.462290 29.713427
-13.682726 30.118540
-12.924333 30.512652
-12.161710 30.908961
-11.403317 31.303073
-10.644949 31.697171
-9.903498 32.082478
-9.301886 32.395116
-8.323174 32.903720
-7.573264 33.293423
-6.816992 33.686432
-6.045911 34.087137
-5.291760 34.479044
-4.529138 34.875353
-3.766515 35.271663
-3.001772 35.669074
-2.239150 36.065383
-1.489227 36.455093
-0.711784 36.859104
0.050838 37.255413
0.815581 37.652824
1.584566 38.052440
2.342934 38.446538
3.094977 38.837350
3.853371 39.231462
4.488879 39.561714
5.219725 39.941510
5.956922 40.324607
6.713195 40.717616
7.473696 41.112823
8.221497 41.501431
8.952344 41.881227
9.659887 42.248913
10.401325 42.634214
11.161827 43.029421
11.907507 43.416926
12.665888 43.811031
13.458177 44.222758
14.239862 44.628973
15.000364 45.024180
15.756636 45.417190
16.510787 45.809097
17.315777 46.227423
18.086870 46.628134
18.855855 47.027750
19.586715 47.407553
20.370508 47.814864
21.131009 48.210071
21.842793 48.579962
22.588474 48.967467
23.334155 49.354972
24.065001 49.734769
24.781015 50.106857
25.477978 50.469045
26.179170 50.833431
26.880363 51.197817
27.596376 51.569906
28.312389 51.941994
29.039007 52.319593
29.778325 52.703791
30.513414 53.085792
31.240019 53.463384
31.983578 53.849787
32.674192 54.208676
33.413510 54.592875
34.118931 54.959459
34.822244 55.324947
35.563683 55.710248
36.288180 56.086745
37.008435 56.461037
37.694794 56.817715
38.387515 57.177699
39.114120 57.555291
39.802600 57.913071
40.467788 68.021714
41.128721 79.057625
41.757892 89.563179
42.368000 99.750435
42.906061 108.734687
43.401780 117.011938
43.899595 125.324179
44.346571 132.787553
44.776606 139.968041
45.208774 147.184156
45.626096 154.152374
46.007401 160.519197
46.422615 167.452214
46.115453 160.236956
45.693889 150.334398
45.162165 137.844180
44.539344 123.214086
43.852986 107.091477
43.158156 90.769887
42.848873 83.504809
42.562882 76.786857
41.950665 62.405863
41.202877 44.840263
40.488972 28.070591
39.753883 13.753643
38.997611 12.929500
38.249809 12.114589
37.535917 11.336629
36.794465 10.528638
36.031843 9.697575
35.305238 8.905762
34.557437 8.090851
33.794814 7.259788
33.061847 6.461042
32.303466 5.634602
31.562027 4.826624
30.818468 4.016335
30.081258 3.212966
29.329228 2.393446
28.581426 1.578534
27.844229 0.775179
27.107020 -0.028190
26.346518 -0.856941
25.602959 -1.667230
24.876341 -2.459057
24.145494 -3.255492
23.389234 -4.079621
22.662617 -4.871448
21.923299 -5.677114
21.181860 -6.485092
20.453134 -7.279216
19.688391 -8.112590
18.959665 -8.906714
18.213984 -9.719314
17.449241 -10.552688
16.701440 -11.367599
15.970593 -12.164035
15.220683 -12.981244
14.487716 -13.779990
13.731443 -14.604133
12.994246 -15.407488
12.242216 -16.227008
11.500777 -17.034986
10.755097 -17.847586
9.996716 -18.674026
9.274340 -19.461231
8.541372 -20.259977
7.806284 -21.061035
7.045782 -21.889786
6.302235 -22.700061
5.579859 -23.487266
4.829937 -24.304488
4.096969 -25.103235
3.340710 -25.927364
2.582316 -26.753818
1.849349 -27.552564
1.103681 -28.365151
0.351650 -29.184671
-0.413093 -30.018044
-1.190549 -30.865272
-1.936217 -31.677858
-2.700960 -32.511232
-3.455111 -33.333063
-4.219854 -34.166437
-4.986706 -35.002108
-5.730265 -35.812397
-6.484417 -36.634228
-7.221614 -37.437583
-7.967294 -38.250184
-8.715083 -39.065081
-9.452280 -39.868437
-10.183139 -40.664886
-10.918215 -41.465930
-11.651183 -42.264677
-12.405322 -43.086494
-13.153123 -43.901405
-13.881849 -44.695530
-14.642363 -45.524295
-15.402852 -46.353032
-16.178187 -47.197948
-16.934459 -48.022091
-17.656823 -48.809281
-18.389791 -49.608028
-19.146063 -50.432170
-19.531609 -50.852317
-19.813359 -51.159352
-20.520889 -51.930377
-21.272932 -52.749911
-22.018600 -53.562498
-22.692246 -54.296599
-23.416743 -55.086114
-24.117935 -55.850234
-24.857240 -56.655887
-25.594450 -57.459256
-26.293521 -58.221064
-27.022247 -59.015188
-27.744611 -59.802379
-28.473336 -60.596503
-29.202075 -61.390641
-29.909618 -62.161681
-30.608689 -62.923489
-31.335294 -63.715302
-32.042837 -64.486341
-32.720725 -67.054854
-33.421904 -71.332336
-34.140051 -75.713325
-34.885719 -80.262203
-35.589019 -84.552623
-36.288091 -88.817244
-37.016817 -93.262770
-37.747677 -97.721312
-38.408610 -101.753275
-39.048360 -105.656010
-39.738960 -109.868955
-40.317268 -113.396865
-40.904071 -116.976605
-41.435782 -120.220258
-41.946322 -123.334761
-42.427208 -126.268358
-42.944085 -129.421520
-43.463096 -132.587699
-43.943968 -135.521219
-43.344452 -122.672809
-42.755541 -110.051667
-42.120020 -96.431634
-41.482404 -82.766692
-41.211246 -76.955431
-40.933738 -71.008081
-40.213470 -55.571807
-39.452982 -39.273548
-38.705180 -23.247194
-37.978575 -7.675104
-37.237137 8.214889
-36.466043 18.336859
-35.730955 18.718301
-34.981058 19.107427
-34.237498 19.493265
-33.481226 19.885699
-32.754608 20.262745
-31.991999 20.658468
-31.220905 21.058593
-30.483708 21.441129
-29.708361 21.843461
-28.958464 22.232587
-28.204312 22.623921
-27.420506 23.030643
-26.655763 23.427473
-25.903733 23.817706
-25.136881 24.215629
-24.350955 24.623452
-23.588332 25.019181
-22.819347 25.418212
-22.052496 25.816136
-21.251748 26.231649
-20.493355 26.625183
-19.758279 27.006619
-18.970231 27.415541
-18.188546 27.821162
-17.430166 28.214691
-16.673881 28.607132
-15.890088 29.013847
-15.095677 29.426071
-14.362722 29.806406
-13.589508 30.207631
-12.837490 30.597858
-12.068492 30.996895
-11.305883 31.392618
-10.549611 31.785052
-9.786988 32.180782
-9.022245 32.577611
-8.748979 32.719411
-8.177009 33.016209
-7.414400 33.411932
-6.645415 33.810963
-5.876430 34.209994
-5.122291 34.601321
-4.359669 34.997050
-3.594925 35.393880
-2.836532 35.787415
-2.052726 36.194137
-1.309179 36.579968
-0.535953 36.981200
0.247853 37.387921
1.006234 37.781449
1.766735 38.176078
2.516657 38.565217
3.268688 38.955451
4.054615 39.363273
4.802391 39.751298
5.526900 40.127251
6.249276 40.502096
6.867843 40.823074
7.641044 41.224292
8.405800 41.621129
9.115463 41.989377
9.833597 42.362022
10.606811 42.763247
11.380026 43.164473
12.108752 43.542613
12.856553 43.930652
13.610692 44.321979
14.394510 44.728707
15.182558 45.137630
15.968485 45.545452
16.737457 45.944476
17.523384 46.352298
18.298719 46.754624
19.059220 47.149253
19.832434 47.550478
20.612011 47.955006
21.383104 48.355130
22.135135 48.745364
22.876573 49.130101
23.607433 49.509348
24.340388 49.889683
25.090298 50.278815
25.827507 50.661358
26.558354 51.040599
27.278609 51.414344
27.988273 51.782592
28.693707 52.148646
29.441496 52.536678
30.174476 52.917026
30.915915 53.301763
31.638278 53.676602
32.354304 54.048152
33.112685 54.441680
33.835061 54.816526
34.561678 55.193572
35.275584 55.564022
35.978884 55.928969
36.722444 56.314806
37.425757 56.679760
38.118479 57.039217
38.842963 57.415156
39.561110 57.787807
40.255952 64.484590
40.919006 75.555915
41.569348 86.414969
42.209110 97.097380
42.834039 107.532107
43.391176 116.834870
43.874182 124.899852
44.342342 132.716938
44.797802 140.321966
45.234187 147.608483
45.662113 154.753770
46.030706 160.908323
46.439569 167.735311
46.909850 175.587811
47.458516 184.749131
48.043198 194.511847
48.644823 194.235751
49.265510 189.979656
49.920093 185.491130
50.502668 181.496376
49.905272 167.463526
49.451933 156.814562
48.890555 143.627757
48.246563 128.500357
47.517837 111.382541
47.176766 103.370759
46.312468 83.068337
45.602792 66.398007
44.850749 48.732468
44.117793 31.515310
43.399659 14.646296
42.675162 13.177118
41.931603 12.404090
41.173209 11.615641
40.433892 10.847024
39.711516 10.096020
38.965835 9.320787
38.201092 8.525737
37.474474 7.770322
36.735156 7.001705
35.964050 6.200039
35.241687 5.449048
34.498115 4.676008
33.739734 3.887572
33.017371 3.136581
32.324637 2.416393
31.602274 1.665402
30.886248 0.920999
30.218951 0.227258
29.475405 -0.545756
28.727603 -1.323194
27.981923 -2.098426
27.240484 -2.869249
26.482091 -3.657697
25.757594 -4.410907
24.992863 -5.205944
24.262004 -5.965768
23.507865 -6.749794
22.768535 -7.518425
22.033459 -8.282632
21.294128 -9.051263
20.561160 -9.813279
19.787946 -10.617136
19.057112 -11.376934
18.315661 -12.147769
17.550917 -12.942820
16.788308 -13.735652
16.042627 -14.510885
15.299068 -15.283912
14.547024 -16.065759
13.782281 -16.860810
13.036613 -17.636029
12.288812 -18.413467
11.543132 -19.188699
10.795356 -19.966110
10.020021 -20.772172
9.303995 -21.516575
8.577390 -22.271976
7.825359 -23.053810
7.064858 -23.844450
6.327648 -24.610876
5.588330 -25.379494
4.819358 -26.178941
4.044010 -26.985016
3.279280 -27.780054
2.523007 -28.566297
1.766748 -29.352528
1.008355 -30.140977
0.243611 -30.936028
-0.506311 -31.715670
-1.256208 -32.495286
-1.989188 -33.257315
-2.730614 -34.028124
-3.493237 -34.820970
-4.243146 -35.600599
-5.014252 -36.402264
-5.745086 -37.162062
-6.488646 -37.935089
-7.234326 -38.710322
-7.990599 -39.496566
-8.706612 -40.240955
-9.450159 -41.013969
-10.214902 -41.809020
-10.960583 -42.584252
-11.634229 -43.284596
-12.371426 -44.051008
-13.108635 -44.817434
-13.835240 -45.572835
-14.587271 -46.354669
-15.326601 -47.123300
-16.078632 -47.905134
-16.856075 -48.713388
-17.597514 -49.484210
-18.275389 -50.188950
-19.021069 -50.964182
-19.770979 -51.743811
-20.510297 -52.512429
-21.255977 -53.287661
-22.016479 -54.078302
-22.713442 -54.802886
-23.450626 -55.569286
-24.170881 -56.318085
-24.914441 -57.091113
-25.674955 -57.881766
-26.403681 -58.639372
-27.149349 -59.414592
-27.875967 -60.170006
-28.602572 -60.925407
-29.331298 -61.683013
-30.057903 -62.438414
-30.761203 -63.169587
-31.502655 -63.940422
-32.214439 -64.680415
-32.913498 -68.230850
-33.637995 -72.650577
-34.370962 -77.121979
-35.078505 -81.438276
-35.796626 -85.819110
-36.485106 -90.019117
-37.213832 -94.464643
-37.908674 -98.703465
-38.569608 -102.735428
-39.253846 -106.909558
-39.878775 -110.721879
-40.507933 -114.559999
-41.073540 -118.010434
-41.607372 -121.267026
-42.130624 -124.459080
-42.624210 -127.470153
-43.064824 -130.158077
-43.562664 -133.195104
-44.090133 -136.412880
-44.619735 -139.643673
-45.217118 -143.287950
-45.852639 -147.164886
-46.509330 -149.484217
-47.189339 -149.021924
-47.862998 -148.563948
-48.458260 -148.159269
-47.977387 -137.860957
-47.445663 -126.473630
-46.850402 -113.725579
-46.214881 -100.115347
-45.850518 -92.312194
-44.969265 -73.439389
-44.272314 -58.513581
-43.552072 -43.088959
-42.802150 -27.028716
-42.043769 -10.787333
-41.302330 5.091226
-40.556650 13.244882
-39.798269 13.543277
-39.010234 13.853341
-38.309042 14.129235
-37.559120 14.424303
-36.807102 14.720195
-36.033888 15.024427
-35.290341 15.316986
-34.523477 15.618720
-33.758734 15.919619
-33.008824 16.214681
-32.254673 16.511413
-31.504763 16.806476
-30.733670 17.109873
-29.968939 17.410767
-29.206317 17.710832
-28.460624 18.004235
-27.678952 18.311796
-26.897267 18.619361
-26.132511 18.920265
-25.382614 19.215322
-24.607279 19.520389
-23.827715 19.827120
-23.067200 20.126355
-22.296120 20.429747
-21.516543 20.736483
-20.756042 21.035713
-20.001890 21.332445
-19.237147 21.633344
-18.457570 21.940079
-17.701311 22.237641
-16.938701 22.537700
-16.188779 22.832768
-15.368956 23.155339
-14.648713 23.438728
-13.881849 23.740462
-13.117106 24.041361
-12.350255 24.343090
-11.593982 24.640656
-10.833481 24.939886
-10.068738 25.240785
-9.316707 25.536682
-8.554085 25.836747
-7.742733 26.155985
-6.978002 26.456879
-6.228080 26.751947
-5.486654 27.043671
-4.730382 27.341237
-3.946576 27.649637
-3.186074 27.948867
-2.434031 28.244769
-1.660830 28.548996
-0.913028 28.843230
-0.139814 29.147462
0.620687 29.446692
1.374839 29.743423
2.103565 30.030151
2.726373 30.275204
3.469919 30.567763
4.257967 30.877831
4.988827 31.165399
5.732374 31.457958
6.475946 31.750527
7.232206 32.048088
7.988465 32.345649
8.727796 32.636549
9.452293 32.921613
10.168306 33.203338
10.969053 33.518404
11.699900 33.805966
12.439231 34.096866
13.216674 34.402762
13.998372 34.710332
14.796999 35.024564
15.561742 35.325463
16.334956 35.629695
17.091228 35.927261
17.885626 36.239828
18.652490 36.541562
19.412991 36.840792
20.186205 37.145024
20.938249 37.440926
21.633078 37.714317
22.361804 38.001044
23.115956 38.297776
23.840440 38.582834
24.543753 38.859563
25.280963 39.149629
25.988505 39.428021
26.689698 39.703916
27.416315 39.989814
28.145042 40.276541
28.846234 40.552435
29.568597 40.836660
30.282502 41.117556
30.973116 41.389287
31.699708 41.675176
32.424205 41.960239
33.169885 42.253638
33.883791 42.534534
34.646413 42.834599
35.406914 43.133829
36.105998 43.408893
36.866500 43.708123
37.597347 43.995686
38.319723 44.279915
39.069632 44.574977
39.775067 44.852540
40.493201 45.135101
41.221939 45.421833
41.927374 45.699396
42.632795 45.976954
43.314925 46.245348
43.986450 46.509569
44.660096 48.886632
45.333755 57.012136
45.954442 64.498710
46.539125 71.551006
47.075077 78.015534
47.572917 84.020356
48.064382 89.948280
48.574909 96.106133
49.040974 101.727688
49.468888 106.889078
49.920093 112.331408
50.407329 118.208321
50.911519 124.289735
51.407225 130.268823
51.091579 122.859620
50.636132 112.168832
50.087454 99.289625
49.447691 84.272381
48.746512 67.813480
48.098265 52.597099
47.825000 46.182686
47.519946 39.022106
46.795449 22.015877
46.060373 13.531272
45.316813 12.832235
44.573253 12.133198
43.840286 11.444118
43.094605 10.743086
42.367987 10.059976
41.613849 9.350993
40.874505 8.655920
40.139429 7.964858
39.383170 7.253881
38.620535 6.536911
37.885459 5.845849
37.152478 5.156757
36.396219 4.445780
35.642067 3.736785
34.877324 3.017833
34.157056 2.340693
33.409268 1.637679
32.640295 0.914751
31.890373 0.209732
31.148934 -0.487312
30.413858 -1.178374
29.644861 -1.901326
28.901301 -2.600363
28.164117 -3.293407
27.422666 -3.990462
26.674864 -4.693488
25.948259 -5.376586
25.177153 -6.101520
24.444185 -6.790600
23.711230 -7.479668
22.961308 -8.184687
22.213519 -8.887700
21.459368 -9.596695
20.707337 -10.303696
19.934110 -11.030624
19.179972 -11.739607
18.432183 -12.442620
17.665319 -13.163567
16.917518 -13.866592
16.184550 -14.555672
15.413457 -15.280594
14.655076 -15.993565
13.875499 -16.726463
13.153123 -17.405585
12.386259 -18.126532
11.634241 -18.833521
10.869498 -19.552473
10.096284 -20.279390
9.376016 -20.956530
8.632469 -21.655555
7.867726 -22.374508
7.092391 -23.103418
6.338240 -23.812413
5.581968 -24.523402
4.840541 -25.220433
4.060965 -25.953331
3.287751 -26.680248
2.537828 -27.385267
1.775206 -28.102225
1.021067 -28.811208
0.252082 -29.534149
-0.506298 -30.247120
-1.258329 -30.954121
-2.008238 -31.659128
-2.760269 -32.366129
-3.516541 -33.077118
-4.277055 -33.792095
-5.026952 -34.497090
-5.772633 -35.198121
-6.539484 -35.919056
-7.289406 -36.624075
-8.041424 -37.331064
-8.776525 -38.022149
-9.520072 -38.721175
-10.293287 -39.448091
-10.986008 -40.099335
-11.723205 -40.792390
-12.473114 -41.497397
-13.239979 -42.218344
-13.903033 -42.841696
-14.646593 -43.540734
-15.390139 -44.239759
-16.165474 -44.968669
-16.942930 -45.699573
-17.678019 -46.390647
-18.430049 -47.097648
-19.188417 -47.810607
-19.938340 -48.515626
-20.686128 -49.218639
-21.436051 -49.923658
-22.209265 -50.650575
-22.908336 -51.307788
-23.649762 -52.004819
-24.395443 -52.705851
-25.122048 -53.388949
-25.855016 -54.078029
-26.611275 -54.789005
-27.356943 -55.490025
-28.119578 -56.206995
-28.844062 -56.888100
-29.583380 -57.583149
-30.324819 -58.280193
-31.072607 -58.983206
-31.797104 -59.664322
-32.525830 -60.349414
-33.271498 -61.050433
-33.995995 -61.731549
-34.735313 -62.426599
-35.449205 -63.097746
-36.190657 -64.210536
-36.953266 -68.308500
-37.677763 -72.201662
-38.410718 -76.140275
-39.126744 -79.987917
-39.874533 -84.006240
-40.618093 -88.001837
-41.310801 -91.724181
-41.986568 -95.355488
-42.655985 -98.952672
-43.316931 -102.504336
-43.963031 -105.976223
-44.583718 -109.311551
-45.123913 -112.214344
-45.704354 -115.333405
-46.303857 -118.554901
-46.812264 -121.286878
-47.343987 -124.144151
-47.869348 -126.967234
-48.381996 -129.722004
-47.795193 -117.155093
-47.210523 -104.633875
-46.572881 -90.978221
-45.937373 -77.368261
-45.443788 -66.797695
-44.740487 -51.735896
-44.026582 -36.446993
-43.278793 -20.432443
-42.537355 -4.553884
-41.806508 11.097843
-41.075661 13.347119
-40.319401 13.641971
-39.563129 13.936828
-38.825932 14.224248
-38.101435 14.506717
-37.364238 14.794137
-36.593145 15.094773
-35.834764 15.390452
-35.095447 15.678699
-34.322220 15.980166
-33.572323 16.272538
-32.809688 16.569876
-32.070370 16.858123
-31.292927 17.161234
-30.557838 17.447832
-29.793108 17.745987
-29.015652 18.049103
-28.269971 18.339831
-27.517941 18.633034
-26.753210 18.931189
-25.973634 19.235133
-25.215253 19.530812
-24.467464 19.822361
-23.702721 20.120521
-22.937991 20.418676
-22.164764 20.720144
-21.406383 21.015823
-20.622590 21.321410
-19.864197 21.617094
-19.129108 21.903692
-18.368607 22.200198
-17.591164 22.503310
-16.841241 22.795691
-16.074390 23.094673
-15.330830 23.384574
-14.566100 23.682729
-13.833132 23.968500
-13.062026 24.269140
-12.312117 24.561517
-11.543144 24.861326
-10.786872 25.156183
-10.024250 25.453516
-9.278582 25.744238
-8.518080 26.040744
-7.761795 26.335607
-7.003428 26.631281
-6.240793 26.928619
-5.469699 27.229254
-4.717669 27.522458
-3.967759 27.814834
-3.219971 28.106384
-2.444623 28.408678
-1.673542 28.709309
-0.999884 28.971957
-0.101689 29.322147
0.669417 29.622788
1.415085 29.913510
2.133219 30.193498
2.906433 30.494961
3.694481 30.802206
4.427436 31.087973
5.149825 31.369619
5.872188 31.651256
6.632702 31.947767
7.386841 32.241792
8.107096 32.522607
8.844305 32.810032
9.602686 33.105711
10.335666 33.391488
11.062259 33.674773
11.807939 33.965501
12.555741 34.257055
13.326834 34.557691
14.102169 34.859980
14.856320 35.154011
15.635884 35.457949
16.402749 35.756936
17.146308 36.046836
17.900460 36.340867
18.682144 36.645632
19.448996 36.944614
20.175626 37.227914
20.936128 37.524420
21.686037 37.816797
22.435947 38.109173
23.035463 38.342914
23.770552 38.629512
24.524691 38.923538
25.261900 39.210963
25.956730 39.481864
26.670635 39.760203
27.395132 40.042672
28.102662 40.318525
28.829279 40.601821
29.549535 40.882635
30.278260 41.166753
31.019712 41.455832
31.708192 41.724258
32.443280 42.010856
33.161414 42.290844
33.890141 42.574961
34.612516 42.856603
35.326422 43.134942
36.074223 43.426496
36.788115 43.704830
37.493550 43.979867
38.224396 44.264811
38.931939 44.540669
39.664907 44.826440
40.406345 45.115514
41.101188 45.386421
41.819322 45.666409
42.524756 45.941445
43.215344 46.210693
43.912307 46.482427
44.605029 48.222425
45.301980 56.628869
45.958697 64.550026
46.621751 72.547622
47.280563 80.494055
47.888550 87.827444
48.488054 95.058506
49.030369 101.599779
49.504892 107.323355
49.973065 112.970339
50.432754 118.514996
50.917869 124.366327
51.371208 129.834392
51.771601 134.663832
52.260945 140.566174
51.837260 130.620957
51.383921 119.979655
50.792888 106.106255
50.136171 90.691034
49.418037 73.834159
48.930801 62.397204
48.661764 56.082061
48.187242 44.943514
47.439453 27.390553
46.689531 13.733399
45.965046 13.055703
45.223595 12.362134
44.473686 11.660654
43.721655 10.957190
42.982324 10.265606
42.253599 9.583941
41.524860 8.902265
40.777071 8.202768
40.029282 7.503272
39.292060 6.813660
38.525209 6.096332
37.794362 5.412683
37.063515 4.729035
36.305122 4.019619
35.536149 3.300307
34.805290 2.616646
34.072322 1.931014
33.301229 1.209718
32.555548 0.512194
31.790805 -0.203162
31.045137 -0.900674
30.278273 -1.618014
29.522001 -2.325446
28.789033 -3.011079
28.051836 -3.700667
27.295551 -4.408111
26.556233 -5.099683
25.791503 -5.815027
25.086069 -6.474904
24.350980 -7.162521
23.592599 -7.871925
22.853269 -8.563509
22.103359 -9.264989
21.344966 -9.974405
20.578115 -10.691733
19.821842 -11.399165
19.063462 -12.108569
18.298719 -12.823925
17.546676 -13.527401
16.805250 -14.220946
16.044736 -14.932345
15.301189 -15.627874
14.530083 -16.349182
13.795007 -17.036786
13.034493 -17.748186
12.276112 -18.457590
11.517719 -19.167006
10.782630 -19.854622
10.068738 -20.522411
9.291282 -21.249659
8.558314 -21.935291
7.791450 -22.652631
7.043674 -23.352116
6.278918 -24.067483
5.514188 -24.782827
4.772749 -25.476384
4.039781 -26.162016
3.249625 -26.901144
2.489111 -27.612543
1.713776 -28.337807
0.925741 -29.074951
0.171577 -29.780411
-0.591033 -30.493771
-1.355776 -31.209126
-2.118398 -31.922498
-2.895841 -32.649734
-3.647884 -33.353210
-4.406265 -34.062614
-5.162537 -34.770046
-5.912447 -35.471526
-6.660236 -36.171023
-7.401674 -36.864579
-8.149463 -37.564075
-8.905735 -38.271507
-9.647174 -38.965064
-10.375913 -39.646740
-11.127930 -40.350192
-11.877853 -41.051684
-12.631991 -41.757121
-13.386143 -42.462569
-14.129703 -43.158109
-14.900796 -43.879405
-15.663418 -44.592777
-16.423932 -45.304177
-17.209846 -46.039336
-17.980939 -46.760632
-18.737212 -47.468064
-19.485000 -48.167560
-20.243381 -48.876964
-21.014474 -49.598260
-21.758034 -50.293800
-22.389325 -50.884323
-23.192181 -51.635330
-23.927270 -52.322946
-24.677180 -53.024427
-25.427089 -53.725907
-26.189724 -54.439291
-26.918450 -55.120955
-27.634463 -55.790728
-28.386494 -56.494192
-29.110991 -57.171901
-29.856659 -57.869413
-30.583276 -58.549106
-31.339523 -59.256514
-32.072504 -59.942159
-32.807580 -60.629763
-33.549019 -61.323320
-34.284095 -62.010924
-35.014941 -62.694573
-35.739426 -63.372270
-36.472406 -65.724547
-37.235016 -69.822511
-37.967971 -73.761124
-38.690359 -77.642957
-39.423315 -81.581570
-40.164753 -85.565770
-40.916784 -89.606886
-41.617976 -93.374819
-42.295851 -97.017454
-43.001286 -100.808180
-43.679173 -104.450883
-44.304102 -107.809005
-44.907835 -111.053227
-45.448017 -113.955952
-46.034808 -117.109135
-46.608911 -120.194142
-47.166035 -123.187905
-47.708350 -126.102095
-48.242182 -128.970697
-48.727297 -131.577512
-48.047288 -117.014528
-47.460497 -104.447889
-46.808022 -90.474561
-46.212760 -77.726510
-45.615377 -64.933038
-44.886639 -49.326461
-44.172759 -34.038101
-43.429199 -18.114121
-42.658106 -1.600485
-41.920897 13.118363
-41.185821 13.404099
-40.425306 13.699723
-39.679639 13.989576
-38.936092 14.278604
-38.196774 14.565989
-37.448973 14.856671
-36.680000 15.155583
-35.923728 15.449558
-35.188652 15.735293
-34.430272 16.030088
-33.671878 16.324887
-32.909256 16.621331
-32.155105 16.914481
-31.394616 17.210095
-30.653164 17.498309
-29.886313 17.796396
-29.134283 18.088723
-28.380131 18.381873
-27.615401 18.679136
-26.840066 18.980521
-26.090156 19.272023
-25.310579 19.575057
-24.552199 19.869851
-23.787456 20.167119
-23.026954 20.462738
-22.253740 20.763298
-21.474163 21.066332
-20.692491 21.370181
-19.944690 21.660863
-19.196901 21.951540
-18.406732 22.258691
-17.652594 22.551837
-16.900563 22.844163
-16.131591 23.143075
-15.373210 23.437869
-14.625409 23.728551
-13.862787 24.024995
-13.095923 24.323087
-12.335421 24.618706
-11.577041 24.913500
-10.801706 25.214885
-10.053917 25.505563
-9.306116 25.796245
-8.528660 26.098454
-7.770279 26.393249
-7.022478 26.683931
-6.257747 26.981194
-5.484533 27.281754
-4.719790 27.579022
-3.969880 27.870524
-3.198774 28.170265
-2.429802 28.469177
-1.682001 28.759859
-0.906678 29.061239
-0.154648 29.353565
0.618566 29.654126
1.379080 29.949750
2.133219 30.242895
2.883129 30.534397
3.654234 30.834138
