# cumulative_displacement force displacement
0.000000 -0.000000 0.000000
0.427914 10.100213 0.427914
0.699072 6.433698 0.156756
1.090968 1.134587 -0.235141
1.360005 6.923291 0.033896
1.919249 18.477154 0.593141
2.323859 11.176509 0.188531
2.794140 4.527294 -0.281749
3.126727 -0.175100 -0.614337
3.927475 17.054108 0.186411
4.562996 22.730004 0.821931
5.181562 27.557356 1.440497
5.795899 32.351704 2.054835
6.350927 36.683198 2.609863
6.632677 30.038605 2.328113
7.107187 18.848073 1.853603
7.799908 8.371769 1.160882
8.534997 -0.512343 0.425793
9.251010 -9.165914 -0.290220
9.592069 -13.287868 -0.631279
10.594073 -25.397864 -1.633284
11.327041 -34.256343 -2.366251
11.964683 -41.962732 -3.003893
12.920078 -21.406057 -2.048497
13.655167 -5.589594 -1.313409
14.402968 10.500400 -0.565607
15.142286 20.943273 0.173711
15.688818 24.894521 0.720242
16.051073 27.513506 1.082497
16.542537 31.066635 1.573962
17.074261 34.910825 2.105685
17.586909 38.617105 2.618334
17.851704 32.372356 2.353539
18.355882 20.482173 1.849361
19.046495 9.188843 1.158748
19.785800 0.176465 0.419443
20.531480 -8.913632 -0.326238
21.315286 -18.468491 -1.110043
22.065196 -27.610142 -1.859953
22.599028 -34.117732 -2.393785
23.266324 -42.252296 -3.061081
24.007763 -26.299204 -2.319642
24.696230 -11.485872 -1.631175
25.367767 2.963206 -0.959637
26.111327 18.439503 -0.216078
26.791323 23.320540 0.463918
27.168399 26.027204 0.840994
27.589975 29.053296 1.262571
28.041181 32.292067 1.713776
28.511462 35.667761 2.184057
28.960572 38.891490 2.633167
29.231730 32.496687 2.362010
29.738028 20.556486 1.855711
30.434979 9.152027 1.158761
31.180659 0.065351 0.413080
31.936919 -9.150240 -0.343179
32.718616 -18.675814 -1.124877
33.470647 -27.839870 -1.876908
34.161247 -36.255357 -2.567508
34.654820 -42.269912 -3.061081
34.953511 -35.843150 -2.762390
35.703421 -19.707795 -2.012480
36.457572 -3.481171 -1.258329
37.247741 13.520413 -0.468160
38.004001 22.053148 0.288100
38.601396 26.341847 0.885495
38.969988 28.987969 1.254087
39.476286 32.622683 1.760385
39.995285 36.348569 2.279383
40.543963 40.287528 2.828061
41.118041 44.408833 3.402140
41.696373 48.560682 3.980472
42.289514 52.818838 4.573613
42.878439 57.046725 5.162537
43.477929 61.350468 5.762028
43.982119 71.470686 6.266218
44.327420 63.327353 5.920918
44.848551 51.037326 5.399786
45.441692 37.049087 4.806645
45.878090 26.757380 4.370248
46.524202 13.301471 3.724135
47.246578 6.341922 3.001759
47.971075 -0.638061 2.277262
48.701909 -7.679099 1.546428
49.413693 -14.536605 0.834644
50.144540 -21.577765 0.103797
50.881750 -28.680225 -0.633413
51.610476 -35.700952 -1.362138
52.311656 -42.456291 -2.063318
52.625180 -45.476868 -2.376843
53.394165 -52.885460 -3.145828
53.991548 -58.640792 -3.743211
54.561397 -64.130859 -4.313060
55.059224 -68.927050 -4.810887
55.389678 -72.110726 -5.141341
55.688382 -74.988515 -5.440045
56.213743 -80.049972 -5.965406
56.559044 -83.376681 -6.310706
57.387338 -65.554775 -5.482412
57.861860 -55.344752 -5.007889
58.558811 -40.348884 -4.310939
59.323541 -23.894636 -3.546208
60.092539 -7.348574 -2.777211
60.861511 9.196942 -2.008238
61.611421 20.136570 -1.258329
62.357089 24.528878 -0.512661
63.119724 29.021129 0.249974
63.869634 33.438422 0.999884
64.625906 37.893195 1.756156
65.356740 42.198126 2.486990
65.945652 45.667072 3.075902
66.456192 48.674374 3.586442
67.028162 52.043525 4.158412
67.606482 55.450081 4.736732
68.085233 58.270138 5.215484
68.544935 60.977981 5.675186
68.938953 66.824413 6.069203
69.313908 75.667098 6.444158
69.775718 86.558121 6.905968
70.144323 77.865190 6.537363
70.676033 65.325673 6.005652
71.284021 50.987308 5.397665
71.733105 40.396392 4.948580
72.430069 23.959672 4.251617
73.169386 11.260591 3.512299
73.917188 4.056087 2.764498
74.656506 -3.066684 2.025180
75.425478 -10.475154 1.256208
76.181750 -17.761269 0.499935
76.950722 -25.169739 -0.269037
77.709116 -32.476287 -1.027430
78.446313 -39.578625 -1.764627
79.122080 -46.089132 -2.440394
79.664395 -51.313933 -2.982709
80.376166 -58.171316 -3.694481
81.060417 -64.763556 -4.378731
81.670512 -70.641366 -4.988827
82.172569 -75.478302 -5.490883
82.568720 -79.294919 -5.887034
83.011455 -83.560335 -6.329769
83.839749 -65.738430 -5.501475
84.439252 -52.839272 -4.901971
84.996388 -40.851705 -4.344835
85.748419 -24.670715 -3.592805
86.519512 -8.079565 -2.821711
87.284255 8.374956 -2.056968
88.038407 19.934048 -1.302817
88.788316 24.345117 -0.552907
89.563651 28.905742 0.222428
90.317803 33.341762 0.976579
91.076183 37.802658 1.734960
91.819743 42.176376 2.478519
92.196818 44.394386 2.855595
92.527285 46.338236 3.186062
92.991216 49.067141 3.649993
93.544123 52.319415 4.202900
94.154219 55.908078 4.812995
94.732539 59.309834 5.391315
95.177407 61.926609 5.836183
95.611683 71.570722 6.270460
95.984517 80.363389 6.643294
96.312863 88.106879 6.971640
96.634859 80.513144 6.649644
97.128444 68.872750 6.156058
97.723706 54.834493 5.560797
98.011805 48.040146 5.272697
98.780803 29.904614 4.503699
99.488333 13.995469 3.796170
100.202238 7.117530 3.082265
100.922493 0.178413 2.362010
101.672415 -7.046524 1.612087
102.409600 -14.148739 0.874903
103.117155 -20.965501 0.167348
103.869185 -28.210749 -0.584683
104.597911 -35.231476 -1.313409
105.284270 -41.844027 -1.999767
105.955808 -48.313790 -2.671305
106.419726 -52.783294 -3.135224
107.108206 -59.416278 -3.823703
107.773381 -65.824741 -4.488879
108.353822 -71.416851 -5.069319
108.870712 -76.396698 -5.586209
109.262621 -80.172449 -5.978119
109.669351 -84.090989 -6.384849
110.561196 -64.901699 -5.493004
111.143758 -52.367068 -4.910442
111.751732 -39.285647 -4.302468
112.529188 -22.557595 -3.525012
113.308752 -5.784181 -2.745448
114.077725 10.761335 -1.976476
114.842468 20.638718 -1.211732
115.594498 25.044327 -0.459702
116.386788 29.685784 0.332588
117.153652 34.178292 1.099452
117.920503 38.670726 1.866303
118.642879 42.902610 2.588679
118.990300 44.937902 2.936100
119.386426 47.258519 3.332226
119.873662 50.112884 3.819462
120.456223 53.525696 4.402023
121.068440 57.112233 5.014239
121.653109 60.537395 5.598909
122.108582 66.474886 6.054382
122.504721 75.817152 6.450520
122.875434 84.559801 6.821233
123.252509 93.452504 7.198309
123.629572 102.344908 7.575372
123.998190 111.038139 7.943990
124.498125 122.828286 8.443925
124.945102 133.369483 8.890902
125.478946 145.959318 9.424746
126.008549 158.449117 9.954349
126.578398 145.010176 9.384500
127.078346 133.219729 8.884552
127.671487 119.231490 8.291411
128.071880 109.788889 7.891018
128.749768 93.802031 7.213130
129.465781 76.916048 6.497117
130.192386 59.780275 5.770512
130.925354 42.494449 5.037544
131.675264 24.809078 4.287634
132.406111 11.689200 3.556787
133.128487 4.729651 2.834411
133.844513 -2.168722 2.118385
134.588059 -9.332237 1.374839
135.293494 -16.128565 0.669404
136.003157 -22.965637 -0.040259
136.702216 -29.700543 -0.739318
137.053879 -33.088551 -1.090981
137.933011 -41.558328 -1.970113
138.640553 -48.374967 -2.677655
139.333262 -55.048696 -3.370364
140.030225 -61.763413 -4.067327
140.676338 -67.988221 -4.713440
141.212291 -73.151722 -5.249393
141.671980 -77.580482 -5.709082
142.263012 -83.274637 -6.300114
142.870987 -89.209210 -6.908089
143.190874 -96.092040 -7.227976
143.548875 -103.794918 -7.585977
144.082706 -115.281057 -8.119808
144.667389 -127.861322 -8.704491
145.247830 -140.350319 -9.284932
145.830392 -152.884949 -9.867494
146.321869 -142.310127 -9.376016
146.940435 -129.000809 -8.757450
147.603489 -114.734267 -8.094396
148.103425 -103.977454 -7.594460
148.838514 -88.160992 -6.859372
149.590544 -71.980002 -6.107341
150.329862 -56.072544 -5.368023
151.086134 -39.800286 -4.611751
151.865698 -23.026873 -3.832187
152.621971 -6.754615 -3.075915
153.382472 9.608638 -2.315413
154.130273 20.150584 -1.567612
154.882304 24.394745 -0.815581
155.632213 28.626937 -0.065672
156.365181 32.763516 0.667296
157.127804 37.067453 1.429918
157.754841 40.606202 2.056955
158.405195 44.276543 2.707310
159.015290 47.719678 3.317405
159.695286 51.557306 3.997401
160.404962 55.562435 4.707077
161.087079 59.412032 5.389194
161.758617 66.624641 6.060732
162.387775 81.462286 6.689890
162.972458 95.251052 7.274573
163.432160 106.092357 7.734275
163.934203 117.932223 8.236318
164.364251 128.074175 8.666366
164.732843 136.766807 9.034958
165.050610 144.260806 9.352725
165.321755 150.655310 9.623869
165.756031 160.896999 10.058146
166.082269 168.590770 10.384384
166.681785 154.452178 9.784867
167.183841 142.612012 9.282811
167.817241 127.674332 8.649411
168.154058 119.731070 8.312594
168.959060 100.746432 7.507592
169.696257 83.360869 6.770395
170.437696 65.875271 6.028957
171.174905 48.489408 5.291747
171.952348 30.154704 4.514304
172.702258 13.689336 3.764394
173.443697 6.546132 3.022956
174.199969 -0.739983 2.266683
174.960483 -8.066964 1.506169
175.687088 -15.067258 0.779564
176.400993 -21.945197 0.065659
177.136069 -29.027101 -0.669417
177.839383 -35.802996 -1.372730
178.402869 -41.231763 -1.936217
179.127366 -48.211746 -2.660713
179.847621 -55.150862 -3.380969
180.589047 -62.293944 -4.122395
181.328377 -69.416837 -4.861725
182.025328 -76.131432 -5.558676
182.690503 -82.539895 -6.223851
183.334495 -88.744270 -6.867843
183.868339 -99.829667 -7.401687
184.359804 -110.404216 -7.893152
184.700862 -117.742567 -8.234210
185.005904 -124.305958 -8.539251
185.277061 -130.140296 -8.810409
185.575753 -136.567058 -9.109100
185.957058 -144.771364 -9.490405
186.429472 -154.936026 -9.962820
186.918829 -144.406838 -9.473463
187.520440 -131.462319 -8.871852
188.172903 -117.423675 -8.219389
188.575404 -108.763300 -7.816888
189.316843 -92.810208 -7.075449
190.054039 -76.948384 -6.338253
190.795478 -60.995292 -5.596814
191.526325 -45.270097 -4.865967
192.288947 -28.861211 -4.103345
193.024036 -13.044748 -3.368256
193.776067 3.136242 -2.616225
194.502684 18.333368 -1.889608
195.231410 22.446008 -1.160882
195.985562 26.702139 -0.406730
196.678271 30.611512 0.285979
197.406997 34.724152 1.014705
198.190815 39.147712 1.798523
198.773364 42.435387 2.381072
199.408885 46.022014 3.016593
200.027464 49.513027 3.635172
200.669322 53.135419 4.277030
201.351451 56.985088 4.959160
202.027231 60.798920 5.634939
202.698756 72.419828 6.306464
203.323685 87.157737 6.931393
203.925297 101.345748 7.533005
204.410424 112.786669 8.018132
204.887055 124.027218 8.494763
205.293798 133.619573 8.901506
205.628507 141.513116 9.236215
205.963202 149.406360 9.570911
206.316986 157.749765 9.924694
206.893173 171.338160 10.500881
207.213060 178.882177 10.820768
207.575302 170.339300 10.458526
207.958741 161.296543 10.075088
208.507393 148.357482 9.526435
209.115381 134.019117 8.918448
209.481864 125.376204 8.551964
210.263549 106.941463 7.770279
210.998638 89.605619 7.035190
211.742185 72.070302 6.291644
212.483624 54.584703 5.550205
213.229304 36.999069 4.804524
214.000410 18.813819 4.033418
214.775745 8.811412 3.258083
215.495988 1.872418 2.537841
216.222605 -5.127998 1.811223
216.961923 -12.250769 1.071905
217.688528 -19.251063 0.345300
218.419388 -26.292346 -0.385559
219.145980 -33.292517 -1.112152
219.726434 -38.884750 -1.692605
220.414913 -45.517734 -2.381085
221.130927 -52.415984 -3.097098
221.863882 -59.477455 -3.830053
222.611683 -66.681959 -4.577855
223.346772 -73.763986 -5.312943
224.039481 -80.437715 -6.005652
224.681364 -86.621779 -6.647536
225.344418 -97.869585 -7.310590
225.861296 -108.990924 -7.827467
226.335819 -119.200947 -8.301990
226.681119 -126.630566 -8.647290
227.026419 -134.060186 -8.992591
227.331473 -140.623850 -9.297645
227.657711 -147.643309 -9.623882
228.068670 -156.485674 -10.034842
228.606744 -144.908267 -9.496768
229.235902 -131.371051 -8.867610
229.892606 -117.241138 -8.210906
230.220952 -110.176319 -7.882560
231.066200 -91.989613 -7.037311
231.818231 -75.808624 -6.285281
232.563899 -59.764537 -5.539613
233.305337 -43.811445 -4.798174
234.074322 -27.265655 -4.029189
234.830582 -10.993671 -3.272930
235.588975 5.324221 -2.514537
236.330401 18.990831 -1.773111
237.057019 23.091573 -1.046493
237.815412 27.371643 -0.288099
238.548367 31.508150 0.444856
239.277106 35.620862 1.173594
240.086337 40.187842 1.982826
240.681599 43.547262 2.578087
241.317120 47.133889 3.213608
241.956869 50.744382 3.853358
242.619924 54.486397 4.516412
243.316874 58.419709 5.213363
243.982049 62.327893 5.878538
244.659937 78.314752 6.556426
245.295458 93.302451 7.191947
245.920400 108.040659 7.816888
246.435169 120.180632 8.331657
246.894858 131.021637 8.791346
247.301588 140.613692 9.198077
247.659588 149.056534 9.556077
248.000660 157.100131 9.897148
248.333247 164.943656 10.229736
248.602284 171.288442 10.498772
248.943343 179.331739 10.839831
249.307706 187.924635 11.204194
249.708086 197.366936 11.604574
250.237688 209.856735 12.134177
250.695257 211.896779 12.591745
251.184600 212.434520 13.081089
251.743870 213.049103 13.640359
252.218393 201.858272 13.165836
252.652657 191.616883 12.731572
253.194972 178.827276 12.189257
253.743638 165.887915 11.640591
254.258407 153.747942 11.125822
254.925716 138.010574 10.458514
255.654429 120.825083 9.729800
256.397989 103.289466 8.986241
257.128835 86.053658 8.255394
257.891458 68.068479 7.492771
258.613834 51.032443 6.770395
259.346802 33.746616 6.037428
260.075540 16.560526 5.308689
260.821208 8.895267 4.563021
261.554163 2.632194 3.830066
262.255356 -3.359469 3.128874
262.967140 -9.441638 2.417089
263.693758 -15.650560 1.690472
264.424592 -21.895511 0.959637
265.032579 -27.090738 0.351650
265.649037 -32.358348 -0.264808
266.386234 -38.657668 -1.002005
267.127672 -44.993234 -1.743443
267.828852 -50.984788 -2.444623
268.527924 -56.958328 -3.143695
269.258783 -63.203496 -3.874554
269.979038 -69.358048 -4.594809
270.684460 -75.385849 -5.300231
271.387760 -81.395526 -6.003531
272.035994 -86.934656 -6.651765
272.686348 -97.687322 -7.302119
273.150279 -107.669447 -7.766050
273.573951 -116.785344 -8.189722
274.046340 -126.949459 -8.662111
274.361986 -133.741020 -8.977757
274.639494 -139.711987 -9.255265
274.908543 -145.500964 -9.524314
275.323744 -154.434597 -9.939515
275.764371 -163.915293 -10.380142
276.257956 -174.535477 -10.873727
276.840518 -187.070108 -11.456289
277.450613 -200.197163 -12.066384
278.067059 -206.213310 -12.682830
278.694109 -207.239493 -13.309879
279.321158 -208.265677 -13.936929
279.918541 -209.243310 -14.534312
280.280783 -201.450639 -14.172070
280.768019 -190.969069 -13.684834
281.392947 -177.525393 -13.059905
282.019985 -164.036365 -12.432868
282.619488 -151.139649 -11.833365
283.356698 -135.280554 -11.096155
284.096015 -119.376107 -10.356837
284.856517 -103.015951 -9.596336
285.610668 -86.792398 -8.842185
286.349986 -70.887951 -8.102867
287.102017 -54.710024 -7.350836
287.851939 -38.577449 -6.600914
288.595486 -22.582024 -5.857367
289.311499 -7.178911 -5.141354
290.088955 9.545976 -4.363898
290.838865 19.477175 -3.613988
291.597258 22.303238 -2.855595
291.927724 23.534684 -2.525128
292.425552 25.389779 -2.027301
293.154278 28.105290 -1.298575
293.813090 30.560278 -0.639762
294.550287 33.307355 0.097434
295.264192 35.967638 0.811339
295.961143 38.564743 1.508290
296.683519 41.256592 2.230666
297.395303 43.908972 2.942450
298.088025 46.490317 3.635172
298.797688 49.134794 4.344835
299.541235 51.905534 5.088382
300.255140 54.565818 5.802287
300.949970 57.155019 6.497117
301.617278 59.641666 7.164426
302.293033 62.159785 7.840180
302.945508 73.895791 8.492655
303.521707 87.481914 9.068854
303.994121 98.620918 9.541269
304.540653 111.507522 10.087801
304.945275 121.048053 10.492422
305.402844 131.836998 10.949991
305.796861 141.127487 11.344008
306.142174 149.269578 11.689321
306.451444 156.561826 11.998592
306.781924 164.354158 12.329071
307.093328 171.696713 12.640475
307.514879 181.636413 13.062026
307.813583 188.679517 13.360730
308.099562 195.422570 13.646709
308.523246 205.412578 14.070393
309.078262 192.327088 13.515378
309.501959 182.337657 13.091681
310.052720 169.352474 12.540920
310.684012 154.468635 11.909628
310.965761 147.825882 11.627879
311.855485 126.849034 10.738155
312.563027 110.167445 10.030612
313.298116 92.836401 9.295524
314.022600 75.755378 8.571039
314.787343 57.725176 7.806296
315.535145 40.094408 7.058495
316.253279 23.163098 6.340361
316.971413 12.176010 5.622227
317.681077 7.426858 4.912563
318.426757 2.436674 4.166883
319.130058 -2.269898 3.463582
319.846084 -7.061631 2.747556
320.574810 -11.938353 2.018830
321.307777 -16.843462 1.285862
322.013212 -21.564312 0.580428
322.722862 -26.313380 -0.129223
323.078754 -28.695053 -0.485115
323.998145 -34.847729 -1.404506
324.718401 -39.667763 -2.124761
325.434401 -44.459325 -2.840761
326.150440 -49.251142 -3.556800
326.851620 -53.943521 -4.257980
327.603650 -58.976200 -5.010010
328.323905 -63.796234 -5.730265
329.010264 -68.389430 -6.416624
329.753811 -73.365335 -7.160171
330.474079 -78.185454 -7.880439
331.192213 -82.991295 -8.598573
331.855267 -87.428534 -9.261627
332.444192 -91.654493 -9.850552
332.992844 -103.456255 -10.399204
333.467367 -113.663450 -10.873727
333.882568 -122.594609 -11.288928
334.422763 -134.214431 -11.829123
334.732046 -140.867247 -12.138406
335.047692 -147.656928 -12.454052
335.462905 -156.588360 -12.869266
335.962841 -167.342194 -13.369201
336.431001 -177.412524 -13.837361
336.894932 -187.391885 -14.301292
337.339788 -196.960925 -14.746148
337.750760 -188.120736 -14.335176
338.242224 -177.549115 -13.843711
338.890458 -163.605329 -13.195478
339.602229 -148.294809 -12.483706
340.127590 -136.994064 -11.958345
340.862666 -121.182255 -11.223269
341.604117 -105.233308 -10.481818
342.356135 -89.057073 -9.729800
343.108166 -72.880564 -8.977770
343.847483 -56.977512 -8.238452
344.588922 -41.028838 -7.497013
345.349424 -24.670117 -6.736512
346.095117 -8.629927 -5.990819
346.813251 6.817457 -5.272684
347.575861 18.997975 -4.510075
348.334254 21.650292 -3.751682
349.096876 24.317399 -2.989059
349.855257 26.969671 -2.230679
350.134885 27.947612 -1.951050
350.649654 29.747906 -1.436281
351.397443 32.363136 -0.688492
352.073223 34.726530 -0.012713
352.810432 37.304762 0.724497
353.517962 39.779194 1.432027
354.261522 42.379634 2.175586
354.969064 44.854111 2.883129
355.646952 47.224878 3.561017
356.352373 49.691938 4.266438
357.070520 52.203502 4.984585
357.775954 54.670606 5.690019
358.483497 57.145083 6.397562
359.184689 59.597352 7.098754
359.875277 62.012535 7.789342
360.595532 74.208126 8.509597
361.214111 88.792240 9.128176
361.798781 102.576889 9.712846
362.351688 115.612675 10.265753
362.874928 127.949002 10.788993
363.360043 139.386455 11.274107
363.779486 149.275578 11.693550
364.207412 159.364718 12.121477
364.578113 168.104647 12.492177
364.927655 176.345733 12.841719
365.239059 183.687645 13.153123
365.577996 191.678711 13.492061
366.149979 205.164233 14.064044
366.444428 212.106412 14.358493
367.022761 198.471177 13.780160
367.469725 187.933198 13.333197
368.037466 174.547684 12.765456
368.662394 159.813857 12.140527
368.931431 153.470828 11.871490
369.812684 132.693698 10.990237
370.556244 115.162938 10.246678
371.299791 97.632477 9.503131
371.998862 81.150604 8.804059
372.748785 63.469832 8.054137
373.513528 45.439630 7.289394
374.231662 28.508320 6.571259
374.943433 13.736007 5.859488
375.646747 9.030595 5.156175
376.394535 4.027627 4.408386
377.110549 -0.762753 3.692373
377.835058 -5.609975 2.967863
378.544722 -10.357871 2.258200
379.284027 -15.304081 1.518895
380.000053 -20.094545 0.802869
380.711824 -24.856545 0.091097
381.434200 -29.689493 -0.631279
381.970153 -33.275204 -1.167232
382.684058 -38.051479 -1.881137
383.389480 -42.770996 -2.586558
384.097022 -47.504702 -3.294101
384.840594 -52.479460 -4.037673
385.577791 -57.411566 -4.774870
386.298046 -62.230324 -5.495125
387.016180 -67.034893 -6.213259
387.732194 -71.825272 -6.929272
388.471524 -76.771652 -7.668603
389.191767 -81.590326 -8.388845
389.880259 -86.196580 -9.077338
390.545434 -90.646835 -9.742513
391.176700 -102.909343 -10.373779
391.738079 -114.984834 -10.935157
392.218951 -125.328620 -11.416030
392.612982 -133.804384 -11.810060
392.932856 -140.685035 -12.129935
393.312040 -148.841448 -12.509119
393.661582 -156.360253 -12.858661
393.960274 -162.785234 -13.157352
394.369138 -171.580075 -13.566216
394.822464 -181.331329 -14.019543
395.267332 -190.900642 -14.464411
395.686775 -199.923044 -14.883854
396.116810 -190.672808 -14.453819
396.629471 -179.645246 -13.941158
397.275571 -165.747354 -13.295058
397.981005 -150.573152 -12.589624
398.472469 -140.001532 -12.098160
399.180012 -124.781982 -11.390617
399.929921 -108.651095 -10.640708
400.684073 -92.428966 -9.886556
401.419162 -76.616883 -9.151468
402.150008 -60.896043 -8.420621
402.887205 -45.038612 -7.683424
403.649828 -28.634270 -6.920801
404.387025 -12.776839 -6.183605
405.117871 2.944001 -5.452758
405.867781 18.323792 -4.702848
406.632524 20.998317 -3.938105
407.378205 23.606173 -3.192424
408.123873 26.213986 -2.446757
408.839899 28.718133 -1.730731
409.657601 31.577870 -0.913028
410.392677 34.148640 -0.177952
411.038802 36.408323 0.468173
411.786591 39.023553 1.215961
412.519546 41.586906 1.948917
413.216509 44.024385 2.645880
413.900747 46.417360 3.330118
414.597698 48.854794 4.027068
415.322182 51.388521 4.751553
416.000082 53.759333 5.429453
416.709746 56.241227 6.139117
417.404575 58.671244 6.833946
418.107876 61.130887 7.537247
418.813310 67.915102 8.242681
419.457302 83.098366 8.886673
420.092822 98.081914 9.522193
420.709268 112.615725 10.138639
421.238883 125.102365 10.668254
421.808719 138.537284 11.238090
422.274771 149.525299 11.704142
422.698456 159.514431 12.127827
423.090353 168.754101 12.519723
423.482262 177.994070 12.911633
423.840262 186.434574 13.269633
424.162271 194.026506 13.591642
424.704573 206.812271 14.133944
425.015977 213.933708 14.445348
425.369749 214.322468 14.799119
425.878168 214.881171 15.307539
426.390829 215.444535 15.820199
426.969149 216.080052 16.398519
427.558048 216.727195 16.987418
428.119438 217.344108 17.548809
428.687166 217.967986 18.116537
429.187115 206.180805 17.616589
429.615028 196.091964 17.188675
430.155210 183.356203 16.648494
430.756847 169.171522 16.046856
431.159348 159.681832 15.644355
431.866891 143.000242 14.936813
432.606209 125.569490 14.197495
433.379423 107.339572 13.424281
434.125091 89.759107 12.678613
434.860179 72.428064 11.943525
435.646106 53.898420 11.157598
436.421441 35.618498 10.382263
437.156530 18.287455 9.647174
437.859843 11.553410 8.943861
438.584327 7.586848 8.219376
439.361783 3.330265 7.441921
440.090509 -0.659522 6.713195
440.808643 -4.591318 5.995060
441.543719 -8.615870 5.259984
442.321175 -12.872454 4.482528
443.054143 -16.885464 3.749561
443.776506 -20.840415 3.027197
444.490411 -24.749056 2.313292
445.094169 -28.054641 1.709534
445.814412 -31.997979 0.989292
446.555851 -36.057368 0.247853
447.297302 -40.116826 -0.493598
448.042970 -44.199369 -1.239266
448.782288 -48.247146 -1.978584
449.511014 -52.236932 -2.707310
450.239740 -56.226718 -3.436036
450.983299 -60.297719 -4.179595
451.737451 -64.426710 -4.933747
452.466189 -68.416566 -5.662485
453.165248 -72.243924 -6.361544
453.929991 -76.430905 -7.126288
454.665067 -80.455457 -7.861364
455.359910 -84.259731 -8.556206
456.003901 -87.785595 -9.200197
456.575858 -90.917069 -9.772155
457.116053 -101.587959 -10.312349
457.550329 -110.929438 -10.746626
457.882917 -118.083544 -11.079213
458.249401 -125.966775 -11.445697
458.590459 -133.303094 -11.786756
458.940002 -140.821899 -12.136298
459.285289 -148.249188 -12.481585
459.704732 -157.271590 -12.901028
460.198318 -167.888832 -13.394614
460.666490 -177.959436 -13.862787
461.157955 -188.531056 -14.354251
461.621886 -198.510417 -14.818182
462.068862 -208.125079 -15.265159
462.712854 -211.493269 -15.909150
463.388621 -212.599180 -16.584917
464.053809 -213.687778 -17.250105
464.750747 -214.828335 -17.947043
465.449818 -215.972384 -18.646115
466.072626 -216.991626 -19.268923
466.396730 -210.022557 -18.944819
466.831007 -200.684496 -18.510542
467.396614 -188.522487 -17.944935
468.091456 -173.581589 -17.250093
468.587163 -162.922627 -16.754386
469.290476 -147.799583 -16.051073
470.044615 -131.583662 -15.296934
470.775462 -115.868575 -14.566087
471.519009 -99.880405 -13.822540
472.266810 -83.800752 -13.074739
472.980702 -68.450230 -12.360846
473.705199 -52.871684 -11.636350
474.431804 -37.247807 -10.909745
475.158422 -21.623656 -10.183127
475.914682 -5.362130 -9.426867
476.645529 10.352957 -8.696020
477.372147 18.977571 -7.969402
478.136877 20.663455 -7.204672
478.880437 22.302667 -6.461112
479.619754 23.932528 -5.721794
480.342130 25.525040 -4.999418
481.119586 27.238978 -4.221963
481.865254 28.882837 -3.476295
482.617285 30.540724 -2.724264
483.326948 32.105210 -2.014601
484.057795 33.716396 -1.283754
484.790763 35.332258 -0.550786
485.519501 36.938796 0.177952
486.227031 38.498579 0.885482
486.951528 40.095766 1.609979
487.650587 41.636874 2.309038
488.356034 43.192065 3.014485
489.063563 44.751847 3.722014
489.788060 46.349035 4.446511
490.518907 47.960221 5.177358
491.201024 49.463980 5.859475
491.912808 51.033141 6.571259
492.605530 52.560278 7.263981
493.336364 54.171437 7.994815
494.003673 55.642550 8.662124
494.637073 57.038910 9.295524
495.293777 58.486645 9.952228
495.920814 59.868978 10.579265
496.552106 61.260690 11.210557
497.107121 62.484247 11.765572
497.647316 63.675131 12.305767
498.145130 68.557260 12.803581
498.668383 80.889373 13.326834
499.125951 91.673425 13.784402
499.619549 103.306635 14.278000
500.121606 115.139190 14.780057
500.594008 126.272842 15.252459
501.000738 135.858732 15.659189
501.405347 145.394636 16.063798
501.746418 153.433063 16.404869
502.163740 163.268583 16.822191
502.538695 172.105584 17.197146
502.841641 179.245465 17.500092
503.212354 187.982495 17.870805
503.561883 196.220267 18.220334
504.032164 207.303933 18.690615
504.587180 194.224831 18.135600
505.019335 184.040956 17.703444
505.527755 172.059909 17.195025
506.150550 157.383553 16.572230
506.762766 142.956497 15.960014
507.254256 131.374389 15.468524
507.940615 115.200140 14.782165
508.684162 97.678237 14.038618
509.431963 80.056076 13.290817
510.181873 62.384233 12.540907
510.912720 45.161610 11.810060
511.664750 27.439788 11.058030
512.437964 13.537567 10.284816
513.147627 10.407687 9.575152
513.853062 7.296459 8.869718
514.579667 4.091860 8.143113
515.335939 0.756417 7.386841
516.051952 -2.401468 6.670827
516.778558 -5.606068 5.944222
517.496704 -8.773363 5.226075
518.246614 -12.080744 4.476166
518.966869 -15.257337 3.755911
519.704066 -18.508650 3.018714
520.424321 -21.685244 2.298459
521.142455 -24.852483 1.580324
521.881786 -28.113206 0.840994
522.390192 -30.355468 0.332588
523.123160 -33.588129 -0.400380
523.854007 -36.811436 -1.131227
524.531895 -39.801175 -1.809115
525.239437 -42.921700 -2.516657
525.985118 -46.210429 -3.262338
526.711723 -49.415029 -3.988943
527.465874 -52.741117 -4.743094
528.196721 -55.964424 -5.473941
528.916976 -59.141018 -6.194196
529.666886 -62.448399 -6.944106
530.421037 -65.774487 -7.698257
531.145534 -68.969789 -8.422754
531.857306 -72.108966 -9.134526
532.583923 -75.313622 -9.861144
533.314758 -78.536873 -10.591978
533.990525 -81.517257 -11.267745
534.679017 -84.553765 -11.956237
535.284870 -87.225805 -12.562091
535.806002 -89.524191 -13.083222
536.295346 -91.682379 -13.572566
536.659709 -93.289355 -13.936929
537.013480 -94.980346 -14.290700
537.399027 -102.773158 -14.676247
537.803649 -110.951530 -15.080869
538.197666 -118.915560 -15.474887
538.687010 -128.806359 -15.964230
539.212371 -139.425151 -16.489591
539.735624 -150.001331 -17.012844
540.273684 -160.876820 -17.550905
540.799045 -171.495612 -18.076266
541.313814 -181.900318 -18.591035
541.801050 -191.748505 -19.078270
542.269210 -201.211133 -19.546430
542.627210 -193.514148 -19.188430
543.125038 -182.810890 -18.690603
543.743617 -169.511480 -18.072024
544.461738 -154.071910 -17.353902
544.972278 -143.095330 -16.843362
545.675579 -127.974408 -16.140062
546.465747 -110.985829 -15.349893
547.183881 -95.545986 -14.631759
547.938033 -79.331775 -13.877607
548.683701 -63.299961 -13.131940
549.416668 -47.541196 -12.398972
550.160228 -31.554708 -11.655412
550.893196 -15.795944 -10.922444
551.636743 0.190271 -10.178898
552.397244 16.541007 -9.418396
553.140804 19.581420 -8.674837
553.882242 21.140518 -7.933398
554.655457 22.766433 -7.160184
555.403245 24.338883 -6.412395
556.170109 25.951445 -5.645531
556.917898 27.523896 -4.897742
557.585207 28.927113 -4.230434
558.470689 30.789105 -3.344951
559.246024 32.419480 -2.569616
559.993813 33.991930 -1.821828
560.722551 35.524322 -1.093089
561.447036 37.047768 -0.368605
562.186366 38.602433 0.370726
562.944734 40.197129 1.129093
563.694656 41.774066 1.879016
564.402199 43.261886 2.586558
565.105512 44.740814 3.289871
565.851192 46.308831 4.035552
566.603210 47.890174 4.787570
567.289582 49.333477 5.473941
568.035249 50.901467 6.219609
568.742805 52.389314 6.927164
569.463047 53.903840 7.647407
570.215077 55.485210 8.399437
570.856961 56.834963 9.041320
571.560261 58.313864 9.744621
572.246620 59.757140 10.430980
572.983830 61.307344 11.168190
573.657476 62.723888 11.841836
574.271800 64.015689 12.456160
574.860737 74.135686 13.045097
575.405161 86.965190 13.589521
575.943222 99.644755 14.127582
576.470704 112.075020 14.655063
576.943118 123.207610 15.127478
577.407037 134.139982 15.591396
577.890030 145.521872 16.074390
578.387858 157.253320 16.572217
578.830605 167.686794 17.014965
579.112355 174.326304 17.296714
579.495780 183.361844 17.680140
579.834731 191.349309 18.019090
580.188489 199.685733 18.372849
580.506256 207.173999 18.690615
580.868511 215.710641 19.052870
581.152381 209.021151 18.769000
581.493439 200.984006 18.427941
581.940429 190.450573 17.980952
582.489081 177.521410 17.432299
583.101310 163.094054 16.820070
583.700814 148.966576 16.220567
584.196520 137.285108 15.724861
584.884987 121.061179 15.036394
585.641272 103.239099 14.280109
586.403894 85.267678 13.517486
587.143200 67.845734 12.778181
587.880409 50.473171 12.040972
588.615498 33.150588 11.305883
589.361166 15.578705 10.560215
590.098388 11.477118 9.822993
590.814389 8.319990 9.106992
591.511352 5.246806 8.410029
592.267611 1.912161 7.653769
593.011171 -1.366485 6.910210
593.725076 -4.514373 6.196305
594.449560 -7.708908 5.471820
595.184649 -10.950202 4.736732
595.919738 -14.191496 4.001643
596.665418 -17.479494 3.255962
597.385673 -20.655381 2.535707
598.108037 -23.840564 1.813344
598.845234 -27.091154 1.076147
599.567610 -30.276393 0.353771
600.076029 -32.518212 -0.154648
600.800513 -35.712747 -0.879132
601.522889 -38.897986 -1.601508
602.179606 -41.793709 -2.258225
602.899848 -44.969540 -2.978467
603.639179 -48.229538 -3.717798
604.403909 -51.601535 -4.482528
605.145348 -54.870829 -5.223967
605.852903 -57.990716 -5.931522
606.598571 -61.278658 -6.677190
607.344251 -64.566656 -7.422871
608.070857 -67.770542 -8.149476
608.812295 -71.039836 -8.890914
609.538900 -74.243723 -9.617520
610.267626 -77.456962 -10.346246
610.983652 -80.614201 -11.062271
611.710257 -83.818088 -11.788877
612.381795 -86.779162 -12.460415
613.038487 -89.674773 -13.117106
613.657066 -92.402329 -13.735685
614.173943 -94.681444 -14.252562
614.606099 -102.944375 -14.684718
614.919624 -109.281458 -14.998243
615.300941 -116.988791 -15.379560
615.754268 -126.151597 -15.832887
616.152527 -134.201363 -16.231146
616.631292 -143.878333 -16.709911
617.137577 -154.111566 -17.216196
617.665072 -164.773483 -17.743691
618.177720 -175.135321 -18.256339
618.684018 -185.368811 -18.762637
619.192424 -195.644912 -19.271044
619.624580 -204.379803 -19.703199
620.018610 -195.908177 -19.309169
620.516425 -185.205192 -18.811354
621.137125 -171.860183 -18.190655
621.827712 -157.012583 -17.500067
622.336131 -146.081603 -16.991647
623.024611 -131.279329 -16.303168
623.791463 -114.792069 -15.536316
624.530780 -98.896780 -14.796999
625.261627 -83.183614 -14.066152
625.996716 -67.379250 -13.331063
626.738142 -51.438635 -12.589637
627.471110 -35.679870 -11.856669
628.195607 -20.103229 -11.132172
628.930695 -4.298865 -10.397084
629.680605 11.824148 -9.647174
630.430515 19.133033 -8.897264
631.169832 20.687007 -8.157947
631.928213 22.281049 -7.399566
632.688727 23.879575 -6.639052
633.440758 25.460270 -5.887022
634.173725 27.000896 -5.154054
634.944806 28.621632 -4.382973
635.595160 29.988614 -3.732619
636.516672 31.925542 -2.811107
637.255990 33.479516 -2.071789
638.018612 35.082473 -1.309167
638.762159 36.645336 -0.565620
639.427347 38.043496 0.099568
640.181486 39.628622 0.853707
640.933516 41.209317 1.605737
641.679184 42.776638 2.351405
642.405815 44.303944 3.078035
643.121815 45.808908 3.794036
643.854796 47.349561 4.527017
644.579280 48.872356 5.251501
645.280472 50.346194 5.952693
645.983786 51.824490 6.656007
646.704028 53.338369 7.376249
647.428525 54.861191 8.100746
648.121234 56.317197 8.793455
648.773709 57.688636 9.445930
649.487614 59.189195 10.159835
650.212098 60.711990 10.884319
650.909049 62.176912 11.581270
651.597528 63.624030 12.269749
652.245762 71.140200 12.917983
652.870691 85.866835 13.542912
653.442661 99.345475 14.114882
654.006160 112.624496 14.678381
654.520916 124.754884 15.193137
654.978497 135.537916 15.650718
655.450899 146.670206 16.123120
655.897875 157.203340 16.570096
656.385111 168.685189 17.057332
656.806675 178.619465 17.478896
657.147733 186.656610 17.819954
657.482442 194.544115 18.154663
657.804438 202.132041 18.476658
658.164571 210.618704 18.836792
658.503522 218.606168 19.175743
658.942015 219.613810 19.614236
659.501285 220.228393 20.173506
660.060529 220.842948 20.732750
660.604965 221.441230 21.277186
661.210832 222.107018 21.883053
661.753134 222.702956 22.425355
662.244612 223.243041 22.916833
662.761514 211.062076 22.399930
663.138577 202.176475 22.022867
663.627934 190.644646 21.533510
664.163886 178.014762 20.997558
664.805770 162.888589 20.355674
665.079036 156.448997 20.082408
665.917921 136.680404 19.243523
666.653010 119.357821 18.508434
667.392328 101.935578 17.769116
668.169771 83.614898 16.991673
668.923935 65.842798 16.237509
669.648419 48.770113 15.513025
670.353854 32.146347 14.807590
671.110126 14.498006 14.051318
671.843081 11.670277 13.318363
672.582399 8.818000 12.579045
673.306896 6.022903 11.854548
674.035634 3.211441 11.125810
674.813078 0.212077 10.348366
675.541816 -2.599385 9.619628
676.257830 -5.361753 8.903614
676.986556 -8.173166 8.174888
677.759757 -11.156165 7.401687
678.496967 -14.000308 6.664477
679.227814 -16.819903 5.933630
679.954431 -19.623183 5.207013
680.683157 -22.434596 4.478287
681.426717 -25.303237 3.734727
682.157564 -28.122833 3.003880
682.649028 -30.018896 2.512416
683.343871 -32.699586 1.817573
684.085297 -35.559996 1.076147
684.828856 -38.428637 0.332588
685.568187 -41.280962 -0.406743
686.328688 -44.214965 -1.167244
687.061643 -47.042694 -1.900199
687.796732 -49.878654 -2.635288
688.540292 -52.747295 -3.378848
689.190633 -55.256303 -4.029189
689.949027 -58.182171 -4.787583
690.686223 -61.026265 -5.524779
691.406479 -63.804998 -6.245035
692.156388 -66.698137 -6.994944
692.891477 -69.534098 -7.730033
693.632916 -72.394556 -8.471471
694.355279 -75.181422 -9.193835
695.081897 -77.984702 -9.920453
695.810623 -80.796115 -10.649179
696.480040 -83.378715 -11.318596
697.111319 -85.814179 -11.949874
697.732006 -88.208780 -12.570562
698.240425 -90.170253 -13.078981
698.623850 -91.649503 -13.462406
698.935254 -92.850895 -13.773810
699.337756 -94.403738 -14.176312
699.780490 -101.616994 -14.619046
700.202054 -110.137800 -15.040610
700.629968 -118.786955 -15.468524
701.138387 -129.063313 -15.976943
701.695523 -140.324361 -16.534079
702.250539 -151.542541 -17.089095
702.822509 -163.103411 -17.661064
703.358461 -173.936289 -18.197017
703.896535 -184.812034 -18.735091
704.390120 -194.788570 -19.228676
704.837110 -203.823284 -19.675666
705.377291 -214.741641 -20.215847
706.027633 -219.605595 -20.866189
706.699171 -220.704585 -21.537727
707.383409 -221.824358 -22.221965
708.048584 -222.912935 -22.887140
708.720109 -224.011904 -23.558665
709.319625 -224.993028 -24.158181
709.641621 -218.072908 -23.836185
710.092852 -208.375350 -23.384954
710.666930 -196.037643 -22.810876
711.353276 -181.287148 -22.124530
712.007872 -167.219002 -21.469934
712.571371 -155.108655 -20.906435
713.308556 -139.265580 -20.169251
714.045765 -123.421959 -19.432041
714.816858 -106.850135 -18.660948
715.575239 -90.551524 -17.902568
716.318799 -74.571433 -17.159008
717.062358 -58.591343 -16.415449
717.841922 -41.837467 -15.635884
718.583361 -25.902958 -14.894446
719.316329 -10.150499 -14.161478
720.053526 5.692848 -13.424281
720.841573 18.503867 -12.636233
721.589375 19.680582 -11.888432
722.351997 20.880618 -11.125810
723.104028 22.063987 -10.373779
723.875121 23.277352 -9.602686
724.637743 24.477388 -8.840064
725.389774 25.660757 -8.088033
726.154517 26.864131 -7.323290
726.927718 28.080813 -6.550089
727.683990 29.270857 -5.793816
728.433900 30.450889 -5.043907
729.211356 31.674267 -4.266451
729.990920 32.900962 -3.486887
730.764134 34.117664 -2.713672
731.439901 35.181028 -2.037905
732.204644 36.384401 -1.273162
732.952433 37.561096 -0.525374
733.715068 38.761151 0.237261
734.469207 39.947838 0.991400
735.212779 41.117897 1.734972
735.935142 42.254583 2.457336
736.657506 43.391269 3.179699
737.384136 44.534670 3.906330
738.138275 45.721356 4.660468
738.850059 46.841395 5.372252
739.578785 47.988093 6.100978
740.301161 49.124799 6.823354
741.025658 50.264842 7.547851
741.752250 51.408182 8.274444
742.428030 52.471566 8.950223
743.124981 53.568263 9.647174
743.813473 54.651651 10.335666
744.584566 55.865016 11.106760
745.289988 56.975043 11.812181
745.953055 58.018422 12.475248
746.622459 59.071774 13.144652
747.266451 60.085136 13.788644
747.880788 61.051836 14.402981
748.476049 61.988519 14.998243
749.016244 62.838550 15.538437
749.564922 63.701931 16.087115
750.111467 64.561955 16.633660
750.611402 65.348636 17.133595
751.160080 68.712550 17.682274
751.691791 81.237461 18.213984
752.206560 93.363293 18.728753
752.712858 105.289586 19.235052
753.191623 116.567300 19.713816
753.674604 127.944336 20.196797
754.134306 138.773013 20.656499
754.574920 149.152053 21.097113
755.002846 159.232232 21.525039
755.394755 168.463995 21.916949
755.737922 176.547584 22.260116
756.136181 185.928927 22.658375
756.511149 194.761611 23.033342
756.970838 205.589988 23.493032
757.549158 191.969075 22.914712
757.983435 181.740753 22.480435
758.491854 169.766183 21.972016
759.070174 156.145270 21.393696
759.699344 141.326690 20.764525
760.053103 132.994773 20.410767
760.832680 114.633745 19.631190
761.569889 97.270573 18.893981
762.311315 79.808094 18.152555
763.069708 61.945995 17.394161
763.815389 44.383311 16.648481
764.525052 27.668926 15.938818
765.253778 13.951782 15.210092
765.993109 11.442663 14.470761
766.738776 8.912036 13.725093
767.465382 6.446104 12.998488
768.204699 3.937028 12.259170
768.920725 1.507000 11.543144
769.662164 -1.009274 10.801706
770.437499 -3.640584 10.026371
771.151391 -6.063372 9.312478
771.867417 -8.493401 8.596452
772.610964 -11.016829 7.852905
773.384191 -13.640984 7.079678
774.119267 -16.135665 6.344602
774.848006 -18.608837 5.615864
775.564032 -21.038866 4.899838
776.303337 -23.547899 4.160533
777.046897 -26.071371 3.416973
777.779864 -28.558896 2.684005
778.517061 -31.060774 1.946808
779.256392 -33.569893 1.207478
779.974526 -36.007077 0.489344
780.432094 -37.559959 0.031775
781.171412 -40.069035 -0.707542
781.931926 -42.650046 -1.468057
782.652169 -45.094384 -2.188299
783.387257 -47.589108 -2.923388
784.126588 -50.098227 -3.662718
784.791763 -52.355679 -4.327893
785.548023 -54.922252 -5.084153
786.249202 -57.301896 -5.785333
787.009716 -59.882907 -6.545847
787.749034 -62.391983 -7.285164
788.496823 -64.929807 -8.032953
789.234032 -67.431728 -8.770163
789.973350 -69.940804 -9.509481
790.714789 -72.457078 -10.250919
791.477411 -75.045244 -11.013542
792.197666 -77.489625 -11.733797
792.930634 -79.977151 -12.466765
793.650889 -82.421532 -13.187020
794.330898 -84.729327 -13.867028
795.017257 -87.058672 -14.553387
795.680311 -89.308927 -15.216442
796.347607 -91.573577 -15.883738
796.908973 -93.478724 -16.445103
797.375025 -95.060397 -16.911155
797.737267 -96.289764 -17.273397
798.093159 -97.497581 -17.629289
798.559211 -101.328733 -18.095341
799.071859 -109.905763 -18.607989
799.520956 -117.419536 -19.057087
800.037846 -126.067536 -19.573977
800.586499 -135.246952 -20.122629
801.156348 -144.780999 -20.692478
801.738910 -154.527741 -21.275040
802.334184 -164.487177 -21.870314
802.893441 -173.844015 -22.429572
803.439986 -182.988159 -22.976116
803.933571 -191.246255 -23.469702
804.433507 -199.610591 -23.969637
804.916513 -207.691690 -24.452644
805.276647 -199.953018 -24.092510
805.759641 -189.574295 -23.609516
806.350673 -176.873998 -23.018483
807.022199 -162.444050 -22.346958
807.702207 -147.831804 -21.666949
808.227568 -136.542681 -21.141588
808.958415 -120.838009 -20.410742
809.685033 -105.224214 -19.684124
810.426459 -89.292215 -18.942698
811.184852 -72.995620 -18.184304
811.905095 -57.518821 -17.464062
812.625350 -42.041750 -16.743807
813.385864 -25.699580 -15.983293
814.148486 -9.312108 -15.220671
814.851787 5.800639 -14.517370
815.595346 18.432408 -13.773810
816.362210 19.596923 -13.006946
817.112120 20.735693 -12.257037
817.868380 21.884105 -11.500777
818.620410 23.026095 -10.748747
819.363982 24.155241 -10.005174
820.118108 25.300413 -9.251048
820.863789 26.432760 -8.505368
821.611590 27.568328 -7.757566
822.357271 28.700675 -7.011886
823.164368 29.926287 -6.204788
823.922762 31.077939 -5.446395
824.659959 32.197404 -4.709198
825.414110 33.342614 -3.955047
826.176732 34.500689 -3.192424
826.933005 35.649120 -2.436152
827.668081 36.765364 -1.701076
828.309951 37.740071 -1.059205
829.081044 38.911009 -0.288112
829.816133 40.027272 0.446977
830.566043 41.166041 1.196886
831.337136 42.336979 1.967979
832.074346 43.456463 2.705189
832.805192 44.566285 3.436036
833.519098 45.650380 4.149941
834.296541 46.830960 4.927384
834.989262 47.882887 5.620106
835.692576 48.950898 6.323419
836.404360 50.031772 7.035203
837.137315 51.144795 7.768158
837.874512 52.264260 8.505355
838.507912 53.226104 9.138755
839.187920 54.258726 9.818764
839.891234 55.326737 10.522077
840.613610 56.423695 11.244453
841.312681 57.485265 11.943525
842.007511 58.540393 12.638354
842.704461 59.598742 13.335305
843.426837 60.695700 14.057681
844.140743 61.779795 14.771586
844.780492 62.751282 15.411336
845.418134 63.719568 16.048977
846.047305 64.674990 16.678148
846.623504 65.549973 17.254347
847.161577 71.183724 17.792421
847.689059 83.607270 18.319902
848.184765 95.282423 18.815609
848.684701 107.057183 19.315544
849.186757 118.881895 19.817601
849.741785 131.954227 20.372629
850.216308 143.130453 20.847152
850.631509 152.909501 21.262353
851.063665 163.087870 21.694508
851.449212 172.168479 22.080055
851.828408 181.099529 22.459252
852.184300 189.481698 22.815144
852.548663 198.063379 23.179507
852.929981 207.044381 23.560824
853.307044 215.925180 23.937887
853.934081 201.156852 23.310850
854.385312 190.529208 22.859619
854.914902 178.056009 22.330029
855.488993 164.534702 21.755938
856.152047 148.918077 21.092884
856.440146 142.132597 20.804784
857.306579 121.725905 19.938352
858.041655 104.412984 19.203276
858.795806 86.650790 18.449125
859.535124 69.237965 17.709807
860.276575 51.774888 16.968356
861.005301 34.611526 16.239630
861.729798 17.547771 15.515133
862.458524 12.493758 14.786407
863.193613 9.999487 14.051318
863.937160 7.476516 13.307771
864.674357 4.975092 12.570574
865.390383 2.545504 11.854548
866.129700 0.036883 11.115230
866.898673 -2.572360 10.346258
867.631640 -5.059434 9.613290
868.356137 -7.517765 8.888794
869.082755 -9.983293 8.162176
869.839015 -12.549400 7.405916
870.591058 -15.101200 6.653873
871.302829 -17.516352 5.942101
872.031555 -19.989033 5.213375
872.762402 -22.468911 4.482528
873.508083 -24.999122 3.736848
874.251642 -27.522136 2.993288
874.988839 -30.023560 2.256092
875.711215 -32.474695 1.533716
876.442062 -34.954572 0.802869
877.187730 -37.484740 0.057201
877.944002 -40.050890 -0.699071
878.354974 -41.445382 -1.110043
879.079459 -43.903670 -1.834528
879.816668 -46.405137 -2.571737
880.553865 -48.906562 -3.308934
881.293183 -51.415183 -4.048252
881.973192 -53.722559 -4.728261
882.695555 -56.173650 -5.450624
883.422173 -58.639178 -6.177242
884.174203 -61.190935 -6.929272
884.924113 -63.735496 -7.679182
885.665552 -66.251313 -8.420621
886.400640 -68.745584 -9.155709
887.142079 -71.261401 -9.897148
887.881397 -73.770022 -10.636466
888.637669 -76.336172 -11.392738
889.381229 -78.859186 -12.136298
890.120546 -81.367807 -12.875616
890.845031 -83.826095 -13.600100
891.533510 -86.162214 -14.288580
892.249524 -88.591759 -15.004593
892.925303 -90.884785 -15.680373
893.654029 -93.357466 -16.409098
894.321313 -95.621663 -17.076382
894.876341 -97.504960 -17.631410
895.333909 -101.222280 -18.088978
895.776657 -108.629812 -18.531726
896.136778 -114.654939 -18.891847
896.630363 -122.913035 -19.385432
897.134541 -131.348340 -19.889610
897.573059 -138.685116 -20.328128
898.109012 -147.652050 -20.864081
898.676740 -157.150613 -21.431809
899.255047 -166.826174 -22.010116
899.807954 -176.076771 -22.563023
900.346040 -185.079402 -23.101109
900.862918 -193.727189 -23.617987
901.358611 -202.020557 -24.113681
901.837376 -210.030687 -24.592445
902.258940 -200.971989 -24.170881
902.754646 -190.320092 -23.675175
903.360500 -177.301319 -23.069321
904.048967 -162.507320 -22.380854
904.680246 -148.942197 -21.749575
905.237382 -136.970275 -21.192439
905.983075 -120.946581 -20.446746
906.737226 -104.741135 -19.692595
907.480773 -88.763562 -18.949048
908.237046 -72.512541 -18.192775
908.970001 -56.762568 -17.459820
909.690256 -41.285496 -16.739565
910.457120 -24.806876 -15.972701
911.221863 -8.373830 -15.207958
911.942106 7.102969 -14.487716
912.694136 18.536952 -13.735685
913.469471 19.713176 -12.960350
914.208802 20.834779 -12.221020
914.971411 21.991697 -11.458410
915.723442 23.132567 -10.706379
916.488185 24.292722 -9.941636
917.244457 25.440027 -9.185364
917.992246 26.574461 -8.437575
918.742155 27.712113 -7.687666
919.106518 28.264871 -7.323303
919.578933 28.981549 -6.850888
920.343664 30.141685 -6.086157
921.085102 31.266486 -5.344719
921.841375 32.413791 -4.588446
922.612468 33.583579 -3.817353
923.379319 34.746933 -3.050502
924.125012 35.878188 -2.304809
924.885514 37.031909 -1.544307
925.635411 38.169541 -0.794410
926.262460 39.120809 -0.167361
927.016612 40.264896 0.586791
927.777126 41.418635 1.347305
928.531265 42.562703 2.101444
929.296008 43.722858 2.866187
930.026855 44.831591 3.597034
930.787356 45.985312 4.357535
931.541508 47.129399 5.111687
932.246929 48.199560 5.817108
932.954484 49.272958 6.524663
933.681089 50.375256 7.251268
934.435241 51.519343 8.005420
935.149146 52.602374 8.719325
935.788896 53.572908 9.359075
936.483725 54.627001 10.053904
937.220922 55.745367 10.791101
937.951769 56.854100 11.521948
938.663566 57.933933 12.233745
939.375350 59.013747 12.945529
940.095593 60.106392 13.665771
940.817981 61.202294 14.388160
941.544586 62.304591 15.114765
942.205532 63.307281 15.775711
942.893999 64.351722 16.464178
943.535883 65.325492 17.106062
944.194695 70.534938 17.764874
944.783620 84.405614 18.353799
945.279313 96.080469 18.849492
945.794095 108.204897 19.364274
946.279197 119.630287 19.849376
946.804558 132.003880 20.374737
947.296035 143.579428 20.866214
947.798092 155.404140 21.368271
948.251431 166.081438 21.821610
948.675116 176.060297 22.245295
949.052191 184.941394 22.622370
949.422917 193.672932 22.993096
949.819043 203.002706 23.389222
950.138930 210.536877 23.709109
950.505414 219.168511 24.075593
950.962983 225.019229 24.533161
951.505298 225.615181 25.075477
952.125985 226.297255 25.696164
952.649225 226.872245 26.219404
953.252970 226.993296 26.823149
953.812240 226.371761 27.382419
954.384210 225.736112 27.954389
954.888387 213.861447 27.450212
955.278176 204.680933 27.060423
955.769640 193.105684 26.568959
956.314077 180.282817 26.024522
956.941127 165.514190 25.397473
957.392345 154.886845 24.946254
958.078704 138.721339 24.259896
958.807442 121.557679 23.531157
959.540397 104.294712 22.798202
960.264894 87.230956 22.073705
960.972449 70.566224 21.366150
961.705405 53.303256 20.633195
962.457435 35.591014 19.881164
963.181932 18.527259 19.156667
963.919129 12.793941 18.419470
964.645747 10.568860 17.692853
965.410490 8.227029 16.928109
966.130745 6.021432 16.207854
966.874292 3.744509 15.464307
967.592439 1.545368 14.746161
968.346577 -0.763989 13.992022
969.104971 -3.086374 13.233629
969.840059 -5.337396 12.498540
970.570906 -7.575428 11.767693
971.318695 -9.865339 11.019904
972.089801 -12.226654 10.248798
972.818527 -14.458191 9.520072
973.538782 -16.663789 8.799817
974.282342 -18.940750 8.056258
975.047085 -21.282580 7.291514
975.799103 -23.585443 6.539497
976.527841 -25.817019 5.810758
977.271401 -28.093980 5.067198
978.004369 -30.338507 4.334231
978.750036 -32.621924 3.588563
979.485125 -34.872945 2.853474
980.228685 -37.149906 2.109914
980.794292 -38.881934 1.544307
981.336595 -40.542597 1.002005
982.080154 -42.819559 0.258445
982.836427 -45.135449 -0.497827
983.579986 -47.412410 -1.241387
984.323533 -49.689333 -1.984934
985.062864 -51.953344 -2.724264
985.808544 -54.236800 -3.469945
986.564804 -56.552651 -4.226204
987.318955 -58.862047 -4.980356
988.037089 -61.061150 -5.698490
988.793362 -63.377040 -6.454762
989.539029 -65.660457 -7.200430
990.185142 -67.639012 -7.846543
990.935051 -69.935418 -8.596452
991.663777 -72.166956 -9.325178
992.409458 -74.450412 -10.070859
993.148776 -76.714383 -10.810177
993.919869 -79.075659 -11.581270
994.650716 -81.313691 -12.312117
995.381563 -83.551723 -13.042964
996.095455 -85.737836 -13.756856
996.743689 -87.722885 -14.405089
997.408864 -89.759814 -15.070265
998.071931 -91.790287 -15.733332
998.679905 -93.652054 -16.341306
999.145957 -95.079219 -16.807358
999.508186 -96.188454 -17.169587
999.861970 -97.271826 -17.523371
1000.353448 -99.982025 -18.014848
1000.899979 -109.125956 -18.561380
1001.444403 -118.234616 -19.105804
1001.914697 -126.103020 -19.576097
1002.410390 -134.396388 -20.071791
1002.980239 -143.930436 -20.641640
1003.567043 -153.748146 -21.228444
1004.177138 -163.955548 -21.838539
1004.761821 -173.737774 -22.423222
1005.331657 -183.271609 -22.993058
1005.865489 -192.203059 -23.526890
1006.361195 -200.496639 -24.022596
1006.835718 -208.435800 -24.497119
1007.397084 -217.827910 -25.058484
1008.043209 -227.523799 -25.704610
1008.706263 -228.608905 -26.367664
1009.371438 -229.697482 -27.032839
1010.057797 -230.820726 -27.719198
1010.735672 -231.930087 -28.397073
1011.343659 -232.605426 -29.005060
1011.705901 -224.824890 -28.642818
1012.157120 -215.133250 -28.191600
1012.733319 -202.757171 -27.615401
1013.402736 -188.378879 -26.945984
1014.072153 -174.000587 -26.276567
1014.550905 -163.717557 -25.797815
1015.269039 -148.292877 -25.079681
1016.008369 -132.412925 -24.340350
1016.732854 -116.851854 -23.615866
1017.461567 -101.199946 -22.887153
1018.200897 -85.319994 -22.147822
1018.969882 -68.803098 -21.378837
1019.707067 -52.969246 -20.641653
1020.450626 -36.998457 -19.898093
1021.200548 -20.891006 -19.148171
1021.963158 -4.511046 -18.385561
1022.717309 11.687242 -17.631410
1023.469340 18.709070 -16.879379
1024.225612 19.601967 -16.123107
1024.509470 19.937105 -15.839249
1025.111107 20.647431 -15.237612
1025.839833 21.507805 -14.508886
1026.585501 22.388181 -13.763219
1027.360836 23.303584 -12.987884
1028.108625 24.186465 -12.240095
1028.858534 25.071849 -11.490185
1029.599973 25.947233 -10.748747
1030.358366 26.842634 -9.990353
1031.108276 27.728018 -9.240444
1031.860306 28.615907 -8.488413
1032.608108 29.498802 -7.740612
1033.381309 30.411686 -6.967410
1034.133352 31.299590 -6.215367
1034.876899 32.177462 -5.471820
1035.637400 33.075352 -4.711319
1036.391565 33.965760 -3.957155
1037.113928 34.818622 -3.234792
1037.740965 35.558936 -2.607754
1038.495116 36.449329 -1.853603
1039.228084 37.314711 -1.120635
1040.009769 38.237612 -0.338950
1040.755450 39.118003 0.406730
1041.515951 40.015893 1.167232
1042.272211 40.908775 1.923491
1043.009420 41.779165 2.660701
1043.746630 42.649555 3.397910
1044.479585 43.514922 4.130865
1045.240099 44.412827 4.891380
1045.962475 45.265704 5.613756
1046.672138 46.103572 6.323419
1047.369076 46.926415 7.020357
1048.108407 47.799309 7.759687
1048.860437 48.687198 8.511718
1049.498079 49.440033 9.149359
1050.184425 50.250371 9.835705
1050.883509 51.075748 10.534790
1051.618585 51.943619 11.269866
1052.328261 52.781502 11.979542
1053.054866 53.639372 12.706147
1053.758167 54.469727 13.409447
1054.499606 55.345111 14.150886
1055.234694 56.212997 14.885975
1055.912582 57.013349 15.563863
1056.613762 57.841200 16.265042
1057.281058 58.629046 16.932339
1057.965309 59.436910 17.616589
1058.556341 60.134716 18.207622
1059.153724 60.840019 18.805004
1059.693931 61.477817 19.345212
1060.261659 62.148108 19.912940
1060.827266 62.815895 20.478547
1061.346277 63.428668 20.997558
1061.916126 64.101463 21.567407
1062.477504 64.764257 22.128785
1063.057945 65.449558 22.709226
1063.579077 71.970486 23.230357
1064.064179 83.390829 23.715459
1064.585311 95.659395 24.236591
1065.106442 107.927960 24.757723
1065.595786 119.448165 25.247067
1066.089372 131.068231 25.740652
1066.542711 141.740812 26.193991
1066.987566 152.213671 26.638847
1067.379488 161.440359 27.030769
1067.765035 170.516957 27.416315
1068.165402 179.942470 27.816683
1068.597558 190.116344 28.248839
1069.061489 201.038279 28.712770
1069.332647 194.655443 28.441612
1069.703360 185.929155 28.070899
1070.129165 175.906030 27.645093
1070.646055 163.738852 27.128203
1071.203192 150.624307 26.571067
1071.878959 134.717291 25.895300
1072.287810 125.093262 25.486449
1073.020778 107.839784 24.753481
1073.736791 90.985402 24.037468
1074.488834 73.282905 23.285425
1075.204847 56.428522 22.569411
1075.933573 39.274893 21.840685
1076.647478 22.470136 21.126780
1077.369854 13.532957 20.404404
1078.134598 11.549334 19.639661
1078.842140 9.714081 18.932119
1079.570879 7.823848 18.203380
1080.316559 5.889670 17.457699
1081.057985 3.966528 16.716273
1081.786724 2.076295 15.987535
1082.528150 0.153154 15.246109
1083.271722 -1.775555 14.502536
1084.038574 -3.764647 13.735685
1084.775771 -5.676819 12.998488
1085.525693 -7.621999 12.248566
1086.252311 -9.506731 11.521948
1086.993737 -11.429873 10.780522
1087.783905 -13.479445 9.990353
1088.493569 -15.320200 9.280690
1089.239236 -17.254344 8.535022
1089.987038 -19.194023 7.787221
1090.734826 -21.133668 7.039432
1091.474157 -23.051375 6.300102
1092.217704 -24.980018 5.556555
1092.946430 -26.870218 4.827829
1093.687881 -28.793426 4.086377
1094.429320 -30.716601 3.344939
1095.177109 -32.656246 2.597150
1095.905835 -34.546446 1.868424
1096.645165 -36.464153 1.129093
1097.399304 -38.420270 0.374955
1098.149213 -40.365417 -0.374955
1098.462738 -41.178651 -0.688480
1099.191477 -43.068884 -1.417218
1099.922311 -44.964552 -2.148053
1100.674342 -46.915200 -2.900083
1101.409430 -48.821904 -3.635172
1102.142398 -50.723107 -4.368140
1102.871124 -52.613307 -5.096866
1103.637976 -54.602398 -5.863717
1104.379414 -56.525573 -6.605156
1105.118745 -58.443280 -7.344486
1105.860171 -60.366421 -8.085912
1106.614322 -62.322571 -8.840064
1107.290089 -64.075404 -9.515831
1108.027299 -65.987609 -10.253040
1108.781438 -67.943726 -11.007179
1109.527118 -69.877903 -11.752859
1110.274919 -71.817582 -12.500661
1111.031179 -73.779199 -13.256920
1111.747192 -75.636425 -13.972934
1112.478052 -77.532159 -14.703793
1113.211007 -79.433329 -15.436748
1113.963038 -81.383977 -16.188779
1114.681172 -83.246704 -16.906913
1115.356939 -84.999537 -17.582680
1116.087786 -86.895238 -18.313527
1116.769915 -88.664575 -18.995657
1117.394832 -90.285508 -19.620573
1117.884188 -91.554822 -20.109929
1118.341756 -92.741681 -20.567498
1118.723074 -93.730759 -20.948815
1119.229372 -95.044016 -21.455113
1119.778037 -101.472643 -22.003779
1120.352115 -109.202617 -22.577857
1120.930435 -116.989707 -23.156177
1121.409187 -123.436112 -23.634929
1121.957853 -130.823903 -24.183594
1122.565840 -139.010463 -24.791581
1123.171693 -147.168293 -25.397435
1123.747892 -154.926825 -25.973634
1124.334696 -162.828147 -26.560437
1124.908774 -170.558121 -27.134515
1125.453210 -177.888967 -27.678952
1125.978571 -184.962963 -28.204312
1126.497569 -191.951285 -28.723311
1126.997517 -198.683098 -29.223259
1127.450857 -188.947124 -28.769920
1127.955034 -178.119345 -28.265742
1128.554537 -165.244327 -27.666239
1129.247259 -150.367347 -26.973517
1129.880646 -136.764640 -26.340130
1130.401778 -125.572743 -25.818998
1131.134733 -109.831701 -25.086043
1131.874063 -93.953739 -24.346713
1132.609152 -78.166875 -23.611624
1133.346336 -62.335008 -22.874440
1134.104730 -46.047654 -22.116047
1134.871581 -29.578650 -21.349195
1135.634216 -13.200198 -20.586560
1136.377763 2.768316 -19.843013
1137.144614 18.233710 -19.076162
1137.928433 19.119499 -18.292343
1138.691055 19.981334 -17.529721
1139.436736 20.824023 -16.784041
1140.377285 21.886932 -15.843491
1141.148391 22.758354 -15.072385
1141.889830 23.596250 -14.330947
1142.650331 24.455688 -13.570445
1143.404482 25.307950 -12.816294
1144.175576 26.179358 -12.045201
1144.919135 27.019651 -11.301641
1145.677516 27.876692 -10.543261
1146.450730 28.750497 -9.770046
1147.213352 29.612332 -9.007424
1147.965383 30.462197 -8.255394
1148.721642 31.316842 -7.499134
1149.488506 32.183470 -6.732270
1150.265962 33.062069 -5.954814
1150.990446 33.880804 -5.230330
1151.753081 34.742653 -4.467695
1152.341993 35.408179 -3.878783
1153.113086 36.279587 -3.107690
1153.879950 37.146216 -2.340826
1154.631968 37.996067 -1.588808
1155.398832 38.862695 -0.821944
1156.176288 39.741294 -0.044488
1156.943140 40.607908 0.722363
1157.707883 41.472140 1.487107
1158.464155 42.326799 2.243379
1159.216186 43.176664 2.995409
1159.957624 44.014560 3.736848
1160.739309 44.897937 4.518533
1161.484990 45.740627 5.264214
1162.209487 46.559376 5.988710
1162.921258 47.363745 6.700482
1163.654226 48.192068 7.433450
1164.433790 49.073049 8.213014
1165.130753 49.860683 8.909977
1165.800170 50.617187 9.579394
1166.482287 51.388044 10.261511
1167.249151 52.254672 11.028375
1167.956694 53.054262 11.735918
1168.666344 53.856234 12.445568
1169.395083 54.679777 13.174307
1170.125930 55.505703 13.905154
1170.886431 56.365141 14.665655
1171.604578 57.176715 15.383802
1172.320592 57.985877 16.099815
1173.040847 58.799833 16.820070
1173.788635 59.644905 17.567859
1174.485599 60.432539 18.264823
1175.184670 61.222556 18.963894
1175.847725 61.971870 19.626948
1176.508671 62.718801 20.287894
1177.110295 63.398693 20.889519
1177.690736 64.054646 21.469960
1178.256343 64.693835 22.035567
1178.815600 65.325849 22.594824
1179.381220 70.205714 23.160444
1179.927765 83.070936 23.706988
1180.467959 95.786683 24.247183
1181.010262 108.552057 24.789486
1181.554698 121.367653 25.333922
1182.031342 132.587466 25.810566
1182.516444 144.006378 26.295668
1182.993087 155.226191 26.772311
1183.435835 165.648112 27.215059
1183.853170 175.471838 27.632393
1184.249295 184.796321 28.028519
1184.626384 193.672681 28.405607
1185.016159 202.847691 28.795383
1185.448328 213.020588 29.227551
1185.732198 206.338505 28.943681
1186.113516 197.362595 28.562364
1186.585917 186.242631 28.089962
1187.102807 174.075452 27.573072
1187.693853 160.162717 26.982026
1188.361136 144.455398 26.314743
1188.719149 136.028057 25.956730
1189.517776 117.229019 25.158103
1190.257106 99.825768 24.418773
1190.973120 82.971386 23.702759
1191.699738 65.867382 22.976142
1192.417884 48.962777 22.257995
1193.150840 31.709598 21.525039
1193.862624 14.954765 20.813255
1194.614654 12.628159 20.061225
1195.349743 10.721714 19.326136
1196.078469 8.831770 18.597410
1196.807195 6.941827 17.868684
1197.563467 4.980442 17.112412
1198.290072 3.095999 16.385807
1199.048466 1.129114 15.627413
1199.777192 -0.760830 14.898687
1200.524980 -2.700212 14.150899
1201.285494 -4.672598 13.390385
1202.033296 -6.612013 12.642583
1202.768372 -8.518425 11.907507
1203.520402 -10.468809 11.155477
1204.285145 -12.452163 10.390734
1205.035055 -14.397046 9.640824
1205.755310 -16.265020 8.920569
1206.492520 -18.176966 8.183359
1207.246658 -20.132817 7.429221
1207.996581 -22.077733 6.679298
1208.731657 -23.984145 5.944222
1209.451912 -25.852120 5.223967
1210.174288 -27.725595 4.501591
1210.939031 -29.708948 3.736848
1211.678349 -31.626362 2.997530
1212.417679 -33.543808 2.258200
1213.148514 -35.439219 1.527365
1213.898436 -37.384135 0.777443
1214.644104 -39.318017 0.031775
1215.391892 -41.257399 -0.716013
1216.129102 -43.169345 -1.453223
1216.806990 -44.927441 -2.131111
1217.107802 -38.467157 -1.830299
1217.747552 -42.474398 -2.470048
1218.486882 -47.105388 -3.209379
1219.228321 -51.749583 -3.950818
1219.959155 -56.327354 -4.681652
1220.694244 -60.931775 -5.416741
1221.467458 -65.775004 -6.189955
1222.206776 -70.405914 -6.929272
1222.941865 -75.010335 -7.664361
1223.685411 -79.667736 -8.407908
1224.441684 -84.404845 -9.164180
1225.098388 -88.518284 -9.820885
1225.816522 -93.016506 -10.539019
1226.591857 -97.873020 -11.314354
1227.339646 -102.556990 -12.062143
1228.102268 -107.333874 -12.824765
1228.828886 -111.885235 -13.551383
1229.578796 -116.582490 -14.301292
1230.343539 -121.372659 -15.066035
1231.070144 -125.923941 -15.792640
1231.809462 -130.554851 -16.531958
1232.569976 -135.318530 -17.292472
1233.288110 -139.816752 -18.010607
1234.016836 -144.381318 -18.739333
1234.709545 -148.720281 -19.432041
1235.410725 -153.112304 -20.133221
1236.071683 -157.252392 -20.794180
1236.628807 -160.742082 -21.351304
1237.141468 -163.953267 -21.863964
1237.609628 -166.885711 -22.332124
1238.035421 -169.552776 -22.757917
1238.550190 -172.777167 -23.272686
1239.132752 -176.426195 -23.855248
1239.706842 -180.022163 -24.429339
1240.208899 -183.166924 -24.931395
1240.744852 -186.524004 -25.467348
1241.308338 -190.053548 -26.030834
1241.893008 -193.715781 -26.615504
1242.475582 -197.364889 -27.198079
1243.017885 -200.761743 -27.740381
1243.539017 -204.025989 -28.261513
1244.055894 -207.263585 -28.778391
1244.545250 -210.328797 -29.267747
1245.034607 -199.819313 -28.778391
1245.545134 -188.855160 -28.267863
1246.150988 -175.843769 -27.662010
1246.822525 -161.421730 -26.990472
1247.445333 -148.046222 -26.367664
1247.941040 -137.400364 -25.871957
1248.680358 -121.522676 -25.132640
1249.415446 -105.735812 -24.397551
1250.129339 -90.404162 -23.683658
1250.853823 -74.845042 -22.959174
1251.601612 -58.785431 -22.211386
1252.368476 -42.316155 -21.444522
1253.103564 -26.529291 -20.709433
1253.834411 -10.833524 -19.978586
1254.582200 5.226087 -19.230797
1255.340593 18.355582 -18.472404
1256.096866 19.220467 -17.716132
1256.838292 20.068375 -16.974706
1257.723786 21.081042 -16.089211
1258.509713 21.979841 -15.303284
1259.234197 22.808373 -14.578800
1259.984107 23.665982 -13.828890
1260.742500 24.533294 -13.070497
1261.496639 25.395740 -12.316358
1262.246561 26.253363 -11.566436
1262.968924 27.079470 -10.844073
1263.723076 27.941931 -10.089921
1264.485698 28.814078 -9.327299
1265.225016 29.659575 -8.587981
1265.957984 30.497809 -7.855014
1266.718485 31.367531 -7.094512
1267.468395 32.225141 -6.344602
1268.231030 33.097303 -5.581968
1268.974577 33.947636 -4.838421
1269.737199 34.819784 -4.075798
1270.480759 35.670131 -3.332239
1271.046366 36.316969 -2.766631
1271.792046 37.169742 -2.020951
1272.541956 38.027351 -1.271041
1273.302457 38.897073 -0.510540
1274.033304 39.732882 0.220307
1274.812868 40.624405 0.999871
1275.560670 41.479603 1.747672
1276.289396 42.312987 2.476398
1277.024484 43.153647 3.211487
1277.784998 44.023383 3.972001
1278.551850 44.900368 4.738853
1279.299639 45.755552 5.486641
1280.045319 46.608324 6.232322
1280.757103 47.422333 6.944106
1281.504892 48.277517 7.691895
1282.197601 49.069710 8.384604
1282.892443 49.864344 9.079446
1283.574573 50.644439 9.761576
1284.288465 51.460858 10.475468
1285.021433 52.299093 11.208436
1285.745930 53.127640 11.932933
1286.472535 53.958597 12.659538
1287.182211 54.770195 13.369214
1287.923637 55.618102 14.110640
1288.662955 56.463599 14.849958
1289.372631 57.275196 15.559634
1290.090765 58.096467 16.277768
1290.811007 58.920148 16.998010
1291.556688 59.772921 17.743691
1292.249409 60.565129 18.436412
1292.935768 61.350060 19.122771
1293.611548 62.122894 19.798551
1294.302136 62.912662 20.489139
1294.939777 63.641879 21.126780
1295.577406 64.371082 21.764409
1296.159981 65.037324 22.346984
1296.746772 65.708388 22.933774
1297.295437 77.785238 23.482440
1297.865286 91.199029 24.052289
1298.382176 103.366208 24.569179
1298.922370 116.081956 25.109373
1299.473157 129.047026 25.660159
1300.030293 142.161571 26.217296
1300.498453 153.181686 26.685456
1300.960276 164.052627 27.147279
1301.400890 174.424324 27.587892
1301.839408 184.746696 28.026411
1302.258851 194.620047 28.445854
1302.604139 202.747842 28.791141
1302.955802 211.025709 29.142804
1303.349832 220.300865 29.536835
1303.868843 223.400694 30.055845
1304.455633 222.748574 30.642636
1305.004299 222.138824 31.191302
1305.593211 221.484347 31.780213
1306.199077 220.811028 32.386080
1306.794351 220.149480 32.981354
1307.362079 219.518545 33.549082
1307.874740 207.450916 33.036421
1308.289941 197.677413 32.621220
1308.779298 186.158353 32.131864
1309.359726 172.495539 31.551436
1309.997367 157.485964 30.913794
1310.446477 146.914270 30.464684
1311.141320 130.558234 29.769841
1311.893338 112.856334 29.017824
1312.630547 95.503008 28.280614
1313.348694 78.598402 27.562467
1314.064695 61.744319 26.846466
1314.797663 44.490841 26.113499
1315.532751 27.187439 25.378410
1316.269961 14.059505 24.641200
1316.985974 12.364492 23.925187
1317.729534 10.604268 23.181628
1318.466731 8.859106 22.444431
1319.201819 7.118935 21.709342
1319.941150 5.368723 20.970011
1320.678347 3.623562 20.232814
1321.440982 1.818181 19.470180
1322.173937 0.083061 18.737224
1322.925967 -1.697216 17.985194
1323.675877 -3.472473 17.235284
1324.413087 -5.217664 16.498075
1325.156646 -6.977888 15.754515
1325.891722 -8.718029 15.019439
1326.650115 -10.513368 14.261046
1327.389433 -12.263551 13.521728
1328.139343 -14.038807 12.771819
1328.885023 -15.804051 12.026138
1329.624354 -17.554264 11.286808
1330.397568 -19.384689 10.513593
1331.170782 -21.215114 9.740379
1331.891037 -22.920169 9.020124
1332.626113 -24.660310 8.285048
1333.388735 -26.465660 7.522426
1334.140766 -28.245938 6.770395
1334.871613 -29.976067 6.039549
1335.602472 -31.706226 5.308689
1336.333306 -33.436325 4.577855
1337.083229 -35.211611 3.827932
1337.818305 -36.951752 3.092856
1338.568214 -38.727008 2.342947
1339.294832 -40.447126 1.616329
1339.640120 -41.264523 1.271041
1340.358267 -42.964588 0.552894
1341.118768 -44.764918 -0.207607
1341.855978 -46.510110 -0.944816
1342.603766 -48.280345 -1.692605
1343.328251 -49.995412 -2.417089
1344.078160 -51.770668 -3.166999
1344.823841 -53.535913 -3.912679
1345.577992 -55.321211 -4.666831
1346.317310 -57.071393 -5.406149
1347.086295 -58.891806 -6.175134
1347.853146 -60.707169 -6.941985
1348.603056 -62.482425 -7.691895
1349.359328 -64.272743 -8.448167
1350.098646 -66.022926 -9.187485
1350.844326 -67.788170 -9.933165
1351.600586 -69.578459 -10.689425
1352.363208 -71.383810 -11.452047
1353.111010 -73.154075 -12.199849
1353.759230 -74.688604 -12.848069
1354.494319 -76.428775 -13.583158
1355.225166 -78.158904 -14.314005
1355.981426 -79.949193 -15.070265
1356.701681 -81.654248 -15.790520
1357.462195 -83.454608 -16.551034
1358.148554 -85.079421 -17.237392
1358.834900 -86.704204 -17.923739
1359.481012 -88.233742 -18.569851
1360.137729 -89.788384 -19.226568
1360.673669 -91.057111 -19.762508
1361.127008 -92.130298 -20.215847
1361.599410 -93.248612 -20.688249
1362.086646 -94.402042 -21.175485
1362.705212 -98.648654 -21.794051
1363.342841 -107.234341 -22.431680
1363.948707 -115.392342 -23.037546
1364.584228 -123.949642 -23.673067
1365.187960 -132.078915 -24.276799
1365.711213 -139.124523 -24.800052
1366.228103 -146.084458 -25.316942
1366.759814 -153.243957 -25.848653
1367.348726 -161.173666 -26.437565
1367.944000 -169.189048 -27.032839
1368.511728 -176.833519 -27.600567
1369.054044 -184.135808 -28.142882
1369.596346 -191.437926 -28.685185
1370.149254 -198.882833 -29.238092
1370.746636 -206.926602 -29.835475
1371.348248 -215.027317 -30.437087
1371.975298 -218.087218 -31.064137
1372.629881 -213.471859 -31.718720
1373.284464 -208.856500 -32.373303
1373.962352 -204.076824 -33.051191
1374.574569 -199.760189 -33.663407
1375.006711 -190.484593 -33.231265
1375.500310 -179.889910 -32.737666
1376.089209 -167.249672 -32.148767
1376.739576 -153.290074 -31.498400
1377.347537 -140.240671 -30.890439
1377.906795 -128.236671 -30.331181
1378.616458 -113.004326 -29.621518
1379.336726 -97.544364 -28.901250
1380.061197 -81.994173 -28.176779
1380.798407 -66.170570 -27.439569
1381.550437 -50.028847 -26.687539
1382.287634 -34.205516 -25.950342
1383.029073 -18.291138 -25.208903
1383.783212 -2.104165 -24.454764
1384.535255 14.037830 -23.702721
1385.274573 18.651536 -22.963403
1386.016011 19.294111 -22.221965
1386.914219 20.072551 -21.323757
1387.670478 20.727971 -20.567498
1388.420388 21.377888 -19.817588
1389.176648 22.033307 -19.061328
1389.949874 22.703432 -18.288102
1390.699771 23.353337 -17.538205
1391.447573 24.001427 -16.790403
1392.239849 24.688061 -15.998126
1392.994001 25.341654 -15.243975
1393.731198 25.980552 -14.506778
1394.489578 26.637810 -13.748398
1395.256442 27.302420 -12.981534
1396.002110 27.948661 -12.235866
1396.764732 28.609595 -11.473244
1397.506184 29.252181 -10.731792
1398.260335 29.905773 -9.977641
1399.016595 30.561193 -9.221381
1399.758034 31.203768 -8.479942
1400.520656 31.864702 -7.717320
1401.291749 32.532978 -6.946227
1402.043780 33.184732 -6.194196
1402.577624 33.647394 -5.660352
1403.304229 34.277113 -4.933747
1404.088035 34.956406 -4.149941
1404.837945 35.606322 -3.400031
1405.611159 36.276436 -2.626817
1406.356839 36.922687 -1.881137
1407.106749 37.572604 -1.131227
1407.886326 38.248231 -0.351650
1408.621402 38.885292 0.383426
1409.384024 39.546226 1.146048
1410.174193 40.231033 1.936217
1410.930465 40.886464 2.692489
1411.682495 41.538219 3.444519
1412.423921 42.180783 4.185945
1413.211969 42.863752 4.973993
1413.949166 43.502651 5.711190
1414.671542 44.128705 6.433566
1415.398147 44.758424 7.160171
1416.148069 45.408352 7.910093
1416.891629 46.052765 8.653653
1417.544091 46.618228 9.306116
1418.257997 47.236941 10.020021
1418.980360 47.862984 10.742384
1419.687915 48.476193 11.449939
1420.391216 49.085716 12.153240
1421.109362 49.708105 12.871386
1421.835968 50.337824 13.597992
1422.596469 50.996920 14.358493
1423.335787 51.637657 15.097811
1424.060284 52.265549 15.822308
1424.814435 52.919142 16.576459
1425.511398 53.523172 17.273422
1426.254945 54.167574 18.016969
1426.964609 54.782610 18.726633
1427.640376 55.368270 19.402400
1428.328855 55.964948 20.090879
1428.994030 56.541429 20.756055
1429.635914 57.097723 21.397938
1430.252372 57.631982 22.014396
1430.866696 58.164393 22.628720
1431.491638 58.706004 23.253662
1432.118675 59.249432 23.880699
1432.720299 59.770836 24.482323
1433.343107 60.310598 25.105131
1433.944732 60.832002 25.706756
1434.546356 61.353406 26.308380
1435.152222 61.878485 26.914246
1435.760197 62.405392 27.522221
1436.366063 62.930472 28.128087
1436.950746 63.437193 28.712770
1437.478227 66.289547 29.240251
1437.995117 78.449956 29.757141
1438.539554 91.258422 30.301578
1439.081856 104.016693 30.843880
1439.588155 115.927918 31.350179
1440.062677 127.091592 31.824701
1440.503304 137.457817 32.265328
1440.948172 147.923836 32.710196
1441.333719 156.994246 33.095743
1441.757403 166.961898 33.519427
1442.217093 177.776594 33.979117
1442.697965 189.089659 34.459989
1442.962773 182.859854 34.195182
1443.344078 173.889365 33.813877
1443.805888 163.024927 33.352067
1444.316415 151.014379 32.841540
1444.913811 136.960195 32.244144
1445.598049 120.862971 31.559906
1445.981487 111.842288 31.176468
1446.769535 93.302859 30.388420
1447.491911 76.308407 29.666044
1448.220637 59.164567 28.937318
1448.953592 41.921234 28.204363
1449.680210 24.826991 27.477745
1450.404706 14.010603 26.753249
1451.144024 12.667066 26.013931
1451.868521 11.350462 25.289434
1452.607839 10.006925 24.550116
1453.321744 8.709570 23.836211
1454.058941 7.369887 23.099014
1454.800380 6.022496 22.357575
1455.537589 4.682790 21.620366
1456.272665 3.346961 20.885290
1457.009888 2.007232 20.148067
1457.764026 0.636762 19.393929
1458.518178 -0.733732 18.639777
1459.268087 -2.096517 17.889868
1460.026480 -3.474719 17.131474
1460.761556 -4.810548 16.396399
1461.513600 -6.177210 15.644355
1462.261388 -7.536141 14.896567
1463.009177 -8.895072 14.148778
1463.761220 -10.261734 13.396735
1464.511130 -11.624520 12.646825
1465.258919 -12.983451 11.899036
1465.987645 -14.307739 11.170310
1466.750267 -15.693627 10.407688
1467.517131 -17.087223 9.640824
1468.228915 -18.380724 8.929040
1468.953412 -19.697328 8.204543
1469.718155 -21.087069 7.439800
1470.459581 -22.434438 6.698374
1471.203154 -23.785706 5.954801
1471.938230 -25.121535 5.219725
1472.662726 -26.438138 4.495228
1473.402044 -27.781675 3.755911
1474.158304 -29.156000 2.999651
1474.901876 -30.507269 2.256079
1475.630589 -31.831535 1.527365
1476.382633 -33.198197 0.775322
1477.121950 -34.541734 0.036004
1477.867618 -35.896811 -0.709663
1478.505260 -37.055575 -1.347305
1478.975541 -37.910201 -1.817586
1479.712750 -39.249907 -2.554795
1480.454176 -40.597275 -3.296222
1481.199857 -41.952375 -4.041902
1481.924341 -43.268955 -4.766386
1482.655188 -44.597098 -5.497233
1483.413581 -45.975301 -6.255626
1484.171974 -47.353503 -7.014019
1484.938826 -48.747076 -7.780871
1485.697206 -50.125255 -8.539251
1486.459829 -51.511142 -9.301874
1487.190676 -52.839285 -10.032721
1487.936356 -54.194385 -10.778401
1488.694737 -55.572564 -11.536782
1489.351441 -56.765971 -12.193486
1490.084409 -58.097968 -12.926454
1490.842789 -59.476147 -13.684834
1491.582120 -60.819707 -14.424165
1492.357442 -62.228674 -15.199487
1493.058622 -63.502904 -15.900667
1493.844561 -64.931165 -16.686606
1494.579650 -66.267017 -17.421695
1495.365564 -67.695232 -18.207609
1496.081590 -68.996441 -18.923635
1496.778541 -70.262986 -19.620586
1497.483962 -71.544924 -20.326007
1498.157608 -72.769118 -20.999653
1498.841846 -74.012561 -21.683891
1499.451954 -75.121289 -22.293999
1500.026032 -76.164542 -22.868077
1500.528089 -77.076912 -23.370134
1501.142426 -78.193326 -23.984471
1501.760992 -79.317425 -24.603037
1502.347795 -81.710218 -25.189840
1502.959999 -87.675602 -25.802044
1503.580699 -93.723775 -26.422744
1504.222569 -99.978239 -27.064614
1504.847498 -106.067621 -27.689543
1505.478777 -112.218878 -28.320822
1505.980834 -117.110975 -28.822879
1506.495603 -122.126946 -29.337648
1507.095119 -127.968704 -29.937164
1507.692501 -133.789671 -30.534547
1508.302597 -139.734512 -31.144642
1508.887267 -145.431605 -31.729312
1509.427461 -150.695325 -32.269506
1509.967643 -155.958920 -32.809688
1510.522671 -161.367180 -33.364716
1511.050140 -166.506902 -33.892185
1511.577609 -155.185369 -33.364716
1512.096620 -144.045382 -32.845705
1512.689761 -131.314279 -32.252564
1513.354936 -117.037039 -31.587389
1513.926906 -104.760347 -31.015419
1514.528530 -91.847153 -30.413795
1515.255136 -76.251389 -29.687190
1515.975391 -60.791921 -28.966935
1516.699888 -45.241407 -28.242438
1517.447676 -29.190961 -27.494649
1518.201828 -13.003946 -26.740498
1518.936904 2.773636 -26.005422
1519.682584 18.201434 -25.259741
1520.438844 18.835433 -24.503482
1521.180282 19.457007 -23.762043
1521.938663 20.092783 -23.003662
1522.684343 20.717913 -22.257982
1523.582551 21.470912 -21.359774
1524.349402 22.113790 -20.592923
1525.088720 22.733586 -19.853605
1525.836509 23.360483 -19.105816
1526.607602 24.006918 -18.334723
1527.353283 24.632047 -17.589043
1528.107434 25.264279 -16.834891
1528.891240 25.921371 -16.051085
1529.653862 26.560703 -15.288463
1530.382588 27.171620 -14.559737
1531.147331 27.812731 -13.794994
1531.912062 28.453831 -13.030264
1532.653501 29.075405 -12.288825
1533.420377 29.718304 -11.521948
1534.149091 30.329210 -10.793235
1534.901134 30.959674 -10.041192
1535.659502 31.595440 -9.282824
1536.403061 32.218792 -8.539264
1537.148742 32.843922 -7.793584
1537.699528 33.305665 -7.242797
1538.453679 33.937896 -6.488646
1539.205710 34.568350 -5.736615
1539.947149 35.189924 -4.995177
1540.722471 35.839903 -4.219854
1541.478743 36.473913 -3.463582
1542.247728 37.118579 -2.694597
1543.001880 37.750811 -1.940446
1543.758139 38.384810 -1.184186
1544.541945 39.041901 -0.400380
1545.289734 39.668799 0.347409
1546.052369 40.308142 1.110043
1546.817099 40.949242 1.874774
1547.562780 41.574372 2.620455
1548.316919 42.206593 3.374593
1549.073204 42.840613 4.130878
1549.863359 43.503028 4.921034
1550.598435 44.119268 5.656110
1551.348358 44.747954 6.406032
1552.106738 45.383731 7.164413
1552.860890 46.015962 7.918564
1553.602328 46.637536 8.660003
1554.259033 47.188074 9.316707
1554.979288 47.791889 10.036962
1555.744031 48.433000 10.801706
1556.481228 49.051017 11.538903
1557.199375 49.653065 12.257049
1557.915388 50.253324 12.973063
1558.652598 50.871352 13.710272
1559.419449 51.514230 14.477124
1560.169359 52.142906 15.227033
1560.898085 52.753822 15.955759
1561.633173 53.370072 16.690848
1562.387337 54.002315 17.445012
1563.122413 54.618554 18.180088
1563.842656 55.222359 18.900330
1564.575636 55.836842 19.633311
1565.323425 56.463739 20.381100
1566.014026 57.042693 21.071700
1566.715218 57.630527 21.772893
1567.369801 58.179287 22.427476
1568.049810 58.749362 23.107485
1568.702285 59.296355 23.759960
1569.337793 59.829124 24.395468
1569.975435 60.363681 25.033110
1570.615185 60.900005 25.672860
1571.231643 61.416803 26.289317
1571.852343 61.937158 26.910017
1572.453967 62.441520 27.511642
1573.081004 62.967187 28.138679
1573.680520 63.469783 28.738195
1574.244007 67.721391 29.301681
1574.854102 82.074353 29.911777
1575.402767 94.982129 30.460442
1575.995934 108.936820 31.053608
1576.481035 120.349216 31.538710
1576.951329 131.413238 32.009004
1577.472448 143.672966 32.530123
1577.936392 154.587598 32.994067
1578.368548 164.754391 33.426222
1578.781628 174.472421 33.839302
1579.165066 183.493105 34.222741
1579.597209 193.659599 34.654884
1580.023015 203.677004 35.080689
1580.345010 196.101805 34.758693
1580.728449 187.081121 34.375255
1581.217793 175.568934 33.885911
1581.772808 162.511769 33.330896
1582.399858 147.759940 32.703846
1583.075625 131.862001 32.028079
1583.429409 123.538962 31.674295
1583.692083 117.359352 31.411621
1584.264065 103.903021 30.839639
1584.986441 86.908569 30.117263
1585.723638 69.565445 29.380066
1586.452364 52.421604 28.651340
1587.187453 35.128077 27.916251
1587.911937 18.084028 27.191767
1588.644918 13.474334 26.458786
1589.377885 12.142353 25.725818
1590.110841 10.810395 24.992863
1590.854400 9.459166 24.249304
1591.585247 8.131039 23.518457
1592.316094 6.802912 22.787610
1593.049062 5.470931 22.054642
1593.782042 4.138927 21.321662
1594.523481 2.791553 20.580223
1595.294561 1.390312 19.809143
1596.012708 0.085264 19.090996
1596.766860 -1.285213 18.336844
1597.537953 -2.686477 17.565751
1598.273029 -4.022289 16.830675
1599.006009 -5.354293 16.097694
1599.747448 -6.701668 15.356256
1600.514300 -8.095224 14.589404
1601.270572 -9.469555 13.833132
1601.999298 -10.793827 13.104406
1602.757691 -12.172012 12.346013
1603.494888 -13.511679 11.608816
1604.253281 -14.889864 10.850423
1605.013783 -16.271880 10.089921
1605.748859 -17.607692 9.354845
1606.483947 -18.943527 8.619757
1607.225399 -20.290925 7.878305
1607.973187 -21.649839 7.130517
1608.720976 -23.008753 6.382728
1609.451823 -24.336880 5.651881
1610.191141 -25.680401 4.912563
1610.915638 -26.996988 4.188066
1611.690973 -28.405961 3.412731
1612.434520 -29.757166 2.669184
1613.173850 -31.100710 1.929854
1613.917410 -32.451939 1.186294
1614.684261 -33.845495 0.419443
1615.427821 -35.196723 -0.324117
1616.162909 -36.532559 -1.059205
1616.908577 -37.887619 -1.804873
1617.643666 -39.223454 -2.539962
1617.972012 -39.820138 -2.868308
1618.747347 -41.229111 -3.643643
1619.484544 -42.568777 -4.380840
1620.217511 -43.900758 -5.113807
1621.005559 -45.332832 -5.901855
1621.746998 -46.680207 -6.643294
1622.486316 -48.023728 -7.382612
1623.255288 -49.421138 -8.151584
1624.009439 -50.791614 -8.905735
1624.746649 -52.131304 -9.642945
1625.485967 -53.474824 -10.382263
1626.168096 -54.714420 -11.064392
1626.941298 -56.119515 -11.837594
1627.680628 -57.463059 -12.576924
1628.396642 -58.764229 -13.292938
1629.157143 -60.146246 -14.053439
1629.898582 -61.493620 -14.794878
1630.640020 -62.840995 -15.536316
1631.396280 -64.215303 -16.292576
1632.135610 -65.558846 -17.031907
1632.917295 -66.979358 -17.813592
1633.675689 -68.357544 -18.571985
1634.391689 -69.658691 -19.287985
1635.122549 -70.986841 -20.018845
1635.840683 -72.291866 -20.736979
1636.546105 -73.573788 -21.442401
1637.245176 -74.844171 -22.141472
1637.946368 -76.118409 -22.842665
1638.626365 -77.354127 -23.522661
1639.198334 -78.393536 -24.094631
1639.776654 -79.444484 -24.672950
1640.350732 -82.267466 -25.247028
1640.965070 -88.253640 -25.861366
1641.606940 -94.508104 -26.503236
1642.227640 -100.556277 -27.123936
1642.825010 -106.377120 -27.721306
1643.464772 -112.611042 -28.361068
1644.072760 -118.535341 -28.969056
1644.676492 -124.418183 -29.572788
1645.246341 -129.970860 -30.142637
1645.744156 -134.821625 -30.640452
1646.318259 -140.415757 -31.214555
1646.905050 -146.133517 -31.801346
1647.449474 -151.438445 -32.345770
1648.002381 -156.826039 -32.898677
1648.519258 -161.862553 -33.415554
1649.006494 -166.610234 -33.902790
1649.610239 -153.651517 -33.299044
1650.165267 -141.738461 -32.744016
1650.762650 -128.916313 -32.146634
1651.429933 -114.593823 -31.479350
1651.927760 -103.908518 -30.981523
1652.620469 -89.040300 -30.288814
1653.349195 -73.399014 -29.560088
1654.063100 -58.075841 -28.846183
1654.808781 -42.070645 -28.100503
1655.539615 -26.384108 -27.369668
1656.302250 -10.015002 -26.607033
1657.047918 5.989921 -25.861366
1657.799948 18.332363 -25.109335
1658.543508 18.955648 -24.365776
1659.291297 19.582479 -23.617987
1660.028493 20.200431 -22.880790
1660.981781 20.999520 -21.927502
1661.765574 21.656531 -21.143709
1662.523967 22.292251 -20.385316
1663.263285 22.911981 -19.645998
1664.036499 23.560124 -18.872784
1664.797001 24.197611 -18.112283
1665.549031 24.827997 -17.360252
1666.298941 25.456606 -16.610343
1667.065792 26.099415 -15.843491
1667.847490 26.754670 -15.061794
1668.569866 27.360199 -14.339418
1669.336717 28.003008 -13.572566
1670.097231 28.640506 -12.812052
1670.853491 29.274437 -12.055793
1671.599171 29.899501 -11.310112
1672.353310 30.531654 -10.555973
1673.103232 31.160273 -9.806051
1673.853129 31.788871 -9.056154
1674.596689 32.412157 -8.312594
1675.357203 33.049654 -7.552080
1676.126175 33.694242 -6.783108
1676.880314 34.326395 -6.028969
1677.626007 34.951469 -5.283276
1678.380146 35.583623 -4.529138
1679.168194 36.244200 -3.741090
1679.930816 36.883465 -2.978467
1680.678617 37.510306 -2.230666
1681.466652 38.170873 -1.442631
1682.225033 38.806582 -0.684251
1683.002489 39.458281 0.093205
1683.765111 40.097546 0.855828
1684.519262 40.729710 1.609979
1685.269172 41.358319 2.359889
1685.777591 41.784499 2.868308
1686.525380 42.411329 3.616096
1687.311307 43.070129 4.402023
1688.078171 43.712949 5.168887
1688.845022 44.355759 5.935739
1689.580111 44.971944 6.670827
1690.346975 45.614765 7.437691
1691.130768 46.271776 8.221485
1691.865857 46.887961 8.956573
1692.588233 47.493489 9.678949
1693.325442 48.111452 10.416159
1694.100777 48.761373 11.191494
1694.861279 49.398860 11.951995
1695.609067 50.025691 12.699784
1696.346264 50.643643 13.436981
1697.102549 51.277595 14.193266
1697.810092 51.870690 14.900808
1698.534576 52.477985 15.625293
1699.286619 53.108382 16.377336
1700.059833 53.756525 17.150550
1700.813985 54.388690 17.904701
1701.559652 55.013742 18.650369
1702.273545 55.612159 19.364262
1703.023467 56.240779 20.114184
1703.769148 56.865842 20.859864
1704.493645 57.473148 21.584361
1705.213887 58.076888 22.304604
1705.934142 58.680639 23.024859
1706.628984 59.263088 23.719701
1707.317464 59.840203 24.408181
1707.978410 60.394238 25.069127
1708.649935 60.957141 25.740652
1709.298169 61.500520 26.388886
1709.948510 62.045666 27.039227
1710.596744 62.589044 27.687461
1711.249206 63.135968 28.339923
1711.882619 63.666924 28.973336
1712.492714 74.349765 29.583431
1713.104943 88.752921 30.195660
1713.698097 102.707314 30.788813
1714.263691 116.013360 31.354408
1714.818719 129.070824 31.909436
1715.344080 141.430343 32.434797
1715.803782 152.245184 32.894499
1716.280426 163.458594 33.371142
1716.718919 173.774478 33.809635
1717.138374 183.642493 34.229091
1717.576880 193.958675 34.667596
1717.970910 203.228539 35.061627
1718.358565 212.348417 35.449281
1718.845813 216.865295 35.936530
1719.345748 216.309700 36.436465
1719.919827 215.671709 37.010543
1720.502401 215.024274 37.593118
1721.087071 214.374511 38.177788
1721.692937 213.701192 38.783654
1722.152626 213.190325 39.243343
1722.661045 201.229374 38.734924
1723.116505 190.514324 38.279464
1723.612199 178.852748 37.783770
1724.205353 164.898356 37.190616
1724.855707 149.598270 36.540262
1725.283621 139.531268 36.112348
1725.999647 122.686205 35.396322
1726.734735 105.392678 34.661234
1727.463449 88.249136 33.932520
1728.202779 70.855817 33.193190
1728.925155 53.861366 32.470814
1729.675065 36.219165 31.720904
1730.393212 19.324206 31.002757
1731.126167 13.634931 30.269802
1731.850664 12.406985 29.545305
1732.583632 11.164682 28.812338
1733.335662 9.890069 28.060307
1734.089813 8.611862 27.306156
1734.824902 7.365964 26.571067
1735.568462 6.105709 25.827507
1736.331084 4.813144 25.064885
1737.066173 3.567246 24.329796
1737.803370 2.317775 23.592599
1738.538458 1.071877 22.857511
1739.275668 -0.177616 22.120301
1740.017094 -1.434255 21.378875
1740.760654 -2.694510 20.635316
1741.536001 -4.008643 19.859968
1742.268969 -5.250946 19.127000
1743.012516 -6.511180 18.383453
1743.779367 -7.810912 17.616602
1744.518698 -9.064000 16.877271
1745.264378 -10.327850 16.131591
1746.016409 -11.602462 15.379560
1746.762077 -12.866291 14.633892
1747.528941 -14.166044 13.867028
1748.257679 -15.401180 13.138290
1749.001239 -16.661435 12.394730
1749.738436 -17.910906 11.657533
1750.503166 -19.207044 10.892803
1751.257318 -20.485251 10.138651
1751.996636 -21.738317 9.399333
1752.733858 -22.987831 8.662111
1753.471055 -24.237302 7.924914
1754.225194 -25.515488 7.170776
1754.985708 -26.804480 6.410261
1755.714434 -28.039593 5.681535
1756.434689 -29.260350 4.961280
1757.167644 -30.502632 4.228325
1757.938750 -31.809575 3.457219
1758.692901 -33.087782 2.703068
1759.423735 -34.326469 1.972234
1760.150353 -35.558010 1.245616
1760.917217 -36.857764 0.478752
1761.684069 -38.157496 -0.288100
1762.071749 -38.814574 -0.675780
1762.800475 -40.049687 -1.404506
1763.535551 -41.295564 -2.139582
1764.285460 -42.566582 -2.889491
1765.035370 -43.837600 -3.639401
1765.787413 -45.112234 -4.391444
1766.545794 -46.397609 -5.149825
1767.297824 -47.672221 -5.901855
1768.054097 -48.954023 -6.658127
1768.797643 -50.214257 -7.401674
1769.560266 -51.506821 -8.164297
1770.335601 -52.820933 -8.939632
1771.085510 -54.091951 -9.689541
1771.816370 -55.330681 -10.420401
1772.572630 -56.612461 -11.176660
1773.339494 -57.912215 -11.943525
1774.078799 -59.165259 -12.682830
1774.805417 -60.396800 -13.409447
1775.551097 -61.660650 -14.155128
1776.239564 -62.827529 -14.843595
1776.961940 -64.051880 -15.565971
1777.716091 -65.330088 -16.320122
1778.461759 -66.593916 -17.065790
1779.234986 -67.904454 -17.839017
1779.976412 -69.161093 -18.580443
1780.711488 -70.406970 -19.315519
1781.421164 -71.609796 -20.025195
1782.147769 -72.841315 -20.751800
1782.823536 -73.986669 -21.427567
1783.543791 -75.207425 -22.147822
1784.261925 -76.424587 -22.865956
1784.840245 -77.404779 -23.444276
1785.382548 -78.323925 -23.986579
1785.969352 -79.318495 -24.573382
1786.592160 -81.772093 -25.196190
1787.223451 -87.923474 -25.827482
1787.861080 -94.136606 -26.465111
1788.445763 -99.833823 -27.049793
1789.087621 -106.088163 -27.691651
1789.742217 -112.466626 -28.346248
1790.373483 -118.617759 -28.977514
1790.985712 -124.583390 -29.589743
1791.583094 -130.404357 -30.187125
1792.080922 -135.255246 -30.684953
1792.566024 -139.982136 -31.170054
1793.070214 -144.895024 -31.674245
1793.610395 -150.158620 -32.214426
1794.139998 -155.319131 -32.744029
1794.665359 -160.438310 -33.269390
1795.220374 -165.846447 -33.824405
1795.821986 -171.708623 -34.426017
1796.474461 -178.066419 -35.078492
1797.129045 -184.444757 -35.733076
1797.809054 -180.372671 -36.413084
1798.491183 -175.563087 -37.095214
1799.169058 -170.783501 -37.773089
1799.789746 -166.407139 -38.393776
1800.262147 -156.274792 -37.921374
1800.753612 -145.733578 -37.429910
1801.353116 -132.875083 -36.830406
1802.022533 -118.517044 -36.160989
1802.554256 -107.112331 -35.629266
1803.189751 -93.481864 -34.993770
1803.935432 -77.488081 -34.248090
1804.651458 -62.130345 -33.532064
1805.382292 -46.454995 -32.801230
1806.121623 -30.597410 -32.061899
1806.867303 -14.603628 -31.316219
1807.623563 1.617061 -30.559959
1808.371351 17.656062 -29.812171
1809.104319 18.658856 -29.079203
1809.845745 19.161999 -28.337777
1810.332981 19.492645 -27.850541
1810.724890 19.758600 -27.458632
1811.474800 20.267501 -26.708722
1812.228951 20.779279 -25.954571
1812.991561 21.296798 -25.191961
1813.745712 21.808577 -24.437810
1814.485043 22.310298 -23.698479
1815.239181 22.822068 -22.944341
1815.993333 23.333847 -22.190189
1816.779259 23.867189 -21.404263
1817.524940 24.373219 -20.658582
1818.279079 24.884989 -19.904443
1819.033230 25.396768 -19.150292
1819.802202 25.918604 -18.381320
1820.359339 26.296686 -17.824183
1821.107140 26.804155 -17.076382
1821.857050 27.313055 -16.326472
1822.640856 27.844958 -15.542666
1823.375932 28.343792 -14.807590
1824.127962 28.854132 -14.055560
1824.886355 29.368789 -13.297167
1825.657448 29.892065 -12.526074
1826.411587 30.403835 -11.771935
1827.167859 30.917053 -11.015662
1827.926240 31.431702 -10.257282
1828.680391 31.943480 -9.503131
1829.428180 32.450941 -8.755342
1830.186573 32.965599 -7.996949
1830.951316 33.484565 -7.232206
1831.703347 33.994905 -6.480175
1832.461740 34.509562 -5.721782
1833.222242 35.025650 -4.961280
1833.986972 35.544608 -4.196550
1834.747473 36.060696 -3.436049
1835.507988 36.576792 -2.675534
1836.272731 37.095759 -1.910791
1837.003565 37.591714 -1.179957
1837.783142 38.120747 -0.400380
1838.547885 38.639714 0.364363
1839.310507 39.157241 1.126985
1840.096434 39.690583 1.912912
1840.865406 40.212419 2.681884
1841.606845 40.715571 3.423323
1842.371588 41.234537 4.188066
1843.129981 41.749195 4.946459
1843.873528 42.253777 5.690006
1844.646742 42.778492 6.463221
1845.394544 43.285962 7.211022
1846.169879 43.812116 7.986357
1846.824462 44.256326 8.640940
1847.551067 44.749412 9.367545
1848.262852 45.232440 10.079330
1849.044549 45.762912 10.861027
1849.775396 46.258876 11.591874
1850.529548 46.770654 12.346026
1851.275215 47.276676 13.091693
1852.035717 47.792764 13.852195
1852.791989 48.305982 14.608467
1853.529186 48.806255 15.345664
1854.304521 49.332410 16.120999
1855.065022 49.848497 16.881500
1855.812824 50.355967 17.629302
1856.571217 50.870624 18.387695
1857.293593 51.360840 19.110071
1858.024440 51.856804 19.840918
1858.784941 52.372892 20.601419
1859.498834 52.857350 21.315312
1860.202147 53.334629 22.018625
1860.899098 53.807591 22.715576
1861.572756 54.264746 23.389234
1862.267586 54.736268 24.084064
1862.953945 55.202042 24.770423
1863.640316 55.667824 25.456794
1864.294900 56.112035 26.111378
1864.977017 56.574930 26.793495
1865.657026 57.036394 27.473504
1866.339155 57.499298 28.155633
1867.027635 57.966511 28.844113
1867.690689 58.416470 29.507167
1868.370698 58.877934 30.187176
1869.054936 59.342268 30.871414
1869.718003 59.792236 31.534481
1870.387420 60.246513 32.203898
1871.016591 60.673478 32.833069
1871.641507 61.097555 33.457985
1872.253723 61.513015 34.070201
1872.842647 64.751068 34.659126
1873.404026 76.300134 35.220504
1873.933616 87.195234 35.750094
1874.435672 97.523892 36.252150
1874.908087 107.242739 36.724565
1875.401685 117.397389 37.218163
1875.954579 128.771925 37.771057
1876.331655 136.529393 38.148133
1876.721431 144.548133 38.537909
1877.153599 153.439005 38.970077
1877.579392 162.198717 39.395870
1878.032731 171.525131 39.849209
1878.488191 180.895177 40.304669
1879.142787 165.506282 39.650073
1879.610947 154.500309 39.181913
1880.174434 141.253313 38.618427
1880.786663 126.860428 38.006198
1881.473021 110.724824 37.319839
1881.803488 102.955884 36.989372
1882.663570 82.736220 36.129290
1883.413480 65.106600 35.379381
1884.129493 48.273848 34.663367
1884.853990 31.241655 33.938870
1885.580608 14.511207 33.212253
1886.324167 13.536997 32.468693
1887.067714 12.562805 31.725146
1887.792211 11.613571 31.000649
1888.533663 10.642124 30.259198
1889.281451 9.662373 29.511409
1890.018661 8.696484 28.774200
1890.757979 7.727832 28.034882
1891.505780 6.748065 27.287080
1892.253569 5.768314 26.539292
1892.990766 4.802441 25.802095
1893.732217 3.830994 25.060643
1894.488489 2.840128 24.304371
1895.238399 1.857599 23.554461
1895.981946 0.883406 22.810914
1896.719155 -0.082484 22.073705
1897.466944 -1.062234 21.325916
1898.216866 -2.044780 20.575994
1898.983718 -3.049506 19.809143
1899.716698 -4.009855 19.076162
1900.456016 -4.978507 18.336844
1901.205926 -5.961036 17.586935
1901.974911 -6.968558 16.817950
1902.697287 -7.915013 16.095574
1903.447196 -8.897542 15.345664
1904.209806 -9.896711 14.583054
1904.953378 -10.870937 13.839482
1905.688467 -11.834048 13.104393
1906.457439 -12.841553 12.335421
1907.203107 -13.818524 11.589753
1907.942438 -14.787193 10.850423
1908.694468 -15.772501 10.098392
1909.454969 -16.768907 9.337891
1910.204892 -17.751453 8.587969
1910.931497 -18.703449 7.861364
1911.691998 -19.699856 7.100862
1912.458850 -20.704582 6.334011
1913.185467 -21.656594 5.607393
1913.916314 -22.614148 4.876546
1914.640811 -23.563381 4.152049
1915.403434 -24.562567 3.389427
1916.155464 -25.547875 2.637396
1916.894782 -26.516526 1.898079
1917.629871 -27.479637 1.162990
1918.400964 -28.489921 0.391897
1919.146632 -29.466893 -0.353771
1919.892312 -30.443881 -1.099452
1920.640113 -31.423648 -1.847253
1921.385781 -32.400620 -2.592921
1921.915371 -33.094487 -3.122511
1922.555134 -33.932702 -3.762273
1923.292343 -34.898592 -4.499483
1924.035903 -35.872801 -5.243043
1924.821817 -36.902503 -6.028957
1925.575968 -37.890590 -6.783108
1926.319528 -38.864800 -7.526668
1927.073667 -39.852870 -8.280806
1927.857485 -40.879826 -9.064625
1928.598911 -41.851240 -9.806051
1929.334000 -42.814351 -10.541140
1930.026709 -43.721936 -11.233849
1930.763918 -44.687826 -11.971058
1931.507478 -45.662035 -12.714618
1932.253146 -46.639007 -13.460285
1933.005176 -47.624315 -14.212316
1933.755086 -48.606844 -14.962226
1934.471099 -49.544963 -15.678239
1935.233734 -50.544165 -16.440874
1935.983644 -51.526694 -17.190783
1936.742024 -52.520322 -17.949164
1937.481342 -53.488974 -18.688482
1938.218552 -54.454863 -19.425691
1938.938794 -55.398523 -20.145934
1939.686596 -56.378290 -20.893735
1940.385667 -57.294211 -21.592807
1941.108043 -58.240666 -22.315183
1941.845240 -59.206539 -23.052380
1942.504052 -60.069713 -23.711192
1943.171361 -60.944019 -24.378501
1943.838645 -61.818292 -25.045784
1944.436027 -62.600980 -25.643167
1945.099082 -63.469712 -26.306221
1945.755799 -64.330141 -26.962938
1946.446386 -65.234947 -27.653526
1947.145458 -66.150868 -28.352598
1947.793679 -69.535312 -29.000818
1948.490629 -74.470464 -29.697769
1949.200293 -79.495636 -30.407432
1949.823101 -83.905779 -31.030240
1950.464984 -88.450997 -31.672124
1951.083550 -92.831104 -32.290690
1951.714829 -97.301230 -32.921969
1952.352458 -101.816322 -33.559598
1952.979508 -106.256502 -34.186647
1953.543007 -110.246674 -34.750146
1954.098022 -114.176774 -35.305162
1954.642458 -118.031962 -35.849598
1955.203824 -122.007027 -36.410964
1955.752489 -125.892162 -36.959629
1956.318096 -129.897263 -37.525236
1956.887945 -133.932400 -38.095085
1957.421790 -137.712587 -38.628930
1957.945043 -126.489563 -38.105677
1958.474633 -115.130614 -37.576087
1959.088982 -101.953687 -36.961737
1959.743553 -87.914080 -36.307166
1960.232910 -77.418083 -35.817810
1960.917147 -62.742157 -35.133572
1961.645873 -47.112024 -34.404846
1962.374599 -31.481891 -33.676120
1963.094855 -16.033447 -32.955865
1963.829931 -0.267115 -32.220789
1964.577732 15.772157 -31.472988
1965.283166 18.570953 -30.767553
1966.024592 19.062082 -30.026127
1966.778731 19.561633 -29.271989
1967.505349 20.042953 -28.545371
1968.248908 20.535496 -27.801811
1969.003047 21.035046 -27.047673
1969.740257 21.523382 -26.310463
1970.483816 22.015925 -25.566903
1971.229484 22.509864 -24.821236
1971.973031 23.002398 -24.077689
1972.237839 23.177810 -23.812881
1972.771670 23.531426 -23.279049
1973.530064 24.033795 -22.520656
1974.279973 24.530544 -21.770746
1975.036245 25.031508 -21.014474
1975.803097 25.539479 -20.247623
1976.542415 26.029212 -19.508305
1977.307158 26.535787 -18.743562
1978.076130 27.045163 -17.974589
1978.811219 27.532095 -17.239501
1979.571720 28.035860 -16.478999
1980.327993 28.536823 -15.722727
1981.099086 29.047605 -14.951634
1981.829920 29.531718 -14.220800
1982.590434 30.035491 -13.460285
1983.333994 30.528034 -12.716726
1984.092374 31.030394 -11.958345
1984.842284 31.527143 -11.208436
1985.587952 32.021082 -10.462768
1986.329390 32.512220 -9.721329
1987.083554 33.011787 -8.967165
1987.827114 33.504330 -8.223606
1988.577011 34.001070 -7.473709
1989.324812 34.496423 -6.725907
1990.091664 35.004394 -5.959056
1990.820390 35.487111 -5.230330
1991.570299 35.983860 -4.480420
1992.339284 36.493244 -3.711435
1993.101907 36.998414 -2.948813
1993.843345 37.489552 -2.207374
1994.614438 38.000333 -1.436281
1995.364348 38.497082 -0.686372
1996.120633 38.998054 0.069913
1996.885364 39.504621 0.834644
1997.667049 40.022418 1.616329
1998.391545 40.502334 2.340826
1999.143576 41.000487 3.092856
1999.921032 41.515483 3.870312
2000.694233 42.027661 4.643514
2001.435672 42.518799 5.384952
2002.172882 43.007135 6.122162
2002.920683 43.502488 6.869963
2003.676943 44.003443 7.626223
2004.251033 44.383727 8.200314
2004.956468 44.851015 8.905748
2005.683060 45.332319 9.632340
2006.418149 45.819250 10.367429
2007.185013 46.327230 11.134293
2007.932801 46.822574 11.882082
2008.678482 47.316521 12.627762
2009.426283 47.811874 13.375564
2010.178314 48.310028 14.127594
2010.945165 48.817999 14.894446
2011.661179 49.292295 15.610459
2012.398388 49.780631 16.347669
2013.127114 50.263348 17.076395
2013.891870 50.769931 17.841151
2014.633296 51.261061 18.582576
2015.359914 51.742381 19.309194
2016.092869 52.227899 20.042149
2016.836441 52.720450 20.785722
2017.548213 53.191936 21.497493
2018.253647 53.659224 22.202927
2018.961189 54.127908 22.910470
2019.649669 54.583965 23.598949
2020.344499 55.044228 24.293779
2021.028749 55.497484 24.978030
2021.727834 55.960566 25.677114
2022.418421 56.418019 26.367702
2023.096309 56.867060 27.045590
2023.767847 57.311895 27.717128
2024.464785 57.773555 28.414066
2025.151157 58.228215 29.100437
2025.843865 58.687074 29.793146
2026.519645 59.134718 30.468926
2027.208125 59.590775 31.157405
2027.898725 60.048237 31.848006
2028.563901 60.488857 32.513181
2029.216363 60.921056 33.165644
2029.892130 61.368692 33.841411
2030.557318 61.809320 34.506599
2031.197068 74.774559 35.146348
2031.781750 86.803062 35.731031
2032.330416 98.090594 36.279696
2032.879081 109.378126 36.828362
2033.427759 120.665919 37.377040
2033.906511 130.515141 37.855792
2034.378913 140.233726 38.328194
2034.866149 150.257479 38.815429
2035.336430 159.932432 39.285710
2035.779177 169.040944 39.728457
2036.204983 177.800917 40.154263
2036.656201 187.083698 40.605481
2037.226050 198.807034 41.175330
2037.581942 190.440369 40.819438
2038.011977 180.330686 40.389404
2038.528867 168.179123 39.872514
2039.134733 153.935818 39.266647
2039.816863 137.899635 38.584518
2040.518042 121.415606 37.883338
2041.009520 109.861470 37.391861
2041.736125 92.779715 36.665256
2042.500881 74.801074 35.900500
2043.229607 57.669459 35.171774
2043.954104 40.637266 34.447277
2044.693421 23.256648 33.707959
2045.434860 14.047623 32.966520
2046.178420 13.075125 32.222961
2046.905025 12.124802 31.496356
2047.646463 11.155078 30.754917
2048.402748 10.165936 29.998632
2049.152658 9.185133 29.248722
2049.860200 8.259742 28.541180
2050.608002 7.281696 27.793378
2051.357911 6.300893 27.043469
2052.099350 5.331169 26.302030
2052.836560 4.366976 25.564821
2053.550452 3.433280 24.850928
2054.291891 2.463556 24.109489
2055.020630 1.510442 23.380751
2055.764189 0.537944 22.637191
2056.503494 -0.428989 21.897886
2057.236475 -1.387651 21.164906
2057.984263 -2.365680 20.417117
2058.749007 -3.365884 19.652374
2059.507400 -4.357783 18.893981
2060.253068 -5.333038 18.148313
2061.022040 -6.338773 17.379340
2061.763491 -7.308513 16.637889
2062.509159 -8.283769 15.892221
2063.265444 -9.272910 15.135936
2064.002641 -10.237086 14.398739
2064.754659 -11.220647 13.646721
2065.506702 -12.204240 12.894678
2066.258733 -13.187817 12.142648
2067.000171 -14.157541 11.401209
2067.743731 -15.130039 10.657649
2068.500003 -16.119164 9.901377
2069.271084 -17.127656 9.130297
2070.021006 -18.108476 8.380374
2070.739153 -19.047737 7.662228
2071.510233 -20.056229 6.891147
2072.272868 -21.053676 6.128512
2073.014294 -22.023383 5.387086
2073.732441 -22.962644 4.668939
2074.471759 -23.929594 3.929621
2075.247094 -24.943651 3.154286
2076.001245 -25.930002 2.400135
2076.729959 -26.883082 1.671422
2077.456577 -27.833422 0.944804
2078.219199 -28.830852 0.182181
2078.979713 -29.825525 -0.578333
2079.723260 -30.798006 -1.321880
2080.464699 -31.767730 -2.063318
2081.248504 -32.792866 -2.847124
2082.015369 -33.795844 -3.613988
2082.784341 -34.801579 -4.382961
2083.563905 -35.821167 -5.162525
2084.339253 -36.835240 -5.937872
2085.072208 -37.793869 -6.670827
2085.836951 -38.794073 -7.435571
2086.595331 -39.785955 -8.193951
2087.334649 -40.752905 -8.933269
2088.065509 -41.708792 -9.664129
2088.789993 -42.656342 -10.388613
2089.389509 -43.440446 -10.988129
2090.113981 -44.387979 -11.712600
2090.853311 -45.354945 -12.451931
2091.584158 -46.310816 -13.182778
2092.331960 -47.288862 -13.930579
2093.056444 -48.236412 -14.655063
2093.799991 -49.208893 -15.398610
2094.541442 -50.178633 -16.140062
2095.293460 -51.162194 -16.892080
2095.986181 -52.068201 -17.584801
2096.736104 -53.049021 -18.334723
2097.490242 -54.035355 -19.088862
2098.208377 -54.974599 -19.806996
2098.951936 -55.947097 -20.550556
2099.697604 -56.922352 -21.296224
2100.434814 -57.886545 -22.033433
2101.169890 -58.847947 -22.768509
2101.868961 -59.762259 -23.467581
2102.551078 -60.654397 -24.149698
2103.267104 -61.590884 -24.865724
2103.978888 -62.521823 -25.577508
2104.667368 -63.422282 -26.265988
2105.330410 -64.289471 -26.929029
2106.014660 -65.184399 -27.613280
2106.711611 -66.095937 -28.310230
2107.412803 -69.610404 -29.011423
2108.090691 -74.410571 -29.689311
2108.800342 -79.435653 -30.398961
2109.461288 -84.115855 -31.059907
2110.141284 -88.930951 -31.739904
2110.810701 -93.671136 -32.409320
2111.410204 -97.916258 -33.008824
2112.052075 -102.461386 -33.650695
2112.681246 -106.916584 -34.279865
2113.295570 -111.266655 -34.894190
2113.935333 -115.796854 -35.533952
2114.505182 -119.831991 -36.103801
2115.068668 -123.822074 -36.667288
2115.651217 -127.947141 -37.249837
2116.174470 -131.652327 -37.773089
2116.729485 -135.582427 -38.328105
2117.261196 -139.347506 -38.859816
2117.907296 -125.489587 -38.213716
2118.464432 -113.539808 -37.656579
2119.076648 -100.408645 -37.044363
2119.722761 -86.550453 -36.398251
2120.036286 -79.825792 -36.084726
2120.970498 -59.788277 -35.150514
2121.707695 -43.976456 -34.413317
2122.457604 -27.891965 -33.663407
2123.173617 -12.534501 -32.947394
2123.915056 3.368301 -32.205955
2124.671328 18.221449 -31.449683
2125.423359 18.718437 -30.697653
2126.152085 19.200023 -29.968927
2126.887161 19.685805 -29.233851
2127.641300 20.184185 -28.479712
2128.397572 20.683976 -27.723440
2129.151736 21.182373 -26.969275
2129.912225 21.684950 -26.208787
2130.662147 22.180543 -25.458865
2131.428998 22.687325 -24.692013
2132.195850 23.194107 -23.925162
2132.933059 23.681299 -23.187952
2133.704153 24.190884 -22.416859
2134.485838 24.707469 -21.635174
2135.248473 25.211464 -20.872539
2136.006840 25.712639 -20.114171
2136.765234 26.213831 -19.355778
2137.538448 26.724817 -18.582564
2138.313783 27.237206 -17.807229
2139.086997 27.748192 -17.034015
2139.841136 28.246572 -16.279876
2140.641896 28.775763 -15.479116
2141.366393 29.254554 -14.754619
2142.141715 29.766934 -13.979296
2142.900108 30.268126 -13.220903
2143.662718 30.772104 -12.458294
2144.418990 31.271895 -11.702021
2145.187975 31.780086 -10.933036
2145.952718 32.285475 -10.168293
2146.711086 32.786650 -9.409925
2147.467359 33.286440 -8.653653
2148.210918 33.777829 -7.910093
2148.988374 34.291619 -7.132638
2149.746755 34.792802 -6.374257
2150.483951 35.279986 -5.637060
2151.252936 35.788178 -4.868075
2151.642712 36.045765 -4.478299
2152.028259 36.300558 -4.092753
2152.795136 36.807356 -3.325876
2153.561987 37.314138 -2.559025
2154.333080 37.823723 -1.787931
2155.087232 38.322111 -1.033780
2155.847733 38.824697 -0.273279
2156.599776 39.321692 0.478765
2157.375098 39.834072 1.254087
2158.127142 40.331067 2.006130
2158.879159 40.828046 2.758148
2159.658724 41.343229 3.537712
2160.448892 41.865420 4.327881
2161.215744 42.372202 5.094732
2161.978379 42.876197 5.857367
2162.738880 43.378782 6.617868
2163.501502 43.882769 7.380491
2164.272595 44.392353 8.151584
2165.001334 44.873948 8.880323
2165.738531 45.361132 9.617520
2166.473620 45.846923 10.352608
2167.257426 46.364909 11.136414
2167.998864 46.854897 11.877853
2168.740303 47.344884 12.619291
2169.513517 47.855870 13.392506
2170.278260 48.361259 14.157249
2171.036641 48.862442 14.915629
2171.778080 49.352430 15.657068
2172.538594 49.855023 16.417582
2173.290624 50.352010 17.169613
2174.038413 50.846194 17.917401
2174.769260 51.329182 18.648248
2175.402672 51.747779 19.281661
2176.171645 52.255962 20.050633
2176.932146 52.758547 20.811134
2177.684189 53.255543 21.563178
2178.398082 53.727326 22.277070
2179.135291 54.214519 23.014280
2179.861896 54.694703 23.740885
2180.563089 55.158093 24.442077
2181.281223 55.632680 25.160211
2182.007841 56.112872 25.886829
2182.715383 56.580459 26.594372
2183.437759 57.057849 27.316748
2184.149543 57.528239 28.028532
2184.869786 58.004218 28.748774
2185.604887 58.490017 29.483875
2186.318779 58.961801 30.197768
2187.024214 59.427994 30.903202
2187.742335 59.902572 31.621324
2188.471074 60.384166 32.350062
2189.189221 60.858761 33.068209
2189.877700 61.313750 33.756689
2190.585243 61.781337 34.464231
2191.252539 74.469653 35.131527
2191.896531 87.718303 35.775519
2192.532051 100.792683 36.411040
2193.161222 113.736427 37.040210
2193.726842 125.372759 37.605830
2194.262795 136.398756 38.141783
2194.794518 147.337749 38.673507
2195.313516 158.014946 39.192505
2195.775326 167.515630 39.654315
2196.213845 176.537138 40.092833
2196.677763 186.081192 40.556751
2197.090856 194.579631 40.969844
2197.537832 203.775147 41.416821
2198.022960 210.235729 41.901948
2198.561033 209.637750 42.440022
2199.132991 209.002115 43.011979
2199.681669 208.392351 43.560657
2200.270580 207.737874 44.149569
2200.867976 207.073969 44.746964
2201.410278 206.471290 45.289267
2201.967415 193.373576 44.732130
2202.431346 182.467025 44.268200
2202.948236 170.315461 43.751309
2203.568935 155.723434 43.130610
2204.223519 140.334837 42.476026
2204.632357 130.723458 42.067188
2205.407705 112.495814 41.291840
2206.138552 95.314339 40.560993
2206.850336 78.581008 39.849209
2207.583304 61.349673 39.116241
2208.326863 43.869335 38.372682
2209.049239 26.887003 37.650306
2209.752540 14.312881 36.947005
2210.517296 13.370340 36.182249
2211.248143 12.469591 35.451402
2211.993811 11.550575 34.705734
2212.722549 10.652425 33.976996
2213.463988 9.738622 33.235557
2214.213898 8.814379 32.485647
2214.944757 7.913614 31.754788
2215.686196 6.999811 31.013349
2216.442468 6.067726 30.257077
2217.192365 5.143498 29.507180
2217.925346 4.240120 28.774200
2218.673134 3.318490 28.026411
2219.420936 2.396846 27.278609
2220.156024 1.490869 26.543521
2220.908055 0.564011 25.791490
2221.674919 -0.381128 25.024626
2222.420587 -1.300143 24.278958
2223.168376 -2.221772 23.531170
2223.914056 -3.140803 22.785489
2224.640674 -4.036340 22.058871
2225.390583 -4.960583 21.308962
2226.148977 -5.895282 20.550569
2226.922178 -6.848232 19.777367
2227.650917 -7.746383 19.048628
2228.402947 -8.673240 18.296598
2229.163449 -9.610537 17.536096
2229.919721 -10.542622 16.779824
2230.661160 -11.456425 16.038386
2231.383536 -12.346734 15.316009
2232.122866 -13.257939 14.576679
2232.874897 -14.184796 13.824649
2233.616323 -15.098583 13.083222
2234.370474 -16.028054 12.329071
2235.103442 -16.931417 11.596103
2235.844893 -17.845236 10.854652
2236.603274 -18.779919 10.096271
2237.338350 -19.685881 9.361195
2238.079801 -20.599699 8.619744
2238.800044 -21.487379 7.899502
2239.552074 -22.414236 7.147471
2240.291405 -23.325440 6.408141
2241.026481 -24.231402 5.673065
2241.761569 -25.137378 4.937976
2242.473341 -26.014618 4.226204
2243.238084 -26.957143 3.461461
2243.987994 -27.881386 2.711552
2244.714611 -28.776923 1.984934
2245.451808 -29.685498 1.247737
2246.199597 -30.607127 0.499948
2246.955882 -31.539228 -0.256337
2247.705792 -32.463471 -1.006246
2248.447230 -33.377274 -1.747685
2249.190777 -34.293675 -2.491232
2249.944929 -35.223147 -3.245383
2250.699080 -36.152618 -3.999535
2251.434169 -37.058595 -4.734623
2252.207383 -38.011560 -5.507838
2252.978476 -38.961911 -6.278931
2253.738977 -39.899209 -7.039432
2254.488887 -40.823452 -7.789342
2255.247280 -41.758151 -8.547735
2255.562913 -42.147160 -8.863368
2256.501367 -43.303779 -9.801822
2257.234335 -44.207142 -10.534790
2257.980003 -45.126157 -11.280458
2258.727804 -46.047802 -12.028259
2259.465001 -46.956377 -12.765456
2260.185256 -47.844072 -13.485711
2260.837719 -48.648214 -14.138173
2261.577036 -49.559403 -14.877491
2262.326959 -50.483662 -15.627413
2263.074747 -51.405292 -16.375202
2263.831007 -52.337361 -17.131462
2264.576687 -53.256392 -17.877142
2265.318126 -54.170195 -18.618581
2266.068036 -55.094438 -19.368491
2266.726848 -55.906407 -20.027303
2267.421691 -56.762781 -20.722145
2268.171600 -57.687024 -21.472055
2268.870672 -58.548611 -22.171127
2269.523134 -59.352753 -22.823589
2270.237039 -60.232622 -23.537494
2270.933977 -61.091579 -24.234432
2271.620349 -61.937513 -24.920804
2272.306708 -62.783432 -25.607162
2272.971870 -63.603227 -26.272325
2273.685775 -64.483095 -26.986230
2274.412393 -65.378632 -27.712848
2275.132648 -66.266327 -28.433103
2275.812644 -70.330379 -29.113099
2276.520187 -75.340533 -29.820641
2277.223500 -80.320739 -30.523955
2277.886554 -85.015869 -31.187009
2278.545367 -89.680963 -31.845821
2279.225375 -94.496149 -32.525830
2279.816408 -98.681289 -33.116863
2280.443458 -103.121469 -33.743913
2281.087437 -107.681525 -34.387892
2281.716607 -112.136723 -35.017062
2282.318232 -116.396864 -35.618687
2282.919856 -120.657005 -36.220311
2283.451567 -124.422084 -36.752022
2283.996003 -128.277272 -37.296458
2284.561611 -132.282373 -37.862065
2285.097551 -136.077399 -38.398005
2285.612332 -139.722602 -38.912787
2286.203365 -143.907742 -39.503820
2286.855828 -148.527871 -40.156282
2287.491348 -153.028033 -40.791803
2288.169236 -152.910332 -41.469691
2288.836520 -152.456691 -42.136974
2289.529228 -151.985764 -42.829683
2290.160520 -151.556591 -43.460975
2290.643526 -141.205137 -42.977968
2291.164645 -130.036879 -42.456849
2291.751436 -117.461191 -41.870058
2292.391186 -103.750523 -41.230309
2292.840296 -94.125511 -40.781199
2293.600785 -77.827251 -40.020710
2294.350707 -61.755444 -39.270788
2295.087904 -45.956358 -38.533591
2295.808159 -30.520357 -37.813336
2296.555948 -14.494275 -37.065547
2297.333391 2.167341 -36.288104
2298.064238 17.830339 -35.557257
2298.807798 18.561549 -34.813697
2299.553465 18.954798 -34.068029
2300.294917 19.345824 -33.326578
2301.055418 19.746896 -32.566077
2301.801086 20.140145 -31.820409
2302.548887 20.534520 -31.072607
2303.307268 20.934473 -30.314227
2304.065648 21.334427 -29.555846
2304.811329 21.727683 -28.810166
2305.559118 22.122051 -28.062377
2306.328090 22.527591 -27.293405
2307.058937 22.913024 -26.562558
2307.817330 23.312984 -25.804165
2308.582073 23.716293 -25.039422
2309.340454 24.116247 -24.281041
2310.096713 24.515082 -23.524781
2310.861456 24.918392 -22.760038
2311.630429 25.323931 -21.991066
2312.420585 25.740643 -21.200910
2313.178978 26.140603 -20.442517
2313.931008 26.537208 -19.690486
2314.714814 26.950571 -18.906681
2315.511333 27.370637 -18.110162
2316.246409 27.758301 -17.375086
2317.021744 28.167196 -16.599751
2317.792837 28.573854 -15.828658
2318.561822 28.979401 -15.059673
2319.292669 29.364834 -14.328826
2320.067991 29.773722 -13.553503
2320.828505 30.174801 -12.792989
2321.584765 30.573636 -12.036730
2322.343158 30.973597 -11.278337
2323.099418 31.372432 -10.522077
2323.864161 31.775741 -9.757334
2324.611950 32.170109 -9.009545
2325.114019 32.434890 -8.507476
2325.376706 32.573425 -8.244789
2326.088477 32.948798 -7.533018
2326.859570 33.355456 -6.761925
2327.620072 33.756528 -6.001423
2328.359389 34.146429 -5.262105
2329.113541 34.544152 -4.507954
2329.882526 34.949699 -3.738969
2330.645148 35.351889 -2.976347
2331.401420 35.750731 -2.220074
2332.164030 36.152915 -1.457465
2332.930894 36.557343 -0.690601
2333.693516 36.959534 0.072022
2334.456139 37.361725 0.834644
2335.231474 37.770620 1.609979
2335.981383 38.166106 2.359889
2336.744006 38.568297 3.122511
2337.496036 38.964902 3.874541
2338.298917 39.388324 4.677423
2339.042464 39.780455 5.420970
2339.809328 40.184883 6.187834
2340.569830 40.585955 6.948335
2341.315510 40.979211 7.694016
2342.069662 41.376935 8.448167
2342.808980 41.766835 9.187485
2343.524993 42.144445 9.903498
2344.327874 42.567868 10.706379
2345.056600 42.952182 11.435105
2345.702713 43.292928 12.081218
2346.458972 43.691764 12.837478
2347.208882 44.087250 13.587387
2347.967275 44.487210 14.345780
2348.721426 44.884934 15.099932
2349.492520 45.291592 15.871025
2350.221258 45.675913 16.599764
2351.007185 46.090394 17.385690
2351.748611 46.481406 18.127116
2352.487942 46.871314 18.866447
2353.201847 47.247812 19.580352
2353.953865 47.644410 20.332370
2354.691074 48.033199 21.069579
2355.402858 48.408579 21.781364
2356.118872 48.786189 22.497377
2356.817943 49.154864 23.196448
2357.527619 49.529132 23.906124
2358.230932 49.900045 24.609438
2358.944825 50.276536 25.323330
2359.652380 50.649686 26.030885
2360.302722 50.992662 26.681227
2360.986972 51.353521 27.365477
2361.709335 51.734480 28.087841
2362.393573 52.095333 28.772079
2363.120191 52.478536 29.498696
2363.840459 52.858389 30.218964
2364.545880 53.230414 30.924386
2365.276727 53.615847 31.655233
2365.975799 53.984522 32.354304
2366.721467 54.377772 33.099972
2367.407838 54.739749 33.786343
2368.147156 55.129650 34.525661
2368.878003 55.515083 35.256508
2369.562253 55.875942 35.940759
2370.297329 56.263605 36.675835
2370.990051 56.628932 37.368556
2371.672181 56.988673 38.050686
2372.371265 57.357355 38.749770
2373.021606 57.700331 39.400112
2373.642294 60.558128 40.020799
2374.205793 69.967132 40.584298
2374.779883 79.552992 41.158389
2375.349720 89.067812 41.728225
2375.885672 98.016863 42.264178
2376.402575 106.647826 42.781080
2376.919465 115.278578 43.297970
2377.347379 122.423653 43.725884
2377.802839 130.028681 44.181344
2378.251936 137.527468 44.630442
2378.713759 145.238738 45.092264
2379.230649 153.869489 45.609154
2379.698809 161.686575 46.077314
2379.976330 155.167605 45.799794
2380.385168 145.563967 45.390956
2380.910542 133.222911 44.865582
2381.497332 119.439161 44.278791
2382.164629 103.764337 43.611495
2382.846758 87.741070 42.929366
2383.194179 79.580126 42.581944
2384.066962 59.078424 41.709162
2384.793567 42.010428 40.982557
2385.532897 24.643512 40.243227
2386.274323 13.587321 39.501801
2387.030595 12.762037 38.745528
2387.776276 11.948312 37.999848
2388.492302 11.166948 37.283822
2389.221028 10.371725 36.555096
2389.975179 9.548756 35.800944
2390.735693 8.718844 35.040430
2391.475011 7.912062 34.301113
2392.218571 7.100651 33.557553
2392.987543 6.261509 32.788581
2393.731115 5.450085 32.045008
2394.487375 4.624816 31.288749
2395.226706 3.818020 30.549418
2395.957552 3.020482 29.818571
2396.739237 2.167467 29.036886
2397.472205 1.367615 28.303919
2398.222128 0.549261 27.553996
2398.972024 -0.269065 26.804099
2399.711355 -1.075860 26.064769
2400.471856 -1.905758 25.304267
2401.204824 -2.705611 24.571300
2401.954734 -3.523951 23.821390
2402.715248 -4.353863 23.060876
2403.443974 -5.149086 22.332150
2404.212946 -5.988228 21.563178
2404.952277 -6.795024 20.823847
2405.727612 -7.641109 20.048512
2406.483871 -8.466378 19.292253
2407.233794 -9.284732 18.542330
2407.996416 -10.116945 17.779708
2408.759038 -10.949158 17.017086
2409.489885 -11.746695 16.286239
2410.248266 -12.574279 15.527858
2410.998188 -13.392633 14.777936
2411.769281 -14.234090 14.006843
2412.504370 -15.036256 13.271754
2413.262750 -15.863840 12.513374
2413.999960 -16.668321 11.776164
2414.747749 -17.484347 11.028375
2415.518854 -18.325817 10.257269
2416.260293 -19.134913 9.515831
2416.995382 -19.937080 8.780742
2417.724108 -20.732303 8.052016
2418.469776 -21.546014 7.306348
2419.232398 -22.378227 6.543726
2419.971728 -23.185022 5.804395
2420.698321 -23.977917 5.077803
2421.433422 -24.780098 4.342702
2422.204515 -25.621555 3.571608
2422.952304 -26.437580 2.823820
2423.710685 -27.265164 2.065439
2424.430940 -28.051143 1.345184
2425.212637 -28.904172 0.563486
2425.966789 -29.727141 -0.190665
2426.714565 -30.543153 -0.938441
2427.479321 -31.377694 -1.703197
2428.208047 -32.172917 -2.431923
2428.981261 -33.016688 -3.205137
2429.758717 -33.865088 -3.982593
2430.514976 -34.690357 -4.738853
2431.283961 -35.529513 -5.507838
2432.044450 -36.359398 -6.268326
2432.804964 -37.189310 -7.028840
2433.559103 -38.012265 -7.782979
2434.273008 -38.791315 -8.496884
2434.995384 -39.579609 -9.219260
2435.749535 -40.402577 -9.973412
2436.351160 -41.059101 -10.575036
2437.103190 -41.879755 -11.327067
2437.859463 -42.705038 -12.083339
2438.592418 -43.504877 -12.816294
2439.355040 -44.337090 -13.578916
2440.081658 -45.130012 -14.305534
2440.848509 -45.966840 -15.072385
2441.568764 -46.752819 -15.792640
2442.344099 -47.598905 -16.567975
2443.070704 -48.391814 -17.294581
2443.843918 -49.235585 -18.067795
2444.593841 -50.053939 -18.817717
2445.358571 -50.888452 -19.582448
2446.091526 -51.688290 -20.315403
2446.777898 -52.437294 -21.001774
2447.506624 -53.232517 -21.730500
2448.243821 -54.036985 -22.467697
2448.993730 -54.855325 -23.217607
2449.707635 -55.634375 -23.931512
2450.402465 -56.392608 -24.626341
2451.129083 -57.185531 -25.352959
2451.845096 -57.966882 -26.068973
2452.571701 -58.759791 -26.795578
2453.319490 -59.575816 -27.543366
2454.060941 -60.384926 -28.284818
2454.770605 -61.159347 -28.994481
2455.486618 -61.940698 -29.710494
2456.202631 -62.722048 -30.426508
2456.933478 -63.519586 -31.157355
2457.647371 -64.298622 -31.871247
2458.380338 -66.344097 -32.604215
2459.098473 -70.725008 -33.322349
2459.810257 -75.067182 -34.034133
2460.511437 -79.344664 -34.735313
2461.210508 -83.609286 -35.434384
2461.888396 -87.744678 -36.112272
2462.606530 -92.125590 -36.830406
2463.273814 -96.196290 -37.497690
2463.975019 -100.473927 -38.198895
2464.542734 -103.937223 -38.766610
2465.176134 -107.801220 -39.400010
2465.762937 -111.380960 -39.986814
2466.358212 -115.012377 -40.582088
2466.875089 -118.165539 -41.098965
2467.402571 -121.383393 -41.626447
2467.944874 -124.691661 -42.168750
2468.472355 -127.909515 -42.696232
2469.031613 -131.321212 -43.255489
2469.563323 -134.564865 -43.787200
2470.101384 -123.033522 -43.249139
2470.660642 -111.047915 -42.689882
2471.266508 -98.063416 -42.084015
2471.912608 -84.216659 -41.437916
2472.266379 -76.634884 -41.084144
2473.156115 -57.566674 -40.194408
2473.903904 -41.540592 -39.446619
2474.658055 -25.378149 -38.692468
2475.376190 -9.987602 -37.974334
2476.119749 5.947845 -37.230774
2476.865417 18.268908 -36.485106
2477.623798 18.663013 -35.726726
2478.361007 19.046116 -34.989516
2479.104554 19.432512 -34.245969
2479.862935 19.826617 -33.487589
2480.604373 20.211918 -32.746150
2481.341583 20.595021 -32.008940
2482.110568 20.994637 -31.239955
2482.847752 21.377727 -30.502771
2483.618858 21.778445 -29.731665
2484.366647 22.167045 -28.983877
2485.118664 22.557844 -28.231859
2485.887662 22.957466 -27.462861
2486.641801 23.349367 -26.708722
2487.402302 23.744574 -25.948221
2488.154333 24.135379 -25.196190
2488.931789 24.539397 -24.418734
2489.702882 24.940108 -23.647641
2490.469733 25.338615 -22.880790
2491.242947 25.740428 -22.107576
2492.020403 26.144446 -21.330120
2492.789376 26.544055 -20.561148
2493.537177 26.932662 -19.813346
2494.308270 27.333374 -19.042253
2495.094184 27.741787 -18.256339
2495.844107 28.131496 -17.506417
2496.585533 28.516791 -16.764991
2497.379943 28.929619 -15.970580
2498.138323 29.323724 -15.212200
2498.888233 29.713427 -14.462290
2499.667797 30.118540 -13.682726
2500.426190 30.512652 -12.924333
2501.188813 30.908961 -12.161710
2501.947206 31.303073 -11.403317
2502.705574 31.697171 -10.644949
2503.447025 32.082478 -9.903498
2504.048637 32.395116 -9.301886
2505.027350 32.903720 -8.323174
2505.777259 33.293423 -7.573264
2506.533531 33.686432 -6.816992
2507.304612 34.087137 -6.045911
2508.058763 34.479044 -5.291760
2508.821386 34.875353 -4.529138
2509.584008 35.271663 -3.766515
2510.348751 35.669074 -3.001772
2511.111373 36.065383 -2.239150
2511.861296 36.455093 -1.489227
2512.638739 36.859104 -0.711784
2513.401361 37.255413 0.050838
2514.166104 37.652824 0.815581
2514.935089 38.052440 1.584566
2515.693457 38.446538 2.342934
2516.445500 38.837350 3.094977
2517.203894 39.231462 3.853371
2517.839402 39.561714 4.488879
2518.570249 39.941510 5.219725
2519.307445 40.324607 5.956922
2520.063718 40.717616 6.713195
2520.824219 41.112823 7.473696
2521.572021 41.501431 8.221497
2522.302867 41.881227 8.952344
2523.010410 42.248913 9.659887
2523.751849 42.634214 10.401325
2524.512350 43.029421 11.161827
2525.258030 43.416926 11.907507
2526.016411 43.811031 12.665888
2526.808700 44.222758 13.458177
2527.590385 44.628973 14.239862
2528.350887 45.024180 15.000364
2529.107159 45.417190 15.756636
2529.861311 45.809097 16.510787
2530.666300 46.227423 17.315777
2531.437393 46.628134 18.086870
2532.206378 47.027750 18.855855
2532.937238 47.407553 19.586715
2533.721031 47.814864 20.370508
2534.481532 48.210071 21.131009
2535.193317 48.579962 21.842793
2535.938997 48.967467 22.588474
2536.684678 49.354972 23.334155
2537.415525 49.734769 24.065001
2538.131538 50.106857 24.781015
2538.828501 50.469045 25.477978
2539.529694 50.833431 26.179170
2540.230886 51.197817 26.880363
2540.946899 51.569906 27.596376
2541.662913 51.941994 28.312389
2542.389530 52.319593 29.039007
2543.128848 52.703791 29.778325
2543.863937 53.085792 30.513414
2544.590542 53.463384 31.240019
2545.334102 53.849787 31.983578
2546.024715 54.208676 32.674192
2546.764033 54.592875 33.413510
2547.469454 54.959459 34.118931
2548.172767 55.324947 34.822244
2548.914206 55.710248 35.563683
2549.638703 56.086745 36.288180
2550.358958 56.461037 37.008435
2551.045317 56.817715 37.694794
2551.738038 57.177699 38.387515
2552.464644 57.555291 39.114120
2553.153123 57.913071 39.802600
2553.818311 68.021714 40.467788
2554.479245 79.057625 41.128721
2555.108415 89.563179 41.757892
2555.718523 99.750435 42.368000
2556.256584 108.734687 42.906061
2556.752303 117.011938 43.401780
2557.250118 125.324179 43.899595
2557.697094 132.787553 44.346571
2558.127129 139.968041 44.776606
2558.559297 147.184156 45.208774
2558.976619 154.152374 45.626096
2559.357924 160.519197 46.007401
2559.773138 167.452214 46.422615
2560.080300 160.236956 46.115453
2560.501864 150.334398 45.693889
2561.033588 137.844180 45.162165
2561.656408 123.214086 44.539344
2562.342767 107.091477 43.852986
2563.037597 90.769887 43.158156
2563.346880 83.504809 42.848873
2563.632871 76.786857 42.562882
2564.245087 62.405863 41.950665
2564.992876 44.840263 41.202877
2565.706781 28.070591 40.488972
2566.441870 13.753643 39.753883
2567.198142 12.929500 38.997611
2567.945944 12.114589 38.249809
2568.659836 11.336629 37.535917
2569.401287 10.528638 36.794465
2570.163910 9.697575 36.031843
2570.890515 8.905762 35.305238
2571.638316 8.090851 34.557437
2572.400938 7.259788 33.794814
2573.133906 6.461042 33.061847
2573.892287 5.634602 32.303466
2574.633725 4.826624 31.562027
2575.377285 4.016335 30.818468
2576.114495 3.212966 30.081258
2576.866525 2.393446 29.329228
2577.614327 1.578534 28.581426
2578.351523 0.775179 27.844229
2579.088733 -0.028190 27.107020
2579.849234 -0.856941 26.346518
2580.592794 -1.667230 25.602959
2581.319412 -2.459057 24.876341
2582.050259 -3.255492 24.145494
2582.806518 -4.079621 23.389234
2583.533136 -4.871448 22.662617
2584.272454 -5.677114 21.923299
2585.013893 -6.485092 21.181860
2585.742619 -7.279216 20.453134
2586.507362 -8.112590 19.688391
2587.236088 -8.906714 18.959665
2587.981768 -9.719314 18.213984
2588.746512 -10.552688 17.449241
2589.494313 -11.367599 16.701440
2590.225160 -12.164035 15.970593
2590.975069 -12.981244 15.220683
2591.708037 -13.779990 14.487716
2592.464310 -14.604133 13.731443
2593.201506 -15.407488 12.994246
2593.953537 -16.227008 12.242216
2594.694976 -17.034986 11.500777
2595.440656 -17.847586 10.755097
2596.199037 -18.674026 9.996716
2596.921413 -19.461231 9.274340
2597.654380 -20.259977 8.541372
2598.389469 -21.061035 7.806284
2599.149971 -21.889786 7.045782
2599.893517 -22.700061 6.302235
2600.615893 -23.487266 5.579859
2601.365816 -24.304488 4.829937
2602.098784 -25.103235 4.096969
2602.855043 -25.927364 3.340710
2603.613436 -26.753818 2.582316
2604.346404 -27.552564 1.849349
2605.092072 -28.365151 1.103681
2605.844102 -29.184671 0.351650
2606.608846 -30.018044 -0.413093
2607.386302 -30.865272 -1.190549
2608.131969 -31.677858 -1.936217
2608.896713 -32.511232 -2.700960
2609.650864 -33.333063 -3.455111
2610.415607 -34.166437 -4.219854
2611.182459 -35.002108 -4.986706
2611.926018 -35.812397 -5.730265
2612.680170 -36.634228 -6.484417
2613.417366 -37.437583 -7.221614
2614.163047 -38.250184 -7.967294
2614.910836 -39.065081 -8.715083
2615.648033 -39.868437 -9.452280
2616.378892 -40.664886 -10.183139
2617.113968 -41.465930 -10.918215
2617.846936 -42.264677 -11.651183
2618.601075 -43.086494 -12.405322
2619.348876 -43.901405 -13.153123
2620.077602 -44.695530 -13.881849
2620.838116 -45.524295 -14.642363
2621.598605 -46.353032 -15.402852
2622.373940 -47.197948 -16.178187
2623.130212 -48.022091 -16.934459
2623.852575 -48.809281 -17.656823
2624.585543 -49.608028 -18.389791
2625.341816 -50.432170 -19.146063
2625.727362 -50.852317 -19.531609
2626.009112 -51.159352 -19.813359
2626.716641 -51.930377 -20.520889
2627.468685 -52.749911 -21.272932
2628.214352 -53.562498 -22.018600
2628.887998 -54.296599 -22.692246
2629.612495 -55.086114 -23.416743
2630.313688 -55.850234 -24.117935
2631.052993 -56.655887 -24.857240
2631.790202 -57.459256 -25.594450
2632.489274 -58.221064 -26.293521
2633.218000 -59.015188 -27.022247
2633.940363 -59.802379 -27.744611
2634.669089 -60.596503 -28.473336
2635.397828 -61.390641 -29.202075
2636.105370 -62.161681 -29.909618
2636.804442 -62.923489 -30.608689
2637.531047 -63.715302 -31.335294
2638.238589 -64.486341 -32.042837
2638.916477 -67.054854 -32.720725
2639.617657 -71.332336 -33.421904
2640.335804 -75.713325 -34.140051
2641.081472 -80.262203 -34.885719
2641.784772 -84.552623 -35.589019
2642.483844 -88.817244 -36.288091
2643.212570 -93.262770 -37.016817
2643.943429 -97.721312 -37.747677
2644.604363 -101.753275 -38.408610
2645.244113 -105.656010 -39.048360
2645.934713 -109.868955 -39.738960
2646.513020 -113.396865 -40.317268
2647.099824 -116.976605 -40.904071
2647.631535 -120.220258 -41.435782
2648.142075 -123.334761 -41.946322
2648.622960 -126.268358 -42.427208
2649.139838 -129.421520 -42.944085
2649.658848 -132.587699 -43.463096
2650.139721 -135.521219 -43.943968
2650.739237 -122.672809 -43.344452
2651.328149 -110.051667 -42.755541
2651.963670 -96.431634 -42.120020
2652.601286 -82.766692 -41.482404
2652.872444 -76.955431 -41.211246
2653.149951 -71.008081 -40.933738
2653.870219 -55.571807 -40.213470
2654.630708 -39.273548 -39.452982
2655.378509 -23.247194 -38.705180
2656.105114 -7.675104 -37.978575
2656.846553 8.214889 -37.237137
2657.617646 18.336859 -36.466043
2658.352735 18.718301 -35.730955
2659.102632 19.107427 -34.981058
2659.846192 19.493265 -34.237498
2660.602464 19.885699 -33.481226
2661.329082 20.262745 -32.754608
2662.091691 20.658468 -31.991999
2662.862784 21.058593 -31.220905
2663.599981 21.441129 -30.483708
2664.375329 21.843461 -29.708361
2665.125226 22.232587 -28.958464
2665.879377 22.623921 -28.204312
2666.663183 23.030643 -27.420506
2667.427926 23.427473 -26.655763
2668.179957 23.817706 -25.903733
2668.946808 24.215629 -25.136881
2669.732735 24.623452 -24.350955
2670.495357 25.019181 -23.588332
2671.264342 25.418212 -22.819347
2672.031194 25.816136 -22.052496
2672.831942 26.231649 -21.251748
2673.590335 26.625183 -20.493355
2674.325411 27.006619 -19.758279
2675.113458 27.415541 -18.970231
2675.895143 27.821162 -18.188546
2676.653524 28.214691 -17.430166
2677.409809 28.607132 -16.673881
2678.193602 29.013847 -15.890088
2678.988013 29.426071 -15.095677
2679.720968 29.806406 -14.362722
2680.494182 30.207631 -13.589508
2681.246200 30.597858 -12.837490
2682.015197 30.996895 -12.068492
2682.777807 31.392618 -11.305883
2683.534079 31.785052 -10.549611
2684.296701 32.180782 -9.786988
2685.061445 32.577611 -9.022245
2685.334711 32.719411 -8.748979
2685.906680 33.016209 -8.177009
2686.669290 33.411932 -7.414400
2687.438275 33.810963 -6.645415
2688.207260 34.209994 -5.876430
2688.961399 34.601321 -5.122291
2689.724021 34.997050 -4.359669
2690.488764 35.393880 -3.594925
2691.247157 35.787415 -2.836532
2692.030963 36.194137 -2.052726
2692.774510 36.579968 -1.309179
2693.547737 36.981200 -0.535953
2694.331543 37.387921 0.247853
2695.089923 37.781449 1.006234
2695.850425 38.176078 1.766735
2696.600347 38.565217 2.516657
2697.352378 38.955451 3.268688
2698.138304 39.363273 4.054615
2698.886080 39.751298 4.802391
2699.610590 40.127251 5.526900
2700.332966 40.502096 6.249276
2700.951532 40.823074 6.867843
2701.724734 41.224292 7.641044
2702.489490 41.621129 8.405800
2703.199153 41.989377 9.115463
2703.917287 42.362022 9.833597
2704.690501 42.763247 10.606811
2705.463715 43.164473 11.380026
2706.192441 43.542613 12.108752
2706.940243 43.930652 12.856553
2707.694381 44.321979 13.610692
2708.478200 44.728707 14.394510
2709.266248 45.137630 15.182558
2710.052174 45.545452 15.968485
2710.821147 45.944476 16.737457
2711.607074 46.352298 17.523384
2712.382409 46.754624 18.298719
2713.142910 47.149253 19.059220
2713.916124 47.550478 19.832434
2714.695701 47.955006 20.612011
2715.466794 48.355130 21.383104
2716.218825 48.745364 22.135135
2716.960263 49.130101 22.876573
2717.691123 49.509348 23.607433
2718.424078 49.889683 24.340388
2719.173988 50.278815 25.090298
2719.911197 50.661358 25.827507
2720.642044 51.040599 26.558354
2721.362299 51.414344 27.278609
2722.071962 51.782592 27.988273
2722.777397 52.148646 28.693707
2723.525185 52.536678 29.441496
2724.258166 52.917026 30.174476
2724.999605 53.301763 30.915915
2725.721968 53.676602 31.638278
2726.437994 54.048152 32.354304
2727.196374 54.441680 33.112685
2727.918750 54.816526 33.835061
2728.645368 55.193572 34.561678
2729.359273 55.564022 35.275584
2730.062574 55.928969 35.978884
2730.806133 56.314806 36.722444
2731.509447 56.679760 37.425757
2732.202168 57.039217 38.118479
2732.926652 57.415156 38.842963
2733.644799 57.787807 39.561110
2734.339642 64.484590 40.255952
2735.002696 75.555915 40.919006
2735.653038 86.414969 41.569348
2736.292800 97.097380 42.209110
2736.917729 107.532107 42.834039
2737.474865 116.834870 43.391176
2737.957872 124.899852 43.874182
2738.426032 132.716938 44.342342
2738.881492 140.321966 44.797802
2739.317877 147.608483 45.234187
2739.745803 154.753770 45.662113
2740.114395 160.908323 46.030706
2740.523259 167.735311 46.439569
2740.993540 175.587811 46.909850
2741.542205 184.749131 47.458516
2742.126888 194.511847 48.043198
2742.728512 194.235751 48.644823
2743.349200 189.979656 49.265510
2744.003783 185.491130 49.920093
2744.586357 181.496376 50.502668
2745.183753 167.463526 49.905272
2745.637092 156.814562 49.451933
2746.198470 143.627757 48.890555
2746.842462 128.500357 48.246563
2747.571188 111.382541 47.517837
2747.912259 103.370759 47.176766
2748.776557 83.068337 46.312468
2749.486233 66.398007 45.602792
2750.238276 48.732468 44.850749
2750.971232 31.515310 44.117793
2751.689366 14.646296 43.399659
2752.413863 13.177118 42.675162
2753.157422 12.404090 41.931603
2753.915815 11.615641 41.173209
2754.655133 10.847024 40.433892
2755.377509 10.096020 39.711516
2756.123190 9.320787 38.965835
2756.887933 8.525737 38.201092
2757.614551 7.770322 37.474474
2758.353869 7.001705 36.735156
2759.124974 6.200039 35.964050
2759.847338 5.449048 35.241687
2760.590910 4.676008 34.498115
2761.349291 3.887572 33.739734
2762.071654 3.136581 33.017371
2762.764388 2.416393 32.324637
2763.486751 1.665402 31.602274
2764.202777 0.920999 30.886248
2764.870073 0.227258 30.218951
2765.613620 -0.545756 29.475405
2766.361422 -1.323194 28.727603
2767.107102 -2.098426 27.981923
2767.848541 -2.869249 27.240484
2768.606934 -3.657697 26.482091
2769.331431 -4.410907 25.757594
2770.096162 -5.205944 24.992863
2770.827021 -5.965768 24.262004
2771.581160 -6.749794 23.507865
2772.320490 -7.518425 22.768535
2773.055566 -8.282632 22.033459
2773.794897 -9.051263 21.294128
2774.527865 -9.813279 20.561160
2775.301079 -10.617136 19.787946
2776.031913 -11.376934 19.057112
2776.773364 -12.147769 18.315661
2777.538108 -12.942820 17.550917
2778.300717 -13.735652 16.788308
2779.046398 -14.510885 16.042627
2779.789957 -15.283912 15.299068
2780.542000 -16.065759 14.547024
2781.306744 -16.860810 13.782281
2782.052411 -17.636029 13.036613
2782.800213 -18.413467 12.288812
2783.545893 -19.188699 11.543132
2784.293669 -19.966110 10.795356
2785.069004 -20.772172 10.020021
2785.785030 -21.516575 9.303995
2786.511635 -22.271976 8.577390
2787.263666 -23.053810 7.825359
2788.024167 -23.844450 7.064858
2788.761377 -24.610876 6.327648
2789.500695 -25.379494 5.588330
2790.269667 -26.178941 4.819358
2791.045015 -26.985016 4.044010
2791.809745 -27.780054 3.279280
2792.566018 -28.566297 2.523007
2793.322277 -29.352528 1.766748
2794.080670 -30.140977 1.008355
2794.845414 -30.936028 0.243611
2795.595336 -31.715670 -0.506311
2796.345233 -32.495286 -1.256208
2797.078213 -33.257315 -1.989188
2797.819639 -34.028124 -2.730614
2798.582262 -34.820970 -3.493237
2799.332171 -35.600599 -4.243146
2800.103277 -36.402264 -5.014252
2800.834111 -37.162062 -5.745086
2801.577671 -37.935089 -6.488646
2802.323351 -38.710322 -7.234326
2803.079624 -39.496566 -7.990599
2803.795637 -40.240955 -8.706612
2804.539184 -41.013969 -9.450159
2805.303927 -41.809020 -10.214902
2806.049608 -42.584252 -10.960583
2806.723254 -43.284596 -11.634229
2807.460451 -44.051008 -12.371426
2808.197660 -44.817434 -13.108635
2808.924265 -45.572835 -13.835240
2809.676296 -46.354669 -14.587271
2810.415626 -47.123300 -15.326601
2811.167657 -47.905134 -16.078632
2811.945100 -48.713388 -16.856075
2812.686539 -49.484210 -17.597514
2813.364414 -50.188950 -18.275389
2814.110094 -50.964182 -19.021069
2814.860004 -51.743811 -19.770979
2815.599322 -52.512429 -20.510297
2816.345002 -53.287661 -21.255977
2817.105504 -54.078302 -22.016479
2817.802467 -54.802886 -22.713442
2818.539651 -55.569286 -23.450626
2819.259906 -56.318085 -24.170881
2820.003466 -57.091113 -24.914441
2820.763980 -57.881766 -25.674955
2821.492706 -58.639372 -26.403681
2822.238374 -59.414592 -27.149349
2822.964992 -60.170006 -27.875967
2823.691597 -60.925407 -28.602572
2824.420323 -61.683013 -29.331298
2825.146928 -62.438414 -30.057903
2825.850228 -63.169587 -30.761203
2826.591680 -63.940422 -31.502655
2827.303464 -64.680415 -32.214439
2828.002523 -68.230850 -32.913498
2828.727020 -72.650577 -33.637995
2829.459987 -77.121979 -34.370962
2830.167530 -81.438276 -35.078505
2830.885651 -85.819110 -35.796626
2831.574131 -90.019117 -36.485106
2832.302857 -94.464643 -37.213832
2832.997699 -98.703465 -37.908674
2833.658633 -102.735428 -38.569608
2834.342871 -106.909558 -39.253846
2834.967800 -110.721879 -39.878775
2835.596958 -114.559999 -40.507933
2836.162565 -118.010434 -41.073540
2836.696397 -121.267026 -41.607372
2837.219649 -124.459080 -42.130624
2837.713235 -127.470153 -42.624210
2838.153849 -130.158077 -43.064824
2838.651689 -133.195104 -43.562664
2839.179158 -136.412880 -44.090133
2839.708760 -139.643673 -44.619735
2840.306143 -143.287950 -45.217118
2840.941664 -147.164886 -45.852639
2841.598355 -149.484217 -46.509330
2842.278364 -149.021924 -47.189339
2842.952023 -148.563948 -47.862998
2843.547285 -148.159269 -48.458260
2844.028157 -137.860957 -47.977387
2844.559881 -126.473630 -47.445663
2845.155143 -113.725579 -46.850402
2845.790663 -100.115347 -46.214881
2846.155026 -92.312194 -45.850518
2847.036279 -73.439389 -44.969265
2847.733230 -58.513581 -44.272314
2848.453472 -43.088959 -43.552072
2849.203395 -27.028716 -42.802150
2849.961775 -10.787333 -42.043769
2850.703214 5.091226 -41.302330
2851.448894 13.244882 -40.556650
2852.207275 13.543277 -39.798269
2852.995310 13.853341 -39.010234
2853.696502 14.129235 -38.309042
2854.446425 14.424303 -37.559120
2855.198442 14.720195 -36.807102
2855.971657 15.024427 -36.033888
2856.715203 15.316986 -35.290341
2857.482068 15.618720 -34.523477
2858.246811 15.919619 -33.758734
2858.996720 16.214681 -33.008824
2859.750872 16.511413 -32.254673
2860.500781 16.806476 -31.504763
2861.271875 17.109873 -30.733670
2862.036605 17.410767 -29.968939
2862.799227 17.710832 -29.206317
2863.544921 18.004235 -28.460624
2864.326593 18.311796 -27.678952
2865.108278 18.619361 -26.897267
2865.873034 18.920265 -26.132511
2866.622931 19.215322 -25.382614
2867.398266 19.520389 -24.607279
2868.177830 19.827120 -23.827715
2868.938344 20.126355 -23.067200
2869.709424 20.429747 -22.296120
2870.489001 20.736483 -21.516543
2871.249503 21.035713 -20.756042
2872.003654 21.332445 -20.001890
2872.768397 21.633344 -19.237147
2873.547974 21.940079 -18.457570
2874.304234 22.237641 -17.701311
2875.066843 22.537700 -16.938701
2875.816765 22.832768 -16.188779
2876.636589 23.155339 -15.368956
2877.356831 23.438728 -14.648713
2878.123695 23.740462 -13.881849
2878.888438 24.041361 -13.117106
2879.655290 24.343090 -12.350255
2880.411562 24.640656 -11.593982
2881.172063 24.939886 -10.833481
2881.936807 25.240785 -10.068738
2882.688837 25.536682 -9.316707
2883.451459 25.836747 -8.554085
2884.262812 26.155985 -7.742733
2885.027542 26.456879 -6.978002
2885.777464 26.751947 -6.228080
2886.518890 27.043671 -5.486654
2887.275163 27.341237 -4.730382
2888.058969 27.649637 -3.946576
2888.819470 27.948867 -3.186074
2889.571513 28.244769 -2.434031
2890.344715 28.548996 -1.660830
2891.092516 28.843230 -0.913028
2891.865730 29.147462 -0.139814
2892.626231 29.446692 0.620687
2893.380383 29.743423 1.374839
2894.109109 30.030151 2.103565
2894.731917 30.275204 2.726373
2895.475464 30.567763 3.469919
2896.263511 30.877831 4.257967
2896.994371 31.165399 4.988827
2897.737918 31.457958 5.732374
2898.481490 31.750527 6.475946
2899.237750 32.048088 7.232206
2899.994009 32.345649 7.988465
2900.733340 32.636549 8.727796
2901.457837 32.921613 9.452293
2902.173850 33.203338 10.168306
2902.974598 33.518404 10.969053
2903.705445 33.805966 11.699900
2904.444775 34.096866 12.439231
2905.222218 34.402762 13.216674
2906.003916 34.710332 13.998372
2906.802543 35.024564 14.796999
2907.567286 35.325463 15.561742
2908.340500 35.629695 16.334956
2909.096773 35.927261 17.091228
2909.891170 36.239828 17.885626
2910.658034 36.541562 18.652490
2911.418536 36.840792 19.412991
2912.191750 37.145024 20.186205
2912.943793 37.440926 20.938249
2913.638623 37.714317 21.633078
2914.367349 38.001044 22.361804
2915.121500 38.297776 23.115956
2915.845984 38.582834 23.840440
2916.549298 38.859563 24.543753
2917.286507 39.149629 25.280963
2917.994050 39.428021 25.988505
2918.695242 39.703916 26.689698
2919.421860 39.989814 27.416315
2920.150586 40.276541 28.145042
2920.851778 40.552435 28.846234
2921.574142 40.836660 29.568597
2922.288047 41.117556 30.282502
2922.978660 41.389287 30.973116
2923.705252 41.675176 31.699708
2924.429749 41.960239 32.424205
2925.175430 42.253638 33.169885
2925.889335 42.534534 33.883791
2926.651957 42.834599 34.646413
2927.412459 43.133829 35.406914
2928.111543 43.408893 36.105998
2928.872044 43.708123 36.866500
2929.602891 43.995686 37.597347
2930.325267 44.279915 38.319723
2931.075177 44.574977 39.069632
2931.780611 44.852540 39.775067
2932.498745 45.135101 40.493201
2933.227484 45.421833 41.221939
2933.932918 45.699396 41.927374
2934.638339 45.976954 42.632795
2935.320469 46.245348 43.314925
2935.991994 46.509569 43.986450
2936.665640 48.886632 44.660096
2937.339299 57.012136 45.333755
2937.959986 64.498710 45.954442
2938.544669 71.551006 46.539125
2939.080622 78.015534 47.075077
2939.578462 84.020356 47.572917
2940.069926 89.948280 48.064382
2940.580454 96.106133 48.574909
2941.046518 101.727688 49.040974
2941.474432 106.889078 49.468888
2941.925638 112.331408 49.920093
2942.412873 118.208321 50.407329
2942.917063 124.289735 50.911519
2943.412769 130.268823 51.407225
2943.728415 122.859620 51.091579
2944.183863 112.168832 50.636132
2944.732541 99.289625 50.087454
2945.372303 84.272381 49.447691
2946.073483 67.813480 48.746512
2946.721729 52.597099 48.098265
2946.994995 46.182686 47.825000
2947.300049 39.022106 47.519946
2948.024546 22.015877 46.795449
2948.759622 13.531272 46.060373
2949.503181 12.832235 45.316813
2950.246741 12.133198 44.573253
2950.979709 11.444118 43.840286
2951.725389 10.743086 43.094605
2952.452007 10.059976 42.367987
2953.206146 9.350993 41.613849
2953.945489 8.655920 40.874505
2954.680565 7.964858 40.139429
2955.436825 7.253881 39.383170
2956.199460 6.536911 38.620535
2956.934536 5.845849 37.885459
2957.667516 5.156757 37.152478
2958.423776 4.445780 36.396219
2959.177927 3.736785 35.642067
2959.942670 3.017833 34.877324
2960.662938 2.340693 34.157056
2961.410727 1.637679 33.409268
2962.179699 0.914751 32.640295
2962.929621 0.209732 31.890373
2963.671060 -0.487312 31.148934
2964.406136 -1.178374 30.413858
2965.175134 -1.901326 29.644861
2965.918693 -2.600363 28.901301
2966.655878 -3.293407 28.164117
2967.397329 -3.990462 27.422666
2968.145130 -4.693488 26.674864
2968.871736 -5.376586 25.948259
2969.642841 -6.101520 25.177153
2970.375809 -6.790600 24.444185
2971.108764 -7.479668 23.711230
2971.858687 -8.184687 22.961308
2972.606475 -8.887700 22.213519
2973.360627 -9.596695 21.459368
2974.112657 -10.303696 20.707337
2974.885884 -11.030624 19.934110
2975.640023 -11.739607 19.179972
2976.387811 -12.442620 18.432183
2977.154676 -13.163567 17.665319
2977.902477 -13.866592 16.917518
2978.635445 -14.555672 16.184550
2979.406538 -15.280594 15.413457
2980.164918 -15.993565 14.655076
2980.944495 -16.726463 13.875499
2981.666871 -17.405585 13.153123
2982.433735 -18.126532 12.386259
2983.185753 -18.833521 11.634241
2983.950496 -19.552473 10.869498
2984.723710 -20.279390 10.096284
2985.443978 -20.956530 9.376016
2986.187525 -21.655555 8.632469
2986.952268 -22.374508 7.867726
2987.727603 -23.103418 7.092391
2988.481755 -23.812413 6.338240
2989.238027 -24.523402 5.581968
2989.979453 -25.220433 4.840541
2990.759030 -25.953331 4.060965
2991.532244 -26.680248 3.287751
2992.282166 -27.385267 2.537828
2993.044789 -28.102225 1.775206
2993.798927 -28.811208 1.021067
2994.567912 -29.534149 0.252082
2995.326293 -30.247120 -0.506298
2996.078323 -30.954121 -1.258329
2996.828233 -31.659128 -2.008238
2997.580263 -32.366129 -2.760269
2998.336536 -33.077118 -3.516541
2999.097050 -33.792095 -4.277055
2999.846947 -34.497090 -5.026952
3000.592627 -35.198121 -5.772633
3001.359479 -35.919056 -6.539484
3002.109401 -36.624075 -7.289406
3002.861419 -37.331064 -8.041424
3003.596520 -38.022149 -8.776525
3004.340067 -38.721175 -9.520072
3005.113281 -39.448091 -10.293287
3005.806003 -40.099335 -10.986008
3006.543199 -40.792390 -11.723205
3007.293109 -41.497397 -12.473114
3008.059973 -42.218344 -13.239979
3008.723027 -42.841696 -13.903033
3009.466587 -43.540734 -14.646593
3010.210134 -44.239759 -15.390139
3010.985469 -44.968669 -16.165474
3011.762925 -45.699573 -16.942930
3012.498014 -46.390647 -17.678019
3013.250044 -47.097648 -18.430049
3014.008412 -47.810607 -19.188417
3014.758334 -48.515626 -19.938340
3015.506123 -49.218639 -20.686128
3016.256045 -49.923658 -21.436051
3017.029259 -50.650575 -22.209265
3017.728331 -51.307788 -22.908336
3018.469757 -52.004819 -23.649762
3019.215437 -52.705851 -24.395443
3019.942042 -53.388949 -25.122048
3020.675010 -54.078029 -25.855016
3021.431270 -54.789005 -26.611275
3022.176938 -55.490025 -27.356943
3022.939573 -56.206995 -28.119578
3023.664057 -56.888100 -28.844062
3024.403375 -57.583149 -29.583380
3025.144813 -58.280193 -30.324819
3025.892602 -58.983206 -31.072607
3026.617099 -59.664322 -31.797104
3027.345825 -60.349414 -32.525830
3028.091493 -61.050433 -33.271498
3028.815990 -61.731549 -33.995995
3029.555307 -62.426599 -34.735313
3030.269200 -63.097746 -35.449205
3031.010651 -64.210536 -36.190657
3031.773261 -68.308500 -36.953266
3032.497758 -72.201662 -37.677763
3033.230713 -76.140275 -38.410718
3033.946739 -79.987917 -39.126744
3034.694527 -84.006240 -39.874533
3035.438087 -88.001837 -40.618093
3036.130796 -91.724181 -41.310801
3036.806563 -95.355488 -41.986568
3037.475980 -98.952672 -42.655985
3038.136926 -102.504336 -43.316931
3038.783026 -105.976223 -43.963031
3039.403713 -109.311551 -44.583718
3039.943907 -112.214344 -45.123913
3040.524348 -115.333405 -45.704354
3041.123852 -118.554901 -46.303857
3041.632258 -121.286878 -46.812264
3042.163982 -124.144151 -47.343987
3042.689343 -126.967234 -47.869348
3043.201991 -129.722004 -48.381996
3043.788794 -117.155093 -47.795193
3044.373464 -104.633875 -47.210523
3045.011106 -90.978221 -46.572881
3045.646614 -77.368261 -45.937373
3046.140199 -66.797695 -45.443788
3046.843500 -51.735896 -44.740487
3047.557405 -36.446993 -44.026582
3048.305194 -20.432443 -43.278793
3049.046632 -4.553884 -42.537355
3049.777479 11.097843 -41.806508
3050.508326 13.347119 -41.075661
3051.264586 13.641971 -40.319401
3052.020858 13.936828 -39.563129
3052.758055 14.224248 -38.825932
3053.482552 14.506717 -38.101435
3054.219749 14.794137 -37.364238
3054.990842 15.094773 -36.593145
3055.749222 15.390452 -35.834764
3056.488540 15.678699 -35.095447
3057.261767 15.980166 -34.322220
3058.011664 16.272538 -33.572323
3058.774299 16.569876 -32.809688
3059.513617 16.858123 -32.070370
3060.291060 17.161234 -31.292927
3061.026149 17.447832 -30.557838
3061.790879 17.745987 -29.793108
3062.568335 18.049103 -29.015652
3063.314016 18.339831 -28.269971
3064.066046 18.633034 -27.517941
3064.830777 18.931189 -26.753210
3065.610353 19.235133 -25.973634
3066.368734 19.530812 -25.215253
3067.116523 19.822361 -24.467464
3067.881266 20.120521 -23.702721
3068.645996 20.418676 -22.937991
3069.419223 20.720144 -22.164764
3070.177604 21.015823 -21.406383
3070.961397 21.321410 -20.622590
3071.719790 21.617094 -19.864197
3072.454879 21.903692 -19.129108
3073.215380 22.200198 -18.368607
3073.992823 22.503310 -17.591164
3074.742746 22.795691 -16.841241
3075.509597 23.094673 -16.074390
3076.253157 23.384574 -15.330830
3077.017887 23.682729 -14.566100
3077.750855 23.968500 -13.833132
3078.521961 24.269140 -13.062026
3079.271870 24.561517 -12.312117
3080.040843 24.861326 -11.543144
3080.797115 25.156183 -10.786872
3081.559737 25.453516 -10.024250
3082.305405 25.744238 -9.278582
3083.065906 26.040744 -8.518080
3083.822191 26.335607 -7.761795
3084.580559 26.631281 -7.003428
3085.343194 26.928619 -6.240793
3086.114287 27.229254 -5.469699
3086.866318 27.522458 -4.717669
3087.616228 27.814834 -3.967759
3088.364016 28.106384 -3.219971
3089.139364 28.408678 -2.444623
3089.910444 28.709309 -1.673542
3090.584103 28.971957 -0.999884
3091.482298 29.322147 -0.101689
3092.253404 29.622788 0.669417
3092.999072 29.913510 1.415085
3093.717206 30.193498 2.133219
3094.490420 30.494961 2.906433
3095.278468 30.802206 3.694481
3096.011423 31.087973 4.427436
3096.733812 31.369619 5.149825
3097.456175 31.651256 5.872188
3098.216689 31.947767 6.632702
3098.970828 32.241792 7.386841
3099.691083 32.522607 8.107096
3100.428292 32.810032 8.844305
3101.186673 33.105711 9.602686
3101.919653 33.391488 10.335666
3102.646246 33.674773 11.062259
3103.391926 33.965501 11.807939
3104.139728 34.257055 12.555741
3104.910821 34.557691 13.326834
3105.686156 34.859980 14.102169
3106.440307 35.154011 14.856320
3107.219871 35.457949 15.635884
3107.986735 35.756936 16.402749
3108.730295 36.046836 17.146308
3109.484446 36.340867 17.900460
3110.266131 36.645632 18.682144
3111.032983 36.944614 19.448996
3111.759613 37.227914 20.175626
3112.520115 37.524420 20.936128
3113.270024 37.816797 21.686037
3114.019934 38.109173 22.435947
3114.619450 38.342914 23.035463
3115.354539 38.629512 23.770552
3116.108678 38.923538 24.524691
3116.845887 39.210963 25.261900
3117.540717 39.481864 25.956730
3118.254622 39.760203 26.670635
3118.979119 40.042672 27.395132
3119.686649 40.318525 28.102662
3120.413266 40.601821 28.829279
3121.133521 40.882635 29.549535
3121.862247 41.166753 30.278260
3122.603699 41.455832 31.019712
3123.292179 41.724258 31.708192
3124.027267 42.010856 32.443280
3124.745401 42.290844 33.161414
3125.474127 42.574961 33.890141
3126.196503 42.856603 34.612516
3126.910409 43.134942 35.326422
3127.658210 43.426496 36.074223
3128.372102 43.704830 36.788115
3129.077537 43.979867 37.493550
3129.808383 44.264811 38.224396
3130.515926 44.540669 38.931939
3131.248894 44.826440 39.664907
3131.990332 45.115514 40.406345
3132.685175 45.386421 41.101188
3133.403309 45.666409 41.819322
3134.108743 45.941445 42.524756
3134.799331 46.210693 43.215344
3135.496294 46.482427 43.912307
3136.189016 48.222425 44.605029
3136.885966 56.628869 45.301980
3137.542683 64.550026 45.958697
3138.205738 72.547622 46.621751
3138.864550 80.494055 47.280563
3139.472537 87.827444 47.888550
3140.072041 95.058506 48.488054
3140.614356 101.599779 49.030369
3141.088879 107.323355 49.504892
3141.557052 112.970339 49.973065
3142.016741 118.514996 50.432754
3142.501856 124.366327 50.917869
3142.955195 129.834392 51.371208
3143.355588 134.663832 51.771601
3143.844931 140.566174 52.260945
3144.268616 130.620957 51.837260
3144.721955 119.979655 51.383921
3145.312988 106.106255 50.792888
3145.969705 90.691034 50.136171
3146.687839 73.834159 49.418037
3147.175075 62.397204 48.930801
3147.444111 56.082061 48.661764
3147.918634 44.943514 48.187242
3148.666423 27.390553 47.439453
3149.416345 13.733399 46.689531
3150.140829 13.055703 45.965046
3150.882281 12.362134 45.223595
3151.632190 11.660654 44.473686
3152.384221 10.957190 43.721655
3153.123551 10.265606 42.982324
3153.852277 9.583941 42.253599
3154.581016 8.902265 41.524860
3155.328805 8.202768 40.777071
3156.076594 7.503272 40.029282
3156.813816 6.813660 39.292060
3157.580667 6.096332 38.525209
3158.311514 5.412683 37.794362
3159.042361 4.729035 37.063515
3159.800754 4.019619 36.305122
3160.569727 3.300307 35.536149
3161.300586 2.616646 34.805290
3162.033554 1.931014 34.072322
3162.804647 1.209718 33.301229
3163.550328 0.512194 32.555548
3164.315071 -0.203162 31.790805
3165.060739 -0.900674 31.045137
3165.827603 -1.618014 30.278273
3166.583875 -2.325446 29.522001
3167.316843 -3.011079 28.789033
3168.054040 -3.700667 28.051836
3168.810325 -4.408111 27.295551
3169.549643 -5.099683 26.556233
3170.314373 -5.815027 25.791503
3171.019807 -6.474904 25.086069
3171.754896 -7.162521 24.350980
3172.513276 -7.871925 23.592599
3173.252607 -8.563509 22.853269
3174.002517 -9.264989 22.103359
3174.760910 -9.974405 21.344966
3175.527761 -10.691733 20.578115
3176.284033 -11.399165 19.821842
3177.042414 -12.108569 19.063462
3177.807157 -12.823925 18.298719
3178.559200 -13.527401 17.546676
3179.300626 -14.220946 16.805250
3180.061140 -14.932345 16.044736
3180.804687 -15.627874 15.301189
3181.575793 -16.349182 14.530083
3182.310869 -17.036786 13.795007
3183.071383 -17.748186 13.034493
3183.829764 -18.457590 12.276112
3184.588157 -19.167006 11.517719
3185.323246 -19.854622 10.782630
3186.037138 -20.522411 10.068738
3186.814594 -21.249659 9.291282
3187.547562 -21.935291 8.558314
3188.314426 -22.652631 7.791450
3189.062202 -23.352116 7.043674
3189.826958 -24.067483 6.278918
3190.591688 -24.782827 5.514188
3191.333127 -25.476384 4.772749
3192.066095 -26.162016 4.039781
3192.856251 -26.901144 3.249625
3193.616765 -27.612543 2.489111
3194.392100 -28.337807 1.713776
3195.180135 -29.074951 0.925741
3195.934299 -29.780411 0.171577
3196.696909 -30.493771 -0.591033
3197.461652 -31.209126 -1.355776
3198.224274 -31.922498 -2.118398
3199.001717 -32.649734 -2.895841
3199.753760 -33.353210 -3.647884
3200.512141 -34.062614 -4.406265
3201.268413 -34.770046 -5.162537
3202.018323 -35.471526 -5.912447
3202.766112 -36.171023 -6.660236
3203.507550 -36.864579 -7.401674
3204.255339 -37.564075 -8.149463
3205.011611 -38.271507 -8.905735
3205.753050 -38.965064 -9.647174
3206.481789 -39.646740 -10.375913
3207.233806 -40.350192 -11.127930
3207.983729 -41.051684 -11.877853
3208.737867 -41.757121 -12.631991
3209.492019 -42.462569 -13.386143
3210.235578 -43.158109 -14.129703
3211.006672 -43.879405 -14.900796
3211.769294 -44.592777 -15.663418
3212.529808 -45.304177 -16.423932
3213.315722 -46.039336 -17.209846
3214.086815 -46.760632 -17.980939
3214.843088 -47.468064 -18.737212
3215.590876 -48.167560 -19.485000
3216.349257 -48.876964 -20.243381
3217.120350 -49.598260 -21.014474
3217.863910 -50.293800 -21.758034
3218.495201 -50.884323 -22.389325
3219.298057 -51.635330 -23.192181
3220.033146 -52.322946 -23.927270
3220.783055 -53.024427 -24.677180
3221.532965 -53.725907 -25.427089
3222.295600 -54.439291 -26.189724
3223.024326 -55.120955 -26.918450
3223.740339 -55.790728 -27.634463
3224.492370 -56.494192 -28.386494
3225.216867 -57.171901 -29.110991
3225.962535 -57.869413 -29.856659
3226.689152 -58.549106 -30.583276
3227.445399 -59.256514 -31.339523
3228.178380 -59.942159 -32.072504
3228.913456 -60.629763 -32.807580
3229.654894 -61.323320 -33.549019
3230.389970 -62.010924 -34.284095
3231.120817 -62.694573 -35.014941
3231.845302 -63.372270 -35.739426
3232.578282 -65.724547 -36.472406
3233.340892 -69.822511 -37.235016
3234.073847 -73.761124 -37.967971
3234.796235 -77.642957 -38.690359
3235.529191 -81.581570 -39.423315
3236.270629 -85.565770 -40.164753
3237.022660 -89.606886 -40.916784
3237.723852 -93.374819 -41.617976
3238.401727 -97.017454 -42.295851
3239.107162 -100.808180 -43.001286
3239.785049 -104.450883 -43.679173
3240.409978 -107.809005 -44.304102
3241.013711 -111.053227 -44.907835
3241.553893 -113.955952 -45.448017
3242.140684 -117.109135 -46.034808
3242.714787 -120.194142 -46.608911
3243.271911 -123.187905 -47.166035
3243.814226 -126.102095 -47.708350
3244.348058 -128.970697 -48.242182
3244.833172 -131.577512 -48.727297
3245.513181 -117.014528 -48.047288
3246.099972 -104.447889 -47.460497
3246.752447 -90.474561 -46.808022
3247.347709 -77.726510 -46.212760
3247.945092 -64.933038 -45.615377
3248.673830 -49.326461 -44.886639
3249.387710 -34.038101 -44.172759
3250.131270 -18.114121 -43.429199
3250.902363 -1.600485 -42.658106
3251.639572 13.118363 -41.920897
3252.374648 13.404099 -41.185821
3253.135162 13.699723 -40.425306
3253.880830 13.989576 -39.679639
3254.624377 14.278604 -38.936092
3255.363695 14.565989 -38.196774
3256.111496 14.856671 -37.448973
3256.880469 15.155583 -36.680000
3257.636741 15.449558 -35.923728
3258.371817 15.735293 -35.188652
3259.130197 16.030088 -34.430272
3259.888591 16.324887 -33.671878
3260.651213 16.621331 -32.909256
3261.405364 16.914481 -32.155105
3262.165853 17.210095 -31.394616
3262.907304 17.498309 -30.653164
3263.674156 17.796396 -29.886313
3264.426186 18.088723 -29.134283
3265.180338 18.381873 -28.380131
3265.945068 18.679136 -27.615401
3266.720403 18.980521 -26.840066
3267.470313 19.272023 -26.090156
3268.249890 19.575057 -25.310579
3269.008270 19.869851 -24.552199
3269.773013 20.167119 -23.787456
3270.533515 20.462738 -23.026954
3271.306729 20.763298 -22.253740
3272.086306 21.066332 -21.474163
3272.867978 21.370181 -20.692491
3273.615779 21.660863 -19.944690
3274.363568 21.951540 -19.196901
3275.153737 22.258691 -18.406732
3275.907875 22.551837 -17.652594
3276.659906 22.844163 -16.900563
3277.428878 23.143075 -16.131591
3278.187259 23.437869 -15.373210
3278.935060 23.728551 -14.625409
3279.697682 24.024995 -13.862787
3280.464546 24.323087 -13.095923
3281.225048 24.618706 -12.335421
3281.983428 24.913500 -11.577041
3282.758763 25.214885 -10.801706
3283.506552 25.505563 -10.053917
3284.254353 25.796245 -9.306116
3285.031809 26.098454 -8.528660
3285.790190 26.393249 -7.770279
3286.537991 26.683931 -7.022478
3287.302722 26.981194 -6.257747
3288.075936 27.281754 -5.484533
3288.840679 27.579022 -4.719790
3289.590589 27.870524 -3.969880
3290.361695 28.170265 -3.198774
3291.130667 28.469177 -2.429802
3291.878468 28.759859 -1.682001
3292.653791 29.061239 -0.906678
3293.405821 29.353565 -0.154648
3294.179035 29.654126 0.618566
3294.939549 29.949750 1.379080
3295.693688 30.242895 2.133219
3296.443598 30.534397 2.883129
3297.214703 30.834138 3.654234
