0.000000 0.000000
0.000000 1.080505
0.427914 1.040186
0.699072 -0.822135
1.090968 -1.021665
1.360005 3.071567
1.919249 3.623294
2.323859 -1.222543
2.794140 -3.430714
3.126727 -0.413629
3.927475 9.286235
4.562996 23.383657
5.181562 40.361262
5.795899 59.141429
6.350927 64.020798
6.632677 53.521783
7.107187 43.008535
7.799908 36.850249
8.534997 37.138345
9.251010 40.785298
9.592069 52.390632
10.594073 73.012605
11.327041 96.093871
11.964683 93.108419
12.920078 73.011804
13.655167 68.968831
14.402968 75.698624
15.142286 87.773294
15.688818 98.782512
16.051073 110.726293
16.542537 126.694253
17.074261 144.888186
17.586909 149.612263
17.851704 138.250836
18.355882 126.466023
19.046495 119.612268
19.785800 119.510097
20.531480 126.504449
21.315286 140.508718
22.065196 157.385496
22.599028 178.363927
23.266324 178.397598
24.007763 159.187470
24.696230 151.253202
25.367767 153.800926
26.111327 164.878640
26.791323 176.629766
27.168399 187.086885
27.589975 199.811889
28.041181 214.721786
28.511462 231.083168
28.960572 234.615133
29.231730 223.060588
29.738028 211.169065
30.434979 204.274418
31.180659 204.273747
31.936919 211.429272
32.718616 225.612466
33.470647 245.423819
34.161247 266.179354
34.654820 270.035915
34.953511 253.788445
35.703421 239.001901
36.457572 236.613077
37.247741 245.321962
38.004001 259.275409
38.601396 271.601678
38.969988 284.498552
39.476286 301.245881
39.995285 320.707007
40.543963 343.374726
41.118041 368.972133
41.696373 397.447041
42.289514 428.655750
42.878439 462.575885
43.477929 497.062166
43.982119 502.167490
44.327420 475.631271
44.848551 447.669592
45.441692 427.646437
45.878090 414.214562
46.524202 404.196451
47.246578 399.615865
47.971075 400.102374
48.701909 405.575187
49.413693 416.126903
50.144540 431.988089
50.881750 452.979817
51.610476 478.409444
52.311656 499.002321
52.625180 524.804419
53.394165 560.370168
53.991548 594.516454
54.561397 628.566745
55.059224 656.778334
55.389678 679.414741
55.688382 710.762314
56.213743 745.232922
56.559044 728.500982
57.387338 683.318828
57.861860 652.302999
58.558811 623.347319
59.323541 605.058585
60.092539 599.407432
60.861511 605.262139
61.611421 619.087906
62.357089 637.624080
63.119724 659.543611
63.869634 684.739897
64.625906 712.859798
65.356740 740.429378
65.945652 765.406859
66.456192 791.850031
67.028162 821.793355
67.606482 850.945721
68.085233 878.261310
68.544935 904.555052
68.938953 930.501116
69.313908 962.587396
69.775718 966.164902
70.144323 931.979061
70.676033 895.265827
71.284021 867.326874
71.733105 845.853665
72.430069 828.130469
73.169386 818.757269
73.917188 815.710940
74.656506 818.131394
75.425478 826.073325
76.181750 839.665120
76.950722 858.847898
77.709116 883.057151
78.446313 910.809677
79.122080 938.488333
79.664395 971.176248
80.376166 1011.687934
81.060417 1053.369975
81.670512 1092.362530
82.172569 1126.031004
82.568720 1159.384818
83.011455 1146.494418
83.839749 1097.806663
84.439252 1066.985065
84.996388 1041.616690
85.748419 1022.984596
86.519512 1016.727691
87.284255 1022.121484
88.038407 1035.760145
88.788316 1054.383301
89.563651 1076.441126
90.317803 1101.665771
91.076183 1130.021702
91.819743 1153.049929
92.196818 1168.706889
92.527285 1187.268295
92.991216 1212.348012
93.544123 1242.869623
94.154219 1276.035097
94.732539 1306.176862
95.177407 1334.154113
95.611683 1362.809349
95.984517 1390.800022
96.312863 1391.055413
96.634859 1359.048001
97.128444 1322.204777
97.723706 1296.385698
98.011805 1273.991329
98.780803 1251.241341
99.488333 1239.708019
100.202238 1234.626114
100.922493 1234.600017
101.672415 1239.793857
102.409600 1249.911375
103.117155 1265.368200
103.869185 1286.171710
104.597911 1310.955072
105.284270 1339.316532
105.955808 1366.177827
106.419726 1397.214805
107.108206 1437.353392
107.773381 1478.095352
108.353822 1517.111343
108.870712 1551.552405
109.262621 1583.595357
109.669351 1567.078494
110.561196 1516.779832
111.143758 1485.770133
111.751732 1459.819409
112.529188 1442.275753
113.308752 1437.709018
114.077725 1444.669086
114.842468 1459.261091
115.594498 1478.690374
116.386788 1501.774664
117.153652 1527.984524
117.920503 1556.682271
118.642879 1579.043340
118.990300 1595.803097
119.386426 1616.794142
119.873662 1643.748809
120.456223 1675.776359
121.068440 1709.906491
121.653109 1741.565700
122.108582 1770.120195
122.504721 1799.075485
122.875434 1830.719969
123.252509 1865.957988
123.629572 1904.079159
123.998190 1952.972873
124.498125 2010.831000
124.945102 2076.739132
125.478946 2154.322550
126.008549 2151.394939
126.578398 2073.388310
127.078346 2001.178395
127.671487 1940.819083
128.071880 1883.391594
128.749768 1818.329535
129.465781 1762.939370
130.192386 1719.367288
130.925354 1688.008378
131.675264 1668.721825
132.406111 1659.088016
133.128487 1655.664447
133.844513 1657.343899
134.588059 1663.972005
135.293494 1675.398165
136.003157 1691.538284
136.702216 1706.262624
137.053879 1728.188891
137.933011 1760.502913
138.640553 1794.321438
139.333262 1832.585497
140.030225 1873.897473
140.676338 1913.767094
141.212291 1950.000669
141.671980 1991.090816
142.263012 2041.074911
142.870987 2082.110245
143.190874 2114.819036
143.548875 2161.946364
144.082706 2226.724074
144.667389 2301.184598
145.247830 2382.811752
145.830392 2389.248241
146.321869 2311.021878
146.940435 2228.663537
147.603489 2160.925701
148.103425 2098.280562
148.838514 2032.863134
149.590544 1979.087525
150.329862 1937.293152
151.086134 1906.922211
151.865698 1889.047033
152.621971 1883.958926
153.382472 1890.065045
154.130273 1904.003403
154.882304 1922.318632
155.632213 1943.508306
156.365181 1968.071276
157.127804 1993.561005
157.754841 2019.538035
158.405195 2047.370615
159.015290 2078.279221
159.695286 2114.161289
160.404962 2152.772876
161.087079 2193.538987
161.758617 2237.991106
162.387775 2287.113928
162.972458 2336.083718
163.432160 2387.340738
163.934203 2441.906873
164.364251 2492.760049
164.732843 2539.489927
165.050610 2581.806489
165.321755 2635.622708
165.756031 2696.320494
166.082269 2674.775949
166.681785 2589.072834
167.183841 2508.987261
167.817241 2445.354864
168.154058 2380.151078
168.959060 2301.849026
169.696257 2240.255831
170.437696 2191.515784
171.174905 2155.152766
171.952348 2131.647667
172.702258 2119.677061
173.443697 2114.828463
174.199969 2115.405158
174.960483 2121.281971
175.687088 2132.090177
176.400993 2148.063150
177.136069 2168.829246
177.839383 2191.080221
178.402869 2218.132615
179.127366 2252.944862
179.847621 2293.325882
180.589047 2339.439489
181.328377 2389.143927
182.025328 2440.889974
182.690503 2494.852422
183.334495 2547.596103
183.868339 2598.594021
184.359804 2643.877498
184.700862 2681.789047
185.005904 2717.496512
185.277061 2754.661069
185.575753 2801.395783
185.957058 2863.611242
186.429472 2862.386443
186.918829 2784.273578
187.520440 2702.184855
188.172903 2638.827534
188.575404 2578.703808
189.316843 2510.053831
190.054039 2453.198259
190.795478 2408.213131
191.526325 2374.663651
192.288947 2352.828955
193.024036 2343.264931
193.776067 2345.302107
194.502684 2356.631405
195.231410 2373.326938
195.985562 2392.518641
196.678271 2414.347008
197.406997 2440.725492
198.190815 2467.082566
198.773364 2493.018232
199.408885 2521.846349
200.027464 2553.091771
200.669322 2588.342319
201.351451 2627.020446
202.027231 2669.284393
202.698756 2716.580488
203.323685 2769.863121
203.925297 2824.184967
204.410424 2878.373547
204.887055 2932.790758
205.293798 2982.012071
205.628507 3029.376765
205.963202 3080.885870
206.316986 3155.456581
206.893173 3230.868356
207.213060 3227.250461
207.575302 3163.834302
207.958741 3089.570693
208.507393 3004.177232
209.115381 2937.490847
209.481864 2868.324986
210.263549 2786.805292
210.998638 2720.632000
211.742185 2667.101862
212.483624 2626.552073
213.229304 2598.719603
214.000410 2582.605489
214.775745 2575.327051
215.495988 2573.994705
216.222605 2577.798203
216.961923 2586.732660
217.688528 2600.776467
218.419388 2619.921404
219.145980 2641.218768
219.726434 2666.220004
220.414913 2698.277814
221.130927 2736.311492
221.863882 2780.400256
222.611683 2829.795859
223.346772 2882.310135
224.039481 2935.822533
224.681364 2993.212660
225.344418 3050.524983
225.861296 3104.325920
226.335819 3152.617905
226.681119 3196.343478
227.026419 3239.795993
227.331473 3284.255255
227.657711 3339.012310
228.068670 3329.715438
228.606744 3245.716571
229.235902 3161.444562
229.892606 3101.960497
230.220952 3040.572493
231.066200 2966.305032
231.818231 2909.484549
232.563899 2865.012603
233.305337 2832.149487
234.074322 2811.251685
234.830582 2802.943271
235.588975 2806.375306
236.330401 2818.526715
237.057019 2835.738911
237.815412 2856.095713
238.548367 2879.114651
239.277106 2906.681222
240.086337 2934.478991
240.681599 2961.347504
241.317120 2991.409342
241.956869 3024.507173
242.619924 3061.623098
243.316874 3101.375170
243.982049 3145.289735
244.659937 3196.391293
245.295458 3255.114785
245.920400 3315.942024
246.435169 3374.181083
246.894858 3430.670399
247.301588 3484.216479
247.659588 3536.247291
248.000660 3589.129539
248.333247 3638.521184
248.602284 3691.031384
248.943343 3754.380541
249.307706 3826.399978
249.708086 3918.882446
250.237688 4021.044395
250.695257 4121.200616
251.184600 4232.601624
251.743870 4242.870918
252.218393 4150.932161
252.652657 4057.989764
253.194972 3960.482047
253.743638 3872.064057
254.258407 3782.256135
254.925716 3686.428632
255.654429 3597.613755
256.397989 3521.357915
257.128835 3457.378461
257.891458 3406.485305
258.613834 3369.441313
259.346802 3344.741042
260.075540 3330.830461
260.821208 3323.972791
261.554163 3321.988003
262.255356 3324.393400
262.967140 3331.229416
263.693758 3342.647514
264.424592 3356.953254
265.032579 3373.560972
265.649037 3395.811135
266.386234 3424.404836
267.127672 3456.734800
267.828852 3492.424249
268.527924 3533.244594
269.258783 3579.069481
269.979038 3628.465377
270.684460 3681.557850
271.387760 3736.403271
272.035994 3793.700006
272.686348 3847.535273
273.150279 3895.126919
273.573951 3947.685143
274.046340 3997.041029
274.361986 4036.583822
274.639494 4074.739251
274.908543 4125.056745
275.323744 4191.258488
275.764371 4268.090436
276.257956 4362.518425
276.840518 4474.250302
277.450613 4595.950243
278.067059 4723.396574
278.694109 4853.346057
279.321158 4980.834816
279.918541 5005.995308
280.280783 4921.002445
280.768019 4815.631533
281.392947 4704.517849
282.019985 4603.737595
282.619488 4503.712384
283.356698 4403.856402
284.096015 4314.505984
284.856517 4236.437558
285.610668 4171.507528
286.349986 4118.750179
287.102017 4077.647213
287.851939 4048.788889
288.595486 4032.092849
289.311499 4027.225614
290.088955 4033.126871
290.838865 4046.489552
291.597258 4058.198024
291.927724 4068.073984
292.425552 4083.908779
293.154278 4103.316993
293.813090 4124.750150
294.550287 4148.884848
295.264192 4174.235138
295.961143 4201.636739
296.683519 4231.206869
297.395303 4262.017128
298.088025 4294.637919
298.797688 4330.385382
299.541235 4368.170048
300.255140 4406.579397
300.949970 4445.471000
301.617278 4485.532828
302.293033 4528.303014
302.945508 4573.742654
303.521707 4618.968496
303.994121 4669.658388
304.540653 4721.893132
304.945275 4774.345453
305.402844 4830.161695
305.796861 4882.119361
306.142174 4930.834982
306.451444 4980.995163
306.781924 5033.671089
307.093328 5097.069978
307.514879 5161.960682
307.813583 5217.075639
308.099562 5286.993813
308.523246 5274.262833
309.078262 5179.388803
309.501959 5091.278391
310.052720 4991.747711
310.684012 4919.348492
310.965761 4836.959451
311.855485 4733.938439
312.563027 4654.707179
313.298116 4586.865201
314.022600 4530.810094
314.787343 4487.003102
315.535145 4457.358851
316.253279 4439.657451
316.971413 4429.835037
317.681077 4424.518417
318.426757 4422.650333
319.130058 4424.291414
319.846084 4429.423263
320.574810 4438.158745
321.307777 4450.206320
322.013212 4465.473967
322.722862 4478.862342
323.078754 4498.361776
323.998145 4526.384483
324.718401 4554.860785
325.434401 4586.694627
326.150440 4621.559208
326.851620 4660.878478
327.603650 4704.215114
328.323905 4749.003680
329.010264 4798.035708
329.753811 4851.675325
330.474079 4907.901248
331.192213 4965.087282
331.855267 5019.703273
332.444192 5072.831874
332.992844 5125.350946
333.467367 5175.631660
333.882568 5234.837019
334.422763 5290.788256
334.732046 5334.825645
335.047692 5389.175217
335.462905 5461.243023
335.962841 5542.079220
336.431001 5624.740339
336.894932 5709.796733
337.339788 5712.977663
337.750760 5628.484771
338.242224 5528.269397
338.890458 5417.482064
339.602229 5324.511752
340.127590 5239.597043
340.862666 5150.183205
341.604117 5071.686715
342.356135 5004.713748
343.108166 4950.266641
343.847483 4908.098619
344.588922 4877.441157
345.349424 4858.742216
346.095117 4852.208913
346.813251 4856.805288
347.575861 4869.433905
348.334254 4885.904744
349.096876 4904.392519
349.855257 4917.955408
350.134885 4929.219486
350.649654 4948.255938
351.397443 4971.201880
352.073223 4995.811879
352.810432 5022.722216
353.517962 5051.629510
354.261522 5082.332399
354.969064 5113.367601
355.646952 5146.064210
356.352373 5181.449985
357.070520 5218.592121
357.775954 5257.218869
358.483497 5297.462181
359.184689 5338.922488
359.875277 5384.446473
360.595532 5434.182026
361.214111 5487.361116
361.798781 5545.492703
362.351688 5607.512651
362.874928 5671.795038
363.360043 5734.486431
363.779486 5797.774582
364.207412 5861.141670
364.578113 5921.589896
364.927655 5979.718831
365.239059 6039.554233
365.577996 6128.107491
366.149979 6215.570589
366.444428 6186.924271
367.022761 6084.384478
367.469725 5989.758489
368.037466 5886.071645
368.662394 5812.762321
368.931431 5728.645207
369.812684 5619.525325
370.556244 5533.895437
371.299791 5463.094055
371.998862 5404.734994
372.748785 5356.799529
373.513528 5322.701448
374.231662 5301.908233
374.943433 5290.388143
375.646747 5283.943932
376.394535 5280.918311
377.110549 5281.488163
377.835058 5285.475387
378.544722 5293.051339
379.284027 5304.130926
380.000053 5318.466236
380.711824 5336.315649
381.434200 5354.602861
381.970153 5375.769507
382.684058 5402.753106
383.389480 5432.975054
384.097022 5467.529888
384.840594 5506.369083
385.577791 5548.165084
386.298046 5592.915697
387.016180 5640.979572
387.732194 5693.301563
388.471524 5749.281875
389.191767 5806.676630
389.880259 5864.964596
390.545434 5924.918928
391.176700 5986.045551
391.738079 6045.515857
392.218951 6099.932466
392.612982 6147.409592
392.932856 6196.806106
393.312040 6250.922262
393.661582 6301.423968
393.960274 6359.432931
394.369138 6433.606421
394.822464 6515.000995
395.267332 6597.381602
395.686775 6596.371214
396.116810 6506.916875
396.629471 6403.665456
397.275571 6292.090108
397.981005 6200.602489
398.472469 6118.064306
399.180012 6027.464489
399.929921 5945.789860
400.684073 5876.812735
401.419162 5820.621587
402.150008 5775.972689
402.887205 5742.402868
403.649828 5720.724687
404.387025 5711.296077
405.117871 5713.486733
405.867781 5724.991792
406.632524 5740.824796
407.378205 5758.427292
408.123873 5777.547821
408.839899 5799.707070
409.657601 5824.111609
410.392677 5847.587262
411.038802 5873.086196
411.786591 5901.958934
412.519546 5931.646878
413.216509 5962.034777
413.900747 5994.105691
414.597698 6028.861861
415.322182 6064.837984
416.000082 6102.173773
416.709746 6141.650762
417.404575 6182.676140
418.107876 6226.498731
418.813310 6273.569945
419.457302 6326.668751
420.092822 6387.925599
420.709268 6451.871281
421.238883 6520.903932
421.808719 6592.024821
422.274771 6658.321701
422.698456 6723.217383
423.090353 6789.352672
423.482262 6855.942521
423.840262 6919.186837
424.162271 7004.158751
424.704573 7091.258233
425.015977 7161.889904
425.369749 7254.319911
425.878168 7364.026534
426.390829 7481.569139
426.969149 7607.678892
427.558048 7732.319739
428.119438 7855.025376
428.687166 7863.796996
429.187115 7767.749373
429.615028 7673.472107
430.155210 7569.205919
430.756847 7483.091521
431.159348 7396.460461
431.866891 7293.280765
432.606209 7198.619027
433.379423 7116.854349
434.125091 7050.306326
434.860179 6995.679994
435.646106 6953.507752
436.421441 6926.249938
437.156530 6911.096654
437.859843 6902.383081
438.584327 6896.794484
439.361783 6894.186031
440.090509 6894.642173
440.808643 6898.011946
441.543719 6904.615574
442.321175 6914.245029
443.054143 6926.510876
443.776506 6941.460462
444.490411 6957.567265
445.094169 6976.350539
445.814412 6999.778367
446.555851 7026.512950
447.297302 7056.350783
448.042970 7089.155590
448.782288 7124.548768
449.511014 7162.615179
450.239740 7204.035965
450.983299 7249.211957
451.737451 7296.929242
452.466189 7345.713739
453.165248 7398.720743
453.929991 7455.976109
454.665067 7513.419733
455.359910 7569.731443
456.003901 7622.982948
456.575858 7674.533056
457.116053 7723.603423
457.550329 7765.717971
457.882917 7807.119818
458.249401 7851.586495
458.590459 7897.647599
458.940002 7946.555321
459.285289 8003.545617
459.704732 8075.706365
460.198318 8156.309170
460.666490 8241.817634
461.157955 8331.737044
461.621886 8422.066306
462.068862 8535.063107
462.712854 8674.267700
463.388621 8816.804852
464.053809 8962.357364
464.750747 9112.309770
465.449818 9255.013259
466.072626 9287.827370
466.396730 9208.638013
466.831007 9109.013340
467.396614 8991.077456
468.091456 8886.474316
468.587163 8790.138727
469.290476 8682.831532
470.044615 8584.945678
470.775462 8499.628382
471.519009 8425.184254
472.266810 8363.672293
472.980702 8314.525250
473.705199 8276.180592
474.431804 8249.116008
475.158422 8233.319680
475.914682 8229.129497
476.645529 8235.369401
477.372147 8248.276097
478.136877 8263.841741
478.880437 8280.374335
479.619754 8297.851700
480.342130 8317.038864
481.119586 8337.756346
481.865254 8359.390486
482.617285 8381.676949
483.326948 8404.817708
484.057795 8429.496697
484.790763 8455.315985
485.519501 8481.826210
486.227031 8509.405096
486.951528 8537.924416
487.650587 8567.168974
488.356034 8597.685285
489.063563 8629.741594
489.788060 8663.473577
490.518907 8697.318660
491.201024 8731.815401
491.912808 8767.638815
492.605530 8805.079959
493.336364 8842.900716
494.003673 8879.063779
494.637073 8915.873415
495.293777 8953.393289
495.920814 8991.063666
496.552106 9027.350788
497.107121 9061.558525
497.647316 9095.052979
498.145130 9131.059371
498.668383 9170.348776
499.125951 9214.149044
499.619549 9265.627527
500.121606 9321.556434
500.594008 9376.721517
501.000738 9431.825156
501.405347 9485.754968
501.746418 9544.276990
502.163740 9608.756169
502.538695 9666.803789
502.841641 9727.447915
503.212354 9795.054500
503.561883 9876.069481
504.032164 9867.798260
504.587180 9771.217179
505.019335 9685.087639
505.527755 9588.531559
506.150550 9491.269338
506.762766 9411.593355
507.254256 9335.575984
507.940615 9253.695070
508.684162 9180.896314
509.431963 9120.964483
510.181873 9074.610257
510.912720 9041.310755
511.664750 9019.740071
512.437964 9007.570737
513.147627 9000.200193
513.853062 8995.009213
514.579667 8992.023855
515.335939 8991.401670
516.051952 8993.150719
516.778558 8997.186934
517.496704 9003.678244
518.246614 9012.510515
518.966869 9023.656159
519.704066 9037.116668
520.424321 9052.709216
521.142455 9070.854087
521.881786 9088.075336
522.390192 9107.223948
523.123160 9131.803923
523.854007 9157.650440
524.531895 9185.266616
525.239437 9216.515124
525.985118 9250.501633
526.711723 9287.132419
527.465874 9326.254496
528.196721 9366.842594
528.916976 9410.364182
529.666886 9457.334317
530.421037 9505.914637
531.145534 9555.424049
531.857306 9607.307977
532.583923 9662.197747
533.314758 9717.347373
533.990525 9772.971857
534.679017 9827.574830
535.284870 9876.620654
535.806002 9921.816238
536.295346 9960.833525
536.659709 9994.333839
537.013480 10030.045736
537.399027 10070.725962
537.803649 10114.988303
538.197666 10167.936507
538.687010 10233.471384
539.212371 10306.561768
539.735624 10386.240409
540.273684 10471.712124
540.799045 10560.845320
541.313814 10651.838389
541.801050 10743.344138
542.269210 10754.008202
542.627210 10671.844040
543.125038 10570.523025
543.743617 10457.945181
544.461738 10361.923194
544.972278 10276.333376
545.675579 10181.467780
546.465747 10097.183671
547.183881 10027.133204
547.938033 9967.573153
548.683701 9920.673430
549.416668 9885.659551
550.160228 9862.279795
550.893196 9850.702282
551.636743 9850.982435
552.397244 9860.878269
553.140804 9875.141269
553.882242 9891.176843
554.655457 9908.470417
555.403245 9926.918084
556.170109 9946.556610
556.917898 9965.971238
557.585207 9988.608212
558.470689 10014.079580
559.246024 10038.746963
559.993813 10063.827184
560.722551 10089.636313
561.447036 10116.763272
562.186366 10145.685660
562.944734 10175.993429
563.694656 10206.403071
564.402199 10236.918074
565.105512 10269.364927
565.851192 10304.048245
566.603210 10338.440963
567.289582 10373.809342
568.035249 10410.765814
568.742805 10448.176003
569.463047 10487.881188
570.215077 10526.471277
570.856961 10564.741451
571.560261 10605.247279
572.246620 10647.819522
572.983830 10691.020286
573.657476 10731.373378
574.271800 10771.178799
574.860737 10813.446197
575.405161 10860.474855
575.943222 10913.496316
576.470704 10969.203635
576.943118 11026.838437
577.407037 11090.454230
577.890030 11161.905397
578.387858 11235.554434
578.830605 11295.611536
579.112355 11353.988748
579.495780 11420.027570
579.834731 11486.362677
580.188489 11553.267288
580.506256 11623.886904
580.868511 11632.042706
581.152381 11566.941574
581.493439 11488.240881
581.940429 11394.026918
582.489081 11291.421055
583.101310 11192.517037
583.700814 11110.272479
584.196520 11030.332558
584.884987 10943.458101
585.641272 10865.109499
586.403894 10800.870249
587.143200 10750.764409
587.880409 10713.590231
588.615498 10689.138545
589.361166 10675.068040
590.098388 10666.537815
590.814389 10660.630240
591.511352 10656.912841
592.267611 10655.457896
593.011171 10656.406055
593.725076 10659.669541
594.449560 10665.312460
595.184649 10673.361829
595.919738 10683.886284
596.665418 10696.657103
597.385673 10711.559372
598.108037 10728.981608
598.845234 10748.728519
599.567610 10767.070248
600.076029 10787.409805
600.800513 10813.242118
601.522889 10839.964271
602.179606 10868.834816
602.899848 10901.683689
603.639179 10937.995885
604.403909 10976.817534
605.145348 11016.517157
605.852903 11058.714931
606.598571 11104.408863
607.344251 11151.908183
608.070857 11201.677250
608.812295 11253.798041
609.538900 11307.826043
610.267626 11363.758867
610.983652 11421.923968
611.710257 11480.433932
612.381795 11538.043516
613.038487 11595.169734
613.657066 11647.501836
614.173943 11693.027951
614.606099 11731.013748
614.919624 11769.218470
615.300941 11818.344167
615.754268 11871.821659
616.152527 11931.027335
616.631292 12002.028005
617.137577 12081.797523
617.665072 12167.413460
618.177720 12256.607517
618.684018 12350.665619
619.192424 12442.311303
619.624580 12446.098145
620.018610 12359.235807
620.516425 12256.397255
621.137125 12144.210765
621.827712 12048.907159
622.336131 11962.643098
623.024611 11867.728706
623.791463 11781.057664
624.530780 11708.293449
625.261627 11647.355961
625.996716 11597.663029
626.738142 11559.675597
627.471110 11533.608162
628.195607 11519.020066
628.930695 11515.946460
629.680605 11523.161053
630.430515 11536.324740
631.169832 11551.831190
631.928213 11568.754175
632.688727 11586.806893
633.440758 11605.696247
634.173725 11626.031695
634.944806 11646.283413
635.595160 11670.076429
636.516672 11696.428869
637.255990 11721.589375
638.018612 11747.994348
638.762159 11773.748123
639.427347 11800.812537
640.181486 11830.654574
640.933516 11861.509128
641.679184 11892.984386
642.405815 11924.933451
643.121815 11958.134500
643.854796 11992.633150
644.579280 12027.453788
645.280472 12062.811112
645.983786 12099.711300
646.704028 12138.244549
647.428525 12177.095672
648.121234 12214.945729
648.773709 12254.402144
649.487614 12296.978693
650.212098 12340.107195
650.909049 12383.171917
651.597528 12426.664435
652.245762 12473.033662
652.870691 12524.047187
653.442661 12580.392370
654.006160 12640.801726
654.520916 12701.126125
654.978497 12764.231298
655.450899 12831.516295
655.897875 12905.168493
656.385111 12981.467376
656.806675 13049.215271
657.147733 13112.258179
657.482442 13176.087974
657.804438 13245.181372
658.164571 13318.714231
658.503522 13403.124793
658.942015 13512.661506
659.501285 13635.825813
660.060529 13757.691384
660.604965 13885.072997
661.210832 14012.561132
661.753134 14127.659629
662.244612 14126.329340
662.761514 14031.251726
663.138577 13944.240102
663.627934 13846.786719
664.163886 13742.685667
664.805770 13666.164598
665.079036 13582.873057
665.917921 13474.344832
666.653010 13386.390593
667.392328 13309.425317
668.169771 13245.182671
668.923935 13196.244953
669.648419 13161.215833
670.353854 13138.126565
671.110126 13124.512563
671.843081 13115.930682
672.582399 13109.455798
673.306896 13105.085395
674.035634 13102.737642
674.813078 13102.507175
675.541816 13104.367176
676.257830 13108.258058
676.986556 13114.460236
677.759757 13122.833000
678.496967 13133.100613
679.227814 13145.351875
679.954431 13159.634073
680.683157 13176.170204
681.426717 13194.805754
682.157564 13211.710974
682.649028 13229.749490
683.343871 13253.296712
684.085297 13279.702809
684.828856 13308.189483
685.568187 13339.177360
686.328688 13372.154245
687.061643 13406.687633
687.796732 13443.576208
688.540292 13480.213143
689.190633 13519.280693
689.949027 13562.758457
690.686223 13607.206068
691.406479 13654.150045
692.156388 13703.652128
692.891477 13754.995671
693.632916 13807.954388
694.355279 13862.428564
695.081897 13919.178799
695.810623 13975.581083
696.480040 14029.758414
697.111319 14083.463842
697.732006 14133.140121
698.240425 14173.241539
698.623850 14205.033672
698.935254 14238.239761
699.337756 14278.778605
699.780490 14322.791939
700.202054 14369.598993
700.629968 14425.591961
701.138387 14494.616327
701.695523 14572.635396
702.250539 14658.125055
702.822509 14748.276393
703.358461 14841.693978
703.896535 14936.793567
704.390120 15028.178704
704.837110 15129.247791
705.377291 15256.391598
706.027633 15400.931361
706.699171 15550.551373
707.383409 15700.207196
708.048584 15849.194573
708.720109 15991.521329
709.319625 16023.151419
709.641621 15939.378408
710.092852 15833.230579
710.666930 15710.445569
711.353276 15588.669027
712.007872 15486.228508
712.571371 15386.568671
713.308556 15283.902718
714.045765 15191.098463
714.816858 15109.281759
715.575239 15041.160677
716.318799 14985.712372
717.062358 14941.386083
717.841922 14909.257066
718.583361 14890.094217
719.316329 14882.666170
720.053526 14886.611670
720.841573 14898.517307
721.589375 14913.389122
722.351997 14929.196254
723.104028 14946.010767
723.875121 14963.856074
724.637743 14982.387135
725.389774 15001.855501
726.154517 15022.518391
726.927718 15043.982638
727.683990 15066.022485
728.433900 15089.293855
729.211356 15113.953880
729.990920 15139.493949
730.764134 15164.156328
731.439901 15189.546064
732.204644 15217.052259
732.952433 15245.427665
733.715068 15274.818543
734.469207 15304.727476
735.212779 15334.853340
735.935142 15365.376500
736.657506 15396.815772
737.384136 15429.804580
738.138275 15463.292146
738.850059 15497.039500
739.578785 15531.853684
740.301161 15567.393561
741.025658 15603.864145
741.752250 15639.882812
742.428030 15675.908899
743.124981 15713.012177
743.813473 15752.943987
744.584566 15794.148600
745.289988 15833.110644
745.953055 15871.767907
746.622459 15910.547090
747.266451 15948.335836
747.880788 15985.250873
748.476049 16020.418900
749.016244 16054.634122
749.564922 16089.517100
750.111467 16123.279309
750.611402 16157.905147
751.160080 16196.226770
751.691791 16238.629052
752.206560 16286.243219
752.712858 16337.941923
753.191623 16394.019848
753.674604 16454.196085
754.134306 16516.564642
754.574920 16581.272033
755.002846 16646.370285
755.394755 16708.076206
755.737922 16773.765237
756.136181 16845.541792
756.511149 16927.237764
756.970838 16915.768011
757.549158 16817.715582
757.983435 16732.464023
758.491854 16640.665544
759.070174 16546.755114
759.699344 16475.704066
760.053103 16403.181817
760.832680 16315.865980
761.569889 16243.988824
762.311315 16184.289808
763.069708 16137.591551
763.815389 16104.986421
764.525052 16084.620691
765.253778 16072.344447
765.993109 16063.856264
766.738776 16057.271977
767.465382 16052.563043
768.204699 16049.669418
768.920725 16048.602643
769.662164 16049.411684
770.437499 16052.044879
771.151391 16056.382531
771.867417 16062.614980
772.610964 16071.008194
773.384191 16081.246739
774.119267 16093.048680
774.848006 16106.475793
775.564032 16121.813795
776.303337 16139.278322
777.046897 16158.512600
777.779864 16179.511015
778.517061 16202.444730
779.256392 16226.881986
779.974526 16247.788872
780.432094 16270.552483
781.171412 16300.627864
781.931926 16332.154435
782.652169 16364.986397
783.387257 16400.074850
784.126588 16435.168106
784.791763 16472.488047
785.548023 16512.442862
786.249202 16554.395359
787.009716 16599.275534
787.749034 16645.677983
788.496823 16693.874981
789.234032 16743.660019
789.973350 16795.445334
790.714789 16849.962299
791.477411 16905.550443
792.197666 16961.870967
792.930634 17019.967605
793.650889 17077.625739
794.330898 17135.518804
795.017257 17194.231179
795.680311 17253.642050
796.347607 17309.788087
796.908973 17357.725831
797.375025 17397.021856
797.737267 17431.592473
798.093159 17472.000165
798.559211 17522.238256
799.071859 17574.833302
799.520956 17631.820111
800.037846 17699.126844
800.586499 17774.862981
801.156348 17858.347845
801.738910 17949.414650
802.334184 18044.193543
802.893441 18140.253247
803.439986 18235.188582
803.933571 18330.218556
804.433507 18428.251761
804.916513 18440.732493
805.276647 18356.996014
805.759641 18255.815483
806.350673 18144.704606
807.022199 18034.991874
807.702207 17944.894487
808.227568 17860.518209
808.958415 17772.426530
809.685033 17695.306437
810.426459 17628.482055
811.184852 17574.212048
811.905095 17532.784287
812.625350 17501.977476
813.385864 17482.422743
814.148486 17475.130165
814.851787 17479.017439
815.595346 17490.812950
816.362210 17505.665237
817.112120 17521.284598
817.868380 17537.785966
818.620410 17555.000110
819.363982 17573.094742
820.118108 17592.062795
820.863789 17611.802422
821.611590 17632.387619
822.357271 17654.706715
823.164368 17678.102434
823.922762 17701.330328
824.659959 17725.348699
825.414110 17750.640177
826.176732 17776.837970
826.933005 17803.408597
827.668081 17828.671848
828.309951 17855.403844
829.081044 17884.686785
829.816133 17914.415356
830.566043 17945.734420
831.337136 17977.643510
832.074346 18009.538236
832.805192 18041.722558
833.519098 18075.798839
834.296541 18110.176166
834.989262 18143.604867
835.692576 18178.244565
836.404360 18214.397610
837.137315 18251.995289
837.874512 18287.757891
838.507912 18322.734942
839.187920 18360.275828
839.891234 18399.725514
840.613610 18439.814599
841.312681 18479.876744
842.007511 18520.615547
842.704461 18562.924287
843.426837 18606.507712
844.140743 18648.283865
844.780492 18688.361817
845.418134 18728.718109
846.047305 18767.672506
846.623504 18804.824577
847.161577 18843.630133
847.689059 18886.211683
848.184765 18933.670062
848.684701 18987.317790
849.186757 19050.481604
849.741785 19117.920367
850.216308 19181.282883
850.631509 19246.151920
851.063665 19312.606165
851.449212 19378.409908
851.828408 19444.871148
852.184300 19513.144653
852.548663 19587.065094
852.929981 19665.555307
853.307044 19640.045373
853.934081 19530.478673
854.385312 19437.493688
854.914902 19339.524383
855.488993 19238.395786
856.152047 19165.473845
856.440146 19087.357088
857.306579 18988.645901
858.041655 18911.065831
858.795806 18846.230245
859.535124 18794.986125
860.276575 18756.816831
861.005301 18731.631512
861.729798 18716.711189
862.458524 18707.104546
863.193613 18699.722356
863.937160 18694.178977
864.674357 18690.537920
865.390383 18688.714383
866.129700 18688.724509
866.898673 18690.610402
867.631640 18694.286903
868.356137 18699.744083
869.082755 18707.183370
869.839015 18716.642123
870.591058 18727.644796
871.302829 18740.281644
872.031555 18754.871996
872.762402 18771.478557
873.508083 18790.090725
874.251642 18810.459523
874.988839 18832.351960
875.711215 18855.958887
876.442062 18881.782920
877.187730 18909.946348
877.944002 18932.979032
878.354974 18956.810713
879.079459 18988.913353
879.816668 19023.123356
880.553865 19059.231641
881.293183 19095.647701
881.973192 19133.367595
882.695555 19174.070103
883.422173 19217.455340
884.174203 19263.405197
884.924113 19310.920392
885.665552 19359.823378
886.400640 19410.583700
887.142079 19463.341428
887.881397 19518.527795
888.637669 19575.757334
889.381229 19634.221250
890.120546 19693.756010
890.845031 19752.934478
891.533510 19813.474395
892.249524 19875.077589
892.925303 19938.964770
893.654029 20004.055959
894.321313 20062.379294
894.876341 20111.909791
895.333909 20157.870479
895.776657 20201.200739
896.136778 20250.618159
896.630363 20311.981389
897.134541 20373.633246
897.573059 20441.602693
898.109012 20523.229747
898.676740 20613.330533
899.255047 20707.568437
899.807954 20803.550111
900.346040 20901.082540
900.862918 20999.074089
901.358611 21097.435392
901.837376 21103.438317
902.258940 21011.630857
902.754646 20907.458180
903.360500 20793.290242
904.048967 20685.650607
904.680246 20596.674675
905.237382 20508.769910
905.983075 20418.137522
906.737226 20339.616891
907.480773 20273.154774
908.237046 20218.974399
908.970001 20177.631282
909.690256 20147.305411
910.457120 20128.290764
911.221863 20121.718253
911.942106 20126.309922
912.694136 20138.544588
913.469471 20153.453339
914.208802 20169.112894
914.971411 20185.761570
915.723442 20203.312318
916.488185 20221.782235
917.244457 20240.909072
917.992246 20260.810539
918.742155 20276.087031
919.106518 20287.947027
919.578933 20306.011373
920.343664 20328.697307
921.085102 20352.119813
921.841375 20376.882251
922.612468 20402.704619
923.379319 20428.970624
924.125012 20455.998850
924.885514 20483.959241
925.635411 20510.173799
926.262460 20537.257234
927.016612 20567.754813
927.777126 20599.118577
928.531265 20631.448545
929.296008 20664.125055
930.026855 20697.571587
930.787356 20732.393830
931.541508 20766.761251
932.246929 20800.814820
932.954484 20836.157839
933.681089 20873.470053
934.435241 20911.264298
935.149146 20946.828958
935.788896 20982.605489
936.483725 21021.742159
937.220922 21062.656944
937.951769 21103.656628
938.663566 21144.893447
939.375350 21187.152669
940.095593 21230.509518
940.817981 21274.852707
941.544586 21318.043560
942.205532 21360.771482
942.893999 21403.553147
943.535883 21446.739197
944.194695 21491.927903
944.783620 21537.106424
945.279313 21585.763475
945.794095 21639.684892
946.279197 21700.365400
946.804558 21767.275824
947.296035 21838.663212
947.798092 21912.625370
948.251431 21985.300928
948.675116 22055.572224
949.052191 22124.693981
949.422917 22199.067850
949.819043 22271.422750
950.138930 22343.864322
950.505414 22434.045906
950.962983 22545.953958
951.505298 22677.174508
952.125985 22806.577665
952.649225 22934.361564
953.252970 23066.254719
953.812240 23194.291100
954.384210 23203.530346
954.888387 23107.335827
955.278176 23017.675576
955.769640 22917.979502
956.314077 22812.949953
956.941127 22722.599264
957.392345 22636.076422
958.078704 22538.277433
958.807442 22449.473669
959.540397 22373.398816
960.264894 22310.796328
960.972449 22260.186086
961.705405 22220.775593
962.457435 22194.260662
963.181932 22178.686059
963.919129 22168.669629
964.645747 22160.832166
965.410490 22154.673027
966.130745 22150.292037
966.874292 22147.526951
967.592439 22146.429906
968.346577 22147.012612
969.104971 22149.290689
969.840059 22153.198068
970.570906 22158.817894
971.318695 22166.337213
972.089801 22175.457515
972.818527 22185.922941
973.538782 22198.145406
974.282342 22212.454060
975.047085 22228.579577
975.799103 22246.015337
976.527841 22265.037218
977.271401 22285.766011
978.004369 22308.210186
978.750036 22332.350756
979.485125 22358.142755
980.228685 22382.282115
980.794292 22403.801189
981.336595 22430.065406
982.080154 22462.191073
982.836427 22496.024269
983.579986 22531.277906
984.323533 22568.114714
985.062864 22606.697577
985.808544 22647.439953
986.564804 22690.146388
987.318955 22733.436665
988.037089 22778.494191
988.793362 22826.076257
989.539029 22871.662647
990.185142 22918.986357
990.935051 22970.666877
991.663777 23023.887729
992.409458 23079.159863
993.148776 23137.131729
993.919869 23196.468905
994.650716 23255.896764
995.381563 23316.233240
996.095455 23374.557631
996.743689 23432.182662
997.408864 23491.791905
998.071931 23550.072924
998.679905 23600.248615
999.145957 23639.558951
999.508186 23673.990427
999.861970 23715.337658
1000.353448 23768.145146
1000.899979 23827.661301
1001.444403 23887.334029
1001.914697 23948.343621
1002.410390 24020.276665
1002.980239 24103.597439
1003.567043 24195.724530
1004.177138 24293.542765
1004.761821 24393.762844
1005.331657 24494.732150
1005.865489 24593.508168
1006.361195 24690.686048
1006.835718 24799.020414
1007.397084 24930.781080
1008.043209 25078.329508
1008.706263 25230.153206
1009.371438 25385.386898
1010.057797 25542.828904
1010.735672 25691.858629
1011.343659 25721.041399
1011.705901 25629.986979
1012.157120 25520.160677
1012.733319 25394.505386
1013.402736 25268.401362
1014.072153 25167.334817
1014.550905 25070.897675
1015.269039 24962.997744
1016.008369 24865.967056
1016.732854 24781.095646
1017.461567 24706.896364
1018.200897 24642.791807
1018.969882 24590.720059
1019.707067 24551.553810
1020.450626 24523.976573
1021.200548 24508.280461
1021.963158 24504.790484
1022.717309 24511.858207
1023.469340 24524.816339
1024.225612 24534.865600
1024.509470 24543.775758
1025.111107 24557.559953
1025.839833 24573.422813
1026.585501 24590.462375
1027.360836 24608.197112
1028.108625 24626.310063
1028.858534 24645.001764
1029.599973 24664.467513
1030.358366 24684.707146
1031.108276 24705.530998
1031.860306 24726.988650
1032.608108 24749.433934
1033.381309 24772.617039
1034.133352 24796.018967
1034.876899 24820.224722
1035.637400 24845.270937
1036.391565 24870.332765
1037.113928 24893.786928
1037.740965 24918.395547
1038.495116 24945.488497
1039.228084 24973.769693
1040.009769 25002.954866
1040.755450 25032.420869
1041.515951 25062.766243
1042.272211 25093.305843
1043.009420 25124.105844
1043.746630 25155.454933
1044.479585 25187.961180
1045.240099 25220.874158
1045.962475 25253.279918
1046.672138 25285.699304
1047.369076 25319.416739
1048.108407 25355.065343
1048.860437 25388.848043
1049.498079 25421.596074
1050.184425 25456.410476
1050.883509 25493.051114
1051.618585 25530.563106
1052.328261 25568.474820
1053.054866 25606.814606
1053.758167 25646.178147
1054.499606 25687.034666
1055.234694 25726.724634
1055.912582 25766.046746
1056.613762 25805.610201
1057.281058 25845.236911
1057.965309 25883.101269
1058.556341 25918.836002
1059.153724 25953.422296
1059.693931 25987.488018
1060.261659 26022.704631
1060.827266 26056.755342
1061.346277 26091.304148
1061.916126 26127.557976
1062.477504 26164.538927
1063.057945 26201.337768
1063.579077 26238.082774
1064.064179 26280.251482
1064.585311 26330.102635
1065.106442 26384.442865
1065.595786 26443.171948
1066.089372 26505.003521
1066.542711 26568.614104
1066.987566 26632.037908
1067.379488 26694.766140
1067.765035 26761.840535
1068.165402 26836.899423
1068.597558 26922.247359
1069.061489 26940.790698
1069.332647 26878.694934
1069.703360 26804.905157
1070.129165 26722.497535
1070.646055 26634.821992
1071.203192 26542.830101
1071.878959 26468.068035
1072.287810 26398.828971
1073.020778 26320.555496
1073.736791 26254.080911
1074.488834 26199.977919
1075.204847 26159.323750
1075.933573 26130.868336
1076.647478 26113.346370
1077.369854 26102.049050
1078.134598 26093.492480
1078.842140 26086.536146
1079.570879 26080.784529
1080.316559 26076.401143
1081.057985 26073.473322
1081.786724 26071.959169
1082.528150 26071.847520
1083.271722 26073.211241
1084.038574 26076.013424
1084.775771 26080.246749
1085.525693 26085.851529
1086.252311 26092.843774
1086.993737 26101.645150
1087.783905 26111.675303
1088.493569 26122.857263
1089.239236 26135.743745
1089.987038 26150.096928
1090.734826 26165.802913
1091.474157 26182.898149
1092.217704 26201.272701
1092.946430 26221.036826
1093.687881 26242.385557
1094.429320 26265.263691
1095.177109 26289.354153
1095.905835 26314.722316
1096.645165 26341.965702
1097.399304 26370.854548
1098.149213 26392.016607
1098.462738 26413.756740
1099.191477 26445.189811
1099.922311 26478.548367
1100.674342 26513.416277
1101.409430 26549.250915
1102.142398 26586.317719
1102.871124 26625.698331
1103.637976 26666.851604
1104.379414 26708.700243
1105.118745 26751.972388
1105.860171 26797.126057
1106.614322 26841.611471
1107.290089 26886.936292
1108.027299 26936.157918
1108.781438 26987.101344
1109.527118 27039.284089
1110.274919 27093.301351
1111.031179 27147.574485
1111.747192 27202.306561
1112.478052 27259.054907
1113.211007 27318.051951
1113.963038 27377.843561
1114.681172 27435.824106
1115.356939 27495.655111
1116.087786 27557.000942
1116.769915 27614.896784
1117.394832 27665.100168
1117.884188 27708.428410
1118.341756 27747.286770
1118.723074 27788.957154
1119.229372 27839.806709
1119.778037 27896.998195
1120.352115 27959.937089
1120.930435 28021.416049
1121.409187 28085.068046
1121.957853 28160.957918
1122.565840 28245.317472
1123.171693 28332.179798
1123.747892 28422.311457
1124.334696 28516.773828
1124.908774 28612.048077
1125.453210 28707.131942
1125.978571 28803.693450
1126.497569 28901.422143
1126.997517 28906.314389
1127.450857 28816.115750
1127.955034 28718.387174
1128.554537 28612.267495
1129.247259 28512.143323
1129.880646 28432.498811
1130.401778 28355.185500
1131.134733 28274.384081
1131.874063 28205.086903
1132.609152 28147.561981
1133.346336 28101.118871
1134.104730 28066.071168
1134.871581 28043.416472
1135.634216 28033.321162
1136.377763 28035.408372
1137.144614 28046.754265
1137.928433 28061.528591
1138.691055 28076.590322
1139.436736 28094.240202
1140.377285 28112.889702
1141.148391 28130.088538
1141.889830 28147.816703
1142.650331 28166.334924
1143.404482 28185.642632
1144.175576 28205.457169
1144.919135 28225.754406
1145.677516 28247.108720
1146.450730 28269.182154
1147.213352 28291.603822
1147.965383 28314.578539
1148.721642 28338.432815
1149.488506 28363.288224
1150.265962 28388.094370
1150.990446 28413.302796
1151.753081 28436.714620
1152.341993 28460.862269
1153.113086 28488.758659
1153.879950 28516.962646
1154.631968 28545.824785
1155.398832 28575.837626
1156.176288 28606.519384
1156.943140 28637.615898
1157.707883 28669.152142
1158.464155 28701.071149
1159.216186 28733.308188
1159.957624 28766.845317
1160.739309 28801.117560
1161.484990 28834.732179
1162.209487 28868.162896
1162.921258 28902.385680
1163.654226 28938.851611
1164.433790 28975.046005
1165.130753 29009.099698
1165.800170 29043.309972
1166.482287 29080.574817
1167.249151 29119.072421
1167.956694 29156.667329
1168.666344 29195.408201
1169.395083 29235.313978
1170.125930 29276.715641
1170.886431 29318.370057
1171.604578 29359.369477
1172.320592 29401.012840
1173.040847 29444.184625
1173.788635 29487.249927
1174.485599 29529.433723
1175.184670 29571.116273
1175.847725 29612.140875
1176.508671 29651.713168
1177.110295 29689.176789
1177.690736 29725.876835
1178.256343 29762.260713
1178.815600 29799.604162
1179.381220 29839.712126
1179.927765 29884.809729
1180.467959 29936.667567
1181.010262 29995.665089
1181.554698 30057.220775
1182.031342 30121.026352
1182.516444 30190.227231
1182.993087 30261.400627
1183.435835 30332.507490
1183.853170 30403.775657
1184.249295 30475.132594
1184.626384 30549.450163
1185.016159 30633.019936
1185.448328 30648.190300
1185.732198 30579.944818
1186.113516 30496.156285
1186.585917 30404.291122
1187.102807 30308.342444
1187.693853 30208.138316
1188.361136 30132.217483
1188.719149 30056.548830
1189.517776 29965.865552
1190.257106 29893.025447
1190.973120 29833.266924
1191.699738 29785.613469
1192.417884 29750.214931
1193.150840 29727.128885
1193.862624 29713.639346
1194.614654 29704.162489
1195.349743 29696.309149
1196.078469 29689.873208
1196.807195 29684.745430
1197.563467 29681.024214
1198.290072 29678.756043
1199.048466 29677.887874
1199.777192 29678.467812
1200.524980 29680.516625
1201.285494 29684.028069
1202.033296 29688.918236
1202.768372 29695.268486
1203.520402 29703.220395
1204.285145 29712.636180
1205.035055 29723.190927
1205.755310 29735.059795
1206.492520 29748.630258
1207.246658 29763.766639
1207.996581 29780.145042
1208.731657 29797.583493
1209.451912 29816.233013
1210.174288 29836.889496
1210.939031 29859.206736
1211.678349 29882.588881
1212.417679 29907.238244
1213.148514 29933.494997
1213.898436 29961.446542
1214.644104 29990.808470
1215.391892 30021.431868
1216.129102 30051.921856
1216.806990 30060.580264
1217.107802 30067.254322
1217.747552 30096.757175
1218.486882 30131.638167
1219.228321 30169.708473
1219.959155 30211.004019
1220.694244 30257.045851
1221.467458 30306.708962
1222.206776 30358.602667
1222.941865 30414.078727
1223.685411 30473.852214
1224.441684 30533.262942
1225.098388 30594.244368
1225.816522 30663.836786
1226.591857 30738.307443
1227.339646 30815.794130
1228.102268 30895.633120
1228.828886 30978.287782
1229.578796 31066.613963
1230.343539 31157.029352
1231.070144 31249.355928
1231.809462 31347.310876
1232.569976 31447.257004
1233.288110 31548.428649
1234.016836 31650.962794
1234.709545 31754.631028
1235.410725 31858.825318
1236.071683 31954.400444
1236.628807 32040.305652
1237.141468 32120.641707
1237.609628 32195.176389
1238.035421 32275.044888
1238.550190 32369.958233
1239.132752 32471.974790
1239.706842 32568.718572
1240.208899 32663.838136
1240.744852 32766.421422
1241.308338 32875.565089
1241.893008 32988.618079
1242.475582 33099.552763
1243.017885 33206.265989
1243.539017 33312.149490
1244.055894 33416.383928
1244.545250 33417.294653
1245.034607 33317.510270
1245.545134 33212.664507
1246.150988 33100.804336
1246.822525 32995.997915
1247.445333 32912.438711
1247.941040 32829.207683
1248.680358 32739.587294
1249.415446 32662.817798
1250.129339 32597.881979
1250.853823 32542.970030
1251.601612 32498.605397
1252.368476 32466.570725
1253.103564 32447.092224
1253.834411 32439.217305
1254.582200 32442.640054
1255.340593 32454.215530
1256.096866 32468.602403
1256.838292 32484.994244
1257.723786 32502.564318
1258.509713 32519.137082
1259.234197 32535.962061
1259.984107 32553.813453
1260.742500 32572.365308
1261.496639 32591.461866
1262.246561 32610.776490
1262.968924 32630.781527
1263.723076 32651.975993
1264.485698 32673.604496
1265.225016 32695.435505
1265.957984 32718.221031
1266.718485 32741.905389
1267.468395 32766.281874
1268.231030 32791.198933
1268.974577 32816.772589
1269.737199 32842.986845
1270.480759 32866.269313
1271.046366 32890.147821
1271.792046 32917.944978
1272.541956 32946.668016
1273.302457 32975.659914
1274.033304 33005.687443
1274.812868 33036.697731
1275.560670 33067.312563
1276.289396 33098.284412
1277.024484 33130.565642
1277.784998 33164.188308
1278.551850 33198.184001
1279.299639 33232.350355
1280.045319 33266.301224
1280.757103 33300.924424
1281.504892 33335.673561
1282.197601 33369.717775
1282.892443 33404.043676
1283.574573 33439.406731
1284.288465 33476.642955
1285.021433 33514.751466
1285.745930 33553.299153
1286.472535 33592.042058
1287.182211 33631.793800
1287.923637 33672.970988
1288.662955 33713.866410
1289.372631 33754.758918
1290.090765 33796.542084
1290.811007 33839.738942
1291.556688 33882.705907
1292.249409 33924.465487
1292.935768 33966.245006
1293.611548 34008.692146
1294.302136 34050.453266
1294.939777 34091.033567
1295.577406 34130.287264
1296.159981 34168.314866
1296.746772 34207.177458
1297.295437 34250.933834
1297.865286 34300.149920
1298.382176 34354.928299
1298.922370 34418.317893
1299.473157 34489.846353
1300.030293 34562.188373
1300.498453 34633.381865
1300.960276 34707.292779
1301.400890 34783.952949
1301.839408 34863.109387
1302.258851 34937.191610
1302.604139 35007.870373
1302.955802 35086.736509
1303.349832 35186.796919
1303.868843 35309.817477
1304.455633 35436.290129
1305.004299 35562.627429
1305.593211 35694.934102
1306.199077 35827.550182
1306.794351 35955.576280
1307.362079 35963.256616
1307.874740 35866.481547
1308.289941 35777.470993
1308.779298 35678.469672
1309.359726 35573.823989
1309.997367 35487.044201
1310.446477 35404.666981
1311.141320 35310.704044
1311.893338 35226.539896
1312.630547 35156.881172
1313.348694 35100.502207
1314.064695 35055.914101
1314.797663 35023.274889
1315.532751 35002.500505
1316.269961 34990.168611
1316.985974 34981.168967
1317.729534 34973.312222
1318.466731 34966.788818
1319.201819 34961.544371
1319.941150 34957.578974
1320.678347 34954.884187
1321.440982 34953.498290
1322.173937 34953.453382
1322.925967 34954.726056
1323.675877 34957.296869
1324.413087 34961.165512
1325.156646 34966.316965
1325.891722 34972.847628
1326.650115 34980.703714
1327.389433 34989.844656
1328.139343 35000.339063
1328.885023 35012.068078
1329.624354 35025.374213
1330.397568 35040.362727
1331.170782 35056.157978
1331.891037 35072.848960
1332.626113 35091.340228
1333.388735 35111.373877
1334.140766 35132.297918
1334.871613 35154.206034
1335.602472 35177.378409
1336.333306 35202.150665
1337.083229 35228.282209
1337.818305 35255.731655
1338.568214 35284.302046
1339.294832 35305.737885
1339.640120 35327.913609
1340.358267 35359.715430
1341.118768 35393.217240
1341.855978 35427.760254
1342.603766 35463.280870
1343.328251 35500.159519
1344.078160 35538.869625
1344.823841 35579.024579
1345.577992 35620.321730
1346.317310 35663.388683
1347.086295 35708.610833
1347.853146 35754.634758
1348.603056 35801.695379
1349.359328 35849.743211
1350.098646 35898.770769
1350.844326 35949.687059
1351.600586 36002.533509
1352.363208 36056.430160
1353.111010 36107.410239
1353.759230 36159.140080
1354.494319 36215.156231
1355.225166 36273.293904
1355.981426 36332.285521
1356.701681 36392.776350
1357.462195 36453.086957
1358.148554 36511.481416
1358.834900 36569.214569
1359.481012 36626.699507
1360.137729 36680.157630
1360.673669 36725.149722
1361.127008 36767.804567
1361.599410 36812.555420
1362.086646 36865.266594
1362.705212 36927.939489
1363.342841 36994.479222
1363.948707 37066.226414
1364.584228 37142.896306
1365.187960 37217.016486
1365.711213 37289.348886
1366.228103 37365.993349
1366.759814 37452.073449
1367.348726 37547.528619
1367.944000 37645.804420
1368.511728 37743.855910
1369.054044 37843.714379
1369.596346 37948.585830
1370.149254 38063.144494
1370.746636 38187.213471
1371.348248 38318.572671
1371.975298 38457.091619
1372.629881 38596.826754
1373.284464 38735.919663
1373.962352 38867.709180
1374.574569 38887.357692
1375.006711 38799.493267
1375.500310 38702.681682
1376.089209 38599.457025
1376.739576 38502.726044
1377.347537 38420.575209
1377.906795 38340.238267
1378.616458 38259.525436
1379.336726 38189.094937
1380.061197 38129.270181
1380.798407 38080.116687
1381.550437 38042.745983
1382.287634 38017.490892
1383.029073 38003.914908
1383.783212 38002.313344
1384.535255 38010.598960
1385.274573 38023.674510
1386.016011 38039.547961
1386.914219 38056.101765
1387.670478 38071.709609
1388.420388 38087.811039
1389.176648 38104.666484
1389.949874 38121.948852
1390.699771 38139.436299
1391.447573 38157.933176
1392.239849 38177.009559
1392.994001 38195.900697
1393.731198 38215.335525
1394.489578 38235.652916
1395.256442 38256.293861
1396.002110 38277.376746
1396.764732 38298.885316
1397.506184 38320.764253
1398.260335 38343.349947
1399.016595 38366.230862
1399.758034 38389.703950
1400.520656 38414.142459
1401.291749 38438.912043
1402.043780 38460.186964
1402.577624 38481.445028
1403.304229 38507.350011
1404.088035 38534.145338
1404.837945 38561.269446
1405.611159 38588.810426
1406.356839 38616.422399
1407.106749 38645.165624
1407.886326 38674.117415
1408.621402 38703.245572
1409.384024 38733.958349
1410.174193 38765.054450
1410.930465 38795.887648
1411.682495 38826.901978
1412.423921 38859.174626
1413.211969 38891.846675
1413.949166 38923.589633
1414.671542 38955.561791
1415.398147 38988.612770
1416.148069 39022.518987
1416.891629 39054.636772
1417.544091 39086.503779
1418.257997 39120.428874
1418.980360 39154.644367
1419.687915 39188.839523
1420.391216 39223.730479
1421.109362 39259.641069
1421.835968 39297.080843
1422.596469 39335.317039
1423.335787 39373.106319
1424.060284 39411.757002
1424.814435 39450.134894
1425.511398 39488.699771
1426.254945 39528.047537
1426.964609 39565.986107
1427.640376 39603.757855
1428.328855 39641.629633
1428.994030 39678.574517
1429.635914 39714.491799
1430.252372 39749.957445
1430.866696 39786.000873
1431.491638 39822.750775
1432.118675 39859.142758
1432.720299 39895.741052
1433.343107 39932.658557
1433.944732 39969.256574
1434.546356 40006.299514
1435.152222 40043.855378
1435.760197 40081.729923
1436.366063 40119.185357
1436.950746 40154.763725
1437.478227 40190.574448
1437.995117 40232.376899
1438.539554 40281.950305
1439.081856 40336.264250
1439.588155 40392.933215
1440.062677 40450.904660
1440.503304 40511.785842
1440.948172 40572.915188
1441.333719 40636.619036
1441.757403 40710.550991
1442.217093 40794.273132
1442.697965 40813.753359
1442.962773 40755.122038
1443.344078 40682.216885
1443.805888 40603.237870
1444.316415 40520.147796
1444.913811 40433.036036
1445.598049 40366.625908
1445.981487 40303.902835
1446.769535 40232.856017
1447.491911 40177.544571
1448.220637 40134.341063
1448.953592 40103.693112
1449.680210 40084.533571
1450.404706 40072.568323
1451.144024 40063.287348
1451.868521 40054.989718
1452.607839 40047.701793
1453.321744 40041.397911
1454.058941 40035.952072
1454.800380 40031.496654
1455.537589 40028.048025
1456.272665 40025.585598
1457.009888 40024.100305
1457.764026 40023.620103
1458.518178 40024.168993
1459.268087 40025.755898
1460.026480 40028.334770
1460.761556 40031.923162
1461.513600 40036.552651
1462.261388 40042.188092
1463.009177 40048.861548
1463.761220 40056.566412
1464.511130 40065.269981
1465.258919 40074.842321
1465.987645 40085.534199
1466.750267 40097.538741
1467.517131 40110.134736
1468.228915 40123.342975
1468.953412 40138.037230
1469.718155 40153.901622
1470.459581 40170.560621
1471.203154 40188.140261
1471.938230 40206.466601
1472.662726 40225.826725
1473.402044 40246.613060
1474.158304 40268.468964
1474.901876 40290.916732
1475.630589 40314.499802
1476.382633 40339.246429
1477.121950 40364.897702
1477.867618 40389.658010
1478.505260 40410.101124
1478.975541 40433.135662
1479.712750 40462.156649
1480.454176 40492.345759
1481.199857 40523.170052
1481.924341 40554.659587
1482.655188 40587.886118
1483.413581 40622.753474
1484.171974 40658.872172
1484.938826 40696.041599
1485.697206 40734.164857
1486.459829 40772.608449
1487.190676 40811.627726
1487.936356 40852.392235
1488.694737 40891.646813
1489.351441 40931.138005
1490.084409 40974.477376
1490.842789 41019.003453
1491.582120 41065.088590
1492.357442 41110.979236
1493.058622 41158.254696
1493.844561 41207.600623
1494.579650 41258.031903
1495.365564 41308.821306
1496.081590 41357.554239
1496.778541 41406.827061
1497.483962 41456.139796
1498.157608 41505.552341
1498.841846 41553.407677
1499.451954 41597.867086
1500.026032 41638.813520
1500.528089 41681.894550
1501.142426 41730.099323
1501.760992 41778.079926
1502.347795 41827.627470
1502.959999 41881.700757
1503.580699 41940.932308
1504.222569 42004.206223
1504.847498 42070.847142
1505.478777 42134.081187
1505.980834 42193.653389
1506.495603 42261.925560
1507.095119 42338.502133
1507.692501 42419.313562
1508.302597 42502.714528
1508.887267 42584.388074
1509.427461 42665.791869
1509.967643 42751.235355
1510.522671 42838.502443
1511.050140 42839.317621
1511.577609 42758.070933
1512.096620 42678.413165
1512.689761 42596.282118
1513.354936 42523.267476
1513.926906 42461.981152
1514.528530 42401.874870
1515.255136 42346.663020
1515.975391 42302.781280
1516.699888 42269.661155
1517.447676 42247.790897
1518.201828 42237.955546
1518.936904 42239.985707
1519.682584 42250.898254
1520.438844 42264.998500
1521.180282 42279.594821
1521.938663 42294.701204
1522.684343 42311.782719
1523.582551 42329.612046
1524.349402 42346.256909
1525.088720 42363.163181
1525.836509 42380.911507
1526.607602 42399.109959
1527.353283 42417.584587
1528.107434 42437.021837
1528.891240 42457.057740
1529.653862 42476.852776
1530.382588 42497.154038
1531.147331 42518.423454
1531.912062 42539.844243
1532.653501 42561.779726
1533.420377 42583.990964
1534.149091 42606.453292
1534.901134 42629.836210
1535.659502 42653.558577
1536.403061 42677.549997
1537.148742 42698.787568
1537.699528 42720.574096
1538.453679 42746.131749
1539.205710 42771.941816
1539.947149 42798.639939
1540.722471 42826.079926
1541.478743 42853.900040
1542.247728 42882.163635
1543.001880 42910.673922
1543.758139 42940.240373
1544.541945 42970.126995
1545.289734 43000.090041
1546.052369 43030.873345
1546.817099 43061.792407
1547.562780 43092.972087
1548.316919 43124.847685
1549.073204 43157.983901
1549.863359 43191.142397
1550.598435 43223.905536
1551.348358 43257.654942
1552.106738 43291.975772
1552.860890 43326.382295
1553.602328 43358.960438
1554.259033 43391.466809
1554.979288 43426.966092
1555.744031 43463.329153
1556.481228 43499.016389
1557.199375 43534.620972
1557.915388 43571.142069
1558.652598 43609.408221
1559.419449 43648.470223
1560.169359 43687.013837
1560.898085 43725.626699
1561.633173 43765.373418
1562.387337 43805.578666
1563.122413 43845.317835
1563.842656 43885.446913
1564.575636 43926.792246
1565.323425 43967.383425
1566.014026 44007.082325
1566.715218 44046.136119
1567.369801 44084.966042
1568.049810 44124.099645
1568.702285 44162.281420
1569.337793 44200.367702
1569.975435 44238.922289
1570.615185 44277.167688
1571.231643 44315.159926
1571.852343 44353.008683
1572.453967 44391.374973
1573.081004 44429.984204
1573.680520 44467.415564
1574.244007 44508.744091
1574.854102 44555.877703
1575.402767 44610.403351
1575.995934 44668.449581
1576.481035 44725.856928
1576.951329 44791.295671
1577.472448 44861.727867
1577.936392 44930.823251
1578.368548 45000.356579
1578.781628 45069.702981
1579.165066 45144.763379
1579.597209 45227.806382
1580.023015 45237.921645
1580.345010 45169.008109
1580.728449 45087.911217
1581.217793 44996.636088
1581.772808 44901.087136
1582.399858 44805.208362
1583.075625 44735.379355
1583.429409 44696.970731
1583.692083 44649.511737
1584.264065 44583.412752
1584.986441 44520.115284
1585.723638 44469.053461
1586.452364 44430.740482
1587.187453 44405.013454
1587.911937 44389.592706
1588.644918 44379.115738
1589.377885 44370.215853
1590.110841 44362.242113
1590.854400 44355.260270
1591.585247 44349.317725
1592.316094 44344.340034
1593.049062 44340.329991
1593.782042 44337.284399
1594.523481 44335.193629
1595.294561 44334.122571
1596.012708 44334.083887
1596.766860 44335.075758
1597.537953 44337.074257
1598.273029 44340.025333
1599.006009 44343.978235
1599.747448 44349.049679
1600.514300 44355.207372
1601.270572 44362.219924
1601.999298 44370.265821
1602.757691 44379.353590
1603.494888 44389.471958
1604.253281 44400.781480
1605.013783 44412.932132
1605.748859 44425.875245
1606.483947 44439.864952
1607.225399 44454.978269
1607.973187 44471.167774
1608.720976 44488.167174
1609.451823 44506.062443
1610.191141 44524.848261
1610.915638 44545.128373
1611.690973 44566.679088
1612.434520 44588.739362
1613.173850 44611.801679
1613.917410 44636.325544
1614.684261 44661.869865
1615.427821 44687.885962
1616.162909 44714.940991
1616.908577 44742.985043
1617.643666 44763.644320
1617.972012 44785.842808
1618.747347 44816.996773
1619.484544 44848.285505
1620.217511 44881.710433
1621.005559 44916.346021
1621.746998 44950.905605
1622.486316 44987.142781
1623.255288 45024.769779
1624.009439 45062.632616
1624.746649 45101.120680
1625.485967 45139.089576
1626.168096 45178.963589
1626.941298 45221.381593
1627.680628 45263.180429
1628.396642 45306.593396
1629.157143 45351.748417
1629.898582 45397.342167
1630.640020 45444.410677
1631.396280 45492.419060
1632.135610 45542.306339
1632.917295 45593.866767
1633.675689 45644.231340
1634.391689 45694.634301
1635.122549 45746.055670
1635.840683 45797.503197
1636.546105 45849.166081
1637.245176 45901.568226
1637.946368 45954.121861
1638.626365 46002.482786
1639.198334 46047.573747
1639.776654 46093.602786
1640.350732 46143.000969
1640.965070 46198.517681
1641.606940 46258.114139
1642.227640 46319.287190
1642.825010 46385.216240
1643.464772 46455.374848
1644.072760 46527.178094
1644.676492 46600.088670
1645.246341 46669.283896
1645.744156 46741.741974
1646.318259 46823.281779
1646.905050 46905.819199
1647.449474 46988.930911
1648.002381 47072.722049
1648.519258 47153.913675
1649.006494 47145.585443
1649.610239 47056.258877
1650.165267 46974.850329
1650.762650 46893.806648
1651.429933 46825.989972
1651.927760 46765.381528
1652.620469 46702.373754
1653.349195 46649.315174
1654.063100 46607.180711
1654.808781 46576.004122
1655.539615 46556.557045
1656.302250 46548.866893
1657.047918 46552.689324
1657.799948 46564.193563
1658.543508 46578.329622
1659.291297 46592.866175
1660.028493 46610.016983
1660.981781 46628.194212
1661.765574 46644.885207
1662.523967 46661.572894
1663.263285 46678.911189
1664.036499 46696.974367
1664.797001 46715.271511
1665.549031 46733.915926
1666.298941 46753.227104
1667.065792 46773.440035
1667.847490 46793.541835
1668.569866 46813.928493
1669.336717 46835.311879
1670.097231 46857.031110
1670.853491 46879.012006
1671.599171 46901.436587
1672.353310 46924.395993
1673.103232 46947.763373
1673.853129 46971.499038
1674.596689 46995.879518
1675.357203 47021.156727
1676.126175 47046.812028
1676.880314 47072.551285
1677.626007 47098.764603
1678.380146 47126.213852
1679.168194 47154.306986
1679.930816 47182.157125
1680.678617 47210.974921
1681.466652 47240.479326
1682.225033 47270.285746
1683.002489 47300.665378
1683.765111 47331.072137
1684.519262 47361.700785
1685.269172 47387.658284
1685.777591 47413.966305
1686.525380 47446.502020
1687.311307 47479.935269
1688.078171 47513.456879
1688.845022 47546.756728
1689.580111 47580.539598
1690.346975 47615.911533
1691.130768 47651.036712
1691.865857 47685.201603
1692.588233 47719.866547
1693.325442 47756.263989
1694.100777 47793.703961
1694.861279 47830.953849
1695.609067 47868.094267
1696.346264 47905.917923
1697.102549 47943.433745
1697.810092 47980.578933
1698.534576 48019.330052
1699.286619 48059.838793
1700.059833 48100.885623
1700.813985 48141.669556
1701.559652 48181.807772
1702.273545 48222.521773
1703.023467 48264.577376
1703.769148 48306.372287
1704.493645 48347.887857
1705.213887 48389.717667
1705.934142 48431.229544
1706.628984 48472.217669
1707.317464 48512.584839
1707.978410 48552.824588
1708.649935 48593.042501
1709.298169 48632.974594
1709.948510 48673.259495
1710.596744 48713.965304
1711.249206 48754.552653
1711.882619 48795.683120
1712.492714 48841.697998
1713.104943 48895.053370
1713.698097 48954.371500
1714.263691 49019.305455
1714.818719 49088.840291
1715.344080 49158.118775
1715.803782 49229.489128
1716.280426 49304.077260
1716.718919 49378.525974
1717.138374 49457.401168
1717.576880 49537.922165
1717.970910 49617.323204
1718.358565 49709.881707
1718.845813 49816.304999
1719.345748 49932.442655
1719.919827 50057.168535
1720.502401 50182.660785
1721.087071 50310.264071
1721.692937 50424.162576
1722.152626 50420.547208
1722.661045 50323.266580
1723.116505 50232.887441
1723.612199 50136.139916
1724.205353 50034.032065
1724.855707 49951.967877
1725.283621 49874.098615
1725.999647 49785.245430
1726.734735 49708.053537
1727.463449 49643.368409
1728.202779 49591.437448
1728.925155 49552.026209
1729.675065 49525.166071
1730.393212 49509.154604
1731.126167 49498.398390
1731.850664 49489.362250
1732.583632 49481.084479
1733.335662 49473.637711
1734.089813 49467.213117
1734.824902 49461.772589
1735.568462 49457.186601
1736.331084 49453.564779
1737.066173 49450.940091
1737.803370 49449.232563
1738.538458 49448.444825
1739.275668 49448.578781
1740.017094 49449.645047
1740.760654 49451.711861
1741.536001 49454.707925
1742.268969 49458.591093
1743.012516 49463.523246
1743.779367 49469.388009
1744.518698 49476.122074
1745.264378 49483.860171
1746.016409 49492.544627
1746.762077 49502.288549
1747.528941 49512.857776
1748.257679 49524.204587
1749.001239 49536.536359
1749.738436 49550.004322
1750.503166 49564.584129
1751.257318 49579.871788
1751.996636 49595.919226
1752.733858 49612.866060
1753.471055 49630.949742
1754.225194 49650.277386
1754.985708 49670.216480
1755.714434 49690.525699
1756.434689 49711.794239
1757.167644 49734.757462
1757.938750 49759.005398
1758.692901 49783.558166
1759.423735 49808.570153
1760.150353 49835.148244
1760.917217 49863.412898
1761.684069 49885.254424
1762.071749 49907.082170
1762.800475 49936.398515
1763.535551 49967.069508
1764.285460 49998.990596
1765.035370 50031.912956
1765.787413 50065.986306
1766.545794 50101.021971
1767.297824 50136.976754
1768.054097 50173.679759
1768.797643 50211.507517
1769.560266 50251.123447
1770.335601 50291.389436
1771.085510 50331.426331
1771.816370 50372.583995
1772.572630 50415.704729
1773.339494 50459.299939
1774.078799 50502.657912
1774.805417 50547.130857
1775.551097 50591.311323
1776.239564 50635.651484
1776.961940 50682.958542
1777.716091 50731.944811
1778.461759 50782.537117
1779.234986 50833.942543
1779.976412 50884.996817
1780.711488 50935.841573
1781.421164 50987.277773
1782.147769 51038.322878
1782.823536 51089.992707
1783.543791 51144.080192
1784.261925 51193.543871
1784.840245 51236.897541
1785.382548 51281.136846
1785.969352 51329.345254
1786.592160 51381.209227
1787.223451 51437.012766
1787.861080 51494.387241
1788.445763 51555.783193
1789.087621 51624.592640
1789.742217 51696.827859
1790.373483 51770.520492
1790.985712 51845.825496
1791.583094 51916.969957
1792.080922 51983.412652
1792.566024 52052.700250
1793.070214 52128.453956
1793.610395 52208.745069
1794.139998 52290.662182
1794.665359 52377.407102
1795.220374 52473.449638
1795.821986 52581.273793
1796.474461 52697.652127
1797.129045 52818.995342
1797.809054 52941.713696
1798.491183 53061.107224
1799.169058 53172.124635
1799.789746 53186.338216
1800.262147 53111.122721
1800.753612 53032.259398
1801.353116 52948.431140
1802.022533 52876.366484
1802.554256 52814.504201
1803.189751 52750.762795
1803.935432 52693.897950
1804.651458 52649.065874
1805.382292 52614.984606
1806.121623 52592.316425
1806.867303 52581.434737
1807.623563 52582.582490
1808.371351 52592.839962
1809.104319 52606.504720
1809.845745 52618.223540
1810.332981 52626.777751
1810.724890 52638.127472
1811.474800 52653.370333
1812.228951 52669.131110
1812.991561 52685.280010
1813.745712 52701.561612
1814.485043 52718.225235
1815.239181 52735.436388
1815.993333 52753.412664
1816.779259 52771.679787
1817.524940 52789.959650
1818.279079 52808.726545
1819.033230 52828.071584
1819.802202 52845.209368
1820.359339 52862.409347
1821.107140 52882.482322
1821.857050 52903.436370
1822.640856 52924.570414
1823.375932 52945.649811
1824.127962 52967.442423
1824.886355 52989.905300
1825.657448 53012.697078
1826.411587 53035.658768
1827.167859 53059.073610
1827.926240 53082.843251
1828.680391 53106.830227
1829.428180 53131.271446
1830.186573 53156.378639
1830.951316 53181.769621
1831.703347 53207.444607
1832.461740 53233.653343
1833.222242 53260.365557
1833.986972 53287.471347
1834.747473 53314.895789
1835.507988 53342.791393
1836.272731 53370.522579
1837.003565 53398.924538
1837.783142 53428.355968
1838.547885 53457.863901
1839.310507 53488.188478
1840.096434 53519.041432
1840.865406 53549.403016
1841.606845 53580.071499
1842.371588 53611.472771
1843.129981 53642.821383
1843.873528 53674.873458
1844.646742 53707.400275
1845.394544 53740.372602
1846.169879 53771.667184
1846.824462 53802.247225
1847.551067 53834.427146
1848.262852 53868.221775
1849.044549 53902.817949
1849.775396 53937.170996
1850.529548 53972.242600
1851.275215 54007.849727
1852.035717 54044.094042
1852.791989 54080.160957
1853.529186 54117.081253
1854.304521 54154.960643
1855.065022 54192.550707
1855.812824 54230.476356
1856.571217 54268.131135
1857.293593 54305.452598
1858.024440 54344.128379
1858.784941 54382.725854
1859.498834 54420.178179
1860.202147 54457.517946
1860.899098 54494.387125
1861.572756 54531.522380
1862.267586 54569.320947
1862.953945 54607.209708
1863.640316 54644.526497
1864.294900 54682.035231
1864.977017 54720.565829
1865.657026 54759.412053
1866.339155 54798.818069
1867.027635 54837.984094
1867.690689 54877.216460
1868.370698 54917.379452
1869.054936 54957.350677
1869.718003 54997.188212
1870.387420 55036.297035
1871.016591 55074.341037
1871.641507 55112.131254
1872.253723 55149.487298
1872.842647 55187.873061
1873.404026 55229.315203
1873.933616 55274.146436
1874.435672 55321.514977
1874.908087 55373.419155
1875.401685 55435.166060
1875.954579 55494.202145
1876.331655 55546.601113
1876.721431 55606.185559
1877.153599 55671.979783
1877.579392 55743.401384
1878.032731 55821.352256
1878.488191 55804.792342
1879.142787 55710.650502
1879.610947 55631.533644
1880.174434 55548.833620
1880.786663 55467.029692
1881.473021 55408.608921
1881.803488 55351.027717
1882.663570 55283.382916
1883.413480 55235.370252
1884.129493 55200.672591
1884.853990 55177.959196
1885.580608 55164.434108
1886.324167 55154.368623
1887.067714 55145.138089
1887.792211 55136.633782
1888.533663 55128.712535
1889.281451 55121.533085
1890.018661 55115.113807
1890.757979 55109.371836
1891.505780 55104.325660
1892.253569 55100.037577
1892.990766 55096.489076
1893.732217 55093.627462
1894.488489 55091.485448
1895.238399 55090.095214
1895.981946 55089.438086
1896.719155 55089.504475
1897.466944 55090.300982
1898.216866 55091.860127
1898.983718 55094.130360
1899.716698 55097.085268
1900.456016 55100.797499
1901.205926 55105.334082
1901.974911 55110.507631
1902.697287 55116.347489
1903.447196 55123.082632
1904.209806 55130.526363
1904.953378 55138.559469
1905.688467 55147.475727
1906.457439 55157.189330
1907.203107 55167.446490
1907.942438 55178.479216
1908.694468 55190.411618
1909.454969 55203.070461
1910.204892 55216.164438
1910.931497 55230.087959
1911.691998 55245.135451
1912.458850 55260.576597
1913.185467 55276.360476
1913.916314 55292.813129
1914.640811 55310.352478
1915.403434 55328.949104
1916.155464 55347.993283
1916.894782 55367.539310
1917.629871 55388.251739
1918.400964 55409.845308
1919.146632 55431.818015
1919.892312 55454.552745
1920.640113 55478.016827
1921.385781 55498.586141
1921.915371 55517.977900
1922.555134 55541.384043
1923.292343 55567.225502
1924.035903 55594.679974
1924.821817 55623.080087
1925.575968 55651.449468
1926.319528 55680.558530
1927.073667 55711.219487
1927.857485 55742.374176
1928.598911 55773.268097
1929.334000 55803.813389
1930.026709 55835.093632
1930.763918 55868.182890
1931.507478 55902.184496
1932.253146 55937.113198
1933.005176 55972.876589
1933.755086 56008.487256
1934.471099 56045.139624
1935.233734 56083.358471
1935.983644 56122.221257
1936.742024 56161.541704
1937.481342 56201.029652
1938.218552 56240.704227
1938.938794 56281.381208
1939.686596 56322.144223
1940.385667 56362.875430
1941.108043 56405.385765
1941.845240 56446.676365
1942.504052 56486.509918
1943.171361 56527.177613
1943.838645 56566.238403
1944.436027 56605.717809
1945.099082 56647.597822
1945.755799 56690.948926
1946.446386 56736.279966
1947.145458 56781.230634
1947.793679 56828.310510
1948.490629 56880.717760
1949.200293 56933.475710
1949.823101 56986.575876
1950.464984 57042.267859
1951.083550 57100.308237
1951.714829 57162.055646
1952.352458 57226.414428
1952.979508 57289.532264
1953.543007 57351.171713
1954.098022 57413.917046
1954.642458 57479.210158
1955.203824 57546.900981
1955.752489 57617.073493
1956.318096 57690.828345
1956.887945 57764.668158
1957.421790 57766.361082
1957.945043 57699.810052
1958.474633 57634.478720
1959.088982 57570.066827
1959.743553 57518.769770
1960.232910 57474.567445
1960.917147 57430.578308
1961.645873 57396.246552
1962.374599 57373.372403
1963.094855 57361.821074
1963.829931 57361.724209
1964.577732 57370.679584
1965.283166 57383.711812
1966.024592 57397.969250
1966.778731 57412.445509
1967.505349 57427.182982
1968.248908 57442.563594
1969.003047 57458.244703
1969.740257 57474.181841
1970.483816 57490.575720
1971.229484 57507.336207
1971.973031 57518.853551
1972.237839 57528.144489
1972.771670 57543.396493
1973.530064 57561.519494
1974.279973 57579.994812
1975.036245 57599.060522
1975.803097 57618.287042
1976.542415 57637.868137
1977.307158 57658.218384
1978.076130 57678.548732
1978.811219 57699.143391
1979.571720 57720.404356
1980.327993 57742.201184
1981.099086 57764.004867
1981.829920 57786.033236
1982.590434 57808.616809
1983.333994 57831.546134
1984.092374 57854.945437
1984.842284 57878.520027
1985.587952 57902.328366
1986.329390 57926.644201
1987.083554 57951.362839
1987.827114 57976.383035
1988.577011 58001.844188
1989.324812 58027.974018
1990.091664 58054.140466
1990.820390 58080.381906
1991.570299 58107.714549
1992.339284 58135.659595
1993.101907 58163.478255
1993.843345 58191.837754
1994.614438 58220.731725
1995.364348 58249.725364
1996.120633 58279.385814
1996.885364 58309.935435
1997.667049 58340.061692
1998.391545 58369.969827
1999.143576 58401.331111
1999.921032 58433.518162
2000.694233 58465.338585
2001.435672 58496.772725
2002.172882 58528.708364
2002.920683 58561.425668
2003.676943 58590.655533
2004.251033 58619.078408
2004.956468 58651.197350
2005.683060 58684.330103
2006.418149 58718.747182
2007.185013 58753.827231
2007.932801 58788.790746
2008.678482 58824.124455
2009.426283 58859.980392
2010.178314 58896.672733
2010.945165 58932.855493
2011.661179 58968.676940
2012.398388 59005.162480
2013.127114 59042.705091
2013.891870 59080.933648
2014.633296 59118.556789
2015.359914 59156.319209
2016.092869 59194.879767
2016.836441 59233.235293
2017.548213 59270.925762
2018.253647 59308.835869
2018.961189 59346.613340
2019.649669 59384.368051
2020.344499 59422.320840
2021.028749 59460.710039
2021.727834 59499.591502
2022.418421 59538.191971
2023.096309 59576.559491
2023.767847 59615.780218
2024.464785 59655.737148
2025.151157 59695.889288
2025.843865 59736.041744
2026.519645 59776.382161
2027.208125 59817.472877
2027.898725 59858.173142
2028.563901 59898.021567
2029.216363 59938.485265
2029.892130 59979.629240
2030.557318 60021.958248
2031.197068 60067.421032
2031.781750 60116.400125
2032.330416 60170.219041
2032.879081 60230.231800
2033.427759 60291.850185
2033.906511 60353.889107
2034.378913 60421.249084
2034.866149 60493.102596
2035.336430 60565.984728
2035.779177 60639.319556
2036.204983 60717.402012
2036.656201 60813.537528
2037.226050 60833.879871
2037.581942 60759.386247
2038.011977 60674.489834
2038.528867 60580.664886
2039.134733 60482.107840
2039.816863 60386.883787
2040.518042 60313.010283
2041.009520 60247.783395
2041.736125 60178.933766
2042.500881 60122.760487
2043.229607 60080.821077
2043.954104 60051.205871
2044.693421 60032.481686
2045.434860 60020.525134
2046.178420 60010.905690
2046.905025 60002.012940
2047.646463 59993.666599
2048.402748 59986.007520
2049.152658 59979.293884
2049.860200 59973.302660
2050.608002 59967.850754
2051.357911 59963.148210
2052.099350 59959.204704
2052.836560 59956.025176
2053.550452 59953.540005
2054.291891 59951.722967
2055.020630 59950.618192
2055.764189 59950.217279
2056.503494 59950.530032
2057.236475 59951.564597
2057.984263 59953.362065
2058.749007 59955.922253
2059.507400 59959.193180
2060.253068 59963.243538
2061.022040 59968.017063
2061.763491 59973.453428
2062.509159 59979.679557
2063.265444 59986.594698
2064.002641 59994.224524
2064.754659 60002.662805
2065.506702 60011.840838
2066.258733 60021.683465
2067.000171 60032.196457
2067.743731 60043.548949
2068.500003 60055.866170
2069.271084 60068.881254
2070.021006 60082.158249
2070.739153 60096.367230
2071.510233 60111.743270
2072.272868 60127.565846
2073.014294 60143.627103
2073.732441 60160.370813
2074.471759 60178.511164
2075.247094 60197.576058
2076.001245 60216.789066
2076.729959 60236.349962
2077.456577 60257.092818
2078.219199 60279.048428
2078.979713 60301.469788
2079.723260 60324.336062
2080.464699 60348.583971
2081.248504 60374.000838
2082.015369 60399.954340
2082.784341 60426.905459
2083.563905 60454.752693
2084.339253 60482.511134
2085.072208 60510.828607
2085.836951 60540.369524
2086.595331 60570.153867
2087.334649 60600.106801
2088.065509 60630.454083
2088.789993 60658.638490
2089.389509 60687.449892
2090.113981 60719.944610
2090.853311 60753.280440
2091.584158 60787.527342
2092.331960 60822.327472
2093.056444 60857.742899
2093.799991 60894.279443
2094.541442 60931.754724
2095.293460 60968.684729
2095.986181 61006.269645
2096.736104 61046.166200
2097.490242 61085.926262
2098.208377 61126.116429
2098.951936 61167.776430
2099.697604 61209.976764
2100.434814 61252.588500
2101.169890 61294.769935
2101.868961 61336.033751
2102.551078 61378.451013
2103.267104 61422.419078
2103.978888 61466.181934
2104.667368 61509.028975
2105.330410 61552.346670
2106.014660 61597.368790
2106.711611 61644.031831
2107.412803 61692.228414
2108.090691 61743.930199
2108.800342 61798.249148
2109.461288 61854.691619
2110.141284 61914.668643
2110.810701 61973.942206
2111.410204 62034.810669
2112.052075 62099.898425
2112.681246 62166.340868
2113.295570 62236.166369
2113.935333 62306.051264
2114.505182 62373.943412
2115.068668 62444.934320
2115.651217 62515.560327
2116.174470 62586.599208
2116.729485 62660.224870
2117.261196 62653.992882
2117.907296 62577.922096
2118.464432 62511.883430
2119.076648 62448.938600
2119.722761 62405.698674
2120.036286 62360.050615
2120.970498 62308.319571
2121.707695 62275.722106
2122.457604 62255.011930
2123.173617 62246.076414
2123.915056 62248.459302
2124.671328 62259.486215
2125.423359 62273.339237
2126.152085 62287.393288
2126.887161 62302.056174
2127.641300 62317.299914
2128.397572 62332.920303
2129.151736 62348.963856
2129.912225 62365.337812
2130.662147 62382.163487
2131.428998 62399.561294
2132.195850 62416.996604
2132.933059 62434.864333
2133.704153 62453.648589
2134.485838 62472.721847
2135.248473 62491.894128
2136.006840 62511.394099
2136.765234 62531.472497
2137.538448 62552.165385
2138.313783 62573.253918
2139.086997 62594.439743
2139.841136 62616.412005
2140.641896 62638.338008
2141.366393 62660.288874
2142.141715 62683.111588
2142.900108 62706.131600
2143.662718 62729.499605
2144.418990 62753.351652
2145.187975 62777.721584
2145.952718 62802.307160
2146.711086 62827.136623
2147.467359 62852.095506
2148.210918 62877.792324
2148.988374 62904.120642
2149.746755 62930.133072
2150.483951 62956.710021
2151.252936 62977.372391
2151.642712 62991.345392
2152.028259 63012.334802
2152.795136 63040.561036
2153.561987 63069.255652
2154.333080 63098.096597
2155.087232 63127.120533
2155.847733 63156.480462
2156.599776 63186.515634
2157.375098 63216.930353
2158.127142 63247.260540
2158.879159 63278.533258
2159.658724 63310.984918
2160.448892 63343.571567
2161.215744 63375.974355
2161.978379 63408.626966
2162.738880 63441.663125
2163.501502 63475.317113
2164.272595 63508.597151
2165.001334 63541.490359
2165.738531 63574.882117
2166.473620 63609.712664
2167.257426 63645.060901
2167.998864 63679.800935
2168.740303 63715.664417
2169.513517 63752.462407
2170.278260 63789.290896
2171.036641 63825.929112
2171.778080 63862.996356
2172.538594 63900.698209
2173.290624 63938.456614
2174.038413 63976.043972
2174.769260 64011.035170
2175.402672 64047.351728
2176.171645 64087.311647
2176.932146 64127.209361
2177.684189 64166.234720
2178.398082 64205.222225
2179.135291 64244.899665
2179.861896 64283.940150
2180.563089 64323.087798
2181.281223 64363.277535
2182.007841 64403.510439
2182.715383 64443.966664
2183.437759 64484.879202
2184.149543 64526.072187
2184.869786 64568.283799
2185.604887 64610.654558
2186.318779 64652.495601
2187.024214 64694.798115
2187.742335 64738.135976
2188.471074 64781.817935
2189.189221 64824.613816
2189.877700 64867.415888
2190.585243 64911.919575
2191.252539 64960.761434
2191.896531 65016.824013
2192.532051 65080.518529
2193.161222 65148.073615
2193.726842 65216.959131
2194.262795 65289.750767
2194.794518 65367.087491
2195.313516 65444.290193
2195.775326 65519.591878
2196.213845 65599.366557
2196.677763 65680.734948
2197.090856 65764.560825
2197.537832 65859.286625
2198.022960 65965.979329
2198.561033 66082.321058
2199.132991 66199.435880
2199.681669 66317.955670
2200.270580 66441.173321
2200.867976 66559.191659
2201.410278 66559.566315
2201.967415 66460.283266
2202.431346 66371.104805
2202.948236 66274.924301
2203.568935 66175.882524
2204.223519 66099.729057
2204.632357 66024.879421
2205.407705 65939.765194
2206.138552 65870.851852
2206.850336 65814.266691
2207.583304 65769.066369
2208.326863 65736.729048
2209.049239 65716.706902
2209.752540 65704.170200
2210.517296 65694.156215
2211.248143 65684.957191
2211.993811 65676.434378
2212.722549 65668.609654
2213.463988 65661.351708
2214.213898 65654.816987
2214.944757 65648.996186
2215.686196 65643.761184
2216.442468 65639.188714
2217.192365 65635.367397
2217.925346 65632.234834
2218.673134 65629.753289
2219.420936 65627.970351
2220.156024 65626.869564
2220.908055 65626.448169
2221.674919 65626.726525
2222.420587 65627.698354
2223.168376 65629.356458
2223.914056 65631.659910
2224.640674 65634.650390
2225.390583 65638.395363
2226.148977 65642.916943
2226.922178 65648.039184
2227.650917 65653.785113
2228.402947 65660.348336
2229.163449 65667.634865
2229.919721 65675.522920
2230.661160 65683.899364
2231.383536 65692.930651
2232.122866 65702.822673
2232.874897 65713.409981
2233.616323 65724.706395
2234.370474 65736.614502
2235.103442 65749.100360
2235.844893 65762.490610
2236.603274 65776.503383
2237.338350 65791.039654
2238.079801 65806.085328
2238.800044 65821.917391
2239.552074 65838.625414
2240.291405 65855.819071
2241.026481 65873.631153
2241.761569 65891.805894
2242.473341 65911.035476
2243.238084 65931.443909
2243.987994 65952.017128
2244.714611 65973.083940
2245.451808 65995.130055
2246.199597 66018.151680
2246.955882 66041.900829
2247.705792 66066.104107
2248.447230 66090.887458
2249.190777 66116.573141
2249.944929 66143.136726
2250.699080 66170.047943
2251.434169 66198.013452
2252.207383 66227.363208
2252.978476 66257.195136
2253.738977 66287.322308
2254.488887 66318.113314
2255.247280 66340.391469
2255.562913 66367.060232
2256.501367 66403.143844
2257.234335 66435.832756
2257.980003 66469.531001
2258.727804 66503.716603
2259.465001 66537.927328
2260.185256 66570.736854
2260.837719 66604.627914
2261.577036 66641.535705
2262.326959 66679.339689
2263.074747 66718.001635
2263.831007 66757.300530
2264.576687 66796.897888
2265.318126 66837.295095
2266.068036 66876.061930
2266.726848 66913.915949
2267.421691 66954.944533
2268.171600 66996.715540
2268.870672 67036.261349
2269.523134 67076.836057
2270.237039 67119.318067
2270.933977 67161.567841
2271.620349 67204.079587
2272.306708 67246.497333
2272.971870 67290.374619
2273.685775 67336.824949
2274.412393 67384.119398
2275.132648 67431.045193
2275.812644 67480.033586
2276.520187 67533.170333
2277.223500 67587.946781
2277.886554 67644.126683
2278.545367 67704.210311
2279.225375 67764.064366
2279.816408 67824.243002
2280.443458 67889.816266
2281.087437 67958.330237
2281.716607 68027.278882
2282.318232 68097.306076
2282.919856 68165.538229
2283.451567 68232.510710
2283.996003 68303.748989
2284.561611 68376.548776
2285.097551 68447.999165
2285.612332 68525.402065
2286.203365 68615.011578
2286.855828 68710.623650
2287.491348 68810.382884
2288.169236 68913.172449
2288.836520 69016.836528
2289.529228 69117.464954
2290.160520 69130.019442
2290.643526 69059.330646
2291.164645 68987.685900
2291.751436 68915.998465
2292.391186 68858.401396
2292.840296 68803.492332
2293.600785 68744.631254
2294.350707 68698.611009
2295.087904 68664.989121
2295.808159 68642.803077
2296.555948 68631.991846
2297.333391 68633.249784
2298.064238 68643.668479
2298.807798 68657.427046
2299.553465 68671.520242
2300.294917 68686.052271
2301.055418 68700.920408
2301.801086 68715.960172
2302.548887 68731.426634
2303.307268 68747.302930
2304.065648 68763.344552
2304.811329 68779.569779
2305.559118 68796.350948
2306.328090 68813.237065
2307.058937 68830.303971
2307.817330 68848.059673
2308.582073 68866.119820
2309.340454 68884.383114
2310.096713 68903.028570
2310.861456 68922.138287
2311.630429 68941.884269
2312.420585 68961.808108
2313.178978 68981.548535
2313.931008 69001.933374
2314.714814 69023.231346
2315.511333 69044.179299
2316.246409 69065.150538
2317.021744 69086.928946
2317.792837 69108.931503
2318.561822 69130.656076
2319.292669 69152.779112
2320.067991 69175.639896
2320.828505 69198.523218
2321.584765 69221.677866
2322.343158 69245.134562
2323.099418 69268.995042
2323.864161 69293.022572
2324.611950 69313.086111
2325.114019 69325.464361
2325.376706 69341.392780
2326.088477 69365.833683
2326.859570 69391.375062
2327.620072 69416.685218
2328.359389 69442.186459
2329.113541 69468.497166
2329.882526 69495.260488
2330.645148 69522.107113
2331.401420 69549.258951
2332.164030 69576.907276
2332.930894 69604.863400
2333.693516 69633.049565
2334.456139 69661.782511
2335.231474 69690.582115
2335.981383 69719.448377
2336.744006 69748.655051
2337.496036 69778.958969
2338.298917 69809.402479
2339.042464 69839.449541
2339.809328 69870.136762
2340.569830 69900.698734
2341.315510 69931.431373
2342.069662 69962.326041
2342.808980 69992.713857
2343.524993 70024.737738
2344.327874 70057.321392
2345.056600 70086.832574
2345.702713 70117.209337
2346.458972 70150.111670
2347.208882 70183.361818
2347.967275 70217.005417
2348.721426 70251.239076
2349.492520 70285.195587
2350.221258 70319.798873
2351.007185 70354.988058
2351.748611 70389.401471
2352.487942 70423.454130
2353.201847 70458.092321
2353.953865 70493.566094
2354.691074 70528.361140
2355.402858 70562.920760
2356.118872 70597.435896
2356.817943 70632.061262
2357.527619 70667.052144
2358.230932 70702.413434
2358.944825 70738.144975
2359.652380 70772.523252
2360.302722 70806.556424
2360.986972 70842.680780
2361.709335 70879.058601
2362.393573 70915.815983
2363.120191 70953.779990
2363.840459 70991.457020
2364.545880 71029.688415
2365.276727 71068.015567
2365.975799 71107.021223
2366.721467 71145.945581
2367.407838 71184.976471
2368.147156 71225.499661
2368.878003 71264.770595
2369.562253 71304.433211
2370.297329 71344.591756
2370.990051 71383.518014
2371.672181 71422.877875
2372.371265 71461.568950
2373.021606 71498.626025
2373.642294 71535.364113
2374.205793 71575.211358
2374.779883 71620.692454
2375.349720 71669.781152
2375.885672 71721.296219
2376.402575 71776.422036
2376.919465 71830.528937
2377.347379 71884.703445
2377.802839 71943.488629
2378.251936 72006.175292
2378.713759 72077.473775
2379.230649 72153.057978
2379.698809 72168.007293
2379.976330 72115.286264
2380.385168 72047.931794
2380.910542 71974.250033
2381.497332 71899.949382
2382.164629 71830.055795
2382.846758 71782.865181
2383.194179 71738.077773
2384.066962 71689.460179
2384.793567 71658.777437
2385.532897 71639.371282
2386.274323 71627.303126
2387.030595 71617.714797
2387.776276 71608.970509
2388.492302 71600.908779
2389.221028 71593.229067
2389.975179 71586.000111
2390.735693 71579.453038
2391.475011 71573.588445
2392.218571 71568.228951
2392.987543 71563.483063
2393.731115 71559.401149
2394.487375 71555.935827
2395.226706 71553.125841
2395.957552 71550.862531
2396.739237 71549.200920
2397.472205 71548.193768
2398.222128 71547.781861
2398.972024 71547.977917
2399.711355 71548.793384
2400.471856 71550.205262
2401.204824 71552.218160
2401.954734 71554.883859
2402.715248 71558.112917
2403.443974 71561.985250
2404.212946 71566.489084
2404.952277 71571.650056
2405.727612 71577.493626
2406.483871 71583.866975
2407.233794 71590.894001
2407.996416 71598.609409
2408.759038 71606.772577
2409.489885 71615.530514
2410.248266 71625.009944
2410.998188 71635.203930
2411.769281 71645.908700
2412.504370 71657.146283
2413.262750 71669.000546
2413.999960 71681.381046
2414.747749 71694.669148
2415.518854 71708.516214
2416.260293 71722.640268
2416.995382 71737.229822
2417.724108 71752.520426
2418.469776 71768.776223
2419.232398 71785.572199
2419.971728 71802.560833
2420.698321 71820.088412
2421.433422 71838.765027
2422.204515 71858.213428
2422.952304 71878.127514
2423.710685 71898.269756
2424.430940 71919.360679
2425.212637 71941.545360
2425.966789 71963.866751
2426.714565 71986.972504
2427.479321 72010.388833
2428.208047 72034.567959
2428.981261 72060.168747
2429.758717 72086.129583
2430.514976 72112.590518
2431.283961 72139.757701
2432.044450 72167.409084
2432.804964 72195.570896
2433.559103 72223.456617
2434.273008 72251.317552
2434.995384 72280.550540
2435.749535 72307.882543
2436.351160 72335.728013
2437.103190 72367.313435
2437.859463 72399.102718
2438.592418 72431.647278
2439.355040 72464.646936
2440.081658 72498.363470
2440.848509 72532.523359
2441.568764 72567.507360
2442.344099 72603.232745
2443.070704 72639.541301
2443.843918 72677.027879
2444.593841 72714.941167
2445.358571 72753.035634
2446.091526 72789.698879
2446.777898 72826.817172
2447.506624 72865.837943
2448.243821 72906.022476
2448.993730 72946.157113
2449.707635 72985.336822
2450.402465 73025.428715
2451.129083 73066.673354
2451.845096 73108.489568
2452.571701 73151.815624
2453.319490 73196.174397
2454.060941 73239.974539
2454.770605 73283.573734
2455.486618 73327.924098
2456.202631 73373.304971
2456.933478 73419.182909
2457.647371 73465.934248
2458.380338 73514.481977
2459.098473 73565.033625
2459.810257 73618.044383
2460.511437 73673.591111
2461.210508 73731.109921
2461.888396 73792.442364
2462.606530 73856.151128
2463.273814 73922.043684
2463.975019 73985.532063
2464.542734 74048.072674
2465.176134 74113.755664
2465.762937 74179.601421
2466.358212 74243.424053
2466.875089 74305.144572
2467.402571 74370.095789
2467.944874 74436.768211
2468.472355 74506.323004
2469.031613 74577.910798
2469.563323 74578.603524
2470.101384 74511.224687
2470.660642 74446.823383
2471.266508 74385.707231
2471.912608 74342.038290
2472.266379 74297.961120
2473.156115 74249.582287
2473.903904 74218.437748
2474.658055 74199.471693
2475.376190 74192.371405
2476.119749 74196.134868
2476.865417 74207.651393
2477.623798 74221.603388
2478.361007 74235.705937
2479.104554 74250.301943
2479.862935 74265.166812
2480.604373 74280.109159
2481.341583 74295.625431
2482.110568 74311.429946
2482.847752 74327.558500
2483.618858 74344.093480
2484.366647 74360.717444
2485.118664 74377.876214
2485.887662 74395.356950
2486.641801 74413.041145
2487.402302 74430.996693
2488.154333 74449.459112
2488.931789 74468.458063
2489.702882 74487.635467
2490.469733 74507.148303
2491.242947 74527.106613
2492.020403 74547.320163
2492.789376 74567.446653
2493.537177 74587.905187
2494.308270 74609.187317
2495.094184 74630.483558
2495.844107 74651.458842
2496.585533 74673.367976
2497.379943 74695.821533
2498.138323 74717.934214
2498.888233 74740.663059
2499.667797 74763.819343
2500.426190 74787.025287
2501.188813 74810.530956
2501.947206 74834.270591
2502.705574 74858.037307
2503.447025 74879.557303
2504.048637 74905.232124
2505.027350 74933.619793
2505.777259 74958.694014
2506.533531 74984.422485
2507.304612 75010.414525
2508.058763 75036.564648
2508.821386 75063.161370
2509.584008 75090.098151
2510.348751 75117.337587
2511.111373 75144.610341
2511.861296 75172.455928
2512.638739 75200.835679
2513.401361 75229.287417
2514.166104 75258.162861
2514.935089 75287.220505
2515.693457 75316.254301
2516.445500 75345.586221
2517.203894 75372.906358
2517.839402 75399.950953
2518.570249 75429.270107
2519.307445 75459.385588
2520.063718 75490.266126
2520.824219 75521.268930
2521.572021 75551.948683
2522.302867 75582.065083
2523.010410 75612.680402
2523.751849 75644.701140
2524.512350 75677.103308
2525.258030 75709.756642
2526.016411 75743.731700
2526.808700 75778.532278
2527.590385 75812.941131
2528.350887 75847.086044
2529.107159 75881.385227
2529.861311 75917.106943
2530.666300 75953.529123
2531.437393 75989.434188
2532.206378 76024.693918
2532.937238 76060.607325
2533.721031 76097.522770
2534.481532 76133.002949
2535.193317 76168.411157
2535.938997 76204.925242
2536.684678 76241.359380
2537.415525 76277.336221
2538.131538 76312.732632
2538.828501 76348.015191
2539.529694 76383.659207
2540.230886 76419.940855
2540.946899 76456.865594
2541.662913 76494.334149
2542.389530 76532.685144
2543.128848 76571.537740
2543.863937 76610.333716
2544.590542 76649.636944
2545.334102 76688.242032
2546.024715 76727.008416
2546.764033 76766.438290
2547.469454 76805.149555
2548.172767 76845.122125
2548.914206 76885.952716
2549.638703 76926.467638
2550.358958 76966.170883
2551.045317 77005.350119
2551.738038 77045.933281
2552.464644 77086.649081
2553.153123 77127.466060
2553.818311 77172.711046
2554.479245 77223.536275
2555.108415 77278.934530
2555.718523 77335.854391
2556.256584 77391.875543
2556.752303 77450.011886
2557.250118 77509.013970
2557.697094 77567.180032
2558.127129 77627.528144
2558.559297 77689.991254
2558.976619 77751.426290
2559.357924 77815.467299
2559.773138 77824.348431
2560.080300 77766.453590
2560.501864 77695.414342
2561.033588 77616.458381
2561.656408 77536.292196
2562.342767 77462.404145
2563.037597 77414.559102
2563.346880 77389.623542
2563.632871 77356.859027
2564.245087 77315.505657
2564.992876 77282.443439
2565.706781 77261.744451
2566.441870 77249.013390
2567.198142 77239.286459
2567.945944 77230.419046
2568.659836 77222.180626
2569.401287 77214.271377
2570.163910 77207.035817
2570.890515 77200.478974
2571.638316 77194.374767
2572.400938 77188.933850
2573.133906 77184.126343
2573.892287 77179.893979
2574.633725 77176.311072
2575.377285 77173.334878
2576.114495 77170.948452
2576.866525 77169.151841
2577.614327 77167.975490
2578.351523 77167.404031
2579.088733 77167.434645
2579.849234 77168.072148
2580.592794 77169.290925
2581.319412 77171.084598
2582.050259 77173.515526
2582.806518 77176.528340
2583.533136 77180.104026
2584.272454 77184.308094
2585.013893 77189.070079
2585.742619 77194.520376
2586.507362 77200.563673
2587.236088 77207.136542
2587.981768 77214.484528
2588.746512 77222.458252
2589.494313 77230.855763
2590.225160 77239.869440
2590.975069 77249.487392
2591.708037 77259.757704
2592.464310 77270.655354
2593.201506 77282.134000
2593.953537 77294.246959
2594.694976 77306.915205
2595.440656 77320.342338
2596.199037 77334.153656
2596.921413 77348.319246
2597.654380 77363.191490
2598.389469 77378.951182
2599.149971 77395.405883
2599.893517 77412.035698
2600.615893 77429.336878
2601.365816 77447.350471
2602.098784 77466.052134
2602.855043 77485.688491
2603.613436 77505.627961
2604.346404 77526.003178
2605.092072 77547.246994
2605.844102 77569.385517
2606.608846 77592.537759
2607.386302 77616.030382
2608.131969 77639.961524
2608.896713 77664.647708
2609.650864 77689.966796
2610.415607 77716.132241
2611.182459 77742.556441
2611.926018 77769.379073
2612.680170 77796.689381
2613.417366 77824.450482
2614.163047 77853.014075
2614.910836 77882.015332
2615.648033 77911.277356
2616.378892 77941.085092
2617.113968 77971.521149
2617.846936 78002.955764
2618.601075 78035.309837
2619.348876 78067.712978
2620.077602 78101.007063
2620.838116 78135.628342
2621.598605 78171.229597
2622.373940 78207.366003
2623.130212 78242.855930
2623.852575 78278.376967
2624.585543 78315.325554
2625.341816 78344.002434
2625.727362 78360.950341
2626.009112 78386.370536
2626.716641 78424.286322
2627.468685 78463.785782
2628.214352 78501.768932
2628.887998 78539.745506
2629.612495 78579.004296
2630.313688 78619.245315
2631.052993 78661.071097
2631.790202 78702.319995
2632.489274 78743.895475
2633.218000 78786.711114
2633.940363 78830.102925
2634.669089 78874.261563
2635.397828 78918.340377
2636.105370 78962.055873
2636.804442 79006.920840
2637.531047 79052.601963
2638.238589 79097.571533
2638.916477 79144.122652
2639.617657 79194.781321
2640.335804 79250.257899
2641.081472 79308.312973
2641.784772 79367.591048
2642.483844 79431.062142
2643.212570 79499.129389
2643.943429 79566.984881
2644.604363 79633.117247
2645.244113 79703.500177
2645.934713 79772.989652
2646.513020 79839.064699
2647.099824 79904.390728
2647.631535 79967.006912
2648.142075 80028.100687
2648.622960 80091.148391
2649.139838 80158.184875
2649.658848 80224.412856
2650.139721 80217.946552
2650.739237 80144.985135
2651.328149 80077.915490
2651.963670 80016.544448
2652.601286 79977.152038
2652.872444 79956.059314
2653.149951 79923.001206
2653.870219 79882.176147
2654.630708 79852.455667
2655.378509 79835.150318
2656.105114 79829.633297
2656.846553 79834.851820
2657.617646 79846.779995
2658.352735 79860.681052
2659.102632 79874.947879
2659.846192 79889.568663
2660.602464 79904.307111
2661.329082 79919.401982
2662.091691 79935.245645
2662.862784 79951.120246
2663.599981 79967.343064
2664.375329 79983.996339
2665.125226 80000.716611
2665.879377 80018.119840
2666.663183 80035.948051
2667.427926 80053.712637
2668.179957 80071.803698
2668.946808 80090.608291
2669.732735 80109.668922
2670.495357 80128.829966
2671.264342 80148.348649
2672.031194 80168.590217
2672.831942 80189.031069
2673.590335 80208.908497
2674.325411 80229.486174
2675.113458 80251.002414
2675.895143 80272.420964
2676.653524 80293.788462
2677.409809 80315.822567
2678.193602 80338.719620
2678.988013 80361.179626
2679.720968 80383.634237
2680.494182 80406.666864
2681.246200 80429.940123
2682.015197 80453.676389
2682.777807 80477.515980
2683.534079 80501.656303
2684.296701 80526.232631
2685.061445 80543.074379
2685.334711 80556.934940
2685.906680 80578.999324
2686.669290 80604.587358
2687.438275 80630.587481
2688.207260 80656.637574
2688.961399 80682.880210
2689.724021 80709.607274
2690.488764 80736.560873
2691.247157 80764.161617
2692.030963 80791.794248
2692.774510 80819.541854
2693.547737 80848.334460
2694.331543 80877.158945
2695.089923 80905.852143
2695.850425 80934.681097
2696.600347 80963.643076
2697.352378 80993.605748
2698.138304 81023.783938
2698.886080 81053.042127
2699.610590 81082.071497
2700.332966 81109.208923
2700.951532 81137.644958
2701.724734 81169.343874
2702.489490 81200.016832
2703.199153 81229.994565
2703.917287 81261.593486
2704.690501 81294.658631
2705.463715 81327.065189
2706.192441 81359.214774
2706.940243 81392.206612
2707.694381 81426.295189
2708.478200 81461.449825
2709.266248 81496.972131
2710.052174 81532.378002
2710.821147 81568.100934
2711.607074 81604.282825
2712.382409 81640.183596
2713.142910 81676.342896
2713.916124 81713.262152
2714.695701 81750.441640
2715.466794 81787.263296
2716.218825 81823.661093
2716.960263 81859.826155
2717.691123 81896.062808
2718.424078 81933.055895
2719.173988 81970.438741
2719.911197 82007.624397
2720.642044 82044.654960
2721.362299 82081.412154
2722.071962 82118.050086
2722.777397 82155.949874
2723.525185 82194.844377
2724.258166 82233.856934
2724.999605 82272.864926
2725.721968 82311.467668
2726.437994 82351.320243
2727.196374 82391.620763
2727.918750 82431.335963
2728.645368 82471.087389
2729.359273 82510.458264
2730.062574 82550.926520
2730.806133 82591.659149
2731.509447 82631.220689
2732.202168 82671.644680
2732.926652 82713.057939
2733.644799 82754.981113
2734.339642 82799.434740
2735.002696 82848.982455
2735.653038 82904.667636
2736.292800 82965.988436
2736.917729 83029.208903
2737.474865 83089.649505
2737.957872 83148.990835
2738.426032 83210.231892
2738.881492 83272.733584
2739.317877 83336.492900
2739.745803 83397.927744
2740.114395 83460.608003
2740.523259 83534.565210
2740.993540 83624.355899
2741.542205 83729.218825
2742.126888 83843.125659
2742.728512 83961.215056
2743.349200 84082.278679
2744.003783 84197.172296
2744.586357 84198.504927
2745.183753 84109.636183
2745.637092 84030.718757
2746.198470 83944.741267
2746.842462 83857.226986
2747.571188 83795.213218
2747.912259 83736.616919
2748.776557 83669.813992
2749.486233 83621.650050
2750.238276 83585.299773
2750.971232 83562.307711
2751.689366 83548.980660
2752.413863 83539.185877
2753.157422 83529.876489
2753.915815 83521.170626
2754.655133 83513.236676
2755.377509 83505.834805
2756.123190 83498.803119
2756.887933 83492.430866
2757.614551 83486.740309
2758.353869 83481.465017
2759.124974 83476.816313
2759.847338 83472.830417
2760.590910 83469.324626
2761.349291 83466.432515
2762.071654 83464.202334
2762.764388 83462.503516
2763.486751 83461.303398
2764.202777 83460.648859
2764.870073 83460.516506
2765.613620 83460.925112
2766.361422 83461.912372
2767.107102 83463.471037
2767.848541 83465.629341
2768.606934 83468.328259
2769.331431 83471.628253
2770.096162 83475.508066
2770.827021 83479.946629
2771.581160 83484.981186
2772.320490 83490.522163
2773.055566 83496.629776
2773.794897 83503.290421
2774.527865 83510.696468
2775.301079 83518.664244
2776.031913 83527.043354
2776.773364 83536.200925
2777.538108 83546.084204
2778.300717 83556.436242
2779.046398 83567.240517
2779.789957 83578.673145
2780.542000 83590.862315
2781.306744 83603.588203
2782.052411 83616.758464
2782.800213 83630.507730
2783.545893 83644.837287
2784.293669 83660.053498
2785.069004 83675.519912
2785.785030 83691.044119
2786.511635 83707.519958
2787.263666 83724.958099
2788.024167 83742.805080
2788.761377 83760.975206
2789.500695 83780.126650
2790.269667 83800.343540
2791.045015 83821.118808
2791.809745 83842.242234
2792.566018 83863.845947
2793.322277 83886.076231
2794.080670 83909.033155
2794.845414 83932.456187
2795.595336 83956.240063
2796.345233 83980.326805
2797.078213 84004.847442
2797.819639 84030.445699
2798.582262 84056.774615
2799.332171 84083.857526
2800.103277 84111.178816
2800.834111 84138.579449
2801.577671 84166.827498
2802.323351 84195.902171
2803.079624 84224.961878
2803.795637 84254.339371
2804.539184 84285.278162
2805.303927 84316.845346
2806.049608 84347.039254
2806.723254 84377.596442
2807.460451 84410.070993
2808.197660 84442.869168
2808.924265 84476.571747
2809.676296 84511.132597
2810.415626 84546.276445
2811.167657 84582.921368
2811.945100 84619.902096
2812.686539 84654.995462
2813.364414 84690.743932
2814.110094 84728.856339
2814.860004 84767.381391
2815.599322 84806.374280
2816.345002 84846.510537
2817.105504 84885.895077
2817.802467 84925.207780
2818.539651 84965.695798
2819.259906 85006.924285
2820.003466 85049.865533
2820.763980 85092.953153
2821.492706 85136.188409
2822.238374 85179.918743
2822.964992 85223.638953
2823.691597 85267.973075
2824.420323 85312.856876
2825.146928 85357.488737
2825.850228 85403.135256
2826.591680 85449.584300
2827.303464 85495.700067
2828.002523 85544.445304
2828.727020 85597.406958
2829.459987 85652.898599
2830.167530 85710.973406
2830.885651 85771.266450
2831.574131 85835.141240
2832.302857 85902.306116
2832.997699 85969.145887
2833.658633 86038.292071
2834.342871 86108.154876
2834.967800 86177.590394
2835.596958 86245.910746
2836.162565 86310.730103
2836.696397 86374.807794
2837.219649 86438.039160
2837.713235 86497.504953
2838.153849 86558.660528
2838.651689 86626.989935
2839.179158 86699.092479
2839.708760 86777.897160
2840.306143 86866.298965
2840.941664 86961.147906
2841.598355 87060.596350
2842.278364 87161.460886
2842.952023 87255.735713
2843.547285 87265.507868
2844.028157 87195.984797
2844.559881 87125.101215
2845.155143 87055.380783
2845.790663 87003.877331
2846.155026 86949.831692
2847.036279 86890.323246
2847.733230 86849.037457
2848.453472 86817.597140
2849.203395 86797.281700
2849.961775 86789.056132
2850.703214 86791.418523
2851.448894 86799.915647
2852.207275 86810.391925
2852.995310 86820.694591
2853.696502 86830.953117
2854.446425 86841.785646
2855.198442 86853.014681
2855.971657 86864.404487
2856.715203 86875.975423
2857.482068 86887.935976
2858.246811 86899.990114
2858.996720 86912.184676
2859.750872 86924.601135
2860.500781 86937.385652
2861.271875 86950.523565
2862.036605 86963.819441
2862.799227 86977.173690
2863.544921 86990.928620
2864.326593 87005.242561
2865.108278 87019.636856
2865.873034 87033.963459
2866.622931 87048.621186
2867.398266 87063.797951
2868.177830 87079.062722
2868.938344 87094.477022
2869.709424 87110.318087
2870.489001 87126.283100
2871.249503 87142.213054
2872.003654 87158.415504
2872.768397 87175.122161
2873.547974 87191.966824
2874.304234 87208.855807
2875.066843 87225.898414
2875.816765 87243.830024
2876.636589 87261.645307
2877.356831 87279.080070
2878.123695 87297.260283
2878.888438 87315.671410
2879.655290 87334.208594
2880.411562 87352.896374
2881.172063 87371.916724
2881.936807 87391.057106
2882.688837 87410.398288
2883.451459 87430.739023
2884.262812 87451.343793
2885.027542 87471.378080
2885.777464 87491.325068
2886.518890 87511.578886
2887.275163 87532.636879
2888.058969 87553.983107
2888.819470 87575.118803
2889.571513 87596.662068
2890.344715 87618.369819
2891.092516 87640.309121
2891.865730 87662.659160
2892.626231 87684.958971
2893.380383 87707.008188
2894.109109 87727.287491
2894.731917 87747.987056
2895.475464 87771.402470
2896.263511 87794.844207
2896.994371 87817.821281
2897.737918 87841.212151
2898.481490 87865.024249
2899.237750 87889.260923
2899.994009 87913.446349
2900.733340 87937.331350
2901.457837 87961.042108
2902.173850 87986.235514
2902.974598 88011.893287
2903.705445 88036.744897
2904.444775 88062.609199
2905.222218 88089.429228
2906.003916 88116.858654
2906.802543 88144.231619
2907.567286 88171.397427
2908.340500 88198.642445
2909.096773 88226.503924
2909.891170 88254.789625
2910.658034 88282.694829
2911.418536 88310.948393
2912.191750 88339.273077
2912.943793 88366.351064
2913.638623 88393.200026
2914.367349 88421.379179
2915.121500 88449.689092
2915.845984 88477.230356
2916.549298 88505.224204
2917.286507 88533.500740
2917.994050 88561.271673
2918.695242 88589.620072
2919.421860 88618.719837
2920.150586 88647.512048
2920.851778 88676.379338
2921.574142 88705.704345
2922.288047 88734.576309
2922.978660 88763.909892
2923.705252 88794.146793
2924.429749 88824.994354
2925.175430 88855.826193
2925.889335 88887.234971
2926.651957 88919.855849
2927.412459 88951.325789
2928.111543 88983.014105
2928.872044 89015.601772
2929.602891 89047.568330
2930.325267 89080.168658
2931.075177 89112.598249
2931.780611 89144.525357
2932.498745 89177.179243
2933.227484 89209.747337
2933.932918 89241.984962
2934.638339 89273.879472
2935.320469 89305.178181
2935.991994 89336.815817
2936.665640 89370.716546
2937.339299 89407.406509
2937.959986 89446.148038
2938.544669 89486.074661
2939.080622 89526.281795
2939.578462 89567.823639
2940.069926 89612.944960
2940.580454 89659.742259
2941.046518 89705.110593
2941.474432 89752.156469
2941.925638 89804.966631
2942.412873 89863.614690
2942.917063 89925.727540
2943.412769 89937.299384
2943.728415 89890.563878
2944.183863 89834.797447
2944.732541 89776.432769
2945.372303 89720.413868
2946.073483 89674.240066
2946.721729 89647.977857
2946.994995 89634.731555
2947.300049 89617.178082
2948.024546 89599.590160
2948.759622 89588.156986
2949.503181 89578.615455
2950.246741 89569.654280
2950.979709 89561.197785
2951.725389 89553.282675
2952.452007 89545.844065
2953.206146 89538.856102
2953.945489 89532.473396
2954.680565 89526.541682
2955.436825 89521.035018
2956.199460 89516.130115
2956.934536 89511.838374
2957.667516 89508.006697
2958.423776 89504.648471
2959.177927 89501.814361
2959.942670 89499.558080
2960.662938 89497.849442
2961.410727 89496.615009
2962.179699 89495.913504
2962.929621 89495.754137
2963.671060 89496.111691
2964.406136 89497.009862
2965.175134 89498.438751
2965.918693 89500.361768
2966.655878 89502.798126
2967.397329 89505.771752
2968.145130 89509.224461
2968.871736 89513.266411
2969.642841 89517.841497
2970.375809 89522.818741
2971.108764 89528.370369
2971.858687 89534.498766
2972.606475 89541.175408
2973.360627 89548.401841
2974.112657 89556.267334
2974.885884 89564.684379
2975.640023 89573.498156
2976.387811 89582.928072
2977.154676 89592.890486
2977.902477 89603.151935
2978.635445 89614.111721
2979.406538 89625.792785
2980.164918 89638.099157
2980.944495 89650.640143
2981.666871 89663.616263
2982.433735 89677.376993
2983.185753 89691.664505
2983.950496 89706.703001
2984.723710 89721.827867
2985.443978 89737.174114
2986.187525 89753.513058
2986.952268 89770.746138
2987.727603 89788.406705
2988.481755 89806.390874
2989.238027 89824.749977
2989.979453 89843.943790
2990.759030 89864.091516
2991.532244 89884.402007
2992.282166 89905.117240
2993.044789 89926.426396
2993.798927 89948.373227
2994.567912 89970.924141
2995.326293 89993.764678
2996.078323 90017.009547
2996.828233 90040.785352
2997.580263 90065.195817
2998.336536 90090.282791
2999.097050 90115.798997
2999.846947 90141.594049
3000.592627 90168.220716
3001.359479 90195.455220
3002.109401 90222.959543
3002.861419 90250.711502
3003.596520 90278.825130
3004.340067 90308.201090
3005.113281 90337.087538
3005.806003 90365.771873
3006.543199 90396.107630
3007.293109 90427.584755
3008.059973 90457.734260
3008.723027 90487.891738
3009.466587 90520.266587
3010.210134 90553.875420
3010.985469 90588.789664
3011.762925 90623.335924
3012.498014 90657.836057
3013.250044 90693.406410
3014.008412 90729.459549
3014.758334 90765.789992
3015.506123 90802.648391
3016.256045 90840.677000
3017.029259 90877.937400
3017.728331 90914.906110
3018.469757 90953.575950
3019.215437 90992.368381
3019.942042 91031.333095
3020.675010 91071.608489
3021.431270 91112.749304
3022.176938 91154.603199
3022.939573 91196.383115
3023.664057 91238.024676
3024.403375 91280.658725
3025.144813 91324.057177
3025.892602 91367.469180
3026.617099 91410.823404
3027.345825 91455.318676
3028.091493 91500.188456
3028.815990 91545.375330
3029.555307 91590.726131
3030.269200 91636.727076
3031.010651 91685.590374
3031.773261 91736.305241
3032.497758 91788.937030
3033.230713 91844.066985
3033.946739 91902.673191
3034.694527 91965.305999
3035.438087 92028.405012
3036.130796 92091.135027
3036.806563 92155.258890
3037.475980 92221.065242
3038.136926 92288.028110
3038.783026 92355.109508
3039.403713 92418.432862
3039.943907 92481.369129
3040.524348 92549.442843
3041.123852 92614.981331
3041.632258 92678.090972
3042.163982 92743.697366
3042.689343 92809.576211
3043.201991 92806.256943
3043.788794 92737.621524
3044.373464 92674.020588
3045.011106 92616.091601
3045.646614 92571.555661
3046.140199 92532.924918
3046.843500 92496.345178
3047.557405 92469.973174
3048.305194 92454.708267
3049.046632 92451.272468
3049.777479 92456.934507
3050.508326 92466.503578
3051.264586 92476.820538
3052.020858 92487.224873
3052.758055 92497.618811
3053.482552 92508.222810
3054.219749 92519.384718
3054.990842 92530.926352
3055.749222 92542.448696
3056.488540 92554.311060
3057.261767 92566.477482
3058.011664 92578.785726
3058.774299 92591.225898
3059.513617 92604.016406
3060.291060 92616.988618
3061.026149 92630.077248
3061.790879 92643.762971
3062.568335 92657.503877
3063.314016 92671.238687
3064.066046 92685.371495
3064.830777 92699.991516
3065.610353 92714.779745
3066.368734 92729.486544
3067.116523 92744.480020
3067.881266 92759.866922
3068.645996 92775.569722
3069.419223 92791.435067
3070.177604 92807.643912
3070.961397 92824.080888
3071.719790 92840.219864
3072.454879 92856.603042
3073.215380 92873.676919
3073.992823 92890.858211
3074.742746 92908.148666
3075.509597 92925.586461
3076.253157 92943.224934
3077.017887 92960.955088
3077.750855 92978.985874
3078.521961 92997.439601
3079.271870 93016.095445
3080.040843 93035.053358
3080.797115 93054.159093
3081.559737 93073.352243
3082.305405 93092.742011
3083.065906 93112.490511
3083.822191 93132.435468
3084.580559 93152.689227
3085.343194 93173.341083
3086.114287 93194.075014
3086.866318 93214.743245
3087.616228 93235.572051
3088.364016 93256.981070
3089.139364 93278.946418
3089.910444 93299.671432
3090.584103 93322.475671
3091.482298 93346.928733
3092.253404 93369.390504
3092.999072 93391.280304
3093.717206 93413.802822
3094.490420 93437.610387
3095.278468 93461.027341
3096.011423 93483.647686
3096.733812 93506.308343
3097.456175 93529.781323
3098.216689 93553.975269
3098.970828 93577.738949
3099.691083 93601.441634
3100.428292 93625.979900
3101.186673 93650.662491
3101.919653 93675.030237
3102.646246 93699.822204
3103.391926 93725.185943
3104.139728 93751.205820
3104.910821 93777.926953
3105.686156 93804.582728
3106.440307 93831.544652
3107.219871 93858.959324
3107.986735 93885.959955
3108.730295 93912.955373
3109.484446 93940.866307
3110.266131 93969.237616
3111.032983 93996.819817
3111.759613 94024.506136
3112.520115 94052.843225
3113.270024 94081.202404
3114.019934 94106.895374
3114.619450 94132.499330
3115.354539 94161.266159
3116.108678 94190.287974
3116.845887 94218.357878
3117.540717 94246.170236
3118.254622 94274.767299
3118.979119 94303.436016
3119.686649 94332.350041
3120.413266 94361.721980
3121.133521 94391.342260
3121.862247 94421.605298
3122.603699 94451.237406
3123.292179 94480.942541
3124.027267 94511.465708
3124.745401 94542.061671
3125.474127 94572.951079
3126.196503 94603.726957
3126.910409 94635.257099
3127.658210 94666.990388
3128.372102 94698.004932
3129.077537 94729.592215
3129.808383 94761.423963
3130.515926 94793.508177
3131.248894 94826.555592
3131.990332 94858.948349
3132.685175 94891.016532
3133.403309 94923.519399
3134.108743 94955.585015
3134.799331 94987.645729
3135.496294 95020.197676
3136.189016 95054.867741
3136.885966 95093.031844
3137.542683 95135.652701
3138.205738 95183.584940
3138.864550 95234.375707
3139.472537 95287.370224
3140.072041 95341.443120
3140.614356 95392.890522
3141.088879 95443.459099
3141.557052 95495.845805
3142.016741 95551.904951
3142.501856 95610.171058
3142.955195 95665.456648
3143.355588 95725.602968
3143.844931 95730.549026
3144.268616 95673.422796
3144.721955 95611.614990
3145.312988 95545.898923
3145.969705 95484.051100
3146.687839 95437.919119
3147.175075 95413.356109
3147.444111 95393.402554
3147.918634 95367.895170
3148.666423 95346.662578
3149.416345 95334.100565
3150.140829 95324.536972
3150.882281 95315.321720
3151.632190 95306.565663
3152.384221 95298.390670
3153.123551 95290.851785
3153.852277 95283.867661
3154.581016 95277.302021
3155.328805 95271.168083
3156.076594 95265.593193
3156.813816 95260.479491
3157.580667 95255.901648
3158.311514 95251.945805
3159.042361 95248.434065
3159.800754 95245.368130
3160.569727 95242.879809
3161.300586 95240.965371
3162.033554 95239.526600
3162.804647 95238.600152
3163.550328 95238.220070
3164.315071 95238.366761
3165.060739 95239.055408
3165.827603 95240.283863
3166.583875 95242.007321
3167.316843 95244.222165
3168.054040 95246.992272
3168.810325 95250.282729
3169.549643 95254.126752
3170.314373 95258.380890
3171.019807 95263.054504
3171.754896 95268.411141
3172.513276 95274.299403
3173.252607 95280.679647
3174.002517 95287.669845
3174.760910 95295.279565
3175.527761 95303.418213
3176.284033 95312.051849
3177.042414 95321.275540
3177.807157 95330.996612
3178.559200 95341.094283
3179.300626 95351.780491
3180.061140 95363.004103
3180.804687 95374.849266
3181.575793 95387.148996
3182.310869 95399.897917
3183.071383 95413.375971
3183.829764 95427.373969
3184.588157 95441.678618
3185.323246 95456.055922
3186.037138 95471.381122
3186.814594 95487.413402
3187.547562 95503.874916
3188.314426 95521.023447
3189.062202 95538.689863
3189.826958 95557.095298
3190.591688 95575.750660
3191.333127 95594.529012
3192.066095 95614.473375
3192.856251 95635.320024
3193.616765 95656.529697
3194.392100 95678.685579
3195.180135 95701.093045
3195.934299 95723.681113
3196.696909 95746.969248
3197.461652 95770.802361
3198.224274 95795.389068
3199.001717 95820.348645
3199.753760 95845.539623
3200.512141 95871.335394
3201.268413 95897.518159
3202.018323 95924.080239
3202.766112 95951.011466
3203.507550 95978.463548
3204.255339 96006.715863
3205.011611 96035.370496
3205.753050 96064.008907
3206.481789 96093.370553
3207.233806 96123.671603
3207.983729 96154.545204
3208.737867 96186.036135
3209.492019 96217.830753
3210.235578 96250.525281
3211.006672 96284.171504
3211.769294 96318.131194
3212.529808 96353.170208
3213.315722 96389.006603
3214.086815 96424.711597
3214.843088 96460.406045
3215.590876 96496.684023
3216.349257 96534.066586
3217.120350 96571.618905
3217.863910 96606.156055
3218.495201 96642.701406
3219.298057 96682.383172
3220.033146 96721.238062
3220.783055 96761.001589
3221.532965 96801.637505
3222.295600 96842.219997
3223.024326 96882.033407
3223.740339 96922.997388
3224.492370 96964.695493
3225.216867 97006.728827
3225.962535 97049.322420
3226.689152 97092.742896
3227.445399 97136.858005
3228.178380 97180.857963
3228.913456 97225.620528
3229.654894 97270.890722
3230.389970 97316.340889
3231.120817 97361.959405
3231.845302 97408.449126
3232.578282 97457.947860
3233.340892 97510.100322
3234.073847 97563.753560
3234.796235 97620.272817
3235.529191 97680.431301
3236.270629 97744.347472
3237.022660 97809.357612
3237.723852 97873.699508
3238.401727 97940.853299
3239.107162 98010.527200
3239.785049 98078.474693
3240.409978 98144.670094
3241.013711 98208.090126
3241.553893 98272.373309
3242.140684 98340.329186
3242.714787 98408.286817
3243.271911 98475.983739
3243.814226 98543.823682
3244.348058 98609.464109
3244.833172 98598.801851
3245.513181 98524.052630
3246.099972 98459.769086
3246.752447 98402.942656
3247.347709 98356.606159
3247.945092 98314.484247
3248.673830 98278.789850
3249.387710 98254.217211
3250.131270 98240.722190
3250.902363 98239.044513
3251.639572 98246.041293
3252.374648 98256.068509
3253.135162 98266.383473
3253.880830 98276.799907
3254.624377 98287.385917
3255.363695 98298.217823
3256.111496 98309.488048
3256.880469 98321.044151
3257.636741 98332.561415
3258.371817 98344.314785
3259.130197 98356.471795
3259.888591 98368.887623
3260.651213 98381.491773
3261.405364 98394.302382
3262.165853 98407.223869
3262.907304 98420.423967
3263.674156 98433.937091
3264.426186 98447.559855
3265.180338 98461.521364
3265.945068 98475.906497
3266.720403 98490.377697
3267.470313 98505.120255
3268.249890 98520.169888
3269.008270 98535.302950
3269.773013 98550.682216
3270.533515 98566.376120
3271.306729 98582.497610
3272.086306 98598.942824
3272.867978 98615.280354
3273.615779 98631.478239
3274.363568 98648.364838
3275.153737 98665.546561
3275.907875 98682.529693
3276.659906 98699.905215
3277.428878 98717.577463
3278.187259 98735.226762
3278.935060 98753.149020
3279.697682 98771.522602
3280.464546 98790.096780
3281.225048 98808.792920
3281.983428 98827.900558
3282.758763 98847.099176
3283.506552 98866.172111
3284.254353 98885.849462
3285.031809 98905.888093
3285.790190 98925.763061
3286.537991 98945.945698
3287.302722 98966.694757
3288.075936 98987.672578
3288.840679 99008.556716
3289.590589 99029.755598
3290.361695 99051.447485
3291.130667 99073.035013
3291.878468 99094.941498
3292.653791 99117.131424
3293.405821 99139.520247
3294.179035 99162.259038
3294.939549 99184.939836
3295.693688 99207.682606
3296.443598 99230.907384
3297.214703 99242.737794
