# cumulative_displacement force displacement
0.000000 -0.000000 0.000000
0.642442 1.967446 0.642442
1.323442 4.052972 1.323442
2.338527 0.944324 0.308356
3.327883 -2.029339 -0.680999
4.073119 -4.269263 -1.426235
4.715561 -6.200224 -2.068678
5.666384 -3.342374 -1.117854
6.668592 -0.330081 -0.115646
7.940624 3.565452 1.156386
8.788654 0.968404 0.308356
9.893656 -2.352852 -0.796646
10.574655 -0.306001 -0.115646
11.319891 1.976246 0.629590
12.193626 -0.649901 -0.244145
13.195833 -3.662194 -1.246353
13.876833 -1.615343 -0.565353
15.187422 2.398269 0.745236
16.253892 -0.807174 -0.321234
17.256100 -3.819467 -1.323442
17.962778 -1.695433 -0.616763
19.132042 1.885377 0.552501
19.890130 -0.393177 -0.205588
21.033689 -3.830323 -1.349146
21.740393 -1.706212 -0.642442
22.935336 1.953240 0.552501
23.564926 3.881326 1.182091
24.323015 1.559719 0.424002
24.939752 -0.293982 -0.192735
25.582194 -2.224943 -0.835177
26.327430 0.017755 -0.089941
26.931315 1.867122 0.513944
27.509521 3.637847 1.092149
28.344698 6.195535 1.927327
29.539641 9.854987 3.122270
30.284877 7.572740 2.377034
31.030113 5.290493 1.631798
31.621146 3.480485 1.040765
32.790409 -0.033920 -0.128499
33.368615 -1.771808 -0.706704
34.088146 -3.934472 -1.426235
34.769146 -5.981323 -2.107235
36.143971 -10.113579 -3.482061
37.120500 -7.178469 -2.505532
37.750090 -5.286138 -1.875942
38.803707 -2.119325 -0.822325
39.947240 1.382688 0.321208
40.576856 3.310852 0.950824
41.758946 6.930944 2.132914
42.491330 4.688057 1.400531
43.210886 2.484452 0.680974
44.341567 -0.913988 -0.449707
45.665009 -4.891800 -1.773149
46.513039 -2.342913 -0.925119
47.656572 1.159099 0.218415
48.299014 3.126546 0.860857
48.992866 5.251431 1.554709
49.853748 2.615024 0.693826
50.907340 -0.551713 -0.359766
51.639749 -2.753083 -1.092175
52.256487 -4.606785 -1.708912
52.860372 -6.421856 -2.312797
53.734081 -3.795786 -1.439088
54.440785 -1.671675 -0.732384
55.417288 1.318816 0.244119
56.072583 3.325622 0.899414
57.357467 7.260514 2.184298
58.218324 4.624185 1.323442
58.847939 2.696020 0.693826
59.503234 0.689214 0.038532
60.698177 -2.902375 -1.156411
61.314914 -4.756076 -1.773149
62.073003 -2.477522 -1.015060
62.843918 -0.160415 -0.244145
64.013182 3.420395 0.925119
64.604214 5.230402 1.516151
65.310918 7.394648 2.222856
66.184653 4.718880 1.349121
66.801390 2.830153 0.732384
67.430980 0.902067 0.102794
68.664480 -2.805412 -1.130706
69.255538 -4.581930 -1.721764
69.833744 -6.319818 -2.299970
70.707479 -3.693671 -1.426235
71.709686 -0.681378 -0.424028
72.390686 1.404148 0.256972
73.058833 3.450314 0.925119
73.649865 5.260321 1.516151
74.433633 2.860072 0.732384
75.667133 -0.847407 -0.501117
76.283871 -2.701108 -1.117854
76.913461 -4.593439 -1.747444
77.504519 -6.369957 -2.338502
78.391080 -3.705257 -1.451940
79.418993 -0.615704 -0.424028
79.997198 1.155022 0.154178
80.922317 3.988151 1.079297
81.988787 7.254160 2.145767
82.798285 4.775113 1.336269
83.376465 3.004466 0.758088
84.031760 0.997660 0.102794
85.213876 -2.555376 -1.079322
85.946259 -4.756670 -1.811706
86.922788 -1.821560 -0.835177
88.220525 2.152693 0.462559
89.556793 6.244947 1.798828
90.250645 8.369832 2.492680
90.931644 10.455358 3.173679
91.638323 12.619526 3.880358
92.512058 9.943758 3.006623
93.180179 7.897670 2.338502
94.375148 4.238141 1.143533
95.415887 1.050929 0.102794
96.366711 -1.806921 -0.848030
97.587359 -5.475770 -2.068678
98.216949 -7.368101 -2.698267
98.936505 -9.530842 -3.417824
99.707421 -12.052655 -4.188739
100.812422 -8.732872 -3.083738
101.416307 -6.918607 -2.479853
102.624103 -3.289998 -1.272057
103.228013 -1.475656 -0.668147
104.602839 2.734678 0.706679
105.836339 6.512209 1.940179
106.568723 8.755096 2.672563
107.468137 6.000687 1.773149
108.213373 3.718440 1.027913
109.292695 0.413071 -0.051410
109.973669 -1.632790 -0.732384
110.641816 -3.640115 -1.400531
111.387052 -5.879040 -2.145767
112.633404 -9.623477 -3.392119
113.545671 -6.882740 -2.479853
114.175286 -4.991177 -1.850238
114.920522 -2.752253 -1.105002
115.922730 0.300169 -0.102794
116.629409 2.464337 0.603885
117.207614 4.235062 1.182091
117.978555 6.596029 1.953031
118.620997 8.563475 2.595474
119.327676 10.727643 3.302152
120.239942 7.933873 2.389886
120.946621 5.769706 1.683207
121.537679 3.959621 1.092149
122.861121 -0.016416 -0.231292
124.017507 -3.490564 -1.387678
124.801300 -5.845327 -2.171471
125.893449 -9.126488 -3.263621
126.690069 -6.733189 -2.467000
127.268275 -4.996077 -1.888795
128.026363 -2.718540 -1.130706
129.041423 0.380887 -0.115646
129.863748 2.899215 0.706679
130.673221 5.378184 1.516151
131.778248 8.762272 2.621178
132.433543 10.769078 3.276473
133.320130 8.053951 2.389886
134.001129 5.968425 1.708887
134.592162 4.158418 1.117854
135.877046 0.223525 -0.167030
137.123399 -3.520912 -1.413383
137.791546 -5.528236 -2.081530
138.433988 -7.458336 -2.723972
139.037873 -9.272597 -3.327857
139.950139 -6.531860 -2.415591
140.528345 -4.794748 -1.837385
141.748967 -1.127613 -0.616763
142.879674 2.335118 0.513944
143.740556 4.971525 1.374826
144.935499 8.630977 2.569769
145.590793 10.637783 3.225063
146.451676 8.001376 2.364181
147.068413 6.112649 1.747444
147.749412 4.027123 1.066444
148.353297 2.177756 0.462559
149.599650 -1.566681 -0.783793
150.961623 -5.658479 -2.145767
151.591213 -7.549966 -2.775356
152.593421 -4.539017 -1.773149
153.736980 -1.103405 -0.629590
154.405101 0.942683 0.038532
155.150337 3.224930 0.783768
156.306749 6.766380 1.940179
156.974896 8.812546 2.608326
157.553076 10.583194 3.186506
158.336844 8.182945 2.402738
159.030695 6.058059 1.708887
160.418374 1.808366 0.321208
161.536228 -1.550021 -0.796646
162.165817 -3.441508 -1.426235
162.756875 -5.217233 -2.017293
163.553496 -7.610531 -2.813914
164.555703 -4.599583 -1.811706
165.185293 -2.708096 -1.182116
166.341704 0.833354 -0.025705
167.048383 2.997522 0.680974
168.346120 6.971774 1.978711
168.962883 8.860579 2.595474
169.785208 6.342251 1.773149
170.479060 4.217365 1.079297
171.584061 0.833354 -0.025705
172.303592 -1.328345 -0.745236
172.971739 -3.335670 -1.413383
173.665591 -5.420220 -2.107235
174.320886 -7.388932 -2.762529
174.924771 -9.203193 -3.366414
175.965536 -6.076406 -2.325649
177.031980 -2.872470 -1.259205
177.712980 -0.826533 -0.578206
178.985012 3.069000 0.693826
179.601774 4.957805 1.310589
180.231364 6.885891 1.940179
180.886659 8.892697 2.595474
181.644747 11.214304 3.353562
182.312869 13.260392 4.021684
183.070957 15.581999 4.779772
183.662015 17.392084 5.370830
184.343015 19.477610 6.051829
185.139635 21.917219 6.848450
186.360283 25.655390 8.069097
186.977020 27.529749 8.685835
187.709404 29.594068 9.418218
188.287609 31.223817 9.996424
188.981436 29.099009 9.302598
190.420523 24.691876 7.863510
191.011556 22.881869 7.272477
191.641171 20.953705 6.642862
192.219351 19.183057 6.064682
193.054554 16.625292 5.229479
194.223792 13.044559 4.060241
194.904792 10.959034 3.379241
196.253913 6.827420 2.030120
196.832118 5.056695 1.451915
197.513118 2.971169 0.770915
198.258354 0.688922 0.025679
199.029269 -1.627152 -0.745236
199.607475 -3.364264 -1.323442
200.352711 -5.603188 -2.068678
201.033710 -7.649126 -2.749677
201.676152 -9.579225 -3.392119
202.665508 -12.337696 -4.381475
203.937540 -14.219303 -5.653507
205.248129 -16.157944 -6.964096
205.967686 -17.222322 -7.683652
206.545866 -18.077574 -8.261833
207.303954 -19.198949 -9.019921
207.984954 -20.206292 -9.700920
208.832983 -17.669332 -8.852891
209.526810 -15.593686 -8.159064
210.207809 -13.556412 -7.478065
210.875956 -11.557588 -6.809918
211.544103 -9.558764 -6.141771
212.135136 -7.790635 -5.550738
212.867545 -5.599565 -4.818329
213.484282 -3.754538 -4.201592
214.190961 -1.640442 -3.494913
215.514403 1.659736 -2.171471
216.182550 3.090468 -1.503324
216.786435 4.383593 -0.899439
217.608785 6.144527 -0.077089
218.276907 7.575205 0.591033
219.047847 9.226054 1.361973
220.281348 11.867401 2.595474
221.052288 13.685000 3.366414
221.720410 15.484153 4.034536
222.452794 17.456355 4.766920
223.120941 19.255576 5.435067
223.853324 21.227778 6.167450
224.431530 22.784800 6.745656
225.061120 24.480193 7.375246
225.857740 22.040585 6.578625
226.448798 20.230500 5.987567
227.168329 18.026972 5.268036
227.746535 16.256247 4.689831
228.491771 13.974000 3.944595
229.172745 11.888552 3.263621
230.496186 7.835580 1.940179
231.100097 5.986135 1.336269
231.678277 4.215488 0.758088
232.474922 1.775802 -0.038557
233.284395 -0.400679 -0.848030
234.607837 -2.710144 -2.171471
235.250279 -3.831235 -2.813914
235.969810 -5.086849 -3.533445
236.702194 -6.364892 -4.265828
237.421750 -7.995140 -4.985385
238.077045 -9.678497 -5.640680
238.796576 -11.526868 -6.360211
239.965814 -14.530471 -7.529449
240.852376 -11.878344 -6.642887
242.188670 -7.880854 -5.306593
243.447849 -4.114050 -4.047414
244.167406 -1.961514 -3.327857
245.336644 1.143550 -2.158619
245.966234 2.545529 -1.529029
246.685765 4.147790 -0.809498
247.482411 5.921771 -0.012852
248.304736 7.752935 0.809473
249.473974 10.356610 1.978711
250.219210 12.016111 2.723947
250.874505 13.605248 3.379241
251.696855 15.830023 4.201592
252.339297 17.568076 4.844034
253.020271 19.410373 5.525008
253.675566 21.183197 6.180303
254.356565 23.025562 6.861302
255.063244 20.861395 6.154623
256.001215 17.988906 5.216652
257.196184 14.329376 4.021684
257.787216 12.519369 3.430651
258.699483 9.725600 2.518385
259.843041 6.223510 1.374826
260.524041 4.137984 0.693826
261.102221 2.367337 0.115646
262.001660 -0.222446 -0.783793
262.618398 -1.307654 -1.400531
263.273692 -2.460707 -2.055825
264.108870 -3.930281 -2.891003
264.712780 -4.992919 -3.494913
265.509400 -6.394648 -4.291533
266.241784 -8.078394 -5.023917
266.858547 -9.664621 -5.640680
267.526668 -11.382934 -6.308801
268.349019 -13.497903 -7.131152
269.505430 -10.038530 -5.974740
270.147872 -8.116681 -5.332298
270.803167 -6.156385 -4.677004
271.394225 -4.388251 -4.085946
272.704814 -0.467658 -2.775356
273.295847 0.975540 -2.184324
273.951141 2.446123 -1.529029
274.863408 4.493391 -0.616763
275.441613 5.790974 -0.038557
276.173997 7.434557 0.693826
276.777907 8.789826 1.297737
277.561675 10.548723 2.081505
278.255527 12.105835 2.775356
278.962206 13.861344 3.482035
279.604648 15.600965 4.124477
280.375589 17.688537 4.895418
281.018031 19.428158 5.537860
282.380030 23.116212 6.899859
283.356558 20.125644 5.923331
284.050410 18.000758 5.229479
284.667147 16.112031 4.612742
285.271032 14.262665 4.008857
285.887795 12.373860 3.392094
286.735825 9.776812 2.544064
287.917915 6.156720 1.361973
288.740240 3.638392 0.539648
289.960888 -0.013143 -0.680999
290.744656 -1.433650 -1.464767
291.451360 -2.674745 -2.171471
292.145187 -3.893223 -2.865298
292.749097 -4.953794 -3.469208
293.558570 -6.375367 -4.278681
294.265274 -7.982548 -4.985385
294.907716 -9.634366 -5.627827
295.588690 -11.385256 -6.308801
296.269689 -13.136211 -6.989801
296.847895 -14.622867 -7.568006
297.760161 -11.893847 -6.655740
298.376924 -10.048818 -6.038977
298.993662 -8.203864 -5.422240
299.738898 -5.974511 -4.677004
301.010930 -2.169261 -3.404972
301.717634 -0.055175 -2.698267
302.809783 2.388277 -1.606118
303.657813 4.274577 -0.758088
304.325960 5.760758 -0.089941
305.045491 7.361234 0.629590
305.649376 8.704475 1.233475
306.394612 10.362127 1.978711
306.985670 11.676836 2.569769
307.743758 13.469461 3.327857
308.476142 15.450582 4.060241
309.169994 17.327474 4.754093
309.850968 19.169532 5.435067
310.493410 20.907359 6.077509
311.161557 22.714719 6.745656
311.868261 24.626377 7.452360
312.459294 26.225140 8.043393
313.153146 28.102032 8.737244
313.808440 29.874625 9.392539
314.489414 31.716682 10.073513
315.221798 33.697804 10.805897
315.825708 35.331402 11.409807
316.686590 37.660117 12.270689
317.290475 38.581842 12.874574
317.984327 39.142174 13.568426
318.691006 39.712866 14.275105
319.269212 40.179806 14.853310
320.040152 40.802393 15.624251
321.003828 37.854513 14.660575
322.134535 34.395687 13.529869
322.866918 32.155329 12.797485
323.457976 30.347285 12.206427
324.100419 28.382057 11.563985
325.333893 24.608863 10.330510
326.130539 22.171928 9.533865
327.351187 18.437972 8.313217
328.096423 16.158298 7.567981
328.700308 14.311017 6.964096
329.419839 12.109974 6.244565
330.036602 10.223299 5.627802
330.768985 7.982941 4.895418
331.411428 6.017713 4.252976
332.118106 3.855986 3.546297
332.760549 1.890758 2.903855
333.492958 -0.122818 2.171446
334.083990 -0.757836 1.580413
334.829226 -1.558533 0.835177
335.574462 -2.359229 0.089941
336.396787 -3.242752 -0.732384
337.039229 -3.933005 -1.374826
337.938669 -4.899381 -2.274265
339.172169 -6.224679 -3.507765
339.968789 -7.383249 -4.304386
340.649789 -8.990876 -4.985385
341.369320 -10.689465 -5.704916
342.063146 -12.327372 -6.398743
342.641352 -13.692335 -6.976948
343.296646 -15.239281 -7.632243
344.054735 -17.028891 -8.390331
344.774266 -18.727479 -9.109862
345.365324 -20.122783 -9.700920
346.084855 -21.254056 -10.420452
346.804412 -22.316622 -11.140008
348.089296 -24.214005 -12.424893
348.821680 -25.295513 -13.157276
349.502679 -26.301142 -13.838276
350.170801 -27.287754 -14.506397
350.826095 -28.255425 -15.161692
351.417153 -29.128237 -15.752750
352.226626 -26.712553 -14.943277
352.869068 -24.795333 -14.300835
353.961243 -21.535990 -13.208660
354.693626 -19.350360 -12.476277
355.374600 -17.318151 -11.795303
356.081305 -15.209155 -11.088599
356.698042 -13.368645 -10.471861
357.340484 -11.451424 -9.829419
358.869513 -6.888390 -8.300390
359.447719 -5.162869 -7.722184
360.103014 -3.207293 -7.066890
360.783988 -1.175084 -6.385916
361.439282 0.334276 -5.730621
362.120282 1.204683 -5.049622
362.775576 2.042236 -4.394327
363.456576 2.912642 -3.713328
364.278901 3.963681 -2.891003
365.589490 5.638786 -1.580413
366.386110 6.656971 -0.783793
367.092814 7.560232 -0.077089
367.876582 8.561990 0.706679
369.174319 10.220668 2.004416
369.881023 11.123929 2.711120
370.561997 11.994303 3.392094
371.512821 13.209580 4.342917
372.682059 15.638619 5.512156
373.440147 17.524457 6.270244
374.121147 19.218526 6.951243
375.483120 22.606602 8.313217
376.189824 24.364615 9.019921
376.819414 25.930797 9.649511
378.168535 29.286900 10.998632
378.772445 30.789202 11.602542
379.581918 28.313028 10.793070
380.327154 26.033355 10.047834
381.599211 22.142137 8.775776
382.228801 20.216225 8.146186
382.871243 18.250997 7.503744
383.552243 16.167823 6.822745
384.233217 14.084726 6.141771
384.862832 12.158736 5.512156
385.466717 10.311455 4.908271
386.340452 7.638704 4.034536
387.586779 3.826195 2.788209
388.280631 1.703706 2.094357
388.974457 -0.147007 1.400531
389.616899 -0.836992 0.758088
390.349308 -1.623602 0.025679
391.055987 -2.382578 -0.680999
391.865460 -3.251955 -1.490472
392.469370 -3.900557 -2.094382
393.227458 -4.714747 -2.852471
393.998374 -5.542714 -3.623386
394.692226 -6.287913 -4.317238
395.411757 -7.060693 -5.036769
396.015667 -7.709295 -5.640680
396.837992 -8.592475 -6.463005
397.544671 -9.351451 -7.169683
398.238523 -10.391845 -7.863535
398.880965 -11.905392 -8.505977
399.574791 -13.539997 -9.199804
400.268643 -15.174662 -9.893656
400.949643 -16.779048 -10.574655
401.630617 -18.383374 -11.255629
402.568588 -15.584335 -10.317658
403.352356 -13.245460 -9.533890
404.483062 -9.871272 -8.403184
405.228298 -7.647382 -7.657948
406.024918 -5.270155 -6.861327
406.615976 -3.506354 -6.270269
407.207034 -1.742553 -5.679211
407.900861 0.151065 -4.985385
408.543303 1.034238 -4.342943
409.995243 3.030237 -2.891003
410.586276 3.842736 -2.299970
411.280127 4.796582 -1.606118
412.038216 5.838735 -0.848030
412.680658 6.721907 -0.205588
413.541540 7.905372 0.655295
414.196835 8.806213 1.310589
414.800720 9.636380 1.914474
415.610192 10.749172 2.723947
416.201250 11.561706 3.315005
417.023575 12.692165 4.137330
417.666018 13.575338 4.779772
418.475516 15.498318 5.589270
419.760400 18.737126 6.874154
420.415695 20.388928 7.529449
421.122373 22.170253 8.236128
421.751963 23.757260 8.865718
422.445815 25.506253 9.559569
423.152494 27.287578 10.266248
423.846346 29.036571 10.960100
424.758612 26.245952 10.047834
425.927876 22.669180 8.878570
426.660259 20.428822 8.146186
427.366938 18.267095 7.439508
428.035085 16.223236 6.771361
428.626143 14.415192 6.180303
429.345674 12.214149 5.460771
430.026674 10.130975 4.779772
430.604854 8.362325 4.201592
431.440031 5.807521 3.366414
432.082499 3.842215 2.723947
432.686384 1.994934 2.120062
433.315974 0.069021 1.490472
434.074062 -0.794955 0.732384
434.793593 -1.572623 0.012852
436.219829 -3.114096 -1.413383
436.965065 -3.919546 -2.158619
437.646064 -4.655570 -2.839618
438.327038 -5.391566 -3.520592
439.200773 -6.335897 -4.394327
439.920304 -7.113565 -5.113858
441.166656 -8.460622 -6.360211
442.001834 -9.363280 -7.195388
443.312423 -11.878500 -8.505977
444.006249 -13.515270 -9.199804
444.661544 -15.061142 -9.855098
445.368248 -16.728291 -10.561803
445.959281 -18.122565 -11.152835
446.563191 -19.547219 -11.756746
447.321280 -17.284978 -10.998657
448.220694 -14.601002 -10.099243
449.300016 -11.380155 -9.019921
450.058104 -9.117914 -8.261833
451.458609 -4.938613 -6.861327
452.049667 -3.174814 -6.270269
452.679257 -1.296031 -5.640680
453.347404 0.318479 -4.972533
453.989846 1.193454 -4.330090
454.632289 2.068429 -3.687648
455.326140 3.013421 -2.993796
456.097081 4.063405 -2.222856
456.726671 4.920875 -1.593266
457.484759 5.953355 -0.835177
458.152906 6.863338 -0.167030
458.910969 7.895783 0.591033
459.579116 8.805767 1.259180
460.298648 9.785733 1.978711
461.005352 10.748230 2.685415
461.699178 11.693187 3.379241
462.495824 12.778180 4.175887
463.086856 13.583137 4.766920
463.677914 14.957714 5.357978
464.500239 17.027137 6.180303
465.078445 18.482221 6.758508
465.836533 20.389989 7.516597
466.453271 21.942041 8.133334
467.327005 24.140839 9.007069
468.547653 27.212661 10.227716
469.190095 28.829400 10.870159
469.961036 26.471096 10.099218
470.552094 24.663052 9.508160
471.284478 22.422694 8.775776
471.926920 20.457466 8.133334
472.582215 18.452923 7.478039
473.211804 16.527010 6.848450
473.944188 14.286652 6.116066
474.548098 12.439293 5.512156
475.280482 10.198935 4.779772
476.424015 6.700871 3.636239
477.400544 3.713675 2.659710
478.621192 0.071094 1.439062
479.237929 -0.675109 0.822325
479.918928 -1.412634 0.141326
480.805490 -2.372783 -0.745236
481.473637 -3.096389 -1.413383
482.193168 -3.875643 -2.132914
482.835610 -4.571411 -2.775356
483.645108 -5.448100 -3.584854
484.313255 -6.171705 -4.253001
485.007082 -6.923122 -4.946828
485.739465 -7.716296 -5.679211
486.407612 -8.439901 -6.347358
487.139996 -9.233075 -7.079742
487.872380 -10.232933 -7.812126
488.514822 -11.749131 -8.454568
489.247231 -13.477656 -9.186977
490.622057 -16.722319 -10.561803
491.804147 -19.512117 -11.743893
492.677882 -16.904773 -10.870159
493.371708 -14.834299 -10.176332
494.540972 -11.345055 -9.007069
495.376149 -8.852770 -8.171891
495.967182 -7.089047 -7.580859
496.609624 -5.171911 -6.938416
497.316328 -3.063008 -6.231712
497.945918 -1.184226 -5.602122
498.665449 0.439526 -4.882591
499.821860 2.014633 -3.726180
500.579949 3.047198 -2.968092
501.260923 3.974729 -2.287118
502.006159 4.989789 -1.541882
502.700011 5.934860 -0.848030
503.393837 6.879896 -0.154203
504.074836 7.807461 0.526796
504.845777 8.857533 1.297737
505.552456 9.820075 2.004416
506.194898 10.695123 2.646858
507.017223 11.815183 3.469183
508.469163 13.857768 4.921123
509.162990 15.603844 5.614949
510.357933 18.611024 6.809892
511.231667 20.809854 7.683627
511.848405 22.361928 8.300364
512.478020 23.946411 8.929980
513.133315 25.595518 9.585274
513.801436 27.276905 10.253396
514.495288 29.023044 10.947248
515.214819 30.833808 11.666779
515.870114 32.482915 12.322073
516.525408 34.132022 12.977368
517.283497 36.039819 13.735456
518.555529 39.241000 15.007488
519.313617 40.906850 15.765577
519.930355 41.403081 16.382314
520.739853 42.054408 17.191812
521.382295 42.571321 17.834254
522.114678 43.160602 18.566638
522.782825 43.698197 19.234785
523.463799 44.246113 19.915759
524.093389 44.752685 20.545349
524.723004 45.259277 21.174964
525.558182 42.708397 20.339787
526.264886 40.549913 19.633082
527.446977 36.939457 18.450992
528.038035 35.134190 17.859934
528.693329 33.132725 17.204639
529.451392 30.817376 16.446576
530.672040 27.089155 15.225928
531.378744 24.930670 14.519224
532.034039 22.929205 13.863930
532.650776 21.045506 13.247192
533.421717 18.690824 12.476251
534.115543 16.571672 11.782425
535.361896 12.764940 10.536072
536.004338 10.802731 9.893630
536.659633 8.801267 9.238336
537.469105 6.328897 8.428863
538.111548 4.366687 7.786421
538.818226 2.208280 7.079742
539.614872 -0.054852 6.283096
540.257314 -0.533395 5.640654
541.465110 -1.433060 4.432859
542.351671 -2.093443 3.546297
543.045523 -2.610281 2.852445
543.790759 -3.165393 2.107209
544.407496 -3.624790 1.490472
545.255526 -4.256472 0.642442
545.975057 -4.792437 -0.077089
546.694614 -5.328422 -0.796646
547.414145 -5.864388 -1.516177
548.185086 -6.438647 -2.287118
548.814676 -6.907617 -2.916707
549.547059 -7.453156 -3.649091
550.305148 -8.017843 -4.407179
551.011827 -8.544235 -5.113858
551.654269 -9.022778 -5.756300
552.489446 -9.644887 -6.591478
553.106209 -10.582928 -7.208241
553.761504 -11.995372 -7.863535
554.468182 -13.518573 -8.570214
555.162034 -15.014125 -9.264066
555.804476 -16.398867 -9.906508
556.485450 -17.866663 -10.587482
557.153597 -19.306810 -11.255629
557.757508 -20.608500 -11.859539
558.592685 -22.408670 -12.694717
559.247980 -23.821115 -13.350011
559.928979 -25.288965 -14.031011
560.532864 -26.590600 -14.634896
561.290953 -28.224610 -15.392984
562.023336 -29.643894 -16.125368
563.359630 -31.613432 -17.461662
563.989220 -32.541373 -18.091252
565.338366 -34.529854 -19.440398
566.032193 -35.552472 -20.134224
566.700340 -36.537241 -20.802371
567.458428 -34.278080 -20.044283
568.036634 -32.554983 -19.466077
568.666224 -30.678757 -18.836488
569.257282 -28.917359 -18.245430
569.938256 -26.888004 -17.564456
570.940489 -23.901273 -16.562222
571.865608 -21.144348 -15.637104
572.572286 -19.038391 -14.930425
573.291818 -16.894133 -14.210894
573.985669 -14.826402 -13.517042
574.679496 -12.758746 -12.823215
575.386200 -10.652714 -12.116511
576.105731 -8.508456 -11.396980
576.812435 -6.402423 -10.690276
577.531967 -4.258165 -9.970745
578.290055 -1.999004 -9.212656
578.958202 -0.007875 -8.544509
579.536382 0.523256 -7.966329
580.307323 1.224165 -7.195388
581.656469 2.450755 -5.846242
582.388853 3.116609 -5.113858
583.095532 3.759094 -4.407179
583.699442 4.308145 -3.803269
584.534620 5.067455 -2.968092
585.254151 5.721624 -2.248560
585.909445 6.317392 -1.593266
586.757475 7.088387 -0.745236
587.348508 7.625731 -0.154203
588.222242 8.420095 0.719531
588.877537 9.015863 1.374826
589.558536 9.635001 2.055825
590.162421 10.184029 2.659710
590.933362 10.884938 3.430651
591.781392 11.655933 4.278681
592.423834 12.240016 4.921123
593.169070 12.917555 5.666359
593.785808 13.478268 6.283096
595.199191 14.763260 7.696479
595.995811 15.925291 8.493100
596.651105 17.438794 9.148394
597.242163 18.803932 9.739452
598.090193 20.762586 10.587482
599.413635 23.819276 11.910924
599.991815 25.154671 12.489104
600.749903 26.905591 13.247192
601.495139 28.626827 13.992428
602.163286 30.170014 14.660575
602.908522 31.891250 15.405811
603.872198 28.947897 14.442135
604.630287 26.632470 13.684047
605.208467 24.866536 13.105867
605.966555 22.551109 12.347778
606.583318 20.667332 11.731015
607.225760 18.705122 11.088573
608.574881 14.584506 9.739452
609.281560 12.426099 9.032773
609.911175 10.503067 8.403158
610.579297 8.462425 7.735037
611.247444 6.421705 7.066890
612.018385 4.067023 6.295949
612.699384 1.987048 5.614949
613.508857 -0.131555 4.805477
614.935092 -1.312363 3.379241
615.513272 -1.791049 2.801061
616.258508 -2.408045 2.055825
616.965213 -2.993139 1.349121
617.620507 -3.535670 0.693826
618.404275 -4.184567 -0.089941
619.213773 -4.854766 -0.899439
619.843363 -5.376015 -1.529029
620.575746 -5.982370 -2.261413
622.091923 -7.237642 -3.777590
622.760045 -7.790793 -4.445711
623.518133 -8.418429 -5.203800
624.263369 -9.035425 -5.949036
625.625368 -10.163050 -7.311034
626.203548 -10.641737 -7.889215
626.935957 -11.248112 -8.621624
627.694020 -11.875727 -9.379687
628.375020 -12.599764 -10.060686
629.043167 -14.079636 -10.728833
629.737018 -15.616441 -11.422685
630.417992 -17.124724 -12.103659
631.060435 -18.547662 -12.746101
631.934169 -20.482888 -13.619836
632.525227 -21.792016 -14.210894
633.219054 -23.328765 -14.904720
633.848643 -24.723237 -15.534310
634.568200 -26.316976 -16.253866
635.454787 -23.674971 -15.367279
636.110082 -21.722212 -14.711985
636.752524 -19.807752 -14.069543
637.446350 -17.740169 -13.375716
638.153054 -15.634210 -12.669012
638.846881 -13.566627 -11.975186
640.298821 -9.239886 -10.523245
640.915558 -7.402025 -9.906508
641.493764 -5.678989 -9.328302
642.251852 -3.419907 -8.570214
642.984236 -1.237424 -7.837830
643.575294 0.169365 -7.246772
644.217736 0.788252 -6.604330
644.975825 1.518545 -5.846242
646.273561 2.768700 -4.548505
647.005945 3.474231 -3.816121
647.764033 4.204524 -3.058033
648.470712 4.885292 -2.351354
649.100302 5.491798 -1.721764
649.832686 6.197328 -0.989381
650.616479 6.952384 -0.205588
651.361715 7.670295 0.539648
652.017009 8.301564 1.194943
652.736541 8.994713 1.914474
653.584570 9.811650 2.762504
654.227013 10.430537 3.404946
654.920864 11.098948 4.098798
655.653248 11.804479 4.831182
656.398484 12.522391 5.576418
657.040926 13.141278 6.218860
657.657664 13.735402 6.835597
658.479989 14.527577 7.657922
659.096751 15.121726 8.274685
659.983313 17.081626 9.161247
661.152577 19.819760 10.330510
661.872108 21.504728 11.050041
662.501698 22.979076 11.679631
663.324023 24.904763 12.501956
664.030727 26.559694 13.208660
664.698848 28.124274 13.876782
665.354143 29.658816 14.532077
666.073700 31.343844 15.251633
666.677585 32.757997 15.855518
667.487057 30.285627 15.046046
668.360792 27.616982 14.172311
669.465793 24.241979 13.067309
670.198177 22.005062 12.334926
670.853472 20.003597 11.679631
671.637265 17.609660 10.895838
672.755093 14.195479 9.778009
673.448945 12.076249 9.084158
674.168476 9.878587 8.364626
674.926565 7.563160 7.606538
675.607564 5.483185 6.925539
676.237154 3.560231 6.295949
677.624832 -0.182112 4.908271
678.344363 -0.772278 4.188739
679.012510 -1.320298 3.520592
679.706362 -1.889401 2.826741
680.541540 -2.574421 1.991563
681.222514 -3.132962 1.310589
682.558808 -4.229002 -0.025705
683.291191 -4.829709 -0.758088
683.946486 -5.367188 -1.413383
684.730279 -6.010062 -2.197176
685.475515 -6.621311 -2.942412
686.220751 -7.232560 -3.687648
686.863193 -7.759497 -4.330090
687.711223 -8.455058 -5.178120
688.392197 -9.013599 -5.859094
689.111754 -9.603785 -6.578651
689.728491 -10.109639 -7.195388
690.370933 -10.636576 -7.837830
691.167553 -11.289970 -8.634451
691.848553 -11.848532 -9.315450
692.555257 -12.567152 -10.022154
693.171994 -13.929867 -10.638892
693.904378 -15.548108 -11.371275
694.701024 -17.308340 -12.167921
696.075849 -20.346093 -13.542747
696.654055 -21.623670 -14.120952
697.347881 -23.156717 -14.814779
698.157354 -24.945291 -15.624251
699.172414 -21.920444 -14.609191
699.789152 -20.082586 -13.992454
700.457299 -18.091529 -13.324307
702.037712 -13.381948 -11.743893
703.245507 -9.782756 -10.536098
703.875097 -7.906599 -9.906508
704.581801 -5.800643 -9.199804
705.352717 -3.503339 -8.428888
705.943775 -1.742006 -7.837830
706.637627 0.106228 -7.143979
707.215807 0.668258 -6.565798
708.128099 1.555068 -5.653507
709.310189 2.704140 -4.471416
710.145367 3.515990 -3.636239
710.787809 4.140487 -2.993796
711.661543 4.989817 -2.120062
712.933575 6.226318 -0.848030
713.665959 6.938245 -0.115646
714.308401 7.562743 0.526796
715.092194 8.324643 1.310589
715.863110 9.074025 2.081505
716.505552 9.698523 2.723947
717.340729 10.510372 3.559124
717.970345 11.122401 4.188739
718.715581 11.846821 4.933975
719.409407 12.521268 5.627802
720.103259 13.195739 6.321654
720.784233 13.857692 7.002628
721.619410 14.669541 7.837805
722.852910 16.810393 9.071305
723.495353 18.317998 9.713747
724.124942 19.795442 10.343337
724.972972 21.785495 11.191367
725.641119 23.353420 11.859514
726.360650 25.041928 12.579045
727.028797 26.609853 13.247192
728.480712 30.017029 14.699107
729.136007 31.554794 15.354402
729.804154 33.122720 16.022549
731.294626 36.620377 17.513021
732.553831 39.575325 18.772226
733.247657 41.203512 19.466052
733.941509 42.831758 20.159904
734.686745 44.580587 20.905140
735.945925 46.004630 22.164319
736.729718 46.631164 22.948113
738.091691 47.719874 24.310086
738.759838 48.253965 24.978233
739.466517 48.818857 25.684912
740.070402 49.301579 26.288797
740.841343 49.917840 27.059738
741.548022 50.482732 27.766416
742.126227 50.944927 28.344622
742.858611 51.530367 29.077006
743.693788 52.197976 29.912183
744.284846 52.670445 30.503241
745.094319 53.317506 31.312714
745.698229 53.800249 31.916624
746.379203 54.344594 32.597598
747.188701 54.991675 33.407096
747.856823 55.525746 34.075218
748.486413 56.029016 34.704807
749.180264 56.583655 35.398659
749.861264 57.128020 36.079659
750.645032 57.754534 36.863426
751.313179 58.288625 37.531573
751.968473 58.812442 38.186868
753.112032 55.330072 37.043309
754.101387 52.317283 36.053954
754.769534 50.282639 35.385807
756.015862 46.487318 34.139480
756.658304 44.530950 33.497037
757.866099 40.852966 32.289242
758.572803 38.700908 31.582538
759.228098 36.705402 30.927243
759.857688 34.788172 30.297653
760.538687 32.714390 29.616654
761.271071 30.484132 28.884270
762.478866 26.806149 27.676475
763.211250 24.575891 26.944091
763.943633 22.345633 26.211708
764.547518 20.506680 25.607823
765.356991 18.041671 24.798350
765.986606 16.124364 24.168735
766.667580 14.050659 23.487761
767.322875 12.055153 22.832466
768.093816 9.707481 22.061526
768.749110 7.711975 21.406231
769.507199 5.403441 20.648143
770.278114 3.055846 19.877227
771.550171 -0.124625 18.605170
772.359644 -0.500258 17.795697
773.708765 -1.126312 16.446576
774.454001 -1.472136 15.701340
775.828827 -2.110118 14.326514
776.574063 -2.455942 13.581278
777.306472 -2.795813 12.848869
778.026003 -3.129709 12.129338
778.758387 -3.469568 11.396955
779.400829 -3.767691 10.754512
780.171770 -4.125443 9.983572
780.904153 -4.465303 9.251188
781.508038 -4.745533 8.647303
782.394625 -5.156950 7.760716
783.101304 -5.484882 7.054037
783.808008 -5.812825 6.347333
784.668865 -6.212302 5.486476
785.388422 -6.546209 4.766920
786.030864 -6.844332 4.124477
786.840336 -7.219964 3.315005
787.534163 -7.541932 2.621178
788.253719 -7.875839 1.901622
789.101749 -8.269364 1.053592
789.757044 -8.573451 0.398297
790.515107 -8.925227 -0.359766
791.208959 -9.247206 -1.053617
791.967047 -9.598994 -1.811706
792.699431 -9.938853 -2.544089
793.329020 -10.231012 -3.173679
794.087109 -10.582800 -3.931768
794.729551 -10.880922 -4.574210
795.603286 -11.286375 -5.447944
796.232875 -11.578534 -6.077534
796.875318 -11.876657 -6.719976
797.556317 -12.192672 -7.400976
798.288701 -13.079983 -8.133359
799.200967 -14.761939 -9.045626
800.434467 -17.036158 -10.279126
801.051205 -18.173243 -10.895863
801.667967 -19.310376 -11.512626
802.567381 -20.968636 -12.412040
803.209824 -22.153114 -13.054482
803.877971 -23.384984 -13.722629
804.571797 -24.664200 -14.416456
805.150003 -25.730244 -14.994661
805.933796 -27.175332 -15.778455
806.717564 -28.620374 -16.562222
807.360031 -29.804899 -17.204690
808.696300 -32.268592 -18.540959
809.338742 -33.453070 -19.183401
809.955505 -34.590203 -19.800164
810.726420 -36.011549 -20.571079
811.420272 -37.176608 -21.264931
812.062714 -38.121928 -21.907373
812.743714 -39.056770 -22.588372
813.424713 -39.975298 -23.269372
814.118539 -40.911127 -23.963198
814.696745 -41.691007 -24.541404
815.429129 -42.678841 -25.273787
816.212922 -43.736017 -26.057581
816.906748 -44.671845 -26.751407
818.243042 -46.474230 -28.087701
818.936894 -47.410093 -28.781553
819.733514 -48.484570 -29.578173
820.337425 -49.299120 -30.182083
821.185429 -50.442903 -31.030088
821.969222 -51.500079 -31.813881
823.241254 -53.215788 -33.085913
823.922254 -54.134315 -33.766912
824.628958 -55.087513 -34.473617
825.374194 -56.092683 -35.218853
826.029488 -56.976540 -35.874147
826.671931 -57.726120 -36.516589
827.442871 -57.683205 -37.287530
828.175255 -57.642437 -38.019914
828.856229 -57.604530 -38.700888
829.537203 -55.581536 -38.019914
830.231055 -53.520285 -37.326062
831.413145 -50.008604 -36.143971
832.633793 -46.382381 -34.923324
833.751647 -43.061531 -33.805470
834.432647 -41.038461 -33.124470
835.023705 -39.282583 -32.533412
835.743236 -37.145045 -31.813881
837.092357 -33.137162 -30.464760
837.773356 -31.114091 -29.783761
838.428651 -29.167384 -29.128466
839.250976 -26.724472 -28.306141
839.893443 -24.815870 -27.663673
840.574417 -22.792876 -26.982699
841.396742 -20.349964 -26.160374
842.052037 -18.403256 -25.505080
842.810125 -16.151175 -24.746991
843.478272 -14.166286 -24.078844
844.107862 -12.295941 -23.449255
844.865951 -10.043859 -22.691166
845.598334 -7.868140 -21.958783
846.343570 -5.654240 -21.213547
847.050274 -3.554808 -20.506842
847.782658 -1.379089 -19.774459
848.515042 0.139936 -19.042075
849.337367 0.569058 -18.219750
849.915572 0.870789 -17.641545
850.699365 1.279804 -16.857751
852.099896 2.010658 -15.457221
852.755191 2.352617 -14.801926
853.487574 2.734804 -14.069543
854.232810 3.123698 -13.324307
854.875252 3.458950 -12.681864
855.697577 3.888073 -11.859539
856.417109 4.263553 -11.140008
857.188049 4.665861 -10.369067
857.881901 5.027941 -9.675216
858.588580 5.396714 -8.968537
859.372373 5.805729 -8.184744
860.066200 6.167796 -7.490917
860.824288 6.563397 -6.732829
861.530992 6.932184 -6.026125
862.250523 7.307664 -5.306593
862.982907 7.689851 -4.574210
863.651054 8.038517 -3.906063
864.293496 8.373770 -3.263621
865.205763 8.849827 -2.351354
865.822500 9.171665 -1.734617
866.529204 9.540452 -1.027913
867.312972 9.949454 -0.244145
868.019676 10.318240 0.462559
868.726355 10.687014 1.169238
869.535828 11.109429 1.978711
870.178295 11.444695 2.621178
870.949211 11.846989 3.392094
871.617358 12.195655 4.060241
872.362594 12.584550 4.805477
873.210623 13.027086 5.653507
873.814508 13.342217 6.257392
874.546917 13.724418 6.989801
875.279301 14.106605 7.722184
876.024537 14.495499 8.467420
876.834010 14.917915 9.276893
877.502157 15.266581 9.945040
878.131746 15.595126 10.574630
878.966924 16.030955 11.409807
879.699307 16.413143 12.142191
880.328897 16.741688 12.771780
881.202632 17.197638 13.645515
881.922163 17.573118 14.365046
883.284136 18.283851 15.727020
883.990841 18.652637 16.433724
884.710372 19.028118 17.153255
885.571254 19.477361 18.014137
887.087405 21.992089 19.530289
887.717021 23.221109 20.159904
888.423699 24.600558 20.866583
889.207493 26.130536 21.650376
890.543761 28.738956 22.986644
891.237613 30.093366 23.680496
891.982849 31.548080 24.425732
893.177792 33.880630 25.620675
894.000117 35.485822 26.443000
894.706796 36.865272 27.149679
895.876059 39.147694 28.318943
896.544181 40.451879 28.987064
897.417890 37.791256 28.113355
898.021801 35.952226 27.509445
898.728479 33.800245 26.802766
899.383774 31.804739 26.147471
900.000511 29.926647 25.530734
900.694363 27.813727 24.836882
901.401042 25.661746 24.130203
902.094894 23.548825 23.436351
902.698779 21.709872 22.832466
903.456867 19.401338 22.074378
904.176398 17.210218 21.354847
904.934487 14.901684 20.596758
906.180839 11.106286 19.350406
906.938902 8.797829 18.592343
908.455079 4.180761 17.076166
909.187463 1.950504 16.343782
910.459520 -0.336003 15.071725
911.166199 -0.711981 14.365046
911.821494 -1.060621 13.709752
912.669523 -1.511804 12.861722
913.363350 -1.880945 12.167895
913.980113 -2.209085 11.551133
914.995173 -2.749133 10.536072
916.215795 -3.398548 9.315450
916.961031 -3.795041 8.570214
917.693440 -4.184709 7.837805
918.387267 -4.553849 7.143979
919.209592 -4.991356 6.321654
919.839181 -5.326320 5.692064
920.558738 -5.709151 4.972507
921.303974 -6.105643 4.227271
922.074889 -6.515798 3.456356
922.730184 -6.864438 2.801061
923.565361 -7.308783 1.965884
924.297770 -7.698451 1.233475
924.953040 -8.047077 0.578206
925.801069 -8.498260 -0.269824
926.533453 -8.887914 -1.002208
927.265862 -9.277582 -1.734617
927.998246 -9.667237 -2.467000
928.807718 -10.097905 -3.276473
929.411629 -10.419208 -3.880383
930.208249 -10.843038 -4.677004
931.004869 -11.266869 -5.473624
931.647337 -11.608685 -6.116091
932.341163 -11.977825 -6.809918
933.124956 -12.394832 -7.593711
933.741694 -12.722958 -8.210448
934.525487 -13.139964 -8.994242
935.938844 -13.891922 -10.407599
936.684080 -14.288414 -11.152835
937.365080 -14.650730 -11.833835
938.123168 -15.054061 -12.591923
938.958346 -15.498405 -13.427100
940.230378 -16.175172 -14.699132
940.962787 -16.564840 -15.431541
941.746554 -16.981833 -16.215309
942.568879 -17.419339 -17.037634
943.185642 -17.747479 -17.654397
943.918026 -18.137134 -18.386781
945.215763 -18.827577 -19.684517
946.089497 -19.821827 -20.558252
946.667677 -20.940078 -21.136432
947.464323 -22.480860 -21.933078
948.132470 -23.773114 -22.601225
949.044736 -25.537517 -23.513491
950.239679 -27.848641 -24.708434
950.984915 -29.289992 -25.453670
952.488240 -32.197552 -26.956995
953.734592 -34.608107 -28.203347
954.389887 -35.875503 -28.858642
955.225064 -33.394720 -28.023464
955.880359 -31.448255 -27.368170
956.535654 -29.501790 -26.712875
957.216653 -27.478972 -26.031876
957.871948 -25.532507 -25.376581
958.463006 -23.776848 -24.785523
959.208242 -21.563224 -24.040287
959.786447 -19.845741 -23.462082
960.570215 -17.517664 -22.678314
961.289746 -15.380392 -21.958783
962.638893 -11.372933 -20.609636
963.435513 -9.006679 -19.813016
964.116512 -6.983861 -19.132017
964.758954 -5.075572 -18.489574
965.568452 -2.671067 -17.680076
966.339368 -0.381165 -16.909161
967.084604 0.341120 -16.163925
967.778456 0.724784 -15.470073
968.485134 1.115540 -14.763394
969.281780 1.556042 -13.966749
969.924222 1.911279 -13.324307
970.579517 2.273622 -12.669012
971.363285 2.707004 -11.885244
971.992900 3.055148 -11.255629
972.712431 3.453011 -10.536098
973.496224 3.886407 -9.752305
974.151519 4.248750 -9.097010
974.858198 4.639506 -8.390331
975.564876 5.030262 -7.683652
976.361522 5.470765 -6.887007
977.145290 5.904147 -6.103239
978.430200 6.614634 -4.818329
979.406703 7.154588 -3.841826
979.984908 7.474305 -3.263621
980.781528 7.914794 -2.467000
981.449675 8.284244 -1.798853
982.182059 8.689213 -1.066470
983.081498 9.186556 -0.167030
984.404915 9.918335 1.156386
985.163003 10.337517 1.914474
986.602091 11.133257 3.353562
987.295917 11.516906 4.047388
988.092563 11.957409 4.844034
989.467389 12.717614 6.218860
990.199772 13.122584 6.951243
990.893599 13.506233 7.645070
991.728776 13.968042 8.480247
992.384071 14.330385 9.135542
993.180716 14.770888 9.932187
993.797454 15.111911 10.548925
994.491305 15.495574 11.242777
995.262221 15.921850 12.013692
996.123103 16.397872 12.874574
996.778398 16.760215 13.529869
997.523634 17.172291 14.275105
998.294574 17.598580 15.046046
998.937017 17.953817 15.688488
999.682253 18.365893 16.433724
1000.376079 18.749542 17.127550
1001.198404 19.204244 17.949875
1001.892256 19.587908 18.643727
1002.470461 20.615390 19.221933
1003.408433 22.484064 20.159904
1004.127964 23.917551 20.879435
1004.718996 25.095037 21.470468
1005.464232 26.579734 22.215704
1006.170937 27.987667 22.922408
1006.877615 29.395549 23.629087
1007.584320 30.803481 24.335791
1008.316703 32.262573 25.068174
1008.971998 33.568085 25.723469
1009.820002 35.257523 26.571473
1010.989266 37.586990 27.740737
1011.721649 39.046082 28.473121
1012.788119 35.798463 27.406651
1014.201477 31.494501 25.993293
1014.818240 29.616332 25.376530
1015.422125 27.777379 24.772645
1016.064567 25.821011 24.130203
1016.732714 23.786367 23.462056
1017.336624 21.947337 22.858146
1018.184629 19.364990 22.010141
1018.865628 17.291208 21.329142
1020.304690 12.908969 19.890080
1020.895748 11.109076 19.299022
1021.551043 9.113571 18.643727
1022.373368 6.609423 17.821402
1023.786751 2.305383 16.408019
1024.519135 0.075125 15.675635
1025.264371 -0.382849 14.930399
1025.958222 -0.751505 14.236548
1026.549255 -1.065531 13.645515
1027.384432 -1.509275 12.810338
1028.052579 -1.864274 12.142191
1028.836373 -2.280717 11.358397
1030.185494 -2.997529 10.009276
1030.943582 -3.400314 9.251188
1031.675966 -3.789443 8.518804
1032.408349 -4.178571 7.786421
1033.127880 -4.560870 7.066890
1034.014467 -5.031930 6.180303
1035.260795 -5.694125 4.933975
1036.083120 -6.131041 4.111650
1036.725587 -6.472395 3.469183
1037.522207 -6.895654 2.672563
1038.267443 -7.291611 1.927327
1038.999827 -7.680739 1.194943
1039.693679 -8.049395 0.501091
1040.503151 -8.479482 -0.308381
1041.222683 -8.861781 -1.027913
1041.993623 -9.271396 -1.798853
1042.764564 -9.681010 -2.569794
1044.203627 -10.445609 -4.008857
1044.936010 -10.834737 -4.741240
1045.604157 -11.189736 -5.409387
1046.259452 -11.537905 -6.064682
1047.081777 -11.974821 -6.887007
1047.788481 -12.350305 -7.593711
1048.495160 -12.725776 -8.300390
1049.266101 -13.135391 -9.071331
1049.985632 -13.517690 -9.790862
1050.820809 -13.961435 -10.626039
1051.424720 -14.282303 -11.229950
1052.799545 -15.012772 -12.604775
1053.724664 -15.504304 -13.529894
1054.392811 -15.859302 -14.198041
1055.651991 -16.528326 -15.457221
1056.512873 -16.985728 -16.318103
1057.155315 -17.327069 -16.960545
1058.003345 -17.777642 -17.808575
1059.378171 -18.508111 -19.183401
1059.982081 -18.828979 -19.787311
1060.894348 -19.945257 -20.699578
1062.166380 -22.404305 -21.971610
1062.873084 -23.770481 -22.678314
1063.592615 -25.161454 -23.397845
1064.414940 -26.751144 -24.220170
1065.648440 -29.135704 -25.453670
1066.316587 -30.427343 -26.121817
1066.920498 -31.594801 -26.725728
1067.832764 -33.358363 -27.637994
1069.104796 -35.817412 -28.910026
1070.004210 -33.145843 -28.010612
1070.672357 -31.161216 -27.342465
1071.366209 -29.100238 -26.648613
1072.715330 -25.092885 -25.299492
1073.293535 -23.375415 -24.721287
1073.987387 -21.314437 -24.027435
1074.809712 -18.871849 -23.205110
1076.030360 -15.246105 -21.984462
1076.698507 -13.261479 -21.316315
1077.572216 -10.666262 -20.442606
1078.201806 -8.796164 -19.813016
1078.818569 -6.964166 -19.196253
1079.615189 -4.597931 -18.399633
1080.244804 -2.727757 -17.770018
1080.951483 -0.628678 -17.063339
1081.773808 0.337021 -16.241014
1082.467660 0.719946 -15.547162
1083.277132 1.166680 -14.737690
1084.664811 1.932517 -13.350011
1085.294400 2.279977 -12.720422
1086.142430 2.747990 -11.872392
1086.720636 3.067092 -11.294186
1087.517281 3.506748 -10.497541
1088.223960 3.896752 -9.790862
1088.866402 4.251305 -9.148420
1089.598786 4.655496 -8.416036
1090.382579 5.088058 -7.632243
1090.960785 5.407160 -7.054037
1091.808789 5.875160 -6.206033
1092.554025 6.286443 -5.460797
1093.196493 6.641010 -4.818329
1093.941729 7.052293 -4.073093
1094.596998 7.413926 -3.417824
1095.445028 7.881939 -2.569794
1096.138880 8.264864 -1.875942
1096.909820 8.690334 -1.105002
1097.565115 9.051980 -0.449707
1098.451677 9.541258 0.436855
1099.106971 9.902905 1.092149
1099.877912 10.328374 1.863090
1100.481797 10.661648 2.466975
1101.368384 11.150941 3.353562
1102.049358 11.526759 4.034536
1102.756062 11.916777 4.741240
1103.475593 12.313874 5.460771
1104.143740 12.682614 6.128918
1104.978918 13.143534 6.964096
1105.659892 13.519352 7.645070
1106.353744 13.902278 8.338922
1107.111832 14.320654 9.097010
1107.805658 14.703565 9.790836
1108.692245 15.192858 10.677423
1109.938573 15.880685 11.923751
1110.658129 16.277796 12.643307
1111.377660 16.674894 13.362838
1112.289927 17.178358 14.275105
1112.932369 17.532911 14.917547
1113.703310 17.958381 15.688488
1114.397136 18.341292 16.382314
1115.206634 18.788041 17.191812
1115.900461 19.170952 17.885639
1116.645697 19.582235 18.630875
1117.365228 20.885132 19.350406
1118.071932 22.292126 20.057110
1118.727227 23.596768 20.712405
1119.510994 25.157191 21.496172
1120.217699 26.564186 22.202877
1120.937230 27.996718 22.922408
1121.643909 29.403662 23.629087
1122.299203 30.708304 24.284381
1123.057292 32.217601 25.042470
1123.776823 33.650133 25.762001
1125.254442 36.591963 27.239620
1126.410854 38.894290 28.396032
1127.104680 40.275646 29.089858
1127.798532 41.657053 29.783710
1129.044859 44.138396 31.030037
1129.802947 45.647693 31.788125
1131.113537 48.256977 33.098715
1131.858773 49.740686 33.843951
1132.501215 51.019740 34.486393
1133.156509 52.324382 35.141687
1133.760394 53.526671 35.745572
1135.173777 56.340610 37.158955
1135.841924 57.670840 37.827102
1136.522898 58.638550 38.508076
1137.332396 59.078917 39.317574
1137.987691 59.257119 39.972869
1138.694370 59.449294 40.679548
1139.413901 59.644964 41.399079
1140.107753 59.833650 42.092931
1140.878668 60.043294 42.863846
1141.649609 60.252944 43.634787
1142.921641 60.598862 44.906819
1143.641172 60.794532 45.626350
1144.335024 60.983218 46.320202
1145.208733 61.220816 47.193911
1145.864028 61.399017 47.849206
1146.557880 61.587704 48.543058
1147.213174 61.765905 49.198352
1148.112588 62.010493 50.097766
1148.780735 62.192189 50.765913
1149.551651 62.401832 51.536829
1150.245502 62.590519 52.230680
1151.029270 62.803658 53.014448
1151.723122 62.992344 53.708300
1152.352712 63.163556 54.337890
1153.239273 63.404648 55.224451
1154.202924 60.475604 54.260801
1155.500661 56.531095 52.963064
1156.644220 53.055214 51.819505
1157.415135 50.711994 51.048590
1158.031898 48.837326 50.431827
1158.828518 46.415975 49.635207
1159.972077 42.940095 48.491648
1160.575962 41.104569 47.887763
1161.205552 39.190912 47.258173
1162.066434 36.574236 46.397291
1162.657492 34.777698 45.806233
1163.364171 32.629727 45.099554
1164.738996 28.450903 43.724728
1165.381439 26.498182 43.082286
1166.036733 24.506394 42.426992
1166.781969 22.241228 41.681756
1167.514353 20.015126 40.949372
1168.375235 17.398450 40.088490
1169.428827 14.196026 39.034898
1170.161211 11.969925 38.302514
1170.855062 9.860942 37.608662
1171.664535 7.400526 36.799190
1172.332682 5.369674 36.131043
1173.052213 3.182638 35.411512
1173.733213 1.112720 34.730512
1174.401360 -0.111499 34.062365
1175.185127 -0.400806 33.278597
1175.878979 -0.656922 32.584746
1176.547101 -0.903541 31.916624
1177.240953 -1.159658 31.222772
1178.076130 -1.467941 30.387595
1178.757104 -1.719305 29.706621
1179.412399 -1.961189 29.051326
1180.067693 -2.203073 28.396032
1180.851486 -2.492389 27.612238
1181.583870 -2.762729 26.879855
1182.200607 -2.990381 26.263117
1182.958696 -3.270209 25.505029
1183.588286 -3.502605 24.875439
1184.269285 -3.753978 24.194440
1185.168699 -4.085972 23.295026
1185.836846 -4.332601 22.626879
1186.607787 -4.617173 21.855938
1187.288761 -4.868536 21.174964
1188.098259 -5.167341 20.365466
1188.856322 -5.447159 19.607403
1189.537321 -5.698532 18.926404
1190.256852 -5.964127 18.206872
1190.989236 -6.234467 17.474489
1191.927207 -6.580694 16.536518
1193.289206 -7.083439 15.174519
1194.060121 -7.368002 14.403603
1194.766826 -7.628862 13.696899
1195.653387 -7.956113 12.810338
1196.385771 -8.226453 12.077954
1196.963976 -8.439882 11.499748
1197.773449 -8.738677 10.690276
1198.493006 -9.004282 9.970719
1199.341010 -9.317300 9.122715
1200.034862 -9.573416 8.428863
1200.831482 -9.867467 7.632243
1201.499629 -10.114096 6.964096
1202.116392 -10.341757 6.347333
1203.015806 -10.673752 5.447919
1203.761042 -10.948835 4.702683
1204.364927 -11.171743 4.098798
1205.328603 -11.527458 3.135122
1205.983897 -11.769343 2.479827
1206.690576 -12.030194 1.773149
1207.422960 -12.300534 1.040765
1208.245310 -12.604082 0.218415
1208.964841 -12.869678 -0.501117
1209.697225 -13.140018 -1.233500
1210.545255 -13.453045 -2.081530
1211.842992 -13.932070 -3.379267
1212.729553 -14.259320 -4.265828
1213.307759 -14.472749 -4.844034
1214.117231 -14.771544 -5.653507
1214.811083 -15.027661 -6.347358
1215.402141 -15.245834 -6.938416
1216.301555 -15.577828 -7.837830
1216.956850 -15.819713 -8.493125
1217.650702 -16.075829 -9.186977
1218.485879 -16.384113 -10.022154
1219.886410 -16.901081 -11.422685
1220.618793 -17.171421 -12.155068
1221.286940 -17.418049 -12.823215
1222.083560 -17.712100 -13.619836
1222.790239 -17.972951 -14.326514
1223.535475 -18.248035 -15.071750
1224.255032 -18.513640 -15.791307
1224.948858 -18.769748 -16.485133
1226.490740 -20.299547 -18.027015
1227.801329 -22.496109 -19.337604
1228.508008 -23.680510 -20.044283
1229.176155 -24.800332 -20.712430
1229.972775 -26.135476 -21.509050
1230.602390 -27.190718 -22.138665
1231.283364 -28.332038 -22.819639
1232.131394 -29.753345 -23.667669
1232.889482 -31.023910 -24.425758
1234.225776 -33.263553 -25.762052
1235.420719 -35.266291 -26.956995
1236.345838 -36.816800 -27.882113
1237.566486 -38.862619 -29.102761
1238.388811 -40.240845 -29.925086
1238.967017 -41.209924 -30.503292
1239.712253 -42.458948 -31.248528
1240.341842 -43.514147 -31.878118
1241.009989 -44.633969 -32.546265
1241.652432 -45.710709 -33.188707
1242.500461 -47.132016 -34.036737
1243.104372 -48.144177 -34.640647
1243.733962 -49.199376 -35.270237
1244.466345 -50.426859 -36.002620
1245.121640 -51.525140 -36.657915
1245.751255 -52.580382 -37.287530
1246.535023 -53.893985 -38.071298
1247.190317 -54.992266 -38.726593
1247.858464 -56.112088 -39.394740
1248.449522 -56.695468 -39.985798
1249.323232 -56.646833 -40.859507
1250.017083 -56.608209 -41.553359
1250.672378 -56.571732 -42.208653
1251.404762 -56.530964 -42.941037
1252.201407 -56.486619 -43.737682
1252.843849 -56.450857 -44.380125
1253.563381 -56.410804 -45.099656
1254.218675 -56.374327 -45.754950
1254.951059 -56.333559 -46.487334
1256.313058 -56.257744 -47.849333
1256.981205 -56.220551 -48.517480
1257.739293 -56.178352 -49.275568
1258.356030 -56.144021 -49.892306
1259.229765 -56.095385 -50.766040
1259.885060 -56.058908 -51.421335
1260.617443 -56.018140 -52.153718
1261.324122 -55.978802 -52.860397
1261.953737 -56.280860 -53.490012
1262.853151 -57.334184 -54.389426
1263.444209 -58.026385 -54.980484
1264.215150 -58.929251 -55.751425
1264.857592 -59.681629 -56.393867
1265.577123 -57.548157 -55.674336
1266.605061 -54.500231 -54.646398
1267.208946 -52.709660 -54.042513
1267.800004 -50.957121 -53.451455
1268.532388 -48.785540 -52.719072
1269.650242 -45.471006 -51.601218
1270.446888 -43.108882 -50.804572
1271.551889 -39.832457 -49.699570
1272.232889 -37.813234 -49.018571
1273.003804 -35.527403 -48.247656
1274.185920 -32.022326 -47.065540
1274.815510 -30.155538 -46.435950
1275.560746 -27.945848 -45.690714
1276.807098 -24.250304 -44.444361
1277.552334 -22.040615 -43.699125
1278.246161 -19.983359 -43.005299
1278.888628 -18.078387 -42.362831
1279.788042 -15.411546 -41.463417
1280.366248 -13.697116 -40.885212
1281.021543 -11.754111 -40.229917
1281.805310 -9.430171 -39.446149
1282.563399 -7.182373 -38.688061
1283.347192 -4.858358 -37.904268
1284.015339 -2.877244 -37.236121
1284.709165 -0.819988 -36.542294
1285.492959 0.163817 -35.758501
1286.353841 0.441842 -34.897619
1287.600193 0.844357 -33.651266
1288.242636 1.051836 -33.008824
1289.874433 1.578832 -31.377026
1291.107933 1.977196 -30.143526
1291.788933 2.197127 -29.462527
1292.521316 2.433653 -28.730143
1293.292257 2.682632 -27.959202
1293.998936 2.910856 -27.252524
1294.757024 3.155684 -26.494435
1295.502260 3.396361 -25.749199
1296.337438 3.666085 -24.914022
1296.928496 3.856970 -24.322964
1297.673732 4.097647 -23.577728
1298.547441 4.379814 -22.704019
1299.215588 4.595595 -22.035872
1300.037913 4.861168 -21.213547
1300.667528 5.064505 -20.583931
1301.451296 5.317626 -19.800164
1302.222237 5.566604 -19.029223
1302.838974 5.765782 -18.412485
1303.699856 6.043808 -17.551603
1304.432240 6.280334 -16.819220
1305.190328 6.525162 -16.061131
1305.858475 6.740942 -15.392984
1306.822151 7.052165 -14.429308
1308.171272 7.487869 -13.080187
1308.877977 7.716102 -12.373483
1309.726006 7.989977 -11.525453
1310.342744 8.189155 -10.908716
1311.177921 8.458879 -10.073538
1311.846068 8.674659 -9.405391
1312.578452 8.911186 -8.673008
1313.362245 9.164315 -7.889215
1313.978982 9.363493 -7.272477
1314.788455 9.624915 -6.463005
1315.482307 9.848997 -5.769153
1316.086192 10.044024 -5.165268
1316.780044 10.268107 -4.471416
1317.615221 10.537830 -3.636239
1318.424694 10.799253 -2.826766
1319.118545 11.023335 -2.132914
1319.863781 11.264012 -1.387678
1320.480519 11.463190 -0.770941
1321.315696 11.732914 0.064237
1322.099489 11.986043 0.848030
1322.780463 12.205966 1.529004
1323.525699 12.446643 2.274240
1324.309493 12.699772 3.058033
1325.054729 12.940449 3.803269
1325.825669 13.189428 4.574210
1326.455259 13.392756 5.203800
1327.226175 13.641727 5.974715
1327.971411 13.882403 6.719951
1328.639558 14.098184 7.388098
1329.500440 14.376210 8.248980
1330.104325 14.571237 8.852865
1330.965207 14.849262 9.713747
1331.671911 15.077495 10.420452
1332.391442 15.309870 11.139983
1333.149531 15.554698 11.898071
1333.817652 15.770471 12.566193
1334.807033 16.089995 13.555574
1335.488007 16.309918 14.236548
1336.143302 16.521549 14.891842
1336.862858 16.753932 15.611399
1337.479596 16.953110 16.228136
1338.481804 17.276777 17.230344
1339.265597 17.529906 18.014137
1339.985128 17.762282 18.733668
1340.717512 17.998808 19.466052
1341.385659 18.214589 20.134199
1342.220836 18.484313 20.969376
1342.876131 18.695943 21.624671
1343.711308 18.965666 22.459848
1344.456544 19.206343 23.205084
1345.291721 19.476067 24.040262
1345.959868 19.691848 24.708409
1346.615138 19.903470 25.363678
1347.321842 20.131703 26.070382
1348.054225 20.368229 26.802766
1348.979344 20.667000 27.727885
1350.379875 21.127827 29.128415
1351.022317 22.153832 29.770857
1351.690464 23.220889 30.439004
1352.474232 24.472596 31.222772
1353.129526 25.519127 31.878067
1353.900467 26.750349 32.649008
1354.530057 27.755829 33.278597
1355.223883 28.863896 33.972424
1356.007677 30.115644 34.756217
1356.675824 31.182701 35.424364
1357.331118 32.229232 36.079659
1358.037797 33.357825 36.786337
1358.924359 34.773698 37.672899
1359.515417 35.717641 38.263957
1360.222095 36.846234 38.970636
1360.890242 37.913291 39.638783
1361.506980 38.898244 40.255520
1362.303625 40.170518 41.052166
1363.010304 41.299111 41.758845
1363.896866 38.604381 40.872283
1364.577865 36.534464 40.191284
1365.811365 32.785204 38.957783
1366.466635 30.793494 38.302514
1367.134782 28.762642 37.634367
1367.905722 26.419345 36.863426
1368.561017 24.427557 36.208132
1369.203459 22.474836 35.565690
1369.922990 20.287799 34.846158
1370.616842 18.178817 34.152307
1371.195022 16.421421 33.574126
1371.773228 14.663948 32.995921
1372.724052 11.773892 32.045097
1373.327937 9.938366 31.441212
1374.047468 7.751330 30.721681
1374.805556 5.447098 29.963593
1375.435146 3.533441 29.334003
1376.218939 1.151079 28.550210
1376.977028 -0.128757 27.792121
1378.300444 -0.577902 26.468705
1379.020000 -0.822107 25.749148
1379.752384 -1.070666 25.016765
1380.510472 -1.327948 24.258676
1381.692563 -1.729130 23.076586
1382.591977 -2.034376 22.177172
1383.324361 -2.282934 21.444788
1384.056744 -2.531493 20.712405
1385.341629 -2.967561 19.427520
1386.189658 -3.255368 18.579490
1386.986304 -3.525736 17.782845
1387.718688 -3.774294 17.050461
1388.451071 -4.022853 16.318078
1389.324806 -4.319384 15.444343
1389.941543 -4.528694 14.827606
1390.661074 -4.772890 14.108074
1391.354926 -5.008372 13.414223
1392.035900 -5.239483 12.733249
1392.909635 -5.536014 11.859514
1393.642018 -5.784572 11.127130
1394.387254 -6.037493 10.381894
1395.055401 -6.264251 9.713747
1395.864874 -6.538972 8.904275
1396.622962 -6.796254 8.146186
1397.381051 -7.053537 7.388098
1398.126287 -7.306457 6.642862
1398.961464 -7.589902 5.807685
1399.565349 -7.794850 5.203800
1400.336290 -8.056495 4.432859
1401.094378 -8.313777 3.674770
1401.813910 -8.557974 2.955239
1402.559146 -8.810894 2.210003
1403.407175 -9.098701 1.361973
1404.062470 -9.321097 0.706679
1404.846238 -9.587094 -0.077089
1405.591474 -9.840015 -0.822325
1406.400972 -10.114745 -1.631823
1407.107651 -10.354580 -2.338502
1407.827182 -10.598776 -3.058033
1408.521034 -10.834258 -3.751885
1409.163476 -11.052292 -4.394327
1410.217093 -11.409872 -5.447944
1411.527682 -11.854663 -6.758534
1412.144420 -12.063974 -7.375271
1413.005302 -12.356143 -8.236153
1413.724833 -12.600339 -8.955684
1414.405833 -12.831459 -9.636684
1415.228158 -13.110542 -10.459009
1415.960541 -13.359101 -11.191392
1416.821423 -13.651269 -12.052275
1418.132013 -14.096061 -13.362864
1418.851544 -14.340258 -14.082395
1419.571075 -14.584455 -14.801926
1420.547603 -14.915872 -15.778455
1421.909577 -15.378102 -17.140428
1422.603429 -15.613584 -17.834280
1423.361517 -15.870866 -18.592368
1424.119605 -16.128149 -19.350457
1424.877668 -16.385422 -20.108520
1425.532963 -16.607818 -20.763814
1426.201110 -16.834576 -21.431961
1427.061992 -17.126745 -22.292843
1427.858612 -17.397104 -23.089464
1428.565317 -17.636948 -23.796168
1429.233464 -17.863705 -24.464315
1430.042936 -18.138427 -25.273787
1430.865261 -18.417510 -26.096112
1431.443467 -18.613743 -26.674318
1432.240112 -18.884111 -27.470964
1432.895407 -19.106507 -28.126258
1433.499292 -19.311455 -28.730143
1434.540057 -19.664673 -29.770908
1435.786410 -20.087664 -31.017261
1436.595882 -20.362386 -31.826733
1437.276882 -20.605897 -32.507733
1437.983560 -21.745568 -33.214412
1438.690265 -22.885280 -33.921116
1439.384091 -24.004223 -34.614942
1440.026533 -25.040298 -35.257384
1440.951652 -26.532250 -36.182503
1441.568415 -27.526912 -36.799266
1442.223709 -28.583715 -37.454561
1442.981798 -29.806294 -38.212649
1443.701329 -30.966692 -38.932180
1444.626448 -32.458644 -39.857299
1445.757154 -34.282150 -40.988005
1446.502390 -35.484002 -41.733241
1447.157685 -36.540805 -42.388536
1447.838684 -37.639062 -43.069535
1448.468274 -35.772490 -42.439946
1449.059332 -34.020155 -41.848888
1449.766036 -31.924958 -41.142183
1451.089452 -28.001369 -39.818767
1452.374362 -24.191941 -38.533857
1453.093893 -22.058716 -37.814326
1453.736336 -20.154040 -37.171884
1454.455867 -18.020815 -36.452353
1455.149719 -15.963722 -35.758501
1455.882102 -13.792393 -35.026117
1456.524544 -11.887717 -34.383675
1457.218396 -9.830625 -33.689823
1457.925075 -7.735503 -32.983145
1458.657484 -5.564099 -32.250736
1459.479809 -3.126116 -31.428411
1460.173635 -1.069099 -30.734584
1460.957429 0.147785 -29.950791
1461.741222 0.421499 -29.166998
1462.409343 0.654819 -28.498876
1463.038959 0.874691 -27.869261
1463.835579 1.152885 -27.072641
1464.542283 1.399679 -26.365937
1465.223257 1.637486 -25.684963
1466.019903 1.915689 -24.888317
1466.688050 2.149018 -24.220170
1467.471817 2.422723 -23.436402
1468.152817 2.660540 -22.755403
1468.769554 2.875915 -22.138665
1469.553347 3.149629 -21.354872
1470.298583 3.409879 -20.609636
1471.005262 3.656663 -19.902957
1471.776203 3.925889 -19.132017
1472.739879 4.262422 -18.168341
1473.973379 4.693182 -16.934840
1474.718615 4.953431 -16.189604
1475.412442 5.195727 -15.495778
1476.286176 5.500851 -14.622043
1476.941471 5.729691 -13.966749
1477.661002 5.980964 -13.247218
1478.431943 6.250190 -12.476277
1479.164326 6.505951 -11.743893
1480.038061 6.811074 -10.870159
1480.719035 7.048882 -10.189185
1481.451419 7.304643 -9.456801
1482.132418 7.542460 -8.775802
1483.070389 7.870016 -7.837830
1483.648595 8.071935 -7.259625
1484.342421 8.314232 -6.565798
1485.087657 8.574481 -5.820562
1485.832893 8.834730 -5.075326
1486.603834 9.103956 -4.304386
1487.284833 9.341773 -3.623386
1488.094306 9.624455 -2.813914
1488.762453 9.857784 -2.145767
1490.240073 10.373794 -0.668147
1490.933899 10.616090 0.025679
1491.691987 10.880828 0.783768
1492.372987 11.118645 1.464767
1493.092518 11.369918 2.184298
1493.824902 11.625679 2.916682
1494.685784 11.926314 3.777564
1495.379636 12.168619 4.471416
1495.970668 12.375018 5.062449
1496.895787 12.698086 5.987567
1497.538229 12.922438 6.630010
1498.270638 13.178208 7.362419
1499.067258 13.456401 8.159039
1499.799642 13.712162 8.891422
1500.621967 13.999333 9.713747
1501.213025 14.205740 10.304805
1501.996793 14.479446 11.088573
1502.729202 14.735216 11.820982
1503.345939 14.950591 12.437720
1504.283910 15.278147 13.375691
1505.003442 15.529420 14.095222
1505.722973 15.780693 14.814753
1506.339736 15.996077 15.431516
1507.252002 16.314656 16.343782
1508.010090 16.579394 17.101871
1508.832415 16.866564 17.924196
1509.603331 17.135781 18.695111
1510.310035 17.382575 19.401815
1511.183744 17.687689 20.275525
1511.826186 17.912041 20.917967
1512.558595 18.167811 21.650376
1513.342363 18.441516 22.434144
1513.959101 18.656892 23.050881
1514.832835 18.962015 23.924616
1515.578071 19.222265 24.669852
1516.169129 19.428672 25.260910
1516.927192 19.693401 26.018973
1517.633896 19.940195 26.725677
1518.404812 20.209412 27.496592
1519.239989 20.501070 28.331770
1519.908136 20.734399 28.999917
1520.537726 20.954262 29.629506
1521.475697 21.937375 30.567478
1522.066755 22.916254 31.158536
1522.760582 24.065334 31.852362
1523.480138 25.257027 32.571919
1524.161112 26.384821 33.252893
1524.996290 27.767999 34.088070
1525.625879 28.810693 34.717660
1526.358263 30.023629 35.450043
1527.013558 31.108895 36.105338
1527.771646 32.364402 36.863426
1528.401236 33.407096 37.493016
1529.146472 34.641318 38.238252
1529.891708 35.875539 38.983488
1531.433589 38.429125 40.525370
1532.615680 40.386842 41.707460
1533.232417 41.408251 42.324198
1533.977653 39.143085 41.578962
1534.671480 37.034179 40.885135
1535.815039 33.558299 39.741577
1536.585979 31.215001 38.970636
1538.012189 26.879994 37.544426
1539.117191 23.521310 36.439424
1540.055162 20.670319 35.501453
1540.684752 18.756662 34.871863
1541.352899 16.725810 34.203716
1542.136692 14.343448 33.419923
1542.804814 12.312672 32.751801
1543.434429 10.398939 32.122186
1544.128255 8.290033 31.428360
1544.950580 5.790552 30.606035
1546.312554 1.650794 29.244061
1547.006406 -0.050845 28.550210
1547.623143 -0.258867 27.933472
1548.381231 -0.514566 27.175384
1549.036526 -0.735593 26.520089
1549.820319 -0.999962 25.736296
1550.591235 -1.259987 24.965381
1551.207997 -1.468018 24.348618
1551.850440 -1.684710 23.706176
1552.698469 -1.970745 22.858146
1553.405148 -2.209104 22.151467
1554.201768 -2.477799 21.354847
1554.895620 -2.711832 20.660995
1555.589447 -2.945855 19.967169
1556.437476 -3.231891 19.119139
1557.157008 -3.474585 18.399608
1557.863712 -3.712952 17.692903
1558.647480 -3.977312 16.909136
1559.367036 -4.220015 16.189579
1560.048010 -4.449703 15.508605
1560.767541 -4.692397 14.789074
1561.641276 -4.987103 13.915339
1563.003249 -5.446489 12.553366
1563.748485 -5.697852 11.808130
1564.403780 -5.918879 11.152835
1565.200426 -6.187583 10.356190
1565.817163 -6.395605 9.739452
1566.767987 -6.716313 8.788629
1567.474665 -6.954671 8.081950
1568.168517 -7.188704 7.388098
1569.042226 -7.483401 6.514389
1569.813167 -7.743435 5.743448
1571.136609 -8.189824 4.420006
1571.843288 -8.428183 3.713328
1572.678465 -8.709883 2.878150
1573.526495 -8.995919 2.030120
1574.143232 -9.203941 1.413383
1574.939878 -9.472645 0.616737
1575.685114 -9.724009 -0.128499
1577.111349 -10.205070 -1.554734
1577.895117 -10.469430 -2.338502
1578.627501 -10.716459 -3.070885
1579.321352 -10.950491 -3.764737
1580.040884 -11.193185 -4.484268
1580.786120 -11.444549 -5.229504
1581.569913 -11.708918 -6.013298
1582.289444 -11.951611 -6.732829
1582.919034 -12.163968 -7.362419
1583.998356 -12.528018 -8.441741
1584.576536 -12.723034 -9.019921
1585.218978 -12.939726 -9.662363
1585.977067 -13.195425 -10.420452
1586.632361 -13.416452 -11.075746
1587.467539 -13.698153 -11.910924
1588.161391 -13.932185 -12.604775
1588.932331 -14.192219 -13.375716
1589.600453 -14.417573 -14.043838
1590.217216 -14.625603 -14.660601
1591.116630 -14.928970 -15.560015
1591.861866 -15.180334 -16.305251
1592.658511 -15.449038 -17.101896
1593.236692 -15.644055 -17.680076
1594.084721 -15.930091 -18.528106
1594.894219 -16.203130 -19.337604
1595.652308 -16.458829 -20.095693
1596.333282 -16.688517 -20.776667
1597.207016 -16.983223 -21.650401
1597.888016 -17.212920 -22.331401
1598.543310 -17.433947 -22.986695
1599.249989 -17.672306 -23.693374
1600.059462 -17.945336 -24.502847
1600.766166 -18.183704 -25.209551
1601.421461 -18.404731 -25.864845
1602.282343 -18.695101 -26.725728
1603.001874 -18.937795 -27.445259
1603.682873 -19.167492 -28.126258
1604.428109 -19.418856 -28.871494
1605.121936 -19.652880 -29.565321
1605.892877 -19.912914 -30.336261
1606.728054 -20.194614 -31.171439
1607.948702 -20.606332 -32.392087
1608.835263 -21.909223 -33.278648
1609.439174 -22.880410 -33.882559
1610.235794 -24.161505 -34.679179
1610.968203 -25.339337 -35.411588
1611.687734 -26.496461 -36.131119
1612.972619 -28.562764 -37.416003
1613.666470 -29.678591 -38.109855
1614.308913 -30.711742 -38.752297
1615.092706 -31.972209 -39.536091
1615.863621 -33.211967 -40.307006
1616.531768 -34.286456 -40.975153
1617.212768 -35.381614 -41.656152
1618.600446 -37.613226 -43.043831
1619.230036 -35.746674 -42.414241
1619.911035 -33.727707 -41.733241
1621.080273 -30.261253 -40.564003
1621.786977 -28.166079 -39.857299
1623.136098 -24.166325 -38.508178
1623.740009 -22.375904 -37.904268
1624.395303 -20.433145 -37.248973
1625.101982 -18.338046 -36.542294
1625.847218 -16.128636 -35.797058
1626.476833 -14.262009 -35.167443
1627.222069 -12.052599 -34.422207
1627.915896 -9.995604 -33.728381
1628.635452 -7.862326 -33.008824
1629.534866 -5.195823 -32.109410
1630.858308 -1.272200 -30.785968
1631.603544 0.110359 -30.040732
1632.335928 0.366035 -29.308349
1633.042632 0.612747 -28.601645
1633.864957 0.899822 -27.779320
1634.558783 1.142038 -27.085493
1635.342576 1.415662 -26.301700
1636.177754 1.707224 -25.466523
1637.514048 2.173726 -24.130229
1638.182195 2.406978 -23.462082
1639.672667 2.927304 -21.971610
1640.289404 3.142608 -21.354872
1641.098877 3.425197 -20.545400
1641.818433 3.676395 -19.825843
1642.576496 3.941037 -19.067780
1643.296053 4.192235 -18.348223
1644.066968 4.461363 -17.577308
1644.747968 4.699101 -16.896309
1645.467499 4.950291 -16.176777
1646.392643 5.273260 -15.251633
1647.047938 5.502025 -14.596339
1647.664675 5.717329 -13.979601
1648.435616 5.986466 -13.208660
1649.232236 6.264568 -12.412040
1650.247296 6.618927 -11.396980
1651.403708 7.022632 -10.240569
1652.187475 7.296247 -9.456801
1652.984121 7.574358 -8.660155
1653.755062 7.843494 -7.889215
1654.525977 8.112622 -7.118299
1655.849419 8.574638 -5.794858
1656.646039 8.852740 -4.998237
1657.237097 9.059079 -4.407179
1658.149363 9.377553 -3.494913
1658.791806 9.601831 -2.852471
1659.511362 9.853030 -2.132914
1660.410776 10.167017 -1.233500
1661.734218 10.629033 0.089941
1662.466601 10.884709 0.822325
1663.134748 11.117960 1.490472
1664.034162 11.431947 2.389886
1664.638073 11.642774 2.993796
1665.396136 11.907415 3.751859
1666.115692 12.158613 4.471416
1666.848076 12.414290 5.203800
1667.644696 12.692391 6.000420
1668.274286 12.912182 6.630010
1669.109463 13.203744 7.465187
1669.739079 13.423544 8.094802
1670.779818 13.786868 9.135542
1671.961934 14.199547 10.317658
1672.732850 14.468675 11.088573
1673.580879 14.764724 11.936603
1674.364673 15.038348 12.720396
1675.019967 15.267112 13.375691
1675.752351 15.522789 14.108074
1676.561823 15.805377 14.917547
1677.178561 16.020681 15.534284
1678.078000 16.334677 16.433724
1678.810384 16.590354 17.166107
1679.542767 16.846030 17.898491
1680.326561 17.119654 18.682284
1681.084624 17.384295 19.440347
1681.791328 17.631007 20.147051
1682.600800 17.913595 20.956524
1683.384594 18.187219 21.740317
1683.975626 18.393549 22.331350
1684.977834 18.743422 23.333558
1685.556040 18.945275 23.911763
1686.301276 19.205438 24.656999
1686.995127 19.447663 25.350851
1687.740363 19.707826 26.096087
1688.549836 19.990414 26.905560
1689.192278 20.214692 27.548002
1690.001751 20.497281 28.357474
1690.669898 20.730532 29.025621
1692.134665 21.785871 30.490389
1692.828517 22.934820 31.184240
1693.612285 24.232660 31.968008
1694.190490 25.190110 32.546214
1694.987110 26.509233 33.342834
1695.693815 27.679464 34.049538
1696.387641 28.828371 34.743365
1697.068640 29.956037 35.424364
1697.801024 31.168790 36.156748
1698.584792 32.466631 36.940515
1699.201555 33.487928 37.557278
1699.869676 34.594270 38.225400
1700.640617 35.870870 38.996341
1701.989738 38.104879 40.345462
1702.632206 39.168740 40.987929
1703.351737 40.360211 41.707460
1703.981327 41.402749 42.337050
1704.713710 42.615502 43.069434
1705.381857 43.721886 43.737581
1706.139946 44.977204 44.495669
1706.833772 46.126111 45.189496
1708.028715 48.104816 46.384439
1708.915277 49.572872 47.271000
1709.583424 50.679257 47.939147
1710.868308 52.806896 49.224032
1711.523603 53.891997 49.879326
1712.243134 55.083468 50.598857
1713.026927 56.381351 51.382651
1713.682222 57.466453 52.037945
1714.311811 58.508990 52.667535
1715.146989 59.891960 53.502712
1715.776579 60.934497 54.132302
1716.573199 62.253620 54.928922
1717.960877 63.039986 56.316601
1718.641876 63.225178 56.997600
1719.412817 63.434828 57.768541
1720.145201 63.433306 58.500924
1720.800495 63.273506 59.156219
1721.507174 63.101175 59.862898
1722.201001 62.931979 60.556724
1723.023326 62.731447 61.379049
1723.717177 62.562244 62.072901
1724.346767 62.408713 62.702491
1725.181945 62.205046 63.537668
1725.901476 62.029582 64.257199
1726.608180 61.857245 64.963904
1727.430505 61.656713 65.786229
1728.355624 61.431113 66.711347
1729.550567 61.139715 67.906290
1730.308630 60.954854 68.664353
1731.002482 60.785651 69.358205
1731.811954 60.588253 70.167678
1732.531485 60.412788 70.887209
1733.263869 60.234189 71.619593
1733.854927 60.090054 72.210651
1734.651547 59.895790 73.007271
1735.383931 59.717192 73.739654
1736.553169 56.168450 72.570416
1737.298405 53.906592 71.825180
1737.876611 52.151687 71.246975
1738.506200 50.240826 70.617385
1739.765380 46.419104 69.358205
1740.369290 44.586182 68.754295
1741.088822 42.402341 68.034764
1741.718411 40.491480 67.405174
1742.540736 37.995650 66.582849
1743.799916 34.173928 65.323669
1744.429531 32.262990 64.694054
1745.020564 30.469154 64.103021
1745.727243 28.324321 63.396343
1746.446799 26.140403 62.676786
1747.050684 24.307558 62.072901
1747.821625 21.967684 61.301960
1748.502599 19.900868 60.620986
1749.234983 17.678018 59.888603
1749.903130 15.650133 59.220456
1750.545572 13.700264 58.578013
1751.290808 11.438406 57.832777
1752.087428 9.020593 57.036157
1752.755575 6.992707 56.368010
1753.449427 4.886805 55.674158
1754.117548 2.858997 55.006037
1754.747164 0.948059 54.376422
1755.595168 -0.134067 53.528417
1756.301872 -0.310950 52.821713
1756.969994 -0.478177 52.153591
1757.740935 -0.671138 51.382651
1758.499023 -0.860883 50.624562
1759.257111 -1.050627 49.866474
1759.950938 -1.224287 49.172647
1760.606232 -1.388303 48.517353
1761.338616 -1.571614 47.784969
1762.058147 -1.751708 47.065438
1762.777678 -1.931802 46.345907
1763.612856 -2.140841 45.510729
1764.281003 -2.308074 44.842582
1764.897766 -2.462446 44.225820
1765.668681 -2.655401 43.454904
1766.311123 -2.816200 42.812462
1767.094916 -3.012378 42.028669
1767.878684 -3.208550 41.244901
1769.279215 -3.559094 39.844370
1770.011598 -3.742405 39.111987
1770.641188 -3.899987 38.482397
1771.450686 -4.102599 37.672899
1772.131660 -4.273042 36.991925
1773.005395 -4.491732 36.118190
1773.660689 -4.655748 35.462896
1774.341663 -4.826191 34.781922
1775.022663 -4.996641 34.100922
1775.755046 -5.179952 33.368539
1776.538840 -5.376130 32.584746
1777.206961 -5.543357 31.916624
1777.990754 -5.739535 31.132831
1778.620344 -5.897117 30.503241
1779.429817 -6.099723 29.693768
1780.213610 -6.295901 28.909975
1780.945994 -6.479212 28.177592
1781.678377 -6.662523 27.445208
1782.346524 -6.829756 26.777061
1783.233086 -7.051656 25.890499
1783.952617 -7.231750 25.170968
1784.633616 -7.402200 24.489969
1785.391705 -7.591944 23.731880
1786.149793 -7.781689 22.973792
1786.869324 -7.961783 22.254261
1787.691649 -8.167605 21.431936
1788.449738 -8.357350 20.673847
1789.053623 -8.508498 20.069962
1789.747475 -8.682165 19.376111
1790.582652 -8.891204 18.540933
1791.392125 -9.093810 17.731461
1792.214450 -9.299632 16.909136
1792.921154 -9.476516 16.202431
1793.602128 -9.646959 15.521457
1794.411626 -9.849571 14.711959
1795.169689 -10.039309 13.953896
1795.837836 -10.206542 13.285749
1796.750102 -10.434876 12.373483
1797.456806 -10.611760 11.666779
1798.124953 -10.778993 10.998632
1798.921574 -10.978382 10.202012
1799.653957 -11.161692 9.469628
1800.309252 -11.325708 8.814333
1801.195839 -11.547615 7.927746
1801.889665 -11.721275 7.233920
1802.699138 -11.923881 6.424447
1803.341580 -12.084680 5.782005
1804.086816 -12.271208 5.036769
1804.857757 -12.464169 4.265828
1805.602993 -12.650697 3.520592
1806.322524 -12.830791 2.801061
1807.042081 -13.010891 2.081505
1807.877258 -13.219931 1.246327
1808.673878 -13.419319 0.449707
1809.380557 -13.596196 -0.256972
1810.112966 -13.779514 -0.989381
1810.909586 -13.978902 -1.786001
1811.577733 -14.146135 -2.454148
1812.374353 -14.345524 -3.250768
1813.119589 -14.532052 -3.996004
1813.877678 -14.721796 -4.754093
1814.751412 -14.940486 -5.627827
1816.036297 -15.262084 -6.912712
1816.781533 -15.448612 -7.657948
1818.310562 -15.831318 -9.186977
1818.978684 -15.998544 -9.855098
1819.801034 -16.204373 -10.677449
1821.252949 -16.567778 -12.129364
1822.023890 -16.760739 -12.900304
1822.640627 -16.915105 -13.517042
1823.514362 -17.133795 -14.390776
1824.143951 -17.291377 -15.020366
1825.004834 -17.506850 -15.881248
1825.711512 -17.683727 -16.587927
1826.379659 -17.850960 -17.256074
1827.137748 -18.040705 -18.014163
1827.831574 -18.214365 -18.707989
1828.756693 -18.445916 -19.633108
1829.411988 -18.609932 -20.288402
1830.118692 -18.786815 -20.995107
1830.838223 -18.966909 -21.714638
1832.405784 -19.359259 -23.282199
1833.112488 -19.536143 -23.988903
1833.819167 -19.713020 -24.695582
1834.461609 -19.873819 -25.338024
1835.283960 -20.079648 -26.160374
1835.964934 -20.250091 -26.841348
1836.774432 -20.452703 -27.650846
1837.532520 -20.642448 -28.408935
1838.239199 -21.538770 -29.115614
1839.022992 -22.626270 -29.899407
1839.639729 -23.481983 -30.516144
1840.449202 -24.605113 -31.325617
1841.104497 -25.514323 -31.980911
1841.824053 -26.512696 -32.700468
1842.620673 -27.617993 -33.497088
1843.211731 -28.438076 -34.088146
1844.098293 -29.668166 -34.974708
1844.727908 -30.541746 -35.604323
1846.154118 -32.520589 -37.030533
1846.809413 -33.429799 -37.685828
1847.567501 -34.481635 -38.443916
1848.235648 -35.408677 -39.112063
1848.955179 -36.407015 -39.831594
1849.738973 -37.494515 -40.615387
1850.368562 -38.368060 -41.244977
1851.113798 -39.402063 -41.990213
1851.871887 -40.453898 -42.748302
1852.552886 -41.398773 -43.429301
1853.850623 -43.199362 -44.727038
1854.647269 -44.304694 -45.523683
1855.855064 -45.980490 -46.731479
1856.523211 -46.907533 -47.399626
1857.165653 -47.798911 -48.042068
1857.859480 -48.761583 -48.735894
1858.707509 -49.938211 -49.583924
1860.082361 -51.845794 -50.958775
1861.328688 -53.575052 -52.205103
1862.086776 -54.626887 -52.963191
1862.742071 -55.536098 -53.618486
1863.397365 -56.445308 -54.273780
1864.052660 -57.354518 -54.929075
1864.875010 -58.495516 -55.751425
1865.530305 -59.404726 -56.406720
1866.211279 -60.349566 -57.087694
1866.969367 -61.401401 -57.845782
1867.637514 -62.191074 -58.513929
1868.331366 -63.003659 -59.207781
1869.076602 -63.876422 -59.953017
1869.731897 -64.643852 -60.608312
1870.554222 -65.606895 -61.430637
1871.132427 -66.284045 -62.008842
1872.031867 -67.337398 -62.908282
1872.635752 -68.044621 -63.512167
1873.393840 -68.932435 -64.270255
1874.126224 -69.790146 -65.002639
1875.629548 -71.550723 -66.505963
1876.323400 -72.363308 -67.199815
1876.965842 -73.115687 -67.842257
1877.788167 -74.078730 -68.664582
1878.366373 -74.755879 -69.242788
1879.137314 -75.658745 -70.013728
1880.011048 -76.681995 -70.887463
1880.679195 -77.464477 -71.555610
1881.527225 -77.528411 -72.403640
1882.285313 -74.480493 -73.161728
1882.902051 -72.000882 -73.778466
1883.647287 -69.004638 -74.523702
1884.264024 -67.178534 -73.906964
1885.317642 -64.058867 -72.853347
1885.934379 -62.232762 -72.236609
1886.576847 -60.330473 -71.594142
1887.694701 -57.020607 -70.476288
1888.362848 -55.042284 -69.808141
1889.108084 -52.835706 -69.062905
1890.225938 -49.525841 -67.945051
1890.984026 -47.281208 -67.186962
1891.652173 -45.302885 -66.518815
1892.243231 -43.552815 -65.927757
1893.014146 -41.270203 -65.156842
1893.605204 -39.520133 -64.565784
1894.273351 -37.541810 -63.897637
1894.864409 -35.791740 -63.306579
1895.905174 -32.710127 -62.265814
1897.035881 -29.362207 -61.135108
1897.832501 -27.003485 -60.338487
1898.526353 -24.949052 -59.644636
1899.361530 -22.476166 -58.809458
1900.749208 -18.367375 -57.421780
1901.931324 -14.867235 -56.239664
1902.882123 -12.052007 -55.288866
1903.524590 -10.149717 -54.646398
1904.192712 -8.171469 -53.978277
1904.860859 -6.193145 -53.310130
1905.567563 -4.100657 -52.603425
1906.531239 -1.247299 -51.639749
1907.764714 0.170154 -50.406275
1908.651301 0.355887 -49.519688
1909.537862 0.541615 -48.633126
1910.784215 0.802717 -47.386773
1911.362421 0.923846 -46.808568
1912.159066 1.090738 -46.011922
1912.917129 1.249546 -45.253859
1914.369069 1.553716 -43.801919
1915.037216 1.693688 -43.133772
1916.437747 1.987089 -41.733241
1917.195835 2.145903 -40.975153
1917.851130 2.283182 -40.319858
1918.583514 2.436611 -39.587475
1919.328750 2.592732 -38.842239
1920.125395 2.759623 -38.045593
1920.922015 2.926509 -37.248973
1921.628694 3.074553 -36.542294
1922.348251 3.225295 -35.822738
1923.273370 3.419100 -34.897619
1923.851575 3.540230 -34.319413
1924.609664 3.699044 -33.561325
1925.367727 3.857852 -32.803262
1926.202929 4.032821 -31.968059
1926.896756 4.178172 -31.274233
1927.590608 4.323529 -30.580381
1928.310139 4.474265 -29.860850
1929.158169 4.651921 -29.012820
1929.967641 4.821499 -28.203347
1930.700025 4.974928 -27.470964
1931.355319 5.112207 -26.815669
1932.113408 5.271021 -26.057581
1932.755850 5.405608 -25.415138
1933.655289 5.594034 -24.515699
1934.374821 5.744770 -23.796168
1935.132909 5.903584 -23.038079
1935.826761 6.048941 -22.344228
1936.636233 6.218519 -21.534755
1937.394322 6.377333 -20.776667
1938.049616 6.514612 -20.121372
1938.859089 6.684191 -19.311899
1939.630030 6.845697 -18.540959
1940.542296 7.036810 -17.628692
1941.865738 7.314061 -16.305251
1942.533885 7.454032 -15.637104
1943.420446 7.639760 -14.750542
1944.101446 7.782425 -14.069543
1944.833829 7.935853 -13.337159
1945.540508 8.083897 -12.630480
1946.350006 8.253481 -11.820982
1947.108095 8.412295 -11.062894
1947.917567 8.581873 -10.253421
1948.572862 8.719153 -9.598127
1949.241009 8.859124 -8.929980
1950.037629 9.026010 -8.133359
1950.872806 9.200974 -7.298182
1951.553806 9.343638 -6.617183
1952.247632 9.488989 -5.923356
1952.915779 9.628961 -5.255209
1953.802366 9.814694 -4.368622
1954.470513 9.954666 -3.700475
1955.100103 10.086560 -3.070885
1955.922428 10.258831 -2.248560
1956.577723 10.396110 -1.593266
1957.335811 10.554924 -0.835177
1958.145284 10.724503 -0.025705
1958.993313 10.902158 0.822325
1959.597198 11.028668 1.426210
1960.329607 11.182102 2.158619
1961.061991 11.335531 2.891003
1961.961405 11.523951 3.790417
1962.655257 11.669308 4.484268
1963.361936 11.817352 5.190947
1964.042935 11.960016 5.871947
1964.800998 12.118824 6.630010
1965.559086 12.277638 7.388098
1966.368584 12.447222 8.197596
1967.036706 12.587188 8.865718
1967.743410 12.735238 9.572422
1968.784175 12.953270 10.613187
1970.120444 13.233208 11.949455
1970.891385 13.394714 12.720396
1971.508122 13.523916 13.337134
1972.433241 13.717722 14.262252
1973.191329 13.876535 15.020341
1973.910860 14.027272 15.739872
1974.707506 14.194163 16.536518
1975.427037 14.344899 17.256049
1976.236510 14.514478 18.065521
1977.007451 14.675984 18.836462
1977.829776 14.848255 19.658787
1978.472218 14.982842 20.301229
1979.307395 15.157805 21.136407
1980.065484 15.316619 21.894495
1980.746483 15.459283 22.575495
1981.581660 15.634246 23.410672
1982.455370 15.817282 24.284381
1983.084959 15.949176 24.913971
1983.881605 16.116067 25.710617
1984.601136 16.266804 26.430148
1985.372077 16.428310 27.201089
1986.040199 16.568276 27.869210
1986.798287 16.727090 28.627299
1987.530671 16.880519 29.359682
1988.211670 17.023183 30.040682
1988.892669 17.165848 30.721681
1989.766379 17.348883 31.595390
1990.460230 17.494240 32.289242
1991.218293 17.653048 33.047305
1991.924998 17.801097 33.754009
1992.683086 17.959911 34.512098
1993.595352 18.151024 35.424364
1994.944473 18.433655 36.773485
1995.638325 18.579011 37.467337
1996.447798 18.748590 38.276809
1997.180181 18.902019 39.009193
1997.874008 19.047370 39.703019
1998.632096 19.206184 40.461108
1999.236007 19.332699 41.065018
2000.032627 19.499584 41.861638
2000.842099 19.669163 42.671111
2001.535951 20.160054 43.364963
2002.268335 21.089967 44.097346
2002.872220 21.856724 44.701231
2003.733102 22.949792 45.562114
2004.568279 24.010223 46.397291
2005.904548 25.706893 47.733560
2006.611252 26.604201 48.440264
2007.433577 27.648313 49.262589
2008.114577 28.512983 49.943588
2008.834108 29.426577 50.663119
2009.579344 30.372808 51.408355
2010.170376 31.123247 51.999388
2011.069790 32.265239 52.898802
2011.776495 33.162547 53.605506
2012.444642 34.010898 54.273653
2013.048527 34.777655 54.877538
2014.063587 36.066485 55.892598
2015.040090 33.102711 54.916095
2015.695384 31.113834 54.260801
2016.286442 29.319920 53.669743
2017.031678 27.058063 52.924507
2018.355095 23.041377 51.601091
2019.087504 20.818451 50.868682
2019.665684 19.063622 50.290501
2020.629360 16.138780 49.326825
2021.901392 12.278050 48.054793
2022.530982 10.367189 47.425204
2023.276218 8.105331 46.679968
2024.291278 5.024533 45.664907
2024.869483 3.269628 45.086702
2026.218604 -0.058332 43.737581
2026.950988 -0.215487 43.005197
2027.631987 -0.361615 42.324198
2028.338666 -0.513253 41.617519
2029.071050 -0.670407 40.885135
2029.829138 -0.833077 40.127047
2030.497285 -0.976448 39.458900
2031.242521 -1.136360 38.713664
2031.987757 -1.296272 37.968428
2032.771525 -1.464452 37.184660
2033.516761 -1.624364 36.439424
2034.159203 -1.762219 35.796982
2034.968701 -1.935920 34.987484
2035.649675 -2.082043 34.306510
2036.227881 -2.206114 33.728304
2037.037353 -2.379810 32.918832
2037.833999 -2.550753 32.122186
2038.514973 -2.696876 31.441212
2039.311619 -2.867820 30.644567
2039.966913 -3.008432 29.989272
2040.737829 -3.173855 29.218357
2041.393123 -3.314467 28.563062
2042.151212 -3.477137 27.804974
2042.883595 -3.634291 27.072590
2043.564595 -3.780419 26.391591
2044.245569 -3.926542 25.710617
2045.183540 -4.127811 24.772645
2045.774598 -4.254640 24.181587
2046.648307 -4.442120 23.307878
2047.265070 -4.574464 22.691115
2047.933217 -4.717835 22.022968
2048.845483 -4.913588 21.110702
2049.513605 -5.056953 20.442580
2050.271693 -5.219623 19.684492
2050.888456 -5.351967 19.067729
2051.864959 -5.561504 18.091226
2052.610195 -5.721416 17.345990
2053.368283 -5.884086 16.587902
2054.100667 -6.041241 15.855518
2054.794493 -6.190121 15.161692
2055.809579 -6.407937 14.146606
2057.145848 -6.694673 12.810338
2057.942493 -6.865616 12.013692
2059.420113 -7.182682 10.536072
2060.139644 -7.337079 9.816541
2060.910585 -7.502507 9.045600
2061.578706 -7.645872 8.377479
2062.259706 -7.792000 7.696479
2063.184825 -7.990511 6.771361
2063.852972 -8.133881 6.103214
2064.649592 -8.304819 5.306593
2065.240650 -8.431648 4.715535
2066.242858 -8.646701 3.713328
2066.911005 -8.790071 3.045181
2067.681945 -8.955499 2.274240
2068.337240 -9.096112 1.618945
2069.198097 -9.280834 0.758088
2069.930506 -9.437993 0.025679
2070.650037 -9.592390 -0.693852
2071.472362 -9.768843 -1.516177
2072.127657 -9.909456 -2.171471
2072.885745 -10.072126 -2.929560
2073.630981 -10.232038 -3.674796
2074.401896 -10.397460 -4.445711
2075.185690 -10.565646 -5.229504
2075.789600 -10.695232 -5.833415
2076.547663 -10.857897 -6.591478
2077.318604 -11.023325 -7.362419
2078.102397 -11.191510 -8.146212
2078.911870 -11.365206 -8.955684
2079.490075 -11.489277 -9.533890
2080.299548 -11.662973 -10.343363
2081.057636 -11.825643 -11.101451
2081.725783 -11.969013 -11.769598
2082.560961 -12.148225 -12.604775
2083.498932 -12.349494 -13.542747
2084.745259 -12.616930 -14.789074
2085.477668 -12.774090 -15.521483
2086.428466 -12.978111 -16.472281
2087.250817 -13.154570 -17.294631
2087.880406 -13.289667 -17.924221
2088.522849 -13.427522 -18.566663
2089.422263 -13.620517 -19.466077
2090.039025 -13.752862 -20.082840
2090.912735 -13.940341 -20.956549
2091.568029 -14.080954 -21.611844
2092.326118 -14.243624 -22.369932
2093.032822 -14.395268 -23.076637
2093.867999 -14.574479 -23.911814
2094.561826 -14.723360 -24.605640
2095.307062 -14.883272 -25.350876
2096.090855 -15.051458 -26.134670
2096.746149 -15.192070 -26.789964
2097.671268 -15.390581 -27.715083
2098.390799 -15.544978 -28.434614
2099.148888 -15.707648 -29.192703
2099.829887 -15.853776 -29.873702
2100.587976 -16.016446 -30.631790
2101.680125 -16.250798 -31.723940
2102.823684 -16.496182 -32.867498
2103.581772 -16.658852 -33.625587
2104.211362 -16.793949 -34.255177
2105.033687 -16.970403 -35.077502
2105.753243 -17.124804 -35.797058
2106.511306 -17.287469 -36.555121
2107.218011 -17.439113 -37.261825
2107.899010 -17.585241 -37.942825
2108.747040 -17.767211 -38.790855
2109.479423 -17.924365 -39.523238
2110.288896 -18.098061 -40.332711
2110.867102 -18.222132 -40.910916
2111.483839 -18.354471 -41.527654
2112.486072 -18.569529 -42.529887
2113.141367 -18.710141 -43.185182
2113.822341 -18.856264 -43.866156
2114.683223 -19.040992 -44.727038
2115.428459 -19.200904 -45.472274
2116.122311 -19.349790 -46.166126
2116.803310 -20.154329 -46.847125
2117.420048 -20.939965 -47.463862
2118.242373 -21.987490 -48.286187
2118.897667 -22.822243 -48.941482
2119.681460 -23.820685 -49.725275
2120.336755 -24.655437 -50.380570
2121.120548 -25.653879 -51.164363
2122.379728 -27.257895 -52.423543
2123.291994 -28.419994 -53.335809
2123.870200 -29.156546 -53.914015
2124.512642 -29.974926 -54.556457
2125.386377 -31.087940 -55.430191
2126.709818 -32.773818 -56.753633
2127.377965 -30.795721 -56.085486
2128.007555 -28.931775 -55.455896
2129.202498 -25.394061 -54.260953
2129.947759 -23.187661 -53.515692
2130.615881 -21.209639 -52.847570
2131.348290 -19.041290 -52.115161
2131.939323 -17.291496 -51.524129
2132.620322 -15.275348 -50.843129
2133.442647 -12.840796 -50.020804
2134.727557 -9.036729 -48.735894
2135.459940 -6.868455 -48.003511
2136.166619 -4.776282 -47.296832
2136.847619 -2.760134 -46.615833
2137.541470 -0.705937 -45.921981
2138.248149 0.103063 -45.215302
2138.942001 0.255787 -44.521450
2139.661532 0.414164 -43.801919
2140.393916 0.575369 -43.069535
2141.074915 0.725265 -42.388536
2141.987182 0.926064 -41.476270
2143.310623 1.217368 -40.152828
2144.094416 1.389889 -39.369035
2144.724006 1.528469 -38.739445
2145.482095 1.695332 -37.981357
2146.240183 1.862195 -37.223268
2146.985419 2.026230 -36.478032
2147.692098 2.181777 -35.771353
2148.463039 2.351470 -35.000413
2149.092628 2.490049 -34.370823
2149.876422 2.662570 -33.587030
2150.711599 2.846402 -32.751852
2151.392598 2.996297 -32.070853
2152.099277 3.151845 -31.364174
2152.947307 3.338505 -30.516144
2153.576897 3.477085 -29.886554
2154.270749 3.629809 -29.192703
2155.028837 3.796672 -28.434614
2155.825457 3.972017 -27.637994
2156.429368 4.104944 -27.034084
2157.431575 4.325541 -26.031876
2158.099722 4.472607 -25.363729
2158.819254 4.630984 -24.644198
2159.474548 4.775221 -23.988903
2160.245489 4.944913 -23.217962
2161.042109 5.120258 -22.421342
2161.800198 5.287121 -21.663254
2162.583991 5.459643 -20.879460
2163.264990 5.609538 -20.198461
2164.112995 5.796193 -19.350457
2164.832551 5.954575 -18.630900
2165.513525 6.104464 -17.949926
2166.284466 6.274157 -17.178985
2166.978318 6.426881 -16.485133
2167.980526 6.647478 -15.482926
2168.635820 6.791715 -14.827631
2169.393909 6.958578 -14.069543
2170.049203 7.102816 -13.414248
2170.884381 7.286647 -12.579071
2171.642469 7.453511 -11.820982
2172.297764 7.597748 -11.165688
2173.030147 7.758953 -10.433304
2173.685442 7.903191 -9.778009
2174.494914 8.081364 -8.968537
2175.317239 8.262367 -8.146212
2175.998239 8.412262 -7.465212
2176.666386 8.559329 -6.797065
2177.398769 8.720534 -6.064682
2178.233947 8.904365 -5.229504
2178.940626 9.059913 -4.522826
2179.608773 9.206979 -3.854679
2180.379713 9.376672 -3.083738
2181.099245 9.535048 -2.364207
2181.883038 9.707570 -1.580413
2182.666806 9.880085 -0.796646
2183.399189 10.041291 -0.064262
2184.067336 10.188357 0.603885
2185.532129 10.510774 2.068678
2186.303044 10.680460 2.839593
2187.099690 10.855811 3.636239
2187.896310 11.031155 4.432859
2188.705783 11.209329 5.242331
2189.296841 11.339427 5.833389
2190.042077 11.503461 6.578625
2190.787313 11.667496 7.323861
2191.738136 11.876782 8.274685
2192.354874 12.012533 8.891422
2193.035873 12.162428 9.572422
2193.806788 12.332115 10.343337
2194.539197 12.493326 11.075746
2195.310113 12.663013 11.846662
2196.081054 12.832705 12.617602
2196.800585 12.991081 13.337134
2197.520116 13.149458 14.056665
2198.380998 13.338947 14.917547
2199.177644 13.514298 15.714193
2199.832913 13.658529 16.369462
2200.668090 13.842361 17.204639
2201.413326 14.006395 17.949875
2202.955208 14.345780 19.491757
2203.713296 14.512643 20.249845
2204.394270 14.662533 20.930819
2205.268005 14.854851 21.804554
2205.961831 15.007570 22.498380
2206.719920 15.174433 23.256469
2207.555097 15.358265 24.091646
2208.197539 15.499673 24.734088
2209.019864 15.680676 25.556413
2209.944983 15.884304 26.481532
2211.268425 16.175608 27.804974
2211.936572 16.322674 28.473121
2213.555517 16.679022 30.092066
2215.007457 16.998609 31.544006
2215.714136 17.154157 32.250685
2217.217460 17.485054 33.754009
2217.962696 17.649089 34.499245
2218.553729 17.779182 35.090278
2219.298965 17.943216 35.835514
2220.134142 18.127047 36.670691
2220.892231 18.293911 37.428780
2221.650319 18.460774 38.186868
2222.356998 18.616322 38.893547
2223.025145 18.763388 39.561694
2223.950264 18.967017 40.486813
2224.554149 19.099938 41.090698
2225.260853 19.255491 41.797402
2226.121710 19.444975 42.658259
2227.535093 19.907692 44.071642
2228.203240 20.780535 44.739789
2228.858534 21.636587 45.395083
2229.642302 22.660473 46.178851
2230.413243 23.667601 46.949792
2231.132774 24.607571 47.669323
2231.916567 25.631489 48.453116
2232.571862 26.487542 49.108411
2233.407039 27.578587 49.943588
2234.088013 28.468186 50.624562
2234.769013 29.357819 51.305562
2235.514249 30.331368 52.050798
2236.259485 31.304917 52.796034
2237.004721 32.278466 53.541270
2237.659990 33.134485 54.196539
2238.353842 34.040908 54.890391
2239.214724 35.165532 55.751273
2239.844314 35.988005 56.380863
2240.718048 33.336143 55.507128
2241.309081 31.542307 54.916095
2241.964376 29.553429 54.260801
2242.748169 27.174547 53.477008
2244.033053 23.274809 52.192123
2244.675495 21.324940 51.549681
2245.343642 19.297054 50.881534
2246.153115 16.840233 50.072061
2246.769852 14.968380 49.455324
2247.540793 12.628506 48.684383
2248.170383 10.717645 48.054793
2248.915619 8.455788 47.309557
2249.622298 6.310955 46.602879
2250.418943 3.893065 45.806233
2251.125622 1.748232 45.099554
2251.780917 -0.016446 44.444260
2252.487596 -0.163028 43.737581
2253.258536 -0.322939 42.966640
2253.978068 -0.472187 42.247109
2254.671919 -0.616108 41.553257
2255.417155 -0.770688 40.808021
2256.239480 -0.941257 39.985696
2257.665690 -1.237087 38.559486
2258.372395 -1.383674 37.852782
2259.040516 -1.522258 37.184660
2259.939956 -1.708823 36.285221
2260.556693 -1.836749 35.668483
2261.211988 -1.972672 35.013189
2261.982928 -2.132583 34.242248
2262.561109 -2.252512 33.664068
2263.370607 -2.420421 32.854570
2264.167227 -2.585658 32.057950
2264.822521 -2.721582 31.402655
2265.734788 -2.910807 30.490389
2266.390082 -3.046731 29.835094
2267.109614 -3.195979 29.115563
2267.764908 -3.331902 28.460268
2268.522997 -3.489148 27.702180
2269.152586 -3.619739 27.072590
2270.077705 -3.811631 26.147471
2270.745852 -3.950220 25.479324
2271.503941 -4.107466 24.721236
2272.172062 -4.246050 24.053114
2272.840209 -4.384639 23.384967
2273.624002 -4.547216 22.601174
2274.394918 -4.707122 21.830259
2275.178711 -4.869699 21.046465
2275.911095 -5.021613 20.314082
2276.604946 -5.165534 19.620230
2277.375862 -5.325440 18.849315
2278.172507 -5.490683 18.052669
2278.930570 -5.647923 17.294606
2279.650127 -5.797176 16.575049
2280.485304 -5.970412 15.739872
2281.179131 -6.114328 15.046046
2282.001456 -6.284897 14.223721
2282.669603 -6.423487 13.555574
2283.453396 -6.586064 12.771780
2284.237164 -6.748636 11.988013
2285.020957 -6.911213 11.204219
2285.637694 -7.039139 10.587482
2286.498577 -7.217706 9.726600
2287.141019 -7.350964 9.084158
2288.027580 -7.534857 8.197596
2288.772816 -7.689437 7.452360
2289.543757 -7.849348 6.681419
2290.211904 -7.987937 6.013272
2290.982845 -8.147849 5.242331
2291.753760 -8.307755 4.471416
2292.409055 -8.443678 3.816121
2293.218553 -8.611587 3.006623
2294.079410 -8.790149 2.145767
2294.683320 -8.915414 1.541856
2295.544202 -9.093982 0.680974
2296.263734 -9.243229 -0.038557
2296.957560 -9.387145 -0.732384
2297.831295 -9.568378 -1.606118
2298.537973 -9.714960 -2.312797
2299.244678 -9.861547 -3.019501
2300.028445 -10.024119 -3.803269
2300.735150 -10.170706 -4.509973
2301.737357 -10.378588 -5.512181
2302.932300 -10.626447 -6.707124
2303.664684 -10.778361 -7.439508
2304.255742 -10.900960 -8.030566
2305.257950 -11.108841 -9.032773
2305.900392 -11.242099 -9.675216
2306.658480 -11.399344 -10.433304
2307.326627 -11.537934 -11.101451
2307.969070 -11.671192 -11.743893
2308.881336 -11.860417 -12.656160
2309.626572 -12.014997 -13.401396
2310.397513 -12.174908 -14.172336
2311.091365 -12.318829 -14.866188
2312.080720 -12.524045 -15.855544
2312.800251 -12.673292 -16.575075
2313.455546 -12.809216 -17.230369
2314.187929 -12.961129 -17.962753
2314.868929 -13.102385 -18.643752
2315.806900 -13.296942 -19.581724
2316.526431 -13.446190 -20.301255
2317.168873 -13.579447 -20.943697
2317.991224 -13.750022 -21.766047
2318.646518 -13.885946 -22.421342
2319.443139 -14.051183 -23.217962
2320.226932 -14.213761 -24.001755
2321.126346 -14.400320 -24.901169
2322.462640 -14.677499 -26.237463
2323.220728 -14.834744 -26.995552
2323.953112 -14.986658 -27.727935
2324.685495 -15.138572 -28.460319
2325.315085 -15.269163 -29.089909
2326.227352 -15.458389 -30.002175
2326.946908 -15.607642 -30.721732
2327.756381 -15.775546 -31.531204
2328.398823 -15.908803 -32.173647
2329.272558 -16.090036 -33.047381
2329.979236 -16.236618 -33.754060
2330.660236 -16.377873 -34.435059
2331.405472 -16.532453 -35.180295
2332.099324 -16.676374 -35.874147
2332.806002 -16.822956 -36.580826
2333.615475 -16.990860 -37.390299
2334.232238 -17.118791 -38.007061
2335.195914 -17.318680 -38.970737
2335.799799 -17.443940 -39.574622
2336.776327 -17.646495 -40.551151
2337.405917 -17.777087 -41.180741
2338.086916 -17.918342 -41.861740
2338.819300 -18.070255 -42.594124
2339.551684 -18.222169 -43.326507
2340.142742 -18.344768 -43.917565
2340.926509 -18.507340 -44.701333
2341.723155 -18.672583 -45.497979
2342.314213 -18.795183 -46.089037
2343.033744 -19.183808 -46.808568
2343.868922 -20.227193 -47.643745
2344.447127 -20.949543 -48.221951
2345.230920 -21.928734 -49.005744
2345.886215 -22.747392 -49.661039
2346.644278 -23.694438 -50.419102
2347.389539 -24.625491 -51.164363
2348.121923 -25.540456 -51.896747
2348.764365 -26.343057 -52.539189
2349.612395 -27.402499 -53.387219
2350.241985 -28.189044 -54.016808
2350.897279 -29.007701 -54.672103
2351.693925 -30.002949 -55.468749
2352.349220 -30.821606 -56.124043
2353.120160 -31.784741 -56.894984
2353.942511 -29.350147 -56.072634
2354.597805 -27.410127 -55.417339
2355.779896 -23.910511 -54.235248
2356.448043 -21.932441 -53.567101
2357.141895 -19.878272 -52.873250
2357.874278 -17.710027 -52.140866
2358.503868 -15.846107 -51.511276
2359.223399 -13.715913 -50.791745
2359.801605 -12.004117 -50.213539
2360.546841 -9.797823 -49.468303
2361.292077 -7.591529 -48.723067
2361.973076 -5.575409 -48.042068
2362.718312 -3.369115 -47.296832
2363.347928 -1.505120 -46.667217
2364.876931 0.223394 -45.138213
2365.455137 0.349953 -44.560007
2366.277462 0.529946 -43.737682
2366.958461 0.679005 -43.056683
2367.549519 0.808378 -42.465625
2368.436081 1.002431 -41.579063
2369.155638 1.159930 -40.859507
2369.900874 1.323049 -40.114271
2370.568995 1.469290 -39.446149
2371.391346 1.649288 -38.623799
2372.136582 1.812407 -37.878563
2372.791876 1.955840 -37.223268
2373.601349 2.133020 -36.413796
2374.192407 2.262393 -35.822738
2375.014732 2.442385 -35.000413
2375.759968 2.605505 -34.255177
2376.428115 2.751751 -33.587030
2377.276145 2.937370 -32.739000
2378.792321 3.269235 -31.222823
2379.409059 3.404229 -30.606086
2380.064353 3.547661 -29.950791
2380.860974 3.722028 -29.154171
2381.631914 3.890774 -28.383230
2382.364298 4.051080 -27.650846
2383.186648 4.231079 -26.828496
2383.919032 4.391385 -26.096112
2384.638563 4.548878 -25.376581
2385.525150 4.742937 -24.489994
2386.116183 4.872304 -23.898962
2386.874271 5.038236 -23.140873
2387.593802 5.195729 -22.421342
2388.274802 5.344789 -21.740343
2389.225625 5.552908 -20.789519
2390.613304 5.856647 -19.401841
2391.384244 6.025393 -18.630900
2392.155185 6.194138 -17.859959
2392.861864 6.348818 -17.153280
2393.619952 6.514751 -16.395192
2394.467982 6.700370 -15.547162
2395.084720 6.835364 -14.930425
2395.971307 7.029422 -14.043838
2396.729370 7.195349 -13.285775
2397.320428 7.324722 -12.694717
2398.207015 7.518781 -11.808130
2398.785195 7.645334 -11.229950
2399.684634 7.842206 -10.330510
2400.404165 7.999699 -9.610979
2401.059460 8.143132 -8.955684
2401.830401 8.311878 -8.184744
2402.498548 8.458124 -7.516597
2403.320873 8.638117 -6.694272
2404.066109 8.801236 -5.949036
2404.721403 8.944669 -5.293741
2405.479492 9.110602 -4.535653
2406.147613 9.256842 -3.867531
2406.969938 9.436835 -3.045206
2407.676643 9.591521 -2.338502
2408.409026 9.751827 -1.606118
2409.038616 9.889633 -0.976528
2409.822409 10.061192 -0.192735
2410.644734 10.241185 0.629590
2411.454207 10.418365 1.439062
2412.083822 10.556177 2.068678
2412.918999 10.738983 2.903855
2413.664235 10.902103 3.649091
2414.396619 11.062409 4.381475
2415.206092 11.239589 5.190947
2415.835681 11.377395 5.820537
2416.529533 11.529268 6.514389
2417.351858 11.709260 7.336714
2418.071389 11.866754 8.056245
2418.880862 12.043933 8.865718
2419.536157 12.187366 9.521012
2420.217156 12.336425 10.202012
2421.078038 12.524858 11.062894
2421.874658 12.699224 11.859514
2422.529953 12.842657 12.514809
2423.416515 13.036710 13.401370
2424.046130 13.174522 14.030985
2424.881307 13.357328 14.866163
2425.703632 13.537321 15.688488
2426.358927 13.680754 16.343782
2427.181252 13.860747 17.166107
2428.042134 14.049180 18.026990
2428.761665 14.206673 18.746521
2429.442665 14.355732 19.427520
2430.239285 14.530098 20.224140
2431.023053 14.701652 21.007908
2431.845403 14.881650 21.830259
2432.526377 15.030704 22.511233
2433.245908 15.188197 23.230764
2434.132495 15.382256 24.117351
2434.864879 15.542562 24.849734
2435.545878 15.691621 25.530734
2436.381056 15.874427 26.365911
2437.036350 16.017860 27.021206
2437.871528 16.200666 27.856383
2438.552502 16.349720 28.537357
2439.259206 16.504405 29.244061
2440.004416 16.667519 29.989272
2440.672563 16.813765 30.657419
2441.520593 16.999384 31.505449
2442.252977 17.159691 32.237832
2443.062449 17.336870 33.047305
2443.743449 17.485930 33.728304
2444.411596 17.632176 34.396451
2445.285305 17.823416 35.270161
2445.889215 17.955601 35.874071
2446.685836 18.129968 36.670691
2447.431072 18.293087 37.415927
2448.253397 18.473080 38.238252
2448.921544 18.619326 38.906399
2449.628222 18.774006 39.613078
2450.309222 18.923065 40.294077
2451.260045 19.131184 41.244901
2451.953872 19.283051 41.938727
2452.686255 19.443357 42.671111
2453.380107 19.595230 43.364963
2454.061081 19.937715 44.045937
2454.857727 20.975109 44.842582
2455.718584 22.096119 45.703439
2457.080582 23.869718 47.065438
2457.761556 24.756484 47.746412
2458.519645 25.743669 48.504500
2459.213497 26.647205 49.198352
2459.933028 27.584180 49.917883
2460.665411 28.537892 50.650267
2461.397795 29.491604 51.382651
2462.168736 30.495525 52.153591
2462.811178 31.332115 52.796034
2463.517857 32.252354 53.502712
2464.198856 33.139154 54.183712
2465.085418 34.293637 55.070273
2465.984832 35.464856 55.969687
2467.128391 36.954002 57.113246
2467.835069 37.874241 57.819925
2468.528921 38.777776 58.513777
2469.286984 39.764928 59.271840
2469.955131 40.634991 59.939987
2470.648983 41.538527 60.633839
2471.342809 42.442029 61.327665
2472.113750 43.445951 62.098606
2472.820429 44.366190 62.805285
2473.501428 45.252989 63.486284
2474.169550 46.123019 64.154406
2474.760608 46.892696 64.745464
2475.557228 47.930057 65.542084
2476.328169 48.933979 66.313025
2476.944906 49.737096 66.929762
2477.690142 50.707544 67.674998
2478.345437 51.560871 68.330293
2479.142057 52.598232 69.126913
2479.810204 53.468295 69.795060
2480.478351 54.338357 70.463207
2481.287824 55.392455 71.272679
2481.866029 56.145396 71.850885
2482.675502 57.199493 72.660358
2483.523532 58.303800 73.508387
2484.731327 58.366821 74.716183
2485.605036 58.153758 75.589892
2486.928478 58.256268 76.913334
2487.673714 58.469872 77.658570
2489.189865 58.904439 79.174721
2490.538986 59.291131 80.523842
2491.232838 59.490006 81.217694
2492.042311 59.722021 82.027166
2492.697605 59.909845 82.682461
2493.442841 60.123448 83.427697
2494.200930 60.340736 84.185785
2494.869051 60.532236 84.853907
2495.884112 60.823178 85.868967
2496.488022 60.996274 86.472878
2497.117612 61.176730 87.102467
2497.965642 61.419796 87.950497
2499.533177 61.869091 89.518033
2500.227029 62.067967 90.211885
2500.959413 62.277886 90.944268
2501.730353 62.498857 91.715209
2502.347091 62.675630 92.331946
2503.516329 59.130920 91.162708
2504.107387 57.339045 90.571650
2504.711272 55.508283 89.967765
2505.893388 51.924532 88.785649
2506.574362 49.860064 88.104675
2508.026277 45.458381 86.652760
2508.681571 43.471763 85.997466
2509.324014 41.524110 85.355024
2510.660308 37.472947 84.018730
2511.289897 35.564257 83.389140
2512.009429 33.382897 82.669609
2512.613314 31.552135 82.065724
2513.448491 29.020178 81.230546
2514.078081 27.111488 80.600956
2514.874726 24.696345 79.804311
2515.465759 22.904547 79.213278
2516.326641 20.294662 78.352396
2517.059025 18.074338 77.620012
2518.369614 14.101103 76.309423
2519.037736 12.075599 75.641302
2519.680203 10.127868 74.998834
2520.579617 7.401169 74.099420
2521.183502 5.570407 73.495535
2521.864502 3.505861 72.814536
2522.596885 1.285538 72.082152
2523.187918 -0.027360 71.491119
2523.971711 -0.155776 70.707326
2524.742626 -0.282082 69.936411
2525.436478 -0.395762 69.242559
2526.053216 -0.496807 68.625822
2527.004039 -0.652589 67.674998
2527.723570 -0.770477 66.955467
2528.417422 -0.884157 66.261615
2529.201190 -1.012568 65.477847
2529.895016 -1.126244 64.784021
2530.730194 -1.263079 63.948843
2531.372636 -1.368336 63.306401
2532.040783 -1.477805 62.638254
2532.786019 -1.599903 61.893018
2533.492698 -1.715685 61.186339
2534.392137 -1.863048 60.286900
2535.008875 -1.964094 59.670163
2535.689874 -2.075668 58.989163
2536.563583 -2.218816 58.115454
2537.167494 -2.317760 57.511544
2537.887025 -2.435647 56.792012
2538.645113 -2.559852 56.033924
2539.377497 -2.679845 55.301540
2540.867943 -2.924038 53.811094
2541.548943 -3.035612 53.130094
2542.229942 -3.147186 52.449095
2543.065120 -3.284021 51.613918
2544.517034 -3.521901 50.162003
2545.377917 -3.662947 49.301121
2546.046038 -3.772412 48.632999
2546.778422 -3.892405 47.900615
2547.523658 -4.014504 47.155379
2548.294599 -4.140814 46.384439
2549.104071 -4.273437 45.574966
2549.862160 -4.397641 44.816878
2550.555986 -4.511317 44.123051
2551.506810 -4.667099 43.172228
2552.804546 -4.879719 41.874491
2553.536930 -4.999712 41.142107
2554.269314 -5.119705 40.409724
2555.014550 -5.241804 39.664488
2555.798343 -5.370220 38.880694
2556.517874 -5.488107 38.161163
2557.237405 -5.605994 37.441632
2558.034025 -5.736512 36.645012
2558.856376 -5.871245 35.822661
2559.524497 -5.980709 35.154540
2560.256881 -6.100702 34.422156
2560.912176 -6.208065 33.766862
2561.773058 -6.349111 32.905979
2562.505441 -6.469104 32.173596
2563.199293 -6.582784 31.479744
2564.021618 -6.717513 30.657419
2564.728297 -6.833295 29.950740
2565.524943 -6.963816 29.154095
2566.231621 -7.079598 28.447416
2566.964005 -7.199591 27.715032
2567.696389 -7.319584 26.982649
2568.608655 -7.469049 26.070382
2569.199713 -7.565887 25.479324
2570.034890 -7.702722 24.644147
2570.728717 -7.816398 23.950320
2571.345480 -7.917448 23.333558
2572.360540 -8.083754 22.318497
2572.990130 -8.186905 21.688908
2573.722513 -8.306898 20.956524
2574.467749 -8.428997 20.211288
2575.174428 -8.544779 19.504609
2575.958221 -8.673195 18.720816
2576.741989 -8.801606 17.937048
2577.602871 -8.942652 17.076166
2578.245313 -9.047910 16.433724
2579.196137 -9.203692 15.482900
2579.838579 -9.308949 14.840458
2580.545258 -9.424730 14.133779
2581.303346 -9.548935 13.375691
2582.189933 -9.694192 12.489104
2583.089347 -9.841551 11.589690
2584.309995 -10.041541 10.369042
2585.196557 -10.186794 9.482480
2585.813320 -10.287844 8.865718
2586.828380 -10.454151 7.850657
2587.406560 -10.548879 7.272477
2588.151796 -10.670978 6.527241
2588.922737 -10.797288 5.756300
2589.590884 -10.906757 5.088153
2590.413209 -11.041486 4.265828
2591.184150 -11.167796 3.494888
2591.865149 -11.279370 2.813888
2592.546123 -11.390940 2.132914
2593.317064 -11.517250 1.361973
2594.177946 -11.658296 0.501091
2594.884625 -11.774078 -0.205588
2595.758359 -11.917230 -1.079322
2596.503595 -12.039329 -1.824558
2597.338773 -12.176163 -2.659736
2597.916953 -12.270892 -3.237916
2598.777835 -12.411938 -4.098798
2599.420277 -12.517195 -4.741240
2600.126982 -12.632981 -5.447944
2600.885070 -12.757185 -6.206033
2601.604601 -12.875072 -6.925564
2602.478310 -13.018220 -7.799273
2603.056516 -13.112953 -8.377479
2603.840309 -13.241369 -9.161272
2604.688339 -13.380309 -10.009302
2605.343634 -13.487672 -10.664596
2606.101722 -13.611876 -11.422685
2606.782696 -13.723446 -12.103659
2607.759224 -13.883440 -13.080187
2608.465903 -13.999221 -13.786866
2609.159755 -14.112901 -14.480718
2609.917843 -14.237106 -15.238806
2610.624522 -14.352887 -15.945485
2611.523936 -14.500246 -16.844899
2612.153551 -14.603402 -17.474514
2612.898787 -14.725501 -18.219750
2613.708260 -14.858124 -19.029223
2614.389259 -14.969698 -19.710222
2615.250116 -15.110740 -20.571079
2615.918263 -15.220209 -21.239226
2616.650647 -15.340202 -21.971610
2617.305941 -15.447565 -22.626904
2618.192528 -15.592822 -23.513491
2619.053411 -15.733868 -24.374373
2619.734385 -15.845438 -25.055347
2620.389679 -15.952801 -25.710642
2622.072886 -16.228576 -27.393849
2622.792443 -16.346468 -28.113406
2623.524827 -16.466461 -28.845789
2624.180121 -16.573823 -29.501084
2625.105240 -16.725394 -30.426203
2625.734830 -16.828545 -31.055793
2626.441534 -16.944331 -31.762497
2627.263859 -17.079060 -32.584822
2628.060479 -17.209577 -33.381442
2628.728626 -17.319046 -34.049589
2629.422478 -17.432726 -34.743441
2630.244803 -17.567455 -35.565766
2630.990039 -17.689554 -36.311002
2631.593949 -17.788498 -36.914912
2632.557600 -17.946381 -37.878563
2633.187215 -18.049537 -38.508178
2634.009540 -18.184266 -39.330503
2634.741924 -18.304259 -40.062887
2636.181012 -18.540037 -41.501974
2636.874838 -18.653713 -42.195801
2637.671484 -19.286637 -42.992446
2638.326778 -19.996190 -43.647741
2639.161956 -20.900519 -44.482918
2639.868634 -21.665710 -45.189597
2640.588191 -22.444846 -45.909154
2641.320575 -23.237870 -46.641537
2641.937312 -23.905673 -47.258275
2642.682548 -24.712614 -48.003511
2643.427784 -25.519555 -48.748747
2644.108783 -26.256940 -49.429746
2644.892577 -27.105631 -50.213539
2645.586403 -27.856905 -50.907366
2646.305960 -28.636041 -51.626922
2647.051196 -29.442981 -52.372158
2647.693638 -30.138617 -53.014601
2648.541668 -31.056863 -53.862630
2649.132726 -31.696860 -54.453688
2649.877962 -32.503801 -55.198924
2650.636050 -33.324659 -55.957013
2651.342729 -34.089850 -56.663692
2652.087965 -34.896791 -57.408928
2652.820348 -35.689815 -58.141311
2653.437111 -36.357645 -58.758074
2654.208027 -37.192392 -59.528989
2654.953288 -37.999360 -60.274251
2655.737056 -38.848023 -61.058019
2656.533701 -39.710630 -61.854664
2657.869995 -41.157568 -63.190958
2658.718025 -42.075814 -64.038988
2659.437556 -42.854922 -64.758519
2660.709588 -44.232277 -66.030551
2661.416293 -44.997496 -66.737255
2662.225765 -45.873992 -67.546728
2663.073795 -46.792238 -68.394758
2664.320148 -48.141788 -69.641110
2665.142473 -49.032200 -70.463435
2665.823472 -49.769586 -71.144435
2666.568708 -50.576527 -71.889671
2667.288265 -51.355662 -72.609227
2667.879297 -51.995632 -73.200260
2668.675943 -52.858239 -73.996906
2669.382622 -53.623430 -74.703584
2670.192120 -54.499954 -75.513082
2670.924503 -55.292978 -76.245466
2671.644034 -53.844889 -76.964997
2672.479237 -50.486931 -77.800200
2673.147359 -47.800728 -78.468322
2673.918300 -46.638412 -79.239262
2674.535062 -45.918032 -79.856025
2675.383092 -44.927532 -80.704055
2676.064092 -44.132124 -81.385054
2677.002063 -43.036572 -82.323026
2677.618800 -42.316222 -82.939763
2678.402593 -41.400751 -83.723556
2679.160682 -40.515302 -84.481645
2679.867361 -39.689900 -85.188323
2680.651154 -38.774429 -85.972117
2681.422095 -37.873969 -86.743057
2682.231567 -36.928504 -87.552530
2682.912567 -36.133096 -88.233529
2684.004741 -34.857434 -89.325704
2684.595774 -34.167107 -89.916737
2685.469508 -33.146584 -90.790471
2686.433184 -32.021009 -91.754147
2687.075627 -31.270636 -92.396589
2687.987893 -30.205107 -93.308856
2688.733154 -29.334641 -94.054117
2689.426981 -28.524251 -94.747944
2690.056571 -26.662354 -94.118354
2690.686160 -24.800456 -93.488764
2691.392865 -22.710507 -92.782060
2692.048159 -20.772592 -92.126765
2693.448690 -16.630777 -90.726235
2694.142542 -14.578837 -90.032383
2694.849220 -12.488963 -89.325704
2695.504540 -10.550973 -88.670384
2696.339718 -8.081087 -87.835207
2696.956455 -6.257199 -87.218469
2697.624602 -4.281275 -86.550322
2698.331306 -2.191326 -85.843618
2698.935191 -0.405446 -85.239733
2699.757542 0.046029 -84.417383
2700.502778 0.096087 -83.672147
2701.158072 0.140104 -83.016852
2701.877604 0.188436 -82.297321
2702.571455 0.235043 -81.603469
2703.393780 0.290279 -80.781144
2704.010543 0.331708 -80.164381
2704.704370 0.378313 -79.470555
2705.488163 0.430961 -78.686762
2706.207694 0.479293 -77.967230
2706.940078 0.528488 -77.234847
2707.749576 0.582863 -76.425349
2708.366313 0.624289 -75.808611
2709.085870 0.672623 -75.089055
2710.023841 0.735627 -74.151084
2710.704840 0.781371 -73.470084
2711.398667 0.827976 -72.776258
2712.053961 0.871993 -72.120963
2712.991932 0.934997 -71.182992
2713.647227 0.979014 -70.527697
2714.456725 1.033389 -69.718199
2715.124872 1.078269 -69.050052
2715.805846 1.124011 -68.369078
2716.833784 1.193059 -67.341140
2718.157200 1.281954 -66.017724
2718.915289 1.332875 -65.259636
2720.508554 1.439897 -63.666370
2721.151022 1.483052 -63.023902
2721.921937 1.534835 -62.252987
2722.692878 1.586620 -61.482046
2723.489524 1.640132 -60.685401
2724.106261 1.681559 -60.068663
2724.928586 1.736795 -59.246338
2725.673848 1.786855 -58.501077
2726.393379 1.835187 -57.781546
2727.292793 1.895601 -56.882132
2728.616234 1.984498 -55.558690
2729.348618 2.033693 -54.826306
2730.839115 2.133812 -53.335809
2731.571499 2.183007 -52.603425
2732.265325 2.229612 -51.909599
2733.061971 2.283123 -51.112953
2733.678708 2.324550 -50.496216
2734.513886 2.380650 -49.661039
2735.387620 2.439340 -48.787304
2736.042915 2.483356 -48.132009
2736.672505 2.525647 -47.502420
2737.597649 2.587790 -46.577275
2738.214386 2.629217 -45.960538
2739.011007 2.682726 -45.163918
2739.666327 2.726745 -44.508598
2740.385858 2.775077 -43.789067
2741.246740 2.832903 -42.928184
2741.902035 2.876920 -42.272890
2742.672950 2.928703 -41.501974
2743.456743 2.981351 -40.718181
2744.266216 3.035724 -39.908709
2744.985772 3.084058 -39.189152
2745.641067 3.128075 -38.533857
2746.450540 3.182448 -37.724385
2747.260012 3.236821 -36.914912
2748.056658 3.290332 -36.118267
2748.724805 3.335213 -35.450120
2749.405804 3.380956 -34.769120
2750.266661 3.438781 -33.908263
2751.731454 3.537172 -32.443471
2752.566631 3.593272 -31.608293
2753.183368 3.634699 -30.991556
2753.992841 3.689072 -30.182083
2754.712398 3.737406 -29.462527
2755.509018 3.790915 -28.665907
2756.228574 3.839249 -27.946350
2756.999490 3.891032 -27.175435
2757.770431 3.942817 -26.404494
2758.541371 3.994602 -25.633553
2759.299460 4.045524 -24.875465
2760.108932 4.099897 -24.065992
2760.802784 4.146503 -23.372140
2761.702198 4.206918 -22.472726
2762.434582 4.256113 -21.740343
2763.089876 4.300130 -21.085048
2763.822260 4.349325 -20.352664
2764.580348 4.400246 -19.594576
2765.338437 4.451168 -18.836488
2766.173614 4.507268 -18.001310
2766.880293 4.554736 -17.294631
2767.638381 4.605658 -16.536543
2768.229439 4.645360 -15.945485
2769.077469 4.702323 -15.097455
2769.874089 4.755833 -14.300835
2770.709267 4.811933 -13.465658
2771.493060 4.864581 -12.681864
2772.264001 4.916366 -11.910924
2773.034916 4.968149 -11.140008
2773.741620 5.015619 -10.433304
2774.474004 5.064814 -9.700920
2775.219240 5.114872 -8.955684
2775.964476 5.164931 -8.210448
2776.761096 5.218440 -7.413828
2777.467800 5.265910 -6.707124
2778.174479 5.313379 -6.000445
2778.919715 5.363437 -5.255209
2779.639272 5.411771 -4.535653
2780.397335 5.462690 -3.777590
2781.142571 5.512749 -3.032354
2781.900659 5.563670 -2.274265
2782.568806 5.608550 -1.606118
2783.301190 5.657745 -0.873735
2784.187777 5.717298 0.012852
2784.881603 5.763904 0.706679
2785.549750 5.808784 1.374826
2786.217897 5.853664 2.042973
2787.220105 5.920983 3.045181
2787.965341 5.971042 3.790417
2788.749134 6.023690 4.574210
2789.494370 6.073748 5.319446
2790.856344 6.165233 6.681419
2791.627284 6.217018 7.452360
2792.333963 6.264487 8.159039
2793.207698 6.323176 9.032773
2794.621055 6.418113 10.446131
2795.430553 6.472488 11.255629
2796.240026 6.526861 12.065102
2796.869616 6.569151 12.694691
2797.781882 6.630429 13.606958
2798.527118 6.680487 14.352194
2799.298059 6.732272 15.123135
2800.030443 6.781467 15.855518
2800.994119 6.846198 16.819194
2801.585151 6.885899 17.410227
2802.381797 6.939410 18.206872
2803.216974 6.995510 19.042050
2803.949358 7.044705 19.774433
2804.604652 7.088722 20.429728
2805.452682 7.145685 21.277758
2806.120804 7.190563 21.945879
2806.981686 7.248390 22.806762
2807.752627 7.300175 23.577702
2808.485010 7.349370 24.310086
2809.165984 7.395111 24.991060
2809.962630 7.448623 25.787706
2810.682161 7.496955 26.507237
2811.478781 7.550465 27.303857
2812.211190 7.599661 28.036266
2812.994958 7.652308 28.820034
2813.675958 7.698051 29.501033
2814.382636 7.745520 30.207712
2815.217814 7.801619 31.042889
2815.963050 7.851678 31.788125
2816.772522 7.906051 32.597598
2817.504906 7.955246 33.329982
2818.275847 8.007031 34.100922
2819.188113 8.068309 35.013189
2820.460145 8.153752 36.285221
2821.153997 8.200359 36.979073
2821.886381 8.249554 37.711456
2822.747263 8.307380 38.572338
2823.428237 8.353122 39.253312
2824.276267 8.410085 40.101342
2824.957266 8.455829 40.782342
2825.638240 8.501571 41.463316
2826.486270 8.558534 42.311345
2827.205801 8.606865 43.030877
2828.015299 8.661240 43.840375
2828.683421 8.706119 44.508496
2829.685654 8.773440 45.510729
2831.060480 8.865788 46.885555
2831.754306 8.912393 47.579382
2832.499542 8.962452 48.324618
2833.386104 9.022003 49.211179
2834.863723 9.121256 50.688799
2835.634664 9.173041 51.459740
2836.289959 9.217058 52.115034
2837.099431 9.271431 52.924507
2837.947461 9.328394 53.772537
2838.602756 9.372411 54.427831
2839.412228 9.426784 55.237304
2840.247406 9.482884 56.072481
2840.851316 9.523449 56.676392
2841.776409 9.585589 57.601485
2842.380320 9.626154 58.205395
2843.960733 10.236748 59.785809
2844.628880 10.616683 60.453956
2845.438353 11.076982 61.263428
2846.209268 11.515355 62.034344
2846.851710 11.880673 62.676786
2847.648356 12.333677 63.473432
2848.444976 12.786667 64.270052
2849.177360 13.203130 65.002435
2849.909743 13.619592 65.734819
2850.654979 14.043363 66.480055
2851.413068 14.474442 67.238143
2852.119747 14.876288 67.944822
2853.057718 15.409655 68.882793
2854.483928 16.220655 70.309003
2855.164927 16.607898 70.990003
2856.128578 13.686456 70.026352
2856.886666 11.388205 69.268264
2857.580518 9.284696 68.574412
2858.338581 6.986522 67.816349
2858.981023 5.038868 67.173907
2859.790521 2.584761 66.364409
2860.471495 0.520293 65.683435
2861.165347 -0.031738 64.989583
2861.897731 -0.076247 64.257199
2862.475911 -0.111385 63.679019
2863.311088 -0.162141 62.843842
2864.146266 -0.212897 62.008664
2864.840117 -0.255065 61.314813
2865.598206 -0.301136 60.556724
2866.266327 -0.341740 59.888603
2867.165767 -0.396402 58.989163
2868.463478 -0.475268 57.691452
2869.208714 -0.520558 56.946216
2870.018212 -0.569754 56.136718
2870.801980 -0.617386 55.352950
2871.470127 -0.657991 54.684803
2872.228215 -0.704063 53.926715
2872.986278 -0.750133 53.168652
2873.834308 -0.801670 52.320622
2874.476750 -0.840713 51.678180
2875.299075 -0.890689 50.855855
2875.902986 -0.927390 50.251944
2876.648222 -0.972681 49.506708
2877.534783 -1.026560 48.620147
2878.228635 -1.068727 47.926295
2879.025255 -1.117140 47.129675
2879.783344 -1.163212 46.371586
2880.592816 -1.212406 45.562114
2881.222406 -1.250668 44.932524
2881.993347 -1.297521 44.161583
2882.751435 -1.343592 43.403495
2883.419557 -1.384196 42.735373
2884.318996 -1.438858 41.835934
2884.974291 -1.478682 41.180639
2885.655265 -1.520067 40.499665
2886.464738 -1.569261 39.690192
2887.325620 -1.621580 38.829310
2888.096561 -1.668432 38.058369
2888.751855 -1.708256 37.403075
2889.509918 -1.754326 36.645012
2890.293711 -1.801960 35.861219
2891.668537 -1.885512 34.486393
2892.413773 -1.930803 33.741157
2893.159009 -1.976093 32.995921
2893.929950 -2.022945 32.224980
2895.407570 -2.112745 30.747360
2896.204190 -2.161158 29.950740
2896.859484 -2.200982 29.295446
2897.656105 -2.249396 28.498825
2899.159429 -2.340757 26.995501
2899.853281 -2.382925 26.301649
2900.611369 -2.428996 25.543561
2901.382285 -2.475847 24.772645
2902.037579 -2.515672 24.117351
2902.859904 -2.565647 23.295026
2903.528051 -2.606252 22.626879
2904.324671 -2.654665 21.830259
2905.172701 -2.706203 20.982229
2905.789464 -2.743685 20.365466
2906.508995 -2.787414 19.645935
2907.318468 -2.836608 18.836462
2908.140793 -2.886583 18.014137
2909.078764 -2.943586 17.076166
2910.376501 -3.022454 15.778429
2911.147442 -3.069306 15.007488
2911.905530 -3.115378 14.249400
2912.702150 -3.163791 13.452780
2913.473091 -3.210643 12.681839
2914.244006 -3.257494 11.910924
2914.899301 -3.297319 11.255629
2915.747331 -3.348856 10.407599
2916.518272 -3.395709 9.636658
2917.263508 -3.440999 8.891422
2918.008744 -3.486289 8.146186
2918.818216 -3.535484 7.336714
2919.756187 -3.592487 6.398743
2920.925451 -3.663547 5.229479
2921.786308 -3.715864 4.368622
2922.493012 -3.758812 3.661918
2923.443810 -3.816595 2.711120
2924.150514 -3.859544 2.004416
2924.741547 -3.895463 1.413383
2925.589577 -3.947000 0.565353
2927.080049 -4.037581 -0.925119
2927.876694 -4.085996 -1.721764
2928.609078 -4.130505 -2.454148
2929.251520 -4.169548 -3.096590
2930.215196 -4.228114 -4.060266
2930.896170 -4.269499 -4.741240
2931.641406 -4.314789 -5.486476
2932.373790 -4.359298 -6.218860
2933.967056 -4.456126 -7.812126
2934.622350 -4.495950 -8.467420
2935.367586 -4.541241 -9.212656
2936.035733 -4.581846 -9.880803
2936.691028 -4.621670 -10.536098
2937.603294 -4.677112 -11.448364
2938.335678 -4.721621 -12.180748
2939.183708 -4.773158 -13.028778
2939.864707 -4.814545 -13.709777
2940.571386 -4.857492 -14.416456
2941.406563 -4.908248 -15.251633
2942.267445 -4.960567 -16.112515
2942.935592 -5.001172 -16.780662
2944.451769 -5.093315 -18.296839
2945.209858 -5.139386 -19.054928
2945.890832 -5.180771 -19.735902
2946.700330 -5.229967 -20.545400
2947.445566 -5.275257 -21.290636
2948.203654 -5.321329 -22.048724
2948.974569 -5.368180 -22.819639
2949.758363 -5.415813 -23.603433
2950.477894 -5.459542 -24.322964
2951.338776 -5.511860 -25.183846
2952.045455 -5.554807 -25.890525
2952.790691 -5.600098 -26.635761
2953.600189 -5.649293 -27.445259
2954.345425 -5.694584 -28.190495
2954.975015 -5.732846 -28.820085
2955.900133 -5.789068 -29.745203
2956.593985 -5.831236 -30.439055
2957.326369 -5.875745 -31.171439
2958.212930 -5.929624 -32.058000
2958.829693 -5.967107 -32.674763
2959.690575 -6.019425 -33.535645
2960.410107 -6.063153 -34.255177
2961.026844 -6.100634 -34.871914
2961.926283 -6.155296 -35.771353
2962.645815 -6.199024 -36.490885
2963.378198 -6.243534 -37.223268
2964.187696 -6.292729 -38.032766
2964.920080 -6.337239 -38.765150
2965.691021 -6.384091 -39.536091
2966.423404 -6.428600 -40.268474
2967.155788 -6.473110 -41.000858
2967.952408 -6.521523 -41.797478
2968.774758 -6.571500 -42.619828
2969.545674 -6.618350 -43.390744
2970.136732 -6.654271 -43.981802
2970.881968 -6.699561 -44.727038
2971.768555 -6.753442 -45.613625
2972.385292 -6.790923 -46.230362
2973.130528 -6.836213 -46.975598
2973.850085 -6.879943 -47.695155
2974.621000 -6.926794 -48.466070
2975.224911 -6.963496 -49.069981
2975.931589 -7.006443 -49.776659
2976.869561 -7.063446 -50.714631
2977.576265 -7.106395 -51.421335
2978.321501 -7.151685 -52.166571
2978.989648 -7.192290 -52.834718
2979.837678 -7.243828 -53.682748
2980.595766 -7.289899 -54.440836
2981.276740 -7.331284 -55.121810
2982.111943 -7.382042 -55.957013
2982.831474 -7.425770 -56.676544
2983.602415 -7.472623 -57.447485
2984.360503 -7.518694 -58.205573
2985.118592 -7.564766 -58.963662
2985.825270 -7.607713 -59.670340
2986.454860 -7.645975 -60.299930
2987.302890 -7.697512 -61.147960
2988.060978 -7.743584 -61.906048
2988.780535 -7.787313 -62.625605
2989.538623 -7.833385 -63.383693
2990.296686 -7.879455 -64.141756
2990.977686 -7.920841 -64.822756
2991.761479 -7.968475 -65.606549
2992.455331 -8.010642 -66.300401
2993.406129 -8.340624 -67.251199
2994.035744 -8.669006 -67.880814
2994.780980 -9.057691 -68.626050
2995.487659 -9.426267 -69.332729
2996.387098 -9.895379 -70.232168
2997.222276 -10.330974 -71.067346
2997.890423 -10.679453 -71.735493
2998.584275 -8.627763 -71.041641
2999.650719 -5.474332 -69.975197
3000.832835 -1.978866 -68.793081
3001.590923 0.005849 -68.034992
3002.271923 0.050668 -67.353993
3003.222746 0.113247 -66.403169
3004.571867 0.202039 -65.054048
3005.252867 0.246859 -64.373049
3006.756191 0.345799 -62.869724
3007.539984 0.397385 -62.085931
3008.298073 0.447278 -61.327843
3008.953367 0.490406 -60.672548
3009.891339 0.552138 -59.734577
3010.585165 0.597802 -59.040751
3011.227607 0.640085 -58.398308
3012.101342 0.697589 -57.524574
3012.756636 0.740717 -56.869279
3013.514725 0.790611 -56.111191
3014.337050 0.844732 -55.288866
3014.992344 0.887860 -54.633571
3015.647639 0.930988 -53.978277
3016.457137 0.984265 -53.168779
3017.266610 1.037540 -52.359306
3018.037550 1.088279 -51.588365
3018.757082 1.135635 -50.868834
3019.540875 1.187220 -50.085041
3020.209022 1.231194 -49.416894
3021.005642 1.283624 -48.620274
3021.738051 1.331827 -47.887865
3022.431877 1.377491 -47.194038
3023.189966 1.427384 -46.435950
3023.845260 1.470512 -45.780655
3024.667585 1.524633 -44.958330
3025.412821 1.573681 -44.213094
3026.003879 1.612581 -43.622036
3026.864762 1.669240 -42.761154
3027.532909 1.713214 -42.093007
3028.303849 1.763953 -41.322066
3029.061912 1.813845 -40.564003
3029.794321 1.862048 -39.831594
3030.770824 1.926317 -38.855091
3032.068561 2.011727 -37.557354
3032.852354 2.063312 -36.773561
3033.533354 2.108132 -36.092562
3034.342826 2.161407 -35.283089
3035.088062 2.210455 -34.537853
3035.859003 2.261194 -33.766912
3036.629944 2.311933 -32.995972
3037.259534 2.353369 -32.366382
3038.056154 2.405799 -31.569762
3038.827095 2.456538 -30.798821
3039.662272 2.511505 -29.963643
3040.266183 2.551251 -29.359733
3041.139892 2.608754 -28.486024
3041.897980 2.658648 -27.727935
3042.578980 2.703467 -27.046936
3043.337068 2.753361 -26.288848
3044.133688 2.805790 -25.492227
3045.020275 2.864141 -24.605640
3045.637013 2.904731 -23.988903
3046.459338 2.958852 -23.166578
3047.166042 3.005364 -22.459874
3047.949810 3.056947 -21.676106
3048.656514 3.103459 -20.969402
3049.324661 3.147433 -20.301255
3050.146986 3.201554 -19.478930
3051.007868 3.258213 -18.618048
3051.701694 3.303877 -17.924221
3052.498340 3.356308 -17.127576
3053.230724 3.404509 -16.395192
3053.988812 3.454403 -15.637104
3054.656959 3.498377 -14.968957
3055.646314 3.563491 -13.979601
3056.956904 3.649747 -12.669012
3057.804933 3.705560 -11.820982
3058.537317 3.753761 -11.088599
3059.321085 3.805345 -10.304831
3060.040641 3.852702 -9.585274
3060.785877 3.901750 -8.840038
3061.415467 3.943186 -8.210448
3062.212087 3.995615 -7.413828
3063.060117 4.051428 -6.565798
3063.741117 4.096248 -5.884799
3064.422116 4.141068 -5.203800
3065.411471 4.206182 -4.214444
3066.066766 4.249310 -3.559150
3066.760618 4.294976 -2.865298
3067.518681 4.344868 -2.107235
3068.289622 4.395607 -1.336294
3069.086267 4.448038 -0.539648
3069.780094 4.493702 0.154178
3070.499625 4.541058 0.873709
3071.232008 4.589259 1.606093
3072.002949 4.639999 2.377034
3073.506274 4.738940 3.880358
3074.264362 4.788833 4.638446
3074.919657 4.831961 5.293741
3075.754834 4.886928 6.128918
3076.358719 4.926673 6.732803
3077.168217 4.979949 7.542301
3078.080483 5.039990 8.454568
3078.722926 5.082272 9.097010
3079.622340 5.141467 9.996424
3080.277634 5.184595 10.651719
3081.035723 5.234488 11.409807
3081.806663 5.285228 12.180748
3082.539047 5.333429 12.913131
3083.348520 5.386705 13.722604
3084.055198 5.433214 14.429283
3084.954638 5.492411 15.328722
3085.687021 5.540612 16.061106
3086.329464 5.582895 16.703548
3087.344524 5.649701 17.718608
3088.012671 5.693674 18.386755
3088.745054 5.741876 19.119139
3089.567379 5.795997 19.941464
3090.158437 5.834898 20.532522
3091.173498 5.901704 21.547582
3091.841619 5.945676 22.215704
3092.471234 5.987114 22.845319
3093.293559 6.041235 23.667644
3094.128737 6.096202 24.502821
3094.848268 6.143558 25.222352
3095.580652 6.191759 25.954736
3096.325888 6.240807 26.699972
3097.096828 6.291546 27.470913
3097.919153 6.345667 28.293238
3098.625832 6.392177 28.999917
3099.396773 6.442916 29.770857
3100.103452 6.489426 30.477536
3100.810156 6.535938 31.184240
3101.671013 6.592595 32.045097
3102.429101 6.642488 32.803186
3103.135780 6.688998 33.509864
3103.893868 6.738892 34.267953
3104.613400 6.786247 34.987484
3105.307251 6.831913 35.681336
3106.206665 6.891108 36.580750
3106.861960 6.934236 37.236044
3107.555812 6.979901 37.929896
3108.480931 7.040788 38.855015
3109.110520 7.082224 39.484605
3109.907141 7.134654 40.281225
3110.678081 7.185393 41.052166
3111.346228 7.229367 41.720313
3112.374116 7.297017 42.748200
3113.620468 7.379045 43.994553
3114.417088 7.431475 44.791173
3115.303675 7.489825 45.677760
3115.984649 7.534643 46.358734
3116.639944 7.577771 47.014028
3117.462269 7.631892 47.836353
3118.271767 7.685169 48.645851
3119.749387 7.782419 50.123471
3120.417508 7.826391 50.791593
3121.316948 7.885587 51.691032
3121.946537 7.927024 52.320622
3122.897336 7.989600 53.271420
3123.552630 8.032728 53.926715
3124.272187 8.080086 54.646271
3125.030250 8.129977 55.404334
3125.711249 8.174797 56.085334
3126.649220 8.236529 57.023305
3127.330194 8.281348 57.704279
3128.062578 8.329549 58.436662
3128.782135 8.376907 59.156219
3129.591607 8.430182 59.965692
3130.221197 8.471618 60.595281
3131.043522 8.525739 61.417606
3131.840142 8.642554 62.214227
3132.469757 8.994682 62.843842
3133.446260 9.540817 63.820345
3134.024466 9.864193 64.398550
3134.743997 10.266610 65.118082
3135.566322 10.726516 65.940407
3136.170207 11.064255 66.544292
3137.108178 11.588839 67.482263
3137.750621 11.948142 68.124705
3138.650035 12.451163 69.024119
3139.292477 12.810465 69.666561
3140.204769 13.320688 70.578853
3140.782949 13.644050 71.157033
3141.759452 10.683644 70.180530
3142.748807 7.684275 69.191175
3144.085101 3.633112 67.854881
3144.778928 1.529680 67.161054
3145.472779 -0.011091 66.467203
3146.359341 -0.063042 65.580641
3146.976078 -0.099181 64.963904
3147.669930 -0.139839 64.270052
3148.428019 -0.184261 63.511963
3149.134697 -0.225670 62.805285
3149.841376 -0.267080 62.098606
3150.612317 -0.312255 61.327665
3151.434642 -0.360441 60.505340
3152.102789 -0.399593 59.837193
3153.092144 -0.457566 58.847838
3154.325645 -0.529846 57.614337
3155.109412 -0.575773 56.830570
3156.702678 -0.669134 55.237304
3157.319416 -0.705274 54.620566
3158.103209 -0.751202 53.836773
3158.899829 -0.797882 53.040153
3160.351744 -0.882960 51.588238
3161.186921 -0.931900 50.753061
3161.932157 -0.975568 50.007825
3162.638861 -1.016980 49.301121
3163.448334 -1.064413 48.491648
3164.090776 -1.102058 47.849206
3164.925954 -1.150997 47.014028
3165.696869 -1.196171 46.243113
3166.313632 -1.232312 45.626350
3167.315840 -1.291038 44.624142
3167.894045 -1.324920 44.045937
3168.652108 -1.369340 43.287874
3169.345960 -1.409998 42.594022
3170.078344 -1.452914 41.861638
3170.926373 -1.502606 41.013609
3171.607347 -1.542510 40.332635
3172.391141 -1.588438 39.548841
3172.982199 -1.623072 38.957783
3173.894465 -1.676529 38.045517
3174.626849 -1.719445 37.313133
3175.256438 -1.756337 36.683544
3176.168705 -1.809793 35.771277
3176.811147 -1.847439 35.128835
3177.800502 -1.905413 34.139480
3178.995445 -1.975433 32.944537
3179.856328 -2.025879 32.083654
3180.537327 -2.065784 31.402655
3181.488151 -2.121499 30.451831
3182.747330 -2.195284 29.192652
3183.556803 -2.242717 28.383179
3184.250655 -2.283375 27.689327
3185.072980 -2.331561 26.867002
3185.831068 -2.375983 26.108914
3186.563452 -2.418899 25.376530
3187.244426 -2.458802 24.695556
3188.143865 -2.511507 23.796117
3188.799160 -2.549906 23.140822
3189.415897 -2.586045 22.524085
3190.251074 -2.634984 21.688908
3190.944901 -2.675641 20.995081
3191.702989 -2.720063 20.236993
3192.640960 -2.775025 19.299022
3193.283403 -2.812671 18.656579
3193.951550 -2.851822 17.988432
3194.812432 -2.902268 17.127550
3195.519111 -2.943677 16.420871
3196.315731 -2.990357 15.624251
3197.048140 -3.033275 14.891842
3197.806203 -3.077695 14.133779
3198.577144 -3.122870 13.362838
3199.348084 -3.168045 12.591898
3200.054763 -3.209455 11.885219
3200.838556 -3.255383 11.101426
3201.558088 -3.297546 10.381894
3202.431822 -3.348745 9.508160
3203.087117 -3.387143 8.852865
3203.883737 -3.433823 8.056245
3204.564736 -3.473728 7.375246
3205.541239 -3.530948 6.398743
3206.157977 -3.567088 5.782005
3206.800444 -3.604735 5.139538
3207.597065 -3.651414 4.342917
3208.342301 -3.695083 3.597681
3209.280272 -3.750046 2.659710
3209.974098 -3.790702 1.965884
3210.616540 -3.828348 1.323442
3211.438891 -3.876536 0.501091
3212.068481 -3.913428 -0.128499
3213.019304 -3.969144 -1.079322
3213.764540 -4.012813 -1.824558
3214.445514 -4.052716 -2.505532
3215.165071 -4.094880 -3.225089
3216.000248 -4.143819 -4.060266
3216.668370 -4.182970 -4.728388
3217.477868 -4.230404 -5.537886
3218.184547 -4.271814 -6.244565
3218.852694 -4.310965 -6.912712
3219.919138 -4.373456 -7.979156
3221.229727 -4.450253 -9.289745
3221.923579 -4.490911 -9.983597
3222.810141 -4.542862 -10.870159
3223.555377 -4.586530 -11.615395
3224.262081 -4.627941 -12.322099
3225.122963 -4.678387 -13.182981
3226.472084 -4.757442 -14.532102
3227.255877 -4.803370 -15.315895
3227.975408 -4.845533 -16.035426
3228.823438 -4.895225 -16.883456
3229.504438 -4.935130 -17.564456
3230.403852 -4.987833 -18.463870
3231.149088 -5.031502 -19.209106
3231.791530 -5.069148 -19.851548
3232.523913 -5.112064 -20.583931
3233.217765 -5.152722 -21.277783
3234.181441 -5.209190 -22.241459
3234.823883 -5.246836 -22.883901
3235.646208 -5.295022 -23.706226
3236.378592 -5.337938 -24.438610
3237.149533 -5.383113 -25.209551
3237.907621 -5.427535 -25.967639
3238.717094 -5.474968 -26.777112
3239.436625 -5.517131 -27.496643
3240.246123 -5.564565 -28.306141
3241.042743 -5.611245 -29.102761
3241.698038 -5.649644 -29.758056
3242.507510 -5.697077 -30.567528
3243.265599 -5.741499 -31.325617
3243.985155 -5.783663 -32.045173
3244.666129 -5.823566 -32.726147
3245.501307 -5.872505 -33.561325
3246.220863 -5.914670 -34.280881
3246.927542 -5.956079 -34.987560
3247.852661 -6.010289 -35.912679
3248.572218 -6.052453 -36.632236
3249.304601 -6.095369 -37.364619
3250.114074 -6.142802 -38.174092
3250.846457 -6.185717 -38.906475
3251.476073 -6.222611 -39.536091
3252.336929 -6.273055 -40.396947
3253.082165 -6.316724 -41.142183
3253.865959 -6.362652 -41.925977
3254.521253 -6.401051 -42.581271
3255.253637 -6.443967 -43.313655
3256.024578 -6.489142 -44.084596
3256.769814 -6.532811 -44.829832
3257.553607 -6.578739 -45.613625
3258.208901 -6.617138 -46.268919
3259.146873 -6.672100 -47.206891
3260.444609 -6.748144 -48.504627
3261.305492 -6.798590 -49.365510
3261.973639 -6.837742 -50.033657
3262.718875 -6.881411 -50.778893
3263.489790 -6.926584 -51.549808
3264.209347 -6.968748 -52.269365
3264.928878 -7.010911 -52.988896
3265.853997 -7.065121 -53.914015
3266.496439 -7.102766 -54.556457
3267.267380 -7.147941 -55.327398
3267.999763 -7.190857 -56.059781
3268.642231 -7.228504 -56.702249
3269.528792 -7.280454 -57.588810
3270.222644 -7.321112 -58.282662
3270.942175 -7.363275 -59.002193
3271.738821 -7.409956 -59.798839
3272.394116 -7.448355 -60.454134
3273.113647 -7.490517 -61.173665
3273.910292 -7.537199 -61.970310
3274.668355 -7.581619 -62.728373
3275.349355 -7.621524 -63.409373
3276.402972 -7.683263 -64.462990
3277.700709 -7.759307 -65.760727
3278.356004 -7.797706 -66.416022
3279.242591 -8.049300 -67.302609
3280.090620 -8.478473 -68.150638
3281.388357 -9.135235 -69.448375
3282.223535 -9.557904 -70.283553
3283.688327 -10.299210 -71.748345
3284.587767 -7.639649 -70.848906
3285.872651 -3.840362 -69.564021
3286.669297 -1.484753 -68.767376
3287.311739 0.008181 -68.124934
3288.031270 0.050132 -67.405402
3288.866447 0.098826 -66.570225
3289.586004 0.140779 -65.850668
3290.331240 0.184228 -65.105432
3290.986535 0.222434 -64.450138
3292.477007 0.309334 -62.959666
3293.273652 0.355782 -62.163020
3294.108830 0.404475 -61.327843
3294.841213 0.447176 -60.595459
3295.599302 0.491375 -59.837371
3296.370242 0.536324 -59.066430
3297.038364 0.575278 -58.398308
3297.822157 0.620976 -57.614515
3298.528861 0.662179 -56.907811
3299.376891 0.711622 -56.059781
3300.096422 0.753574 -55.340250
3300.751717 0.791780 -54.684955
3301.522658 0.836728 -53.914015
3302.139395 0.872686 -53.297277
3303.038835 0.925127 -52.397838
3303.809750 0.970074 -51.626922
3304.529307 1.012027 -50.907366
3305.171749 1.049483 -50.264924
3306.084015 1.102672 -49.352657
3306.790719 1.143875 -48.645953
3307.484546 1.184328 -47.952127
3308.229782 1.227778 -47.206891
3309.090664 1.277970 -46.346008
3310.388401 1.353633 -45.048272
3311.210726 1.401577 -44.225947
3311.878873 1.440533 -43.557800
3312.611282 1.483235 -42.825391
3313.356518 1.526685 -42.080155
3314.114606 1.570884 -41.322066
3314.911226 1.617330 -40.525446
3315.630758 1.659281 -39.805915
3316.350314 1.701234 -39.086358
3317.121230 1.746181 -38.315443
3317.917875 1.792628 -37.518797
3318.714495 1.839074 -36.722177
3319.305553 1.873535 -36.131119
3320.204967 1.925974 -35.231705
3320.834583 1.962683 -34.602090
3321.721144 2.014372 -33.715528
3322.453528 2.057073 -32.983145
3323.031733 2.090784 -32.404939
3323.956852 2.144722 -31.479820
3324.637852 2.184427 -30.798821
3325.408792 2.229376 -30.027880
3326.205413 2.275821 -29.231260
3326.783618 2.309533 -28.653054
3327.708737 2.363471 -27.727935
3328.543914 2.412164 -26.892758
3329.212061 2.451120 -26.224611
3329.983002 2.496068 -25.453670
3330.586887 2.531277 -24.849785
3331.473474 2.582968 -23.963198
3332.295799 2.630913 -23.140873
3332.976799 2.670617 -22.459874
3333.722035 2.714067 -21.714638
3334.608596 2.765757 -20.828076
3335.199654 2.800218 -20.237018
3336.009127 2.847413 -19.427546
3336.805772 2.893860 -18.630900
3337.525304 2.935812 -17.911369
3338.321949 2.982259 -17.114723
3339.028628 3.023461 -16.408044
3339.812421 3.069159 -15.624251
3340.711835 3.121598 -14.724837
3342.060956 3.200256 -13.375716
3342.857602 3.246704 -12.579071
3343.628543 3.291652 -11.808130
3344.309517 3.331356 -11.127156
3345.119015 3.378552 -10.317658
3345.825693 3.419754 -9.610979
3346.648018 3.467699 -8.788654
3347.316165 3.506654 -8.120507
3348.074254 3.550853 -7.362419
3348.845195 3.595802 -6.591478
3349.616110 3.640749 -5.820562
3350.335667 3.682702 -5.101006
3351.029493 3.723154 -4.407179
3351.851818 3.771099 -3.584854
3352.609906 3.815298 -2.826766
3353.290906 3.855003 -2.145767
3354.126083 3.903697 -1.310589
3354.794230 3.942652 -0.642442
3355.539466 3.986102 0.102794
3356.361791 4.034046 0.925119
3356.978529 4.070004 1.541856
3357.865116 4.121696 2.428443
3358.481853 4.157654 3.045181
3359.484061 4.216086 4.047388
3360.165060 4.255791 4.728388
3360.794650 4.292498 5.357978
3361.527034 4.335199 6.090361
3362.310827 4.380896 6.874154
3363.120299 4.428092 7.683627
3363.904093 4.473790 8.467420
3364.636476 4.516490 9.199804
3366.319683 4.614627 10.883011
3367.630247 4.691038 12.193575
3368.478277 4.740481 13.041605
3369.159276 4.780186 13.722604
3369.968749 4.827381 14.532077
3370.752542 4.873079 15.315870
3371.549162 4.919525 16.112490
3372.307251 4.963724 16.870578
3373.180985 5.014666 17.744313
3373.849107 5.053620 18.412435
3374.632900 5.099318 19.196228
3375.455225 5.147262 20.018553
3377.048491 5.240155 21.611819
3377.703786 5.278361 22.267113
3378.461874 5.322560 23.025202
3379.232789 5.367508 23.796117
3379.939494 5.408711 24.502821
3380.697582 5.452910 25.260910
3381.442793 5.496359 26.006120
3382.175202 5.539061 26.738529
3382.946117 5.584008 27.509445
3383.588559 5.621465 28.151887
3384.552235 5.677650 29.115563
3385.271766 5.719602 29.835094
3385.978445 5.760803 30.541773
3386.800796 5.808749 31.364123
3387.481770 5.848453 32.045097
3388.316947 5.897147 32.880275
3388.946537 5.933854 33.509864
3389.717478 5.978802 34.280805
3390.514098 6.025248 35.077425
3391.259334 6.068698 35.822661
3391.978890 6.110651 36.542218
3392.711274 6.153352 37.274602
3393.456510 6.196801 38.019838
3394.214573 6.240999 38.777901
3394.985514 6.285948 39.548841
3395.769307 6.331646 40.332635
3396.553075 6.377342 41.116402
3397.234074 6.417047 41.797402
3398.172045 6.471734 42.735373
3398.840167 6.510688 43.403495
3399.521166 6.550393 44.084494
3400.292107 6.595341 44.855435
3401.037343 6.638791 45.600671
3401.795406 6.682989 46.358734
3402.527790 6.725690 47.091117
3403.362967 6.774383 47.926295
3404.121056 6.818583 48.684383
3404.802055 6.858287 49.365383
3405.662912 6.908478 50.226239
3406.331059 6.947434 50.894386
3407.153384 6.995378 51.716711
3407.937177 7.041076 52.500505
3408.669561 7.083777 53.232888
3409.401944 7.126477 53.965272
3410.198564 7.172923 54.761892
3410.969505 7.217872 55.532833
3411.689036 7.259823 56.252364
3412.472830 7.305521 57.036157
3413.282302 7.352716 57.845630
3413.963276 7.392419 58.526604
3414.682833 7.434372 59.246160
3415.428069 7.477822 59.991396
3416.211837 7.523519 60.775164
3416.995630 7.569217 61.558957
3417.779398 7.614913 62.342725
3418.511781 7.880935 63.075109
3419.295574 8.277615 63.858902
3420.683227 8.979911 65.246555
3421.428463 9.357078 65.991791
3422.340730 9.818779 66.904057
3422.970345 10.137429 67.533672
3423.664171 10.488577 68.227499
3424.627847 10.976297 69.191175
3425.218880 11.275421 69.782207
3425.989821 11.665597 70.553148
3426.786441 12.068769 71.349768
3427.403178 12.380902 71.966506
3428.251208 12.810093 72.814536
3428.957912 13.167758 73.521240
3429.690296 13.538420 74.253623
3430.486916 13.941593 75.050244
3431.167915 14.286249 75.731243
3431.938831 14.676412 76.502158
3432.774008 15.099098 77.337336
3433.557801 15.495779 78.121129
3434.174539 15.807912 78.737866
3434.906922 16.178574 79.470250
3435.742100 16.601260 80.305427
3437.296808 17.388103 81.860136
3437.952103 17.719750 82.515431
3438.658782 18.077403 83.222109
3439.506812 18.506594 84.070139
3440.110697 18.812222 84.674024
3440.997284 19.260927 85.560611
3441.832436 19.683600 86.395763
3442.449198 19.995746 87.012526
3443.168730 20.359903 87.732057
3444.093848 20.828109 88.657176
3444.736291 21.153252 89.299618
3445.610000 21.595439 90.173327
3446.329531 21.959596 90.892859
3447.177561 22.388787 91.740888
3447.948502 12.427563 92.511829
3448.655180 12.559239 93.218508
3449.438974 12.705283 94.002301
3450.248446 12.856112 94.811774
3451.057919 13.006941 95.621246
3451.803155 13.145800 96.366482
3452.599775 13.294234 97.163103
3453.280774 13.421125 97.844102
3454.141631 13.581528 98.704959
3455.670660 13.866432 100.233988
3456.428723 14.007682 100.992051
3457.251048 14.160906 101.814376
3457.842106 14.271037 102.405434
3458.895698 14.467353 103.459026
3460.244845 14.718739 104.808172
3461.092849 14.876748 105.656177
3461.863790 15.020397 106.427118
3462.660410 15.168831 107.223738
3463.367114 15.300511 107.930442
3464.048088 15.427397 108.611416
3464.780472 15.563862 109.343800
3465.654207 15.726665 110.217534
3466.258092 15.839187 110.821419
3467.067564 15.990016 111.630892
3467.838505 16.133665 112.401833
3468.455242 16.248581 113.018570
3469.341804 16.413774 113.905132
3470.536747 12.794981 112.710189
3471.166337 10.888317 112.080599
3471.975809 8.436891 111.271126
3472.592547 6.569149 110.654389
3473.350635 4.273337 109.896300
3474.057314 2.133214 109.189622
3474.841107 -0.003655 108.405828
3475.457845 -0.032042 107.789091
3476.113139 -0.062205 107.133796
3476.935464 -0.100056 106.311471
3477.565054 -0.129036 105.681882
3478.541557 -0.173983 104.705379
3479.145467 -0.201781 104.101468
3479.877851 -0.235492 103.369085
3480.623062 -0.269793 102.623874
3481.509649 -0.310602 101.737287
3482.229180 -0.343722 101.017756
3482.910179 -0.375067 100.336756
3483.565448 -0.405229 99.681487
3484.490567 -0.447811 98.756368
3485.222951 -0.481523 98.023985
3485.916803 -0.513460 97.330133
3486.674866 -0.548353 96.572070
3487.317308 -0.577924 95.929628
3488.113953 -0.614593 95.132982
3488.974810 -0.654218 94.272125
3489.630105 -0.684380 93.616831
3490.465282 -0.722823 92.781653
3491.159134 -0.754760 92.087802
3491.840108 -0.786105 91.406828
3492.778079 -0.829279 90.468856
3493.381964 -0.857075 89.864971
3494.191462 -0.894336 89.055473
3494.962378 -0.929821 88.284558
3495.643377 -0.961166 87.603559
3496.401440 -0.996059 86.845496
3497.185233 -1.032137 86.061702
3497.969001 -1.068213 85.277935
3498.739942 -1.103699 84.506994
3499.716445 -1.148646 83.530491
3500.962797 -1.206015 82.284138
3501.720886 -1.240909 81.526050
3502.478949 -1.275802 80.767987
3503.365536 -1.316611 79.881400
3503.969421 -1.344408 79.277515
3504.727509 -1.379302 78.519426
3505.459893 -1.413013 77.787043
3506.063778 -1.440809 77.183158
3506.976044 -1.482800 76.270891
3507.759837 -1.518877 75.487098
3508.440811 -1.550222 74.806124
3509.198900 -1.585116 74.048036
3509.918431 -1.618236 73.328505
3510.663667 -1.652538 72.583269
3511.537402 -1.692756 71.709534
3512.179844 -1.722327 71.067092
3512.976464 -1.758995 70.270472
3513.914435 -1.802169 69.332500
3515.289261 -1.865451 67.957675
3516.073029 -1.901527 67.173907
3516.741176 -1.932281 66.505760
3517.627763 -1.973090 65.619173
3518.360146 -2.006801 64.886789
3519.079678 -2.039921 64.167258
3519.786356 -2.072449 63.460579
3520.724328 -2.115623 62.522608
3522.034917 -2.175948 61.212019
3522.882921 -2.214981 60.364014
3524.373393 -2.283586 58.873542
3525.041540 -2.314340 58.205395
3525.773924 -2.348051 57.473012
3526.609101 -2.386494 56.637834
3527.290101 -2.417840 55.956835
3528.048164 -2.452733 55.198772
3528.921898 -2.492950 54.325037
3529.577193 -2.523113 53.669743
3530.412370 -2.561555 52.834565
3531.170459 -2.596450 52.076477
3531.992784 -2.634301 51.254152
3532.660905 -2.665054 50.586030
3533.521787 -2.704679 49.725148
3534.164230 -2.734251 49.082706
3534.909466 -2.768553 48.337470
3535.757495 -2.807587 47.489440
3536.477027 -2.840707 46.769909
3537.312204 -2.879149 45.934732
3537.980351 -2.909904 45.266585
3538.725587 -2.944206 44.521349
3539.586444 -2.983831 43.660492
3540.293148 -3.016360 42.953788
3540.961295 -3.047114 42.285641
3541.860709 -3.088513 41.386227
3542.503151 -3.118084 40.743784
3543.338329 -3.156527 39.908607
3544.122096 -3.192603 39.124839
3544.815948 -3.224541 38.430987
3545.586864 -3.260025 37.660072
3546.383509 -3.296694 36.863426
3547.154450 -3.332180 36.092486
3547.873981 -3.365300 35.372954
3548.580660 -3.397827 34.666276
3549.338748 -3.432722 33.908187
3550.135369 -3.469389 33.111567
3550.867752 -3.503100 32.379183
3551.612988 -3.537403 31.633947
3552.499575 -3.578212 30.747360
3553.180549 -3.609557 30.066386
3553.848696 -3.640311 29.398239
3554.683874 -3.678753 28.563062
3555.326316 -3.708325 27.920620
3556.328524 -3.754455 26.918412
3556.919582 -3.781661 26.327354
3557.626260 -3.814189 25.620675
3558.422906 -3.850858 24.824030
3559.193821 -3.886343 24.053114
3559.964762 -3.921829 23.282173
3560.658614 -3.953766 22.588322
3561.403850 -3.988069 21.843086
3562.251854 -4.027102 20.995081
3562.997090 -4.061404 20.249845
3563.716647 -4.094525 19.530289
3564.449031 -4.128236 18.797905
3565.245651 -4.164904 18.001285
3566.016592 -4.200389 17.230344
3566.941710 -4.242972 16.305225
3567.558448 -4.271360 15.688488
3568.329389 -4.306846 14.917547
3569.074625 -4.341148 14.172311
3569.781303 -4.373676 13.465632
3570.680743 -4.415077 12.566193
3571.413126 -4.448788 11.833809
3572.158362 -4.483090 11.088573
3572.787952 -4.512070 10.458983
3573.584572 -4.548738 9.662363
3574.458307 -4.588955 8.788629
3575.164986 -4.621483 8.081950
3576.051573 -4.662292 7.195363
3576.706867 -4.692454 6.540068
3577.464930 -4.727347 5.782005
3578.184487 -4.760468 5.062449
3578.904018 -4.793587 4.342917
3579.764900 -4.833213 3.482035
3580.561521 -4.869881 2.685415
3581.268225 -4.902410 1.978711
3582.000608 -4.936121 1.246327
3582.835786 -4.974564 0.411150
3583.581022 -5.008866 -0.334086
3585.161435 -5.081611 -1.914500
3585.868114 -5.114139 -2.621178
3586.549113 -5.145485 -3.302178
3587.281497 -5.179196 -4.034561
3587.898234 -5.207584 -4.651299
3588.849058 -5.251350 -5.602122
3589.594294 -5.285652 -6.347358
3590.326678 -5.319363 -7.079742
3591.046209 -5.352483 -7.799273
3591.804297 -5.387377 -8.557362
3592.549533 -5.421680 -9.302598
3593.281917 -5.455391 -10.034981
3594.014326 -5.489103 -10.767390
3594.772389 -5.523996 -11.525453
3595.658976 -5.564805 -12.412040
3596.391359 -5.598516 -13.144424
3597.200832 -5.635775 -13.953896
3597.946068 -5.670078 -14.699132
3598.691304 -5.704380 -15.444368
3599.436540 -5.738683 -16.189604
3600.143244 -5.771212 -16.896309
3600.901333 -5.806106 -17.654397
3601.582307 -5.837451 -18.335371
3602.494598 -5.879443 -19.247663
3603.162720 -5.910196 -19.915784
3604.049307 -5.951005 -20.802371
3604.691749 -5.980576 -21.444814
3605.372749 -6.011922 -22.125813
3606.297867 -6.054504 -23.050932
3606.966014 -6.085259 -23.719079
3607.775487 -6.122518 -24.528551
3608.520723 -6.156821 -25.273787
3609.368753 -6.195855 -26.121817
3610.126841 -6.230749 -26.879906
3610.859225 -6.264460 -27.612289
3611.630166 -6.299946 -28.383230
3612.401106 -6.335432 -29.154171
3613.082080 -6.366776 -29.835145
3613.917258 -6.405219 -30.670322
3614.649641 -6.438930 -31.402706
3615.446287 -6.475599 -32.199351
3616.152966 -6.508127 -32.906030
3617.078110 -6.550710 -33.831174
3617.681995 -6.578507 -34.435059
3618.452936 -6.613993 -35.206000
3619.146762 -6.645929 -35.899827
3619.917703 -6.681415 -36.670767
3620.650087 -6.715126 -37.403151
3621.510969 -6.754751 -38.264033
3622.230500 -6.787871 -38.983564
3622.924352 -6.819808 -39.677416
3623.785234 -6.859434 -40.538298
3624.440529 -6.889597 -41.193593
3625.339943 -6.930996 -42.093007
3626.020942 -6.962342 -42.774006
3626.676237 -6.992505 -43.429301
3627.627060 -7.036270 -44.380125
3628.963354 -7.097779 -45.716419
3629.824211 -7.137403 -46.577275
3631.186210 -7.200095 -47.939274
3631.982830 -7.236763 -48.735894
3632.740918 -7.271657 -49.493983
3634.244243 -7.340854 -50.997307
3634.912390 -7.371608 -51.665454
3635.670478 -7.406502 -52.423543
3636.505656 -7.444945 -53.258720
3637.199507 -7.476882 -53.952572
3637.957596 -7.511777 -54.710660
3638.741364 -7.547853 -55.494428
3639.396658 -7.578015 -56.149723
3640.219009 -7.615868 -56.972073
3641.041334 -7.653719 -57.794398
3641.619539 -7.680333 -58.372604
3642.493274 -7.720550 -59.246338
3643.199953 -7.753078 -59.953017
3644.125071 -8.010101 -60.878136
3644.767514 -8.275228 -61.520578
3645.474218 -8.566874 -62.227282
3646.206601 -8.869117 -62.959666
3647.028926 -9.208479 -63.781991
3647.722778 -9.494821 -64.475843
3648.660749 -9.881907 -65.413814
3650.022723 -10.443973 -66.775787
3650.703722 -10.725012 -67.456787
3651.538900 -11.069677 -68.291964
3652.245604 -11.361323 -68.998668
3653.055076 -11.695380 -69.808141
3653.787485 -11.997634 -70.540550
3654.519869 -12.299878 -71.272933
3655.650575 -12.766504 -72.403640
3656.884076 -13.275551 -73.637140
3657.603607 -13.572490 -74.356671
3658.233197 -13.832313 -74.986261
3659.286814 -14.267125 -76.039878
3660.635960 -14.823897 -77.389025
3661.471138 -15.168562 -78.224202
3662.087875 -15.423081 -78.840940
3662.961610 -15.783658 -79.714674
3663.693993 -16.085901 -80.447058
3664.426402 -16.388156 -81.179467
3665.120229 -16.674487 -81.873293
3665.942579 -17.013859 -82.695644
3666.649258 -17.305495 -83.402322
3667.291700 -17.570621 -84.044765
3668.191140 -17.941806 -84.944204
3669.771553 -18.594019 -86.524617
3670.388316 -18.848548 -87.141380
3671.133552 -19.156095 -87.886616
3671.801699 -19.431830 -88.554763
3672.701113 -19.803004 -89.454177
3673.420669 -20.099954 -90.173734
3674.127348 -20.391590 -90.880413
3674.949673 -20.730951 -91.702738
3675.707762 -21.043803 -92.460826
3676.388761 -21.324841 -93.141825
3677.275348 -21.690722 -94.028412
3678.020584 -21.998270 -94.773648
3678.778672 -22.311122 -95.531737
3679.575318 -22.639885 -96.328382
3680.269144 -22.926217 -97.022209
3681.052938 -22.695142 -97.806002
3681.875263 -21.734665 -98.628327
3682.594819 -20.894222 -99.347884
3683.250114 -20.128837 -100.003178
3684.162380 -19.063309 -100.915445
3685.023262 -18.057797 -101.776327
3685.614320 -17.367440 -102.367385
3686.462350 -16.376940 -103.215415
3687.233291 -15.476481 -103.986355
3687.991379 -14.591032 -104.744444
3688.749468 -13.705584 -105.502532
3689.546088 -13.331269 -106.299152
3690.201408 -13.331269 -106.954472
3691.036585 -13.331269 -107.789650
3691.884615 -13.331269 -108.637680
3692.591294 -13.331269 -109.344358
3693.387940 -13.331269 -110.141004
3694.814175 -13.331269 -111.567239
3695.636500 -13.331269 -112.389564
3696.445998 -13.331269 -113.199062
3697.126997 -13.331269 -113.880062
3698.000732 -13.331269 -114.753796
3699.118611 -10.028544 -113.635917
3699.722496 -8.244393 -113.032032
3700.429201 -6.156467 -112.325328
3701.148732 -4.030645 -111.605797
3701.893993 -1.828803 -110.860535
3702.677761 0.004915 -110.076767
3703.268819 0.022548 -109.485709
3704.219643 0.050913 -108.534886
3705.029141 0.075061 -107.725388
3705.722967 0.095760 -107.031561
3706.429671 0.116842 -106.324857
3707.123498 0.137540 -105.631031
3707.894438 0.160539 -104.860090
3708.665379 0.183537 -104.089149
3709.423468 0.206152 -103.331061
3710.220113 0.229918 -102.534415
3710.901113 0.250233 -101.853416
3711.697733 0.273998 -101.056796
3712.340200 0.293164 -100.414328
3713.136821 0.316929 -99.617708
3713.715026 0.334178 -99.039502
3714.691555 0.363309 -98.062974
3715.449643 0.385924 -97.304885
3716.143469 0.406622 -96.611059
3716.940115 0.430388 -95.814413
3717.621114 0.450703 -95.133414
3718.417735 0.474468 -94.336794
3719.214380 0.498233 -93.540148
3719.972469 0.520849 -92.782060
3720.576379 0.538864 -92.178149
3721.437236 0.564545 -91.317293
3722.221029 0.587927 -90.533499
3722.940586 0.609393 -89.813943
3723.762911 0.633925 -88.991618
3724.443910 0.654240 -88.310618
3725.446118 0.684138 -87.308411
3726.641061 0.719785 -86.113468
3727.334913 0.740484 -85.419616
3728.067296 0.762332 -84.687232
3728.992440 0.789931 -83.762088
3729.647735 0.809480 -83.106793
3730.392971 0.831712 -82.361557
3731.061118 0.851644 -81.693410
3731.870591 0.875792 -80.883938
3732.757178 0.902240 -79.997351
3734.106299 0.942487 -78.648230
3734.735914 0.961270 -78.018615
3735.750974 0.991551 -77.003554
3736.431973 1.011866 -76.322555
3737.125800 1.032564 -75.628729
3737.909593 1.055946 -74.844935
3738.693386 1.079328 -74.061142
3739.412917 1.100793 -73.341611
3740.106769 1.121492 -72.647759
3740.826300 1.142957 -71.928228
3741.751419 1.170555 -71.003109
3743.164802 1.212719 -69.589726
3743.948595 1.236101 -68.805933
3744.668127 1.257566 -68.086402
3745.336274 1.277498 -67.418255
3746.312802 1.306630 -66.441726
3747.083743 1.329628 -65.670786
3747.700480 1.348027 -65.054048
3748.432864 1.369875 -64.321665
3749.319451 1.396324 -63.435078
3750.090392 1.419322 -62.664137
3750.784218 1.440020 -61.970310
3751.709362 1.467619 -61.045166
3752.351804 1.486784 -60.402724
3752.955689 1.504799 -59.798839
3753.932218 1.533931 -58.822311
3754.523276 1.551563 -58.231253
3755.371306 1.576862 -57.383223
3756.090837 1.598327 -56.663692
3757.054513 1.627075 -55.700016
3757.632718 1.644324 -55.121810
3758.429339 1.668089 -54.325190
3759.200279 1.691087 -53.554249
3760.729309 1.736701 -52.025220
3761.346046 1.755099 -51.408482
3762.116987 1.778098 -50.637542
3762.862223 1.800330 -49.892306
3763.646016 1.823712 -49.108512
3764.416931 1.846710 -48.337597
3765.200725 1.870092 -47.553804
3765.907403 1.891173 -46.847125
3766.665492 1.913788 -46.089037
3767.307959 1.932954 -45.446569
3768.117432 1.957102 -44.637096
3769.016846 1.983934 -43.737682
3769.595052 2.001183 -43.159477
3770.404524 2.025331 -42.350004
3771.111228 2.046413 -41.643300
3771.920701 2.070561 -40.833827
3772.691642 2.093560 -40.062887
3773.398346 2.114642 -39.356182
3774.053641 2.134191 -38.700888
3774.875966 2.158722 -37.878563
3775.711143 2.183637 -37.043385
3776.520616 2.207785 -36.233913
3777.201615 2.228100 -35.552913
3778.011088 2.252249 -34.743441
3778.730644 2.273714 -34.023884
3779.501560 2.296712 -33.252969
3780.156854 2.316261 -32.597674
3780.927795 2.339259 -31.826733
3781.942855 2.369540 -30.811673
3782.521061 2.386789 -30.233468
3783.292002 2.409788 -29.462527
3784.050090 2.432403 -28.704438
3784.731064 2.452718 -28.023464
3785.630503 2.479550 -27.124025
3786.439976 2.503698 -26.314552
3787.185212 2.525930 -25.569316
3787.943300 2.548545 -24.811228
3788.829862 2.574993 -23.924666
3790.166156 2.614857 -22.588372
3790.962802 2.638622 -21.791727
3791.618096 2.658171 -21.136432
3792.697393 2.690368 -20.057135
3793.982277 2.728699 -18.772251
3794.778923 2.752464 -17.975605
3795.459897 2.772779 -17.294631
3796.269395 2.796928 -16.485133
3797.117425 2.822226 -15.637104
3797.798399 2.842541 -14.956130
3798.530808 2.864390 -14.223721
3799.468754 2.892371 -13.285775
3800.085516 2.910770 -12.669012
3800.920694 2.935685 -11.833835
3801.601693 2.956000 -11.152835
3802.308372 2.977082 -10.446156
3803.066460 2.999697 -9.688068
3803.863081 3.023461 -8.891448
3804.698258 3.048376 -8.056270
3805.404962 3.069459 -7.349566
3806.098789 3.090157 -6.655740
3806.908287 3.114306 -5.846242
3807.627818 3.135771 -5.126711
3808.347349 3.157236 -4.407179
3809.169674 3.181767 -3.584854
3809.927762 3.204382 -2.826766
3810.621614 3.225081 -2.132914
3811.366850 3.247313 -1.387678
3812.189175 3.271844 -0.565353
3812.805913 3.290243 0.051384
3813.602558 3.314008 0.848030
3814.437736 3.338923 1.683207
3815.131562 3.359621 2.377034
3815.889650 3.382236 3.135122
3816.699123 3.406384 3.944595
3817.482916 3.429767 4.728388
3818.176743 3.450465 5.422214
3818.934831 3.473080 6.180303
3819.680067 3.495312 6.925539
3820.425303 3.517543 7.670775
3821.299038 3.543608 8.544509
3821.980012 3.563923 9.225483
3822.763805 3.587305 10.009276
3823.419099 3.606854 10.664571
3824.215720 3.630619 11.461191
3825.063749 3.655917 12.309221
3825.770454 3.676999 13.015925
3826.605631 3.701914 13.851103
3827.273753 3.721845 14.519224
3828.186044 3.749061 15.431516
3828.956960 3.772059 16.202431
3829.676516 3.793524 16.921988
3830.550251 1.147486 16.048253
