0.000000 0.000000
0.000000 1.111852
0.427914 1.535096
0.699072 1.434050
1.090968 1.692539
1.360005 3.483984
1.919249 4.191880
2.323859 3.628313
2.794140 6.280284
3.126727 5.973099
3.927475 7.653952
4.562996 19.643875
5.181562 40.095503
5.795899 66.753985
6.350927 76.755006
6.632677 71.885202
7.107187 71.861672
7.799908 72.847222
8.534997 74.890576
9.251010 78.263249
9.592069 93.344104
10.594073 123.082518
11.327041 158.367690
11.964683 161.927647
12.920078 147.280858
13.655167 148.459067
14.402968 150.039190
15.142286 152.969595
15.688818 157.691860
16.051073 166.598497
16.542537 182.766647
17.074261 205.727533
17.586909 214.487016
17.851704 209.602986
18.355882 209.345543
19.046495 210.319474
19.785800 211.830031
20.531480 216.944789
21.315286 231.075304
22.065196 252.340334
22.599028 282.693423
23.266324 289.811397
24.007763 278.293574
24.696230 279.278048
25.367767 280.521723
26.111327 282.675798
26.791323 286.045844
27.168399 291.855667
27.589975 302.281395
28.041181 318.274681
28.511462 339.344456
28.960572 346.640445
29.231730 341.680791
29.738028 341.460479
30.434979 342.450104
31.180659 343.997075
31.936919 349.143664
32.718616 363.316249
33.470647 388.617633
34.161247 418.441612
34.654820 427.560622
34.953512 420.991739
35.703421 420.431584
36.457573 421.706419
37.247741 423.568579
38.004001 427.567741
38.601396 433.861237
38.969988 444.748481
39.476286 463.051452
39.995285 489.028395
40.543963 523.352192
41.118041 564.973708
41.696373 613.309768
42.289514 667.847289
42.878439 728.287665
43.477929 788.959019
43.982119 804.458878
44.327420 786.033435
44.848551 780.838126
45.441692 781.289854
45.878090 782.803358
46.524202 784.930036
47.246578 787.307861
47.971075 789.817471
48.701909 792.429590
49.413693 795.338544
50.144540 799.684397
50.881750 808.564621
51.610476 825.871805
52.311656 843.987554
52.625181 873.067673
53.394166 916.954979
53.991548 962.420989
54.561397 1009.101104
55.059224 1048.383615
55.389678 1080.203953
55.688382 1124.542741
56.213743 1173.439592
56.559044 1167.909241
57.387338 1141.830223
57.861860 1141.943043
58.558811 1143.700787
59.323542 1146.104431
60.092539 1148.691747
60.861512 1151.375677
61.611421 1154.144711
62.357089 1157.096234
63.119724 1160.521619
63.869634 1165.727714
64.625906 1175.477952
65.356740 1190.677166
65.945652 1210.188154
66.456192 1236.671803
67.028162 1272.412413
67.606482 1312.096226
68.085233 1353.355146
68.544935 1395.502966
68.938953 1437.441552
69.313908 1487.112156
69.775718 1500.067871
70.144323 1478.736139
70.676033 1472.214657
71.284021 1472.147002
71.733105 1473.693090
72.430069 1476.053973
73.169386 1478.709857
73.917188 1481.492585
74.656506 1484.442447
75.425478 1487.553076
76.181750 1490.841961
76.950722 1494.667739
77.709116 1500.204334
78.446313 1509.469176
79.122080 1522.913463
79.664395 1545.432294
80.376166 1580.380871
81.060417 1623.132149
81.670512 1668.000044
82.172569 1709.832110
82.568720 1753.809622
83.011455 1753.238577
83.839749 1727.842035
84.439252 1727.876100
84.996388 1729.552805
85.748419 1731.930088
86.519512 1734.514272
87.284255 1737.199830
88.038407 1739.986144
88.788316 1742.951611
89.563651 1746.218791
90.317803 1750.565353
91.076183 1758.178298
91.819743 1767.213793
92.196818 1775.938805
92.527285 1789.192166
92.991216 1811.254731
93.544123 1843.916542
94.154219 1885.497301
94.732539 1927.956892
95.177407 1969.949957
95.611683 2012.589329
95.984517 2052.943917
96.312863 2058.909908
96.634859 2038.695120
97.128444 2031.334696
97.723706 2030.731666
98.011805 2032.028318
98.780803 2034.310610
99.488333 2036.825381
100.202238 2039.489122
100.922493 2042.339716
101.672415 2045.343945
102.409600 2048.386913
103.117155 2051.711443
103.869185 2055.924041
104.597911 2062.305957
105.284270 2073.314676
105.955808 2087.738913
106.419726 2110.607836
107.108206 2146.463229
107.773381 2189.067088
108.353822 2234.606504
108.870712 2277.793297
109.262621 2320.313258
109.669351 2316.152933
110.561196 2289.005383
111.143758 2289.314353
111.751732 2291.151844
112.529188 2293.633235
113.308752 2296.279058
114.077725 2299.031793
114.842468 2301.882714
115.594498 2304.935824
116.386788 2308.372331
117.153652 2313.097993
117.920503 2321.260485
118.642879 2330.458676
118.990300 2340.343487
119.386426 2355.995166
119.873662 2380.957985
120.456223 2416.711846
121.068440 2461.087751
121.653109 2506.513960
122.108582 2548.878260
122.504721 2590.949604
122.875434 2635.555794
123.252509 2683.768759
123.629572 2733.935848
123.998190 2794.867536
124.498125 2863.542925
124.945102 2937.508718
125.478946 3020.472608
126.008549 3034.226529
126.578398 3000.208688
127.078346 2993.244998
127.671487 2992.270476
128.071880 2993.681129
128.749768 2996.428360
129.465781 2999.813667
130.192386 3003.452023
130.925354 3007.280015
131.675264 3011.223355
132.406111 3015.212631
133.128487 3019.277227
133.844513 3023.521017
134.588059 3027.859569
135.293494 3032.299233
136.003157 3037.187378
136.702216 3041.330888
137.053879 3048.607008
137.933011 3062.132507
138.640553 3081.962456
139.333262 3111.490008
140.030225 3150.426780
140.676338 3193.560256
141.212291 3236.691242
141.671980 3289.541063
142.263012 3357.462676
142.870987 3414.553955
143.190874 3458.938763
143.548875 3519.696490
144.082706 3599.040585
144.667389 3685.399769
145.247830 3775.287749
145.830392 3795.568584
146.321869 3761.051924
146.940435 3750.579319
147.603489 3749.258982
148.103425 3750.738806
148.838514 3753.618160
149.590544 3757.104243
150.329862 3760.850699
151.086134 3764.846238
151.865698 3768.971770
152.621971 3773.176301
153.382472 3777.483803
154.130273 3781.893563
154.882304 3786.434912
155.632213 3791.047452
156.365181 3795.888918
157.127804 3800.693728
157.754841 3805.762011
158.405195 3811.947449
159.015290 3820.774961
159.695286 3834.881560
160.404962 3855.935384
161.087079 3885.234988
161.758617 3922.707113
162.387775 3966.631942
162.972458 4011.324763
163.432160 4058.915463
163.934203 4110.169338
164.364251 4158.390555
164.732843 4203.010914
165.050610 4243.629336
165.321755 4295.568990
165.756031 4354.378563
166.082269 4350.355441
166.681785 4314.279625
167.183841 4306.544004
167.817241 4304.805061
168.154058 4305.944248
168.959060 4308.664942
169.696257 4312.157483
170.437696 4315.967819
171.174905 4320.039411
171.952348 4324.274848
172.702258 4328.536704
173.443697 4332.942483
174.199969 4337.531360
174.960483 4342.153401
175.687088 4346.749134
176.400993 4351.500856
177.136069 4356.403027
177.839383 4360.997177
178.402869 4366.380068
179.127366 4373.952989
179.847621 4384.931433
180.589047 4401.835194
181.328377 4426.287096
182.025328 4458.921867
182.690503 4500.142000
183.334495 4545.630060
183.868339 4592.338074
184.359804 4634.758003
184.700862 4670.864086
185.005904 4705.248430
185.277061 4741.384384
185.575753 4787.252684
185.957058 4848.916033
186.429472 4859.742218
186.918829 4827.252436
187.520440 4817.616619
188.172903 4816.221283
188.575404 4817.478637
189.316843 4820.172056
190.054039 4823.577023
190.795478 4827.253828
191.526325 4831.140846
192.288947 4835.163405
193.024036 4839.283068
193.776067 4843.499740
194.502684 4847.770075
195.231410 4852.243594
195.985562 4856.723268
196.678271 4861.252907
197.406997 4866.291808
198.190815 4871.177453
198.773364 4876.228389
199.408885 4882.685222
200.027464 4891.585951
200.669322 4905.245206
201.351451 4925.749104
202.027231 4954.583292
202.698756 4991.427355
203.323685 5035.387380
203.925297 5081.628850
204.410424 5128.923598
204.887055 5177.234582
205.293798 5221.508556
205.628507 5264.554028
205.963202 5311.761588
206.316986 5380.773491
206.893173 5451.008325
207.213060 5454.880492
207.575302 5422.409435
207.958741 5407.631786
208.507393 5401.921656
209.115381 5401.067177
209.481864 5402.537515
210.263549 5405.527081
210.998638 5409.204710
211.742185 5413.196538
212.483624 5417.353334
213.229304 5421.723804
214.000410 5426.310830
214.775745 5430.871310
215.495988 5435.404367
216.222605 5440.116450
216.961923 5444.947239
217.688528 5449.874239
218.419388 5454.962405
219.145980 5459.747343
219.726434 5464.892608
220.414913 5471.681386
221.130927 5481.067215
221.863882 5495.203585
222.611683 5516.549100
223.346772 5546.275009
224.039481 5583.826739
224.681364 5630.846442
225.344418 5681.638216
225.861296 5731.251000
226.335819 5776.649932
226.681119 5818.398934
227.026419 5860.334224
227.331473 5903.665683
227.657711 5957.535230
228.068670 5962.297680
228.606744 5928.869882
229.235902 5920.254018
229.892606 5919.121411
230.220952 5920.522951
231.066200 5923.436719
231.818231 5926.944349
232.563899 5930.705661
233.305337 5934.682477
234.074322 5938.827528
234.830582 5943.072746
235.588975 5947.401595
236.330401 5951.760251
237.057019 5956.293429
237.815412 5960.967417
238.548367 5965.679338
239.277106 5970.860065
240.086337 5975.920762
240.681599 5981.023619
241.317120 5987.551859
241.956869 5996.635735
242.619924 6010.473904
243.316874 6030.669104
243.982049 6058.984639
244.659937 6095.773245
245.295458 6140.577141
245.920400 6188.983140
246.435169 6236.851212
246.894858 6284.344787
247.301588 6330.135367
247.659588 6375.231783
248.000660 6421.569861
248.333247 6465.226101
248.602284 6512.042185
248.943343 6568.940211
249.307706 6633.812432
249.708086 6715.917471
250.237688 6805.179217
250.695257 6892.734331
251.184600 6991.727842
251.743870 7012.938929
252.218393 6969.370270
252.652657 6952.915237
253.194972 6946.507064
253.743638 6945.185470
254.258407 6946.418168
254.925716 6949.450627
255.654429 6953.641046
256.397989 6958.342945
257.128835 6963.367183
257.891458 6968.513728
258.613834 6973.682275
259.346802 6978.991649
260.075540 6984.468674
260.821208 6990.081832
261.554163 6995.641814
262.255356 7001.233507
262.967140 7007.040295
263.693758 7013.041241
264.424592 7018.655895
265.032579 7023.900614
265.649037 7029.886457
266.386234 7036.794295
267.127672 7044.230331
267.828852 7052.722778
268.527924 7063.786109
269.258783 7079.097909
269.979038 7100.374580
270.684460 7129.794660
271.387760 7167.342610
272.035994 7213.419312
272.686348 7260.375618
273.150279 7303.617014
273.573951 7352.456085
274.046340 7399.014428
274.361986 7436.813440
274.639494 7473.622102
274.908543 7522.639216
275.323744 7587.708704
275.764371 7663.427379
276.257956 7754.868565
276.840518 7859.539776
277.450613 7970.286952
278.067059 8085.637923
278.694109 8204.918909
279.321158 8324.060257
279.918541 8354.946756
280.280783 8309.317584
280.768019 8284.026460
281.392947 8274.169676
282.019985 8271.688254
282.619488 8272.608175
283.356698 8275.601336
284.096015 8279.878123
284.856517 8284.856765
285.610668 8290.125324
286.349986 8295.597087
287.102017 8301.253974
287.851939 8307.006139
288.595486 8312.746975
289.311499 8318.747802
290.088955 8325.009628
290.838865 8331.322425
291.597258 8335.945273
291.927724 8339.519864
292.425552 8344.885601
293.154278 8351.045048
293.813090 8357.356168
294.550287 8364.027732
295.264192 8370.632923
295.961143 8377.424017
296.683519 8384.499266
297.395303 8391.768691
298.088025 8399.610077
298.797688 8408.788359
299.541235 8419.732371
300.255140 8433.045788
300.949970 8449.826712
301.617278 8471.863062
302.293033 8500.533328
302.945508 8534.303069
303.521707 8569.368222
303.994121 8609.975371
304.540653 8652.832269
304.945275 8696.930365
305.402844 8744.663618
305.796861 8789.769778
306.142174 8832.554853
306.451444 8877.047657
306.781924 8924.156055
307.093328 8981.361778
307.514879 9040.297605
307.813583 9090.701866
308.099562 9155.055198
308.523246 9159.193787
309.078262 9114.804052
309.501959 9100.512043
310.052720 9093.730927
310.684012 9091.765275
310.965761 9092.583562
311.855485 9095.205744
312.563027 9099.070714
313.298116 9103.638114
314.022600 9108.690775
314.787343 9114.052577
315.535145 9119.402105
316.253279 9124.765728
316.971413 9130.211496
317.681077 9135.881074
318.426757 9141.639986
319.130058 9147.396678
319.846084 9153.371816
320.574810 9159.535077
321.307777 9165.715115
322.013212 9171.908761
322.722862 9176.635542
323.078754 9182.408940
323.998145 9189.936189
324.718401 9196.693561
325.434401 9203.646463
326.150440 9210.870539
326.851620 9218.907885
327.603650 9228.098900
328.323905 9238.539228
329.010264 9251.984606
329.753811 9270.046306
330.474079 9294.067765
331.192213 9324.657253
331.855267 9360.143636
332.444192 9399.756150
332.992844 9441.612077
333.467367 9483.102663
333.882568 9533.549233
334.422763 9582.182165
334.732046 9621.260660
335.047692 9670.240945
335.462905 9736.193830
335.962841 9811.258452
336.431001 9889.095008
336.894932 9970.123842
337.339788 9982.463379
337.750760 9939.291707
338.242224 9918.384720
338.890458 9910.217143
339.602229 9908.554229
340.127590 9909.990991
340.862666 9913.252237
341.604117 9917.655466
342.356135 9922.698195
343.108166 9928.038915
343.847483 9933.546626
344.588922 9939.280850
345.349424 9945.159239
346.095117 9950.992960
346.813251 9957.018588
347.575861 9963.333224
348.334254 9969.777225
349.096876 9976.349766
349.855257 9980.895503
350.134885 9984.430771
350.649654 9990.121774
351.397443 9996.633005
352.073223 10003.212847
352.810432 10010.054578
353.517962 10017.066396
354.261522 10024.261002
354.969064 10031.400653
355.646952 10038.978705
356.352373 10047.546206
357.070520 10057.390990
357.775954 10069.244880
358.483497 10084.287727
359.184689 10103.855280
359.875277 10130.458055
360.595532 10163.170068
361.214111 10200.404259
361.798781 10242.975111
362.351688 10290.214923
362.874928 10340.785994
363.360043 10391.371790
363.779486 10443.533373
364.207412 10496.599586
364.578113 10547.924960
364.927655 10597.816724
365.239059 10649.680803
365.577996 10727.309059
366.149979 10804.544576
366.444428 10796.085900
367.022761 10751.163542
367.469725 10737.361799
368.037466 10731.132832
368.662394 10729.461482
368.931431 10730.388240
369.812684 10733.201067
370.556244 10737.272568
371.299791 10741.877099
371.998862 10746.883290
372.748785 10752.347091
373.513528 10757.852239
374.231662 10763.284704
374.943433 10768.773243
375.646747 10774.519534
376.394535 10780.431922
377.110549 10786.368504
377.835058 10792.392886
378.544722 10798.597645
379.284027 10804.945302
380.000053 10811.288352
380.711824 10817.774598
381.434200 10823.553197
381.970153 10829.395325
382.684058 10836.144233
383.389480 10843.035844
384.097022 10850.399060
384.840594 10858.398304
385.577791 10867.084974
386.298046 10876.997713
387.016180 10889.039547
387.732194 10904.784336
388.471524 10925.765450
389.191767 10952.863229
389.880259 10987.009424
390.545434 11028.373041
391.176700 11074.555936
391.738079 11121.707879
392.218951 11166.329186
392.612982 11206.236751
392.932856 11248.646788
393.312040 11295.873784
393.661582 11340.604751
393.960274 11392.752292
394.369138 11460.311900
394.822464 11535.441488
395.267332 11612.408369
395.686775 11621.590854
396.116810 11577.970449
396.629471 11557.801376
397.275571 11550.241090
397.981005 11548.718436
398.472469 11550.071642
399.180012 11553.247339
399.929921 11557.647973
400.684073 11562.638487
401.419162 11567.905384
402.150008 11573.392318
402.887205 11579.151147
403.649828 11585.038005
404.387025 11590.922525
405.117871 11596.980746
405.867781 11603.303915
406.632524 11609.735345
407.378205 11616.211108
408.123873 11622.677198
408.839899 11629.595599
409.657601 11636.725528
410.392677 11643.180320
411.038802 11649.810430
411.786591 11656.975943
412.519546 11664.047436
413.216509 11671.087431
413.900747 11678.458473
414.597698 11686.617127
415.322182 11695.562427
416.000082 11705.923834
416.709746 11718.750612
417.404575 11735.180145
418.107876 11757.062498
418.813310 11784.576481
419.457302 11818.335080
420.092822 11859.522024
420.709268 11904.718791
421.238883 11955.778086
421.808719 12010.138638
422.274771 12062.257112
422.698456 12114.355413
423.090353 12168.381488
423.482262 12223.553679
423.840262 12276.589556
424.162271 12348.818581
424.704573 12423.510145
425.015977 12485.398102
425.369749 12569.588130
425.878168 12672.795618
426.390829 12785.686502
426.969149 12908.299382
427.558048 13030.916131
428.119438 13152.963721
428.687166 13175.221847
429.187115 13120.854571
429.615028 13097.920214
430.155210 13086.137605
430.756847 13081.542306
431.159348 13080.698267
431.866891 13082.174476
432.606209 13085.962504
433.379423 13091.083225
434.125091 13096.853811
434.860179 13103.264301
435.646106 13110.149080
436.421441 13117.009651
437.156530 13123.682179
437.859843 13130.425021
438.584327 13137.642098
439.361783 13145.001561
440.090509 13152.191785
440.808643 13159.532137
441.543719 13167.298222
442.321175 13175.177079
443.054143 13182.890222
443.776506 13190.618167
444.490411 13197.805347
445.094169 13205.132934
445.814412 13213.332104
446.555851 13221.771336
447.297302 13230.362336
448.042970 13239.085408
448.782288 13247.893169
449.511014 13256.899370
450.239740 13266.402640
450.983299 13276.719681
451.737451 13287.929271
452.466189 13300.180475
453.165248 13315.147978
453.929991 13334.056594
454.665067 13357.042639
455.359910 13384.542746
456.003901 13415.802112
456.575858 13450.718173
457.116053 13486.524262
457.550329 13518.478156
457.882917 13550.895153
458.249401 13586.568852
458.590459 13624.398806
458.940002 13665.389893
459.285289 13714.135976
459.704732 13777.075339
460.198318 13848.660175
460.666490 13925.941132
461.157955 14008.395336
461.621886 14092.303847
462.068862 14199.616499
462.712854 14335.166338
463.388621 14476.672788
464.053809 14622.901738
464.750747 14775.153481
465.449818 14921.384805
466.072626 14960.947223
466.396730 14908.836430
466.831007 14874.227081
467.396614 14855.650260
468.091456 14847.686149
468.587163 14845.486951
469.290476 14846.084993
470.044615 14849.159436
470.775462 14853.787210
471.519009 14859.454238
472.266810 14865.630916
472.980702 14872.118585
473.705199 14878.937449
474.431804 14885.963697
475.158422 14893.290236
475.914682 14900.768599
476.645529 14908.220001
477.372147 14915.968989
478.136877 14923.929607
478.880437 14931.880417
479.619754 14939.837083
480.342130 14948.128157
481.119586 14956.672623
481.865254 14965.202141
482.617285 14973.645184
483.326948 14982.084933
484.057795 14990.778929
484.790763 14999.579325
485.519501 15008.341890
486.227031 15017.194579
486.951528 15026.107188
487.650587 15035.017892
488.356034 15044.113364
489.063563 15053.498866
489.788060 15063.266400
490.518907 15073.051019
491.201024 15083.142274
491.912808 15093.919813
492.605530 15105.786112
493.336364 15118.692608
494.003673 15132.348115
494.637073 15148.149517
495.293777 15166.806865
495.920814 15189.017473
496.552106 15214.297219
497.107121 15242.497187
497.647316 15274.075255
498.145130 15310.545525
498.668383 15350.626649
499.125951 15394.999556
499.619549 15447.096074
500.121606 15503.772098
500.594008 15559.796938
501.000738 15615.891672
501.405347 15670.897357
501.746418 15730.700810
502.163740 15796.689280
502.538695 15856.175143
502.841641 15918.399583
503.212354 15987.837089
503.561883 16071.143448
504.032164 16078.968797
504.587180 16025.025681
505.019335 16004.843382
505.527755 15993.504089
506.150550 15987.953897
506.762766 15986.486400
507.254256 15987.415302
507.940615 15990.318842
508.684162 15994.806041
509.431963 16000.300939
510.181873 16006.366060
510.912720 16012.866900
511.664750 16019.852020
512.437964 16026.846654
513.147627 16033.672573
513.853062 16040.705024
514.579667 16048.109815
515.335939 16055.580182
516.051952 16063.019259
516.778558 16070.584831
517.496704 16078.393263
518.246614 16086.330781
518.966869 16094.320473
519.704066 16102.427191
520.424321 16110.544559
521.142455 16118.888153
521.881786 16126.116416
522.390192 16133.409695
523.123160 16142.110962
523.854007 16150.595607
524.531895 16159.050976
525.239437 16168.036398
525.985118 16177.264347
526.711723 16186.695633
527.465874 16196.338402
528.196721 16206.006757
528.916976 16216.158731
529.666886 16227.072946
530.421037 16238.556300
531.145534 16250.772239
531.857306 16264.547713
532.583923 16280.755427
533.314758 16299.368124
533.990525 16321.474954
534.679017 16347.050263
535.284870 16374.030013
535.806002 16402.800627
536.295346 16430.633908
536.659709 16457.121142
537.013480 16487.392522
537.399027 16523.131186
537.803649 16562.879287
538.197666 16611.561213
538.687010 16673.152947
539.212371 16743.325049
539.735624 16821.320130
540.273684 16906.373687
540.799045 16996.345920
541.313814 17089.303631
541.801050 17183.752900
542.269210 17201.870572
542.627210 17151.660823
543.125038 17121.233394
543.743617 17107.007054
544.461738 17101.594672
544.972278 17100.824192
545.675579 17102.631791
546.465747 17106.465177
547.183881 17111.551978
547.938033 17117.556960
548.683701 17124.027958
549.416668 17130.860727
550.160228 17137.948268
550.893196 17145.225338
551.636743 17152.790841
552.397244 17160.488914
553.140804 17168.214864
553.882242 17176.223162
554.655457 17184.391293
555.403245 17192.655346
556.170109 17201.045667
556.917898 17208.997633
557.585207 17217.864713
558.470689 17227.482220
559.246024 17236.441031
559.993813 17245.249558
560.722551 17254.038315
561.447036 17263.010913
562.186366 17272.314996
562.944734 17281.810086
563.694656 17291.105024
564.402199 17300.222365
565.105512 17309.724951
565.851192 17319.724729
566.603210 17329.548447
567.289582 17339.649998
568.035249 17350.333451
568.742805 17361.468517
569.463047 17373.912232
570.215077 17386.890897
570.856961 17401.189648
571.560261 17418.350798
572.246620 17439.637316
572.983830 17465.441096
573.657476 17494.511957
574.271800 17527.654706
574.860737 17564.925216
575.405161 17606.799936
575.943222 17654.354202
576.470704 17704.849059
576.943118 17757.691462
577.407037 17816.648091
577.890030 17883.524342
578.387858 17953.040564
578.830605 18010.083822
579.112355 18065.859629
579.495780 18129.208509
579.834731 18193.118088
580.188489 18257.804290
580.506256 18326.324211
580.868511 18338.728872
581.152381 18296.167727
581.493439 18267.109244
581.940429 18249.200133
582.489081 18239.288355
583.101310 18234.932356
583.700814 18234.024717
584.196520 18235.302546
584.884987 18238.545607
585.641272 18243.355674
586.403894 18249.050247
587.143200 18255.257280
587.880409 18261.847439
588.615498 18268.756777
589.361166 18275.878958
590.098388 18283.012019
590.814389 18290.071486
591.511352 18297.453495
592.267611 18305.192739
593.011171 18312.832864
593.725076 18320.490697
594.449560 18328.379195
595.184649 18336.444616
595.919738 18344.690363
596.665418 18352.972428
597.385673 18361.240806
598.108037 18369.724858
598.845234 18378.326524
599.567610 18385.665394
600.076029 18393.116267
600.800513 18401.959418
601.522889 18410.494554
602.179606 18419.127424
602.899848 18428.394863
603.639179 18438.084543
604.403909 18447.954874
605.145348 18457.657037
605.852903 18467.677483
606.598571 18478.375403
607.344251 18489.529544
608.070857 18501.521683
608.812295 18514.748545
609.538900 18529.649539
610.267626 18546.942567
610.983652 18567.777813
611.710257 18592.473364
612.381795 18621.537465
613.038487 18655.725722
613.657066 18692.130317
614.173943 18727.550584
614.606099 18758.714563
614.919624 18790.953739
615.300941 18833.430938
615.754268 18880.738785
616.152527 18934.426627
616.631292 19000.202010
617.137577 19075.656641
617.665072 19158.136209
618.177720 19245.458274
618.684018 19338.832974
619.192424 19430.851164
619.624580 19443.235328
620.018610 19393.120839
620.516425 19365.127019
621.137125 19351.958523
621.827712 19346.978876
622.336131 19346.242004
623.024611 19347.974518
623.791463 19351.777947
624.530780 19356.812406
625.261627 19362.668956
625.996716 19369.128139
626.738142 19375.959493
627.471110 19382.977147
628.195607 19390.199186
628.930695 19397.702063
629.680605 19405.414856
630.430515 19413.198799
631.169832 19421.153015
631.928213 19429.346785
632.688727 19437.633641
633.440758 19445.893200
634.173725 19454.386406
634.944806 19462.522704
635.595160 19471.668372
636.516672 19481.460309
637.255990 19490.456455
638.018612 19499.602425
638.762159 19508.268857
639.427347 19517.118936
640.181486 19526.629495
640.933516 19536.211873
641.679184 19545.755075
642.405815 19555.233707
643.121815 19564.903574
643.854796 19574.817908
644.579280 19584.760173
645.280472 19594.887476
645.983786 19605.629125
646.704028 19617.225215
647.428525 19629.558286
648.121234 19642.514288
648.773709 19657.533090
649.487614 19676.056699
650.212098 19698.138658
650.909049 19724.657171
651.597528 19756.195370
652.245762 19793.038047
652.870691 19834.592697
653.442661 19881.120810
654.006160 19931.913496
654.520916 19983.552162
654.978497 20038.481253
655.450899 20097.875971
655.897875 20163.759228
656.385111 20232.734423
656.806675 20294.526748
657.147733 20352.446432
657.482442 20411.428789
657.804438 20475.629955
658.164571 20544.288275
658.503522 20624.487392
658.942015 20732.712910
659.501285 20858.843524
660.060529 20985.838994
660.604965 21119.444400
661.210832 21253.907638
661.753134 21375.936101
662.244612 21389.065553
662.761514 21328.096193
663.138577 21301.634896
663.627934 21285.006217
664.163886 21275.524239
664.805770 21271.427143
665.079036 21270.551231
665.917921 21271.723265
666.653010 21275.469036
667.392328 21280.950524
668.169771 21287.579067
668.923935 21294.712745
669.648419 21302.093272
670.353854 21309.991786
671.110126 21318.295880
671.843081 21326.706608
672.582399 21335.224049
673.306896 21343.812561
674.035634 21352.843497
674.813078 21361.997141
675.541816 21370.897722
676.257830 21379.915593
676.986556 21389.415099
677.759757 21399.091681
678.496967 21408.619991
679.227814 21418.198476
679.954431 21427.881425
680.683157 21437.797744
681.426717 21447.848302
682.157564 21456.264553
682.649028 21464.527168
683.343871 21474.629465
684.085297 21485.193485
684.828856 21495.864993
685.568187 21506.784161
686.328688 21517.779585
687.061643 21528.712032
687.796732 21539.853833
688.540292 21550.485461
689.190633 21561.399529
689.949027 21573.197067
690.686223 21584.976885
691.406479 21597.250129
692.156388 21610.176835
692.891477 21623.775566
693.632916 21638.261714
694.355279 21653.996287
695.081897 21671.734812
695.810623 21691.223449
696.480040 21712.346153
697.111319 21736.309230
697.732006 21761.562423
698.240425 21784.540874
698.623850 21804.674298
698.935254 21827.841285
699.337756 21858.353663
699.780490 21893.228305
700.202054 21931.546407
700.629968 21978.775895
701.138387 22038.748500
701.695523 22108.510860
702.250539 22187.020305
702.822509 22271.672888
703.358461 22361.117350
703.896535 22453.611044
704.390120 22543.676309
704.837110 22644.523197
705.377291 22773.915357
706.027633 22924.499622
706.699171 23082.538674
707.383409 23241.394503
708.048584 23400.232017
708.720109 23552.508708
709.319625 23592.175291
709.641621 23533.274825
710.092852 23491.531176
710.666930 23467.682630
711.353276 23455.449975
712.007872 23450.565101
712.571371 23449.516440
713.308556 23451.146446
714.045765 23455.133941
714.816858 23460.767632
715.575239 23467.412600
716.318799 23474.768876
717.062358 23482.884334
717.841922 23491.406321
718.583361 23499.977739
719.316329 23508.755789
720.053526 23518.057999
720.841573 23527.584791
721.589375 23537.098154
722.351997 23546.768262
723.104028 23556.623117
723.875121 23566.675990
724.637743 23576.732508
725.389774 23586.932240
726.154517 23597.405089
726.927718 23607.949925
727.683990 23618.462051
728.433900 23629.252598
729.211356 23640.385390
729.990920 23651.622067
730.764134 23662.225158
731.439901 23672.889751
732.204644 23684.207565
732.952433 23695.638195
733.715068 23707.243862
734.469207 23718.829412
735.212779 23730.289811
735.935142 23741.702454
736.657506 23753.266210
737.384136 23765.208484
738.138275 23777.158834
738.850059 23789.046562
739.578785 23801.187054
740.301161 23813.495815
741.025658 23826.097237
741.752250 23838.581420
742.428030 23851.197417
743.124981 23864.431920
743.813473 23879.132561
744.584566 23894.967616
745.289988 23910.853141
745.953055 23927.833554
746.622459 23946.440846
747.266451 23966.553712
747.880788 23988.622852
748.476049 24012.347582
749.016244 24038.633020
749.564922 24069.150143
750.111467 24102.678187
750.611402 24141.491197
751.160080 24187.087758
751.691791 24237.272391
752.206560 24292.292203
752.712858 24351.165293
753.191623 24414.406098
753.674604 24481.821261
754.134306 24551.341150
754.574920 24623.179460
755.002846 24695.216064
755.394755 24763.315214
755.737922 24835.630694
756.136181 24914.486618
756.511149 25004.041948
756.970838 25009.147004
757.549158 24949.445169
757.983435 24926.281568
758.491854 24912.199307
759.070174 24904.080367
759.699344 24900.650631
760.053103 24900.039342
760.832680 24901.469451
761.569889 24905.157536
762.311315 24910.438485
763.069708 24916.817603
763.815389 24923.739736
764.525052 24931.125187
765.253778 24939.068349
765.993109 24947.420654
766.738776 24955.944307
767.465382 24964.626192
768.204699 24973.401132
768.920725 24982.327739
769.662164 24991.750390
770.437499 25001.124147
771.151391 25010.243561
771.867417 25019.670671
772.610964 25029.593139
773.384191 25039.584505
774.119267 25049.403721
774.848006 25059.212010
775.564032 25069.211121
776.303337 25079.520049
777.046897 25089.906090
777.779864 25100.368720
778.517061 25110.997803
779.256392 25121.607890
779.974526 25130.245235
780.432094 25139.135440
781.171412 25150.377692
781.931926 25161.597430
782.652169 25172.745842
783.387257 25184.160431
784.126588 25195.143405
784.791763 25206.377976
785.548023 25218.011903
786.249202 25229.816867
787.009716 25242.080819
787.749034 25254.425877
788.496823 25266.976849
789.234032 25279.740168
789.973350 25292.907555
790.714789 25306.782700
791.477411 25321.096677
792.197666 25335.972569
792.930634 25351.943807
793.650889 25368.703440
794.330898 25386.830646
795.017257 25406.944433
795.680311 25429.655263
796.347607 25453.697110
796.908973 25476.727619
797.375025 25497.592685
797.737267 25517.736007
798.093159 25543.495853
798.559211 25577.925577
799.071859 25615.982861
799.520956 25659.382045
800.037846 25713.157492
800.586499 25776.656498
801.156348 25849.884568
801.738910 25933.106015
802.334184 26022.808615
802.893441 26116.538473
803.439986 26211.483431
803.933571 26308.612470
804.433507 26410.651928
804.916513 26430.740090
805.276647 26376.945920
805.759641 26343.025596
806.350673 26325.148127
807.022199 26316.316016
807.702207 26313.168839
808.227568 26313.312141
808.958415 26315.757681
809.685033 26320.156016
810.426459 26326.029491
811.184852 26332.780464
811.905095 26340.047036
812.625350 26348.036628
813.385864 26356.656519
814.148486 26365.246764
814.851787 26373.957491
815.595346 26383.240022
816.362210 26392.723896
817.112120 26402.285641
817.868380 26411.992283
818.620410 26421.743239
819.363982 26431.633629
820.118108 26441.662442
820.863789 26451.773995
821.611590 26462.009699
822.357271 26472.786375
823.164368 26483.782527
823.922762 26494.416429
824.659959 26505.145906
825.414110 26516.185108
826.176732 26527.367624
826.933005 26538.471837
827.668081 26548.831554
828.309951 26559.580876
829.081044 26571.154971
829.816133 26582.692181
830.566043 26594.636813
831.337136 26606.606737
832.074346 26618.380170
832.805192 26630.083893
833.519098 26642.293446
834.296541 26654.454138
834.989262 26666.139186
835.692576 26678.137502
836.404360 26690.580355
837.137315 26703.488847
837.874512 26715.794175
838.507912 26727.931865
839.187920 26741.163729
839.891234 26755.429168
840.613610 26770.471288
841.312681 26786.291439
842.007511 26803.483802
842.704461 26822.943269
843.426837 26845.216964
844.140743 26869.275488
844.780492 26895.712777
845.418134 26926.369168
846.047305 26960.474091
846.623504 26997.192156
847.161577 27037.685602
847.689059 27081.915823
848.184765 27130.515454
848.684701 27185.148151
849.186757 27249.399492
849.741785 27318.070645
850.216308 27382.711665
850.631509 27449.020607
851.063665 27517.062342
851.449212 27584.539744
851.828408 27652.775781
852.184300 27722.951421
852.548663 27799.008613
852.929981 27879.843264
853.307044 27873.675551
853.934081 27812.996936
854.385312 27791.360669
854.914902 27778.417745
855.488993 27771.156298
856.152047 27768.216226
856.440146 27768.075697
857.306579 27769.949416
858.041655 27774.041621
858.795806 27779.571385
859.535124 27786.076970
860.276575 27793.259511
861.005301 27800.888306
861.729798 27808.912190
862.458524 27817.299436
863.193613 27826.014150
863.937160 27834.936288
864.674357 27843.850673
865.390383 27852.917061
866.129700 27862.445402
866.898673 27872.058595
867.631640 27881.508607
868.356137 27891.035505
869.082755 27900.893325
869.839015 27911.044483
870.591058 27921.016010
871.302829 27930.947596
872.031555 27941.128065
872.762402 27951.548137
873.508083 27962.180317
874.251642 27972.874322
874.988839 27983.534604
875.711215 27994.267423
876.442062 28005.293086
877.187730 28016.633108
877.944002 28025.521348
878.354974 28034.261249
879.079459 28045.605832
879.816668 28057.169209
880.553865 28068.870639
881.293183 28080.231105
881.973192 28091.571666
882.695555 28103.409343
883.422173 28115.629688
884.174203 28128.206055
884.924113 28140.889996
885.665552 28153.687385
886.400640 28166.789320
887.142079 28180.321890
887.881397 28194.519895
888.637669 28209.454012
889.381229 28225.141591
890.120546 28241.820342
890.845031 28259.405336
891.533510 28278.876802
892.249524 28300.643139
892.925303 28326.106113
893.654029 28355.618551
894.321313 28385.838804
894.876341 28414.725801
895.333909 28443.968520
895.776657 28472.954628
896.136778 28507.671644
896.630363 28552.776250
897.134541 28600.237157
897.573059 28655.153977
898.109012 28723.981492
898.676740 28803.218486
899.255047 28889.231904
899.807954 28979.719800
900.346040 29074.207842
900.862918 29171.381435
901.358611 29270.905769
901.837376 29286.632842
902.258940 29232.268888
902.754646 29202.069696
903.360500 29186.056245
904.048967 29178.450561
904.680246 29176.005540
905.237382 29176.501220
905.983075 29179.381824
906.737226 29184.131681
907.480773 29190.212069
908.237046 29197.169597
908.970001 29204.617722
909.690256 29212.744727
910.457120 29221.503004
911.221863 29230.286706
911.942106 29239.226245
912.694136 29248.690738
913.469471 29258.236101
914.208802 29267.845269
914.971411 29277.666307
915.723442 29287.631184
916.488185 29297.751836
917.244457 29307.886480
917.992246 29318.103990
918.742155 29325.774791
919.106518 29331.592291
919.578933 29340.271113
920.343664 29350.939102
921.085102 29361.674160
921.841375 29372.750542
922.612468 29384.034213
923.379319 29395.259407
924.125012 29406.565705
924.885514 29418.029472
925.635411 29428.586852
926.262460 29439.292646
927.016612 29451.150081
927.777126 29463.134757
928.531265 29475.282028
929.296008 29487.366818
930.026855 29499.544416
930.787356 29512.040153
931.541508 29524.209220
932.246929 29536.125375
932.954484 29548.375654
933.681089 29561.220563
934.435241 29574.191716
935.149146 29586.414721
935.788896 29598.801477
936.483725 29612.551199
937.220922 29627.276527
937.951769 29642.570079
938.663566 29658.732281
939.375350 29676.412974
940.095593 29696.134627
940.817981 29718.524424
941.544586 29743.068929
942.205532 29770.991444
942.893999 29803.231062
943.535883 29840.666726
944.194695 29882.780442
944.783620 29925.156059
945.279313 29970.344601
945.794095 30020.451745
946.279197 30077.149540
946.804558 30140.118395
947.296035 30207.845515
947.798092 30278.521745
948.251431 30348.417937
948.675116 30416.353084
949.052191 30483.474169
949.422917 30555.977031
949.819043 30626.735605
950.138930 30697.806398
950.505414 30787.100925
950.962983 30901.075944
951.505298 31039.836676
952.125985 31179.662795
952.649225 31318.749932
953.252970 31462.581066
953.812240 31602.198276
954.384210 31626.296938
954.888387 31561.829829
955.278176 31531.500878
955.769640 31511.720048
956.314077 31499.446994
956.941127 31493.046296
957.392345 31490.515341
958.078704 31490.428115
958.807442 31493.120575
959.540397 31497.811052
960.264894 31503.831755
960.972449 31510.944628
961.705405 31519.091685
962.457435 31527.809514
963.181932 31536.918382
963.919129 31546.402194
964.645747 31556.364207
965.410490 31566.514674
966.130745 31576.715269
966.874292 31587.058011
967.592439 31597.620124
968.346577 31608.604450
969.104971 31619.577073
969.840059 31630.469372
970.570906 31641.578255
971.318695 31653.116762
972.089801 31664.633894
972.818527 31675.880998
973.538782 31687.363370
974.282342 31699.319561
975.047085 31711.469242
975.799103 31723.453787
976.527841 31735.492610
977.271401 31747.686316
978.004369 31760.020174
978.750036 31772.492892
979.485125 31785.070596
980.228685 31796.301568
980.794292 31805.885424
981.336595 31817.102470
982.080154 31830.294614
982.836427 31843.611083
983.579986 31856.938889
984.323533 31870.351363
985.062864 31883.906445
985.808544 31897.742053
986.564804 31911.786009
987.318955 31925.607519
988.037089 31939.598070
988.793362 31954.017893
989.539029 31967.553041
990.185142 31981.353500
990.935051 31996.239275
991.663777 32011.443274
992.409458 32027.209236
993.148776 32043.856364
993.919869 32061.168971
994.650716 32078.994621
995.381563 32097.824782
996.095455 32116.978816
996.743689 32137.196402
997.408864 32159.817667
998.071931 32184.022444
998.679905 32206.834135
999.145957 32226.303244
999.508186 32244.752022
999.861970 32268.858789
1000.353448 32301.915797
1000.899979 32341.357973
1001.444403 32382.821833
1001.914697 32427.406232
1002.410390 32482.664841
1002.980239 32549.867551
1003.567043 32627.837318
1004.177138 32714.206141
1004.761821 32806.063773
1005.331657 32901.515566
1005.865489 32997.349701
1006.361195 33093.721698
1006.835718 33203.396693
1007.397084 33339.620047
1008.043209 33495.620588
1008.706263 33658.744994
1009.371438 33825.725586
1010.057797 33993.712665
1010.735672 34151.327115
1011.343659 34189.596776
1011.705901 34128.016593
1012.157120 34086.905419
1012.733319 34061.991390
1013.402736 34047.933626
1014.072153 34041.510187
1014.550905 34039.073511
1015.269039 34039.123286
1016.008369 34041.852682
1016.732854 34046.513670
1017.461567 34052.671796
1018.200897 34060.145376
1018.969882 34068.475040
1019.707067 34077.341210
1020.450626 34086.807171
1021.200548 34096.819065
1021.963158 34107.200226
1022.717309 34117.786245
1023.469340 34128.615554
1024.225612 34136.178854
1024.509470 34142.710395
1025.111107 34152.614951
1025.839833 34163.718405
1026.585501 34175.309213
1027.360836 34187.045926
1028.108625 34198.714602
1028.858534 34210.457619
1029.599973 34222.393533
1030.358366 34234.522242
1031.108276 34246.726237
1031.860306 34259.038312
1032.608108 34271.653489
1033.381309 34284.431360
1034.133352 34297.087241
1034.876899 34309.941502
1035.637400 34323.012951
1036.391565 34335.877313
1037.113928 34347.737960
1037.740965 34359.991683
1038.495116 34373.297944
1039.228084 34386.980233
1040.009769 34400.903245
1040.755450 34414.762628
1041.515951 34428.846337
1042.272211 34442.838451
1043.009420 34456.774829
1043.746630 34470.791468
1044.479585 34485.154974
1045.240099 34499.537045
1045.962475 34513.543670
1046.672138 34527.414763
1047.369076 34541.700867
1048.108407 34556.670308
1048.860437 34570.748863
1049.498079 34584.306150
1050.184425 34598.653054
1050.883509 34613.709551
1051.618585 34629.119020
1052.328261 34644.738064
1053.054866 34660.639233
1053.758167 34677.160213
1054.499606 34694.611421
1055.234694 34711.973456
1055.912582 34729.740297
1056.613762 34748.328807
1057.281058 34767.910980
1057.965309 34787.693091
1058.556341 34807.670184
1059.153724 34828.407880
1059.693931 34850.597734
1060.261659 34875.677001
1060.827266 34902.376044
1061.346277 34932.613116
1061.916126 34968.085192
1062.477504 35008.990895
1063.057945 35053.747382
1063.579077 35099.915368
1064.064179 35151.712633
1064.585311 35211.330756
1065.106442 35275.161038
1065.595786 35343.292383
1066.089372 35414.410740
1066.542711 35487.078352
1066.987566 35559.156241
1067.379488 35630.123538
1067.765035 35705.717808
1068.165402 35790.011006
1068.597558 35885.536252
1069.061489 35910.375531
1069.332647 35862.621601
1069.703360 35827.614969
1070.129165 35805.500810
1070.646055 35790.890244
1071.203192 35781.704600
1071.878959 35777.146976
1072.287810 35775.878844
1073.020778 35776.685978
1073.736791 35779.974490
1074.488834 35784.992807
1075.204847 35791.249985
1075.933573 35798.464969
1076.647478 35806.407894
1077.369854 35815.257933
1078.134598 35824.498350
1078.842140 35833.905021
1079.570879 35843.877474
1080.316559 35854.201889
1081.057985 35864.629595
1081.786724 35875.246217
1082.528150 35886.134794
1083.271722 35897.363054
1084.038574 35908.681449
1084.775771 35920.003881
1085.525693 35931.367790
1086.252311 35942.788567
1086.993737 35954.833234
1087.783905 35966.749427
1088.493569 35978.436649
1089.239236 35990.551471
1089.987038 36002.808000
1090.734826 36015.118380
1091.474157 36027.516915
1092.217704 36039.947259
1092.946430 36052.481604
1093.687881 36065.245853
1094.429320 36078.188273
1095.177109 36091.141207
1095.905835 36104.141631
1096.645165 36117.490541
1097.399304 36131.058861
1098.149213 36140.715602
1098.462738 36150.266001
1099.191477 36163.725225
1099.922311 36177.521624
1100.674342 36191.479120
1101.409430 36205.379219
1102.142398 36219.338337
1102.871124 36233.746074
1103.637976 36248.399913
1104.379414 36262.911244
1105.118745 36277.547539
1105.860171 36292.462702
1106.614322 36306.850653
1107.290089 36321.213220
1108.027299 36336.537456
1108.781438 36352.145368
1109.527118 36367.919709
1110.274919 36384.085626
1111.031179 36400.231594
1111.747192 36416.491480
1112.478052 36433.419605
1113.211007 36451.208964
1113.963038 36469.565240
1114.681172 36487.834724
1115.356939 36507.396201
1116.087786 36528.380927
1116.769915 36549.328454
1117.394832 36568.578861
1117.884188 36586.270404
1118.341756 36603.075267
1118.723074 36622.440200
1119.229372 36647.627388
1119.778037 36677.602296
1120.352115 36712.421631
1120.930435 36748.411145
1121.409187 36788.277576
1121.957853 36839.191188
1122.565840 36899.982742
1123.171693 36967.056299
1123.747892 37041.240068
1124.334696 37123.400935
1124.908774 37210.353981
1125.453210 37300.797035
1125.978571 37395.967131
1126.497569 37495.291243
1126.997517 37511.100163
1127.450857 37458.904403
1127.955034 37431.464230
1128.554537 37416.036288
1129.247259 37408.097106
1129.880646 37405.250992
1130.401778 37405.279032
1131.134733 37407.658694
1131.874063 37412.098933
1132.609152 37418.046786
1133.346336 37425.254362
1134.104730 37433.519802
1134.871581 37442.529018
1135.634216 37451.955513
1136.377763 37461.855198
1137.144614 37472.386639
1137.928433 37483.190244
1138.691055 37493.971439
1139.436736 37506.277015
1140.377285 37518.966197
1141.148391 37530.352731
1141.889830 37541.801492
1142.650331 37553.479203
1143.404482 37565.370582
1144.175576 37577.306094
1144.919135 37589.269477
1145.677516 37601.598556
1146.450730 37614.091991
1147.213352 37626.541877
1147.965383 37639.067161
1148.721642 37651.844579
1149.488506 37664.931836
1150.265962 37677.784801
1150.990446 37690.638596
1151.753081 37702.419526
1152.341993 37714.390450
1153.113086 37728.043958
1153.879950 37741.657072
1154.631968 37755.400035
1155.398832 37769.504822
1156.176288 37783.741515
1156.943140 37797.992672
1157.707883 37812.274526
1158.464155 37826.564531
1159.216186 37840.838678
1159.957624 37855.526466
1160.739309 37870.381765
1161.484990 37884.804283
1162.209487 37899.011091
1162.921258 37913.420725
1163.654226 37928.638204
1164.433790 37943.623347
1165.130753 37957.621930
1165.800170 37971.605313
1166.482287 37986.770490
1167.249151 38002.397997
1167.956694 38017.653368
1168.666344 38033.414434
1169.395083 38049.748698
1170.125930 38066.879665
1170.886431 38084.388518
1171.604578 38102.012328
1172.320592 38120.447157
1173.040847 38140.319531
1173.788635 38161.109871
1174.485599 38182.739845
1175.184670 38205.639550
1175.847725 38230.108237
1176.508671 38255.903780
1177.110295 38282.871690
1177.690736 38312.194839
1178.256343 38344.672669
1178.815600 38381.535495
1179.381220 38422.924470
1179.927765 38468.862482
1180.467959 38520.602820
1181.010262 38579.006718
1181.554698 38639.886182
1182.031342 38703.143960
1182.516444 38771.995774
1182.993087 38843.072103
1183.435835 38914.320496
1183.853170 38985.932515
1184.249295 39057.805472
1184.626384 39132.820437
1185.016159 39217.342556
1185.448328 39237.179667
1185.732198 39190.944824
1186.113516 39157.571716
1186.585917 39137.041997
1187.102807 39124.265697
1187.693853 39116.436710
1188.361136 39113.024879
1188.719149 39112.507959
1189.517776 39114.089301
1190.257106 39117.917761
1190.973120 39123.321257
1191.699738 39129.918259
1192.417884 39137.476770
1193.150840 39145.713726
1193.862624 39154.650321
1194.614654 39164.196048
1195.349743 39173.973611
1196.078469 39184.014892
1196.807195 39194.507568
1197.563467 39205.201132
1198.290072 39216.102683
1199.048466 39227.181991
1199.777192 39238.331866
1200.524980 39249.860548
1201.285494 39261.521067
1202.033296 39273.110381
1202.768372 39284.857355
1203.520402 39296.965484
1204.285145 39309.183487
1205.035055 39321.164317
1205.755310 39333.162463
1206.492520 39345.562109
1207.246658 39358.192130
1207.996581 39370.785344
1208.731657 39383.246233
1209.451912 39395.715579
1210.174288 39408.692553
1210.939031 39421.939908
1211.678349 39435.087401
1212.417679 39448.279936
1213.148514 39461.690437
1213.898436 39475.358366
1214.644104 39489.131474
1215.391892 39502.949322
1216.129102 39516.229201
1216.806990 39521.923216
1217.107802 39522.208128
1217.747552 39529.413349
1218.486882 39542.425170
1219.228321 39556.150462
1219.959155 39570.215244
1220.694244 39584.947075
1221.467458 39599.905579
1222.206776 39614.636655
1222.941865 39629.540367
1223.685411 39644.784019
1224.441684 39659.255448
1225.098388 39673.449263
1225.816522 39688.987032
1226.591857 39704.957777
1227.339646 39720.924704
1228.102268 39736.790220
1228.828886 39752.644786
1229.578796 39769.034644
1230.343539 39785.295072
1231.070144 39801.403825
1231.809462 39818.033011
1232.569976 39834.632760
1233.288110 39851.223944
1234.016836 39868.092460
1234.709545 39885.610617
1235.410725 39904.226025
1236.071683 39922.767352
1236.628807 39941.306297
1237.141468 39960.764101
1237.609628 39981.089574
1238.035421 40005.963429
1238.550190 40039.870221
1239.132752 40081.818622
1239.706842 40127.086674
1240.208899 40177.293868
1240.744852 40237.390914
1241.308338 40307.924088
1241.893008 40387.823986
1242.475582 40472.645127
1243.017885 40560.096293
1243.539017 40652.264898
1244.055894 40747.908793
1244.545250 40760.714748
1245.034607 40709.502020
1245.545134 40684.580969
1246.150988 40670.598393
1246.822525 40663.555489
1247.445333 40661.060411
1247.941040 40661.257012
1248.680358 40663.722585
1249.415446 40668.117992
1250.129339 40673.927292
1250.853823 40680.989973
1251.601612 40689.157847
1252.368476 40697.954291
1253.103564 40707.083810
1253.834411 40716.725619
1254.582200 40726.906303
1255.340593 40737.444392
1256.096866 40748.111268
1256.838292 40759.944123
1257.723786 40772.303435
1258.509713 40783.644077
1259.234197 40794.858673
1259.984107 40806.464350
1260.742500 40818.232649
1261.496639 40830.062247
1262.246561 40841.763160
1262.968924 40853.621470
1263.723076 40865.928661
1264.485698 40878.240522
1265.225016 40890.432032
1265.957984 40902.923811
1266.718485 40915.682140
1267.468395 40928.586906
1268.231030 40941.562770
1268.974577 40954.666576
1269.737199 40967.895343
1270.480759 40979.490655
1271.046366 40991.213602
1271.792046 41004.693885
1272.541956 41018.434561
1273.302457 41032.124910
1274.033304 41046.119911
1274.812868 41060.397892
1275.560670 41074.324768
1276.289396 41088.252730
1277.024484 41102.607302
1277.784998 41117.394595
1278.551850 41132.186028
1279.299639 41146.896626
1280.045319 41161.371313
1280.757103 41175.989698
1281.504892 41190.533781
1282.197601 41204.664090
1282.892443 41218.808914
1283.574573 41233.288359
1284.288465 41248.457067
1285.021433 41263.926080
1285.745930 41279.550041
1286.472535 41295.270223
1287.182211 41311.470536
1287.923637 41328.390773
1288.662955 41345.412479
1289.372631 41362.752319
1290.090765 41380.916849
1290.811007 41400.338358
1291.556688 41420.470899
1292.249409 41441.086217
1292.935768 41463.017664
1293.611548 41487.024239
1294.302136 41512.703295
1294.939777 41540.224731
1295.577406 41569.704083
1296.159981 41601.685731
1296.746772 41636.793912
1297.295437 41676.218383
1297.865286 41719.514751
1298.382176 41767.306736
1298.922370 41822.810619
1299.473157 41886.049907
1300.030293 41950.730550
1300.498453 42015.134582
1300.960276 42082.669881
1301.400890 42153.353393
1301.839408 42226.903453
1302.258851 42296.173122
1302.604139 42362.631396
1302.955802 42437.151667
1303.349832 42533.318742
1303.868843 42656.505194
1304.455633 42789.151841
1305.004299 42925.133240
1305.593211 43068.030048
1306.199077 43211.070634
1306.794351 43348.977192
1307.362079 43371.376717
1307.874740 43308.639478
1308.289941 43279.010419
1308.779298 43259.181121
1309.359726 43245.928263
1309.997367 43238.857574
1310.446477 43235.542778
1311.141320 43234.520967
1311.893338 43236.415889
1312.630547 43240.442634
1313.348694 43245.997493
1314.064695 43252.837577
1314.797663 43260.741477
1315.532751 43269.452971
1316.269961 43278.664656
1316.985974 43288.423371
1317.729534 43298.734666
1318.466731 43309.329994
1319.201819 43320.225354
1319.941150 43331.375291
1320.678347 43342.911892
1321.440982 43354.594073
1322.173937 43366.354208
1322.925967 43378.391783
1323.675877 43390.441938
1324.413087 43402.564358
1325.156646 43414.786856
1325.891722 43427.251174
1326.650115 43439.867777
1327.389433 43452.531775
1328.139343 43465.367404
1328.885023 43478.229266
1329.624354 43491.451169
1330.397568 43505.093038
1331.170782 43518.385755
1331.891037 43531.455175
1332.626113 43545.022590
1333.388735 43558.862784
1334.140766 43572.529820
1334.871613 43586.116430
1335.602472 43599.815980
1336.333306 43613.810220
1337.083229 43627.959740
1337.818305 43642.226996
1338.568214 43656.527193
1339.294832 43666.970739
1339.640120 43677.413055
1340.358267 43692.019052
1341.118768 43706.928692
1341.855978 43721.830299
1342.603766 43736.718086
1343.328251 43751.744169
1344.078160 43767.102621
1344.823841 43782.624003
1345.577992 43798.196932
1346.317310 43814.046631
1347.086295 43830.310506
1347.853146 43846.500829
1348.603056 43862.713236
1349.359328 43878.952868
1350.098646 43895.233057
1350.844326 43911.874999
1351.600586 43928.909926
1352.363208 43946.086213
1353.111010 43962.199785
1353.759230 43978.461793
1354.494319 43996.043702
1355.225166 44014.337807
1355.981426 44033.038645
1356.701681 44052.484740
1357.462195 44072.253568
1358.148554 44091.929064
1358.834900 44112.042209
1359.481012 44132.938594
1360.137729 44153.269175
1360.673669 44171.249322
1361.127008 44189.216951
1361.599410 44209.154714
1362.086646 44234.240152
1362.705212 44265.731742
1363.342841 44300.786754
1363.948707 44340.709761
1364.584228 44386.167540
1365.187960 44433.145247
1365.711213 44482.186490
1366.228103 44537.542374
1366.759814 44603.764229
1367.348726 44681.675401
1367.944000 44766.386699
1368.511728 44855.027073
1369.054044 44949.089446
1369.596346 45051.498615
1370.149254 45167.176650
1370.746636 45296.325049
1371.348248 45437.146698
1371.975298 45589.455346
1372.629881 45746.112695
1373.284464 45904.788275
1373.962352 46057.709444
1374.574569 46090.429426
1375.006711 46027.007402
1375.500310 45989.212329
1376.089209 45966.440374
1376.739576 45953.012806
1377.347537 45945.895545
1377.906795 45942.217602
1378.616458 45941.217942
1379.336726 45942.888995
1380.061197 45946.642333
1380.798407 45952.097219
1381.550437 45958.827342
1382.287634 45966.527233
1383.029073 45975.137971
1383.783212 45984.482817
1384.535255 45994.281957
1385.274573 46004.458976
1386.016011 46016.172859
1386.914219 46028.337760
1387.670478 46039.706158
1388.420388 46051.302307
1389.176648 46063.280300
1389.949874 46075.384588
1390.699771 46087.443939
1391.447573 46099.993884
1392.239849 46112.731787
1392.994001 46125.143194
1393.731198 46137.711754
1394.489578 46150.651335
1395.256442 46163.603183
1396.002110 46176.640445
1396.764732 46189.759293
1397.506184 46202.923964
1398.260335 46216.338355
1399.016595 46229.758042
1399.758034 46243.355293
1400.520656 46257.343046
1401.291749 46271.355940
1402.043780 46283.274669
1402.577624 46295.056081
1403.304229 46309.278902
1404.088035 46323.840671
1404.837945 46338.427022
1405.611159 46353.092747
1406.356839 46367.653663
1407.106749 46382.667695
1407.886326 46397.654806
1408.621402 46412.596042
1409.384024 46428.211869
1410.174193 46443.887786
1410.930465 46459.299855
1411.682495 46474.678254
1412.423921 46490.551829
1413.211969 46506.500523
1413.949166 46521.878857
1414.671542 46537.257519
1415.398147 46553.043258
1416.148069 46569.126147
1416.891629 46584.263062
1417.544091 46599.184727
1418.257997 46614.977378
1418.980360 46630.814639
1419.687915 46646.559505
1420.391216 46662.550008
1421.109362 46678.943127
1421.835968 46695.981229
1422.596469 46713.348216
1423.335787 46730.502756
1424.060284 46748.069754
1424.814435 46765.566424
1425.511398 46783.248752
1426.254945 46801.436200
1426.964609 46819.169157
1427.640376 46837.084641
1428.328855 46855.373302
1428.994030 46873.613794
1429.635914 46891.815265
1430.252372 46910.349847
1430.866696 46929.882876
1431.491638 46950.670861
1432.118675 46972.299349
1432.720299 46995.366638
1433.343107 47020.206640
1433.944732 47046.777538
1434.546356 47076.068999
1435.152222 47108.759699
1435.760197 47145.425496
1436.366063 47186.024165
1436.950746 47228.805323
1437.478227 47274.090421
1437.995117 47325.794342
1438.539554 47384.992265
1439.081856 47448.454401
1439.588155 47513.774876
1440.062677 47580.011267
1440.503304 47649.117342
1440.948172 47718.163073
1441.333719 47789.790854
1441.757403 47872.595287
1442.217093 47966.017877
1442.697965 47991.528010
1442.962773 47947.070122
1443.344078 47913.217875
1443.805888 47891.825489
1444.316415 47877.525879
1444.913811 47867.893045
1445.598049 47863.115572
1445.981487 47861.401304
1446.769535 47861.582883
1447.491911 47864.260529
1448.220637 47868.749035
1448.953592 47874.615849
1449.680210 47881.536641
1450.404706 47889.400321
1451.144024 47897.972013
1451.868521 47907.135632
1452.607839 47916.706108
1453.321744 47926.667394
1454.058941 47937.159125
1454.800380 47947.945173
1455.537589 47958.936115
1456.272665 47970.144291
1457.009888 47981.691934
1457.764026 47993.545221
1458.518178 48005.523274
1459.268087 48017.680587
1460.026480 48029.849785
1460.761556 48042.093038
1461.513600 48054.560599
1462.261388 48067.110597
1463.009177 48079.813123
1463.761220 48092.650104
1464.511130 48105.567026
1465.258919 48118.414286
1465.987645 48131.507241
1466.750267 48145.053456
1467.517131 48158.262290
1468.228915 48171.203559
1468.953412 48184.735851
1469.718155 48198.536290
1470.459581 48212.258716
1471.203154 48226.035502
1471.938230 48239.745501
1472.662726 48253.607087
1473.402044 48267.884111
1474.158304 48282.316902
1474.901876 48296.597813
1475.630589 48311.075555
1476.382633 48325.770334
1477.121950 48340.517447
1477.867618 48354.353453
1478.505260 48365.504762
1478.975541 48377.744181
1479.712750 48392.824758
1480.454176 48408.105904
1481.199857 48423.324544
1481.924341 48438.500887
1482.655188 48454.145176
1483.413581 48470.195789
1484.171974 48486.456355
1484.938826 48502.836596
1485.697206 48519.292273
1486.459829 48535.566881
1487.190676 48551.776643
1487.936356 48568.413916
1488.694737 48584.183501
1489.351441 48599.800100
1490.084409 48616.703685
1490.842789 48633.844923
1491.582120 48651.375512
1492.357442 48668.666733
1493.058622 48686.336311
1493.844561 48704.686147
1494.579650 48723.390824
1495.365564 48742.242979
1496.081590 48760.411465
1496.778541 48778.935808
1497.483962 48797.706705
1498.157608 48816.850042
1498.841846 48835.789470
1499.451954 48853.851921
1500.026032 48870.962297
1500.528089 48889.634364
1501.142426 48911.402440
1501.760992 48934.107689
1502.347795 48958.455378
1502.959999 48985.667336
1503.580699 49016.376212
1504.222569 49050.674811
1504.847498 49089.035714
1505.478777 49127.803234
1505.980834 49167.065154
1506.495603 49215.602710
1507.095119 49274.422978
1507.692501 49341.752189
1508.302597 49416.590210
1508.887267 49494.852685
1509.427461 49577.479924
1509.967643 49668.647109
1510.522671 49765.897122
1511.050140 49779.818902
1511.577609 49730.127906
1512.096620 49707.242262
1512.689761 49693.605888
1513.354936 49686.180001
1513.926906 49682.991008
1514.528530 49682.353851
1515.255136 49684.081485
1515.975391 49687.820898
1516.699888 49693.205099
1517.447676 49699.955276
1518.201828 49707.641687
1518.936904 49716.085932
1519.682584 49725.306478
1520.438844 49735.037874
1521.180282 49745.237090
1521.938663 49755.839403
1522.684343 49767.807542
1523.582551 49780.229565
1524.349402 49791.720389
1525.088720 49803.266076
1525.836509 49815.238977
1526.607602 49827.355898
1527.353283 49839.485733
1528.107434 49852.065101
1528.891240 49864.846604
1529.653862 49877.295371
1530.382588 49889.882260
1531.147331 49902.891470
1531.912062 49915.819995
1532.653501 49928.886551
1533.420377 49941.956708
1534.149091 49955.013683
1534.901134 49968.448437
1535.659502 49981.924034
1536.403061 49995.401769
1537.148742 50007.221774
1537.699528 50019.220343
1538.453679 50033.170899
1539.205710 50047.119353
1539.947149 50061.405288
1540.722471 50075.949704
1541.478743 50090.555894
1542.247728 50105.260887
1543.001880 50119.962301
1543.758139 50135.074987
1544.541945 50150.223817
1545.289734 50165.284183
1546.052369 50180.633086
1546.817099 50195.929561
1547.562780 50211.236715
1548.316919 50226.769556
1549.073204 50242.796438
1549.863359 50258.721287
1550.598435 50274.344471
1551.348358 50290.329462
1552.106738 50306.477060
1552.860890 50322.559927
1553.602328 50337.697054
1554.259033 50352.709390
1554.979288 50369.010537
1555.744031 50385.615236
1556.481228 50401.824877
1557.199375 50417.920569
1557.915388 50434.362403
1558.652598 50451.530682
1559.419449 50469.012122
1560.169359 50486.237882
1560.898085 50503.495328
1561.633173 50521.290445
1562.387337 50539.357142
1563.122413 50557.321724
1563.842656 50575.621926
1564.575636 50594.704979
1565.323425 50613.726875
1566.014026 50632.701823
1566.715218 50651.800015
1567.369801 50671.342753
1568.049810 50691.697175
1568.702285 50712.353389
1569.337793 50733.922342
1569.975435 50756.947496
1570.615185 50781.215288
1571.231643 50807.080587
1571.852343 50834.935423
1572.453967 50865.851318
1573.081004 50900.154355
1573.680520 50936.597604
1574.244007 50978.245845
1574.854102 51024.570347
1575.402767 51076.590618
1575.995934 51131.461514
1576.481035 51185.716721
1576.951329 51247.864596
1577.472448 51315.165419
1577.936392 51381.618954
1578.368548 51448.870507
1578.781628 51516.256429
1579.165066 51589.511139
1579.597209 51670.857814
1580.023015 51686.339842
1580.345010 51642.726586
1580.728449 51613.570120
1581.217793 51594.423481
1581.772808 51581.880227
1582.399858 51574.167881
1583.075625 51570.765315
1583.429409 51569.888182
1583.692083 51569.826892
1584.264065 51571.209792
1584.986441 51574.599135
1585.723638 51579.608364
1586.452364 51585.878735
1587.187453 51593.121757
1587.911937 51601.159811
1588.644918 51609.900078
1589.377885 51619.183881
1590.110841 51628.992829
1590.854400 51639.168276
1591.585247 51649.577632
1592.316094 51660.274883
1593.049062 51671.223390
1593.782042 51682.443144
1594.523481 51694.144203
1595.294561 51705.828589
1596.012708 51717.532879
1596.766860 51729.799519
1597.537953 51742.043289
1598.273029 51754.099009
1599.006009 51766.322431
1599.747448 51778.943796
1600.514300 51791.806100
1601.270572 51804.459814
1601.999298 51817.246542
1602.757691 51830.217983
1603.494888 51843.305182
1604.253281 51856.712390
1605.013783 51870.027756
1605.748859 51883.229070
1606.483947 51896.598881
1607.225399 51910.196379
1607.973187 51923.965395
1608.720976 51937.690004
1609.451823 51951.447550
1610.191141 51965.254383
1610.915638 51979.516858
1611.690973 51994.074269
1612.434520 52008.401217
1613.173850 52022.840817
1613.917410 52037.664489
1614.684261 52052.602780
1615.427821 52067.340257
1616.162909 52082.211275
1616.908577 52097.193382
1617.643666 52108.011359
1617.972012 52119.323816
1618.747347 52134.909137
1619.484544 52150.171055
1620.217511 52166.079243
1621.005559 52182.191102
1621.746998 52197.905041
1622.486316 52214.027423
1623.255288 52230.424584
1624.009439 52246.595284
1624.746649 52262.720415
1625.485967 52278.352498
1626.168096 52294.480968
1626.941298 52311.371504
1627.680628 52327.761871
1628.396642 52344.545606
1629.157143 52361.787972
1629.898582 52379.004823
1630.640020 52396.615524
1631.396280 52414.452754
1632.135610 52432.902288
1632.917295 52451.940557
1633.675689 52470.568768
1634.391689 52489.315809
1635.122549 52508.627396
1635.840683 52528.229968
1636.546105 52548.306529
1637.245176 52569.202158
1637.946368 52590.841345
1638.626365 52611.484642
1639.198334 52631.576483
1639.776654 52652.944455
1640.350732 52676.581960
1640.965070 52703.669950
1641.606940 52733.509438
1642.227640 52765.395187
1642.825010 52801.741433
1643.464772 52843.054922
1644.072760 52888.755761
1644.676492 52939.016395
1645.246341 52990.495846
1645.744156 53048.795436
1646.318259 53119.190056
1646.905050 53195.352373
1647.449474 53276.879447
1648.002381 53363.361002
1648.519258 53450.984986
1649.006494 53457.607284
1649.610239 53407.399822
1650.165267 53387.492225
1650.762650 53376.050118
1651.429933 53370.171363
1651.927760 53367.886395
1652.620469 53367.869391
1653.349195 53370.248715
1654.063100 53374.550345
1654.808781 53380.339266
1655.539615 53387.382978
1656.302250 53395.430241
1657.047918 53404.189343
1657.799948 53413.550909
1658.543508 53423.395612
1659.291297 53433.616182
1660.028493 53445.701744
1660.981781 53458.471219
1661.765574 53470.109361
1662.523967 53481.633687
1663.263285 53493.469379
1664.036499 53505.645366
1664.797001 53517.811630
1665.549031 53530.035538
1666.298941 53542.515150
1667.065792 53555.387853
1667.847490 53568.010313
1668.569866 53580.628000
1669.336717 53593.684926
1670.097231 53606.769264
1670.853491 53619.841079
1671.599171 53633.010032
1672.353310 53646.331017
1673.103232 53659.729545
1673.853129 53673.185048
1674.596689 53686.852135
1675.357203 53700.868189
1676.126175 53714.943543
1676.880314 53728.919694
1677.626007 53743.011281
1678.380146 53757.621506
1679.168194 53772.432123
1679.930816 53786.976718
1680.678617 53801.887552
1681.466652 53817.019950
1682.225033 53832.171517
1683.002489 53847.484464
1683.765111 53862.684240
1684.519262 53877.872709
1685.269172 53890.660768
1685.777591 53903.523280
1686.525380 53919.328537
1687.311307 53935.450387
1688.078171 53951.495713
1688.845022 53967.323726
1689.580111 53983.269422
1690.346975 53999.852382
1691.130768 54016.211942
1691.865857 54032.022026
1692.588233 54047.965046
1693.325442 54064.603538
1694.100777 54081.619558
1694.861279 54098.455763
1695.609067 54115.159361
1696.346264 54132.095998
1697.102549 54148.836095
1697.810092 54165.366043
1698.534576 54182.583491
1699.286619 54200.576741
1700.059833 54218.832950
1700.813985 54237.031618
1701.559652 54255.038597
1702.273545 54273.454004
1703.023467 54292.688421
1703.769148 54312.087711
1704.493645 54331.724871
1705.213887 54351.980958
1705.934142 54372.661646
1706.628984 54393.796125
1707.317464 54415.455575
1707.978410 54438.099142
1708.649935 54461.986870
1709.298169 54487.266415
1709.948510 54514.693882
1710.596744 54544.842880
1711.249206 54577.874877
1711.882619 54613.613376
1712.492714 54653.268227
1713.104943 54697.574685
1713.698097 54745.912004
1714.263691 54798.844606
1714.818719 54856.132169
1715.344080 54914.031850
1715.803782 54974.626738
1716.280426 55038.840426
1716.718919 55103.762337
1717.138374 55173.324947
1717.576880 55245.004977
1717.970910 55316.291646
1718.358565 55400.837003
1718.845813 55501.639066
1719.345748 55618.278516
1719.919827 55749.255297
1720.502401 55882.978116
1721.087071 56018.755352
1721.692937 56139.796014
1722.152626 56149.144821
1722.661045 56087.293744
1723.116505 56056.562526
1723.612199 56036.247950
1724.205353 56021.748825
1724.855707 56013.548288
1725.283621 56008.894840
1725.999647 56006.023856
1726.734735 56006.089465
1727.463449 56008.423631
1728.202779 56012.460799
1728.925155 56017.919161
1729.675065 56024.437657
1730.393212 56031.770418
1731.126167 56039.846811
1731.850664 56048.522694
1732.583632 56057.874294
1733.335662 56067.797896
1734.089813 56077.976594
1734.824902 56088.394243
1735.568462 56099.276664
1736.331084 56110.327835
1737.066173 56121.391344
1737.803370 56132.627247
1738.538458 56144.017437
1739.275668 56155.596642
1740.017094 56167.354607
1740.760654 56179.506521
1741.536001 56191.687960
1742.268969 56203.722669
1743.012516 56216.141434
1743.779367 56228.630254
1744.518698 56241.048255
1745.264378 56253.676499
1746.016409 56266.408676
1746.762077 56279.373967
1747.528941 56292.296858
1748.257679 56305.121968
1749.001239 56318.121867
1749.738436 56331.413149
1750.503166 56344.959982
1751.257318 56358.384790
1751.996636 56371.759994
1752.733858 56385.217390
1753.471055 56398.932786
1754.225194 56412.968289
1754.985708 56426.871171
1755.714434 56440.498155
1756.434689 56454.263852
1757.167644 56468.615723
1757.938750 56483.275503
1758.692901 56497.652108
1759.423735 56511.862677
1760.150353 56526.528738
1760.917217 56541.696587
1761.684069 56553.176544
1762.071749 56564.355179
1762.800475 56579.088859
1763.535551 56594.138038
1764.285460 56609.441286
1765.035370 56624.871382
1765.787413 56640.494619
1766.545794 56656.223543
1767.297824 56672.036926
1768.054097 56687.865902
1768.797643 56703.868934
1769.560266 56720.320390
1770.335601 56736.747793
1771.085510 56752.808414
1771.816370 56769.056566
1772.572630 56785.827107
1773.339494 56802.548516
1774.078799 56818.969409
1774.805417 56835.623922
1775.551097 56852.014816
1776.239564 56868.332789
1776.961940 56885.638014
1777.716091 56903.485884
1778.461759 56921.890849
1779.234986 56940.619080
1779.976412 56959.310691
1780.711488 56978.084140
1781.421164 56997.322232
1782.147769 57016.735944
1782.823536 57036.843840
1783.543791 57058.496258
1784.261925 57078.937346
1784.840245 57097.527008
1785.382548 57117.287275
1785.969352 57139.772046
1786.592160 57164.787990
1787.223451 57192.260225
1787.861080 57221.157871
1788.445763 57253.320411
1789.087621 57291.319262
1789.742217 57333.961170
1790.373483 57380.944256
1790.985712 57433.040008
1791.583094 57486.129013
1792.080922 57539.468073
1792.566024 57598.826685
1793.070214 57667.872274
1793.610395 57745.339412
1794.139998 57828.655615
1794.665359 57921.215674
1795.220374 58028.360623
1795.821986 58153.888280
1796.474461 58294.860962
1797.129045 58446.816163
1797.809054 58604.176955
1798.491183 58760.574391
1799.169058 58909.171956
1799.789746 58939.151837
1800.262147 58876.485145
1800.753612 58840.597688
1801.353116 58817.153446
1802.022533 58803.103777
1802.554256 58794.860755
1803.189751 58789.193035
1803.935432 58786.594527
1804.651458 58786.792211
1805.382292 58789.101937
1806.121623 58793.132358
1806.867303 58798.596265
1807.623563 58805.192037
1808.371351 58812.591789
1809.104319 58820.706228
1809.845745 58827.906098
1810.332981 58833.312389
1810.724890 58840.639174
1811.474800 58850.616361
1812.228951 58861.063139
1812.991561 58871.839920
1813.745712 58882.731326
1814.485043 58893.867263
1815.239181 58905.328386
1815.993333 58917.230957
1816.779259 58929.241214
1817.524940 58941.159481
1818.279079 58953.285521
1819.033230 58965.664037
1819.802202 58976.535601
1820.359339 58987.335223
1821.107140 58999.826619
1821.857050 59012.731044
1822.640856 59025.616926
1823.375932 59038.339896
1824.127962 59051.367450
1824.886355 59064.667933
1825.657448 59078.038877
1826.411587 59091.387351
1827.167859 59104.880023
1827.926240 59118.460217
1828.680391 59132.050685
1829.428180 59145.785651
1830.186573 59159.782537
1830.951316 59173.827665
1831.703347 59187.921154
1832.461740 59202.200695
1833.222242 59216.648024
1833.986972 59231.203413
1834.747473 59245.826626
1835.507988 59260.598983
1836.272731 59275.187778
1837.003565 59290.029919
1837.783142 59305.312852
1838.547885 59320.537719
1839.310507 59336.085596
1840.096434 59351.808157
1840.865406 59367.188329
1841.606845 59382.633038
1842.371588 59398.358012
1843.129981 59413.969673
1843.873528 59429.843596
1844.646742 59445.867705
1845.394544 59462.024024
1846.169879 59477.284961
1846.824462 59492.122451
1847.551067 59507.665970
1848.262852 59523.909757
1849.044549 59540.462534
1849.775396 59556.820307
1850.529548 59573.445437
1851.275215 59590.249839
1852.035717 59607.284027
1852.791989 59624.169779
1853.529186 59641.394016
1854.304521 59659.012945
1855.065022 59676.454147
1855.812824 59694.020062
1856.571217 59711.444387
1857.293593 59728.714377
1858.024440 59746.631061
1858.784941 59764.552564
1859.498834 59782.007571
1860.202147 59799.501134
1860.899098 59816.892369
1861.572756 59834.565997
1862.267586 59852.753594
1862.953945 59871.236162
1863.640316 59889.735667
1864.294900 59908.702484
1864.977017 59928.640678
1865.657026 59949.309800
1866.339155 59970.979275
1867.027635 59993.348564
1867.690689 60016.788784
1868.370698 60042.060681
1869.054936 60068.758793
1869.718003 60097.284831
1870.387420 60127.504501
1871.016591 60159.567103
1871.641507 60194.557790
1872.253723 60232.432153
1872.842647 60273.072914
1873.404026 60316.302194
1873.933616 60362.047298
1874.435672 60410.111441
1874.908087 60462.974377
1875.401685 60526.432213
1875.954579 60587.652799
1876.331655 60642.531636
1876.721431 60705.435767
1877.153599 60775.397286
1877.579392 60851.870714
1878.032731 60935.848093
1878.488191 60936.294948
1879.142787 60881.072371
1879.610947 60859.861934
1880.174434 60844.990526
1880.786663 60835.077419
1881.473021 60830.006245
1881.803488 60827.516736
1882.663570 60826.484646
1883.413480 60828.089981
1884.129493 60831.419629
1884.853990 60836.135158
1885.580608 60842.044787
1886.324167 60848.960004
1887.067714 60856.552695
1887.792211 60864.779778
1888.533663 60873.683850
1889.281451 60883.027637
1890.018661 60892.715444
1890.757979 60902.816004
1891.505780 60913.273457
1892.253569 60923.915772
1892.990766 60934.739766
1893.732217 60945.907304
1894.488489 60957.320708
1895.238399 60968.801894
1895.981946 60980.332193
1896.719155 60992.031052
1897.466944 61003.956634
1898.216866 61016.156550
1898.983718 61028.332896
1899.716698 61040.393605
1900.456016 61052.697214
1901.205926 61065.351926
1901.974911 61077.877774
1902.697287 61090.345402
1903.447196 61103.256111
1904.209806 61116.215255
1904.953378 61129.038549
1905.688467 61142.185809
1906.457439 61155.527769
1907.203107 61168.710715
1907.942438 61182.051951
1908.694468 61195.685975
1909.454969 61209.404395
1910.204892 61222.915034
1910.931497 61236.624854
1911.691998 61250.809677
1912.458850 61264.781047
1913.185467 61278.515088
1913.916314 61292.325401
1914.640811 61306.538474
1915.403434 61321.116633
1916.155464 61335.572586
1916.894782 61349.964257
1917.629871 61364.769778
1918.400964 61379.781659
1919.146632 61394.645125
1919.892312 61409.631519
1920.640113 61424.719303
1921.385781 61437.676855
1921.915371 61449.632172
1922.555134 61463.789673
1923.292343 61479.107740
1924.035903 61495.035820
1924.821817 61511.179336
1925.575968 61526.983286
1926.319528 61542.890065
1927.073667 61559.331495
1927.857485 61575.740992
1928.598911 61591.728490
1929.334000 61607.282127
1930.026709 61622.956013
1930.763918 61639.287143
1931.507478 61655.817949
1932.253146 61672.554708
1933.005176 61689.456519
1933.755086 61706.072256
1934.471099 61722.965048
1935.233734 61740.387606
1935.983644 61757.922172
1936.742024 61775.506395
1937.481342 61793.032389
1938.218552 61810.537437
1938.938794 61828.407675
1939.686596 61846.274039
1940.385667 61864.120963
1941.108043 61882.786662
1941.845240 61900.996937
1942.504052 61918.693282
1943.171361 61936.940661
1943.838645 61954.685535
1944.436027 61972.923181
1945.099082 61992.654581
1945.755799 62013.615092
1946.446386 62036.234941
1947.145458 62059.298204
1947.793679 62083.746367
1948.490629 62111.072175
1949.200293 62138.909008
1949.823101 62167.653914
1950.464984 62198.922874
1951.083550 62233.196476
1951.714829 62272.030251
1952.352458 62315.660070
1952.979508 62362.033014
1953.543007 62411.352366
1954.098022 62465.866798
1954.642458 62527.415015
1955.203824 62596.230583
1955.752489 62672.860818
1956.318096 62758.718605
1956.887945 62849.635152
1957.421790 62863.314138
1957.945043 62817.608139
1958.474633 62795.668717
1959.088982 62782.136408
1959.743553 62774.774919
1960.232910 62770.964106
1960.917147 62769.177258
1961.645873 62769.898916
1962.374599 62772.599867
1963.094855 62776.872535
1963.829931 62782.490583
1964.577732 62788.985859
1965.283166 62796.287958
1966.024592 62804.536026
1966.778731 62813.290325
1967.505349 62822.485352
1968.248908 62832.283276
1969.003047 62842.408718
1969.740257 62852.782739
1970.483816 62863.493479
1971.229484 62874.448353
1971.973031 62881.968966
1972.237839 62888.018537
1972.771670 62897.914808
1973.530064 62909.613342
1974.279973 62921.455419
1975.036245 62933.578832
1975.803097 62945.700975
1976.542415 62957.933823
1977.307158 62970.528834
1978.076130 62982.993053
1978.811219 62995.497285
1979.571720 63008.284759
1980.327993 63021.269453
1981.099086 63034.140031
1981.829920 63047.024106
1982.590434 63060.119196
1983.333994 63073.299690
1984.092374 63086.638581
1984.842284 63099.967571
1985.587952 63113.322152
1986.329390 63126.855274
1987.083554 63140.508960
1987.827114 63154.226129
1988.577011 63168.084064
1989.324812 63182.203588
1990.091664 63196.245944
1990.820390 63210.231451
1991.570299 63224.701430
1992.339284 63239.398108
1993.101907 63253.934010
1993.843345 63268.657512
1994.614438 63283.566863
1995.364348 63298.435916
1996.120633 63313.556286
1996.885364 63329.037559
1997.667049 63344.218288
1998.391545 63359.203349
1999.143576 63374.830588
1999.921032 63390.781938
2000.694233 63406.467644
2001.435672 63421.882412
2002.172882 63437.464312
2002.920683 63453.348482
2003.676943 63467.478275
2004.251033 63481.153492
2004.956468 63496.543502
2005.683060 63512.348180
2006.418149 63528.690543
2007.185013 63545.273465
2007.932801 63561.727487
2008.678482 63578.283895
2009.426283 63595.014564
2010.178314 63612.066120
2010.945165 63628.818691
2011.661179 63645.346168
2012.398388 63662.129755
2013.127114 63679.353831
2013.891870 63696.856473
2014.633296 63714.056857
2015.359914 63731.309217
2016.092869 63748.929960
2016.836441 63766.477970
2017.548213 63783.762231
2018.253647 63801.210156
2018.961189 63818.683964
2019.649669 63836.264326
2020.344499 63854.085967
2021.028749 63872.306222
2021.727834 63891.001075
2022.418421 63909.854992
2023.096309 63928.948184
2023.767847 63948.909861
2024.464785 63969.787196
2025.151157 63991.439884
2025.843865 64013.892893
2026.519645 64037.442213
2027.208125 64062.650103
2027.898725 64089.079608
2028.563901 64116.697297
2029.216363 64146.931688
2029.892130 64180.390744
2030.557318 64216.474420
2031.197068 64254.198336
2031.781750 64293.259661
2032.330416 64335.672860
2032.879081 64383.285165
2033.427759 64432.998592
2033.906511 64484.206987
2034.378913 64541.168046
2034.866149 64603.367618
2035.336430 64667.832697
2035.779177 64733.926769
2036.204983 64805.480219
2036.656201 64895.029674
2037.226050 64920.358352
2037.581942 64877.062857
2038.011977 64849.270787
2038.528867 64830.975186
2039.134733 64818.340814
2039.816863 64810.485290
2040.518042 64806.780874
2041.009520 64805.666179
2041.736125 64806.410332
2042.500881 64809.119155
2043.229607 64813.288497
2043.954104 64818.698830
2044.693421 64825.166646
2045.434860 64832.485437
2046.178420 64840.411386
2046.905025 64848.903136
2047.646463 64858.063803
2048.402748 64867.705873
2049.152658 64877.387705
2049.860200 64887.365897
2050.608002 64897.904950
2051.357911 64908.641389
2052.099350 64919.498247
2052.836560 64930.334290
2053.550452 64941.367949
2054.291891 64952.662575
2055.020630 64964.113617
2055.764189 64975.775673
2056.503494 64987.474651
2057.236475 64999.355685
2057.984263 65011.603839
2058.749007 65024.047278
2059.507400 65036.440175
2060.253068 65049.025404
2061.022040 65061.676654
2061.763491 65074.233670
2062.509159 65087.016704
2063.265444 65099.826844
2064.002641 65112.700998
2064.754659 65125.803831
2065.506702 65139.008107
2066.258733 65152.219197
2067.000171 65165.454839
2067.743731 65178.923312
2068.500003 65192.742549
2069.271084 65206.606950
2070.021006 65220.086778
2070.739153 65233.862345
2071.510233 65248.151163
2072.272868 65262.265608
2073.014294 65276.059379
2073.732441 65289.929898
2074.471759 65304.445997
2075.247094 65319.206578
2076.001245 65333.617132
2076.729959 65347.856643
2077.456577 65362.527418
2078.219199 65377.633575
2078.979713 65392.652020
2079.723260 65407.579899
2080.464699 65423.016834
2081.248504 65438.815866
2082.015369 65454.570591
2082.784341 65470.562860
2083.563905 65486.728533
2084.339253 65502.511825
2085.072208 65518.287468
2085.836951 65534.432673
2086.595331 65550.409271
2087.334649 65566.190365
2088.065509 65581.907694
2088.789993 65596.285648
2089.389509 65610.750273
2090.113981 65626.832433
2090.853311 65643.085122
2091.584158 65659.538169
2092.331960 65676.028876
2093.056444 65692.588734
2093.799991 65709.463718
2094.541442 65726.571525
2095.293460 65743.258353
2095.986181 65760.078399
2096.736104 65777.789662
2097.490242 65795.319548
2098.208377 65812.943155
2098.951936 65831.146484
2099.697604 65849.555607
2100.434814 65868.155285
2101.169890 65886.622131
2101.868961 65904.788350
2102.551078 65923.624475
2103.267104 65943.382104
2103.978888 65963.357438
2104.667368 65983.298215
2105.330410 66003.950574
2106.014660 66026.052421
2106.711611 66049.563961
2107.412803 66074.086762
2108.090691 66100.426684
2108.800342 66128.341336
2109.461288 66158.010231
2110.141284 66190.679260
2110.810701 66224.510847
2111.410204 66261.478081
2112.052075 66303.909034
2112.681246 66350.947552
2113.295570 66405.111888
2113.935333 66464.306863
2114.505182 66527.108968
2115.068668 66598.258013
2115.651217 66674.130960
2116.174470 66755.616595
2116.729485 66844.789219
2117.261196 66852.639675
2117.907296 66803.165767
2118.464432 66783.981291
2119.076648 66772.195754
2119.722761 66766.358973
2120.036286 66762.999145
2120.970498 66761.125360
2121.707695 66762.480598
2122.457604 66765.675243
2123.173617 66770.332886
2123.915056 66776.315589
2124.671328 66783.336911
2125.423359 66791.032895
2126.152085 66799.302628
2126.887161 66808.279722
2127.641300 66817.872938
2128.397572 66827.888758
2129.151736 66838.298602
2129.912225 66848.992839
2130.662147 66860.010750
2131.428998 66871.397125
2132.195850 66882.775199
2132.933059 66894.378810
2133.704153 66906.501233
2134.485838 66918.718986
2135.248473 66930.898528
2136.006840 66943.177416
2136.765234 66955.703320
2137.538448 66968.489226
2138.313783 66981.392181
2139.086997 66994.228787
2139.841136 67007.409489
2140.641896 67020.441043
2141.366393 67033.361447
2142.141715 67046.675758
2142.900108 67059.984490
2143.662718 67073.377717
2144.418990 67086.931803
2145.187975 67100.665661
2145.952718 67114.408652
2146.711086 67128.178406
2147.467359 67141.914440
2148.210918 67155.948979
2148.988374 67170.223598
2149.746755 67184.225506
2150.483951 67198.429743
2151.252936 67209.416077
2151.642712 67216.807087
2152.028259 67227.852643
2152.795136 67242.632037
2153.561987 67257.558012
2154.333080 67272.464650
2155.087232 67287.371685
2155.847733 67302.360019
2156.599776 67317.600295
2157.375098 67332.943475
2158.127142 67348.155451
2158.879159 67363.750847
2159.658724 67379.843153
2160.448892 67395.912987
2161.215744 67411.805035
2161.978379 67427.735311
2162.738880 67443.769517
2163.501502 67460.020446
2164.272595 67476.012546
2165.001334 67491.742265
2165.738531 67507.636659
2166.473620 67524.137716
2167.257426 67540.808636
2167.998864 67557.117799
2168.740303 67573.879307
2169.513517 67591.003063
2170.278260 67608.067954
2171.036641 67624.976729
2171.778080 67642.018727
2172.538594 67659.293269
2173.290624 67676.540542
2174.038413 67693.665479
2174.769260 67709.576682
2175.402672 67726.066478
2176.171645 67744.198683
2176.932146 67762.304822
2177.684189 67780.034772
2178.398082 67797.788468
2179.135291 67815.920546
2179.861896 67833.850800
2180.563089 67851.951808
2181.281223 67870.695552
2182.007841 67889.662899
2182.715383 67908.995974
2183.437759 67928.866516
2184.149543 67949.274490
2184.869786 67970.693135
2185.604887 67992.805874
2186.318779 68015.383010
2187.024214 68039.120888
2187.742335 68064.587411
2188.471074 68091.679776
2189.189221 68119.918514
2189.877700 68150.289756
2190.585243 68182.919761
2191.252539 68217.244100
2191.896531 68254.493722
2192.532051 68295.807994
2193.161222 68339.698421
2193.726842 68385.326644
2194.262795 68435.009905
2194.794518 68489.665703
2195.313516 68546.140061
2195.775326 68603.046720
2196.213845 68665.136806
2196.677763 68730.044538
2197.090856 68798.504760
2197.537832 68877.837305
2198.022960 68971.109214
2198.561033 69079.497950
2199.132991 69195.900741
2199.681669 69318.833538
2200.270580 69447.986800
2200.867976 69571.506301
2201.410278 69586.667835
2201.967415 69525.772310
2202.431346 69496.863247
2202.948236 69476.443927
2203.568935 69461.473592
2204.223519 69452.897048
2204.632357 69447.333749
2205.407705 69443.148687
2206.138552 69442.035881
2206.850336 69443.083568
2207.583304 69445.882214
2208.326863 69450.046965
2209.049239 69455.196113
2209.752540 69461.455317
2210.517296 69468.618973
2211.248143 69476.382628
2211.993811 69484.699751
2212.722549 69493.482939
2213.463988 69502.816175
2214.213898 69512.445489
2214.944757 69522.336385
2215.686196 69532.677744
2216.442468 69543.325194
2217.192365 69554.023156
2217.925346 69564.897611
2218.673134 69576.052052
2219.420936 69587.265186
2220.156024 69598.651647
2220.908055 69610.413822
2221.674919 69622.248544
2222.420587 69634.047738
2223.168376 69645.952757
2223.914056 69657.787463
2224.640674 69669.752766
2225.390583 69682.071019
2226.148977 69694.677279
2226.922178 69707.132315
2227.650917 69719.505442
2228.402947 69732.237352
2229.163449 69745.099804
2229.919721 69757.893853
2230.661160 69770.488073
2231.383536 69783.153881
2232.122866 69796.167800
2232.874897 69809.291679
2233.616323 69822.527576
2234.370474 69835.779511
2235.103442 69849.009688
2235.844893 69862.560620
2236.603274 69876.145363
2237.338350 69889.667919
2238.079801 69903.142806
2238.800044 69916.806369
2239.552074 69930.737317
2240.291405 69944.600784
2241.026481 69958.514225
2241.761569 69972.293895
2242.473341 69986.447792
2243.238084 70001.059058
2243.987994 70015.393828
2244.714611 70029.695418
2245.451808 70044.294612
2246.199597 70059.174585
2246.955882 70074.169053
2247.705792 70089.108318
2248.447230 70104.075781
2249.190777 70119.264234
2249.944929 70134.653874
2250.699080 70149.940951
2251.434169 70165.519206
2252.207383 70181.565752
2252.978476 70197.577580
2253.738977 70213.463182
2254.488887 70229.421582
2255.247280 70240.832618
2255.562913 70254.245108
2256.501367 70272.194265
2257.234335 70288.178242
2257.980003 70304.418010
2258.727804 70320.663454
2259.465001 70336.706161
2260.185256 70351.908000
2260.837719 70367.424300
2261.577036 70384.140433
2262.326959 70401.081195
2263.074747 70418.236758
2263.831007 70435.523481
2264.576687 70452.809661
2265.318126 70470.334483
2266.068036 70487.074554
2266.726848 70503.367081
2267.421691 70520.999848
2268.171600 70538.956389
2268.870672 70555.993452
2269.523134 70573.553656
2270.237039 70592.064389
2270.933977 70610.654139
2271.620349 70629.599500
2272.306708 70648.804654
2272.971870 70669.081525
2273.685775 70691.090190
2274.412393 70714.203874
2275.132648 70737.705195
2275.812644 70762.358126
2276.520187 70789.047494
2277.223500 70816.768434
2277.886554 70845.778917
2278.545367 70877.858251
2279.225375 70911.209736
2279.816408 70946.739388
2280.443458 70988.166367
2281.087437 71035.031813
2281.716607 71086.480873
2282.318232 71143.698422
2282.919856 71204.313140
2283.451567 71268.857133
2283.996003 71342.687920
2284.561611 71423.202469
2285.097551 71506.972430
2285.612332 71602.798036
2286.203365 71719.480049
2286.855828 71850.051150
2287.491348 71991.763606
2288.169236 72140.507748
2288.836520 72290.935539
2289.529228 72436.636245
2290.160520 72466.013751
2290.643526 72404.205656
2291.164645 72368.800800
2291.751436 72345.942006
2292.391186 72332.053009
2292.840296 72322.315618
2293.600785 72314.245084
2294.350707 72310.164575
2295.087904 72308.931116
2295.808159 72309.862505
2296.555948 72312.635624
2297.333391 72316.815381
2298.064238 72322.091057
2298.807798 72328.387703
2299.553465 72335.495501
2300.294917 72343.386183
2301.055418 72351.901518
2301.801086 72360.866354
2302.548887 72370.359782
2303.307268 72380.316130
2304.065648 72390.532043
2304.811329 72400.975216
2305.559118 72411.850345
2306.328090 72422.834878
2307.058937 72433.953134
2307.817330 72445.513845
2308.582073 72457.248140
2309.340454 72469.074488
2310.096713 72481.095355
2310.861456 72493.351629
2311.630429 72505.941020
2312.420585 72518.564134
2313.178978 72530.987679
2313.931008 72543.728265
2314.714814 72556.945587
2315.511333 72569.855104
2316.246409 72582.686011
2317.021744 72595.919901
2317.792837 72609.198128
2318.561822 72622.222746
2319.292669 72635.398819
2320.067991 72648.929373
2320.828505 72662.388289
2321.584765 72675.923755
2322.343158 72689.554192
2323.099418 72703.337809
2323.864161 72717.138967
2324.611950 72728.608981
2325.114019 72735.659222
2325.376706 72744.691732
2326.088477 72758.500342
2326.859570 72772.856208
2327.620072 72787.008146
2328.359389 72801.193941
2329.113541 72815.756766
2329.882526 72830.496885
2330.645148 72845.210696
2331.401420 72860.020418
2332.164030 72875.029987
2332.930894 72890.136387
2333.693516 72905.297597
2334.456139 72920.683227
2335.231474 72936.037314
2335.981383 72951.359859
2336.744006 72966.798194
2337.496036 72982.747785
2338.298917 72998.706231
2339.042464 73014.391282
2339.809328 73030.347630
2340.569830 73046.177113
2341.315510 73062.034033
2342.069662 73077.915621
2342.808980 73093.480342
2343.524993 73109.821977
2344.327874 73126.392117
2345.056600 73141.348790
2345.702713 73156.691326
2346.458972 73173.256609
2347.208882 73189.940065
2347.967275 73206.764803
2348.721426 73223.827872
2349.492520 73240.699890
2350.221258 73257.839048
2351.007185 73275.219203
2351.748611 73292.169761
2352.487942 73308.902784
2353.201847 73325.886957
2353.953865 73343.250153
2354.691074 73360.257182
2355.402858 73377.133037
2356.118872 73393.979779
2356.817943 73410.882324
2357.527619 73427.976070
2358.230932 73445.276489
2358.944825 73462.798289
2359.652380 73479.708541
2360.302722 73496.519072
2360.986972 73514.457334
2361.709335 73532.639615
2362.393573 73551.167929
2363.120191 73570.496307
2363.840459 73589.912608
2364.545880 73609.905481
2365.276727 73630.286201
2365.975799 73651.461097
2366.721467 73673.075281
2367.407838 73695.370093
2368.147156 73719.258148
2368.878003 73743.266086
2369.562253 73768.595057
2370.297329 73795.484967
2370.990051 73823.050019
2371.672181 73852.754687
2372.371265 73884.064846
2373.021606 73916.163647
2373.642294 73948.801157
2374.205793 73983.316461
2374.779883 74021.703413
2375.349720 74062.979384
2375.885672 74106.867138
2376.402575 74155.002964
2376.919465 74203.588135
2377.347379 74253.796802
2377.802839 74309.863776
2378.251936 74371.359897
2378.713759 74443.199290
2379.230649 74521.107158
2379.698809 74540.234552
2379.976330 74504.412688
2380.385168 74477.147387
2380.910542 74458.986976
2381.497332 74446.470972
2382.164629 74438.214476
2382.846758 74434.211110
2383.194179 74432.315111
2384.066962 74431.752119
2384.793567 74433.431580
2385.532897 74436.676131
2386.274323 74441.244627
2387.030595 74446.879063
2387.776276 74453.209418
2388.492302 74460.171747
2389.221028 74467.930392
2389.975179 74476.399163
2390.735693 74485.251905
2391.475011 74494.407989
2392.218571 74504.106497
2392.987543 74514.116716
2393.731115 74524.322806
2394.487375 74534.741028
2395.226706 74545.194944
2395.957552 74556.150760
2396.739237 74567.297268
2397.472205 74578.373773
2398.222128 74589.723421
2398.972024 74601.128158
2399.711355 74612.742493
2400.471856 74624.424377
2401.204824 74636.135780
2401.954734 74648.172304
2402.715248 74660.140755
2403.443974 74672.278320
2404.212946 74684.596893
2404.952277 74697.065770
2405.727612 74709.768889
2406.483871 74722.355582
2407.233794 74735.089439
2407.996416 74748.024521
2408.759038 74760.781300
2409.489885 74773.594437
2410.248266 74786.662993
2410.998188 74799.936791
2411.769281 74813.172565
2412.504370 74826.389997
2413.262750 74839.716207
2413.999960 74853.039468
2414.747749 74866.760491
2415.518854 74880.516226
2416.260293 74894.035312
2416.995382 74907.525970
2417.724108 74921.203368
2418.469776 74935.287157
2419.232398 74949.402942
2419.971728 74963.269345
2420.698321 74977.183840
2421.433422 74991.614167
2422.204515 75006.258115
2422.952304 75020.873661
2423.710685 75035.310759
2424.430940 75050.070074
2425.212637 75065.255043
2425.966789 75080.198528
2426.714565 75095.341432
2427.479321 75110.383754
2428.208047 75125.605689
2428.981261 75141.416965
2429.758717 75157.151254
2430.514976 75172.895057
2431.283961 75188.777339
2432.044450 75204.666753
2432.804964 75220.583607
2433.559103 75236.099145
2434.273008 75251.365674
2434.995384 75267.148595
2435.749535 75281.714151
2436.351160 75296.340263
2437.103190 75312.721054
2437.859463 75328.985134
2438.592418 75345.411784
2439.355040 75361.858727
2440.081658 75378.448175
2440.848509 75395.059012
2441.568764 75411.866038
2442.344099 75428.843312
2443.070704 75445.906823
2443.843918 75463.347844
2444.593841 75480.814799
2445.358571 75498.211310
2446.091526 75514.822038
2446.777898 75531.518429
2447.506624 75548.962823
2448.243821 75566.830042
2448.993730 75584.598647
2449.707635 75601.890325
2450.402465 75619.552674
2451.129083 75637.716055
2451.845096 75656.153432
2452.571701 75675.315563
2453.319490 75695.036222
2454.060941 75714.653472
2454.770605 75734.377652
2455.486618 75754.698047
2456.202631 75775.829279
2456.933478 75797.614492
2457.647371 75820.249869
2458.380338 75843.892426
2459.098473 75868.290727
2459.810257 75893.667844
2460.511437 75920.308425
2461.210508 75948.227193
2461.888396 75978.717296
2462.606530 76011.488010
2463.273814 76047.097564
2463.975019 76083.319731
2464.542734 76121.663032
2465.176134 76165.008686
2465.762937 76212.427100
2466.358212 76262.422173
2466.875089 76315.216261
2467.402571 76375.527745
2467.944874 76442.422296
2468.472355 76517.595821
2469.031613 76600.121351
2469.563323 76612.017459
2470.101384 76569.158796
2470.660642 76548.775080
2471.266508 76536.145354
2471.912608 76529.417346
2472.266379 76525.125562
2473.156115 76522.161427
2473.903904 76522.392917
2474.658055 76524.522719
2475.376190 76528.156432
2476.119749 76533.076663
2476.865417 76539.084935
2477.623798 76545.909932
2478.361007 76553.385934
2479.104554 76561.584638
2479.862935 76570.296335
2480.604373 76579.335574
2481.341583 76588.945103
2482.110568 76598.898291
2482.847752 76609.181852
2483.618858 76619.809219
2484.366647 76630.548094
2485.118664 76641.659836
2485.887662 76652.985070
2486.641801 76664.428276
2487.402302 76676.017888
2488.154333 76687.891152
2488.931789 76700.054795
2489.702882 76712.268659
2490.469733 76724.624629
2491.242947 76737.184789
2492.020403 76749.823539
2492.789376 76762.325086
2493.537177 76774.946864
2494.308270 76787.987449
2495.094184 76800.948670
2495.844107 76813.628669
2496.585533 76826.784243
2497.379943 76840.180308
2498.138323 76853.287676
2498.888233 76866.675287
2499.667797 76880.231977
2500.426190 76893.735213
2501.188813 76907.332754
2501.947206 76920.986562
2502.705574 76934.579814
2503.447025 76946.827006
2504.048637 76961.348870
2505.027350 76977.328967
2505.777259 76991.359552
2506.533531 77005.682311
2507.304612 77020.079350
2508.058763 77034.491641
2508.821386 77049.078988
2509.584008 77063.781979
2510.348751 77078.580196
2511.111373 77093.328465
2511.861296 77108.317400
2512.638739 77123.526187
2513.401361 77138.705839
2514.166104 77154.044750
2514.935089 77169.414992
2515.693457 77184.708653
2516.445500 77200.096218
2517.203894 77214.375641
2517.839402 77228.456051
2518.570249 77243.666749
2519.307445 77259.231670
2520.063718 77275.132329
2520.824219 77291.036918
2521.572021 77306.718950
2522.302867 77322.059579
2523.010410 77337.600373
2523.751849 77353.799299
2524.512350 77370.135533
2525.258030 77386.542146
2526.016411 77403.554666
2526.808700 77420.921948
2527.590385 77438.036372
2528.350887 77454.964234
2529.107159 77471.915222
2529.861311 77489.513917
2530.666300 77507.405092
2531.437393 77524.991908
2532.206378 77542.219089
2532.937238 77559.724473
2533.721031 77577.683044
2534.481532 77594.915202
2535.193317 77612.091206
2535.938997 77629.790653
2536.684678 77647.447326
2537.415525 77664.888794
2538.131538 77682.066267
2538.828501 77699.218328
2539.529694 77716.590081
2540.230886 77734.334714
2540.946899 77752.476621
2541.662913 77770.994500
2542.389530 77790.089056
2543.128848 77809.609419
2543.863937 77829.316023
2544.590542 77849.546361
2545.334102 77869.717006
2546.024715 77890.349501
2546.764033 77911.766616
2547.469454 77933.312245
2548.172767 77956.204315
2548.914206 77980.363417
2549.638703 78005.278967
2550.358958 78030.768150
2551.045317 78057.202238
2551.738038 78086.207277
2552.464644 78117.250775
2553.153123 78149.449189
2553.818311 78183.938927
2554.479245 78220.895915
2555.108415 78260.368442
2555.718523 78301.061166
2556.256584 78341.906672
2556.752303 78385.609604
2557.250118 78431.515174
2557.697094 78478.474771
2558.127129 78528.965920
2558.559297 78582.982605
2558.976619 78637.697692
2559.357924 78696.316056
2559.773138 78708.922065
2560.080300 78676.078335
2560.501864 78653.088978
2561.033588 78637.641300
2561.656408 78627.095814
2562.342767 78620.691211
2563.037597 78617.934545
2563.346880 78617.156283
2563.632871 78616.900417
2564.245087 78617.806057
2564.992876 78620.295910
2565.706781 78624.131093
2566.441870 78629.206275
2567.198142 78635.274251
2567.945944 78641.939121
2568.659836 78649.228642
2569.401287 78657.332266
2570.163910 78665.840935
2570.890515 78674.692946
2571.638316 78684.136979
2572.400938 78693.813819
2573.133906 78703.757218
2573.892287 78714.011298
2574.633725 78724.393314
2575.377285 78734.947874
2576.114495 78745.748613
2576.866525 78756.795133
2577.614327 78767.886096
2578.351523 78779.038134
2579.088733 78790.499534
2579.849234 78802.133011
2580.592794 78813.618546
2581.319412 78825.111018
2582.050259 78836.941223
2582.806518 78848.835803
2583.533136 78860.690704
2584.272454 78872.758323
2585.013893 78884.829987
2585.742619 78897.185800
2586.507362 78909.630582
2587.236088 78922.007137
2587.981768 78934.777692
2588.746512 78947.657958
2589.494313 78960.339426
2590.225160 78973.129080
2590.975069 78986.025244
2591.708037 78999.067877
2592.464310 79012.236755
2593.201506 79025.459492
2593.953537 79038.809613
2594.694976 79052.193464
2595.440656 79065.821440
2596.199037 79079.326580
2596.921413 79092.688128
2597.654380 79106.253323
2598.389469 79120.163685
2599.149971 79134.243073
2599.893517 79148.053889
2600.615893 79162.014105
2601.365816 79176.162434
2602.098784 79190.462361
2602.855043 79205.098206
2603.613436 79219.599222
2604.346404 79234.066863
2605.092072 79248.811383
2605.844102 79263.836777
2606.608846 79279.209874
2607.386302 79294.486290
2608.131969 79309.729842
2608.896713 79325.151569
2609.650864 79340.667683
2610.415607 79356.408180
2611.182459 79372.023529
2611.926018 79387.600134
2612.680170 79403.200287
2613.417366 79418.802193
2614.163047 79434.605645
2614.910836 79450.408794
2615.648033 79466.119980
2616.378892 79481.896156
2617.113968 79497.782330
2617.846936 79513.964774
2618.601075 79530.399100
2619.348876 79546.644782
2620.077602 79563.122941
2620.838116 79580.047371
2621.598605 79597.237647
2622.373940 79614.483048
2623.130212 79631.233046
2623.852575 79647.822310
2624.585543 79664.908508
2625.341816 79678.075446
2625.727362 79685.808124
2626.009112 79697.334913
2626.716641 79714.434442
2627.468685 79732.122639
2628.214352 79749.027563
2628.887998 79765.838767
2629.612495 79783.147039
2630.313688 79800.831625
2631.052993 79819.178220
2631.790202 79837.262400
2632.489274 79855.509636
2633.218000 79874.353934
2633.940363 79893.544498
2634.669089 79913.212584
2635.397828 79933.031121
2636.105370 79952.925549
2636.804442 79973.658167
2637.531047 79995.160244
2638.238589 80016.650855
2638.916477 80038.879745
2639.617657 80062.759361
2640.335804 80088.653636
2641.081472 80115.748451
2641.784772 80143.700063
2642.483844 80174.290039
2643.212570 80208.237323
2643.943429 80243.654774
2644.604363 80280.239498
2645.244113 80322.093215
2645.934713 80366.678704
2646.513020 80413.061592
2647.099824 80462.985218
2647.631535 80515.155921
2648.142075 80570.245641
2648.622960 80631.632235
2649.139838 80701.588507
2649.658848 80775.196207
2650.139721 80780.547936
2650.739237 80737.384783
2651.328149 80718.818488
2651.963670 80707.670711
2652.601286 80702.328999
2652.872444 80700.237495
2653.149951 80697.993060
2653.870219 80696.613766
2654.630708 80697.533549
2655.378509 80700.215784
2656.105114 80704.292638
2656.846553 80709.670266
2657.617646 80715.982310
2658.352735 80723.018232
2659.102632 80730.764095
2659.846192 80739.127954
2660.602464 80747.883681
2661.329082 80757.113622
2662.091691 80767.004980
2662.862784 80777.066796
2663.599981 80787.461167
2664.375329 80798.204185
2665.125226 80809.034799
2665.879377 80820.326867
2666.663183 80831.892333
2667.427926 80843.396621
2668.179957 80855.077420
2668.946808 80867.170358
2669.732735 80879.369677
2670.495357 80891.566261
2671.264342 80903.917674
2672.031194 80916.644667
2672.831942 80929.413849
2673.590335 80941.748091
2674.325411 80954.429479
2675.113458 80967.599719
2675.895143 80980.620067
2676.653524 80993.521303
2677.409809 81006.735798
2678.193602 81020.376907
2678.988013 81033.672724
2679.720968 81046.879956
2680.494182 81060.346366
2681.246200 81073.870854
2682.015197 81087.583774
2682.777807 81101.276885
2683.534079 81115.064235
2684.296701 81129.022865
2685.061445 81138.552942
2685.334711 81146.359050
2685.906680 81158.740621
2686.669290 81173.033446
2687.438275 81187.481469
2688.207260 81201.884279
2688.961399 81216.321307
2689.724021 81230.953528
2690.488764 81245.639360
2691.247157 81260.606020
2692.030963 81275.521804
2692.774510 81290.430228
2693.547737 81305.830980
2694.331543 81321.180853
2695.089923 81336.394069
2695.850425 81351.615129
2696.600347 81366.843123
2697.352378 81382.532128
2698.138304 81398.271190
2698.886080 81413.470332
2699.610590 81428.493680
2700.332966 81442.490166
2700.951532 81457.101727
2701.724734 81473.334508
2702.489490 81488.985490
2703.199153 81504.227604
2703.917287 81520.237990
2704.690501 81536.933389
2705.463715 81553.240142
2706.192441 81569.362231
2706.940243 81585.852289
2707.694381 81602.833490
2708.478200 81620.287588
2709.266248 81637.865583
2710.052174 81655.329398
2710.821147 81672.893931
2711.607074 81690.631227
2712.382409 81708.181211
2713.142910 81725.811482
2713.916124 81743.770161
2714.695701 81761.818428
2715.466794 81779.663010
2716.218825 81797.280127
2716.960263 81814.771153
2717.691123 81832.292559
2718.424078 81850.186214
2719.173988 81868.287205
2719.911197 81886.325623
2720.642044 81904.336907
2721.362299 81922.279938
2722.071962 81940.248241
2722.777397 81958.948155
2723.525185 81978.281067
2724.258166 81997.853974
2724.999605 82017.640382
2725.721968 82037.478996
2726.437994 82058.286315
2727.196374 82079.710325
2727.918750 82101.287347
2728.645368 82123.421148
2729.359273 82145.973149
2730.062574 82169.945805
2730.806133 82194.994732
2731.509447 82220.415871
2732.202168 82247.741786
2732.926652 82277.403039
2733.644799 82308.662902
2734.339642 82341.237673
2735.002696 82375.697567
2735.653038 82413.036564
2736.292800 82453.794348
2736.917729 82496.342038
2737.474865 82538.113152
2737.957872 82580.597636
2738.426032 82626.155796
2738.881492 82674.511976
2739.317877 82725.760757
2739.745803 82776.805410
2740.114395 82830.573878
2740.523259 82895.878655
2740.993540 82977.532227
2741.542205 83075.662275
2742.126888 83186.719420
2742.728512 83308.905270
2743.349200 83440.793961
2744.003783 83569.330902
2744.586357 83585.944235
2745.183753 83526.573169
2745.637092 83498.969860
2746.198470 83477.957094
2746.842462 83462.265906
2747.571188 83453.430131
2747.912259 83447.574777
2748.776557 83442.480248
2749.486233 83440.746084
2750.238276 83441.049700
2750.971232 83443.006380
2751.689366 83446.287019
2752.413863 83450.755380
2753.157422 83456.311177
2753.915815 83462.683995
2754.655133 83469.597299
2755.377509 83477.139929
2756.123190 83485.433201
2756.887933 83494.076346
2757.614551 83502.970990
2758.353869 83512.493303
2759.124974 83522.214147
2759.847338 83532.031092
2760.590910 83542.333800
2761.349291 83552.705114
2762.071654 83562.799185
2762.764388 83573.057370
2763.486751 83583.632474
2764.202777 83593.931878
2764.870073 83604.563308
2765.613620 83615.921842
2766.361422 83627.415073
2767.107102 83638.969720
2767.848541 83650.729053
2768.606934 83662.452535
2769.331431 83674.322904
2770.096162 83686.333521
2770.827021 83698.349205
2771.581160 83710.519220
2772.320490 83722.618391
2773.055566 83734.800683
2773.794897 83747.047635
2774.527865 83759.662874
2775.301079 83772.343767
2776.031913 83784.841466
2776.773364 83797.712467
2777.538108 83810.851424
2778.300717 83823.912825
2779.046398 83836.894354
2779.789957 83850.016327
2780.542000 83863.410953
2781.306744 83876.835099
2782.052411 83890.194371
2782.800213 83903.638256
2783.545893 83917.166649
2784.293669 83931.051556
2785.069004 83944.729847
2785.785030 83958.043404
2786.511635 83971.771587
2787.263666 83985.899809
2788.024167 83999.974212
2788.761377 84013.933561
2789.500695 84028.279386
2790.269667 84043.056644
2791.045015 84057.882925
2791.809745 84072.613947
2792.566018 84087.350206
2793.322277 84102.194166
2794.080670 84117.209157
2794.845414 84132.227316
2795.595336 84147.184454
2796.345233 84162.056063
2797.078213 84176.926136
2797.819639 84192.180501
2798.582262 84207.606485
2799.332171 84223.207493
2800.103277 84238.697220
2800.834111 84253.987581
2801.577671 84269.515328
2802.323351 84285.261088
2803.079624 84300.777475
2803.795637 84316.242799
2804.539184 84332.309189
2805.303927 84348.483644
2806.049608 84363.760056
2806.723254 84379.024719
2807.460451 84395.056686
2808.197660 84411.056306
2808.924265 84427.304446
2809.676296 84443.780251
2810.415626 84460.348780
2811.167657 84477.440172
2811.945100 84494.514600
2812.686539 84510.566480
2813.364414 84526.771269
2814.110094 84543.908712
2814.860004 84561.097834
2815.599322 84578.373007
2816.345002 84596.043538
2817.105504 84613.293199
2817.802467 84630.435595
2818.539651 84648.035056
2819.259906 84665.918464
2820.003466 84684.530449
2820.763980 84703.218507
2821.492706 84722.015340
2822.238374 84741.105993
2822.964992 84760.310774
2823.691597 84779.949223
2824.420323 84800.048531
2825.146928 84820.305181
2825.850228 84841.377508
2826.591680 84863.249233
2827.303464 84885.252894
2828.002523 84908.359002
2828.727020 84933.097786
2829.459987 84958.806568
2830.167530 84985.751704
2830.885651 85014.042661
2831.574131 85044.707745
2832.302857 85078.045030
2832.997699 85112.760987
2833.658633 85150.848769
2834.342871 85192.007652
2834.967800 85236.372918
2835.596958 85283.822603
2836.162565 85332.980186
2836.696397 85385.920250
2837.219649 85442.520109
2837.713235 85499.723416
2838.153849 85562.770074
2838.651689 85637.704542
2839.179158 85721.608682
2839.708760 85818.825664
2840.306143 85933.976667
2840.941664 86063.880088
2841.598355 86204.543774
2842.278364 86348.355217
2842.952023 86482.461077
2843.547285 86507.061551
2844.028157 86447.357534
2844.559881 86412.272600
2845.155143 86389.290074
2845.790663 86375.864423
2846.155026 86365.129681
2847.036279 86355.193142
2847.733230 86350.225619
2848.453472 86347.769510
2849.203395 86347.479989
2849.961775 86348.998175
2850.703214 86351.982624
2851.448894 86356.238485
2852.207275 86361.705864
2852.995310 86367.825824
2853.696502 86374.540540
2854.446425 86382.121888
2855.198442 86390.406120
2855.971657 86399.143567
2856.715203 86408.292918
2857.482068 86417.962003
2858.246811 86427.868834
2858.996720 86438.010722
2859.750872 86448.420628
2860.500781 86459.194609
2861.271875 86470.296185
2862.036605 86481.539185
2862.799227 86492.820994
2863.544921 86504.414089
2864.326593 86516.436939
2865.108278 86528.474457
2865.873034 86540.394795
2866.622931 86552.521390
2867.398266 86565.000839
2868.177830 86577.471517
2868.938344 86589.978852
2869.709424 86602.743422
2870.489001 86615.517842
2871.249503 86628.174221
2872.003654 86640.956664
2872.768397 86654.044323
2873.547974 86667.149236
2874.304234 86680.198361
2875.066843 86693.279478
2875.816765 86706.949644
2876.636589 86720.447239
2877.356831 86733.570203
2878.123695 86747.172151
2878.888438 86760.863104
2879.655290 86774.566226
2880.411562 86788.300107
2881.172063 86802.198703
2881.936807 86816.107145
2882.688837 86830.083906
2883.451459 86844.701425
2884.262812 86859.429848
2885.027542 86873.673926
2885.777464 86887.784062
2886.518890 86902.039858
2887.275163 86916.788161
2888.058969 86931.665828
2888.819470 86946.325629
2889.571513 86961.197267
2890.344715 86976.114093
2891.092516 86991.120279
2891.865730 87006.339523
2892.626231 87021.457373
2893.380383 87036.341851
2894.109109 87049.978563
2894.731917 87063.841133
2895.475464 87079.462148
2896.263511 87095.038724
2896.994371 87110.244611
2897.737918 87125.664791
2898.481490 87141.302131
2899.237750 87157.157813
2899.994009 87172.920887
2900.733340 87188.431425
2901.457837 87203.774432
2902.173850 87220.017360
2902.974598 87236.503210
2903.705445 87252.413875
2904.444775 87268.915609
2905.222218 87285.968247
2906.003916 87303.347066
2906.802543 87320.631158
2907.567286 87337.726008
2908.340500 87354.814966
2909.096773 87372.232929
2909.891170 87389.860495
2910.658034 87407.196532
2911.418536 87424.696442
2912.191750 87442.191013
2912.943793 87458.872216
2913.638623 87475.371925
2914.367349 87492.651128
2915.121500 87509.976156
2915.845984 87526.801619
2916.549298 87543.879078
2917.286507 87561.110680
2917.994050 87578.022019
2918.695242 87595.280033
2919.421860 87612.998752
2920.150586 87630.542535
2920.851778 87648.155401
2921.574142 87666.082626
2922.288047 87683.780164
2922.978660 87701.825190
2923.705252 87720.508956
2924.429749 87739.679500
2925.175430 87758.970760
2925.889335 87778.792259
2926.651957 87799.585780
2927.412459 87819.879910
2928.111543 87840.607856
2928.872044 87862.259697
2929.602891 87883.899542
2930.325267 87906.452058
2931.075177 87929.431825
2931.780611 87952.706299
2932.498745 87977.282902
2933.227484 88002.699498
2933.932918 88028.932792
2934.638339 88056.117943
2935.320469 88084.235095
2935.991994 88114.055180
2936.665640 88146.189268
2937.339299 88179.607850
2937.959986 88213.548130
2938.544669 88248.047126
2939.080622 88282.949192
2939.578462 88319.705114
2940.069926 88360.886545
2940.580454 88405.235565
2941.046518 88450.060588
2941.474432 88498.583619
2941.925638 88555.393374
2942.412873 88621.104951
2942.917063 88693.354499
2943.412769 88711.268214
2943.728415 88676.795508
2944.183863 88652.289562
2944.732541 88635.957299
2945.372303 88624.413375
2946.073483 88617.178631
2946.721729 88613.927144
2946.994995 88612.689971
2947.300049 88611.624733
2948.024546 88611.531981
2948.759622 88613.162811
2949.503181 88616.210871
2950.246741 88620.385037
2950.979709 88625.531463
2951.725389 88631.453434
2952.452007 88638.113095
2953.206146 88645.427362
2953.945489 88653.169389
2954.680565 88661.461678
2955.436825 88670.320355
2956.199460 88679.414504
2956.934536 88688.642037
2957.667516 88698.285105
2958.423776 88708.321453
2959.177927 88718.651546
2959.942670 88728.955041
2960.662938 88739.328825
2961.410727 88750.221072
2962.179699 88761.290108
2962.929621 88772.306119
2963.671060 88783.345731
2964.406136 88794.720073
2965.175134 88806.277449
2965.918693 88817.703652
2966.655878 88829.218030
2967.397329 88840.915436
2968.145130 88852.590516
2968.871736 88864.545667
2969.642841 88876.641024
2970.375809 88888.517170
2971.108764 88900.616203
2971.858687 88912.921180
2972.606475 88925.346419
2973.360627 88937.891637
2974.112657 88950.682958
2974.885884 88963.577995
2975.640023 88976.343691
2976.387811 88989.303695
2977.154676 89002.348516
2977.902477 89015.184460
2978.635445 89028.307734
2979.406538 89041.738035
2980.164918 89055.332010
2980.944495 89068.690907
2981.666871 89082.022851
2982.433735 89095.703896
2983.185753 89109.452707
2983.950496 89123.481370
2984.723710 89137.187279
2985.443978 89150.703951
2986.187525 89164.715060
2986.952268 89179.108934
2987.727603 89193.490685
2988.481755 89207.779696
2989.238027 89222.032082
2989.979453 89236.593591
2990.759030 89251.547374
2991.532244 89266.302692
2992.282166 89281.042269
2993.044789 89295.908242
2993.798927 89310.923810
2994.567912 89326.067582
2995.326293 89341.129157
2996.078323 89356.190974
2996.828233 89371.337264
2997.580263 89386.632669
2998.336536 89402.099894
2999.097050 89417.587176
2999.846947 89433.006594
3000.592627 89448.686600
3001.359479 89464.495407
3002.109401 89480.234913
3002.861419 89495.901687
3003.596520 89511.561912
3004.340067 89527.711335
3005.113281 89543.398335
3005.806003 89558.780677
3006.543199 89574.858444
3007.293109 89591.342263
3008.059973 89606.957717
3008.723027 89622.398135
3009.466587 89638.800456
3010.210134 89655.639999
3010.985469 89672.945026
3011.762925 89689.889216
3012.498014 89706.637422
3013.250044 89723.737949
3014.008412 89740.907657
3014.758334 89758.052714
3015.506123 89775.296936
3016.256045 89792.940905
3017.029259 89810.099233
3017.728331 89826.998892
3018.469757 89844.562502
3019.215437 89862.076644
3019.942042 89879.574141
3020.675010 89897.575904
3021.431270 89915.893338
3022.176938 89934.470931
3022.939573 89952.978069
3023.664057 89971.405571
3024.403375 89990.276255
3025.144813 90009.514490
3025.892602 90028.814934
3026.617099 90048.177273
3027.345825 90068.175158
3028.091493 90088.506833
3028.815990 90109.200045
3029.555307 90130.232817
3030.269200 90151.871187
3031.010651 90174.913975
3031.773261 90198.463101
3032.497758 90222.429802
3033.230713 90247.247765
3033.946739 90273.528183
3034.694527 90301.741107
3035.438087 90330.533561
3036.130796 90359.793528
3036.806563 90390.643246
3037.475980 90423.618089
3038.136926 90458.934479
3038.783026 90496.556807
3039.403713 90534.546561
3039.943907 90575.436228
3040.524348 90623.615858
3041.123852 90674.204151
3041.632258 90727.654312
3042.163982 90788.073957
3042.689343 90853.788039
3043.201991 90861.188116
3043.788794 90824.846816
3044.373464 90809.186844
3045.011106 90799.632927
3045.646614 90794.413648
3046.140199 90791.585118
3046.843500 90790.336520
3047.557405 90791.103694
3048.305194 90793.526488
3049.046632 90797.248537
3049.777479 90802.017319
3050.508326 90807.786035
3051.264586 90814.440589
3052.020858 90821.678780
3052.758055 90829.321160
3053.482552 90837.445867
3054.219749 90846.270457
3054.990842 90855.612803
3055.749222 90865.106266
3056.488540 90875.007261
3057.261767 90885.251801
3058.011664 90895.677651
3058.774299 90906.250068
3059.513617 90917.134536
3060.291060 90928.169717
3061.026149 90939.284364
3061.790879 90950.872614
3062.568335 90962.463765
3063.314016 90973.996780
3064.066046 90985.803025
3064.830777 90997.946597
3065.610353 91010.155446
3066.368734 91022.219610
3067.116523 91034.437799
3067.881266 91046.892377
3068.645996 91059.514445
3069.419223 91072.178719
3070.177604 91085.025153
3070.961397 91097.962298
3071.719790 91110.577499
3072.454879 91123.296356
3073.215380 91136.462747
3073.992823 91149.624924
3074.742746 91162.783425
3075.509597 91175.971079
3076.253157 91189.226598
3077.017887 91202.471724
3077.750855 91215.859613
3078.521961 91229.482644
3079.271870 91243.174036
3080.040843 91257.008689
3080.797115 91270.872734
3081.559737 91284.724696
3082.305405 91298.642964
3083.065906 91312.744533
3083.822191 91326.912294
3084.580559 91341.225841
3085.343194 91355.746860
3086.114287 91370.253747
3086.866318 91384.644297
3087.616228 91399.078202
3088.364016 91413.844137
3089.139364 91428.923705
3089.910444 91443.089963
3090.584103 91458.600745
3091.482298 91475.163303
3092.253404 91490.305748
3092.999072 91505.000876
3093.717206 91520.057247
3094.490420 91535.907384
3095.278468 91551.434472
3096.011423 91566.373482
3096.733812 91581.282393
3097.456175 91596.666960
3098.216689 91612.464819
3098.970828 91627.924416
3099.691083 91643.287784
3100.428292 91659.135732
3101.186673 91675.020856
3101.919653 91690.648440
3102.646246 91706.493409
3103.391926 91722.648975
3104.139728 91739.165589
3104.910821 91756.069685
3105.686156 91772.875823
3106.440307 91789.817608
3107.219871 91806.987776
3107.986735 91823.844209
3108.730295 91840.643967
3109.484446 91857.959111
3110.266131 91875.506020
3111.032983 91892.514476
3111.759613 91909.537798
3112.520115 91926.914667
3113.270024 91944.260034
3114.019934 91959.940480
3114.619450 91975.532216
3115.354539 91993.018493
3116.108678 92010.629367
3116.845887 92027.638422
3117.540717 92044.472885
3118.254622 92061.769880
3118.979119 92079.104455
3119.686649 92096.589430
3120.413266 92114.362410
3121.133521 92132.307444
3121.862247 92150.676509
3122.603699 92168.708027
3123.292179 92186.846820
3124.027267 92205.563616
3124.745401 92224.426415
3125.474127 92243.593382
3126.196503 92262.838033
3126.910409 92282.739994
3127.658210 92302.985345
3128.372102 92323.024220
3129.077537 92343.734868
3129.808383 92364.954282
3130.515926 92386.769068
3131.248894 92409.751899
3131.990332 92432.859422
3132.685175 92456.428062
3133.403309 92481.113349
3134.108743 92506.400651
3134.799331 92532.792304
3135.496294 92560.698057
3136.189016 92590.380550
3136.885966 92621.311557
3137.542683 92653.885269
3138.205738 92689.402234
3138.864550 92726.734520
3139.472537 92766.174999
3140.072041 92807.565883
3140.614356 92848.501703
3141.088879 92890.631767
3141.557052 92936.420297
3142.016741 92987.969559
3142.501856 93044.145195
3142.955195 93099.778799
3143.355588 93162.854794
3143.844931 93175.466960
3144.268616 93140.420034
3144.721955 93119.859945
3145.312988 93105.028019
3145.969705 93094.954237
3146.687839 93089.276261
3147.175075 93087.006260
3147.444111 93085.710522
3147.918634 93084.868905
3148.666423 93085.446255
3149.416345 93087.599656
3150.140829 93091.032218
3150.882281 93095.594637
3151.632190 93101.105826
3152.384221 93107.348294
3153.123551 93114.139395
3153.852277 93121.431266
3154.581016 93129.306093
3155.328805 93137.715639
3156.076594 93146.447619
3156.813816 93155.640445
3157.580667 93165.094227
3158.311514 93174.588347
3159.042361 93184.504474
3159.800754 93194.901114
3160.569727 93205.311237
3161.300586 93215.651698
3162.033554 93226.445515
3162.804647 93237.485267
3163.550328 93248.626789
3164.315071 93259.901655
3165.060739 93271.320519
3165.827603 93282.938240
3166.583875 93294.407074
3167.316843 93305.831370
3168.054040 93317.535861
3168.810325 93329.351438
3169.549643 93341.328220
3170.314373 93353.120378
3171.019807 93364.759335
3171.754896 93376.909909
3172.513276 93389.178411
3173.252607 93401.461431
3174.002517 93413.985442
3174.760910 93426.735596
3175.527761 93439.553154
3176.284033 93452.384664
3177.042414 93465.373414
3177.807157 93478.392650
3178.559200 93491.294739
3179.300626 93504.353829
3180.061140 93517.513767
3180.804687 93530.851973
3181.575793 93544.197755
3182.310869 93557.534204
3183.071383 93571.162158
3183.829764 93584.856087
3184.588157 93598.422025
3185.323246 93611.662455
3186.037138 93625.373254
3186.814594 93639.340056
3187.547562 93653.294376
3188.314426 93667.469221
3189.062202 93681.709811
3189.826958 93696.195383
3190.591688 93710.543823
3191.333127 93724.671153
3192.066095 93739.351348
3192.856251 93754.382489
3193.616765 93769.358677
3194.392100 93784.692549
3195.180135 93799.905802
3195.934299 93814.955022
3196.696909 93830.194802
3197.461652 93845.520662
3198.224274 93861.061587
3199.001717 93876.581234
3199.753760 93891.993042
3200.512141 93907.532295
3201.268413 93923.068462
3202.018323 93938.600234
3202.766112 93954.126105
3203.507550 93969.734153
3204.255339 93985.580781
3205.011611 94001.442801
3205.753050 94017.093770
3206.481789 94032.938954
3207.233806 94049.092760
3207.983729 94065.352960
3208.737867 94081.742582
3209.492019 94098.100014
3210.235578 94114.727787
3211.006672 94131.650392
3211.769294 94148.543257
3212.529808 94165.784767
3213.315722 94183.235625
3214.086815 94200.446446
3214.843088 94217.486465
3215.590876 94234.645016
3216.349257 94252.169135
3217.120350 94269.625679
3217.863910 94285.561562
3218.495201 94302.294955
3219.298057 94320.350126
3220.033146 94337.912639
3220.783055 94355.784241
3221.532965 94373.955594
3222.295600 94392.026883
3223.024326 94409.695693
3223.740339 94427.830339
3224.492370 94446.263431
3225.216867 94464.837535
3225.962535 94483.674778
3226.689152 94502.920784
3227.445399 94522.546519
3228.178380 94542.227429
3228.913456 94562.395172
3229.654894 94582.982115
3230.389970 94603.892425
3231.120817 94625.177813
3231.845302 94647.097135
3232.578282 94670.311943
3233.340892 94694.346022
3234.073847 94718.669541
3234.796235 94744.074664
3235.529191 94771.101160
3236.270629 94800.051700
3237.022660 94829.998958
3237.723852 94860.430731
3238.401727 94893.390041
3239.107162 94929.229543
3239.785049 94966.248708
3240.409978 95004.835616
3241.013711 95044.571208
3241.553893 95088.403484
3242.140684 95138.961788
3242.714787 95194.466071
3243.271911 95255.031459
3243.814226 95321.120720
3244.348058 95389.990742
3244.833172 95392.102780
3245.513181 95350.102172
3246.099972 95333.955967
3246.752447 95323.949900
3247.347709 95318.126901
3247.945092 95314.595869
3248.673830 95313.115417
3249.387710 95313.701269
3250.131270 95316.013905
3250.902363 95319.685943
3251.639572 95324.388500
3252.374648 95330.103902
3253.135162 95336.651075
3253.880830 95343.805004
3254.624377 95351.505053
3255.363695 95359.732083
3256.111496 95368.578342
3256.880469 95377.875969
3257.636741 95387.315348
3258.371817 95397.080053
3259.130197 95407.276358
3259.888591 95417.757493
3260.651213 95428.438751
3261.405364 95439.314006
3262.165853 95450.283578
3262.907304 95461.473705
3263.674156 95472.900020
3264.426186 95484.378189
3265.180338 95496.090770
3265.945068 95508.098100
3266.720403 95520.110967
3267.470313 95532.274836
3268.249890 95544.614916
3269.008270 95556.941361
3269.773013 95569.384543
3270.533515 95581.994654
3271.306729 95594.857776
3272.086306 95607.886134
3272.867978 95620.739068
3273.615779 95633.393746
3274.363568 95646.495290
3275.153737 95659.736963
3275.907875 95672.737454
3276.659906 95685.951472
3277.428878 95699.305774
3278.187259 95712.559261
3278.935060 95725.934836
3279.697682 95739.564698
3280.464546 95753.261494
3281.225048 95766.967689
3281.983428 95780.894651
3282.758763 95794.810077
3283.506552 95808.558002
3284.254353 95822.664472
3285.031809 95836.954134
3285.790190 95851.052648
3286.537991 95865.295602
3287.302722 95879.864166
3288.075936 95894.519640
3288.840679 95909.038162
3289.590589 95923.703864
3290.361695 95938.639676
3291.130667 95953.434483
3291.878468 95968.378015
3292.653791 95983.447559
3293.405821 95998.583448
3294.179035 96013.889119
3294.939549 96029.089784
3295.693688 96044.267844
3296.443598 96059.702725
3297.214703 96067.549049
