0.000000 0.635009
0.642442 3.001561
1.323442 2.844585
2.338527 1.366093
3.327883 3.144810
4.073119 6.150222
4.715561 6.084434
5.666384 4.615003
6.668592 7.641638
7.940624 8.712079
8.788654 7.179689
9.893656 7.324771
10.574655 8.504881
11.319891 8.814686
12.193626 8.959811
13.195833 9.364411
13.876833 10.195379
15.187422 10.583111
16.253892 10.554423
17.256100 10.934650
17.962778 11.544524
19.132042 12.062108
19.890130 12.487685
21.033689 13.006805
21.740393 13.646495
22.935336 16.640753
23.564926 16.819457
24.323015 15.126817
24.939752 15.362407
25.582194 15.727469
26.327430 16.616090
26.931315 19.149825
27.509521 23.877915
28.344698 33.233291
29.539641 35.896471
30.284877 30.245960
31.030113 27.132767
31.621146 25.836239
32.790409 26.146933
33.368615 28.120186
34.088146 31.283823
34.769146 38.123594
36.143971 39.972404
37.120500 35.672580
37.750090 33.962878
38.803707 34.580912
39.947240 37.320291
40.576856 43.161017
41.758946 45.061350
42.491330 41.503999
43.210886 40.254076
44.341567 42.246360
45.665009 43.267823
46.513039 43.077335
47.656572 45.391803
48.299014 49.020410
48.992866 49.225418
49.853748 47.116972
50.907340 47.885106
51.639749 49.987945
52.256487 52.840892
52.860372 52.694846
53.734081 50.481925
54.440785 50.747061
55.417288 52.853030
56.072583 58.760765
57.357467 60.445264
58.218324 56.636581
58.847939 55.312377
59.503234 55.917616
60.698177 58.089863
61.314914 58.344386
62.073003 57.525017
62.843918 59.592234
64.013182 63.355937
64.604214 68.041245
65.310918 68.014984
66.184653 64.192894
66.801390 62.903166
67.430980 63.530298
68.664480 65.657513
69.255538 68.399586
69.833744 68.180266
70.707479 66.181810
71.709686 66.740955
72.390686 68.940727
73.058833 72.210614
73.649865 72.272095
74.433633 70.434453
75.667133 71.134468
76.283871 73.152273
76.913461 76.022748
77.504519 75.810984
78.391080 73.760155
79.418993 74.177282
79.997198 76.786727
80.922317 82.476524
81.988787 83.572545
82.798285 80.063438
83.376465 78.862034
84.031760 79.477502
85.213876 81.878008
85.946259 82.124657
86.922788 82.021116
88.220525 86.936038
89.556793 93.754150
90.250645 100.474158
90.931644 108.792527
91.638323 108.954925
92.512058 102.730110
93.180179 99.445310
94.375148 98.359223
95.415887 100.227609
96.366711 104.779323
97.587359 110.181062
98.216949 115.590078
98.936505 122.525505
99.707421 122.192441
100.812422 116.941210
101.416307 114.970268
102.624103 114.235783
103.228013 116.245549
104.602839 121.878343
105.836339 128.783211
106.568723 128.968976
107.468137 125.014699
108.213373 124.005637
109.292695 124.736488
109.973669 126.662734
110.641816 129.691658
111.387052 135.893319
112.633404 137.457707
113.545671 133.708377
114.175286 132.226792
114.920522 132.085691
115.922730 133.541523
116.629409 136.019593
117.207614 139.953498
117.978555 145.128385
118.620997 151.285329
119.327676 151.043394
120.239942 145.655648
120.946621 143.264619
121.537679 142.512759
122.861121 144.197437
124.017507 147.819827
124.801300 153.590146
125.893449 154.964496
126.690069 151.621904
127.268275 150.190829
128.026363 150.008560
129.041423 151.591193
129.863748 154.745036
130.673221 160.722376
131.778248 168.007677
132.433543 167.624683
133.320130 162.457125
134.001129 160.170188
134.592162 159.470247
135.877046 161.323245
137.123399 164.801889
137.791546 168.538210
138.433988 172.948214
139.037873 172.464761
139.950139 168.745310
140.528345 167.322620
141.748967 168.010905
142.879674 171.254236
143.740556 177.624498
144.935499 185.172077
145.590793 184.888934
146.451676 179.996283
147.068413 177.749745
147.749412 176.689308
148.353297 177.373718
149.599650 181.205305
150.961623 186.170323
151.591213 185.859433
152.593421 183.030805
153.736980 182.973839
154.405101 184.507851
155.150337 188.828324
156.306749 194.746610
156.974896 200.287682
157.553076 199.945308
158.336844 195.211923
159.030695 192.489483
160.418374 192.148949
161.536228 194.104838
162.165817 196.708707
162.756875 200.752054
163.553496 200.970190
164.555703 198.165733
165.185293 198.112543
166.341704 199.559648
167.048383 204.202421
168.346120 210.291089
168.962883 210.249477
169.785208 206.879388
170.479060 206.099554
171.584061 206.965856
172.303592 208.965378
172.971739 211.886464
173.665591 215.726631
174.320886 220.171223
174.924771 219.293274
175.965536 214.821144
177.031980 213.526949
177.712980 214.868860
178.985012 217.697302
179.601774 221.162493
180.231364 225.816441
180.886659 232.211268
181.644747 239.968473
182.312869 249.294277
183.070957 259.333941
183.662015 270.088971
184.343015 283.865913
185.139635 305.001206
186.360283 325.955222
186.977020 343.105426
187.709404 360.685618
188.287609 360.264938
188.981436 339.881979
190.420523 324.484926
191.011556 318.262945
191.641171 313.524060
192.219351 309.504008
193.054554 305.655594
194.223792 303.456151
194.904792 303.251691
196.253913 304.019325
196.832118 305.528846
197.513118 307.952146
198.258354 311.328553
199.029269 315.010531
199.607475 319.432745
200.352711 324.862694
201.033710 330.509656
201.676152 338.225383
202.665508 350.198538
203.937540 366.086914
205.248129 380.247870
205.967686 390.336662
206.545866 401.596266
207.303954 414.517468
207.984954 414.319944
208.832983 404.162027
209.526810 397.701930
210.207809 392.684159
210.875956 388.849255
211.544103 386.127582
212.135136 384.200894
212.867545 382.953059
213.484282 382.458649
214.190961 382.975521
215.514403 384.305624
216.182550 385.884193
216.786435 388.374138
217.608785 391.682329
218.276907 395.717352
219.047847 402.703680
220.281348 410.819791
221.052288 417.669092
221.720410 425.205851
222.452794 433.638677
223.120941 443.197654
223.853324 453.187416
224.431530 463.568073
225.061120 463.168958
225.857740 454.114050
226.448798 448.515698
227.168329 444.392953
227.746535 441.549833
228.491771 439.445495
229.172745 438.252828
230.496186 438.054543
231.100097 438.760631
231.678277 440.282039
232.474922 442.811954
233.284395 447.772003
234.607837 453.430981
235.250279 458.377934
235.969810 464.230645
236.702194 470.604202
237.421750 477.162912
238.077045 484.405206
238.796576 495.747522
239.965814 498.192762
240.852376 488.804135
242.188670 482.235405
243.447849 479.645535
244.167406 479.250039
245.336644 479.794670
245.966234 481.062964
246.685765 483.146165
247.482411 486.213855
248.304736 491.523515
249.473974 497.878892
250.219210 503.555528
250.874505 510.393418
251.696855 517.929876
252.339297 525.706501
253.020271 534.575083
253.675566 544.676547
254.356565 545.642231
255.063244 537.740727
256.001215 531.678357
257.196184 528.342244
257.787216 527.148853
258.699483 526.751291
259.843041 527.413103
260.524041 528.673596
261.102221 530.991543
262.001660 534.000200
262.618398 537.267654
263.273692 541.878281
264.108870 546.887176
264.712780 552.383233
265.509400 558.892194
266.241784 565.182655
266.858547 571.851377
267.526668 580.456767
268.349019 579.866923
269.505430 572.491027
270.147872 569.344612
270.803167 567.246732
271.394225 565.913270
272.704814 565.536642
273.295847 566.196174
273.951141 567.684218
274.863408 569.602249
275.441613 572.063180
276.173997 575.250945
276.777907 579.417863
277.561675 584.555219
278.255527 590.159268
278.962206 596.228563
279.604648 603.456509
280.375589 611.554044
281.018031 625.708086
282.380030 629.711999
283.356558 620.988116
284.050410 616.895574
284.667147 614.244495
285.271032 612.491627
285.887795 611.323798
286.735825 610.963338
287.917915 611.706856
288.740240 614.146265
289.960888 617.742641
290.744656 621.489599
291.451360 625.718148
292.145187 630.180665
292.749097 635.635497
293.558570 641.997231
294.265274 648.223715
294.907716 655.007986
295.588690 662.748655
296.269689 670.612482
296.847895 669.338303
297.760161 661.949675
298.376924 657.884939
298.993662 654.646944
299.738898 651.885235
301.010930 650.526705
301.717634 650.995890
302.809783 652.491742
303.657813 654.449323
304.325960 656.963457
305.045491 660.033002
305.649376 663.941236
306.394612 668.406343
306.985670 673.652471
307.743758 680.146332
308.476142 687.154959
309.169994 694.825039
309.850968 703.241673
310.493410 712.819897
311.161557 724.295066
311.868261 736.468440
312.459294 750.067443
313.153146 765.711746
313.808440 782.637044
314.489414 802.002511
315.221798 821.508208
315.825708 844.330887
316.686590 868.126431
317.290475 890.333619
317.984327 915.322877
318.691006 939.132691
319.269212 965.090939
320.040152 963.176479
321.003828 930.910739
322.134535 907.644503
322.866918 894.254245
323.457976 883.804650
324.100419 871.513082
325.333893 860.817463
326.130539 853.804007
327.351187 848.784420
328.096423 846.565646
328.700308 845.108819
329.419839 844.163868
330.036602 843.750062
330.768985 843.737510
331.411428 844.140750
332.118106 844.928348
332.760549 846.214187
333.492958 847.889776
334.083990 850.159808
334.829226 853.259655
335.574462 857.163150
336.396787 861.319581
337.039229 866.284796
337.938669 873.995916
339.172169 882.156402
339.968789 888.891472
340.649789 895.988331
341.369320 903.871253
342.063146 911.658707
342.641352 920.016587
343.296646 930.488271
344.054735 942.357316
344.774266 953.771472
345.365324 966.258901
346.084855 980.997721
346.804412 1003.628262
348.089296 1027.894499
348.821680 1046.238642
349.502679 1064.659611
350.170801 1083.602109
350.826095 1102.174987
351.417153 1100.163264
352.226626 1082.157591
352.869068 1065.604481
353.961243 1051.081121
354.693626 1042.181467
355.374600 1034.855069
356.081305 1028.973815
356.698042 1024.406203
357.340484 1018.747638
358.869513 1014.324007
359.447719 1012.797700
360.103014 1011.727746
360.783988 1011.170469
361.439282 1011.090043
362.120282 1011.446013
362.775576 1012.238291
363.456576 1013.581055
364.278901 1016.236162
365.589490 1019.447427
366.386110 1022.276156
367.092814 1025.576099
367.876582 1031.213947
369.174319 1037.442191
369.881023 1042.531314
370.561997 1049.265765
371.512821 1059.326243
372.682059 1069.838608
373.440147 1078.976138
374.121147 1094.369722
375.483120 1111.667209
376.189824 1124.490511
376.819414 1146.222676
378.168535 1169.300370
378.772445 1167.941169
379.581918 1152.676563
380.327154 1138.752688
381.599211 1128.487586
382.228801 1123.943708
382.871243 1120.432618
383.552243 1117.801631
384.233217 1116.033668
384.862832 1114.983078
385.466717 1114.368487
386.340452 1114.267777
387.586779 1114.746827
388.280631 1115.661279
388.974457 1116.996151
389.616899 1118.910053
390.349308 1121.462058
391.055987 1124.806435
391.865460 1128.426606
392.469370 1132.452221
393.227458 1137.414631
393.998374 1142.594397
394.692226 1148.060291
395.411757 1153.622444
396.015667 1160.263015
396.837992 1167.979650
397.544671 1175.727784
398.238523 1183.792356
398.880965 1192.616859
399.574791 1202.579155
400.268643 1213.325888
400.949643 1224.931173
401.630617 1224.065234
402.568588 1213.251737
403.352356 1205.261464
404.483062 1199.345704
405.228298 1196.081548
406.024918 1193.895154
406.615976 1192.695874
407.207034 1192.000182
407.900861 1191.777403
408.543303 1192.571802
409.995243 1193.939176
410.586276 1195.406353
411.280127 1197.414025
412.038216 1199.644307
412.680658 1202.467677
413.541540 1205.745291
414.196835 1208.956610
414.800720 1213.147685
415.610192 1217.765429
416.201250 1223.088264
417.023575 1229.163367
417.666018 1236.009743
418.475516 1247.646806
419.760400 1259.903220
420.415695 1270.113461
421.122373 1281.215329
421.751963 1293.454342
422.445815 1307.681652
423.152494 1323.237579
423.846346 1322.390337
424.758612 1306.458463
425.927876 1296.434764
426.660259 1291.287445
427.366938 1287.624175
428.035085 1285.168901
428.626143 1283.440218
429.345674 1282.232045
430.026674 1281.636433
430.604854 1281.439566
431.440031 1281.519070
432.082499 1281.903261
432.686384 1282.655602
433.315974 1283.993620
434.074062 1285.934118
434.793593 1290.001582
436.219829 1294.984684
436.965065 1299.044811
437.646064 1303.364512
438.327038 1308.778321
439.200773 1314.764152
439.920304 1323.218934
441.166656 1333.147667
442.001834 1345.227727
443.312423 1357.692995
444.006249 1367.210357
444.661544 1377.720963
445.368248 1388.586994
445.959281 1399.489542
446.563191 1398.946584
447.321280 1387.194488
448.220694 1376.816796
449.300016 1369.508463
450.058104 1364.045142
451.458609 1360.249424
452.049667 1359.005658
452.679257 1358.275149
453.347404 1358.048242
453.989846 1358.293726
454.632289 1359.000994
455.326140 1360.226629
456.097081 1361.755509
456.726671 1363.639206
457.484759 1365.859290
458.152906 1368.441203
458.910969 1371.439734
459.579116 1374.883704
460.298648 1378.947184
461.005352 1383.479478
461.699178 1388.920828
462.495824 1394.527565
463.086856 1399.935936
463.677914 1407.256424
464.500239 1415.262397
465.078445 1424.069212
465.836533 1434.133548
466.453271 1446.505589
467.327005 1466.354523
468.547653 1486.038759
469.190095 1485.929704
469.961036 1474.447997
470.552094 1466.559240
471.284478 1459.971311
471.926920 1455.274911
472.582215 1451.813017
473.211804 1449.178479
473.944188 1447.316835
474.548098 1446.184148
475.280482 1445.474743
476.424015 1445.384211
477.400544 1446.244797
478.621192 1447.624067
479.237929 1449.275129
479.918928 1451.887630
480.805490 1455.001846
481.473637 1458.373179
482.193168 1462.160339
482.835610 1466.700941
483.645108 1471.708391
484.313255 1476.757860
485.007082 1482.526246
485.739465 1488.704334
486.407612 1495.512248
487.139996 1503.315030
487.872380 1511.325462
488.514822 1520.139039
489.247231 1535.530574
490.622057 1556.725838
491.804147 1560.219432
492.677882 1548.787918
493.371708 1539.238569
494.540972 1531.244245
495.376149 1527.101215
495.967182 1524.459440
496.609624 1522.377464
497.316328 1520.973541
497.945918 1520.206397
498.665449 1520.131081
499.821860 1520.830202
500.579949 1521.994329
501.260923 1523.561413
502.006159 1525.480271
502.700011 1527.633723
503.393837 1530.072066
504.074836 1533.094725
504.845777 1536.671206
505.552456 1540.445846
506.194898 1545.164649
507.017223 1553.835830
508.469163 1563.033754
509.162990 1573.231061
510.357933 1586.118716
511.231667 1596.890924
511.848405 1607.079206
512.478020 1618.758006
513.133315 1632.029825
513.801436 1647.034575
514.495288 1664.066172
515.214819 1682.064229
515.870114 1700.668102
516.525408 1722.249208
517.283497 1756.114089
518.555529 1792.237125
519.313617 1818.513279
519.930355 1847.108878
520.739853 1877.176975
521.382295 1906.667737
522.114678 1937.540903
522.782825 1968.108763
523.463799 1998.540422
524.093389 2028.429347
524.723004 2025.269924
525.558182 1993.897680
526.264886 1962.044623
527.446977 1935.441074
528.038035 1919.808790
528.693329 1904.168335
529.451392 1885.903178
530.672040 1870.766041
531.378744 1862.276376
532.034039 1855.605404
532.650776 1849.626598
533.421717 1844.390789
534.115543 1839.460585
535.361896 1835.857301
536.004338 1834.360689
536.659633 1833.245893
537.469105 1832.567711
538.111548 1832.364330
538.818226 1832.488860
539.614872 1832.841438
540.257314 1833.854633
541.465110 1835.579144
542.351671 1837.417679
543.045523 1839.536583
543.790759 1841.930086
544.407496 1845.023885
545.255526 1848.756059
545.975057 1852.593780
546.694614 1856.787961
547.414145 1861.496506
548.185086 1866.249099
548.814676 1871.290455
549.547059 1877.275617
550.305148 1883.671545
551.011827 1890.089167
551.654269 1897.795483
552.489446 1905.932380
553.106209 1913.735876
553.761504 1922.796565
554.468182 1932.868295
555.162034 1943.269693
555.804476 1954.458397
556.485450 1966.769012
557.153597 1979.273412
557.757508 1994.616483
558.592685 2011.486384
559.247980 2027.714655
559.928979 2044.282229
560.532864 2063.014555
561.290953 2084.599910
562.023336 2116.859868
563.359630 2148.992231
563.989220 2184.177711
565.338366 2221.850040
566.032193 2248.291076
566.700340 2248.366538
567.458428 2227.332255
568.036634 2211.817922
568.666224 2197.969782
569.257282 2185.429408
569.938256 2171.598848
570.940489 2158.500110
571.865608 2149.301585
572.572286 2142.490217
573.291818 2136.735482
573.985669 2131.989886
574.679496 2128.025415
575.386200 2124.752941
576.105731 2122.171111
576.812435 2120.221037
577.531967 2118.789886
578.290055 2117.892921
578.958202 2117.505066
579.536382 2117.516735
580.307323 2118.281456
581.656469 2119.566685
582.388853 2120.941218
583.095532 2122.474844
583.699442 2124.475303
584.534620 2126.853816
585.254151 2129.149278
585.909445 2131.872261
586.757475 2134.649326
587.348508 2137.808673
588.222242 2141.437259
588.877537 2145.037894
589.558536 2148.878597
590.162421 2153.458676
590.933362 2159.395180
591.781392 2165.389885
592.423834 2171.635048
593.169070 2178.366268
593.785808 2190.231646
595.199191 2204.510145
595.995811 2215.220058
596.651105 2225.284152
597.242163 2238.040260
598.090193 2259.404157
599.413635 2279.600632
599.991815 2295.463253
600.749903 2314.440045
601.495139 2333.421888
602.163286 2353.666656
602.908522 2352.485602
603.872198 2333.277835
604.630287 2321.684383
605.208467 2312.159593
605.966555 2303.843162
606.583318 2297.685978
607.225760 2290.649041
608.574881 2285.000751
609.281560 2282.635857
609.911175 2281.013527
610.579297 2279.890645
611.247444 2279.200704
612.018385 2278.868691
612.699384 2278.834995
613.508857 2279.292156
614.935092 2280.047484
615.513272 2281.021765
616.258508 2282.456643
616.965213 2284.198650
617.620507 2286.524373
618.404275 2289.597739
619.213773 2292.792078
619.843363 2296.243787
620.575746 2302.784237
622.091923 2309.654241
622.760045 2314.735869
623.518133 2320.542270
624.263369 2329.765467
625.625368 2338.961748
626.203548 2346.016282
626.935957 2354.668688
627.694020 2363.687329
628.375020 2372.850950
629.043167 2382.861719
629.737018 2393.765583
630.417992 2405.068570
631.060435 2419.073764
631.934169 2433.416762
632.525227 2446.999146
633.219054 2461.855249
633.848643 2477.977723
634.568200 2477.233152
635.454787 2462.196663
636.110082 2452.187871
636.752524 2443.535791
637.446350 2435.903808
638.153054 2429.507105
638.846881 2422.086771
640.298821 2416.186464
640.915558 2413.847120
641.493764 2411.933872
642.251852 2410.385722
642.984236 2409.485806
643.575294 2409.090145
644.217736 2409.071688
644.975825 2409.819606
646.273561 2411.113664
647.005945 2412.584990
647.764033 2414.343266
648.470712 2416.192358
649.100302 2418.306340
649.832686 2420.876963
650.616479 2423.680940
651.361715 2426.481188
652.017009 2429.575230
652.736541 2433.583692
653.584570 2437.819412
654.227013 2442.089637
654.920864 2447.149284
655.653248 2452.975118
656.398484 2459.037642
657.040926 2465.188337
657.657664 2473.117091
658.479989 2481.829045
659.096751 2492.103808
659.983313 2508.001896
661.152577 2524.293579
661.872108 2537.356682
662.501698 2552.690083
663.324023 2569.970775
664.030727 2586.713672
664.698848 2604.010058
665.354143 2623.270061
666.073700 2642.898072
666.677585 2641.052016
667.487057 2620.471161
668.360792 2601.444878
669.465793 2587.099628
670.198177 2578.715081
670.853472 2571.698507
671.637265 2564.710342
672.755093 2559.747397
673.448945 2557.231510
674.168476 2555.343769
674.926565 2554.077599
675.607564 2553.387941
676.237154 2553.091067
677.624832 2553.150674
678.344363 2553.494264
679.012510 2554.073038
679.706362 2555.088212
680.541540 2556.458557
681.222514 2559.205649
682.558808 2562.690434
683.291191 2565.659452
683.946486 2569.197578
684.730279 2573.327161
685.475515 2577.702037
686.220751 2582.094085
686.863193 2587.253286
687.711223 2592.943989
688.392197 2598.639853
689.111754 2604.522455
689.728491 2610.576222
690.370933 2618.114906
691.167553 2626.440802
691.848553 2634.943846
692.555257 2643.700298
693.171994 2653.430532
693.904378 2665.341831
694.701024 2684.253514
696.075849 2702.572566
696.654055 2715.923334
697.347881 2732.782606
698.157354 2732.155770
699.172414 2717.777655
699.789152 2709.368458
700.457299 2697.998453
702.037712 2686.792730
703.245507 2681.521202
703.875097 2678.860756
704.581801 2676.633133
705.352717 2675.120767
705.943775 2674.237904
706.637627 2673.759764
707.215807 2673.732999
708.128099 2674.408068
709.310189 2675.716993
710.145367 2677.143158
710.787809 2678.979553
711.661543 2682.059911
712.933575 2685.286794
713.665959 2687.772915
714.308401 2690.596383
715.092194 2694.008321
715.863110 2697.498574
716.505552 2701.664524
717.340729 2706.207405
717.970345 2711.012754
718.715581 2716.586000
719.409407 2722.591880
720.103259 2729.230933
720.784233 2737.462950
721.619410 2750.481885
722.852910 2763.717960
723.495353 2774.035537
724.124942 2787.221969
724.972972 2801.778569
725.641119 2816.304121
726.360650 2831.942061
727.028797 2858.725171
728.480712 2887.157767
729.136007 2906.950007
729.804154 2942.451636
731.294626 2991.273260
732.553831 3028.897573
733.247657 3057.505842
733.941509 3088.516194
734.686745 3134.123405
735.945925 3182.379211
736.729718 3235.693487
738.091691 3287.324088
738.759838 3323.372244
739.466517 3358.324716
740.070402 3395.688268
740.841343 3436.447833
741.548022 3472.411257
742.126227 3509.680368
742.858611 3554.884966
743.693788 3596.519424
744.284846 3638.013920
745.094319 3680.321397
745.698229 3719.285792
746.379203 3764.993553
747.188701 3810.738104
747.856823 3851.335327
748.486413 3893.167477
749.180264 3937.038374
749.861264 3984.233657
750.645032 4031.399083
751.313179 4074.705141
751.968473 4061.515063
753.112032 4001.196650
754.101387 3960.144329
754.769534 3919.102312
756.015862 3881.817818
756.658304 3850.810753
757.866099 3821.576604
758.572803 3803.312095
759.228098 3787.617896
759.857688 3773.092907
760.538687 3758.881086
761.271071 3741.961210
762.478866 3726.977069
763.211250 3717.405821
763.943633 3709.634873
764.547518 3702.498657
765.356991 3696.016090
765.986606 3690.955946
766.667580 3686.509760
767.322875 3682.513418
768.093816 3679.131461
768.749110 3676.452397
769.507199 3674.163591
770.278114 3672.131561
771.550171 3670.779157
772.359644 3670.346780
773.708765 3670.380426
774.454001 3671.093063
775.828827 3672.119751
776.574063 3673.110110
777.306472 3674.245691
778.026003 3675.543831
778.758387 3676.936172
779.400829 3678.614839
780.171770 3680.672042
780.904153 3682.744976
781.508038 3685.358897
782.394625 3688.386098
783.101304 3691.322431
783.808008 3694.848395
784.668865 3698.636517
785.388422 3702.127710
786.030864 3706.111915
786.840336 3710.470857
787.534163 3714.851690
788.253719 3720.059280
789.101749 3725.358604
789.757044 3730.703471
790.515107 3736.523606
791.208959 3742.722820
791.967047 3749.460118
792.699431 3755.978005
793.329020 3763.065642
794.087109 3770.622564
794.729551 3779.355600
795.603286 3788.442567
796.232875 3796.632958
796.875318 3805.669893
797.556317 3815.889763
798.288701 3828.510603
799.200967 3846.244285
800.434467 3862.509536
801.051205 3874.244514
801.667967 3889.521069
802.567381 3905.735377
803.209824 3920.328828
803.877971 3936.306726
804.571797 3951.967298
805.150003 3969.710083
805.933796 3991.071999
806.717564 4011.393196
807.360031 4041.725441
808.696300 4073.427785
809.338742 4094.946393
809.955505 4119.702753
810.726420 4146.767802
811.420272 4172.369059
812.062714 4198.617418
812.743714 4226.475094
813.424713 4255.436372
814.118539 4282.924837
814.696745 4312.034624
815.429129 4346.476679
816.212922 4380.746192
816.906748 4429.338921
818.243042 4478.963459
818.936894 4516.511037
819.733514 4552.389707
820.337425 4590.376247
821.185429 4633.728604
821.969222 4689.596935
823.241254 4743.563049
823.922254 4782.774322
824.628958 4824.380025
825.374194 4865.015619
826.029488 4903.186039
826.671931 4945.309070
827.442871 4990.600587
828.175255 5033.609018
828.856229 5035.126824
829.537203 4998.446611
830.231055 4954.728183
831.413145 4905.378693
832.633793 4864.706965
833.751647 4837.702967
834.432647 4820.980037
835.023705 4805.472232
835.743236 4784.243078
837.092357 4765.547974
837.773356 4755.150233
838.428651 4744.999942
839.250976 4735.945412
839.893443 4728.778395
840.574417 4721.645920
841.396742 4715.428714
842.052037 4710.328638
842.810125 4705.837588
843.478272 4702.339368
844.107862 4699.193130
844.865951 4696.326240
845.598334 4693.982540
846.343570 4692.122479
847.050274 4690.697116
847.782658 4689.622813
848.515042 4688.866072
849.337367 4688.456195
849.915572 4688.377048
850.699365 4688.812102
852.099896 4689.586317
852.755191 4690.463701
853.487574 4691.633094
854.232810 4692.948659
854.875252 4694.590515
855.697577 4696.516668
856.417109 4698.557774
857.188049 4700.689605
857.881901 4702.850933
858.588580 4705.277894
859.372373 4707.790267
860.066200 4710.380227
860.824288 4713.117579
861.530992 4715.924186
862.250523 4718.938618
862.982907 4722.002480
863.651054 4725.026387
864.293496 4728.852518
865.205763 4732.822547
865.822500 4736.524049
866.529204 4740.970997
867.312972 4745.712567
868.019676 4750.534516
868.726355 4756.072208
869.535828 4761.691902
870.178295 4767.547738
870.949211 4773.852529
871.617358 4780.456197
872.362594 4788.357336
873.210623 4795.933502
873.814508 4803.356169
874.546917 4811.917728
875.279301 4821.021656
876.024537 4831.098746
876.834010 4841.112556
877.502157 4850.347671
878.131746 4861.307952
878.966924 4873.519787
879.699307 4884.603038
880.328897 4897.437212
881.202632 4911.555332
881.922163 4931.242966
883.284136 4951.659224
883.990841 4966.597816
884.710372 4983.844783
885.571254 5011.275784
887.087405 5037.000112
887.717021 5054.023535
888.423699 5073.757395
889.207493 5103.394308
890.543761 5132.928721
891.237613 5155.050775
891.982849 5186.462062
893.177792 5220.568501
894.000117 5247.707778
894.706796 5282.805792
895.876059 5318.451128
896.544181 5315.887075
897.417890 5290.680671
898.021801 5271.575141
898.728479 5253.641988
899.383774 5238.659310
900.000511 5224.934142
900.694363 5211.834671
901.401042 5200.197181
902.094894 5190.606252
902.698779 5181.819106
903.456867 5173.379807
904.176398 5166.041195
904.934487 5157.852075
906.180839 5150.945683
906.938902 5145.310176
908.455079 5140.724327
909.187463 5138.166545
910.459520 5136.342693
911.166199 5135.632372
911.821494 5135.187236
912.669523 5134.956307
913.363350 5134.927625
913.980113 5135.094458
914.995173 5135.610928
916.215795 5136.324229
916.961031 5137.076642
917.693440 5137.946972
918.387267 5139.046545
919.209592 5140.271721
919.839181 5141.647438
920.558738 5143.385543
921.303974 5145.449976
922.074889 5147.633604
922.730184 5150.207256
923.565361 5153.162231
924.297770 5156.012598
924.953040 5159.348710
925.801069 5163.056027
926.533453 5166.715120
927.265862 5170.598914
927.998246 5174.937514
928.807718 5179.139790
929.411629 5183.621197
930.208249 5189.023762
931.004869 5194.188397
931.647337 5199.301975
932.341163 5205.302311
933.124956 5211.291856
933.741694 5217.673941
934.525487 5228.525948
935.938844 5239.831337
936.684080 5247.908357
937.365080 5256.513986
938.123168 5266.529974
938.958346 5280.695777
940.230378 5294.916865
940.962787 5306.433326
941.746554 5319.215771
942.568879 5331.170111
943.185642 5342.971210
943.918026 5361.932632
945.215763 5383.300492
946.089497 5398.442620
946.667677 5413.563083
947.464323 5430.311280
948.132470 5449.294192
949.044736 5476.082586
950.239679 5502.103270
950.984915 5534.866149
952.488240 5577.417843
953.734592 5608.880232
954.389887 5607.574983
955.225064 5587.214036
955.880359 5572.541222
956.535654 5559.290225
957.216653 5547.532909
957.871948 5537.828045
958.463006 5528.754640
959.208242 5520.733222
959.786447 5513.643316
960.570215 5506.746946
961.289746 5499.081093
962.638893 5492.338009
963.435513 5488.668619
964.116512 5485.926713
964.758954 5483.482803
965.568452 5481.301612
966.339368 5479.656572
967.084604 5478.471361
967.778456 5477.656030
968.485134 5477.113590
969.281780 5476.862300
969.924222 5476.894153
970.579517 5477.186253
971.363285 5477.678860
971.992900 5478.372382
972.712431 5479.370709
973.496224 5480.536204
974.151519 5481.850063
974.858198 5483.389097
975.564876 5485.206209
976.361522 5487.286549
977.145290 5490.299700
978.430200 5493.837988
979.406703 5496.435418
979.984908 5498.867508
980.781528 5501.562076
981.449675 5504.281068
982.182059 5507.638309
983.081498 5512.624421
984.404915 5517.676839
985.163003 5523.827660
986.602091 5530.270880
987.295917 5535.314651
988.092563 5543.481719
989.467389 5552.051161
990.199772 5558.473386
990.893599 5565.858733
991.728776 5573.477279
992.384071 5581.422559
993.180716 5589.586298
993.797454 5597.663583
994.491305 5607.215034
995.262221 5618.459382
996.123103 5629.430280
996.778398 5640.167394
997.523634 5652.392783
998.294574 5664.354214
998.937017 5676.752082
999.682253 5690.211075
1000.376079 5705.122500
1001.198404 5720.695974
1001.892256 5734.388974
1002.470461 5751.603879
1003.408433 5771.135104
1004.127964 5787.309042
1004.718996 5804.637690
1005.464232 5824.252684
1006.170937 5844.206665
1006.877615 5865.042605
1007.584320 5887.194999
1008.316703 5909.437020
1008.971998 5934.640647
1009.820002 5970.316192
1010.989266 6005.606929
1011.721649 6001.513539
1012.788119 5964.884267
1014.201477 5939.638321
1014.818240 5926.900635
1015.422125 5915.329332
1016.064567 5904.497325
1016.732714 5895.132618
1017.336624 5885.821996
1018.184629 5877.053702
1018.865628 5867.183369
1020.304690 5858.887101
1020.895748 5854.911318
1021.551043 5850.947065
1022.373368 5846.324599
1023.786751 5842.822056
1024.519135 5841.223157
1025.264371 5840.092459
1025.958222 5839.397916
1026.549255 5838.950241
1027.384432 5838.683521
1028.052579 5838.616459
1028.836373 5838.828308
1030.185494 5839.271347
1030.943582 5839.797054
1031.675966 5840.457643
1032.408349 5841.261116
1033.127880 5842.333865
1034.014467 5844.143439
1035.260795 5846.300181
1036.083120 5848.158596
1036.725587 5850.252965
1037.522207 5852.742169
1038.267443 5855.380879
1038.999827 5858.158688
1039.693679 5861.328204
1040.503151 5864.749845
1041.222683 5868.302645
1041.993623 5872.203700
1042.764564 5878.322065
1044.203627 5884.720609
1044.936010 5889.232026
1045.604157 5893.764413
1046.259452 5899.150862
1047.081777 5905.032965
1047.788481 5910.811530
1048.495160 5917.222913
1049.266101 5924.061048
1049.985632 5931.631127
1050.820809 5938.991773
1051.424720 5950.059763
1052.799545 5963.669153
1053.724664 5973.756588
1054.392811 5986.935044
1055.651991 6002.236295
1056.512873 6013.796803
1057.155315 6025.918691
1058.003345 6045.237798
1059.378171 6063.307847
1059.982081 6078.268348
1060.894348 6101.159204
1062.166380 6123.050866
1062.873084 6139.934416
1063.592615 6159.076975
1064.414940 6186.278132
1065.648440 6212.762364
1066.316587 6231.657009
1066.920498 6255.348915
1067.832764 6291.440418
1069.104796 6299.339489
1070.004210 6277.613807
1070.672357 6262.145382
1071.366209 6242.616816
1072.715330 6226.230367
1073.293535 6217.416461
1073.987387 6208.176365
1074.809712 6197.735065
1076.030360 6189.487588
1076.698507 6184.136079
1077.572216 6179.547326
1078.201806 6176.333383
1078.818569 6173.291884
1079.615189 6170.680151
1080.244804 6168.713703
1080.951483 6166.922994
1081.773808 6165.523059
1082.467660 6164.533852
1083.277132 6163.754854
1084.664811 6163.446148
1085.294400 6163.653278
1086.142430 6164.050295
1086.720636 6164.679315
1087.517281 6165.559722
1088.223960 6166.549146
1088.866402 6167.771677
1089.598786 6169.316328
1090.382579 6170.848679
1090.960785 6172.640737
1091.808789 6174.791611
1092.554025 6176.800705
1093.196493 6178.940933
1093.941729 6181.206177
1094.596998 6183.767827
1095.445028 6186.498054
1096.138880 6189.219475
1096.909820 6192.004749
1097.565115 6195.209828
1098.451677 6198.578704
1099.106971 6201.934746
1099.877912 6205.388021
1100.481797 6209.481409
1101.368384 6214.075842
1102.049358 6218.483148
1102.756062 6223.363484
1103.475593 6228.477486
1104.143740 6234.478405
1104.978918 6240.927264
1105.659892 6247.210099
1106.353744 6254.304803
1107.111832 6261.845166
1107.805658 6270.622494
1108.692245 6283.448443
1109.938573 6296.093887
1110.658129 6306.117415
1111.377660 6318.152999
1112.289927 6330.155889
1112.932369 6341.735282
1113.703310 6354.313593
1114.397136 6367.928864
1115.206634 6382.189636
1115.900461 6396.570463
1116.645697 6411.909449
1117.365228 6427.576286
1118.071932 6443.250089
1118.727227 6460.654958
1119.510994 6479.474486
1120.217699 6498.353820
1120.937230 6518.105187
1121.643909 6537.826115
1122.299203 6559.267969
1123.057292 6582.625797
1123.776823 6619.730135
1125.254442 6666.883790
1126.410854 6702.369883
1127.104680 6730.548017
1127.798532 6772.149103
1129.044859 6816.793197
1129.802947 6865.753205
1131.113537 6916.069678
1131.858773 6951.477859
1132.501215 6985.550743
1133.156509 7019.453127
1133.760394 7075.871272
1135.173777 7135.328858
1135.841924 7175.107569
1136.522898 7219.890526
1137.332396 7264.559056
1137.987691 7306.754644
1138.694370 7351.538083
1139.413901 7396.469285
1140.107753 7443.589387
1140.878668 7493.724456
1141.649609 7561.126539
1142.921641 7627.515318
1143.641172 7675.226911
1144.335024 7728.592091
1145.208733 7780.992061
1145.864028 7827.599484
1146.557880 7874.520310
1147.213174 7928.981790
1148.112588 7984.187218
1148.780735 8035.194753
1149.551651 8087.390559
1150.245502 8140.370553
1151.029270 8193.633553
1151.723122 8241.594675
1152.352712 8296.845623
1153.239273 8297.376830
1154.202924 8229.586353
1155.500661 8165.861862
1156.644220 8121.192772
1157.415135 8091.692756
1158.031898 8063.917578
1158.828518 8029.207037
1159.972077 8000.454503
1160.575962 7982.332154
1161.205552 7962.129712
1162.066434 7943.673288
1162.657492 7928.603248
1163.364171 7907.097528
1164.738996 7887.919594
1165.381439 7877.131623
1166.036733 7866.505213
1166.781969 7856.243142
1167.514353 7846.215192
1168.375235 7835.552970
1169.428827 7826.823870
1170.161211 7820.823600
1170.855062 7815.205389
1171.664535 7810.245055
1172.332682 7806.175116
1173.052213 7802.579230
1173.733213 7799.594058
1174.401360 7796.889763
1175.185127 7794.572517
1175.878979 7792.837646
1176.547101 7791.474688
1177.240953 7790.339801
1178.076130 7789.530156
1178.757104 7789.103629
1179.412399 7788.910592
1180.067693 7788.924353
1180.851486 7789.146104
1181.583870 7789.531976
1182.200607 7790.132843
1182.958696 7790.884396
1183.588286 7791.726719
1184.269285 7792.894565
1185.168699 7794.174780
1185.836846 7795.491963
1186.607787 7796.940099
1187.288761 7798.558802
1188.098259 7800.378334
1188.856322 7802.163087
1189.537321 7804.018388
1190.256852 7806.068464
1190.989236 7808.605379
1191.927207 7812.445270
1193.289206 7816.290010
1194.060121 7819.191616
1194.766826 7822.510282
1195.653387 7826.044075
1196.385771 7829.049676
1196.963976 7832.410843
1197.773449 7836.271956
1198.493006 7840.442471
1199.341010 7844.731785
1200.034862 7849.099053
1200.831482 7853.579830
1201.499629 7857.692196
1202.116392 7862.782831
1203.015806 7868.508944
1203.761042 7873.399171
1204.364927 7879.355779
1205.328603 7885.710388
1205.983897 7891.300717
1206.690576 7897.441602
1207.422960 7904.351164
1208.245310 7911.460642
1208.964841 7918.424427
1209.697225 7926.300457
1210.545255 7937.540560
1211.842992 7949.483149
1212.729553 7957.852069
1213.307759 7966.086414
1214.117231 7975.259359
1214.811083 7983.354629
1215.402141 7993.089568
1216.301555 8003.505247
1216.956850 8012.852900
1217.650702 8023.792030
1218.485879 8040.512847
1219.886410 8057.019117
1220.618793 8068.374487
1221.286940 8080.658074
1222.083560 8093.631812
1222.790239 8106.582862
1223.535475 8120.066347
1224.255032 8133.496070
1224.948858 8155.811934
1226.490740 8185.622380
1227.801329 8207.842509
1228.508008 8223.712318
1229.176155 8241.234318
1229.972775 8258.834172
1230.602390 8275.616806
1231.283364 8295.911239
1232.131394 8317.930357
1232.889482 8348.177226
1234.225776 8386.673304
1235.420719 8420.875060
1236.345838 8457.601279
1237.566486 8494.101375
1238.388811 8520.246218
1238.967017 8545.896546
1239.712253 8573.316373
1240.341842 8600.085356
1241.009989 8627.940089
1241.652432 8660.645785
1242.500461 8693.292317
1243.104372 8721.877939
1243.733962 8754.305199
1244.466345 8788.120128
1245.121640 8820.201268
1245.751255 8856.353856
1246.535023 8893.859024
1247.190317 8929.058731
1247.858464 8963.148658
1248.449522 9003.573901
1249.323232 9047.421964
1250.017083 9085.756357
1250.672378 9125.768684
1251.404762 9170.429076
1252.201407 9212.936790
1252.843849 9253.698188
1253.563381 9295.318317
1254.218675 9337.829606
1254.951059 9402.988579
1256.313058 9466.809274
1256.981205 9512.312489
1257.739293 9556.532977
1258.356030 9604.960329
1259.229765 9655.029889
1259.885060 9700.907647
1260.617443 9748.861541
1261.324122 9793.756072
1261.953737 9845.591496
1262.853151 9896.440005
1263.444209 9943.315567
1264.215150 9991.951757
1264.857592 9990.976958
1265.577123 9939.036304
1266.605061 9894.728502
1267.208946 9865.345156
1267.800004 9835.147678
1268.532388 9796.816380
1269.650242 9760.576063
1270.446888 9729.052631
1271.551889 9702.090232
1272.232889 9682.636889
1273.003804 9659.260678
1274.185920 9639.538198
1274.815510 9626.462946
1275.560746 9609.718101
1276.807098 9594.617478
1277.552334 9585.103676
1278.246161 9577.086858
1278.888628 9568.807537
1279.788042 9561.515498
1280.366248 9556.132431
1281.021543 9550.527717
1281.805310 9545.161051
1282.563399 9540.432963
1283.347192 9536.497674
1284.015339 9533.309412
1284.709165 9530.352749
1285.492959 9527.563928
1286.353841 9524.754954
1287.600193 9522.747124
1288.242636 9521.333020
1289.874433 9520.232444
1291.107933 9520.053100
1291.788933 9520.260187
1292.521316 9520.706229
1293.292257 9521.348081
1293.998936 9522.189745
1294.757024 9523.247992
1295.502260 9524.580739
1296.337438 9525.947112
1296.928496 9527.407378
1297.673732 9529.348603
1298.547441 9531.327117
1299.215588 9533.366227
1300.037913 9535.434739
1300.667528 9537.541980
1301.451296 9539.942361
1302.222237 9542.163434
1302.838974 9544.651716
1303.699856 9547.448231
1304.432240 9550.192661
1305.190328 9552.934873
1305.858475 9556.224030
1306.822151 9561.128982
1308.171272 9565.687453
1308.877977 9569.338578
1309.726006 9572.886615
1310.342744 9576.546418
1311.177921 9580.458680
1311.846068 9584.277938
1312.578452 9588.612644
1313.362245 9592.792885
1313.978982 9597.273931
1314.788455 9602.187038
1315.482307 9606.609993
1316.086192 9611.227670
1316.780044 9616.891125
1317.615221 9623.208133
1318.424694 9629.198353
1319.118545 9635.166451
1319.863781 9641.009050
1320.480519 9647.481588
1321.315696 9654.923516
1322.099489 9661.882662
1322.780463 9668.900217
1323.525699 9676.666139
1324.309493 9684.672138
1325.054729 9692.864391
1325.825669 9700.646017
1326.455259 9708.673766
1327.226175 9717.598348
1327.971411 9726.153779
1328.639558 9735.692681
1329.500440 9745.041105
1330.104325 9754.688613
1330.965207 9765.252622
1331.671911 9775.127257
1332.391442 9785.613113
1333.149531 9795.968323
1333.817652 9808.334863
1334.807033 9821.045395
1335.488007 9831.477326
1336.143302 9842.460330
1336.862858 9853.360890
1337.479596 9866.926325
1338.481804 9882.184531
1339.265597 9895.340589
1339.985128 9908.341716
1340.717512 9921.161016
1341.385659 9935.266660
1342.220836 9949.544187
1342.876131 9964.205320
1343.711308 9980.079757
1344.456544 9996.335538
1345.291721 10012.126188
1345.959868 10026.370701
1346.615138 10041.388310
1347.321842 10057.638893
1348.054225 10076.833046
1348.979344 10104.664013
1350.379875 10129.765149
1351.022317 10146.492697
1351.690464 10165.509668
1352.474232 10184.805273
1353.129526 10204.479113
1353.900467 10224.260770
1354.530057 10243.474821
1355.223883 10265.496052
1356.007677 10287.676524
1356.675824 10308.463475
1357.331118 10330.452125
1358.037797 10356.908842
1358.924359 10382.012907
1359.515417 10404.748677
1360.222095 10429.457425
1360.890242 10453.183401
1361.506980 10480.060726
1362.303625 10509.365194
1363.010304 10507.608455
1363.896866 10481.803834
1364.577865 10455.788564
1365.811365 10432.525542
1366.466635 10418.422712
1367.134782 10404.514465
1367.905722 10391.891554
1368.561017 10381.506097
1369.203459 10371.658211
1369.922990 10362.379052
1370.616842 10354.824090
1371.195022 10348.687064
1371.773228 10341.512758
1372.724052 10334.811768
1373.327937 10329.816491
1374.047468 10324.866267
1374.805556 10320.745486
1375.435146 10317.121061
1376.218939 10313.663801
1376.977028 10309.933833
1378.300444 10306.901217
1379.020000 10305.321117
1379.752384 10304.050633
1380.510472 10302.933135
1381.692563 10302.179571
1382.591977 10301.906149
1383.324361 10301.826546
1384.056744 10301.975803
1385.341629 10302.350558
1386.189658 10302.850905
1386.986304 10303.453555
1387.718688 10304.151814
1388.451071 10305.047710
1389.324806 10305.984825
1389.941543 10306.949811
1390.661074 10308.079776
1391.354926 10309.287358
1392.035900 10310.779352
1392.909635 10312.429521
1393.642018 10314.081225
1394.387254 10315.807175
1395.055401 10317.795757
1395.864874 10320.074132
1396.622962 10322.452375
1397.381051 10324.975935
1398.126287 10327.800328
1398.961464 10330.499543
1399.565349 10333.237427
1400.336290 10336.435395
1401.094378 10339.687026
1401.813910 10343.076505
1402.559146 10346.944384
1403.407175 10350.751834
1404.062470 10354.595119
1404.846238 10358.870714
1405.591474 10363.437130
1406.400972 10368.081118
1407.107651 10372.644009
1407.827182 10377.353917
1408.521034 10381.997708
1409.163476 10388.188129
1410.217093 10397.270411
1411.527682 10405.028371
1412.144420 10411.354963
1413.005302 10418.343313
1413.724833 10424.775079
1414.405833 10431.950230
1415.228158 10439.611661
1415.960541 10447.742884
1416.821423 10459.322415
1418.132013 10470.527648
1418.851544 10478.822012
1419.571075 10488.924098
1420.547603 10503.409617
1421.909577 10516.581545
1422.603429 10526.315300
1423.361517 10536.786225
1424.119605 10547.575748
1424.877668 10557.917111
1425.532963 10567.885924
1426.201110 10579.743790
1427.061992 10592.928350
1427.858612 10605.224294
1428.565317 10616.801289
1429.233464 10629.624553
1430.042936 10644.170403
1430.865261 10656.972819
1431.443467 10669.952915
1432.240112 10684.005613
1432.895407 10696.558206
1433.499292 10713.507654
1434.540057 10737.913916
1435.786410 10760.680321
1436.595882 10777.844853
1437.276882 10794.316142
1437.983560 10811.592483
1438.690265 10829.242529
1439.384091 10846.591403
1440.026533 10867.611973
1440.951652 10888.797180
1441.568415 10906.899030
1442.223709 10927.668572
1442.981798 10950.031203
1443.701329 10975.769422
1444.626448 11009.273843
1445.757154 11041.090686
1446.502390 11065.839019
1447.157685 11090.174484
1447.838684 11092.006709
1448.468274 11072.590201
1449.059332 11054.555326
1449.766036 11030.107801
1451.089452 11003.107025
1452.374362 10985.509216
1453.093893 10975.262133
1453.736336 10966.105206
1454.455867 10957.544118
1455.149719 10949.834168
1455.882102 10943.170159
1456.524544 10937.446192
1457.218396 10932.136566
1457.925075 10927.361255
1458.657484 10922.875974
1459.479809 10919.029152
1460.173635 10915.810360
1460.957429 10912.862749
1461.741222 10910.529637
1462.409343 10908.790233
1463.038959 10907.235549
1463.835579 10905.888353
1464.542283 10904.926356
1465.223257 10904.185427
1466.019903 10903.680648
1466.688050 10903.429533
1467.471817 10903.372416
1468.152817 10903.499633
1468.769554 10903.825035
1469.553347 10904.345358
1470.298583 10905.013406
1471.005262 10905.883731
1471.776203 10907.117436
1472.739879 10908.973932
1473.973379 10910.879311
1474.718615 10912.451228
1475.412442 10914.305522
1476.286176 10916.218279
1476.941471 10918.048916
1477.661002 10920.135612
1478.431943 10922.331726
1479.164326 10924.772789
1480.038061 10927.209691
1480.719035 10929.514963
1481.451419 10931.914912
1482.132418 10934.802960
1483.070389 10937.605868
1483.648595 10940.075730
1484.342421 10942.983721
1485.087657 10946.116452
1485.832893 10949.428769
1486.603834 10952.720807
1487.284833 10956.251973
1488.094306 10959.896877
1488.762453 10965.632377
1490.240073 10971.730240
1490.933899 10976.142919
1491.691987 10980.732114
1492.372987 10985.434377
1493.092518 10990.548056
1493.824902 10996.445851
1494.685784 11002.447648
1495.379636 11007.630624
1495.970668 11014.050675
1496.895787 11020.909484
1497.538229 11027.193303
1498.270638 11034.446484
1499.067258 11041.964562
1499.799642 11049.913218
1500.621967 11057.371501
1501.213025 11064.917805
1501.996793 11073.498538
1502.729202 11081.378332
1503.345939 11090.795141
1504.283910 11101.106387
1505.003442 11110.368777
1505.722973 11119.229986
1506.339736 11129.728226
1507.252002 11141.498537
1508.010090 11152.990966
1508.832415 11164.903610
1509.603331 11176.275616
1510.310035 11188.821024
1511.183744 11201.149491
1511.826186 11212.675929
1512.558595 11225.742907
1513.342363 11238.126804
1513.959101 11251.733334
1514.832835 11266.882387
1515.578071 11279.738361
1516.169129 11293.132111
1516.927192 11308.057668
1517.633896 11323.572214
1518.404812 11340.927663
1519.239989 11357.606261
1519.908136 11372.444806
1520.537726 11390.968502
1521.475697 11409.466275
1522.066755 11425.560048
1522.760582 11443.799331
1523.480138 11462.434582
1524.161112 11483.285617
1524.996290 11503.979906
1525.625879 11523.891409
1526.358263 11544.780904
1527.013558 11566.791078
1527.771646 11589.052122
1528.401236 11611.900204
1529.146472 11637.436068
1529.891708 11678.530720
1531.433589 11729.623628
1532.615680 11765.116541
1533.232417 11763.544087
1533.977653 11738.045821
1534.671480 11710.313344
1535.815039 11684.443862
1536.585979 11659.580811
1538.012189 11634.492634
1539.117191 11617.628391
1540.055162 11606.214534
1540.684752 11597.781102
1541.352899 11589.304801
1542.136692 11581.622672
1542.804814 11575.491110
1543.434429 11569.943336
1544.128255 11564.319895
1544.950580 11557.480927
1546.312554 11551.874896
1547.006406 11548.968693
1547.623143 11546.393134
1548.381231 11544.125468
1549.036526 11542.236179
1549.820319 11540.564126
1550.591235 11539.370423
1551.207997 11538.555583
1551.850440 11537.867492
1552.698469 11537.359887
1553.405148 11537.075073
1554.201768 11536.929330
1554.895620 11536.910264
1555.589447 11537.030580
1556.437476 11537.285978
1557.157008 11537.651923
1557.863712 11538.162405
1558.647480 11538.791680
1559.367036 11539.493717
1560.048010 11540.314562
1560.767541 11541.378318
1561.641276 11543.098390
1563.003249 11544.892302
1563.748485 11546.230383
1564.403780 11547.738815
1565.200426 11549.322498
1565.817163 11551.271252
1566.767987 11553.484011
1567.474665 11555.520293
1568.168517 11557.974242
1569.042226 11560.705848
1569.813167 11564.509493
1571.136609 11568.419585
1571.843288 11571.627401
1572.678465 11575.296592
1573.526495 11578.631715
1574.143232 11582.028329
1574.939878 11585.898471
1575.685114 11591.756387
1577.111349 11598.015405
1577.895117 11602.599630
1578.627501 11607.109534
1579.321352 11611.785491
1580.040884 11616.841447
1580.786120 11622.333899
1581.569913 11627.951424
1582.289444 11633.210181
1582.919034 11640.196889
1583.998356 11647.164368
1584.576536 11652.523339
1585.218978 11658.890661
1585.977067 11665.521141
1586.632361 11672.785551
1587.467539 11680.469620
1588.161391 11688.095278
1588.932331 11695.814139
1589.600453 11702.923464
1590.217216 11711.598662
1591.116630 11721.261983
1591.861866 11730.625464
1592.658511 11739.212394
1593.236692 11748.442022
1594.084721 11759.448737
1594.894219 11770.170257
1595.652308 11780.318360
1596.333282 11791.648487
1597.207016 11803.279295
1597.888016 11813.600404
1598.543310 11824.450399
1599.249989 11836.895398
1600.059462 11849.683054
1600.766166 11861.510787
1601.421461 11875.089378
1602.282343 11889.606769
1603.001874 11902.867831
1603.682873 11916.799803
1604.428109 11931.269569
1605.121936 11946.465721
1605.892877 11963.639619
1606.728054 11986.582509
1607.948702 12011.019000
1608.835263 12028.990735
1609.439174 12046.503271
1610.235794 12066.196375
1610.968203 12085.529198
1611.687734 12113.530077
1612.972619 12142.145795
1613.666470 12162.391865
1614.308913 12184.755675
1615.092706 12209.915512
1615.863621 12233.981329
1616.531768 12257.332693
1617.212768 12294.941649
1618.600446 12309.574470
1619.230036 12288.275356
1619.911035 12262.694215
1621.080273 12239.508594
1621.786977 12218.634557
1623.136098 12200.716085
1623.740009 12190.933475
1624.395303 12181.408908
1625.101982 12172.282597
1625.847218 12164.494364
1626.476833 12157.613312
1627.222069 12151.173681
1627.915896 12145.606270
1628.635452 12140.032772
1629.534866 12133.577563
1630.858308 12128.431945
1631.603544 12125.471521
1632.335928 12123.009961
1633.042632 12120.824421
1633.864957 12119.000916
1634.558783 12117.577302
1635.342576 12116.337864
1636.177754 12115.222379
1637.514048 12114.552640
1638.182195 12114.487453
1639.672667 12114.676058
1640.289404 12115.086912
1641.098877 12115.686973
1641.818433 12116.448237
1642.576496 12117.375074
1643.296053 12118.475535
1644.066968 12119.682948
1644.747968 12120.977758
1645.467499 12122.646982
1646.392643 12124.368267
1647.047938 12125.868368
1647.664675 12127.620699
1648.435616 12129.710498
1649.232236 12132.255102
1650.247296 12135.462229
1651.403708 12138.463870
1652.187475 12141.030185
1652.984121 12143.678327
1653.755062 12146.399395
1654.525977 12150.329647
1655.849419 12154.491004
1656.646039 12157.364712
1657.237097 12160.628581
1658.149363 12164.115516
1658.791806 12167.309954
1659.511362 12171.277088
1660.410776 12177.103844
1661.734218 12182.823750
1662.466601 12187.020029
1663.134748 12191.982183
1664.034162 12196.942388
1664.638073 12201.700890
1665.396136 12207.092175
1666.115692 12212.636347
1666.848076 12218.744228
1667.644696 12224.670817
1668.274286 12231.043343
1669.109463 12237.635283
1669.739079 12245.502162
1670.779818 12256.439673
1671.961934 12266.510063
1672.732850 12275.281316
1673.580879 12284.407563
1674.364673 12292.719529
1675.019967 12301.024562
1675.752351 12310.558374
1676.561823 12319.632473
1677.178561 12329.626112
1678.078000 12340.668973
1678.810384 12350.905734
1679.542767 12361.831601
1680.326561 12373.274148
1681.084624 12384.468143
1681.791328 12396.406724
1682.600800 12409.300428
1683.384594 12420.731155
1683.975626 12434.433071
1684.977834 12448.313050
1685.556040 12460.345602
1686.301276 12473.779515
1686.995127 12487.625660
1687.740363 12503.035392
1688.549836 12517.822844
1689.192278 12533.099697
1690.001751 12549.063480
1690.669898 12573.237227
1692.134665 12598.417046
1692.828517 12616.484336
1693.612285 12633.611800
1694.190490 12651.555749
1694.987110 12671.755348
1695.693815 12691.207797
1696.387641 12710.934490
1697.068640 12731.913218
1697.801024 12755.175341
1698.584792 12777.331019
1699.201555 12798.406343
1699.869676 12822.826710
1700.640617 12860.549810
1701.989738 12897.216992
1702.632206 12923.595298
1703.351737 12950.533543
1703.981327 12978.667632
1704.713710 13008.431371
1705.381857 13039.678443
1706.139946 13072.346147
1706.833772 13116.578564
1708.028715 13166.867415
1708.915277 13205.668901
1709.583424 13256.240183
1710.868308 13307.668303
1711.523603 13345.370918
1712.243134 13387.493321
1713.026927 13428.607351
1713.682222 13466.092714
1714.311811 13509.725721
1715.146989 13554.041051
1715.776579 13598.030327
1716.573199 13666.854830
1717.960877 13732.995101
1718.641876 13780.350702
1719.412817 13829.937132
1720.145201 13876.216297
1720.800495 13922.126651
1721.507174 13969.768368
1722.201001 14021.848546
1723.023326 14074.344709
1723.717177 14120.535107
1724.346767 14172.079309
1725.181945 14227.126569
1725.901476 14277.966526
1726.608180 14332.829121
1727.430505 14395.905413
1728.355624 14473.000335
1729.550567 14544.470811
1730.308630 14597.941810
1731.002482 14653.555904
1731.811954 14710.348225
1732.531485 14764.502974
1733.263869 14814.052727
1733.854927 14866.225845
1734.651547 14923.857132
1735.383931 14911.250655
1736.553169 14848.529131
1737.298405 14809.666617
1737.876611 14776.548594
1738.506200 14729.356396
1739.765380 14685.631371
1740.369290 14657.583943
1741.088822 14630.735949
1741.718411 14603.939861
1742.540736 14568.819159
1743.799916 14539.264132
1744.429531 14522.073953
1745.020564 14505.105583
1745.727243 14487.695305
1746.446799 14472.625129
1747.050684 14458.187942
1747.821625 14443.934012
1748.502599 14431.135245
1749.234983 14419.378067
1749.903130 14409.224545
1750.545572 14399.359665
1751.290808 14389.263217
1752.087428 14380.395677
1752.755575 14372.860866
1753.449427 14365.945980
1754.117548 14359.912667
1754.747164 14353.694688
1755.595168 14347.674968
1756.301872 14342.855796
1756.969994 14338.314247
1757.740935 14333.964241
1758.499023 14330.126237
1759.257111 14326.870081
1759.950938 14324.222853
1760.606232 14321.880905
1761.338616 14319.786668
1762.058147 14318.056022
1762.777678 14316.537809
1763.612856 14315.341994
1764.281003 14314.573351
1764.897766 14314.010060
1765.668681 14313.632203
1766.311123 14313.456610
1767.094916 14313.455582
1767.878684 14313.881840
1769.279215 14314.586899
1770.011598 14315.272759
1770.641188 14316.168745
1771.450686 14317.222768
1772.131660 14318.452947
1773.005395 14319.754243
1773.660689 14320.998769
1774.341663 14322.362698
1775.022663 14323.866343
1775.755046 14325.567462
1776.538840 14327.274364
1777.206961 14329.071090
1777.990754 14330.894073
1778.620344 14332.836451
1779.429817 14335.069578
1780.213610 14337.294099
1780.945994 14339.548083
1781.678377 14341.793449
1782.346524 14344.402153
1783.233086 14347.204665
1783.952617 14349.764568
1784.633616 14352.520680
1785.391705 14355.554957
1786.149793 14358.639106
1786.869324 14361.994925
1787.691649 14365.569032
1788.449738 14368.773952
1789.053623 14371.961321
1789.747475 14375.854607
1790.582652 14380.181449
1791.392125 14384.630891
1792.214450 14388.945458
1792.921154 14393.004799
1793.602128 14397.519762
1794.411626 14402.410552
1795.169689 14406.997700
1795.837836 14412.259623
1796.750102 14417.792373
1797.456806 14422.635475
1798.124953 14427.949128
1798.921574 14433.643024
1799.653957 14438.961533
1800.309252 14445.058047
1801.195839 14451.454170
1801.889665 14457.716446
1802.699138 14463.910254
1803.341580 14470.011498
1804.086816 14476.852780
1804.857757 14483.856804
1805.602993 14490.775970
1806.322524 14497.727081
1807.042081 14505.412208
1807.877258 14513.649826
1808.673878 14521.403868
1809.380557 14528.997323
1810.112966 14537.234754
1810.909586 14545.268731
1811.577733 14553.474514
1812.374353 14562.273608
1813.119589 14571.023175
1813.877678 14580.703504
1814.751412 14593.854273
1816.036297 14606.518793
1816.781533 14621.271236
1818.310562 14635.783348
1818.978684 14645.930153
1819.801034 14661.846272
1821.252949 14677.734968
1822.023890 14687.938445
1822.640627 14699.138729
1823.514362 14710.612371
1824.143951 14722.243497
1825.004834 14734.683034
1825.711512 14745.808699
1826.379659 14757.585303
1827.137748 14769.797760
1827.831574 14783.713430
1828.756693 14797.524622
1829.411988 14809.680163
1830.118692 14822.657897
1830.838223 14844.129694
1832.405784 14865.892373
1833.112488 14879.841815
1833.819167 14893.422593
1834.461609 14908.495709
1835.283960 14924.252685
1835.964934 14940.242192
1836.774432 14957.406308
1837.532520 14973.793163
1838.239199 14990.846561
1839.022992 15007.202113
1839.639729 15024.295702
1840.449202 15042.210215
1841.104497 15059.451879
1841.824053 15078.926262
1842.620673 15097.140609
1843.211731 15117.082582
1844.098293 15137.941614
1844.727908 15167.393469
1846.154118 15197.929676
1846.809413 15219.503522
1847.567501 15241.797240
1848.235648 15264.077296
1848.955179 15288.839764
1849.738973 15312.692800
1850.368562 15336.582129
1851.113798 15363.379755
1851.871887 15389.700351
1852.552886 15427.369704
1853.850623 15468.373349
1854.647269 15509.448539
1855.855064 15548.984752
1856.523211 15577.613168
1857.165653 15607.529728
1857.859480 15642.914008
1858.707509 15695.623502
1860.082361 15759.977081
1861.328688 15810.951428
1862.086776 15847.927624
1862.742071 15882.880455
1863.397365 15918.463047
1864.052660 15959.310795
1864.875010 16000.742179
1865.530305 16038.806335
1866.211279 16080.387001
1866.969367 16122.104997
1867.637514 16162.442488
1868.331366 16205.575990
1869.076602 16248.010402
1869.731897 16293.311174
1870.554222 16336.645814
1871.132427 16382.932271
1872.031867 16430.383906
1872.635752 16473.820179
1873.393840 16521.734896
1874.126224 16594.528343
1875.629548 16666.631850
1876.323400 16710.990413
1876.965842 16759.982410
1877.788167 16807.113036
1878.366373 16852.875877
1879.137314 16909.000165
1880.011048 16961.900682
1880.679195 17014.257426
1881.527225 17070.029468
1882.285313 17118.051293
1882.902051 17165.867410
1883.647287 17171.762040
1884.264024 17121.078697
1885.317642 17074.586031
1885.934379 17042.738521
1886.576847 17002.240710
1887.694701 16964.124143
1888.362848 16936.887115
1889.108084 16904.211340
1890.225938 16874.020662
1890.984026 16853.275742
1891.652173 16836.280132
1892.243231 16819.369093
1893.014146 16803.549304
1893.605204 16790.115710
1894.273351 16777.640559
1894.864409 16762.918682
1895.905174 16745.034755
1897.035881 16730.834813
1897.832501 16721.069199
1898.526353 16711.951220
1899.361530 16700.214781
1900.749208 16688.353560
1901.931324 16680.065922
1902.882123 16674.627869
1903.524590 16670.650950
1904.192712 16667.021714
1904.860859 16663.716500
1905.567563 16660.210250
1906.531239 16656.325500
1907.764714 16653.251159
1908.651301 16651.243456
1909.537862 16649.425046
1910.784215 16648.250196
1911.362421 16647.740906
1912.159066 16647.370236
1912.917129 16647.302780
1914.369069 16647.524604
1915.037216 16648.300428
1916.437747 16649.384855
1917.195835 16650.341996
1917.851130 16651.451665
1918.583514 16652.791358
1919.328750 16654.352613
1920.125395 16656.122776
1920.922015 16657.931323
1921.628694 16659.765388
1922.348251 16661.990506
1923.273370 16664.092183
1923.851575 16666.028582
1924.609664 16668.274691
1925.367727 16670.707578
1926.202929 16673.134985
1926.896756 16675.446844
1927.590608 16677.896683
1928.310139 16680.716150
1929.158169 16683.803020
1929.967641 16686.778182
1930.700025 16689.551271
1931.355319 16692.481590
1932.113408 16695.476185
1932.755850 16698.894254
1933.655289 16702.578133
1934.374821 16706.047867
1935.132909 16709.554638
1935.826761 16713.294836
1936.636233 16717.295807
1937.394322 16720.997072
1938.049616 16724.938685
1938.859089 16729.297898
1939.630030 16734.093163
1940.542296 16740.750812
1941.865738 16746.896037
1942.533885 16751.926394
1943.420446 16757.127919
1944.101446 16761.963761
1944.833829 16767.020767
1945.540508 16772.498505
1946.350006 16778.296243
1947.108095 16784.239247
1947.917567 16789.916277
1948.572862 16795.173610
1949.241009 16801.138054
1950.037629 16807.937325
1950.872806 16814.394619
1951.553806 16820.390764
1952.247632 16826.461706
1952.915779 16833.555292
1953.802366 16840.773682
1954.470513 16846.929951
1955.100103 16853.976276
1955.922428 16861.278335
1956.577723 16868.417012
1957.335811 16876.481129
1958.145284 16885.165087
1958.993313 16892.898800
1959.597198 16900.164669
1960.329607 16908.269551
1961.061991 16917.467796
1961.961405 16926.583629
1962.655257 16934.744976
1963.361936 16942.974055
1964.042935 16951.658438
1964.800998 16960.950469
1965.559086 16970.709400
1966.368584 16980.038654
1967.036706 16988.858455
1967.743410 17000.254914
1968.784175 17016.043138
1970.120444 17030.282047
1970.891385 17039.844402
1971.508122 17050.644678
1972.433241 17062.582401
1973.191329 17073.215797
1973.910860 17084.282282
1974.707506 17095.495507
1975.427037 17106.968782
1976.236510 17118.982967
1977.007451 17131.267849
1977.829776 17142.706518
1978.472218 17154.419051
1979.307395 17167.202987
1980.065484 17178.909088
1980.746483 17191.427344
1981.581660 17205.722428
1982.455370 17218.452671
1983.084959 17230.720240
1983.881605 17243.924305
1984.601136 17257.094460
1985.372077 17269.986788
1986.040199 17282.959717
1986.798287 17296.703199
1987.530671 17309.927724
1988.211670 17322.866680
1988.892669 17337.868796
1989.766379 17353.191141
1990.460230 17367.612749
1991.218293 17382.373371
1991.924998 17397.366151
1992.683086 17414.739499
1993.595352 17438.783631
1994.944473 17460.910863
1995.638325 17477.620973
1996.447798 17495.035590
1997.180181 17511.420531
1997.874008 17528.399350
1998.632096 17544.582535
1999.236007 17561.552881
2000.032627 17581.341219
2000.842099 17600.189802
2001.535951 17618.424422
2002.268335 17635.805899
2002.872220 17655.257643
2003.733102 17678.168307
2004.568279 17708.338071
2005.904548 17737.350437
2006.611252 17759.740200
2007.433577 17782.163289
2008.114577 17803.505191
2008.834108 17826.291072
2009.579344 17847.480071
2010.170376 17871.688597
2011.069790 17898.250609
2011.776495 17921.512508
2012.444642 17943.502170
2013.048527 17972.198355
2014.063587 17974.642619
2015.040090 17950.111404
2015.695384 17933.965210
2016.286442 17918.207189
2017.031678 17896.561810
2018.355095 17876.978501
2019.087504 17865.973252
2019.665684 17854.320690
2020.629360 17839.155952
2021.901392 17827.531068
2022.530982 17820.273071
2023.276218 17811.864506
2024.291278 17804.825286
2024.869483 17797.615837
2026.218604 17790.572411
2026.950988 17786.490300
2027.631987 17782.929569
2028.338666 17779.668401
2029.071050 17776.697658
2029.829138 17774.187060
2030.497285 17772.040071
2031.242521 17770.095618
2031.987757 17768.420681
2032.771525 17767.029533
2033.516761 17765.998660
2034.159203 17765.162953
2034.968701 17764.498548
2035.649675 17764.109265
2036.227881 17763.868350
2037.037353 17763.738438
2037.833999 17763.747128
2038.514973 17763.891685
2039.311619 17764.143104
2039.966913 17764.513446
2040.737829 17764.979583
2041.393123 17765.545911
2042.151212 17766.240087
2042.883595 17766.992486
2043.564595 17767.809502
2044.245569 17768.886470
2045.183540 17769.971608
2045.774598 17771.111037
2046.648307 17772.343027
2047.265070 17773.492846
2047.933217 17775.004412
2048.845483 17776.586494
2049.513605 17778.105831
2050.271693 17779.651260
2050.888456 17781.555853
2051.864959 17783.698102
2052.610195 17785.667940
2053.368283 17787.719826
2054.100667 17789.788771
2054.794493 17792.419154
2055.809579 17796.267859
2057.145848 17799.955010
2057.942493 17804.223139
2059.420113 17808.515396
2060.139644 17811.594303
2060.910585 17814.676320
2061.578706 17817.682976
2062.259706 17821.407951
2063.184825 17825.221335
2063.852972 17828.871388
2064.649592 17832.436446
2065.240650 17836.702805
2066.242858 17841.295328
2066.911005 17845.401902
2067.681945 17849.593046
2068.337240 17854.213073
2069.198097 17859.214345
2069.930506 17863.930729
2070.650037 17869.104374
2071.472362 17874.199546
2072.127657 17879.235562
2072.885745 17884.742928
2073.630981 17890.457327
2074.401896 17896.473409
2075.185690 17901.968545
2075.789600 17907.518165
2076.547663 17913.899101
2077.318604 17920.538876
2078.102397 17927.492589
2078.911870 17933.670391
2079.490075 17940.010354
2080.299548 17947.316932
2081.057636 17954.113617
2081.725783 17961.450142
2082.560961 17970.291045
2083.498932 17981.501549
2084.745259 17991.912806
2085.477668 18001.050845
2086.428466 18010.866329
2087.250817 18019.068614
2087.880406 18026.415972
2088.522849 18035.517773
2089.422263 18044.606600
2090.039025 18053.740362
2090.912735 18063.265464
2091.568029 18072.259024
2092.326118 18081.740981
2093.032822 18091.914393
2093.867999 18102.175230
2094.561826 18112.022577
2095.307062 18122.670138
2096.090855 18132.860755
2096.746149 18144.276747
2097.671268 18156.333933
2098.390799 18167.375157
2099.148888 18178.318509
2099.829887 18189.487609
2100.587976 18204.143289
2101.680125 18222.232809
2102.823684 18237.981856
2103.581772 18249.747092
2104.211362 18262.305623
2105.033687 18275.869337
2105.753243 18289.129330
2106.511306 18302.513610
2107.218011 18315.439626
2107.899010 18329.982262
2108.747040 18345.282610
2109.479423 18360.526426
2110.288896 18374.488896
2110.867102 18386.775422
2111.483839 18403.795353
2112.486072 18421.498831
2113.141367 18436.105764
2113.822341 18453.329848
2114.683223 18471.605905
2115.428459 18488.326055
2116.122311 18504.650818
2116.803310 18520.400057
2117.420048 18538.286266
2118.242373 18556.998899
2118.897667 18575.679494
2119.681460 18594.768102
2120.336755 18614.360999
2121.120548 18643.110524
2122.379728 18674.562373
2123.291994 18696.808216
2123.870200 18715.538736
2124.512642 18739.412281
2125.386377 18775.130612
2126.709818 18786.641478
2127.377965 18767.936743
2128.007555 18745.690339
2129.202498 18724.383969
2129.947759 18710.850193
2130.615881 18698.720582
2131.348290 18688.228583
2131.939323 18679.144106
2132.620322 18669.406050
2133.442647 18657.436769
2134.727557 18647.205440
2135.459940 18640.936204
2136.166619 18635.500838
2136.847619 18630.679383
2137.541470 18626.281972
2138.248149 18622.347886
2138.942001 18618.818490
2139.661532 18615.610001
2140.393916 18612.854049
2141.074915 18610.162646
2141.987182 18607.011739
2143.310623 18604.537828
2144.094416 18603.249851
2144.724006 18602.244518
2145.482095 18601.372622
2146.240183 18600.724947
2146.985419 18600.296843
2147.692098 18600.054964
2148.463039 18599.973094
2149.092628 18600.054649
2149.876422 18600.307415
2150.711599 18600.687806
2151.392598 18601.183996
2152.099277 18601.901275
2152.947307 18602.709347
2153.576897 18603.565118
2154.270749 18604.627374
2155.028837 18605.886879
2155.825457 18607.115207
2156.429368 18608.651532
2157.431575 18610.331745
2158.099722 18611.826955
2158.819254 18613.391535
2159.474548 18615.104250
2160.245489 18617.072910
2161.042109 18619.109259
2161.800198 18621.211184
2162.583991 18623.273330
2163.264990 18625.491209
2164.112995 18627.825260
2164.832551 18629.981255
2165.513525 18632.296484
2166.284466 18634.713892
2166.978318 18637.634470
2167.980526 18640.572328
2168.635820 18643.177048
2169.393909 18645.868692
2170.049203 18648.814694
2170.884381 18652.052637
2171.642469 18655.008754
2172.297764 18658.003032
2173.030147 18661.084825
2173.685442 18664.447779
2174.494914 18668.306532
2175.317239 18671.968955
2175.998239 18675.362954
2176.666386 18679.005209
2177.398769 18683.230881
2178.233947 18687.531463
2178.940626 18691.510898
2179.608773 18695.833857
2180.379713 18700.463420
2181.099245 18705.303388
2181.883038 18710.516958
2182.666806 18715.720279
2183.399189 18720.678702
2184.067336 18728.595826
2185.532129 18737.138060
2186.303044 18743.382779
2187.099690 18749.897438
2187.896310 18756.637715
2188.705783 18762.656762
2189.296841 18768.570870
2190.042077 18775.321564
2190.787313 18783.195905
2191.738136 18790.615587
2192.354874 18796.917195
2193.035873 18804.130606
2193.806788 18811.758861
2194.539197 18819.550596
2195.310113 18827.709005
2196.081054 18835.764015
2196.800585 18843.710297
2197.520116 18852.625539
2198.380998 18862.152889
2199.177644 18870.660497
2199.832913 18879.584055
2200.668090 18889.209949
2201.413326 18903.550626
2202.955208 18918.236457
2203.713296 18927.672843
2204.394270 18938.075544
2205.268005 18948.734246
2205.961831 18958.794669
2206.719920 18970.034359
2207.555097 18980.628948
2208.197539 18991.340596
2209.019864 19004.346045
2209.944983 19021.481547
2211.268425 19036.948892
2211.936572 19055.353322
2213.555517 19080.671582
2215.007457 19098.958117
2215.714136 19118.381506
2217.217460 19138.499942
2217.962696 19150.775694
2218.553729 19163.306989
2219.298965 19178.401055
2220.134142 19193.897112
2220.892231 19208.943108
2221.650319 19223.770336
2222.356998 19237.976489
2223.025145 19254.810477
2223.950264 19271.237185
2224.554149 19285.659364
2225.260853 19303.289580
2226.121710 19329.668754
2227.535093 19354.385484
2228.203240 19370.643572
2228.858534 19388.754359
2229.642302 19408.767621
2230.413243 19428.416485
2231.132774 19448.737813
2231.916567 19468.638775
2232.571862 19489.818922
2233.407039 19511.844998
2234.088013 19532.157187
2234.769013 19553.980006
2235.514249 19577.357195
2236.259485 19601.346344
2237.004721 19624.472309
2237.659990 19647.379647
2238.353842 19674.508184
2239.214724 19701.075799
2239.844314 19697.818597
2240.718048 19674.570275
2241.309081 19657.213984
2241.964376 19638.899718
2242.748169 19615.529016
2244.033053 19595.717971
2244.675495 19583.971801
2245.343642 19571.900726
2246.153115 19561.143083
2246.769852 19551.689118
2247.540793 19542.899885
2248.170383 19535.105806
2248.915619 19527.579456
2249.622298 19520.530426
2250.418943 19514.099319
2251.125622 19508.839066
2251.780917 19504.121487
2252.487596 19499.525209
2253.258536 19495.351587
2253.978068 19491.822341
2254.671919 19488.643516
2255.417155 19485.588147
2256.239480 19481.936956
2257.665690 19478.949673
2258.372395 19477.435966
2259.040516 19476.011532
2259.939956 19474.838533
2260.556693 19474.062692
2261.211988 19473.389840
2261.982928 19472.907555
2262.561109 19472.593493
2263.370607 19472.363645
2264.167227 19472.267400
2264.822521 19472.300984
2265.734788 19472.431545
2266.390082 19472.652436
2267.109614 19472.963208
2267.764908 19473.386100
2268.522997 19473.888046
2269.152586 19474.564727
2270.077705 19475.336347
2270.745852 19476.119302
2271.503941 19476.980621
2272.172062 19477.863611
2272.840209 19478.904883
2273.624002 19480.102317
2274.394918 19481.383917
2275.178711 19482.714739
2275.911095 19484.050479
2276.604946 19485.512304
2277.375862 19487.163451
2278.172507 19488.886243
2278.930570 19490.615353
2279.650127 19492.549730
2280.485304 19494.547018
2281.179131 19496.639930
2282.001456 19498.802729
2282.669603 19501.036222
2283.453396 19503.560839
2284.237164 19506.192963
2285.020957 19508.636236
2285.637694 19511.343482
2286.498577 19514.194636
2287.141019 19517.228072
2288.027580 19520.578556
2288.772816 19523.824632
2289.543757 19527.020564
2290.211904 19530.338935
2290.982845 19534.011050
2291.753760 19537.518178
2292.409055 19541.258247
2293.218553 19545.671400
2294.079410 19549.663040
2294.683320 19553.814778
2295.544202 19558.422839
2296.263734 19562.684237
2296.957560 19567.582822
2297.831295 19572.666839
2298.537973 19577.364503
2299.244678 19582.473556
2300.028445 19587.720992
2300.735150 19593.916586
2301.737357 19602.142482
2302.932300 19609.604472
2303.664684 19614.918138
2304.255742 19621.494923
2305.257950 19628.401423
2305.900392 19634.439657
2306.658480 19640.722388
2307.326627 19646.628217
2307.969070 19653.798111
2308.881336 19661.585475
2309.626572 19668.876095
2310.397513 19676.073283
2311.091365 19684.550793
2312.080720 19693.312469
2312.800251 19700.520886
2313.455546 19707.959906
2314.187929 19715.686990
2314.868929 19724.741185
2315.806900 19734.171224
2316.526431 19742.072469
2317.168873 19750.744619
2317.991224 19759.642249
2318.646518 19768.578935
2319.443139 19778.490850
2320.226932 19789.261196
2321.126346 19803.938174
2322.462640 19817.974355
2323.220728 19828.217809
2323.953112 19838.471157
2324.685495 19848.184524
2325.315085 19859.429214
2326.227352 19871.525576
2326.946908 19883.086073
2327.756381 19894.248120
2328.398823 19906.161043
2329.272558 19918.784083
2329.979236 19930.075651
2330.660236 19941.903561
2331.405472 19954.064884
2332.099324 19966.147090
2332.806002 19979.509334
2333.615475 19992.313408
2334.232238 20006.844610
2335.195914 20021.488844
2335.799799 20036.629341
2336.776327 20052.259593
2337.405917 20065.313992
2338.086916 20079.698382
2338.819300 20094.931505
2339.551684 20108.984631
2340.142742 20123.954968
2340.926509 20141.539781
2341.723155 20157.315135
2342.314213 20172.593843
2343.033744 20191.131275
2343.868922 20208.340943
2344.447127 20225.405137
2345.230920 20243.826138
2345.886215 20262.406445
2346.644278 20282.650696
2347.389539 20303.067640
2348.121923 20322.557144
2348.764365 20344.313823
2349.612395 20366.380563
2350.241985 20386.132762
2350.897279 20409.080093
2351.693925 20432.589181
2352.349220 20456.341781
2353.120160 20456.525912
2353.942511 20434.904079
2354.597805 20412.240413
2355.779896 20391.632134
2356.448043 20378.480673
2357.141895 20365.971457
2357.874278 20355.065517
2358.503868 20345.315632
2359.223399 20336.725159
2359.801605 20328.870468
2360.546841 20320.805674
2361.292077 20313.804938
2361.973076 20307.513672
2362.718312 20302.017050
2363.347928 20294.723776
2364.876931 20288.233657
2365.455137 20284.673688
2366.277462 20281.219978
2366.958461 20278.634312
2367.549519 20276.026939
2368.436081 20273.492430
2369.155638 20271.510045
2369.900874 20269.864335
2370.568995 20268.416691
2371.391346 20267.135597
2372.136582 20266.206015
2372.791876 20265.464555
2373.601349 20264.922813
2374.192407 20264.578705
2375.014732 20264.356838
2375.759968 20264.305541
2376.428115 20264.408774
2377.276145 20264.898314
2378.792321 20265.544990
2379.409059 20266.119749
2380.064353 20266.906965
2380.860974 20267.880841
2381.631914 20268.933719
2382.364298 20270.145349
2383.186648 20271.461398
2383.919032 20272.785241
2384.638563 20274.353139
2385.525150 20275.873080
2386.116183 20277.353610
2386.874271 20279.056107
2387.593802 20280.754431
2388.274802 20282.834638
2389.225625 20285.969968
2390.613304 20288.978363
2391.384244 20291.219458
2392.155185 20293.426339
2392.861864 20295.687505
2393.619952 20298.251946
2394.467982 20300.662076
2395.084720 20303.231560
2395.971307 20306.127012
2396.729370 20308.584918
2397.320428 20311.383076
2398.207015 20314.227234
2398.785195 20317.203993
2399.684634 20320.547965
2400.404165 20323.476509
2401.059460 20326.618039
2401.830401 20329.884448
2402.498548 20333.383729
2403.320873 20337.162549
2404.066109 20340.639153
2404.721403 20344.279895
2405.479492 20348.079026
2406.147613 20352.200819
2406.969938 20356.566316
2407.676643 20360.829283
2408.409026 20364.997955
2409.038616 20369.485601
2409.822409 20374.748299
2410.644734 20380.266126
2411.454207 20385.277147
2412.083822 20390.555834
2412.918999 20396.403484
2413.664235 20402.037207
2414.396619 20408.088263
2415.206092 20413.872171
2415.835681 20419.346265
2416.529533 20425.786572
2417.351858 20432.488994
2418.071389 20439.310037
2418.880862 20445.989492
2419.536157 20452.233734
2420.217156 20459.607225
2421.078038 20467.697242
2421.874658 20474.939479
2422.529953 20482.822610
2423.416515 20490.713567
2424.046130 20498.522540
2424.881307 20507.530703
2425.703632 20515.715592
2426.358927 20524.075604
2427.181252 20533.776249
2428.042134 20543.056718
2428.761665 20551.444045
2429.442665 20560.459309
2430.239285 20570.266233
2431.023053 20580.422837
2431.845403 20590.097334
2432.526377 20599.287672
2433.245908 20610.026417
2434.132495 20621.021432
2434.864879 20630.797588
2435.545878 20641.490934
2436.381056 20652.171531
2437.036350 20663.064655
2437.871528 20674.319385
2438.552502 20684.817433
2439.259206 20695.997379
2440.004416 20707.066945
2440.672563 20719.178985
2441.520593 20732.015070
2442.252977 20744.786834
2443.062449 20757.341760
2443.743449 20768.923080
2444.411596 20782.437849
2445.285305 20795.600778
2445.889215 20808.358972
2446.685836 20822.666389
2447.431072 20837.523861
2448.253397 20851.922529
2448.921544 20865.511051
2449.628222 20879.519528
2450.309222 20896.371760
2451.260045 20913.657917
2451.953872 20929.020616
2452.686255 20944.739219
2453.380107 20960.248589
2454.061081 20977.323628
2454.857727 20996.935143
2455.718584 21024.170152
2457.080582 21049.881374
2457.761556 21068.696054
2458.519645 21088.153299
2459.213497 21107.608706
2459.933028 21128.125495
2460.665411 21149.390466
2461.397795 21171.818332
2462.168736 21193.443158
2462.811178 21214.702093
2463.517857 21237.170535
2464.198856 21263.328836
2465.085418 21293.910320
2465.984832 21330.180061
2467.128391 21364.119127
2467.835069 21390.766224
2468.528921 21419.111364
2469.286984 21447.606923
2469.955131 21475.497700
2470.648983 21504.566765
2471.342809 21535.969155
2472.113750 21568.324876
2472.820429 21599.389396
2473.501428 21630.254675
2474.169550 21659.674270
2474.760608 21692.863065
2475.557228 21731.073360
2476.328169 21765.557058
2476.944906 21800.142670
2477.690142 21836.341561
2478.345437 21874.620155
2479.142057 21913.846269
2479.810204 21950.254526
2480.478351 21991.179571
2481.287824 22030.095932
2481.866029 22069.605420
2482.675502 22117.333249
2483.523532 22177.471963
2484.731327 22239.187007
2485.605036 22305.447846
2486.928478 22368.461740
2487.673714 22438.483664
2489.189865 22528.137229
2490.538986 22592.744897
2491.232838 22640.753218
2492.042311 22687.789150
2492.697605 22733.038234
2493.442841 22781.846795
2494.200930 22828.362164
2494.869051 22883.511788
2495.884112 22936.714145
2496.488022 22977.408767
2497.117612 23026.278430
2497.965642 23106.430099
2499.533177 23181.627858
2500.227029 23229.191194
2500.959413 23279.404327
2501.730353 23325.753999
2502.347091 23311.011226
2503.516329 23260.149329
2504.107387 23229.695944
2504.711272 23188.221412
2505.893388 23147.805158
2506.574362 23107.140791
2508.026277 23069.419907
2508.681571 23048.494886
2509.324014 23019.629526
2510.660308 22992.771635
2511.289897 22976.222095
2512.009429 22960.966534
2512.613314 22945.598101
2513.448491 22930.848007
2514.078081 22917.575042
2514.874726 22905.429183
2515.465759 22893.729578
2516.326641 22881.655900
2517.059025 22867.744912
2518.369614 22855.265655
2519.037736 22847.869169
2519.680203 22839.843843
2520.579617 22832.491906
2521.183502 22826.734528
2521.864502 22820.875891
2522.596885 22815.785883
2523.187918 22810.955660
2523.971711 22805.889715
2524.742626 22801.500826
2525.436478 22797.911611
2526.053216 22794.057638
2527.004039 22790.274732
2527.723570 22787.407744
2528.417422 22784.733914
2529.201190 22782.339369
2529.895016 22780.180809
2530.730194 22778.334342
2531.372636 22776.937755
2532.040783 22775.667618
2532.786019 22774.578956
2533.492698 22773.626397
2534.392137 22772.907442
2535.008875 22772.486235
2535.689874 22772.178669
2536.563583 22772.022732
2537.167494 22772.034874
2537.887025 22772.204138
2538.645113 22772.540657
2539.377497 22773.377500
2540.867943 22774.389088
2541.548943 22775.215953
2542.229942 22776.276967
2543.065120 22778.132687
2544.517034 22780.195359
2545.377917 22781.690643
2546.046038 22783.135136
2546.778422 22784.727847
2547.523658 22786.432861
2548.294599 22788.286037
2549.104071 22790.196298
2549.862160 22792.027632
2550.555986 22794.182411
2551.506810 22797.258102
2552.804546 22800.136376
2553.536930 22802.309071
2554.269314 22804.584561
2555.014550 22807.030989
2555.798343 22809.520159
2556.517874 22811.989110
2557.237405 22814.677162
2558.034025 22817.632243
2558.856376 22820.429865
2559.524497 22823.140843
2560.256881 22825.896533
2560.912176 22829.001328
2561.773058 22832.349897
2562.505441 22835.434081
2563.199293 22838.799279
2564.021618 22842.265930
2564.728297 22845.769163
2565.524943 22849.359760
2566.231621 22852.885219
2566.964005 22856.558125
2567.696389 22860.779876
2568.608655 22864.712572
2569.199713 22868.544190
2570.034890 22872.726112
2570.728717 22876.386795
2571.345480 22881.056638
2572.360540 22885.840547
2572.990130 22889.901011
2573.722513 22894.395239
2574.467749 22898.908395
2575.174428 22903.651781
2575.958221 22908.746601
2576.741989 22914.203489
2577.602871 22919.276719
2578.245313 22924.772915
2579.196137 22930.348533
2579.838579 22935.157078
2580.545258 22940.463927
2581.303346 22946.524958
2582.189933 22953.212513
2583.089347 22961.319052
2584.309995 22969.533078
2585.196557 22975.514233
2585.813320 22982.126724
2586.828380 22988.641038
2587.406560 22994.134454
2588.151796 23000.513970
2588.922737 23006.645014
2589.590884 23013.076136
2590.413209 23020.023809
2591.184150 23026.426754
2591.865149 23032.502103
2592.546123 23039.052372
2593.317064 23046.502599
2594.177946 23053.743622
2594.884625 23061.147742
2595.758359 23068.817308
2596.503595 23076.397908
2597.338773 23083.248329
2597.916953 23090.326810
2598.777835 23097.794388
2599.420277 23104.578232
2600.126982 23112.026433
2600.885070 23119.626472
2601.604601 23127.924918
2602.478310 23135.562388
2603.056516 23142.828799
2603.840309 23151.634716
2604.688339 23159.835455
2605.343634 23167.646576
2606.101722 23175.683509
2606.782696 23185.053293
2607.759224 23194.663719
2608.465903 23202.763395
2609.159755 23211.255235
2609.917843 23219.916044
2610.624522 23229.529481
2611.523936 23238.765165
2612.153551 23247.172387
2612.898787 23256.793101
2613.708260 23266.125863
2614.389259 23275.905927
2615.250116 23285.696611
2615.918263 23294.774844
2616.650647 23303.874361
2617.305941 23314.126340
2618.192528 23325.877406
2619.053411 23336.363933
2619.734385 23345.567205
2620.389679 23361.980172
2622.072886 23379.020905
2622.792443 23389.521810
2623.524827 23399.692383
2624.180121 23411.456524
2625.105240 23423.154726
2625.734830 23433.353630
2626.441534 23445.187888
2627.263859 23457.892286
2628.060479 23469.539384
2628.728626 23480.521322
2629.422478 23492.929355
2630.244803 23505.945420
2630.990039 23517.317441
2631.593949 23530.767707
2632.557600 23544.606310
2633.187215 23557.435805
2634.009540 23571.347523
2634.741924 23591.259019
2636.181012 23611.148456
2636.874838 23625.413017
2637.671484 23639.517880
2638.326778 23654.252876
2639.161956 23669.715224
2639.868634 23684.269482
2640.588191 23699.348122
2641.320575 23713.591173
2641.937312 23728.234508
2642.682548 23744.531846
2643.427784 23760.415970
2644.108783 23777.055886
2644.892577 23794.128715
2645.586403 23810.760383
2646.305960 23828.304417
2647.051196 23845.224395
2647.693638 23863.788282
2648.541668 23881.996488
2649.132726 23899.264202
2649.877962 23919.049057
2650.636050 23938.703367
2651.342729 23958.583617
2652.087965 23979.219374
2652.820348 23998.430890
2653.437111 24018.616694
2654.208027 24041.067051
2654.953288 24064.138064
2655.737056 24088.398575
2656.533701 24122.022208
2657.869995 24157.229450
2658.718025 24183.174372
2659.437556 24217.022607
2660.709588 24251.274337
2661.416293 24278.198231
2662.225765 24308.132656
2663.073795 24346.839412
2664.320148 24385.817134
2665.142473 24414.738449
2665.823472 24442.598834
2666.568708 24471.595257
2667.288265 24497.853972
2667.879297 24526.002258
2668.675943 24556.812430
2669.382622 24588.284049
2670.192120 24620.614383
2670.924503 24651.361930
2671.644034 24684.608973
2672.479237 24717.009851
2673.147359 24748.275580
2673.918300 24778.597467
2674.535062 24810.815892
2675.383092 24844.593721
2676.064092 24880.492544
2677.002063 24914.982783
2677.618800 24945.971100
2678.402593 24979.991649
2679.160682 25012.233887
2679.867361 25044.949865
2680.651154 25078.897931
2681.422095 25112.974906
2682.231567 25144.465510
2682.912567 25180.747718
2684.004741 25214.495828
2684.595774 25242.764506
2685.469508 25276.953904
2686.433184 25305.935276
2687.075627 25333.245008
2687.987893 25361.869208
2688.733154 25386.221281
2689.426981 25388.205018
2690.056571 25370.019521
2690.686160 25352.509302
2691.392865 25335.760814
2692.048159 25312.859503
2693.448690 25290.934179
2694.142542 25277.605632
2694.849220 25265.382332
2695.504540 25252.847771
2696.339718 25241.259289
2696.956455 25231.653349
2697.624602 25221.955997
2698.331306 25213.202712
2698.935191 25204.279199
2699.757542 25194.976147
2700.502778 25187.128282
2701.158072 25179.886715
2701.877604 25172.863946
2702.571455 25165.791605
2703.393780 25159.422178
2704.010543 25153.987664
2704.704370 25148.214239
2705.488163 25142.667055
2706.207694 25137.642943
2706.940078 25132.637152
2707.749576 25128.260399
2708.366313 25124.442471
2709.085870 25120.018454
2710.023841 25115.937201
2710.704840 25112.716638
2711.398667 25109.762368
2712.053961 25106.537350
2712.991932 25103.504513
2713.647227 25100.945190
2714.456725 25098.530107
2715.124872 25096.499922
2715.805846 25094.158005
2716.833784 25091.265128
2718.157200 25088.971903
2718.915289 25086.846150
2720.508554 25085.015957
2721.151022 25084.064849
2721.921937 25083.156621
2722.692878 25082.362969
2723.489524 25081.748708
2724.106261 25081.244133
2724.928586 25080.794775
2725.673848 25080.473724
2726.393379 25080.230164
2727.292793 25080.095778
2728.616234 25080.127686
2729.348618 25080.434800
2730.839115 25080.870125
2731.571499 25081.265848
2732.265325 25081.754768
2733.061971 25082.280440
2733.678708 25082.904001
2734.513886 25083.718771
2735.387620 25084.517470
2736.042915 25085.255094
2736.672505 25086.228847
2737.597649 25087.247217
2738.214386 25088.242359
2739.011007 25089.308824
2739.666327 25090.363949
2740.385858 25091.623443
2741.246740 25092.871191
2741.902035 25094.091275
2742.672950 25095.461717
2743.456743 25096.905100
2744.266216 25098.327417
2744.985772 25099.644350
2745.641067 25101.090040
2746.450540 25102.727305
2747.260012 25104.387704
2748.056658 25105.932936
2748.724805 25107.394942
2749.405804 25109.110180
2750.266661 25111.773925
2751.731454 25114.469872
2752.566631 25116.222942
2753.183368 25117.986166
2753.992841 25119.912095
2754.712398 25121.866568
2755.509018 25123.860649
2756.228574 25125.862981
2756.999490 25127.973254
2757.770431 25130.116259
2758.541371 25132.275726
2759.299460 25134.527827
2760.108932 25136.715906
2760.802784 25139.072292
2761.702198 25141.520161
2762.434582 25143.633962
2763.089876 25145.780147
2763.822260 25148.118977
2764.580348 25150.532040
2765.338437 25153.100872
2766.173614 25155.616661
2766.880293 25158.044405
2767.638381 25160.311416
2768.229439 25162.766895
2769.077469 25165.608597
2769.874089 25168.473473
2770.709267 25171.361985
2771.493060 25174.185541
2772.264001 25177.033917
2773.034916 25179.809858
2773.741620 25182.563610
2774.474004 25185.439530
2775.219240 25188.392708
2775.964476 25191.504951
2776.761096 25194.591135
2777.467800 25197.547171
2778.174479 25200.639552
2778.919715 25203.815601
2779.639272 25207.075299
2780.397335 25210.442316
2781.142571 25213.864800
2781.900659 25217.162093
2782.568806 25220.454575
2783.301190 25224.326555
2784.187777 25228.162273
2784.881603 25231.521594
2785.549750 25234.865661
2786.217897 25239.113090
2787.220105 25243.615313
2787.965341 25247.629561
2788.749134 25251.707695
2789.494370 25257.448487
2790.856344 25263.348786
2791.627284 25267.521229
2792.333963 25272.056053
2793.207698 25278.753110
2794.621055 25285.366843
2795.430553 25290.283172
2796.240026 25294.711529
2796.869616 25299.540657
2797.781882 25304.801834
2798.527118 25309.685637
2799.298059 25314.591751
2800.030443 25320.213844
2800.994119 25325.428368
2801.585151 25330.165501
2802.381797 25335.813900
2803.216974 25341.311548
2803.949358 25346.243097
2804.604652 25351.667245
2805.452682 25357.209643
2806.120804 25362.886490
2806.981686 25369.014768
2807.752627 25374.736073
2808.485010 25380.188521
2809.165984 25385.976371
2809.962630 25391.992594
2810.682161 25398.088510
2811.478781 25404.313194
2812.211190 25410.571477
2812.994958 25416.693944
2813.675958 25422.577218
2814.382636 25429.200055
2815.217814 25436.068152
2815.963050 25442.923853
2816.772522 25449.813850
2817.504906 25456.621104
2818.275847 25464.341537
2819.188113 25474.541846
2820.460145 25483.870343
2821.153997 25490.776632
2821.886381 25498.596551
2822.747263 25506.255642
2823.428237 25513.966060
2824.276267 25521.771241
2824.957266 25528.821137
2825.638240 25536.841996
2826.486270 25545.163662
2827.205801 25553.393798
2828.015299 25561.441279
2828.683421 25570.674219
2829.685654 25584.033008
2831.060480 25595.833656
2831.754306 25604.209188
2832.499542 25613.841031
2833.386104 25628.048504
2834.863723 25641.745186
2835.634664 25650.595995
2836.289959 25659.814504
2837.099431 25670.369156
2837.947461 25680.052084
2838.602756 25689.628306
2839.412228 25700.514018
2840.247406 25710.147797
2840.851316 25720.540551
2841.776409 25731.033031
2842.380320 25746.310470
2843.960733 25762.196334
2844.628880 25772.840443
2845.438353 25784.355574
2846.209268 25794.775088
2846.851710 25805.528458
2847.648356 25817.566143
2848.444976 25829.241916
2849.177360 25840.547990
2849.909743 25852.075823
2850.654979 25863.935111
2851.413068 25875.609925
2852.119747 25888.861481
2853.057718 25908.164236
2854.483928 25925.541751
2855.164927 25923.772189
2856.128578 25911.165401
2856.886666 25901.593706
2857.580518 25892.704875
2858.338581 25884.669569
2858.981023 25876.956408
2859.790521 25869.509873
2860.471495 25863.098822
2861.165347 25856.869773
2861.897731 25851.487842
2862.475911 25846.113565
2863.311088 25840.121751
2864.146266 25834.963949
2864.840117 25830.405797
2865.598206 25826.210435
2866.266327 25821.942887
2867.165767 25816.474746
2868.463478 25811.788965
2869.208714 25808.587679
2870.018212 25805.528974
2870.801980 25802.932709
2871.470127 25800.583009
2872.228215 25798.266439
2872.986278 25795.996144
2873.834308 25794.031331
2874.476750 25792.275964
2875.299075 25790.690037
2875.902986 25789.327420
2876.648222 25787.818747
2877.534783 25786.479589
2878.228635 25785.349420
2879.025255 25784.280783
2879.783344 25783.316809
2880.592816 25782.519353
2881.222406 25781.840318
2881.993347 25781.182204
2882.751435 25780.637423
2883.419557 25780.112767
2884.318996 25779.643557
2884.974291 25779.291615
2885.655265 25778.950497
2886.464738 25778.623203
2887.325620 25778.353534
2888.096561 25778.158577
2888.751855 25778.007957
2889.509918 25777.886981
2890.293711 25777.808766
2891.668537 25777.795552
2892.413773 25777.845686
2893.159009 25777.938077
2893.929950 25778.166352
2895.407570 25778.459073
2896.204190 25778.696227
2896.859484 25778.975793
2897.656105 25779.509248
2899.159429 25780.074127
2899.853281 25780.504475
2900.611369 25781.000365
2901.382285 25781.499302
2902.037579 25782.056460
2902.859904 25782.652048
2903.528051 25783.277910
2904.324671 25784.022545
2905.172701 25784.721095
2905.789464 25785.400036
2906.508995 25786.222008
2907.318468 25787.145112
2908.140793 25788.193265
2909.078764 25789.611809
2910.376501 25790.996750
2911.147442 25792.086943
2911.905530 25793.245374
2912.702150 25794.461865
2913.473091 25795.705405
2914.244006 25796.899971
2914.899301 25798.214508
2915.747331 25799.675414
2916.518272 25801.090748
2917.263508 25802.528215
2918.008744 25804.074158
2918.818216 25805.865560
2919.756187 25808.111499
2920.925451 25810.358822
2921.786308 25812.160871
2922.493012 25814.124163
2923.443810 25816.130181
2924.150514 25817.741898
2924.741547 25819.577724
2925.589577 25822.662202
2927.080049 25825.755981
2927.876694 25827.895267
2928.609078 25829.864817
2929.251520 25832.227323
2930.215196 25834.693646
2930.896170 25836.885423
2931.641406 25839.201644
2932.373790 25842.977299
2933.967056 25846.707723
2934.622350 25849.118590
2935.367586 25851.601364
2936.035733 25853.976206
2936.691028 25856.852139
2937.603294 25859.919392
2938.335678 25862.922897
2939.183708 25865.877552
2939.864707 25868.620812
2940.571386 25871.736916
2941.406563 25875.231967
2942.267445 25878.439397
2942.935592 25883.141922
2944.451769 25888.117810
2945.209858 25891.354462
2945.890832 25894.774331
2946.700330 25898.402771
2947.445566 25901.979339
2948.203654 25905.684592
2948.974569 25909.515935
2949.758363 25913.279442
2950.477894 25917.310537
2951.338776 25921.376135
2952.045455 25925.210865
2952.790691 25929.380708
2953.600189 25933.612420
2954.345425 25937.413865
2954.975015 25941.795796
2955.900133 25946.427110
2956.593985 25950.586739
2957.326369 25955.390610
2958.212930 25959.912310
2958.829693 25964.437271
2959.690575 25969.346848
2960.410107 25973.569675
2961.026844 25978.453279
2961.926283 25983.745138
2962.645815 25988.568527
2963.378198 25993.764798
2964.187696 25999.043679
2964.920080 26004.283524
2965.691021 26009.605979
2966.423404 26014.880212
2967.155788 26020.483635
2967.952408 26026.514025
2968.774758 26032.543361
2969.545674 26037.777997
2970.136732 26043.007433
2970.881968 26049.499131
2971.768555 26055.568462
2972.385292 26061.167882
2973.130528 26067.285860
2973.850085 26073.632572
2974.621000 26079.587174
2975.224911 26085.368337
2975.931589 26092.746675
2976.869561 26100.238001
2977.576265 26106.982200
2978.321501 26113.658038
2978.989648 26120.960808
2979.837678 26128.825005
2980.595766 26135.997201
2981.276740 26143.700451
2982.111943 26151.728189
2982.831474 26159.572223
2983.602415 26167.765677
2984.360503 26176.035912
2985.118592 26184.160754
2985.825270 26191.696878
2986.454860 26200.186983
2987.302890 26209.564065
2988.060978 26218.347523
2988.780535 26227.291056
2989.538623 26236.631721
2990.296686 26245.647956
2990.977686 26254.993165
2991.761479 26264.573006
2992.455331 26275.442290
2993.406129 26286.036811
2994.035744 26295.433514
2994.780980 26305.524950
2995.487659 26316.914600
2996.387098 26329.435802
2997.222276 26340.424502
2997.890423 26340.648040
2998.584275 26329.637013
2999.650719 26317.022832
3000.832835 26307.151260
3001.590923 26300.553045
3002.271923 26293.635777
3003.222746 26284.719144
3004.571867 26277.445034
3005.252867 26270.654388
3006.756191 26264.021818
3007.539984 26260.011865
3008.298073 26256.595357
3008.953367 26253.069623
3009.891339 26249.687496
3010.585165 26247.137162
3011.227607 26244.491247
3012.101342 26242.002174
3012.756636 26239.899981
3013.514725 26237.739294
3014.337050 26235.876349
3014.992344 26234.374656
3015.647639 26232.856003
3016.457137 26231.325285
3017.266610 26229.971950
3018.037550 26228.822190
3018.757082 26227.790724
3019.540875 26226.901597
3020.209022 26226.120623
3021.005642 26225.402723
3021.738051 26224.827113
3022.431877 26224.339519
3023.189966 26223.948976
3023.845260 26223.634607
3024.667585 26223.381017
3025.412821 26223.233295
3026.003879 26223.154879
3026.864762 26223.134627
3027.532909 26223.192614
3028.303849 26223.324387
3029.061912 26223.519827
3029.794321 26223.819447
3030.770824 26224.320414
3032.068561 26224.858652
3032.852354 26225.297670
3033.533354 26225.790798
3034.342826 26226.345162
3035.088062 26226.926603
3035.859003 26227.561376
3036.629944 26228.175284
3037.259534 26228.842559
3038.056154 26229.615571
3038.827095 26230.451548
3039.662272 26231.234467
3040.266183 26232.083654
3041.139892 26233.058053
3041.897980 26233.952211
3042.578980 26234.879205
3043.337068 26235.913916
3044.133688 26237.073465
3045.020275 26238.139143
3045.637013 26239.196198
3046.459338 26240.351340
3047.166042 26241.514563
3047.949810 26242.708397
3048.656514 26243.840905
3049.324661 26245.107356
3050.146986 26246.573824
3051.007868 26247.958503
3051.701694 26249.321792
3052.498340 26250.755551
3053.230724 26252.190563
3053.988812 26253.595244
3054.656959 26255.270784
3055.646314 26257.662450
3056.956904 26259.964248
3057.804933 26261.691280
3058.537317 26263.379745
3059.321085 26265.087833
3060.040641 26266.786903
3060.785877 26268.407565
3061.415467 26270.119264
3062.212087 26272.124377
3063.060117 26274.020438
3063.741117 26275.743823
3064.422116 26277.895864
3065.411471 26280.043473
3066.066766 26281.841156
3066.760618 26283.809372
3067.518681 26285.915308
3068.289622 26288.112045
3069.086267 26290.235517
3069.780094 26292.283081
3070.499625 26294.420427
3071.232008 26296.668995
3072.002949 26300.148584
3073.506274 26303.663535
3074.264362 26305.911107
3074.919657 26308.321846
3075.754834 26310.679043
3076.358719 26313.033865
3077.168217 26315.952188
3078.080483 26318.632054
3078.722926 26321.344311
3079.622340 26324.120353
3080.277634 26326.698765
3081.035723 26329.538837
3081.806663 26332.381163
3082.539047 26335.351942
3083.348520 26338.324684
3084.055198 26341.543698
3084.954638 26344.877065
3085.687021 26347.743311
3086.329464 26351.268988
3087.344524 26354.900020
3088.012671 26357.987279
3088.745054 26361.479176
3089.567379 26364.704624
3090.158437 26368.452663
3091.173498 26372.433895
3091.841619 26375.560074
3092.471234 26379.121467
3093.293559 26383.250173
3094.128737 26387.188562
3094.848268 26390.939544
3095.580652 26394.826239
3096.325888 26398.883741
3097.096828 26403.224397
3097.919153 26407.463047
3098.625832 26411.636301
3099.396773 26415.877789
3100.103452 26420.008472
3100.810156 26424.673494
3101.671013 26429.565967
3102.429101 26434.068219
3103.135780 26438.653245
3103.893868 26443.363175
3104.613400 26447.953514
3105.307251 26453.225074
3106.206665 26458.441199
3106.861960 26463.051234
3107.555812 26468.683519
3108.480931 26474.171627
3109.110520 26479.313751
3109.907141 26485.059789
3110.678081 26490.425105
3111.346228 26496.875024
3112.374116 26505.709123
3113.620468 26513.818831
3114.417088 26520.668085
3115.303675 26527.153214
3115.984649 26532.787924
3116.639944 26539.132275
3117.462269 26546.246632
3118.271767 26556.479043
3119.749387 26566.253458
3120.417508 26573.601256
3121.316948 26580.875947
3121.946537 26588.552779
3122.897336 26596.464949
3123.552630 26603.375415
3124.272187 26610.935658
3125.030250 26618.425770
3125.711249 26627.021187
3126.649220 26635.749202
3127.330194 26643.524897
3128.062578 26651.652386
3128.782135 26660.369170
3129.591607 26668.710950
3130.221197 26677.299525
3131.043522 26687.028151
3131.840142 26695.735502
3132.469757 26705.734752
3133.446260 26715.542956
3134.024466 26723.897908
3134.743997 26733.986840
3135.566322 26743.466383
3136.170207 26753.920982
3137.108178 26764.769103
3137.750621 26775.545772
3138.650035 26786.448821
3139.292477 26797.623560
3140.204769 26808.457887
3140.782949 26806.038981
3141.759452 26793.427393
3142.748807 26780.255648
3144.085101 26769.662630
3144.778928 26763.128328
3145.472779 26756.204585
3146.359341 26749.986742
3146.976078 26744.950879
3147.669930 26739.715876
3148.428019 26734.758306
3149.134697 26730.290359
3149.841376 26725.922145
3150.612317 26721.513544
3151.434642 26717.643516
3152.102789 26713.671091
3153.092144 26708.773698
3154.325645 26704.698615
3155.109412 26700.522479
3156.702678 26696.899000
3157.319416 26694.874070
3158.103209 26692.740173
3158.899829 26690.018544
3160.351744 26687.473565
3161.186921 26685.903825
3161.932157 26684.576770
3162.638861 26683.312024
3163.448334 26682.197368
3164.090776 26681.174461
3164.925954 26680.152638
3165.696869 26679.348926
3166.313632 26678.517367
3167.315840 26677.764277
3167.894045 26677.195253
3168.652108 26676.623335
3169.345960 26676.108192
3170.078344 26675.587734
3170.926373 26675.126864
3171.607347 26674.732180
3172.391141 26674.396182
3172.982199 26674.075037
3173.894465 26673.756562
3174.626849 26673.522367
3175.256438 26673.297574
3176.168705 26673.104911
3176.811147 26672.950043
3177.800502 26672.802338
3178.995445 26672.725547
3179.856328 26672.712399
3180.537327 26672.738057
3181.488151 26672.843303
3182.747330 26673.004110
3183.556803 26673.167375
3184.250655 26673.369752
3185.072980 26673.613374
3185.831068 26673.873068
3186.563452 26674.148958
3187.244426 26674.498660
3188.143865 26674.876753
3188.799160 26675.217042
3189.415897 26675.637713
3190.251074 26676.111690
3190.944901 26676.595458
3191.702989 26677.197093
3192.640960 26677.789293
3193.283403 26678.313808
3193.951550 26678.961400
3194.812432 26679.655430
3195.519111 26680.359709
3196.315731 26681.116650
3197.048140 26681.893344
3197.806203 26682.725172
3198.577144 26683.606284
3199.348084 26684.490558
3200.054763 26685.417738
3200.838556 26686.387185
3201.558088 26687.462351
3202.431822 26688.532438
3203.087117 26689.593332
3203.883737 26690.708269
3204.564736 26692.005305
3205.541239 26693.284699
3206.157977 26694.334144
3206.800444 26695.575591
3207.597065 26696.947760
3208.342301 26698.497013
3209.280272 26700.036037
3209.974098 26701.333133
3210.616540 26702.799321
3211.438891 26704.286940
3212.068481 26705.953688
3213.019304 26707.778910
3213.764540 26709.352369
3214.445514 26710.937437
3215.165071 26712.741537
3216.000248 26714.523501
3216.668370 26716.321355
3217.477868 26718.208218
3218.184547 26719.961589
3218.852694 26722.234978
3219.919138 26725.445154
3221.229727 26728.232465
3221.923579 26730.510488
3222.810141 26732.905404
3223.555377 26735.082013
3224.262081 26737.489925
3225.122963 26740.994855
3226.472084 26744.465698
3227.255877 26746.987530
3227.975408 26749.675783
3228.823438 26752.349117
3229.504438 26755.179620
3230.403852 26758.180913
3231.149088 26760.764053
3231.791530 26763.373700
3232.523913 26766.130081
3233.217765 26769.402246
3234.181441 26772.622751
3234.823883 26775.626528
3235.646208 26778.872837
3236.378592 26782.081730
3237.149533 26785.411900
3237.907621 26788.888764
3238.717094 26792.338000
3239.436625 26795.853035
3240.246123 26799.609802
3241.042743 26803.064778
3241.698038 26806.618029
3242.507510 26810.487322
3243.265599 26814.205616
3243.985155 26817.794303
3244.666129 26821.752835
3245.501307 26825.876705
3246.220863 26829.728104
3246.927542 26834.221558
3247.852661 26838.820874
3248.572218 26842.951914
3249.304601 26847.418586
3250.114074 26851.971835
3250.846457 26856.071345
3251.476073 26860.644498
3252.336929 26865.646979
3253.082165 26870.496914
3253.865959 26875.139242
3254.521253 26879.703677
3255.253637 26884.736698
3256.024578 26889.902468
3256.769814 26895.212072
3257.553607 26900.300538
3258.208901 26906.054678
3259.146873 26914.326607
3260.444609 26922.503703
3261.305492 26928.445272
3261.973639 26934.044669
3262.718875 26940.159585
3263.489790 26946.290781
3264.209347 26952.329624
3264.928878 26959.361855
3265.853997 26966.173185
3266.496439 26972.464988
3267.267380 26979.289856
3267.999763 26985.655971
3268.642231 26992.897168
3269.528792 27000.511000
3270.222644 27007.466753
3270.942175 27015.077083
3271.738821 27022.500636
3272.394116 27029.690131
3273.113647 27037.785347
3273.910292 27046.250992
3274.668355 27054.240668
3275.349355 27064.093235
3276.402972 27077.788333
3277.700709 27089.430002
3278.356004 27098.902021
3279.242591 27109.748295
3280.090620 27123.519547
3281.388357 27137.499799
3282.223535 27153.044646
3283.688327 27157.327994
3284.587767 27144.751931
3285.872651 27134.075026
3286.669297 27127.422151
3287.311739 27121.584997
3288.031270 27115.369400
3288.866447 27109.536790
3289.586004 27104.420824
3290.331240 27099.840408
3290.986535 27093.542957
3292.477007 27087.278238
3293.273652 27083.270992
3294.108830 27079.689347
3294.841213 27076.535633
3295.599302 27073.532501
3296.370242 27070.912589
3297.038364 27068.483423
3297.822157 27066.165577
3298.528861 27063.941506
3299.376891 27061.853501
3300.096422 27060.173559
3300.751717 27058.588802
3301.522658 27057.163583
3302.139395 27055.759659
3303.038835 27054.338449
3303.809750 27053.193559
3304.529307 27052.248347
3305.171749 27051.293642
3306.084015 27050.392479
3306.790719 27049.706127
3307.484546 27049.089851
3308.229782 27048.499346
3309.090664 27047.871023
3310.388401 27047.385684
3311.210726 27047.144982
3311.878873 27046.988767
3312.611282 27046.889346
3313.356518 27046.854665
3314.114606 27046.887381
3314.911226 27046.979876
3315.630758 27047.123664
3316.350314 27047.323137
3317.121230 27047.576274
3317.917875 27047.875645
3318.714495 27048.174463
3319.305553 27048.547599
3320.204967 27048.963827
3320.834583 27049.420695
3321.721144 27049.939504
3322.453528 27050.387958
3323.031733 27050.945446
3323.956852 27051.574483
3324.637852 27052.182414
3325.408792 27052.873313
3326.205413 27053.509648
3326.783618 27054.252464
3327.708737 27055.157305
3328.543914 27055.959114
3329.212061 27056.759205
3329.983002 27057.550501
3330.586887 27058.445705
3331.473474 27059.504796
3332.295799 27060.466182
3332.976799 27061.409896
3333.722035 27062.521701
3334.608596 27063.551229
3335.199654 27064.559770
3336.009127 27065.746240
3336.805772 27066.895723
3337.525304 27068.076837
3338.321949 27069.277406
3339.028628 27070.501792
3339.812421 27071.918020
3340.711835 27073.866545
3342.060956 27075.775183
3342.857602 27077.215273
3343.628543 27078.574143
3344.309517 27079.999485
3345.119015 27081.477165
3345.825693 27082.995436
3346.648018 27084.499899
3347.316165 27085.968826
3348.074254 27087.573247
3348.845195 27089.220901
3349.616110 27090.839408
3350.335667 27092.403677
3351.029493 27094.113893
3351.851818 27095.922678
3352.609906 27097.599207
3353.290906 27099.401617
3354.126083 27101.214821
3354.794230 27102.951871
3355.539466 27104.917239
3356.361791 27106.750472
3356.978529 27108.700249
3357.865116 27110.678965
3358.481853 27112.858363
3359.484061 27115.155291
3360.165060 27116.974547
3360.794650 27118.893058
3361.527034 27121.061162
3362.310827 27123.375783
3363.120299 27125.725061
3363.904093 27127.993250
3364.636476 27131.698183
3366.319683 27136.406727
3367.630247 27139.910957
3368.478277 27142.451528
3369.159276 27144.983361
3369.968749 27147.737301
3370.752542 27150.516641
3371.549162 27153.303872
3372.307251 27156.291823
3373.180985 27159.161996
3373.849107 27161.916191
3374.632900 27165.019560
3375.455225 27169.827261
3377.048491 27174.383495
3377.703786 27177.329907
3378.461874 27180.570763
3379.232789 27183.752106
3379.939494 27186.953918
3380.697582 27190.287032
3381.442793 27193.614525
3382.175202 27197.057879
3382.946117 27200.351490
3383.588559 27204.177306
3384.552235 27208.247645
3385.271766 27211.761752
3385.978445 27215.599716
3386.800796 27219.435847
3387.481770 27223.379807
3388.316947 27227.247029
3388.946537 27231.017532
3389.717478 27235.313744
3390.514098 27239.615510
3391.259334 27243.775507
3391.978890 27247.974665
3392.711274 27252.321385
3393.456510 27256.814864
3394.214573 27261.465256
3394.985514 27266.282992
3395.769307 27271.228509
3396.553075 27275.929978
3397.234074 27281.232223
3398.172045 27286.571106
3398.840167 27291.144393
3399.521166 27296.157601
3400.292107 27301.481326
3401.037343 27306.857357
3401.795406 27312.284349
3402.527790 27318.095930
3403.362967 27324.102517
3404.121056 27329.633185
3404.802055 27335.677817
3405.662912 27341.763577
3406.331059 27347.819595
3407.153384 27354.467094
3407.937177 27360.866925
3408.669561 27367.168770
3409.401944 27373.878193
3410.198564 27380.892045
3410.969505 27387.689604
3411.689036 27394.685281
3412.472830 27402.243463
3413.282302 27409.447079
3413.963276 27416.357771
3414.682833 27423.721660
3415.428069 27431.559499
3416.211837 27439.752073
3416.995630 27448.096707
3417.779398 27456.310214
3418.511781 27464.685824
3419.295574 27477.023369
3420.683227 27489.385944
3421.428463 27499.264797
3422.340730 27508.597902
3422.970345 27516.766032
3423.664171 27527.172958
3424.627847 27537.062912
3425.218880 27545.901222
3425.989821 27556.228970
3426.786441 27565.677037
3427.403178 27575.627183
3428.251208 27586.314644
3428.957912 27596.353689
3429.690296 27607.171600
3430.486916 27617.749089
3431.167915 27628.253392
3431.938831 27639.983057
3432.774008 27651.911672
3433.557801 27662.313644
3434.174539 27672.427042
3434.906922 27684.263783
3435.742100 27702.488209
3437.296808 27719.451426
3437.952103 27730.013344
3438.658782 27742.151901
3439.506812 27753.547391
3440.110697 27765.320809
3440.997284 27778.960415
3441.832436 27790.484604
3442.449198 27801.123313
3443.168730 27814.240906
3444.093848 27826.755010
3444.736291 27838.867565
3445.610000 27851.597244
3446.329531 27864.124821
3447.177561 27877.062481
3447.948502 27888.855654
3448.655180 27900.718268
3449.438974 27913.374814
3450.248446 27926.236165
3451.057919 27938.597521
3451.803155 27950.852415
3452.599775 27962.576078
3453.280774 27974.793626
3454.141631 27993.713386
3455.670660 28011.790611
3456.428723 28024.238799
3457.251048 28035.333096
3457.842106 28048.150879
3458.895698 28066.789357
3460.244845 28083.772470
3461.092849 28096.248421
3461.863790 28108.331093
3462.660410 28119.928552
3463.367114 28130.622326
3464.048088 28141.483840
3464.780472 28153.791019
3465.654207 28165.078254
3466.258092 28175.797737
3467.067564 28187.710631
3467.838505 28198.137707
3468.455242 28209.413747
3469.341804 28207.726269
3470.536747 28195.426925
3471.166337 28186.622040
3471.975809 28178.304997
3472.592547 28170.769011
3473.350635 28163.121391
3474.057314 28155.742252
3474.841107 28149.111974
3475.457845 28143.388091
3476.113139 28137.070221
3476.935464 28131.129509
3477.565054 28124.928453
3478.541557 28119.051286
3479.145467 28114.356351
3479.877851 28109.401709
3480.623062 28104.196576
3481.509649 28099.286502
3482.229180 28095.210855
3482.910179 28091.512338
3483.565448 28087.361722
3484.490567 28083.177014
3485.222951 28079.754813
3485.916803 28076.442541
3486.674866 28073.386065
3487.317308 28070.405998
3488.113953 28067.126321
3488.974810 28064.255494
3489.630105 28061.590347
3490.465282 28058.975733
3491.159134 28056.742452
3491.840108 28054.247535
3492.778079 28051.961873
3493.381964 28049.990044
3494.191462 28047.889157
3494.962378 28046.051819
3495.643377 28044.328256
3496.401440 28042.579152
3497.185233 28040.897663
3497.969001 28039.325663
3498.739942 28037.664743
3499.716445 28035.697750
3500.962797 28034.049608
3501.720886 28032.912376
3502.478949 28031.761290
3503.365536 28030.779926
3503.969421 28029.952651
3504.727509 28029.104497
3505.459893 28028.398393
3506.063778 28027.669377
3506.976044 28026.909066
3507.759837 28026.305553
3508.440811 28025.760253
3509.198900 28025.238101
3509.918431 28024.756969
3510.663667 28024.262837
3511.537402 28023.833796
3512.179844 28023.471340
3512.976464 28023.074879
3513.914435 28022.612971
3515.289261 28022.235052
3516.073029 28022.022121
3516.741176 28021.826858
3517.627763 28021.653201
3518.360146 28021.530915
3519.079678 28021.443604
3519.786356 28021.384393
3520.724328 28021.365136
3522.034917 28021.398715
3522.882921 28021.523101
3524.373393 28021.680024
3525.041540 28021.821895
3525.773924 28022.010683
3526.609101 28022.220226
3527.290101 28022.450581
3528.048164 28022.742795
3528.921898 28023.039429
3529.577193 28023.356736
3530.412370 28023.722302
3531.170459 28024.112491
3531.992784 28024.501642
3532.660905 28024.930876
3533.521787 28025.376365
3534.164230 28025.815330
3534.909466 28026.347846
3535.757495 28026.896029
3536.477027 28027.468452
3537.312204 28028.046571
3537.980351 28028.616378
3538.725587 28029.291745
3539.586444 28029.976790
3540.293148 28030.600892
3540.961295 28031.337091
3541.860709 28032.078824
3542.503151 28032.809587
3543.338329 28033.627767
3544.122096 28034.393546
3544.815948 28035.170833
3545.586864 28036.018665
3546.383509 28036.883902
3547.154450 28037.723253
3547.873981 28038.543331
3548.580660 28039.402441
3549.338748 28040.328936
3550.135369 28041.254771
3550.867752 28042.165227
3551.612988 28043.188325
3552.499575 28044.189946
3553.180549 28045.071620
3553.848696 28046.067561
3554.683874 28047.059317
3555.326316 28048.192947
3556.328524 28049.309296
3556.919582 28050.235904
3557.626260 28051.325448
3558.422906 28052.481323
3559.193821 28053.640688
3559.964762 28054.758942
3560.658614 28055.872477
3561.403850 28057.129679
3562.251854 28058.412436
3562.997090 28059.610230
3563.716647 28060.815415
3564.449031 28062.107692
3565.245651 28063.453833
3566.016592 28064.937015
3566.941710 28066.306193
3567.558448 28067.563059
3568.329389 28068.953373
3569.074625 28070.298435
3569.781303 28071.805087
3570.680743 28073.353527
3571.413126 28074.780054
3572.158362 28076.127640
3572.787952 28077.545445
3573.584572 28079.231704
3574.458307 28080.849697
3575.164986 28082.506376
3576.051573 28084.131377
3576.706867 28085.645756
3577.464930 28087.253784
3578.184487 28088.848821
3578.904018 28090.627838
3579.764900 28092.513911
3580.561521 28094.247162
3581.268225 28095.937298
3582.000608 28097.810700
3582.835786 28099.725570
3583.581022 28102.611205
3585.161435 28105.484829
3585.868114 28107.263031
3586.549113 28109.108265
3587.281497 28110.896600
3587.898234 28113.007956
3588.849058 28115.323791
3589.594294 28117.377408
3590.326678 28119.426092
3591.046209 28121.540881
3591.804297 28123.723144
3592.549533 28125.905390
3593.281917 28128.105881
3594.014326 28130.378862
3594.772389 28132.925999
3595.658976 28135.466734
3596.391359 28137.922997
3597.200832 28140.435896
3597.946068 28142.882762
3598.691304 28145.363251
3599.436540 28147.816382
3600.143244 28150.335506
3600.901333 28152.847634
3601.582307 28155.671561
3602.494598 28158.504835
3603.162720 28161.336293
3604.049307 28164.153239
3604.691749 28166.629789
3605.372749 28169.685373
3606.297867 28172.754711
3606.966014 28175.647133
3607.775487 28178.731640
3608.520723 28181.938790
3609.368753 28185.210626
3610.126841 28188.289231
3610.859225 28191.440104
3611.630166 28194.715048
3612.401106 28197.840718
3613.082080 28201.155726
3613.917258 28204.629854
3614.649641 28208.073838
3615.446287 28211.504383
3616.152966 28215.280733
3617.078110 28218.862402
3617.681995 28222.141515
3618.452936 28225.679705
3619.146762 28229.268679
3619.917703 28233.003640
3620.650087 28237.022584
3621.510969 28241.061296
3622.230500 28244.728572
3622.924352 28248.827502
3623.785234 28252.877071
3624.440529 28257.101143
3625.339943 28261.455273
3626.020942 28265.201003
3626.676237 28269.773821
3627.627060 28276.413744
3628.963354 28282.914205
3629.824211 28289.667016
3631.186210 28296.334242
3631.982830 28301.248058
3632.740918 28308.573531
3634.244243 28315.711721
3634.912390 28320.510399
3635.670478 28325.956181
3636.505656 28331.258795
3637.199507 28336.371798
3637.957596 28341.878366
3638.741364 28347.089737
3639.396658 28352.527458
3640.219009 28358.667656
3641.041334 28363.966251
3641.619539 28369.537940
3642.493274 28375.667587
3643.199953 28382.094626
3644.125071 28388.333791
3644.767514 28393.773988
3645.474218 28399.645938
3646.206601 28406.066933
3647.028926 28412.403039
3647.722778 28419.321837
3648.660749 28429.222920
3650.022723 28438.130141
3650.703722 28444.861054
3651.538900 28451.779327
3652.245604 28458.668355
3653.055076 28465.742855
3653.787485 28472.533938
3654.519869 28481.284827
3655.650575 28492.528829
3656.884076 28501.932856
3657.603607 28508.523060
3658.233197 28516.845158
3659.286814 28528.858766
3660.635960 28539.896909
3661.471138 28547.318964
3662.087875 28555.023307
3662.961610 28563.393259
3663.693993 28571.086469
3664.426402 28578.622251
3665.120229 28586.693466
3665.942579 28594.891465
3666.649258 28602.178031
3667.291700 28610.571201
3668.191140 28624.202971
3669.771553 28636.361002
3670.388316 28643.976191
3671.133552 28651.927155
3671.801699 28660.805856
3672.701113 28670.018991
3673.420669 28678.185775
3674.127348 28686.998503
3674.949673 28696.151717
3675.707762 28704.515112
3676.388761 28713.645156
3677.275348 28723.157107
3678.020584 28731.927034
3678.778672 28741.008208
3679.575318 28749.722435
3680.269144 28758.365077
3681.052938 28767.759249
3681.875263 28776.778971
3682.594819 28784.831860
3683.250114 28794.036216
3684.162380 28804.474083
3685.023262 28813.048604
3685.614320 28821.578718
3686.462350 28831.189548
3687.233291 28840.275614
3687.991379 28849.291498
3688.749468 28858.541489
3689.546088 28867.191469
3690.201408 28876.094282
3691.036585 28886.168793
3691.884615 28895.490265
3692.591294 28904.518264
3693.387940 28917.928712
3694.814175 28931.568418
3695.636500 28941.553001
3696.445998 28950.720928
3697.126997 28960.231846
3698.000732 28959.308638
3699.118611 28950.040511
3699.722496 28943.656642
3700.429201 28937.074872
3701.148732 28930.668098
3701.893993 28924.320782
3702.677761 28918.874707
3703.268819 28913.119713
3704.219643 28906.816552
3705.029141 28901.697231
3705.722967 28897.177317
3706.429671 28892.880919
3707.123498 28888.620418
3707.894438 28884.358305
3708.665379 28880.343345
3709.423468 28876.466222
3710.220113 28872.957166
3710.901113 28869.644419
3711.697733 28866.569003
3712.340200 28863.663956
3713.136821 28861.011317
3713.715026 28858.196011
3714.691555 28855.186456
3715.449643 28852.803978
3716.143469 28850.496782
3716.940115 28848.325571
3717.621114 28846.283073
3718.417735 28844.195819
3719.214380 28842.266450
3719.972469 28840.667716
3720.576379 28839.063138
3721.437236 28837.352243
3722.221029 28835.879358
3722.940586 28834.468509
3723.762911 28833.172860
3724.443910 28831.822674
3725.446118 28830.195723
3726.641061 28828.915004
3727.334913 28828.052672
3728.067296 28827.133092
3728.992440 28826.317985
3729.647735 28825.662916
3730.392971 28825.055218
3731.061118 28824.484436
3731.870591 28823.894709
3732.757178 28823.234482
3734.106299 28822.728271
3734.735914 28822.398366
3735.750974 28822.098353
3736.431973 28821.898447
3737.125800 28821.725334
3737.909593 28821.584904
3738.693386 28821.492714
3739.412917 28821.446101
3740.106769 28821.435848
3740.826300 28821.462061
3741.751419 28821.565206
3743.164802 28821.714325
3743.948595 28821.861829
3744.668127 28822.026869
3745.336274 28822.260441
3746.312802 28822.539346
3747.083743 28822.787496
3747.700480 28823.055479
3748.432864 28823.410291
3749.319451 28823.803009
3750.090392 28824.176011
3750.784218 28824.620356
3751.709362 28825.074896
3752.351804 28825.462211
3752.955689 28825.982739
3753.932218 28826.513549
3754.523276 28827.022800
3755.371306 28827.597846
3756.090837 28828.239721
3757.054513 28828.840579
3757.632718 28829.395649
3758.429339 28830.047196
3759.200279 28831.041387
3760.729309 28831.991643
3761.346046 28832.633960
3762.116987 28833.351057
3762.862223 28834.089731
3763.646016 28834.854593
3764.416931 28835.631479
3765.200725 28836.387977
3765.907403 28837.147958
3766.665492 28837.888376
3767.307959 28838.668186
3768.117432 28839.600384
3769.016846 28840.418590
3769.595052 28841.201920
3770.404524 28842.069863
3771.111228 28842.951685
3771.920701 28843.883807
3772.691642 28844.769799
3773.398346 28845.600648
3774.053641 28846.517060
3774.875966 28847.559204
3775.711143 28848.608665
3776.520616 28849.575246
3777.201615 28850.557896
3778.011088 28851.576186
3778.730644 28852.581434
3779.501560 28853.555497
3780.156854 28854.542100
3780.927795 28855.794311
3781.942855 28856.923957
3782.521061 28857.895312
3783.292002 28859.007657
3784.050090 28860.067820
3784.731064 28861.250871
3785.630503 28862.544660
3786.439976 28863.733729
3787.185212 28864.895990
3787.943300 28866.182871
3788.829862 28867.949511
3790.166156 28869.666269
3790.962802 28870.854675
3791.618096 28872.296192
3792.697393 28874.282897
3793.982277 28876.052435
3794.778923 28877.324404
3795.459897 28878.620548
3796.269395 28880.077902
3797.117425 28881.435196
3797.798399 28882.701507
3798.530808 28884.210631
3799.468754 28885.625202
3800.085516 28886.957904
3800.920694 28888.356740
3801.601693 28889.645626
3802.308372 28891.017494
3803.066460 28892.488274
3803.863081 28894.042141
3804.698258 28895.516251
3805.404962 28896.863086
3806.098789 28898.319455
3806.908287 28899.812950
3807.627818 28901.228691
3808.347349 28902.754974
3809.169674 28904.331590
3809.927762 28905.791868
3810.621614 28907.251368
3811.366850 28908.856147
3812.189175 28910.340619
3812.805913 28911.810902
3813.602558 28913.520985
3814.437736 28915.135640
3815.131562 28916.683570
3815.889650 28918.370264
3816.699123 28920.098630
3817.482916 28921.713275
3818.176743 28923.312243
3818.934831 28924.978370
3819.680067 28926.640380
3820.425303 28928.459405
3821.299038 28930.218830
3821.980012 28931.889558
3822.763805 28933.542329
3823.419099 28935.224151
3824.215720 28937.141378
3825.063749 28938.966876
3825.770454 28940.793926
3826.605631 28942.589916
3827.273753 28944.501475
3828.186044 28946.553955
3828.956960 28948.383901
3829.676516 28948.308354
3830.550251 28947.346677
