# cumulative_displacement force displacement
0.000000 -0.000000 0.000000
0.642442 1.806910 0.642442
1.323442 3.679008 1.323442
2.338527 -0.067222 0.308356
3.327883 -1.914085 -0.680999
4.073119 -3.957790 -1.426235
4.715561 -5.677890 -2.068678
5.666384 -0.067933 -1.117854
6.668592 0.630528 -0.115646
7.940624 3.216934 1.156386
8.788654 -0.141072 0.308356
9.893656 -2.287201 -0.796646
10.574655 0.284249 -0.115646
11.319891 1.817217 0.629590
12.193626 -0.860379 -0.244145
13.195833 -3.391057 -1.246353
13.876833 0.087755 -0.565353
15.187422 2.141794 0.745236
16.253892 -1.074360 -0.321234
17.256100 -3.606287 -1.323442
17.962778 0.076889 -0.616763
19.132042 1.694416 0.552501
19.890130 -0.742067 -0.205588
21.033689 -3.666164 -1.349146
21.740393 0.068730 -0.642442
22.935336 1.697429 0.552501
23.564926 3.283330 1.182091
24.323015 -0.062134 0.424002
24.939752 -0.945655 -0.192735
25.582194 -2.384818 -0.835177
26.327430 0.333209 -0.089941
26.931315 1.540901 0.513944
27.509521 3.032438 1.092149
28.344698 5.302697 1.927327
29.539641 8.417550 3.122270
30.284877 1.629011 2.377034
31.030113 0.055222 1.631798
31.621146 -0.168619 1.040765
32.790409 -1.364721 -0.128499
33.368615 -2.381949 -0.706704
34.088146 -3.975782 -1.426235
34.769146 -5.779916 -2.107235
36.143971 -9.330534 -3.482061
37.120500 -1.354458 -2.505532
37.750090 -0.138450 -1.875942
38.803707 0.404899 -0.822325
39.947240 1.887483 0.321208
40.576856 3.061234 0.950824
41.758946 5.760512 2.132914
42.491330 0.492092 1.400531
43.210886 -0.189345 0.680974
44.341567 -1.771929 -0.449707
45.665009 -4.746668 -1.773149
46.513039 0.042732 -0.925119
47.656572 1.249587 0.218415
48.299014 2.561710 0.860857
48.992866 4.205720 1.554709
49.853748 -0.123392 0.693826
50.907340 -1.412216 -0.359766
51.639749 -3.011973 -1.092175
52.256487 -4.524554 -1.708912
52.860372 -6.099412 -2.312797
53.734081 -0.313664 -1.439088
54.440785 0.224574 -0.732384
55.417288 1.462701 0.244119
56.072583 2.756248 0.899414
57.357467 5.850302 2.184298
58.218324 0.274713 1.323442
58.847939 -0.191363 0.693826
59.503234 -0.929374 0.038532
60.698177 -3.282679 -1.156411
61.314914 -4.751808 -1.773149
62.073003 -0.072588 -1.015060
62.843918 0.521624 -0.244145
64.013182 2.705704 0.925119
64.604214 4.109750 1.516151
65.310918 5.933322 2.222856
66.184653 0.282863 1.349121
66.801390 -0.178374 0.732384
67.430980 -0.844871 0.102794
68.664480 -3.231517 -1.130706
69.255538 -4.628826 -1.721764
69.833744 -6.096853 -2.299970
70.707479 -0.305902 -1.426235
71.709686 0.479615 -0.424028
72.390686 1.481404 0.256972
73.058833 2.809130 0.925119
73.649865 4.166022 1.516151
74.433633 -0.078604 0.732384
75.667133 -1.684362 -0.501117
76.283871 -3.063859 -1.117854
76.913461 -4.617938 -1.747444
77.504519 -6.165940 -2.338502
78.391080 -0.312496 -1.451940
79.418993 0.491462 -0.424028
79.997198 1.314542 0.154178
80.922317 3.155515 1.079297
81.988787 5.750456 2.145767
82.798285 0.335405 1.336269
83.376465 -0.159843 0.758088
84.031760 -0.818142 0.102794
85.213876 -3.101032 -1.079322
85.946259 -4.843851 -1.811706
86.922788 0.133379 -0.835177
88.220525 1.728096 0.462559
89.556793 4.825787 1.798828
90.250645 6.662076 2.492680
90.931644 8.548699 3.173679
91.638323 10.328099 3.880358
92.512058 2.258657 3.006623
93.180179 0.480623 2.338502
94.375148 -0.280167 1.143533
95.415887 -1.359369 0.102794
96.366711 -2.954239 -0.848030
97.587359 -5.607728 -2.068678
98.216949 -7.189099 -2.698267
98.936505 -9.147033 -3.417824
99.707421 -11.091103 -4.188739
100.812422 -1.851403 -3.083738
101.416307 -0.459876 -2.479853
102.624103 0.274233 -1.272057
103.228013 0.764636 -0.668147
104.602839 2.772404 0.706679
105.836339 5.318521 1.940179
106.568723 7.081853 2.672563
107.468137 0.659226 1.773149
108.213373 -0.181585 1.027913
109.292695 -1.234418 -0.051410
109.973669 -2.458131 -0.732384
110.641816 -3.875924 -1.400531
111.387052 -5.634079 -2.145767
112.633404 -8.871687 -3.392119
113.545671 -1.410001 -2.479853
114.175286 -0.130660 -1.850238
114.920522 0.239544 -1.105002
115.922730 1.248504 -0.102794
116.629409 2.413538 0.603885
117.207614 3.553954 1.182091
117.978555 5.276314 1.953031
118.620997 6.855048 2.595474
119.327676 8.717064 3.302152
120.239942 1.351633 2.389886
120.946621 0.041574 1.683207
121.537679 -0.205257 1.092149
122.861121 -1.719646 -0.231292
124.017507 -3.956992 -1.387678
124.801300 -5.756108 -2.171471
125.893449 -8.536097 -3.263621
126.690069 -1.630852 -2.467000
127.268275 -0.256645 -1.888795
128.026363 0.213238 -1.130706
129.041423 1.192881 -0.115646
129.863748 2.576294 0.706679
130.673221 4.257025 1.516151
131.778248 6.915071 2.621178
132.433543 8.645764 3.276473
133.320130 1.398857 2.389886
134.001129 0.075857 1.708887
134.592162 -0.191930 1.117854
135.877046 -1.606938 -0.167030
137.123399 -4.008569 -1.413383
137.791546 -5.537706 -2.081530
138.433988 -7.125887 -2.723972
139.037873 -8.707133 -3.327857
139.950139 -1.329282 -2.415591
140.528345 -0.150732 -1.837385
141.748967 0.594426 -0.616763
142.879674 2.234190 0.513944
143.740556 3.954886 1.374826
144.935499 6.786449 2.569769
145.590793 8.506851 3.225063
146.451676 1.414221 2.364181
147.068413 0.140923 1.747444
147.749412 -0.206438 1.066444
148.353297 -0.705836 0.462559
149.599650 -2.696811 -0.783793
150.961623 -5.686701 -2.145767
151.591213 -7.254687 -2.775356
152.593421 -0.485457 -1.773149
153.736980 0.433612 -0.629590
154.405101 1.275289 0.038532
155.150337 2.612951 0.783768
156.306749 5.185445 1.940179
156.974896 6.860675 2.608326
157.553076 8.395250 3.186506
158.336844 1.623434 2.402738
159.030695 0.117490 1.708887
160.418374 -0.866689 0.321208
161.536228 -2.712792 -0.796646
162.165817 -4.021694 -1.426235
162.756875 -5.375185 -2.017293
163.553496 -7.351971 -2.813914
164.555703 -0.521656 -1.811706
165.185293 0.177455 -1.182116
166.341704 1.188778 -0.025705
167.048383 2.419818 0.680974
168.346120 5.282437 1.978711
168.962883 6.828930 2.595474
169.785208 0.757099 1.773149
170.479060 -0.161721 1.079297
171.584061 -1.168728 -0.025705
172.303592 -2.463427 -0.745236
172.971739 -3.890745 -1.413383
173.665591 -5.530809 -2.107235
174.320886 -7.191469 -2.762529
174.924771 -8.798944 -3.366414
175.965536 -1.007818 -2.325649
177.031980 0.183702 -1.259205
177.712980 0.644883 -0.578206
178.985012 2.575283 0.693826
179.601774 3.822072 1.310589
180.231364 5.243140 1.940179
180.886659 6.853157 2.595474
181.644747 8.855532 3.353562
182.312869 10.678778 4.021684
183.070957 12.530958 4.779772
183.662015 13.941818 5.370830
184.343015 15.532113 6.051829
185.139635 17.345638 6.848450
186.360283 20.029633 8.069097
186.977020 21.343400 8.685835
187.709404 22.867688 9.418218
188.287609 24.044220 9.996424
188.981436 13.923698 9.302598
190.420523 5.340861 7.863510
191.011556 3.423168 7.272477
191.641171 1.946498 6.642862
192.219351 0.984239 6.064682
193.054554 0.114174 5.229479
194.223792 -0.314214 4.060241
194.904792 -0.472196 3.379241
196.253913 -1.112218 2.030120
196.832118 -1.526334 1.451915
197.513118 -2.128044 0.770915
198.258354 -2.935291 0.025679
199.029269 -3.944822 -0.745236
199.607475 -4.826757 -1.323442
200.352711 -6.134046 -2.068678
201.033710 -7.511511 -2.749677
201.676152 -8.987623 -3.392119
202.665508 -11.563868 -4.381475
203.937540 -14.606471 -5.653507
205.248129 -17.604794 -6.964096
205.967686 -19.194271 -7.683652
206.545866 -20.443198 -8.261833
207.303954 -22.043496 -9.019921
207.984954 -23.445857 -9.700920
208.832983 -12.480467 -8.852891
209.526810 -8.166851 -8.159064
210.207809 -5.332743 -7.478065
210.875956 -3.356907 -6.809918
211.544103 -1.933191 -6.141771
212.135136 -1.022613 -5.550738
212.867545 -0.253621 -4.818329
213.484282 0.139818 -4.201592
214.190961 0.351636 -3.494913
215.514403 0.813827 -2.171471
216.182550 1.276992 -1.503324
216.786435 1.811456 -0.899439
217.608785 2.699662 -0.077089
218.276907 3.545797 0.591033
219.047847 4.649085 1.361973
220.281348 6.671804 2.595474
221.052288 8.083180 3.366414
221.720410 9.390963 4.034536
222.452794 10.909726 4.766920
223.120941 12.369095 5.435067
223.853324 14.045770 6.167450
224.431530 15.423969 6.745656
225.061120 16.977201 7.375246
225.857740 7.925818 6.578625
226.448798 4.927154 5.987567
227.168329 2.608750 5.268036
227.746535 1.372654 4.689831
228.491771 0.330638 3.944595
229.172745 -0.219832 3.263621
230.496186 -0.627659 1.940179
231.100097 -0.965031 1.336269
231.678277 -1.441318 0.758088
232.474922 -2.303844 -0.038557
233.284395 -3.387203 -0.848030
234.607837 -5.528775 -2.171471
235.250279 -6.709464 -2.813914
235.969810 -8.127227 -3.533445
236.702194 -9.664460 -4.265828
237.421750 -11.259284 -4.985385
238.077045 -12.778911 -5.640680
238.796576 -14.516057 -6.360211
239.965814 -17.479910 -7.529449
240.852376 -7.753968 -6.642887
242.188670 -2.568280 -5.306593
243.447849 -0.420217 -4.047414
244.167406 0.176500 -3.327857
245.336644 0.532926 -2.158619
245.966234 0.822893 -1.529029
246.685765 1.376653 -0.809498
247.482411 2.218325 -0.012852
248.304736 3.297468 0.809473
249.473974 5.137898 1.978711
250.219210 6.470955 2.723947
250.874505 7.733300 3.379241
251.696855 9.425322 4.201592
252.339297 10.823616 4.844034
253.020271 12.373161 5.525008
253.675566 13.925286 6.180303
254.356565 15.597594 6.861302
255.063244 7.497868 6.154623
256.001215 3.282397 5.216652
257.196184 0.717675 4.021684
257.787216 0.052399 3.430651
258.699483 -0.461018 2.518385
259.843041 -0.838434 1.374826
260.524041 -1.371227 0.693826
261.102221 -1.977440 0.115646
262.001660 -3.151413 -0.783793
262.618398 -4.094035 -1.400531
263.273692 -5.200915 -2.055825
264.108870 -6.749775 -2.891003
264.712780 -7.955534 -3.494913
265.509400 -9.644433 -4.291533
266.241784 -11.286712 -5.023917
266.858547 -12.730526 -5.640680
267.526668 -14.352576 -6.308801
268.349019 -16.425876 -7.131152
269.505430 -5.627990 -5.974740
270.147872 -3.244972 -5.332298
270.803167 -1.653197 -4.677004
271.394225 -0.691392 -4.085946
272.704814 0.371973 -2.775356
273.295847 0.504872 -2.184324
273.951141 0.752481 -1.529029
274.863408 1.456516 -0.616763
275.441613 2.076858 -0.038557
276.173997 3.022431 0.693826
276.777907 3.918426 1.297737
277.561675 5.217201 2.081505
278.255527 6.480071 2.775356
278.962206 7.863247 3.482035
279.604648 9.197474 4.124477
280.375589 10.886316 4.895418
281.018031 12.360824 5.537860
282.380030 15.668841 6.899859
283.356558 5.998472 5.923331
284.050410 3.245167 5.229479
284.667147 1.689693 4.612742
285.271032 0.672833 4.008857
285.887795 0.004895 3.392094
286.735825 -0.456657 2.544064
287.917915 -0.853043 1.361973
288.740240 -1.529145 0.539648
289.960888 -3.013463 -0.680999
290.744656 -4.205675 -1.464767
291.451360 -5.412814 -2.171471
292.145187 -6.704589 -2.865298
292.749097 -7.905951 -3.469208
293.558570 -9.617415 -4.278681
294.265274 -11.197626 -4.985385
294.907716 -12.697707 -5.627827
295.588690 -14.348870 -6.308801
296.269689 -16.058639 -6.989801
296.847895 -17.553401 -7.568006
297.760161 -7.658982 -6.655740
298.376924 -4.740368 -6.038977
298.993662 -2.802533 -5.422240
299.738898 -1.249733 -4.677004
301.010930 0.138323 -3.404972
301.717634 0.431385 -2.698267
302.809783 0.782188 -1.606118
303.657813 1.431365 -0.758088
304.325960 2.134829 -0.089941
305.045491 3.051457 0.629590
305.649376 3.931885 1.233475
306.394612 5.141603 1.978711
306.985670 6.187992 2.569769
307.743758 7.631407 3.327857
308.476142 9.124181 4.060241
309.169994 10.619693 4.754093
309.850968 12.158310 5.435067
310.493410 13.669725 6.077509
311.161557 15.299298 6.745656
311.868261 17.083020 7.452360
312.459294 18.619593 8.043393
313.153146 20.472794 8.737244
313.808440 22.269541 9.392539
314.489414 24.182292 10.073513
315.221798 25.652468 10.805897
315.825708 26.823450 11.409807
316.686590 28.451173 12.270689
317.290475 29.564535 12.874574
317.984327 30.815531 13.568426
318.691006 32.059331 14.275105
319.269212 33.054765 14.853310
320.040152 34.351597 15.624251
321.003828 20.805047 14.660575
322.134535 13.088132 13.529869
322.866918 9.734644 12.797485
323.457976 7.594920 12.206427
324.100419 5.698012 11.563985
325.333893 2.996302 10.330510
326.130539 1.757904 9.533865
327.351187 0.453235 8.313217
328.096423 -0.051020 7.567981
328.700308 -0.320480 6.964096
329.419839 -0.495947 6.244565
330.036602 -0.590447 5.627802
330.768985 -0.784282 4.895418
331.411428 -1.028893 4.252976
332.118106 -1.377800 3.546297
332.760549 -1.767095 2.903855
333.492958 -2.294216 2.171446
334.083990 -2.784052 1.580413
334.829226 -3.483540 0.835177
335.574462 -4.274210 0.089941
336.396787 -5.252515 -0.732384
337.039229 -6.094232 -1.374826
337.938669 -7.387191 -2.274265
339.172169 -9.379178 -3.507765
339.968789 -10.801511 -4.304386
340.649789 -12.102957 -4.985385
341.369320 -13.564718 -5.704916
342.063146 -15.059685 -6.398743
342.641352 -16.370476 -6.976948
343.296646 -17.928456 -7.632243
344.054735 -19.828449 -8.390331
344.774266 -21.730580 -9.109862
345.365324 -23.366551 -9.700920
346.084855 -24.892261 -10.420452
346.804412 -26.303318 -11.140008
348.089296 -28.737676 -12.424893
348.821680 -30.077847 -13.157276
349.502679 -31.294055 -13.838276
350.170801 -32.459899 -14.506397
350.826095 -33.577634 -15.161692
351.417153 -34.564429 -15.752750
352.226626 -22.879749 -14.943277
352.869068 -17.800233 -14.300835
353.961243 -11.971393 -13.208660
354.693626 -9.164809 -12.476277
355.374600 -7.071342 -11.795303
356.081305 -5.298601 -11.088599
356.698042 -4.019325 -10.471861
357.340484 -2.907510 -9.829419
358.869513 -0.989961 -8.300390
359.447719 -0.485784 -7.722184
360.103014 -0.037951 -7.066890
360.783988 0.302023 -6.385916
361.439282 0.519964 -5.730621
362.120282 0.643267 -5.049622
362.775576 0.762599 -4.394327
363.456576 0.971546 -3.713328
364.278901 1.334455 -2.891003
365.589490 2.150353 -1.580413
366.386110 2.781899 -0.783793
367.092814 3.424186 -0.077089
367.876582 4.223650 0.706679
369.174319 5.741126 2.004416
369.881023 6.665419 2.711120
370.561997 7.619244 3.392094
371.512821 9.052016 4.342917
372.682059 10.970420 5.512156
373.440147 12.303838 6.270244
374.121147 13.560299 6.951243
375.483120 16.235649 8.313217
376.189824 17.707328 9.019921
376.819414 19.065496 9.649511
378.168535 22.122496 10.998632
378.772445 23.554639 11.602542
379.581918 13.822878 10.793070
380.327154 9.569332 10.047834
381.599211 5.138143 8.775776
382.228801 3.650266 8.146186
382.871243 2.446647 7.503744
383.552243 1.442915 6.822745
384.233217 0.665884 6.141771
384.862832 0.115523 5.512156
385.466717 -0.282344 4.908271
386.340452 -0.664042 4.034536
387.586779 -0.913913 2.788209
388.280631 -1.141030 2.094357
388.974457 -1.494293 1.400531
389.616899 -1.924725 0.758088
390.349308 -2.527282 0.025679
391.055987 -3.213430 -0.680999
391.865460 -4.116563 -1.490472
392.469370 -4.866554 -2.094382
393.227458 -5.894443 -2.852471
393.998374 -7.032701 -3.623386
394.692226 -8.132791 -4.317238
395.411757 -9.345275 -5.036769
396.015667 -10.416655 -5.640680
396.837992 -11.950695 -6.463005
397.544671 -13.335219 -7.169683
398.238523 -14.751577 -7.863535
398.880965 -16.111403 -8.505977
399.574791 -17.630388 -9.199804
400.268643 -19.199965 -9.893656
400.949643 -20.787966 -10.574655
401.630617 -22.421463 -11.255629
402.568588 -12.094859 -10.317658
403.352356 -8.163261 -9.533890
404.483062 -4.577557 -8.403184
405.228298 -2.960344 -7.657948
406.024918 -1.662576 -6.861327
406.615976 -0.922338 -6.270269
407.207034 -0.337197 -5.679211
407.900861 0.181768 -4.985385
408.543303 0.523150 -4.342943
409.995243 0.892884 -2.891003
410.586276 1.042370 -2.299970
411.280127 1.343696 -1.606118
412.038216 1.814458 -0.848030
412.680658 2.319279 -0.205588
413.541540 3.135133 0.655295
414.196835 3.855078 1.310589
414.800720 4.588971 1.914474
415.610192 5.671943 2.723947
416.201250 6.530316 3.315005
417.023575 7.813714 4.137330
417.666018 8.884727 4.779772
418.475516 10.314885 5.589270
419.760400 12.758155 6.874154
420.415695 14.081283 7.529449
421.122373 15.563394 8.236128
421.751963 16.930279 8.865718
422.445815 18.485517 9.559569
423.152494 20.120294 10.266248
423.846346 21.773540 10.960100
424.758612 11.775380 10.047834
425.927876 6.484211 8.878570
426.660259 4.393506 8.146186
427.366938 2.877846 7.439508
428.035085 1.773497 6.771361
428.626143 1.005160 6.180303
429.345674 0.284792 5.460771
430.026674 -0.215350 4.779772
430.604854 -0.521652 4.201592
431.440031 -0.798617 3.366414
432.082499 -0.902320 2.723947
432.686384 -1.059859 2.120062
433.315974 -1.337109 1.490472
434.074062 -1.809974 0.732384
434.793593 -2.386666 0.012852
436.219829 -3.857078 -1.413383
436.965065 -4.780884 -2.158619
437.646064 -5.709707 -2.839618
438.327038 -6.714161 -3.520592
439.200773 -8.106741 -4.394327
439.920304 -9.335825 -5.113858
441.166656 -11.628334 -6.360211
442.001834 -13.273056 -7.195388
443.312423 -16.016883 -8.505977
444.006249 -17.545454 -9.199804
444.661544 -19.035022 -9.855098
445.368248 -20.689581 -10.561803
445.959281 -22.110402 -11.152835
446.563191 -23.595978 -11.756746
447.321280 -14.257370 -10.998657
448.220694 -9.173662 -10.099243
449.300016 -5.444044 -9.019921
450.058104 -3.629940 -8.261833
451.458609 -1.346100 -6.861327
452.049667 -0.684681 -6.270269
452.679257 -0.133680 -5.640680
453.347404 0.301998 -4.972533
453.989846 0.594894 -4.330090
454.632289 0.778878 -3.687648
455.326140 0.888616 -2.993796
456.097081 1.121672 -2.222856
456.726671 1.427015 -1.593266
457.484759 1.920347 -0.835177
458.152906 2.460471 -0.167030
458.910969 3.183908 0.591033
459.579116 3.912535 1.259180
460.298648 4.786424 1.978711
461.005352 5.729490 2.685415
461.699178 6.732477 3.379241
462.495824 7.973131 4.175887
463.086856 8.952030 4.766920
463.677914 9.978538 5.357978
464.500239 11.482427 6.180303
465.078445 12.590481 6.758508
465.836533 14.103919 7.516597
466.453271 15.384103 8.133334
467.327005 17.269933 9.007069
468.547653 20.039908 10.227716
469.190095 21.558455 10.870159
469.961036 12.545218 10.099218
470.552094 9.191994 9.508160
471.284478 6.329234 8.775776
471.926920 4.491459 8.133334
472.582215 3.045997 7.478039
473.211804 1.959314 6.848450
473.944188 0.983494 6.116066
474.548098 0.367643 5.512156
475.280482 -0.190144 4.779772
476.424015 -0.719971 3.636239
477.400544 -0.910555 2.659710
478.621192 -1.346965 1.439062
479.237929 -1.723849 0.822325
479.918928 -2.248348 0.141326
480.805490 -3.086517 -0.745236
481.473637 -3.824539 -1.413383
482.193168 -4.713385 -2.132914
482.835610 -5.583934 -2.775356
483.645108 -6.777292 -3.584854
484.313255 -7.838298 -4.253001
485.007082 -9.008529 -4.946828
485.739465 -10.315362 -5.679211
486.407612 -11.568404 -6.347358
487.139996 -13.005300 -7.079742
487.872380 -14.505380 -7.812126
488.514822 -15.870969 -8.454568
489.247231 -17.482112 -9.186977
490.622057 -20.654742 -10.561803
491.804147 -23.528524 -11.743893
492.677882 -13.381630 -10.870159
493.371708 -9.538958 -10.176332
494.540972 -5.422564 -9.007069
495.376149 -3.456953 -8.171891
495.967182 -2.385087 -7.580859
496.609624 -1.451771 -6.938416
497.316328 -0.653140 -6.231712
497.945918 -0.109853 -5.602122
498.665449 0.346270 -4.882591
499.821860 0.769539 -3.726180
500.579949 0.892723 -2.968092
501.260923 1.093064 -2.287118
502.006159 1.451184 -1.541882
502.700011 1.904248 -0.848030
503.393837 2.463670 -0.154203
504.074836 3.108882 0.526796
504.845777 3.946365 1.297737
505.552456 4.807440 2.004416
506.194898 5.663119 2.646858
507.017223 6.853819 3.469183
508.469163 9.199179 4.921123
509.162990 10.422050 5.614949
510.357933 12.672020 6.809892
511.231667 14.426154 7.683627
511.848405 15.716988 8.300364
512.478020 17.078047 8.929980
513.133315 18.539567 9.585274
513.801436 20.075417 10.253396
514.495288 21.717767 10.947248
515.214819 23.470303 11.666779
515.870114 25.108877 12.322073
516.525408 26.786858 12.977368
517.283497 28.775923 13.735456
518.555529 32.225089 15.007488
519.313617 34.345081 15.765577
519.930355 35.593695 16.382314
520.739853 36.884828 17.191812
521.382295 37.884261 17.834254
522.114678 38.997038 18.566638
522.782825 39.988095 19.234785
523.463799 40.975062 19.915759
524.093389 41.867264 20.545349
524.723004 42.740440 21.174964
525.558182 30.095007 20.339787
526.264886 24.034745 19.633082
527.446977 17.095779 18.450992
528.038035 14.480092 17.859934
528.693329 12.024897 17.204639
529.451392 9.638532 16.446576
530.672040 6.576593 15.225928
531.378744 5.151472 14.519224
532.034039 4.016996 13.863930
532.650776 3.093322 13.247192
533.421717 2.112371 12.476251
534.115543 1.376598 11.782425
535.361896 0.360532 10.536072
536.004338 -0.026951 9.893630
536.659633 -0.336464 9.238336
537.469105 -0.608672 8.428863
538.111548 -0.744506 7.786421
538.818226 -0.841690 7.079742
539.614872 -1.008418 6.283096
540.257314 -1.196383 5.640654
541.465110 -1.677973 4.432859
542.351671 -2.137171 3.546297
543.045523 -2.558543 2.852445
543.790759 -3.071454 2.107209
544.407496 -3.543010 1.490472
545.255526 -4.260824 0.642442
545.975057 -4.932749 -0.077089
546.694614 -5.662325 -0.796646
547.414145 -6.449448 -1.516177
548.185086 -7.356688 -2.287118
548.814676 -8.146630 -2.916707
549.547059 -9.121092 -3.649091
550.305148 -10.192794 -4.407179
551.011827 -11.249725 -5.113858
551.654269 -12.259226 -5.756300
552.489446 -13.641126 -6.591478
553.106209 -14.712335 -7.208241
553.761504 -15.897913 -7.863535
554.468182 -17.231554 -8.570214
555.162034 -18.596982 -9.264066
555.804476 -19.911066 -9.906508
556.485450 -21.356678 -10.587482
557.153597 -22.828225 -11.255629
557.757508 -24.204007 -11.859539
558.592685 -26.178898 -12.694717
559.247980 -27.787795 -13.350011
559.928979 -29.515789 -14.031011
560.532864 -31.096403 -14.634896
561.290953 -33.145730 -15.392984
562.023336 -35.176304 -16.125368
563.359630 -37.307315 -17.461662
563.989220 -38.277931 -18.091252
565.338366 -40.288534 -19.440398
566.032193 -41.286839 -20.134224
566.700340 -42.225993 -20.802371
567.458428 -30.780997 -20.044283
568.036634 -25.716426 -19.466077
568.666224 -21.544445 -18.836488
569.257282 -18.397740 -18.245430
569.938256 -15.399014 -17.564456
570.940489 -11.844185 -16.562222
571.865608 -9.219766 -15.637104
572.572286 -7.538901 -14.930425
573.291818 -6.062675 -14.210894
573.985669 -4.830746 -13.517042
574.679496 -3.762031 -12.823215
575.386200 -2.821064 -12.116511
576.105731 -1.998961 -11.396980
576.812435 -1.311188 -10.690276
577.531967 -0.720987 -9.970745
578.290055 -0.208286 -9.212656
578.958202 0.158582 -8.544509
579.536382 0.416562 -7.966329
580.307323 0.680743 -7.195388
581.656469 0.943145 -5.846242
582.388853 1.063991 -5.113858
583.095532 1.240493 -4.407179
583.699442 1.437171 -3.803269
584.534620 1.777619 -2.968092
585.254151 2.133612 -2.248560
585.909445 2.507513 -1.593266
586.757475 3.060640 -0.745236
587.348508 3.491717 -0.154203
588.222242 4.196589 0.719531
588.877537 4.777507 1.374826
589.558536 5.428100 2.055825
590.162421 6.044590 2.659710
590.933362 6.885116 3.430651
591.781392 7.878251 4.278681
592.423834 8.677954 4.921123
593.169070 9.656257 5.666359
593.785808 10.506685 6.283096
595.199191 12.593631 7.696479
595.995811 13.853780 8.493100
596.651105 14.935318 9.148394
597.242163 15.945446 9.739452
598.090193 17.451786 10.587482
599.413635 19.936114 11.910924
599.991815 21.072278 12.489104
600.749903 22.608598 13.247192
601.495139 24.170293 13.992428
602.163286 25.613685 14.660575
602.908522 27.271751 15.405811
603.872198 16.565059 14.442135
604.630287 12.509151 13.684047
605.208467 10.217931 13.105867
605.966555 7.841537 12.347778
606.583318 6.277794 11.731015
607.225760 4.912091 11.088573
608.574881 2.694791 9.739452
609.281560 1.805012 9.032773
609.911175 1.138207 8.403158
610.579297 0.543272 7.735037
611.247444 0.050627 7.066890
612.018385 -0.405334 6.295949
612.699384 -0.718575 5.614949
613.508857 -0.993118 4.805477
614.935092 -1.256546 3.379241
615.513272 -1.373953 2.801061
616.258508 -1.609574 2.055825
616.965213 -1.917065 1.349121
617.620507 -2.272279 0.693826
618.404275 -2.782160 -0.089941
619.213773 -3.402112 -0.899439
619.843363 -3.947362 -1.529029
620.575746 -4.648623 -2.261413
622.091923 -6.319257 -3.777590
622.760045 -7.145165 -4.445711
623.518133 -8.146061 -5.203800
624.263369 -9.194189 -5.949036
625.625368 -11.268397 -7.311034
626.203548 -12.208955 -7.889215
626.935957 -13.450238 -8.621624
627.694020 -14.792353 -9.379687
628.375020 -16.046668 -10.060686
629.043167 -17.321116 -10.728833
629.737018 -18.689629 -11.422685
630.417992 -20.076530 -12.103659
631.060435 -21.424018 -12.746101
631.934169 -23.316374 -13.619836
632.525227 -24.634888 -14.210894
633.219054 -26.221525 -14.904720
633.848643 -27.697082 -15.534310
634.568200 -29.424621 -16.253866
635.454787 -18.850185 -15.367279
636.110082 -14.890274 -14.711985
636.752524 -12.015568 -14.069543
637.446350 -9.575594 -13.375716
638.153054 -7.571667 -12.669012
638.846881 -5.949979 -11.975186
640.298821 -3.354627 -10.523245
640.915558 -2.502521 -9.906508
641.493764 -1.812370 -9.328302
642.251852 -1.046410 -8.570214
642.984236 -0.437575 -7.837830
643.575294 -0.029417 -7.246772
644.217736 0.338388 -6.604330
644.975825 0.680321 -5.846242
646.273561 1.060753 -4.548505
647.005945 1.174086 -3.816121
647.764033 1.313502 -3.058033
648.470712 1.526305 -2.351354
649.100302 1.780680 -1.721764
649.832686 2.150653 -0.989381
650.616479 2.631711 -0.205588
651.361715 3.167800 0.539648
652.017009 3.700474 1.194943
652.736541 4.349389 1.914474
653.584570 5.197577 2.762504
654.227013 5.898435 3.404946
654.920864 6.710250 4.098798
655.653248 7.627401 4.831182
656.398484 8.622547 5.576418
657.040926 9.529343 6.218860
657.657664 10.441540 6.835597
658.479989 11.719956 7.657922
659.096751 12.724447 8.274685
659.983313 14.235367 9.161247
661.152577 16.346031 10.330510
661.872108 17.709959 11.050041
662.501698 18.943233 11.679631
663.324023 20.609094 12.501956
664.030727 22.089747 13.208660
664.698848 23.530575 13.876782
665.354143 24.981924 14.532077
666.073700 26.618575 15.251633
666.677585 28.026415 15.855518
667.487057 18.271096 15.046046
668.360792 13.234220 14.172311
669.465793 9.085427 13.067309
670.198177 7.057737 12.334926
670.853472 5.567501 11.679631
671.637265 4.091818 10.895838
672.755093 2.433388 9.778009
673.448945 1.614427 9.084158
674.168476 0.905774 8.364626
674.926565 0.293411 7.606538
675.607564 -0.153407 6.925539
676.237154 -0.488828 6.295949
677.624832 -0.997198 4.908271
678.344363 -1.150185 4.188739
679.012510 -1.242479 3.520592
679.706362 -1.393830 2.826741
680.541540 -1.680316 1.991563
681.222514 -1.994737 1.310589
682.558808 -2.812163 -0.025705
683.291191 -3.367638 -0.758088
683.946486 -3.926346 -1.413383
684.730279 -4.668633 -2.197176
685.475515 -5.446818 -2.942412
686.220751 -6.293364 -3.687648
686.863193 -7.076454 -4.330090
687.711223 -8.183578 -5.178120
688.392197 -9.131501 -5.859094
689.111754 -10.188638 -6.578651
689.728491 -11.139085 -7.195388
690.370933 -12.171763 -7.837830
691.167553 -13.511382 -8.634451
691.848553 -14.707364 -9.315450
692.555257 -15.996962 -10.022154
693.171994 -17.161991 -10.638892
693.904378 -18.592555 -11.371275
694.701024 -20.205633 -12.167921
696.075849 -23.125891 -13.542747
696.654055 -24.404602 -14.120952
697.347881 -25.977769 -14.814779
698.157354 -27.865840 -15.624251
699.172414 -16.742591 -14.609191
699.789152 -13.382108 -13.992454
700.457299 -10.644299 -13.324307
702.037712 -6.161550 -11.743893
703.245507 -3.846425 -10.536098
703.875097 -2.893401 -9.906508
704.581801 -1.987732 -9.199804
705.352717 -1.167917 -8.428888
705.943775 -0.642235 -7.837830
706.637627 -0.125227 -7.143979
707.215807 0.231404 -6.565798
708.128099 0.671861 -5.653507
709.310189 1.046587 -4.471416
710.145367 1.194030 -3.636239
710.787809 1.295508 -2.993796
711.661543 1.544338 -2.120062
712.933575 2.124623 -0.848030
713.665959 2.569691 -0.115646
714.308401 3.023731 0.526796
715.092194 3.655275 1.310589
715.863110 4.356703 2.081505
716.505552 4.999980 2.723947
717.340729 5.913431 3.559124
717.970345 6.658018 4.188739
718.715581 7.599646 4.933975
719.409407 8.533505 5.627802
720.103259 9.521073 6.321654
720.784233 10.541207 7.002628
721.619410 11.859431 7.837805
722.852910 13.937487 9.071305
723.495353 15.079983 9.713747
724.124942 16.238618 10.343337
724.972972 17.859039 11.191367
725.641119 19.183131 11.859514
726.360650 20.654854 12.579045
727.028797 22.063274 13.247192
728.480712 25.259490 14.699107
729.136007 26.761627 15.354402
729.804154 28.330626 16.022549
731.294626 31.964213 17.513021
732.553831 35.174644 18.772226
733.247657 36.997540 19.466052
733.941509 38.858275 20.159904
734.686745 40.898420 20.905140
735.945925 44.074992 22.164319
736.729718 45.100595 22.948113
738.091691 46.818537 24.310086
738.759838 47.632464 24.978233
739.466517 48.473314 25.684912
740.070402 49.175916 26.288797
740.841343 50.052050 27.059738
741.548022 50.835116 27.766416
742.126227 51.461903 28.344622
742.858611 52.238252 29.077006
743.693788 53.100190 29.912183
744.284846 53.695508 30.503241
745.094319 54.491577 31.312714
745.698229 55.071337 31.916624
746.379203 55.710920 32.597598
747.188701 56.452159 33.407096
747.856823 57.048735 34.075218
748.486413 57.598625 34.704807
749.180264 58.191152 35.398659
749.861264 58.759267 36.079659
750.645032 59.397044 36.863426
751.313179 59.927489 37.531573
751.968473 60.436173 38.186868
753.112032 44.160812 37.043309
754.101387 36.374675 36.053954
754.769534 32.315826 35.385807
756.015862 26.247326 34.139480
756.658304 23.655463 33.497037
757.866099 19.486498 32.289242
758.572803 17.386419 31.582538
759.228098 15.622089 30.927243
759.857688 14.071683 30.297653
760.538687 12.535937 29.616654
761.271071 11.030090 28.884270
762.478866 8.834863 27.676475
763.211250 7.657511 26.944091
763.943633 6.583363 26.211708
764.547518 5.769041 25.607823
765.356991 4.770711 24.798350
765.986606 4.062780 24.168735
766.667580 3.359918 23.487761
767.322875 2.741374 22.832466
768.093816 2.081677 22.061526
768.749110 1.575292 21.406231
769.507199 1.048055 20.648143
770.278114 0.572659 19.877227
771.550171 -0.087067 18.605170
772.359644 -0.431452 17.795697
773.708765 -0.884946 16.446576
774.454001 -1.074838 15.701340
775.828827 -1.319794 14.326514
776.574063 -1.411925 13.581278
777.306472 -1.522390 12.848869
778.026003 -1.653681 12.129338
778.758387 -1.810806 11.396955
779.400829 -1.968405 10.754512
780.171770 -2.182259 9.983572
780.904153 -2.410766 9.251188
781.508038 -2.618029 8.647303
782.394625 -2.953667 7.760716
783.101304 -3.248331 7.054037
783.808008 -3.567489 6.347333
784.668865 -3.989916 5.486476
785.388422 -4.371873 4.766920
786.030864 -4.735506 4.124477
786.840336 -5.224595 3.315005
787.534163 -5.671746 2.621178
788.253719 -6.163247 1.901622
789.101749 -6.779535 1.053592
789.757044 -7.283763 0.398297
790.515107 -7.898181 -0.359766
791.208959 -8.490410 -1.053617
791.967047 -9.170810 -1.811706
792.699431 -9.861952 -2.544089
793.329020 -10.483246 -3.173679
794.087109 -11.265431 -3.931768
794.729551 -11.958112 -4.574210
795.603286 -12.945225 -5.447944
796.232875 -13.689522 -6.077534
796.875318 -14.478261 -6.719976
797.556317 -15.347386 -7.400976
798.288701 -16.321059 -8.133359
799.200967 -17.592120 -9.045626
800.434467 -19.417640 -10.279126
801.051205 -20.378306 -10.895863
801.667967 -21.372147 -11.512626
802.567381 -22.882819 -12.412040
803.209824 -24.008008 -13.054482
803.877971 -25.220499 -13.722629
804.571797 -26.526799 -14.416456
805.150003 -27.653425 -14.994661
805.933796 -29.237903 -15.778455
806.717564 -30.890948 -16.562222
807.360031 -32.299405 -17.204690
808.696300 -35.392006 -18.540959
809.338742 -36.961814 -19.183401
809.955505 -38.522591 -19.800164
810.726420 -40.551087 -20.571079
811.420272 -42.454423 -21.264931
812.062714 -43.732734 -21.907373
812.743714 -44.633290 -22.588372
813.424713 -45.513071 -23.269372
814.118539 -46.388563 -23.963198
814.696745 -47.102435 -24.541404
815.429129 -47.986609 -25.273787
816.212922 -48.908617 -26.057581
816.906748 -49.704418 -26.751407
818.243042 -51.184923 -28.087701
818.936894 -51.927398 -28.781553
819.733514 -52.758424 -29.578173
820.337425 -53.373526 -30.182083
821.185429 -54.216125 -31.030088
821.969222 -54.973543 -31.813881
823.241254 -56.160502 -33.085913
823.922254 -56.775130 -33.766912
824.628958 -57.398068 -34.473617
825.374194 -58.038943 -35.218853
826.029488 -58.589205 -35.874147
826.671931 -59.116906 -36.516589
827.442871 -59.735136 -37.287530
828.175255 -60.307644 -38.019914
828.856229 -60.827348 -38.700888
829.537203 -50.195367 -38.019914
830.231055 -43.838868 -37.326062
831.413145 -36.254866 -36.143971
832.633793 -30.490802 -34.923324
833.751647 -26.264434 -33.805470
834.432647 -24.035479 -33.124470
835.023705 -22.269867 -32.533412
835.743236 -20.300669 -31.813881
837.092357 -17.050282 -30.464760
837.773356 -15.593235 -29.783761
838.428651 -14.290792 -29.128466
839.250976 -12.780018 -28.306141
839.893443 -11.686179 -27.663673
840.574417 -10.602013 -26.982699
841.396742 -9.387150 -26.160374
842.052037 -8.486919 -25.505080
842.810125 -7.514590 -24.746991
843.478272 -6.714762 -24.078844
844.107862 -6.006832 -23.449255
844.865951 -5.209586 -22.691166
845.598334 -4.493062 -21.958783
846.343570 -3.814732 -21.213547
847.050274 -3.216004 -20.506842
847.782658 -2.638691 -19.774459
848.515042 -2.102960 -19.042075
849.337367 -1.548306 -18.219750
849.915572 -1.186547 -17.641545
850.699365 -0.731589 -16.857751
852.099896 -0.014308 -15.457221
852.755191 0.281587 -14.801926
853.487574 0.583956 -14.069543
854.232810 0.862158 -13.324307
854.875252 1.079048 -12.681864
855.697577 1.326887 -11.859539
856.417109 1.517342 -11.140008
857.188049 1.695114 -10.369067
857.881901 1.832679 -9.675216
858.588580 1.951692 -8.968537
859.372373 2.059628 -8.184744
860.066200 2.143723 -7.490917
860.824288 2.253839 -6.732829
861.530992 2.375415 -6.026125
862.250523 2.518098 -5.306593
862.982907 2.683062 -4.574210
863.651054 2.851052 -3.906063
864.293496 3.028438 -3.263621
865.205763 3.307261 -2.351354
865.822500 3.513816 -1.734617
866.529204 3.768567 -1.027913
867.312972 4.073848 -0.244145
868.019676 4.369810 0.462559
868.726355 4.685566 1.169238
869.535828 5.071816 1.978711
870.178295 5.397223 2.621178
870.949211 5.809916 3.392094
871.617358 6.187394 4.060241
872.362594 6.630332 4.805477
873.210623 7.162769 5.653507
873.814508 7.560546 6.257392
874.546917 8.063995 6.989801
875.279301 8.590700 7.722184
876.024537 9.150807 8.467420
876.834010 9.787136 9.276893
877.502157 10.334549 9.945040
878.131746 10.868939 10.574630
878.966924 11.605962 11.409807
879.699307 12.279002 12.142191
880.328897 12.877797 12.771780
881.202632 13.740181 13.645515
881.922163 14.478127 14.365046
883.284136 15.944880 15.727020
883.990841 16.742655 16.433724
884.710372 17.581148 17.153255
885.571254 18.619683 18.014137
887.087405 20.544296 19.530289
887.717021 21.380137 20.159904
888.423699 22.344405 20.866583
889.207493 23.446728 21.650376
890.543761 25.407420 22.986644
891.237613 26.466867 23.680496
891.982849 27.636984 24.425732
893.177792 29.584385 25.620675
894.000117 30.976687 26.443000
894.706796 32.207984 27.149679
895.876059 34.317678 28.318943
896.544181 35.564660 28.987064
897.417890 26.246867 28.113355
898.021801 22.929095 27.509445
898.728479 19.965156 26.802766
899.383774 17.732344 26.147471
900.000511 15.935368 25.530734
900.694363 14.173365 24.836882
901.401042 12.596995 24.130203
902.094894 11.219759 23.436351
902.698779 10.134841 22.832466
903.456867 8.899207 22.074378
904.176398 7.837899 21.354847
904.934487 6.820845 20.596758
906.180839 5.340637 19.350406
906.938902 4.540919 18.592343
908.455079 3.134237 17.076166
909.187463 2.535584 16.343782
910.459520 1.604710 15.071725
911.166199 1.141732 14.365046
911.821494 0.744021 13.709752
912.669523 0.271419 12.861722
913.363350 -0.082203 12.167895
913.980113 -0.373093 11.551133
914.995173 -0.806746 10.536072
916.215795 -1.259241 9.315450
916.961031 -1.501119 8.570214
917.693440 -1.715001 7.837805
918.387267 -1.896867 7.143979
919.209592 -2.087515 6.321654
919.839181 -2.216029 5.692064
920.558738 -2.345170 4.972507
921.303974 -2.459780 4.227271
922.074889 -2.558695 3.456356
922.730184 -2.642180 2.801061
923.565361 -2.779563 1.965884
924.297770 -2.928860 1.233475
924.953040 -3.085316 0.578206
925.801069 -3.319975 -0.269824
926.533453 -3.551936 -1.002208
927.265862 -3.811158 -1.734617
927.998246 -4.097715 -2.467000
928.807718 -4.446364 -3.276473
929.411629 -4.728393 -3.880383
930.208249 -5.129182 -4.677004
931.004869 -5.562829 -5.473624
931.647337 -5.936605 -6.116091
932.341163 -6.364476 -6.809918
933.124956 -6.878219 -7.593711
933.741694 -7.305236 -8.210448
934.525487 -7.877010 -8.994242
935.938844 -8.990915 -10.407599
936.684080 -9.621511 -11.152835
937.365080 -10.224069 -11.833835
938.123168 -10.924582 -12.591923
938.958346 -11.732852 -13.427100
940.230378 -13.038123 -14.699132
940.962787 -13.830690 -15.431541
941.746554 -14.712347 -16.215309
942.568879 -15.674926 -17.037634
943.185642 -16.422318 -17.654397
943.918026 -17.338362 -18.386781
945.215763 -19.038412 -19.684517
946.089497 -20.239019 -20.558252
946.667677 -21.058562 -21.136432
947.464323 -22.220779 -21.933078
948.132470 -23.225292 -22.601225
949.044736 -24.641135 -23.513491
950.239679 -26.574095 -24.708434
950.984915 -27.825242 -25.453670
952.488240 -30.457674 -26.956995
953.734592 -32.752226 -28.203347
954.389887 -34.000152 -28.858642
955.225064 -25.199946 -28.023464
955.880359 -21.712816 -27.368170
956.535654 -19.065754 -26.712875
957.216653 -16.824542 -26.031876
957.871948 -14.996571 -25.376581
958.463006 -13.551512 -24.785523
959.208242 -11.942418 -24.040287
959.786447 -10.826380 -23.462082
960.570215 -9.464542 -22.678314
961.289746 -8.342833 -21.958783
962.638893 -6.509186 -20.609636
963.435513 -5.563840 -19.813016
964.116512 -4.824341 -19.132017
964.758954 -4.178667 -18.489574
965.568452 -3.429948 -17.680076
966.339368 -2.777799 -16.909161
967.084604 -2.198618 -16.163925
967.778456 -1.700912 -15.470073
968.485134 -1.232055 -14.763394
969.281780 -0.746171 -13.966749
969.924222 -0.385023 -13.324307
970.579517 -0.043077 -12.669012
971.363285 0.332969 -11.885244
971.992900 0.610559 -11.255629
972.712431 0.902589 -10.536098
973.496224 1.191770 -9.752305
974.151519 1.411616 -9.097010
974.858198 1.627456 -8.390331
975.564876 1.822287 -7.683652
976.361522 2.017950 -6.887007
977.145290 2.186853 -6.103239
978.430200 2.416029 -4.818329
979.406703 2.552868 -3.841826
979.984908 2.621914 -3.263621
980.781528 2.738388 -2.467000
981.449675 2.860850 -1.798853
982.182059 3.021115 -1.066470
983.081498 3.255284 -0.167030
984.404915 3.674980 1.156386
985.163003 3.955872 1.914474
986.602091 4.570648 3.353562
987.295917 4.905405 4.047388
988.092563 5.320706 4.844034
989.467389 6.115632 6.218860
990.199772 6.579769 6.951243
990.893599 7.045706 7.645070
991.728776 7.640598 8.480247
992.384071 8.133524 9.135542
993.180716 8.763936 9.932187
993.797454 9.275587 10.548925
994.491305 9.875978 11.242777
995.262221 10.573981 12.013692
996.123103 11.392175 12.874574
996.778398 12.042557 13.529869
997.523634 12.811382 14.275105
998.294574 13.639625 15.046046
998.937017 14.355558 15.688488
999.682253 15.215574 16.433724
1000.376079 16.044983 17.127550
1001.198404 17.064157 17.949875
1001.892256 17.954864 18.643727
1002.470461 18.718794 19.221933
1003.408433 20.000337 20.159904
1004.127964 21.019214 20.879435
1004.718996 21.879598 21.470468
1005.464232 22.994895 22.215704
1006.170937 24.084173 22.922408
1006.877615 25.204521 23.629087
1007.584320 26.356331 24.335791
1008.316703 27.583495 25.068174
1008.971998 28.710695 25.723469
1009.820002 30.210794 26.571473
1010.989266 32.356898 27.740737
1011.721649 33.747710 28.473121
1012.788119 23.639890 27.406651
1014.201477 17.767219 25.993293
1014.818240 15.905725 25.376530
1015.422125 14.321776 24.772645
1016.064567 12.834722 24.130203
1016.732714 11.459791 23.462056
1017.336624 10.340151 22.858146
1018.184629 8.930626 22.010141
1018.865628 7.914530 21.329142
1020.304690 6.043312 19.890080
1020.895748 5.366423 19.299022
1021.551043 4.669562 18.643727
1022.373368 3.866906 17.821402
1023.786751 2.650880 16.408019
1024.519135 2.092440 15.675635
1025.264371 1.569007 14.930399
1025.958222 1.119206 14.236548
1026.549255 0.762677 13.645515
1027.384432 0.297825 12.810338
1028.052579 -0.043289 12.142191
1028.836373 -0.410873 11.358397
1030.185494 -0.967424 10.009276
1030.943582 -1.241007 9.251188
1031.675966 -1.480417 8.518804
1032.408349 -1.696633 7.786421
1033.127880 -1.887576 7.066890
1034.014467 -2.095055 6.180303
1035.260795 -2.337874 4.933975
1036.083120 -2.468649 4.111650
1036.725587 -2.555378 3.469183
1037.522207 -2.652984 2.672563
1038.267443 -2.768773 1.927327
1038.999827 -2.910112 1.194943
1039.693679 -3.069263 0.501091
1040.503151 -3.286056 -0.308381
1041.222683 -3.506974 -1.027913
1041.993623 -3.773229 -1.798853
1042.764564 -4.070152 -2.569794
1044.203627 -4.706813 -4.008857
1044.936010 -5.072234 -4.741240
1045.604157 -5.430087 -5.409387
1046.259452 -5.803829 -6.064682
1047.081777 -6.304873 -6.887007
1047.788481 -6.764086 -7.593711
1048.495160 -7.249855 -8.300390
1049.266101 -7.810251 -9.071331
1049.985632 -8.362090 -9.790862
1050.820809 -9.037701 -10.626039
1051.424720 -9.549834 -11.229950
1052.799545 -10.790152 -12.604775
1053.724664 -11.683433 -13.529894
1054.392811 -12.358190 -14.198041
1055.651991 -13.697894 -15.457221
1056.512873 -14.665468 -16.318103
1057.155315 -15.415102 -16.960545
1058.003345 -16.440999 -17.808575
1059.378171 -18.193021 -19.183401
1059.982081 -18.997719 -19.787311
1060.894348 -20.254370 -20.699578
1062.166380 -22.090036 -21.971610
1062.873084 -23.152374 -22.678314
1063.592615 -24.265541 -23.397845
1064.414940 -25.577104 -24.220170
1065.648440 -27.624212 -25.453670
1066.316587 -28.773536 -26.121817
1066.920498 -29.837135 -26.725728
1067.832764 -31.488901 -27.637994
1069.104796 -33.883978 -28.910026
1070.004210 -24.720150 -28.010612
1070.672357 -21.303886 -27.342465
1071.366209 -18.603828 -26.648613
1072.715330 -14.635640 -25.299492
1073.293535 -13.261673 -24.721287
1073.987387 -11.793758 -24.027435
1074.809712 -10.258577 -23.205110
1076.030360 -8.299811 -21.984462
1076.698507 -7.358575 -21.316315
1077.572216 -6.243412 -20.442606
1078.201806 -5.511061 -19.813016
1078.818569 -4.845023 -19.196253
1079.615189 -4.052570 -18.399633
1080.244804 -3.475303 -17.770018
1080.951483 -2.874277 -17.063339
1081.773808 -2.231972 -16.241014
1082.467660 -1.733785 -15.547162
1083.277132 -1.199055 -14.737690
1084.664811 -0.387870 -13.350011
1085.294400 -0.059953 -12.720422
1086.142430 0.345452 -11.872392
1086.720636 0.599349 -11.294186
1087.517281 0.921024 -10.497541
1088.223960 1.180521 -9.790862
1088.866402 1.396450 -9.148420
1089.598786 1.620536 -8.416036
1090.382579 1.835577 -7.632243
1090.960785 1.978550 -7.054037
1091.808789 2.165306 -6.206033
1092.554025 2.307914 -5.460797
1093.196493 2.415415 -4.818329
1093.941729 2.522932 -4.073093
1094.596998 2.602990 -3.417824
1095.445028 2.720463 -2.569794
1096.138880 2.843515 -1.875942
1096.909820 3.008744 -1.105002
1097.565115 3.172841 -0.449707
1098.451677 3.429551 0.436855
1099.106971 3.645022 1.092149
1099.877912 3.926612 1.863090
1100.481797 4.168464 2.466975
1101.368384 4.557531 3.353562
1102.049358 4.883933 4.034536
1102.756062 5.248099 4.741240
1103.475593 5.645593 5.460771
1104.143740 6.038942 6.128918
1104.978918 6.563606 6.964096
1105.659892 7.018649 7.645070
1106.353744 7.507602 8.338922
1107.111832 8.071171 9.097010
1107.805658 8.613968 9.790836
1108.692245 9.345353 10.677423
1109.938573 10.445736 11.923751
1110.658129 11.119781 12.643307
1111.377660 11.822391 13.362838
1112.289927 12.754603 14.275105
1112.932369 13.439069 14.917547
1113.703310 14.291196 15.688488
1114.397136 15.086981 16.382314
1115.206634 16.050311 17.191812
1115.900461 16.906118 17.885639
1116.645697 17.856579 18.630875
1117.365228 18.805216 19.350406
1118.071932 19.766806 20.057110
1118.727227 20.685116 20.712405
1119.510994 21.817475 21.496172
1120.217699 22.870554 22.202877
1120.937230 23.974289 22.922408
1121.643909 25.089591 23.629087
1122.299203 26.151771 24.284381
1123.057292 27.414502 25.042470
1123.776823 28.647034 25.762001
1125.254442 31.283637 27.239620
1126.410854 33.447852 28.396032
1127.104680 34.789597 29.089858
1127.798532 36.164311 29.783710
1129.044859 38.717610 31.030037
1129.802947 40.324325 31.788125
1131.113537 43.199787 33.098715
1131.858773 44.891128 33.843951
1132.501215 46.382526 34.486393
1133.156509 47.936030 35.141687
1133.760394 49.396908 35.745572
1135.173777 52.927930 37.158955
1135.841924 54.652833 37.827102
1136.522898 56.448438 38.508076
1137.332396 58.633169 39.317574
1137.987691 60.442401 39.972869
1138.694370 62.271083 40.679548
1139.413901 62.772557 41.399079
1140.107753 63.244707 42.092931
1140.878668 63.756468 42.863846
1141.649609 64.255085 43.634787
1142.921641 65.049940 44.906819
1143.641172 65.484681 45.626350
1144.335024 65.894040 46.320202
1145.208733 66.396093 47.193911
1145.864028 66.763072 47.849206
1146.557880 67.142933 48.543058
1147.213174 67.493647 49.198352
1148.112588 67.962627 50.097766
1148.780735 68.301975 50.765913
1149.551651 68.684197 51.536829
1150.245502 69.019879 52.230680
1151.029270 69.389813 53.014448
1151.723122 69.709322 53.708300
1152.352712 69.992906 54.337890
1153.239273 70.382279 55.224451
1154.202924 57.369911 54.260801
1155.500661 47.530745 52.963064
1156.644220 41.296271 51.819505
1157.415135 37.807028 51.048590
1158.031898 35.312579 50.431827
1158.828518 32.401626 49.635207
1159.972077 28.712034 48.491648
1160.575962 26.954347 47.887763
1161.205552 25.240795 47.258173
1162.066434 23.070531 46.397291
1162.657492 21.683154 45.806233
1163.364171 20.122313 45.099554
1164.738996 17.354883 43.724728
1165.381439 16.169713 43.082286
1166.036733 15.024299 42.426992
1166.781969 13.793723 41.681756
1167.514353 12.653532 40.949372
1168.375235 11.394214 40.088490
1169.428827 9.962286 39.034898
1170.161211 9.032282 38.302514
1170.855062 8.197236 37.608662
1171.664535 7.276269 36.799190
1172.332682 6.556874 36.131043
1173.052213 5.821163 35.411512
1173.733213 5.160282 34.730512
1174.401360 4.543771 34.062365
1175.185127 3.858941 33.278597
1175.878979 3.285654 32.584746
1176.547101 2.761595 31.916624
1177.240953 2.245197 31.222772
1178.076130 1.659638 30.387595
1178.757104 1.210103 29.706621
1179.412399 0.800246 29.051326
1180.067693 0.411887 28.396032
1180.851486 -0.025416 27.612238
1181.583870 -0.408230 26.879855
1182.200607 -0.711937 26.263117
1182.958696 -1.062669 25.505029
1183.588286 -1.335614 24.875439
1184.269285 -1.612706 24.194440
1185.168699 -1.950727 23.295026
1185.836846 -2.181916 22.626879
1186.607787 -2.428274 21.855938
1187.288761 -2.628239 21.174964
1188.098259 -2.845068 20.365466
1188.856322 -3.028171 19.607403
1189.537321 -3.176686 18.926404
1190.256852 -3.317625 18.206872
1190.989236 -3.444667 17.474489
1191.927207 -3.583883 16.536518
1193.289206 -3.740740 15.174519
1194.060121 -3.819847 14.403603
1194.766826 -3.903458 13.696899
1195.653387 -4.023566 12.810338
1196.385771 -4.135717 12.077954
1196.963976 -4.232619 11.499748
1197.773449 -4.380815 10.690276
1198.493006 -4.524968 9.970719
1199.341010 -4.710058 9.122715
1200.034862 -4.873893 8.428863
1200.831482 -5.075933 7.632243
1201.499629 -5.257021 6.964096
1202.116392 -5.433719 6.347333
1203.015806 -5.708017 5.447919
1203.761042 -5.950442 4.702683
1204.364927 -6.157093 4.098798
1205.328603 -6.506071 3.135122
1205.983897 -6.757053 2.479827
1206.690576 -7.040313 1.773149
1207.422960 -7.347862 1.040765
1208.245310 -7.710414 0.218415
1208.964841 -8.042813 -0.501117
1209.697225 -8.395927 -1.233500
1210.545255 -8.823727 -2.081530
1211.842992 -9.518533 -3.379267
1212.729553 -10.021742 -4.265828
1213.307759 -10.362674 -4.844034
1214.117231 -10.857167 -5.653507
1214.811083 -11.297260 -6.347358
1215.402141 -11.684167 -6.938416
1216.301555 -12.294506 -7.837830
1216.956850 -12.755879 -8.493125
1217.650702 -13.260025 -9.186977
1218.485879 -13.888572 -10.022154
1219.886410 -14.997217 -11.422685
1220.618793 -15.604939 -12.155068
1221.286940 -16.176548 -12.823215
1222.083560 -16.879946 -13.619836
1222.790239 -17.524260 -14.326514
1223.535475 -18.224892 -15.071750
1224.255032 -18.922445 -15.791307
1224.948858 -19.615082 -16.485133
1226.490740 -21.226910 -18.027015
1227.801329 -22.678712 -19.337604
1228.508008 -23.493951 -20.044283
1229.176155 -24.286273 -20.712430
1229.972775 -25.259001 -21.509050
1230.602390 -26.049938 -22.138665
1231.283364 -26.927964 -22.819639
1232.131394 -28.055071 -23.667669
1232.889482 -29.095206 -24.425758
1234.225776 -31.006482 -25.762052
1235.420719 -32.803543 -26.956995
1236.345838 -34.254699 -27.882113
1237.566486 -36.253430 -29.102761
1238.388811 -37.656316 -29.925086
1238.967017 -38.671059 -30.503292
1239.712253 -40.014670 -31.248528
1240.341842 -41.182182 -31.878118
1241.009989 -42.454820 -32.546265
1241.652432 -43.712295 -33.188707
1242.500461 -45.424953 -34.036737
1243.104372 -46.682684 -34.640647
1243.733962 -48.029023 -35.270237
1244.466345 -49.642115 -36.002620
1245.121640 -51.130031 -36.657915
1245.751255 -52.601077 -37.287530
1246.535023 -54.491696 -38.071298
1247.190317 -56.125437 -38.726593
1247.858464 -57.843499 -39.394740
1248.449522 -59.409466 -39.985798
1249.323232 -61.808090 -40.859507
1250.017083 -62.878501 -41.553359
1250.672378 -63.322381 -42.208653
1251.404762 -63.806979 -42.941037
1252.201407 -64.320657 -43.737682
1252.843849 -64.724958 -44.380125
1253.563381 -65.167489 -45.099656
1254.218675 -65.561277 -45.754950
1254.951059 -65.991223 -46.487334
1256.313058 -66.763142 -47.849333
1256.981205 -67.129087 -48.517480
1257.739293 -67.534467 -49.275568
1258.356030 -67.856737 -49.892306
1259.229765 -68.302039 -50.766040
1259.885060 -68.627561 -51.421335
1260.617443 -68.983028 -52.153718
1261.324122 -69.317865 -52.860397
1261.953737 -69.609600 -53.490012
1262.853151 -70.015857 -54.389426
1263.444209 -70.276274 -54.980484
1264.215150 -70.608334 -55.751425
1264.857592 -70.878613 -56.393867
1265.577123 -60.755398 -55.674336
1266.605061 -52.236772 -54.646398
1267.208946 -48.447619 -54.042513
1267.800004 -45.242391 -53.451455
1268.532388 -41.767094 -52.719072
1269.650242 -37.225130 -51.601218
1270.446888 -34.406549 -50.804572
1271.551889 -30.933080 -49.699570
1272.232889 -28.998574 -49.018571
1273.003804 -26.967573 -48.247656
1274.185920 -24.132890 -47.065540
1274.815510 -22.742933 -46.435950
1275.560746 -21.192193 -45.690714
1276.807098 -18.801981 -44.444361
1277.552334 -17.481024 -43.699125
1278.246161 -16.316653 -43.005299
1278.888628 -15.290598 -42.362831
1279.788042 -13.932089 -41.463417
1280.366248 -13.103482 -40.885212
1281.021543 -12.203964 -40.229917
1281.805310 -11.180044 -39.446149
1282.563399 -10.240207 -38.688061
1283.347192 -9.317505 -37.904268
1284.015339 -8.568046 -37.236121
1284.709165 -7.824006 -36.542294
1285.492959 -7.023292 -35.758501
1286.353841 -6.189887 -34.897619
1287.600193 -5.063396 -33.651266
1288.242636 -4.517604 -33.008824
1289.874433 -3.230515 -31.377026
1291.107933 -2.345852 -30.143526
1291.788933 -1.887909 -29.462527
1292.521316 -1.418483 -28.730143
1293.292257 -0.949219 -27.959202
1293.998936 -0.540663 -27.252524
1294.757024 -0.124524 -26.494435
1295.502260 0.262997 -25.749199
1296.337438 0.672788 -24.914022
1296.928496 0.947657 -24.322964
1297.673732 1.276903 -23.577728
1298.547441 1.639074 -22.704019
1299.215588 1.899227 -22.035872
1300.037913 2.200052 -21.213547
1300.667528 2.416345 -20.583931
1301.451296 2.669080 -19.800164
1302.222237 2.900304 -19.029223
1302.838974 3.073208 -18.412485
1303.699856 3.297107 -17.551603
1304.432240 3.471998 -16.819220
1305.190328 3.638346 -16.061131
1305.858475 3.772883 -15.392984
1306.822151 3.947534 -14.429308
1308.171272 4.154805 -13.080187
1308.877977 4.246598 -12.373483
1309.726006 4.341981 -11.525453
1310.342744 4.401730 -10.908716
1311.177921 4.487116 -10.073538
1311.846068 4.564807 -9.405391
1312.578452 4.659600 -8.673008
1313.362245 4.772266 -7.889215
1313.978982 4.869119 -7.272477
1314.788455 5.007259 -6.463005
1315.482307 5.135680 -5.769153
1316.086192 5.255013 -5.165268
1316.780044 5.400862 -4.471416
1317.615221 5.588880 -3.636239
1318.424694 5.784186 -2.826766
1319.118545 5.961907 -2.132914
1319.863781 6.163459 -1.387678
1320.480519 6.338663 -0.770941
1321.315696 6.588133 0.064237
1322.099489 6.835118 0.848030
1322.780463 7.059885 1.529004
1323.525699 7.316782 2.274240
1324.309493 7.599369 3.058033
1325.054729 7.879927 3.803269
1325.825669 8.182428 4.574210
1326.455259 8.438783 5.203800
1327.226175 8.764172 5.974715
1327.971411 9.090832 6.719951
1328.639558 9.393895 7.388098
1329.500440 9.798701 8.248980
1330.104325 10.092355 8.852865
1330.965207 10.524911 9.713747
1331.671911 10.892333 10.420452
1332.391442 11.277943 11.139983
1333.149531 11.696890 11.898071
1333.817652 12.076985 12.566193
1334.807033 12.658716 13.555574
1335.488007 13.072317 14.236548
1336.143302 13.480581 14.891842
1336.862858 13.940563 15.611399
1337.479596 14.344627 16.228136
1338.481804 15.020733 17.230344
1339.265597 15.566479 18.014137
1339.985128 16.080741 18.733668
1340.717512 16.617350 19.466052
1341.385659 17.118580 20.134199
1342.220836 17.760945 20.969376
1342.876131 18.277390 21.624671
1343.711308 18.951614 22.459848
1344.456544 19.568534 23.205084
1345.291721 20.277251 24.040262
1345.959868 20.857566 24.708409
1346.615138 21.438328 25.363678
1347.321842 22.077714 26.070382
1348.054225 22.754755 26.802766
1348.979344 23.631196 27.727885
1350.379875 25.003828 29.128415
1351.022317 25.652209 29.770857
1351.690464 26.339211 30.439004
1352.474232 27.161757 31.222772
1353.129526 27.863438 31.878067
1353.900467 28.705431 32.649008
1354.530057 29.406414 33.278597
1355.223883 30.193004 33.972424
1356.007677 31.099571 34.756217
1356.675824 31.887629 35.424364
1357.331118 32.674331 36.079659
1358.037797 33.538230 36.786337
1358.924359 34.645102 37.672899
1359.515417 35.397497 38.263957
1360.222095 36.312463 38.970636
1360.890242 37.193151 39.638783
1361.506980 38.019716 40.255520
1362.303625 39.107047 41.052166
1363.010304 40.090384 41.758845
1363.896866 31.178075 40.872283
1364.577865 27.530070 40.191284
1365.811365 22.785157 38.957783
1366.466635 20.793778 38.302514
1367.134782 19.006866 37.634367
1367.905722 17.178758 36.863426
1368.561017 15.781627 36.208132
1369.203459 14.526875 35.565690
1369.922990 13.235888 34.846158
1370.616842 12.089168 34.152307
1371.195022 11.197965 33.574126
1371.773228 10.358874 32.995921
1372.724052 9.079690 32.045097
1373.327937 8.325347 31.441212
1374.047468 7.479248 30.721681
1374.805556 6.644232 29.963593
1375.435146 5.990978 29.334003
1376.218939 5.224484 28.550210
1376.977028 4.528593 27.792121
1378.300444 3.410648 26.468705
1379.020000 2.849939 25.749148
1379.752384 2.310494 25.016765
1380.510472 1.783244 24.258676
1381.692563 1.019758 23.076586
1382.591977 0.483261 22.177172
1383.324361 0.072803 21.444788
1384.056744 -0.315261 20.712405
1385.341629 -0.945267 19.427520
1386.189658 -1.327778 18.579490
1386.986304 -1.664437 17.782845
1387.718688 -1.955468 17.050461
1388.451071 -2.229567 16.318078
1389.324806 -2.535372 15.444343
1389.941543 -2.737898 14.827606
1390.661074 -2.960775 14.108074
1391.354926 -3.162494 13.414223
1392.035900 -3.348301 12.733249
1392.909635 -3.569685 11.859514
1393.642018 -3.741044 11.127130
1394.387254 -3.902584 10.381894
1395.055401 -4.036765 9.713747
1395.864874 -4.186274 8.904275
1396.622962 -4.313733 8.146186
1397.381051 -4.429434 7.388098
1398.126287 -4.532061 6.642862
1398.961464 -4.634386 5.807685
1399.565349 -4.700254 5.203800
1400.336290 -4.775188 4.432859
1401.094378 -4.855729 3.674770
1401.813910 -4.946301 2.955239
1402.559146 -5.054621 2.210003
1403.407175 -5.195856 1.361973
1404.062470 -5.318106 0.706679
1404.846238 -5.479351 -0.077089
1405.591474 -5.647864 -0.822325
1406.400972 -5.847707 -1.631823
1407.107651 -6.036484 -2.338502
1407.827182 -6.242424 -3.058033
1408.521034 -6.454149 -3.751885
1409.163476 -6.661700 -4.394327
1410.217093 -7.026087 -5.447944
1411.527682 -7.521047 -6.758534
1412.144420 -7.769998 -7.375271
1413.005302 -8.134694 -8.236153
1413.724833 -8.454910 -8.955684
1414.405833 -8.770919 -9.636684
1415.228158 -9.169317 -10.459009
1415.960541 -9.539656 -11.191392
1416.821423 -9.993706 -12.052275
1418.132013 -10.723934 -13.362864
1418.851544 -11.144917 -14.082395
1419.571075 -11.580177 -14.801926
1420.547603 -12.193806 -15.778455
1421.909577 -13.093857 -17.140428
1422.603429 -13.572268 -17.834280
1423.361517 -14.110372 -18.592368
1424.119605 -14.664611 -19.350457
1424.877668 -15.235021 -20.108520
1425.532963 -15.741190 -20.763814
1426.201110 -16.269824 -21.431961
1427.061992 -16.969677 -22.292843
1427.858612 -17.636149 -23.089464
1428.565317 -18.242630 -23.796168
1429.233464 -18.829247 -24.464315
1430.042936 -19.557231 -25.273787
1430.865261 -20.316250 -26.096112
1431.443467 -20.861747 -26.674318
1432.240112 -21.629359 -27.470964
1432.895407 -22.274755 -28.126258
1433.499292 -22.880742 -28.730143
1434.540057 -23.950514 -29.770908
1435.786410 -25.274144 -31.017261
1436.595882 -26.158811 -31.826733
1437.276882 -26.918418 -32.507733
1437.983560 -27.721573 -33.214412
1438.690265 -28.540013 -33.921116
1439.384091 -29.358458 -34.614942
1440.026533 -30.129538 -35.257384
1440.951652 -31.262404 -36.182503
1441.568415 -32.032513 -36.799266
1442.223709 -32.863822 -37.454561
1442.981798 -33.842450 -38.212649
1443.701329 -34.788189 -38.932180
1444.626448 -36.028475 -39.857299
1445.757154 -37.581854 -40.988005
1446.502390 -38.628388 -41.733241
1447.157685 -39.563647 -42.388536
1447.838684 -40.550593 -43.069535
1448.468274 -33.455494 -42.439946
1449.059332 -29.757365 -41.848888
1449.766036 -26.464452 -41.142183
1451.089452 -21.864590 -39.818767
1452.374362 -18.455632 -38.533857
1453.093893 -16.833943 -37.814326
1453.736336 -15.517678 -37.171884
1454.455867 -14.166349 -36.452353
1455.149719 -12.968032 -35.758501
1455.882102 -11.799197 -35.026117
1456.524544 -10.845076 -34.383675
1457.218396 -9.880821 -33.689823
1457.925075 -8.962072 -32.983145
1458.657484 -8.070502 -32.250736
1459.479809 -7.135706 -31.428411
1460.173635 -6.396421 -30.734584
1460.957429 -5.610861 -29.950791
1461.741222 -4.873577 -29.166998
1462.409343 -4.280273 -28.498876
1463.038959 -3.748760 -27.869261
1463.835579 -3.112125 -27.072641
1464.542283 -2.578747 -26.365937
1465.223257 -2.090971 -25.684963
1466.019903 -1.551010 -24.888317
1466.688050 -1.122206 -24.220170
1467.471817 -0.645595 -23.436402
1468.152817 -0.253417 -22.755403
1468.769554 0.085008 -22.138665
1469.553347 0.493215 -21.354872
1470.298583 0.859685 -20.609636
1471.005262 1.188613 -19.902957
1471.776203 1.527757 -19.132017
1472.739879 1.924170 -18.168341
1473.973379 2.389447 -16.934840
1474.718615 2.648850 -16.189604
1475.412442 2.876354 -15.495778
1476.286176 3.144392 -14.622043
1476.941471 3.332413 -13.966749
1477.661002 3.526488 -13.247218
1478.431943 3.720535 -12.476277
1479.164326 3.892017 -11.743893
1480.038061 4.080781 -10.870159
1480.719035 4.216366 -10.189185
1481.451419 4.351273 -9.456801
1482.132418 4.466860 -8.775802
1483.070389 4.611010 -7.837830
1483.648595 4.691431 -7.259625
1484.342421 4.779680 -6.565798
1485.087657 4.864694 -5.820562
1485.832893 4.939859 -5.075326
1486.603834 5.016446 -4.304386
1487.284833 5.096263 -3.623386
1488.094306 5.206353 -2.813914
1488.762453 5.309706 -2.145767
1490.240073 5.578510 -0.668147
1490.933899 5.723920 0.025679
1491.691987 5.896871 0.783768
1492.372987 6.064805 1.464767
1493.092518 6.255205 2.184298
1493.824902 6.462728 2.916682
1494.685784 6.724425 3.777564
1495.379636 6.949366 4.471416
1495.970668 7.150877 5.062449
1496.895787 7.484652 5.987567
1497.538229 7.729667 6.630010
1498.270638 8.022273 7.362419
1499.067258 8.356657 8.159039
1499.799642 8.678962 8.891422
1500.621967 9.057915 9.713747
1501.213025 9.341491 10.304805
1501.996793 9.732030 11.088573
1502.729202 10.111989 11.820982
1503.345939 10.443237 12.437720
1504.283910 10.966911 13.375691
1505.003442 11.384976 14.095222
1505.722973 11.817308 14.814753
1506.339736 12.199299 15.431516
1507.252002 12.783714 16.343782
1508.010090 13.287070 17.101871
1508.832415 13.851362 17.924196
1509.603331 14.397753 18.695111
1510.310035 14.913494 19.401815
1511.183744 15.570878 20.275525
1511.826186 16.068278 20.917967
1512.558595 16.649917 21.650376
1513.342363 17.289652 22.434144
1513.959101 17.805707 23.050881
1514.832835 18.556007 23.924616
1515.578071 19.213866 24.669852
1516.169129 19.747420 25.260910
1516.927192 20.447100 26.018973
1517.633896 21.115029 26.725677
1518.404812 21.860990 27.496592
1519.239989 22.689703 28.331770
1519.908136 23.368194 28.999917
1520.537726 24.020239 29.629506
1521.475697 25.014704 30.567478
1522.066755 25.655626 31.158536
1522.760582 26.422165 31.852362
1523.480138 27.233419 32.571919
1524.161112 28.016562 33.252893
1524.996290 28.997641 34.088070
1525.625879 29.752336 34.717660
1526.358263 30.646740 35.450043
1527.013558 31.462147 36.105338
1527.771646 32.423461 36.863426
1528.401236 33.236621 37.493016
1529.146472 34.216642 38.238252
1529.891708 35.215795 38.983488
1531.433589 37.344535 40.525370
1532.615680 39.033546 41.707460
1533.232417 39.934687 42.324198
1533.977653 32.009140 41.578962
1534.671480 28.075152 40.885135
1535.815039 23.494670 39.741577
1536.585979 21.090274 38.970636
1538.012189 17.472353 37.544426
1539.117191 15.168087 36.439424
1540.055162 13.456451 35.501453
1540.684752 12.409291 34.871863
1541.352899 11.374520 34.203716
1542.136692 10.248874 33.419923
1542.804814 9.355953 32.751801
1543.434429 8.564726 32.122186
1544.128255 7.743992 31.428360
1544.950580 6.834250 30.606035
1546.312554 5.460659 29.244061
1547.006406 4.817907 28.550210
1547.623143 4.275869 27.933472
1548.381231 3.644768 27.175384
1549.036526 3.128491 26.520089
1549.820319 2.544237 25.736296
1550.591235 2.002684 24.965381
1551.207997 1.591642 24.348618
1551.850440 1.183358 23.706176
1552.698469 0.673807 22.858146
1553.405148 0.273360 22.151467
1554.201768 -0.153160 21.354847
1554.895620 -0.504232 20.660995
1555.589447 -0.837184 19.967169
1556.437476 -1.220703 19.119139
1557.157008 -1.526829 18.399608
1557.863712 -1.811044 17.692903
1558.647480 -2.107984 16.909136
1559.367036 -2.364377 16.189579
1560.048010 -2.593284 15.508605
1560.767541 -2.821173 14.789074
1561.641276 -3.079339 13.915339
1563.003249 -3.443118 12.553366
1563.748485 -3.623175 11.808130
1564.403780 -3.770872 11.152835
1565.200426 -3.937471 10.356190
1565.817163 -4.056977 9.739452
1566.767987 -4.225572 8.788629
1567.474665 -4.338967 8.081950
1568.168517 -4.440737 7.388098
1569.042226 -4.555811 6.514389
1569.813167 -4.645609 5.743448
1571.136609 -4.777665 4.420006
1571.843288 -4.855783 3.713328
1572.678465 -4.964872 2.878150
1573.526495 -5.094242 2.030120
1574.143232 -5.200112 1.413383
1574.939878 -5.351569 0.616737
1575.685114 -5.508273 -0.128499
1577.111349 -5.848723 -1.554734
1577.895117 -6.058531 -2.338502
1578.627501 -6.269175 -3.070885
1579.321352 -6.481760 -3.764737
1580.040884 -6.715617 -4.484268
1580.786120 -6.972241 -5.229504
1581.569913 -7.257992 -6.013298
1582.289444 -7.534649 -6.732829
1582.919034 -7.788000 -7.362419
1583.998356 -8.246869 -8.441741
1584.576536 -8.505459 -9.019921
1585.218978 -8.803272 -9.662363
1585.977067 -9.168915 -10.420452
1586.632361 -9.497411 -11.075746
1587.467539 -9.932833 -11.910924
1588.161391 -10.308889 -12.604775
1588.932331 -10.742004 -13.375716
1589.600453 -11.130398 -14.043838
1590.217216 -11.499715 -14.660601
1591.116630 -12.056885 -15.560015
1591.861866 -12.535317 -16.305251
1592.658511 -13.063619 -17.101896
1593.236692 -13.457994 -17.680076
1594.084721 -14.053146 -18.528106
1594.894219 -14.639865 -19.337604
1595.652308 -15.205867 -20.095693
1596.333282 -15.727988 -20.776667
1597.207016 -16.416960 -21.650401
1597.888016 -16.968864 -22.331401
1598.543310 -17.512318 -22.986695
1599.249989 -18.112045 -23.693374
1600.059462 -18.816497 -24.502847
1600.766166 -19.446849 -25.209551
1601.421461 -20.044173 -25.864845
1602.282343 -20.847741 -26.725728
1603.001874 -21.535862 -27.445259
1603.682873 -22.201033 -28.126258
1604.428109 -22.944509 -28.871494
1605.121936 -23.651386 -29.565321
1605.892877 -24.453522 -30.336261
1606.728054 -25.342431 -31.171439
1607.948702 -26.679160 -32.392087
1608.835263 -27.678188 -33.278648
1609.439174 -28.372366 -33.882559
1610.235794 -29.305089 -34.679179
1610.968203 -30.179819 -35.411588
1611.687734 -31.055301 -36.131119
1612.972619 -32.658739 -37.416003
1613.666470 -33.546137 -38.109855
1614.308913 -34.381344 -38.752297
1615.092706 -35.418082 -39.536091
1615.863621 -36.456961 -40.307006
1616.531768 -37.372837 -40.975153
1617.212768 -38.321228 -41.656152
1618.600446 -40.300723 -43.043831
1619.230036 -33.237121 -42.414241
1619.911035 -29.095437 -41.733241
1621.080273 -24.202096 -40.564003
1621.786977 -21.913833 -39.857299
1623.136098 -18.336522 -38.508178
1623.740009 -16.973251 -37.904268
1624.395303 -15.619740 -37.248973
1625.101982 -14.283288 -36.542294
1625.847218 -12.991155 -35.797058
1626.476833 -11.980338 -35.167443
1627.222069 -10.867354 -34.422207
1627.915896 -9.903140 -33.728381
1628.635452 -8.968375 -33.008824
1629.534866 -7.883140 -32.109410
1630.858308 -6.433270 -30.785968
1631.603544 -5.684816 -30.040732
1632.335928 -4.992035 -29.308349
1633.042632 -4.360676 -28.601645
1633.864957 -3.668507 -27.779320
1634.558783 -3.117563 -27.085493
1635.342576 -2.529084 -26.301700
1636.177754 -1.939008 -25.466523
1637.514048 -1.068006 -24.130229
1638.182195 -0.663816 -23.462082
1639.672667 0.168867 -21.971610
1640.289404 0.487327 -21.354872
1641.098877 0.883608 -20.545400
1641.818433 1.216123 -19.825843
1642.576496 1.547264 -19.067780
1643.296053 1.844177 -18.348223
1644.066968 2.144279 -17.577308
1644.747968 2.394508 -16.896309
1645.467499 2.644333 -16.176777
1646.392643 2.944448 -15.251633
1647.047938 3.143224 -14.596339
1647.664675 3.320229 -13.979601
1648.435616 3.528203 -13.208660
1649.232236 3.728124 -12.412040
1650.247296 3.961669 -11.396980
1651.403708 4.200051 -10.240569
1652.187475 4.345557 -9.456801
1652.984121 4.480660 -8.660155
1653.755062 4.599513 -7.889215
1654.525977 4.707028 -7.118299
1655.849419 4.866135 -5.794858
1656.646039 4.946947 -4.998237
1657.237097 5.004269 -4.407179
1658.149363 5.109351 -3.494913
1658.791806 5.195904 -2.852471
1659.511362 5.305195 -2.132914
1660.410776 5.460203 -1.233500
1661.734218 5.725604 0.089941
1662.466601 5.891648 0.822325
1663.134748 6.055090 1.490472
1664.034162 6.293186 2.389886
1664.638073 6.464735 2.993796
1665.396136 6.693404 3.751859
1666.115692 6.924228 4.471416
1666.848076 7.172989 5.203800
1667.644696 7.459459 6.000420
1668.274286 7.697621 6.630010
1669.109463 8.029634 7.465187
1669.739079 8.292096 8.094802
1670.779818 8.748981 9.135542
1671.961934 9.302942 10.317658
1672.732850 9.684386 11.088573
1673.580879 10.122486 11.936603
1674.364673 10.544723 12.720396
1675.019967 10.910568 13.375691
1675.752351 11.333344 14.108074
1676.561823 11.817765 14.917547
1677.178561 12.198985 15.534284
1678.078000 12.773873 16.433724
1678.810384 13.258654 17.166107
1679.542767 13.758483 17.898491
1680.326561 14.310158 18.682284
1681.084624 14.860300 19.440347
1681.791328 15.387936 20.147051
1682.600800 16.009910 20.956524
1683.384594 16.630179 21.740317
1683.975626 17.109702 22.331350
1684.977834 17.946163 23.333558
1685.556040 18.442181 23.911763
1686.301276 19.096086 24.656999
1686.995127 19.719773 25.350851
1687.740363 20.405719 26.096087
1688.549836 21.169780 26.905560
1689.192278 21.790351 27.548002
1690.001751 22.590246 28.357474
1690.669898 23.265694 29.025621
1692.134665 24.795053 30.490389
1692.828517 25.543014 31.184240
1693.612285 26.406268 31.968008
1694.190490 27.055690 32.546214
1694.987110 27.968054 33.342834
1695.693815 28.794666 34.049538
1696.387641 29.622100 34.743365
1697.068640 30.449661 35.424364
1697.801024 31.356855 36.156748
1698.584792 32.347601 36.940515
1699.201555 33.141828 37.557278
1699.869676 34.016812 38.225400
1700.640617 35.045501 38.996341
1701.989738 36.895365 40.345462
1702.632206 37.798783 40.987929
1703.351737 38.827995 41.707460
1703.981327 39.743795 42.337050
1704.713710 40.827183 43.069434
1705.381857 41.832652 43.737581
1706.139946 42.993431 44.495669
1706.833772 44.074597 45.189496
1708.028715 45.979260 46.384439
1708.915277 47.427711 47.271000
1709.583424 48.539482 47.939147
1710.868308 50.726900 49.224032
1711.523603 51.867872 49.879326
1712.243134 53.140722 50.598857
1713.026927 54.551393 51.382651
1713.682222 55.750347 52.037945
1714.311811 56.919241 52.667535
1715.146989 58.495805 53.502712
1715.776579 59.704104 54.132302
1716.573199 61.257717 54.928922
1717.960877 64.031214 56.316601
1718.641876 65.424077 56.997600
1719.412817 67.026605 57.768541
1720.145201 68.574629 58.500924
1720.800495 69.981195 59.156219
1721.507174 71.521113 59.862898
1722.201001 72.497010 60.556724
1723.023326 72.791180 61.379049
1723.717177 73.033262 62.072901
1724.346767 73.248187 62.702491
1725.181945 73.526515 63.537668
1725.901476 73.760257 64.257199
1726.608180 73.984525 64.963904
1727.430505 74.239036 65.786229
1728.355624 74.517301 66.711347
1729.550567 74.864520 67.906290
1730.308630 75.077892 68.664353
1731.002482 75.268638 69.358205
1731.811954 75.485811 70.167678
1732.531485 75.674133 70.887209
1733.263869 75.861374 71.619593
1733.854927 76.009290 72.210651
1734.651547 74.854173 73.007271
1735.383931 73.750462 73.739654
1736.553169 61.587822 72.570416
1737.298405 56.418346 71.825180
1737.876611 53.046775 71.246975
1738.506200 49.812387 70.617385
1739.765380 44.304394 69.358205
1740.369290 42.000455 68.754295
1741.088822 39.475730 68.034764
1741.718411 37.433060 67.405174
1742.540736 34.963555 66.582849
1743.799916 31.546012 65.323669
1744.429531 29.977322 64.694054
1745.020564 28.578928 64.103021
1745.727243 26.992535 63.396343
1746.446799 25.464423 62.676786
1747.050684 24.244049 62.072901
1747.821625 22.761582 61.301960
1748.502599 21.517117 60.620986
1749.234983 20.241471 59.888603
1749.903130 19.130463 59.220456
1750.545572 18.106530 58.578013
1751.290808 16.969767 57.832777
1752.087428 15.811315 57.036157
1752.755575 14.882049 56.368010
1753.449427 13.955548 55.674158
1754.117548 13.098532 55.006037
1754.747164 12.320873 54.376422
1755.595168 11.317049 53.528417
1756.301872 10.516753 52.821713
1756.969994 9.788951 52.153591
1757.740935 8.982311 51.382651
1758.499023 8.222172 50.624562
1759.257111 7.493285 49.866474
1759.950938 6.852384 49.172647
1760.606232 6.269142 48.517353
1761.338616 5.641671 47.784969
1762.058147 5.049323 47.065438
1762.777678 4.479961 46.345907
1763.612856 3.846794 45.510729
1764.281003 3.360897 44.842582
1764.897766 2.928092 44.225820
1765.668681 2.407649 43.454904
1766.311123 1.990821 42.812462
1767.094916 1.502378 42.028669
1767.878684 1.035320 41.244901
1769.279215 0.251690 39.844370
1770.011598 -0.133121 39.111987
1770.641188 -0.450724 38.482397
1771.450686 -0.841667 37.672899
1772.131660 -1.155780 36.991925
1773.005395 -1.539643 36.118190
1773.660689 -1.813788 35.462896
1774.341663 -2.086524 34.781922
1775.022663 -2.347181 34.100922
1775.755046 -2.614343 33.368539
1776.538840 -2.885528 32.584746
1777.206961 -3.104963 31.916624
1777.990754 -3.348968 31.132831
1778.620344 -3.534711 30.503241
1779.429817 -3.760414 29.693768
1780.213610 -3.965231 28.909975
1780.945994 -4.144699 28.177592
1781.678377 -4.312919 27.445208
1782.346524 -4.456779 26.777061
1783.233086 -4.633836 25.890499
1783.952617 -4.766191 25.170968
1784.633616 -4.882298 24.489969
1785.391705 -5.001281 23.731880
1786.149793 -5.109664 22.973792
1786.869324 -5.202926 22.254261
1787.691649 -5.298287 21.431936
1788.449738 -5.375804 20.673847
1789.053623 -5.430552 20.069962
1789.747475 -5.485925 19.376111
1790.582652 -5.542392 18.540933
1791.392125 -5.599151 17.731461
1792.214450 -5.665796 16.909136
1792.921154 -5.730355 16.202431
1793.602128 -5.798978 15.521457
1794.411626 -5.888795 14.711959
1795.169689 -5.981079 13.953896
1795.837836 -6.069018 13.285749
1796.750102 -6.199145 12.373483
1797.456806 -6.307992 11.666779
1798.124953 -6.417402 10.998632
1798.921574 -6.556169 10.202012
1799.653957 -6.691787 9.469628
1800.309252 -6.819706 8.814333
1801.195839 -7.002737 7.927746
1801.889665 -7.154024 7.233920
1802.699138 -7.339535 6.424447
1803.341580 -7.493723 5.782005
1804.086816 -7.680353 5.036769
1804.857757 -7.882270 4.265828
1805.602993 -8.086080 3.520592
1806.322524 -8.290971 2.801061
1807.042081 -8.503900 2.081505
1807.877258 -8.761200 1.246327
1808.673878 -9.016879 0.449707
1809.380557 -9.252148 -0.256972
1810.112966 -9.504446 -0.989381
1810.909586 -9.788728 -1.786001
1811.577733 -10.035158 -2.454148
1812.374353 -10.338589 -3.250768
1813.119589 -10.632004 -3.996004
1813.877678 -10.940044 -4.754093
1814.751412 -11.307160 -5.627827
1816.036297 -11.870823 -6.912712
1816.781533 -12.210889 -7.657948
1818.310562 -12.939284 -9.186977
1818.978684 -13.270676 -9.855098
1819.801034 -13.689663 -10.677449
1821.252949 -14.459711 -12.129364
1822.023890 -14.884538 -12.900304
1822.640627 -15.232460 -13.517042
1823.514362 -15.737774 -14.390776
1824.143951 -16.111002 -15.020366
1825.004834 -16.633839 -15.881248
1825.711512 -17.073929 -16.587927
1826.379659 -17.499167 -17.256074
1827.137748 -17.992528 -18.014163
1827.831574 -18.454313 -18.707989
1828.756693 -19.085462 -19.633108
1829.411988 -19.543319 -20.288402
1830.118692 -20.047249 -20.995107
1830.838223 -20.571273 -21.714638
1832.405784 -21.751779 -23.282199
1833.112488 -22.301708 -23.988903
1833.819167 -22.862816 -24.695582
1834.461609 -23.382753 -25.338024
1835.283960 -24.062132 -26.160374
1835.964934 -24.636628 -26.841348
1836.774432 -25.333785 -27.650846
1837.532520 -26.000882 -28.408935
1838.239199 -26.635294 -29.115614
1839.022992 -27.353305 -29.899407
1839.639729 -27.929048 -30.516144
1840.449202 -28.699311 -31.325617
1841.104497 -29.335166 -31.980911
1841.824053 -30.046239 -32.700468
1842.620673 -30.849401 -33.497088
1843.211731 -31.456289 -34.088146
1844.098293 -32.384402 -34.974708
1844.727908 -33.056695 -35.604323
1846.154118 -34.620885 -37.030533
1846.809413 -35.359173 -37.685828
1847.567501 -36.228994 -38.443916
1848.235648 -37.009818 -39.112063
1848.955179 -37.865818 -39.831594
1849.738973 -38.816420 -40.615387
1850.368562 -39.593942 -41.244977
1851.113798 -40.530613 -41.990213
1851.871887 -41.501922 -42.748302
1852.552886 -42.390643 -43.429301
1853.850623 -44.127614 -44.727038
1854.647269 -45.222769 -45.523683
1855.855064 -46.926268 -46.731479
1856.523211 -47.891510 -47.399626
1857.165653 -48.835343 -48.042068
1857.859480 -49.872310 -48.735894
1858.707509 -51.165149 -49.583924
1860.082361 -53.322234 -50.958775
1861.328688 -55.345288 -52.205103
1862.086776 -56.608388 -52.963191
1862.742071 -57.720627 -53.618486
1863.397365 -58.852221 -54.273780
1864.052660 -60.003591 -54.929075
1864.875010 -61.477141 -55.751425
1865.530305 -62.674749 -56.406720
1866.211279 -63.941840 -57.087694
1866.969367 -65.380137 -57.845782
1867.637514 -66.672632 -58.513929
1868.331366 -68.040143 -59.207781
1869.076602 -69.538407 -59.953017
1869.731897 -70.881769 -60.608312
1870.554222 -72.602890 -61.430637
1871.132427 -73.011143 -62.008842
1872.031867 -73.317479 -62.908282
1872.635752 -73.518129 -63.512167
1873.393840 -73.764447 -64.270255
1874.126224 -73.996668 -65.002639
1875.629548 -74.456248 -66.505963
1876.323400 -74.660873 -67.199815
1876.965842 -74.846254 -67.842257
1877.788167 -75.077956 -68.664582
1878.366373 -75.237206 -69.242788
1879.137314 -75.444945 -70.013728
1880.011048 -75.674198 -70.887463
1880.679195 -75.845192 -71.555610
1881.527225 -75.763853 -72.403640
1882.285313 -74.621404 -73.161728
1882.902051 -73.691973 -73.778466
1883.647287 -72.568892 -74.523702
1884.264024 -65.423445 -73.906964
1885.317642 -57.422447 -72.853347
1885.934379 -53.821103 -72.236609
1886.576847 -50.566476 -71.594142
1887.694701 -45.735368 -70.476288
1888.362848 -43.217079 -69.808141
1889.108084 -40.656670 -69.062905
1890.225938 -37.209493 -67.945051
1890.984026 -35.091221 -67.186962
1891.652173 -33.347734 -66.518815
1892.243231 -31.890589 -65.927757
1893.014146 -30.097225 -65.156842
1893.605204 -28.796445 -64.565784
1894.273351 -27.396198 -63.897637
1894.864409 -26.214541 -63.306579
1895.905174 -24.251756 -62.265814
1897.035881 -22.272108 -61.135108
1897.832501 -20.962881 -60.338487
1898.526353 -19.875106 -59.644636
1899.361530 -18.625915 -58.809458
1900.749208 -16.683202 -57.421780
1901.931324 -15.146889 -56.239664
1902.882123 -13.983161 -55.288866
1903.524590 -13.230638 -54.646398
1904.192712 -12.475444 -53.978277
1904.860859 -11.746865 -53.310130
1905.567563 -11.003920 -52.603425
1906.531239 -10.034389 -51.639749
1907.764714 -8.862413 -50.406275
1908.651301 -8.064985 -49.519688
1909.537862 -7.303044 -48.633126
1910.784215 -6.288589 -47.386773
1911.362421 -5.839398 -46.808568
1912.159066 -5.241770 -46.011922
1912.917129 -4.695158 -45.253859
1914.369069 -3.705447 -43.801919
1915.037216 -3.274151 -43.133772
1916.437747 -2.416897 -41.733241
1917.195835 -1.978239 -40.975153
1917.851130 -1.612848 -40.319858
1918.583514 -1.219156 -39.587475
1919.328750 -0.834010 -38.842239
1920.125395 -0.439022 -38.045593
1920.922015 -0.060811 -37.248973
1921.628694 0.261070 -36.542294
1922.348251 0.576013 -35.822738
1923.273370 0.962482 -34.897619
1923.851575 1.193765 -34.319413
1924.609664 1.485355 -33.561325
1925.367727 1.764036 -32.803262
1926.202929 2.056532 -31.968059
1926.896756 2.288211 -31.274233
1927.590608 2.509884 -30.580381
1928.310139 2.729419 -29.860850
1929.158169 2.974956 -29.012820
1929.967641 3.196326 -28.203347
1930.700025 3.385932 -27.470964
1931.355319 3.547164 -26.815669
1932.113408 3.723977 -26.057581
1932.755850 3.865823 -25.415138
1933.655289 4.052353 -24.515699
1934.374821 4.191657 -23.796168
1935.132909 4.329095 -23.038079
1935.826761 4.446659 -22.344228
1936.636233 4.574072 -21.534755
1937.394322 4.684071 -20.776667
1938.049616 4.772023 -20.121372
1938.859089 4.871711 -19.311899
1939.630030 4.957618 -18.540959
1940.542296 5.048120 -17.628692
1941.865738 5.158433 -16.305251
1942.533885 5.204907 -15.637104
1943.420446 5.262086 -14.750542
1944.101446 5.310464 -14.069543
1944.833829 5.367282 -13.337159
1945.540508 5.426818 -12.630480
1946.350006 5.500715 -11.820982
1947.108095 5.575448 -11.062894
1947.917567 5.661164 -10.253421
1948.572862 5.735038 -9.598127
1949.241009 5.814502 -8.929980
1950.037629 5.914719 -8.133359
1950.872806 6.026194 -7.298182
1951.553806 6.121957 -6.617183
1952.247632 6.224029 -5.923356
1952.915779 6.326631 -5.255209
1953.802366 6.469316 -4.368622
1954.470513 6.581787 -3.700475
1955.100103 6.691663 -3.070885
1955.922428 6.840879 -2.248560
1956.577723 6.964425 -1.593266
1957.335811 7.112496 -0.835177
1958.145284 7.276713 -0.025705
1958.993313 7.455538 0.822325
1959.597198 7.587125 1.426210
1960.329607 7.751469 2.158619
1961.061991 7.921028 2.891003
1961.961405 8.136422 3.790417
1962.655257 8.307999 4.484268
1963.361936 8.487609 5.190947
1964.042935 8.665345 5.871947
1964.800998 8.868582 6.630010
1965.559086 9.077519 7.388098
1966.368584 9.306930 8.197596
1967.036706 9.501196 8.865718
1967.743410 9.711539 9.572422
1968.784175 10.030437 10.613187
1970.120444 10.455891 11.949455
1970.891385 10.709578 12.720396
1971.508122 10.916874 13.337134
1972.433241 11.235104 14.262252
1973.191329 11.502413 15.020341
1973.910860 11.761594 15.739872
1974.707506 12.054786 16.536518
1975.427037 12.325249 17.256049
1976.236510 12.635956 18.065521
1977.007451 12.938233 18.836462
1977.829776 13.267527 19.658787
1978.472218 13.529739 20.301229
1979.307395 13.877138 21.136407
1980.065484 14.198879 21.894495
1980.746483 14.493123 22.575495
1981.581660 14.860758 23.410672
1982.455370 15.253376 24.284381
1983.084959 15.541403 24.913971
1983.881605 15.912014 25.710617
1984.601136 16.252689 26.430148
1985.372077 16.623988 27.201089
1986.040199 16.951047 27.869210
1986.798287 17.328110 28.627299
1987.530671 17.698435 29.359682
1988.211670 18.048135 30.040682
1988.892669 18.403019 30.721681
1989.766379 18.865956 31.595390
1990.460230 19.239732 32.289242
1991.218293 19.654342 33.047305
1991.924998 20.046760 33.754009
1992.683086 20.474069 34.512098
1993.595352 20.997056 35.424364
1994.944473 21.788170 36.773485
1995.638325 22.203313 37.467337
1996.447798 22.694784 38.276809
1997.180181 23.146122 39.009193
1997.874008 23.579576 39.703019
1998.632096 24.059748 40.461108
1999.236007 24.447201 41.065018
2000.032627 24.965024 41.861638
2000.842099 25.499091 42.671111
2001.535951 25.963241 43.364963
2002.268335 26.459580 44.097346
2002.872220 26.873815 44.701231
2003.733102 27.472167 45.562114
2004.568279 28.061502 46.397291
2005.904548 29.022703 47.733560
2006.611252 29.540213 48.440264
2007.433577 30.150439 49.262589
2008.114577 30.662385 49.943588
2008.834108 31.209829 50.663119
2009.579344 31.783950 51.408355
2010.170376 32.244457 51.999388
2011.069790 32.954097 52.898802
2011.776495 33.519237 53.605506
2012.444642 34.059694 54.273653
2013.048527 34.553345 54.877538
2014.063587 35.394266 55.892598
2015.040090 28.023074 54.916095
2015.695384 25.250118 54.260801
2016.286442 23.239469 53.669743
2017.031678 21.106880 52.924507
2018.355095 18.017844 51.601091
2019.087504 16.570019 50.868682
2019.665684 15.525080 50.290501
2020.629360 13.939895 49.326825
2021.901392 12.088422 48.054793
2022.530982 11.255219 47.425204
2023.276218 10.329472 46.679968
2024.291278 9.161215 45.664907
2024.869483 8.538202 45.086702
2026.218604 7.189247 43.737581
2026.950988 6.511822 43.005197
2027.631987 5.912973 42.324198
2028.338666 5.320802 41.617519
2029.071050 4.736301 40.885135
2029.829138 4.160403 40.127047
2030.497285 3.675770 39.458900
2031.242521 3.158973 38.713664
2031.987757 2.665715 37.968428
2032.771525 2.170808 37.184660
2033.516761 1.721593 36.439424
2034.159203 1.350157 35.796982
2034.968701 0.901901 34.987484
2035.649675 0.541049 34.306510
2036.227881 0.245765 33.728304
2037.037353 -0.151245 32.918832
2037.833999 -0.524151 32.122186
2038.514973 -0.829547 31.441212
2039.311619 -1.171875 30.644567
2039.966913 -1.441872 29.989272
2040.737829 -1.746658 29.218357
2041.393123 -1.995217 28.563062
2042.151212 -2.271167 27.804974
2042.883595 -2.526372 27.072590
2043.564595 -2.753989 26.391591
2044.245569 -2.972580 25.710617
2045.183540 -3.259434 24.772645
2045.774598 -3.432009 24.181587
2046.648307 -3.675934 23.307878
2047.265070 -3.840338 22.691115
2047.933217 -4.011391 22.022968
2048.845483 -4.233464 21.110702
2049.513605 -4.387957 20.442580
2050.271693 -4.555167 19.684492
2050.888456 -4.685032 19.067729
2051.864959 -4.879655 18.091226
2052.610195 -5.019386 17.345990
2053.368283 -5.153946 16.587902
2054.100667 -5.276876 15.855518
2054.794493 -5.387092 15.161692
2055.809579 -5.537699 14.146606
2057.145848 -5.717338 12.810338
2057.942493 -5.814707 12.013692
2059.420113 -5.976799 10.536072
2060.139644 -6.047292 9.816541
2060.910585 -6.116870 9.045600
2061.578706 -6.172296 8.377479
2062.259706 -6.224230 7.696479
2063.184825 -6.287566 6.771361
2063.852972 -6.330282 6.103214
2064.649592 -6.387466 5.306593
2065.240650 -6.434763 4.715535
2066.242858 -6.524435 3.713328
2066.911005 -6.590836 3.045181
2067.681945 -6.674027 2.274240
2068.337240 -6.750275 1.618945
2069.198097 -6.858171 0.758088
2069.930506 -6.956876 0.025679
2070.650037 -7.060028 -0.693852
2071.472362 -7.185417 -1.516177
2072.127657 -7.291065 -2.171471
2072.885745 -7.419623 -2.929560
2073.630981 -7.552626 -3.674796
2074.401896 -7.697124 -4.445711
2075.185690 -7.851242 -5.229504
2075.789600 -7.974945 -5.833415
2076.547663 -8.136330 -6.591478
2077.318604 -8.307429 -7.362419
2078.102397 -8.488591 -8.146212
2078.911870 -8.683319 -8.955684
2079.490075 -8.827163 -9.533890
2080.299548 -9.035193 -10.343363
2081.057636 -9.237056 -11.101451
2081.725783 -9.420617 -11.769598
2082.560961 -9.657512 -12.604775
2083.498932 -9.933430 -13.542747
2084.745259 -10.316221 -14.789074
2085.477668 -10.549783 -15.521483
2086.428466 -10.862508 -16.472281
2087.250817 -11.141668 -17.294631
2087.880406 -11.360840 -17.924221
2088.522849 -11.589361 -18.566663
2089.422263 -11.917569 -19.466077
2090.039025 -12.148222 -20.082840
2090.912735 -12.482757 -20.956549
2091.568029 -12.739665 -21.611844
2092.326118 -13.043299 -22.369932
2093.032822 -13.332567 -23.076637
2093.867999 -13.682164 -23.911814
2094.561826 -13.978978 -24.605640
2095.307062 -14.304250 -25.350876
2096.090855 -14.653586 -26.134670
2096.746149 -14.951352 -26.789964
2097.671268 -15.380579 -27.715083
2098.390799 -15.721597 -28.434614
2099.148888 -16.087696 -29.192703
2099.829887 -16.422532 -29.873702
2100.587976 -16.801923 -30.631790
2101.680125 -17.360844 -31.723940
2102.823684 -17.961733 -32.867498
2103.581772 -18.368929 -33.625587
2104.211362 -18.712482 -34.255177
2105.033687 -19.168570 -35.077502
2105.753243 -19.574517 -35.797058
2106.511306 -20.009128 -36.555121
2107.218011 -20.420721 -37.261825
2107.899010 -20.823224 -37.942825
2108.747040 -21.332538 -38.790855
2109.479423 -21.779634 -39.523238
2110.288896 -22.281616 -40.332711
2110.867102 -22.645223 -40.910916
2111.483839 -23.037704 -41.527654
2112.486072 -23.685757 -42.529887
2113.141367 -24.116355 -43.185182
2113.822341 -24.569607 -43.866156
2114.683223 -25.151060 -44.727038
2115.428459 -25.662050 -45.472274
2116.122311 -26.144206 -46.166126
2116.803310 -26.623448 -46.847125
2117.420048 -27.062623 -47.463862
2118.242373 -27.655846 -48.286187
2118.897667 -28.134850 -48.941482
2119.681460 -28.715119 -49.725275
2120.336755 -29.206409 -50.380570
2121.120548 -29.801421 -51.164363
2122.379728 -30.774228 -52.423543
2123.291994 -31.492102 -53.335809
2123.870200 -31.952816 -53.914015
2124.512642 -32.469933 -54.556457
2125.386377 -33.182072 -55.430191
2126.709818 -34.280263 -56.753633
2127.377965 -28.733095 -56.085486
2128.007555 -25.764649 -55.455896
2129.202498 -21.794526 -54.260953
2129.947759 -19.872571 -53.515692
2130.615881 -18.371214 -52.847570
2131.348290 -16.904786 -52.115161
2131.939323 -15.830216 -51.524129
2132.620322 -14.690816 -50.843129
2133.442647 -13.432565 -50.020804
2134.727557 -11.675532 -48.735894
2135.459940 -10.768399 -48.003511
2136.166619 -9.948273 -47.296832
2136.847619 -9.203698 -46.615833
2137.541470 -8.486704 -45.921981
2138.248149 -7.795672 -45.215302
2138.942001 -7.152329 -44.521450
2139.661532 -6.518900 -43.801919
2140.393916 -5.906616 -43.069535
2141.074915 -5.364467 -42.388536
2141.987182 -4.676082 -41.476270
2143.310623 -3.747612 -40.152828
2144.094416 -3.233462 -39.369035
2144.724006 -2.838246 -38.739445
2145.482095 -2.382175 -37.981357
2146.240183 -1.946563 -37.223268
2146.985419 -1.537173 -36.478032
2147.692098 -1.165314 -35.771353
2148.463039 -0.776873 -35.000413
2149.092628 -0.472373 -34.370823
2149.876422 -0.108531 -33.587030
2150.711599 0.261424 -32.751852
2151.392598 0.550157 -32.070853
2152.099277 0.838029 -31.364174
2152.947307 1.168345 -30.516144
2153.576897 1.403319 -29.886554
2154.270749 1.652544 -29.192703
2155.028837 1.913591 -28.434614
2155.825457 2.175723 -27.637994
2156.429368 2.366416 -27.034084
2157.431575 2.668184 -26.031876
2158.099722 2.859535 -25.363729
2158.819254 3.057123 -24.644198
2159.474548 3.229653 -23.988903
2160.245489 3.423854 -23.217962
2161.042109 3.614868 -22.421342
2161.800198 3.787821 -21.663254
2162.583991 3.957875 -20.879460
2163.264990 4.098604 -20.198461
2164.112995 4.264987 -19.350457
2164.832551 4.398680 -18.630900
2165.513525 4.519049 -17.949926
2166.284466 4.648284 -17.178985
2166.978318 4.758369 -16.485133
2167.980526 4.907261 -15.482926
2168.635820 4.998321 -14.827631
2169.393909 5.097625 -14.069543
2170.049203 5.178359 -13.414248
2170.884381 5.274561 -12.579071
2171.642469 5.355541 -11.820982
2172.297764 5.420791 -11.165688
2173.030147 5.488617 -10.433304
2173.685442 5.544835 -9.778009
2174.494914 5.608579 -8.968537
2175.317239 5.667025 -8.146212
2175.998239 5.710798 -7.465212
2176.666386 5.755587 -6.797065
2177.398769 5.810990 -6.064682
2178.233947 5.882210 -5.229504
2178.940626 5.949161 -4.522826
2179.608773 6.018095 -3.854679
2180.379713 6.104435 -3.083738
2181.099245 6.191585 -2.364207
2181.883038 6.293731 -1.580413
2182.666806 6.403389 -0.796646
2183.399189 6.512646 -0.064262
2184.067336 6.618039 0.603885
2185.532129 6.868174 2.068678
2186.303044 7.010340 2.839593
2187.099690 7.164872 3.636239
2187.896310 7.327141 4.432859
2188.705783 7.499957 5.242331
2189.296841 7.631191 5.833389
2190.042077 7.802730 6.578625
2190.787313 7.981041 7.323861
2191.738136 8.218376 8.274685
2192.354874 8.378215 8.891422
2193.035873 8.560098 9.572422
2193.806788 8.772823 10.343337
2194.539197 8.981640 11.075746
2195.310113 9.208507 11.846662
2196.081054 9.442637 12.617602
2196.800585 9.667703 13.337134
2197.520116 9.899094 14.056665
2198.380998 10.184256 14.917547
2199.177644 10.456215 15.714193
2199.832913 10.685733 16.369462
2200.668090 10.985886 17.204639
2201.413326 11.260932 17.949875
2202.955208 11.851624 19.491757
2203.713296 12.152751 20.249845
2204.394270 12.429271 20.930819
2205.268005 12.792421 21.804554
2205.961831 13.087495 22.498380
2206.719920 13.416685 23.256469
2207.555097 13.787563 24.091646
2208.197539 14.078719 24.734088
2209.019864 14.458851 25.556413
2209.944983 14.896516 26.481532
2211.268425 15.541095 27.804974
2211.936572 15.874789 28.473121
2213.555517 16.706421 30.092066
2215.007457 17.480128 31.544006
2215.714136 17.866262 32.250685
2217.217460 18.708567 33.754009
2217.962696 19.136676 34.499245
2218.553729 19.481189 35.090278
2219.298965 19.921887 35.835514
2220.134142 20.424139 36.670691
2220.892231 20.887705 37.428780
2221.650319 21.358588 38.186868
2222.356998 21.804144 38.893547
2223.025145 22.231279 39.561694
2223.950264 22.832140 40.486813
2224.554149 23.230292 41.090698
2225.260853 23.702199 41.797402
2226.121710 24.285754 42.658259
2227.535093 25.264673 44.071642
2228.203240 25.736475 44.739789
2228.858534 26.204856 45.395083
2229.642302 26.772439 46.178851
2230.413243 27.338591 46.949792
2231.132774 27.874040 47.669323
2231.916567 28.465081 48.453116
2232.571862 28.965460 49.108411
2233.407039 29.611455 49.943588
2234.088013 30.145046 50.624562
2234.769013 30.684847 51.305562
2235.514249 31.282682 52.050798
2236.259485 31.887977 52.796034
2237.004721 32.500756 53.541270
2237.659990 33.045764 54.196539
2238.353842 33.629211 54.890391
2239.214724 34.362221 55.751273
2239.844314 34.904703 56.380863
2240.718048 28.130551 55.507128
2241.309081 25.526995 54.916095
2241.964376 23.242076 54.260801
2242.748169 20.993632 53.477008
2244.033053 18.002843 52.192123
2244.675495 16.727742 51.549681
2245.343642 15.517242 50.881534
2246.153115 14.180258 50.072061
2246.769852 13.241690 49.455324
2247.540793 12.151240 48.684383
2248.170383 11.320369 48.054793
2248.915619 10.397684 47.309557
2249.622298 9.576939 46.602879
2250.418943 8.708036 45.806233
2251.125622 7.982206 45.099554
2251.780917 7.343433 44.444260
2252.487596 6.688465 43.737581
2253.258536 6.010817 42.966640
2253.978068 5.410343 42.247109
2254.671919 4.858374 41.553257
2255.417155 4.293071 40.808021
2256.239480 3.700097 39.985696
2257.665690 2.741746 38.559486
2258.372395 2.297159 37.852782
2259.040516 1.893955 37.184660
2259.939956 1.375937 36.285221
2260.556693 1.036312 35.668483
2261.211988 0.688643 35.013189
2261.982928 0.296219 34.242248
2262.561109 0.013181 33.664068
2263.370607 -0.367603 32.854570
2264.167227 -0.725465 32.057950
2264.822521 -1.007857 31.402655
2265.734788 -1.383787 30.490389
2266.390082 -1.641972 29.835094
2267.109614 -1.914522 29.115563
2267.764908 -2.153126 28.460268
2268.522997 -2.418139 27.702180
2269.152586 -2.629551 27.072590
2270.077705 -2.926439 26.147471
2270.745852 -3.131031 25.479324
2271.503941 -3.353542 24.721236
2272.172062 -3.541430 24.053114
2272.840209 -3.721863 23.384967
2273.624002 -3.924303 22.601174
2274.394918 -4.114005 21.830259
2275.178711 -4.297610 21.046465
2275.911095 -4.460986 20.314082
2276.604946 -4.608682 19.620230
2277.375862 -4.764925 18.849315
2278.172507 -4.917938 18.052669
2278.930570 -5.055798 17.294606
2279.650127 -5.179860 16.575049
2280.485304 -5.315784 15.739872
2281.179131 -5.422278 15.046046
2282.001456 -5.541143 14.223721
2282.669603 -5.631993 13.555574
2283.453396 -5.732182 12.771780
2284.237164 -5.825638 11.988013
2285.020957 -5.912532 11.204219
2285.637694 -5.976395 10.587482
2286.498577 -6.059046 9.726600
2287.141019 -6.115901 9.084158
2288.027580 -6.187744 8.197596
2288.772816 -6.242331 7.452360
2289.543757 -6.293348 6.681419
2290.211904 -6.336681 6.013272
2290.982845 -6.393021 5.242331
2291.753760 -6.456242 4.471416
2292.409055 -6.515392 3.816121
2293.218553 -6.595324 3.006623
2294.079410 -6.688649 2.145767
2294.683320 -6.759238 1.541856
2295.544202 -6.867159 0.680974
2296.263734 -6.963942 -0.038557
2296.957560 -7.062941 -0.732384
2297.831295 -7.195538 -1.606118
2298.537973 -7.309248 -2.312797
2299.244678 -7.428744 -3.019501
2300.028445 -7.568037 -3.803269
2300.735150 -7.699735 -4.509973
2301.737357 -7.896428 -5.512181
2302.932300 -8.146170 -6.707124
2303.664684 -8.307428 -7.439508
2304.255742 -8.442109 -8.030566
2305.257950 -8.679753 -9.032773
2305.900392 -8.838231 -9.675216
2306.658480 -9.031412 -10.433304
2307.326627 -9.207222 -11.101451
2307.969070 -9.381172 -11.743893
2308.881336 -9.636451 -12.656160
2309.626572 -9.852198 -13.401396
2310.397513 -10.082215 -14.172336
2311.091365 -10.295174 -14.866188
2312.080720 -10.608580 -15.855544
2312.800251 -10.843718 -16.575075
2313.455546 -11.063150 -17.230369
2314.187929 -11.314368 -17.962753
2314.868929 -11.553621 -18.643752
2315.806900 -11.892100 -19.581724
2316.526431 -12.158787 -20.301255
2317.168873 -12.402069 -20.943697
2317.991224 -12.720606 -21.766047
2318.646518 -12.980170 -22.421342
2319.443139 -13.302576 -23.217962
2320.226932 -13.627152 -24.001755
2321.126346 -14.008623 -24.901169
2322.462640 -14.593219 -26.237463
2323.220728 -14.934363 -26.995552
2323.953112 -15.270486 -27.727935
2324.685495 -15.613056 -28.460319
2325.315085 -15.912706 -29.089909
2326.227352 -16.355380 -30.002175
2326.946908 -16.711641 -30.721732
2327.756381 -17.119921 -31.531204
2328.398823 -17.449620 -32.173647
2329.272558 -17.906081 -33.047381
2329.979236 -18.282082 -33.754060
2330.660236 -18.650200 -34.435059
2331.405472 -19.059558 -35.180295
2332.099324 -19.446827 -35.874147
2332.806002 -19.847353 -36.580826
2333.615475 -20.313720 -37.390299
2334.232238 -20.674506 -38.007061
2335.195914 -21.247684 -38.970737
2335.799799 -21.612759 -39.574622
2336.776327 -22.212756 -40.551151
2337.405917 -22.605924 -41.180741
2338.086916 -23.036804 -41.861740
2338.819300 -23.506720 -42.594124
2339.551684 -23.983417 -43.326507
2340.142742 -24.373086 -43.917565
2340.926509 -24.896655 -44.701333
2341.723155 -25.436856 -45.497979
2342.314213 -25.842899 -46.089037
2343.033744 -26.343253 -46.808568
2343.868922 -26.932389 -47.643745
2344.447127 -27.345537 -48.221951
2345.230920 -27.912508 -49.005744
2345.886215 -28.392663 -49.661039
2346.644278 -28.955115 -50.419102
2347.389539 -29.515410 -51.164363
2348.121923 -30.073143 -51.896747
2348.764365 -30.568214 -52.539189
2349.612395 -31.230091 -53.387219
2350.241985 -31.727667 -54.016808
2350.897279 -32.251182 -54.672103
2351.693925 -32.895377 -55.468749
2352.349220 -33.431676 -56.124043
2353.120160 -34.070053 -56.894984
2353.942511 -27.734078 -56.072634
2354.597805 -24.911771 -55.417339
2355.779896 -21.214063 -54.235248
2356.448043 -19.550988 -53.567101
2357.141895 -18.031787 -52.873250
2357.874278 -16.602393 -52.140866
2358.503868 -15.487202 -51.511276
2359.223399 -14.317888 -50.791745
2359.801605 -13.447229 -50.213539
2360.546841 -12.402647 -49.468303
2361.292077 -11.433882 -48.723067
2361.973076 -10.606462 -48.042068
2362.718312 -9.756878 -47.296832
2363.347928 -9.079917 -46.667217
2364.876931 -7.571354 -45.138213
2365.455137 -7.045135 -44.560007
2366.277462 -6.333803 -43.737682
2366.958461 -5.775152 -43.056683
2367.549519 -5.310998 -42.465625
2368.436081 -4.648312 -41.579063
2369.155638 -4.137992 -40.859507
2369.900874 -3.633636 -40.114271
2370.568995 -3.201103 -39.446149
2371.391346 -2.692651 -38.623799
2372.136582 -2.253344 -37.878563
2372.791876 -1.882972 -37.223268
2373.601349 -1.444918 -36.413796
2374.192407 -1.137992 -35.822738
2375.014732 -0.728215 -35.000413
2375.759968 -0.373366 -34.255177
2376.428115 -0.067942 -33.587030
2377.276145 0.303193 -32.739000
2378.792321 0.923395 -31.222823
2379.409059 1.160660 -30.606086
2380.064353 1.403726 -29.950791
2380.860974 1.687136 -29.154171
2381.631914 1.949271 -28.383230
2382.364298 2.187661 -27.650846
2383.186648 2.443449 -26.828496
2383.919032 2.661050 -26.096112
2384.638563 2.865798 -25.376581
2385.525150 3.106199 -24.489994
2386.116183 3.259406 -23.898962
2386.874271 3.447920 -23.140873
2387.593802 3.618773 -22.421342
2388.274802 3.773448 -21.740343
2389.225625 3.978332 -20.789519
2390.613304 4.255087 -19.401841
2391.384244 4.397872 -18.630900
2392.155185 4.533102 -17.859959
2392.861864 4.650603 -17.153280
2393.619952 4.769965 -16.395192
2394.467982 4.895507 -15.547162
2395.084720 4.981647 -14.930425
2395.971307 5.098060 -14.043838
2396.729370 5.190830 -13.285775
2397.320428 5.258937 -12.694717
2398.207015 5.354319 -11.808130
2398.785195 5.412233 -11.229950
2399.684634 5.495757 -10.330510
2400.404165 5.556941 -9.610979
2401.059460 5.608404 -8.955684
2401.830401 5.663859 -8.184744
2402.498548 5.707556 -7.516597
2403.320873 5.761939 -6.694272
2404.066109 5.818260 -5.949036
2404.721403 5.873338 -5.293741
2405.479492 5.943536 -4.535653
2406.147613 6.011164 -3.867531
2406.969938 6.101805 -3.045206
2407.676643 6.186227 -2.338502
2408.409026 6.280080 -1.606118
2409.038616 6.365934 -0.976528
2409.822409 6.479499 -0.192735
2410.644734 6.606612 0.629590
2411.454207 6.739703 1.439062
2412.083822 6.848685 2.068678
2412.918999 7.000622 2.903855
2413.664235 7.143296 3.649091
2414.396619 7.290031 4.381475
2415.206092 7.459735 5.190947
2415.835681 7.597188 5.820537
2416.529533 7.754206 6.514389
2417.351858 7.947815 7.336714
2418.071389 8.123914 8.056245
2418.880862 8.329491 8.865718
2419.536157 8.501704 9.521012
2420.217156 8.686167 10.202012
2421.078038 8.927370 11.062894
2421.874658 9.158547 11.859514
2422.529953 9.354463 12.514809
2423.416515 9.627792 13.401370
2424.046130 9.827681 14.030985
2424.881307 10.100242 14.866163
2425.703632 10.376870 15.688488
2426.358927 10.603184 16.343782
2427.181252 10.894562 17.166107
2428.042134 11.208409 18.026990
2428.761665 11.477642 18.746521
2429.442665 11.738266 19.427520
2430.239285 12.050314 20.224140
2431.023053 12.364887 21.007908
2431.845403 12.703017 21.830259
2432.526377 12.989279 22.511233
2433.245908 13.297922 23.230764
2434.132495 13.686959 24.117351
2434.864879 14.015615 24.849734
2435.545878 14.327133 25.530734
2436.381056 14.716980 26.365911
2437.036350 15.028888 27.021206
2437.871528 15.434109 27.856383
2438.552502 15.770903 28.537357
2439.259206 16.126504 29.244061
2440.004416 16.508200 29.989272
2440.672563 16.856300 30.657419
2441.520593 17.306132 31.505449
2442.252977 17.701848 32.237832
2443.062449 18.147028 33.047305
2443.743449 18.527917 33.728304
2444.411596 18.907281 34.396451
2445.285305 19.411844 35.270161
2445.889215 19.766229 35.874071
2446.685836 20.240756 36.670691
2447.431072 20.691958 37.415927
2448.253397 21.198024 38.238252
2448.921544 21.615550 38.906399
2449.628222 22.063357 39.613078
2450.309222 22.500940 40.294077
2451.260045 23.121857 41.244901
2451.953872 23.582290 41.938727
2452.686255 24.075049 42.671111
2453.380107 24.548287 43.364963
2454.061081 25.018814 44.045937
2454.857727 25.576923 44.842582
2455.718584 26.189328 45.703439
2457.080582 27.178074 47.065438
2457.761556 27.681579 47.746412
2458.519645 28.249307 48.504500
2459.213497 28.775602 49.198352
2459.933028 29.328132 49.917883
2460.665411 29.897621 50.650267
2461.397795 30.474286 51.382651
2462.168736 31.089089 52.153591
2462.811178 31.607534 52.796034
2463.517857 32.184259 53.502712
2464.198856 32.746435 54.183712
2465.085418 33.487764 55.070273
2465.984832 34.250817 55.969687
2467.128391 35.237048 57.113246
2467.835069 35.855529 57.819925
2468.528921 36.469521 58.513777
2469.286984 37.147995 59.271840
2469.955131 37.752654 59.939987
2470.648983 38.387205 60.633839
2471.342809 39.028516 61.327665
2472.113750 39.749091 62.098606
2472.820429 40.417022 62.805285
2473.501428 41.067423 63.486284
2474.169550 41.711983 64.154406
2474.760608 42.287551 64.745464
2475.557228 43.071280 65.542084
2476.328169 43.838516 66.313025
2476.944906 44.458529 66.929762
2477.690142 45.215159 67.674998
2478.345437 45.887226 68.330293
2479.142057 46.712788 69.126913
2479.810204 47.412481 69.795060
2480.478351 48.118841 70.463207
2481.287824 48.983585 71.272679
2481.866029 49.607322 71.850885
2482.675502 50.489052 72.660358
2483.523532 51.423495 73.508387
2484.731327 52.773425 74.716183
2485.605036 53.764017 75.589892
2486.928478 55.287190 76.913334
2487.673714 56.157017 77.658570
2489.189865 57.953857 79.174721
2490.538986 59.583733 80.523842
2491.232838 60.433454 81.217694
2492.042311 61.261073 82.027166
2492.697605 60.273536 82.682461
2493.442841 59.150456 83.427697
2494.200930 58.008007 84.185785
2494.869051 57.001139 84.853907
2495.884112 55.471430 85.868967
2496.488022 54.561329 86.472878
2497.117612 53.612529 87.102467
2497.965642 52.334537 87.950497
2499.533177 49.972241 89.518033
2500.227029 48.926597 90.211885
2500.959413 47.822885 90.944268
2501.730353 46.661068 91.715209
2502.347091 45.731636 92.331946
2503.516329 38.130570 91.162708
2504.107387 35.774429 90.571650
2504.711272 33.758823 89.967765
2505.893388 30.513193 88.785649
2506.574362 28.926979 88.104675
2508.026277 26.007248 86.652760
2508.681571 24.846520 85.997466
2509.324014 23.783710 85.355024
2510.660308 21.771331 84.018730
2511.289897 20.901900 83.389140
2512.009429 19.961136 82.669609
2512.613314 19.210900 82.065724
2513.448491 18.226597 81.230546
2514.078081 17.521817 80.600956
2514.874726 16.671695 79.804311
2515.465759 16.068733 79.213278
2516.326641 15.229321 78.352396
2517.059025 14.548754 77.620012
2518.369614 13.400756 76.309423
2519.037736 12.847187 75.641302
2519.680203 12.333512 74.998834
2520.579617 11.643236 74.099420
2521.183502 11.197577 73.495535
2521.864502 10.711215 72.814536
2522.596885 10.206379 72.082152
2523.187918 9.812091 71.491119
2523.971711 9.306405 70.707326
2524.742626 8.827245 69.936411
2525.436478 8.410686 69.242559
2526.053216 8.051610 68.625822
2527.004039 7.517716 67.674998
2527.723570 7.128868 66.955467
2528.417422 6.765724 66.261615
2529.201190 6.368927 65.477847
2529.895016 6.029071 64.784021
2530.730194 5.633619 63.948843
2531.372636 5.339194 63.306401
2532.040783 5.041682 62.638254
2532.786019 4.719954 61.893018
2533.492698 4.424394 61.186339
2534.392137 4.061140 60.286900
2535.008875 3.820149 59.670163
2535.689874 3.561447 58.989163
2536.563583 3.240561 58.115454
2537.167494 3.025786 57.511544
2537.887025 2.777163 56.792012
2538.645113 2.523530 56.033924
2539.377497 2.286366 55.301540
2540.867943 1.826699 53.811094
2541.548943 1.626561 53.130094
2542.229942 1.432410 52.449095
2543.065120 1.202265 51.613918
2544.517034 0.822335 50.162003
2545.377917 0.608727 49.301121
2546.046038 0.448736 48.632999
2546.778422 0.279027 47.900615
2547.523658 0.112287 47.155379
2548.294599 -0.054037 46.384439
2549.104071 -0.222086 45.574966
2549.862160 -0.373492 44.816878
2550.555986 -0.507111 44.123051
2551.506810 -0.682715 43.172228
2552.804546 -0.908770 41.874491
2553.536930 -1.029598 41.142107
2554.269314 -1.145680 40.409724
2555.014550 -1.259027 39.664488
2555.798343 -1.373147 38.880694
2556.517874 -1.473405 38.161163
2557.237405 -1.569433 37.441632
2558.034025 -1.670910 36.645012
2558.856376 -1.770434 35.822661
2559.524497 -1.847453 35.154540
2560.256881 -1.927997 34.422156
2560.912176 -1.996679 33.766862
2561.773058 -2.082135 32.905979
2562.505441 -2.150644 32.173596
2563.199293 -2.212056 31.479744
2564.021618 -2.280514 30.657419
2564.728297 -2.335659 29.950740
2565.524943 -2.393810 29.154095
2566.231621 -2.441891 28.447416
2566.964005 -2.488301 27.715032
2567.696389 -2.531284 26.982649
2568.608655 -2.580112 26.070382
2569.199713 -2.609000 25.479324
2570.034890 -2.648347 24.644147
2570.728717 -2.684402 23.950320
2571.345480 -2.719308 23.333558
2572.360540 -2.782632 22.318497
2572.990130 -2.825592 21.688908
2573.722513 -2.879127 20.956524
2574.467749 -2.937545 20.211288
2575.174428 -2.996627 19.504609
2575.958221 -3.066368 18.720816
2576.741989 -3.140550 17.937048
2577.602871 -3.227172 17.076166
2578.245313 -3.295333 16.433724
2579.196137 -3.401754 15.482900
2579.838579 -3.477417 14.840458
2580.545258 -3.564157 14.133779
2581.303346 -3.661313 13.375691
2582.189933 -3.780347 12.489104
2583.089347 -3.907090 11.589690
2584.309995 -4.088793 10.369042
2585.196557 -4.227796 9.482480
2585.813320 -4.328005 8.865718
2586.828380 -4.499219 7.850657
2587.406560 -4.600256 7.272477
2588.151796 -4.734262 6.527241
2588.922737 -4.877383 5.756300
2589.590884 -5.005131 5.088153
2590.413209 -5.167106 4.265828
2591.184150 -5.323740 3.494888
2591.865149 -5.465963 2.813888
2592.546123 -5.611820 2.132914
2593.317064 -5.781355 1.361973
2594.177946 -5.976228 0.501091
2594.884625 -6.140597 -0.205588
2595.758359 -6.349336 -1.079322
2596.503595 -6.532217 -1.824558
2597.338773 -6.742491 -2.659736
2597.916953 -6.891370 -3.237916
2598.777835 -7.118082 -4.098798
2599.420277 -7.291214 -4.741240
2600.126982 -7.485577 -5.447944
2600.885070 -7.698651 -6.206033
2601.604601 -7.905290 -6.925564
2602.478310 -8.162001 -7.799273
2603.056516 -8.335399 -8.377479
2603.840309 -8.574936 -9.161272
2604.688339 -8.839949 -10.009302
2605.343634 -9.048913 -10.664596
2606.101722 -9.295227 -11.422685
2606.782696 -9.520685 -12.103659
2607.759224 -9.850973 -13.080187
2608.465903 -10.095145 -13.786866
2609.159755 -10.339120 -14.480718
2609.917843 -10.610504 -15.238806
2610.624522 -10.868040 -15.945485
2611.523936 -11.202212 -16.844899
2612.153551 -11.440427 -17.474514
2612.898787 -11.726974 -18.219750
2613.708260 -12.043885 -19.029223
2614.389259 -12.315093 -19.710222
2615.250116 -12.663972 -20.571079
2615.918263 -12.939429 -21.239226
2616.650647 -13.246093 -21.971610
2617.305941 -13.524689 -22.626904
2618.192528 -13.907986 -23.513491
2619.053411 -14.287222 -24.374373
2619.734385 -14.592159 -25.055347
2620.389679 -14.889753 -25.710642
2622.072886 -15.672999 -27.393849
2622.792443 -16.016175 -28.113406
2623.524827 -16.370647 -28.845789
2624.180121 -16.692263 -29.501084
2625.105240 -17.153516 -30.426203
2625.734830 -17.472280 -31.055793
2626.441534 -17.834806 -31.762497
2627.263859 -18.262965 -32.584822
2628.060479 -18.684270 -33.381442
2628.728626 -19.042619 -34.049589
2629.422478 -19.419604 -34.743441
2630.244803 -19.872833 -35.565766
2630.990039 -20.289652 -36.311002
2631.593949 -20.631694 -36.914912
2632.557600 -21.185456 -37.878563
2633.187215 -21.552595 -38.508178
2634.009540 -22.038501 -39.330503
2634.741924 -22.477404 -40.062887
2636.181012 -23.356845 -41.501974
2636.874838 -23.788989 -42.195801
2637.671484 -24.291769 -42.992446
2638.326778 -24.710665 -43.647741
2639.161956 -25.251572 -44.482918
2639.868634 -25.715451 -45.189597
2640.588191 -26.193663 -45.909154
2641.320575 -26.686541 -46.641537
2641.937312 -27.106432 -47.258275
2642.682548 -27.619760 -48.003511
2643.427784 -28.139649 -48.748747
2644.108783 -28.620512 -49.429746
2644.892577 -29.180853 -50.213539
2645.586403 -29.683084 -50.907366
2646.305960 -30.210151 -51.626922
2647.051196 -30.762749 -52.372158
2647.693638 -31.244659 -53.014601
2648.541668 -31.888703 -53.862630
2649.132726 -32.342959 -54.453688
2649.877962 -32.922055 -55.198924
2650.636050 -33.518461 -55.957013
2651.342729 -34.081135 -56.663692
2652.087965 -34.681591 -57.408928
2652.820348 -35.278839 -58.141311
2653.437111 -35.787346 -58.758074
2654.208027 -36.430144 -59.528989
2654.953288 -37.059220 -60.274251
2655.737056 -37.729017 -61.058019
2656.533701 -38.418542 -61.854664
2657.869995 -39.595158 -63.190958
2658.718025 -40.355034 -64.038988
2659.437556 -41.007902 -64.758519
2660.709588 -42.180599 -66.030551
2661.416293 -42.842467 -66.737255
2662.225765 -43.609792 -67.546728
2663.073795 -44.424335 -68.394758
2664.320148 -45.641573 -69.641110
2665.142473 -46.457981 -70.463435
2665.823472 -47.142194 -71.144435
2666.568708 -47.899468 -71.889671
2667.288265 -48.639194 -72.609227
2667.879297 -49.253142 -73.200260
2668.675943 -50.089840 -73.996906
2669.382622 -50.840955 -74.703584
2670.192120 -51.711776 -75.513082
2670.924503 -52.509351 -76.245466
2671.644034 -53.302026 -76.964997
2672.479237 -54.233587 -77.800200
2673.147359 -54.987765 -78.468322
2673.918300 -55.868052 -79.239262
2674.535062 -56.580138 -79.856025
2675.383092 -57.570774 -80.704055
2676.064092 -58.376089 -81.385054
2677.002063 -59.499796 -82.323026
2677.618800 -59.885779 -82.939763
2678.402593 -58.704592 -83.723556
2679.160682 -57.562143 -84.481645
2679.867361 -56.497169 -85.188323
2680.651154 -55.315982 -85.972117
2681.422095 -54.154165 -86.743057
2682.231567 -52.934279 -87.552530
2682.912567 -51.908004 -88.233529
2684.004741 -50.262083 -89.325704
2684.595774 -49.371389 -89.916737
2685.469508 -48.054659 -90.790471
2686.433184 -46.602387 -91.754147
2687.075627 -45.634218 -92.396589
2687.987893 -44.259421 -93.308856
2688.733154 -43.136302 -94.054117
2689.426981 -42.090697 -94.747944
2690.056571 -37.799580 -94.118354
2690.686160 -35.223848 -93.488764
2691.392865 -33.014779 -92.782060
2692.048159 -31.319694 -92.126765
2693.448690 -28.362279 -90.726235
2694.142542 -27.120620 -90.032383
2694.849220 -25.964913 -89.325704
2695.504540 -24.973783 -88.670384
2696.339718 -23.804067 -87.835207
2696.956455 -22.997642 -87.218469
2697.624602 -22.171582 -86.550322
2698.331306 -21.345469 -85.843618
2698.935191 -20.674178 -85.239733
2699.757542 -19.805884 -84.417383
2700.502778 -19.060064 -83.672147
2701.158072 -18.433374 -83.016852
2701.877604 -17.773906 -82.297321
2702.571455 -17.164102 -81.603469
2703.393780 -16.471891 -80.781144
2704.010543 -15.972820 -80.164381
2704.704370 -15.430532 -79.470555
2705.488163 -14.840693 -78.686762
2706.207694 -14.319070 -77.967230
2706.940078 -13.806391 -77.234847
2707.749576 -13.259829 -76.425349
2708.366313 -12.856769 -75.808611
2709.085870 -12.400310 -75.089055
2710.023841 -11.826364 -74.151084
2710.704840 -11.423774 -73.470084
2711.398667 -11.025171 -72.776258
2712.053961 -10.658947 -72.120963
2712.991932 -10.151215 -71.182992
2713.647227 -9.807473 -70.527697
2714.456725 -9.394709 -69.718199
2715.124872 -9.063493 -69.050052
2715.805846 -8.734375 -68.369078
2716.833784 -8.253038 -67.341140
2718.157200 -7.659297 -66.017724
2718.915289 -7.331656 -65.259636
2720.508554 -6.670906 -63.666370
2721.151022 -6.414642 -63.023902
2721.921937 -6.114511 -62.252987
2722.692878 -5.822145 -61.482046
2723.489524 -5.527925 -60.685401
2724.106261 -5.305487 -60.068663
2724.928586 -5.015925 -59.246338
2725.673848 -4.760226 -58.501077
2726.393379 -4.519242 -57.781546
2727.292793 -4.225894 -56.882132
2728.616234 -3.809582 -55.558690
2729.348618 -3.586761 -54.826306
2730.839115 -3.149232 -53.335809
2731.571499 -2.941807 -52.603425
2732.265325 -2.749746 -51.909599
2733.061971 -2.534424 -51.112953
2733.678708 -2.371458 -50.496216
2734.513886 -2.155833 -49.661039
2735.387620 -1.936334 -48.787304
2736.042915 -1.775691 -48.132009
2736.672505 -1.624490 -47.502420
2737.597649 -1.407771 -46.577275
2738.214386 -1.266831 -45.960538
2739.011007 -1.088870 -45.163918
2739.666327 -0.945861 -44.508598
2740.385858 -0.792286 -43.789067
2741.246740 -0.613185 -42.928184
2741.902035 -0.480175 -42.272890
2742.672950 -0.327295 -41.501974
2743.456743 -0.175771 -40.718181
2744.266216 -0.023335 -39.908709
2744.985772 0.108782 -39.189152
2745.641067 0.226377 -38.533857
2746.450540 0.368124 -37.724385
2747.260012 0.506058 -36.914912
2748.056658 0.638157 -36.118267
2748.724805 0.746209 -35.450120
2749.405804 0.853810 -34.769120
2750.266661 0.986241 -33.908263
2751.731454 1.202582 -32.443471
2752.566631 1.320981 -31.608293
2753.183368 1.406155 -30.991556
2753.992841 1.515084 -30.182083
2754.712398 1.609228 -29.462527
2755.509018 1.710557 -28.665907
2756.228574 1.799507 -27.946350
2756.999490 1.892136 -27.175435
2757.770431 1.982049 -26.404494
2758.541371 2.069288 -25.633553
2759.299460 2.152504 -24.875465
2760.108932 2.238594 -24.065992
2760.802784 2.310146 -23.372140
2761.702198 2.399868 -22.472726
2762.434582 2.470438 -21.740343
2763.089876 2.531715 -21.085048
2763.822260 2.598144 -20.352664
2764.580348 2.664647 -19.594576
2765.338437 2.728888 -18.836488
2766.173614 2.797078 -18.001310
2766.880293 2.852693 -17.294631
2767.638381 2.910258 -16.536543
2768.229439 2.953653 -15.945485
2769.077469 3.013670 -15.097455
2769.874089 3.067670 -14.300835
2770.709267 3.121845 -13.465658
2771.493060 3.170447 -12.681864
2772.264001 3.216165 -11.910924
2773.034916 3.259839 -11.140008
2773.741620 3.298104 -10.433304
2774.474004 3.335992 -9.700920
2775.219240 3.372721 -8.955684
2775.964476 3.407632 -8.210448
2776.761096 3.443096 -7.413828
2777.467800 3.474728 -6.707124
2778.174479 3.507163 -6.000445
2778.919715 3.542247 -5.255209
2779.639272 3.576982 -4.535653
2780.397335 3.614500 -3.777590
2781.142571 3.652314 -3.032354
2781.900659 3.691734 -2.274265
2782.568806 3.727282 -1.606118
2783.301190 3.767120 -0.873735
2784.187777 3.816578 0.012852
2784.881603 3.856232 0.706679
2785.549750 3.895212 1.374826
2786.217897 3.934978 2.042973
2787.220105 3.996112 3.045181
2787.965341 4.042738 3.790417
2788.749134 4.092860 4.574210
2789.494370 4.141556 5.319446
2790.856344 4.233202 6.681419
2791.627284 4.286613 7.452360
2792.333963 4.336559 8.159039
2793.207698 4.399628 9.032773
2794.621055 4.504770 10.446131
2795.430553 4.566750 11.255629
2796.240026 4.630026 12.065102
2796.869616 4.680146 12.694691
2797.781882 4.754190 13.606958
2798.527118 4.815937 14.352194
2799.298059 4.881019 15.123135
2800.030443 4.943993 15.855518
2800.994119 5.028573 16.819194
2801.585151 5.081425 17.410227
2802.381797 5.153850 18.206872
2803.216974 5.231258 19.042050
2803.949358 5.300399 19.774433
2804.604652 5.363270 20.429728
2805.452682 5.446061 21.277758
2806.120804 5.512434 21.945879
2806.981686 5.599464 22.806762
2807.752627 5.678858 23.577702
2808.485010 5.755569 24.310086
2809.165984 5.828035 24.991060
2809.962630 5.914218 25.787706
2810.682161 5.993378 26.507237
2811.478781 6.082497 27.303857
2812.211190 6.165819 28.036266
2812.994958 6.256471 28.820034
2813.675958 6.336501 29.501033
2814.382636 6.420804 30.207712
2815.217814 6.522107 31.042889
2815.963050 6.614045 31.788125
2816.772522 6.715581 32.597598
2817.504906 6.808966 33.329982
2818.275847 6.908848 34.100922
2819.188113 7.029160 35.013189
2820.460145 7.200822 36.285221
2821.153997 7.296406 36.979073
2821.886381 7.398812 37.711456
2822.747263 7.521201 38.572338
2823.428237 7.619577 39.253312
2824.276267 7.744045 40.101342
2824.957266 7.845592 40.782342
2825.638240 7.948575 41.463316
2826.486270 8.078861 42.311345
2827.205801 8.191204 43.030877
2828.015299 8.319599 43.840375
2828.683421 8.427192 44.508496
2829.685654 8.591383 45.510729
2831.060480 8.822177 46.885555
2831.754306 8.941145 47.579382
2832.499542 9.070827 48.324618
2833.386104 9.227705 49.211179
2834.863723 9.495596 50.688799
2835.634664 9.638625 51.459740
2836.289959 9.761994 52.115034
2837.099431 9.916702 52.924507
2837.947461 10.081569 53.772537
2838.602756 10.210955 54.427831
2839.412228 10.373221 55.237304
2840.247406 10.543513 56.072481
2840.851316 10.668501 56.676392
2841.776409 10.863030 57.601485
2842.380320 10.992058 58.205395
2843.960733 11.337535 59.785809
2844.628880 11.487074 60.453956
2845.438353 11.671088 61.263428
2846.209268 11.849292 62.034344
2846.851710 12.000043 62.676786
2847.648356 12.189869 63.473432
2848.444976 12.382955 64.270052
2849.177360 12.563414 65.002435
2849.909743 12.746753 65.734819
2850.654979 12.936327 66.480055
2851.413068 13.132362 67.238143
2852.119747 13.318063 67.944822
2853.057718 13.569065 68.882793
2854.483928 13.960911 70.309003
2855.164927 14.152490 70.990003
2856.128578 11.429622 70.026352
2856.886666 10.426870 69.268264
2857.580518 9.708513 68.574412
2858.338581 9.047427 67.816349
2858.981023 8.555919 67.173907
2859.790521 8.001903 66.364409
2860.471495 7.579619 65.683435
2861.165347 7.182282 64.989583
2861.897731 6.792834 64.257199
2862.475911 6.503938 63.679019
2863.311088 6.111470 62.843842
2864.146266 5.744449 62.008664
2864.840117 5.456388 61.314813
2865.598206 5.157135 60.556724
2866.266327 4.905463 59.888603
2867.165767 4.582706 58.989163
2868.463478 4.145802 57.691452
2869.208714 3.908586 56.946216
2870.018212 3.661102 56.136718
2870.801980 3.430817 55.352950
2871.470127 3.241241 54.684803
2872.228215 3.033158 53.926715
2872.986278 2.832072 53.168652
2873.834308 2.614871 52.320622
2874.476750 2.455453 51.678180
2875.299075 2.257473 50.855855
2875.902986 2.116202 50.251944
2876.648222 1.946443 49.506708
2877.534783 1.750735 48.620147
2878.228635 1.602062 47.926295
2879.025255 1.435989 47.129675
2879.783344 1.282327 46.371586
2880.592816 1.122743 45.562114
2881.222406 1.001696 44.932524
2881.993347 0.856984 44.161583
2882.751435 0.718307 43.403495
2883.419557 0.598952 42.735373
2884.318996 0.442341 41.835934
2884.974291 0.331071 41.180639
2885.655265 0.217878 40.499665
2886.464738 0.086446 39.690192
2887.325620 -0.049749 38.829310
2888.096561 -0.168694 38.058369
2888.751855 -0.267627 37.403075
2889.509918 -0.379668 36.645012
2890.293711 -0.492880 35.861219
2891.668537 -0.685252 34.486393
2892.413773 -0.786350 33.741157
2893.159009 -0.885298 32.995921
2893.929950 -0.985459 32.224980
2895.407570 -1.171412 30.747360
2896.204190 -1.268500 29.950740
2896.859484 -1.346759 29.295446
2897.656105 -1.439998 28.498825
2899.159429 -1.610459 26.995501
2899.853281 -1.686793 26.301649
2900.611369 -1.768556 25.543561
2901.382285 -1.849991 24.772645
2902.037579 -1.917885 24.117351
2902.859904 -2.001399 23.295026
2903.528051 -2.067903 22.626879
2904.324671 -2.145647 21.830259
2905.172701 -2.226598 20.982229
2905.789464 -2.284327 20.365466
2906.508995 -2.350479 19.645935
2907.318468 -2.423392 18.836462
2908.140793 -2.495864 18.014137
2909.078764 -2.576604 17.076166
2910.376501 -2.685023 15.778429
2911.147442 -2.747670 15.007488
2911.905530 -2.808023 14.249400
2912.702150 -2.870135 13.452780
2913.473091 -2.928992 12.681839
2914.244006 -2.986639 11.910924
2914.899301 -3.034706 11.255629
2915.747331 -3.095659 10.407599
2916.518272 -3.149869 9.636658
2917.263508 -3.201202 8.891422
2918.008744 -3.251502 8.146186
2918.818216 -3.304988 7.336714
2919.756187 -3.365494 6.398743
2920.925451 -3.438756 5.229479
2921.786308 -3.491192 4.368622
2922.493012 -3.533305 3.661918
2923.443810 -3.588659 2.711120
2924.150514 -3.628847 2.004416
2924.741547 -3.661843 1.413383
2925.589577 -3.708221 0.565353
2927.080049 -3.787031 -0.925119
2927.876694 -3.827770 -1.721764
2928.609078 -3.864390 -2.454148
2929.251520 -3.895863 -3.096590
2930.215196 -3.941954 -4.060266
2930.896170 -3.973725 -4.741240
2931.641406 -4.007746 -5.486476
2932.373790 -4.040431 -6.218860
2933.967056 -4.111735 -7.812126
2934.622350 -4.142175 -8.467420
2935.367586 -4.177613 -9.212656
2936.035733 -4.210133 -9.880803
2936.691028 -4.242720 -10.536098
2937.603294 -4.289239 -11.448364
2938.335678 -4.327565 -12.180748
2939.183708 -4.373046 -13.028778
2939.864707 -4.410433 -13.709777
2940.571386 -4.450051 -14.416456
2941.406563 -4.497964 -15.251633
2942.267445 -4.548601 -16.112515
2942.935592 -4.588784 -16.780662
2944.451769 -4.682869 -18.296839
2945.209858 -4.731443 -19.054928
2945.890832 -4.775957 -19.735902
2946.700330 -4.829969 -20.545400
2947.445566 -4.880758 -21.290636
2948.203654 -4.933482 -22.048724
2948.974569 -4.988203 -22.819639
2949.758363 -5.044995 -23.603433
2950.477894 -5.098169 -24.322964
2951.338776 -5.163109 -25.183846
2952.045455 -5.217505 -25.890525
2952.790691 -5.275942 -26.635761
2953.600189 -5.340683 -27.445259
2954.345425 -5.401461 -28.190495
2954.975015 -5.453696 -28.820085
2955.900133 -5.531947 -29.745203
2956.593985 -5.591817 -30.439055
2957.326369 -5.656124 -31.171439
2958.212930 -5.735517 -32.058000
2958.829693 -5.791760 -32.674763
2959.690575 -5.871670 -33.535645
2960.410107 -5.939732 -34.255177
2961.026844 -5.999003 -34.871914
2961.926283 -6.087006 -35.771353
2962.645815 -6.158759 -36.490885
2963.378198 -6.233045 -37.223268
2964.187696 -6.316641 -38.032766
2964.920080 -6.393638 -38.765150
2965.691021 -6.476107 -39.536091
2966.423404 -6.555818 -40.268474
2967.155788 -6.636878 -41.000858
2967.952408 -6.726602 -41.797478
2968.774758 -6.820946 -42.619828
2969.545674 -6.911003 -43.390744
2970.136732 -6.981121 -43.981802
2970.881968 -7.070873 -44.727038
2971.768555 -7.179630 -45.613625
2972.385292 -7.256573 -46.230362
2973.130528 -7.350978 -46.975598
2973.850085 -7.443638 -47.695155
2974.621000 -7.544579 -48.466070
2975.224911 -7.624876 -49.069981
2975.931589 -7.720221 -49.776659
2976.869561 -7.849113 -50.714631
2977.576265 -7.948019 -51.421335
2978.321501 -8.054017 -52.166571
2978.989648 -8.150555 -52.834718
2979.837678 -8.275169 -53.682748
2980.595766 -8.388575 -54.440836
2981.276740 -8.492088 -55.121810
2982.111943 -8.621208 -55.957013
2982.831474 -8.734388 -56.676544
2983.602415 -8.857689 -57.447485
2984.360503 -8.981022 -58.205573
2985.118592 -9.106465 -58.963662
2985.825270 -9.225335 -59.670340
2986.454860 -9.332839 -60.299930
2987.302890 -9.480070 -61.147960
2988.060978 -9.614090 -61.906048
2988.780535 -9.743442 -62.625605
2989.538623 -9.882023 -63.383693
2990.296686 -10.023010 -64.141756
2990.977686 -10.151762 -64.822756
2991.761479 -10.302457 -65.606549
2992.455331 -10.438144 -66.300401
2993.406129 -10.627648 -67.251199
2994.035744 -10.755458 -67.880814
2994.780980 -10.909183 -68.626050
2995.487659 -11.057457 -69.332729
2996.387098 -11.249782 -70.232168
2997.222276 -11.432076 -71.067346
2997.890423 -11.580552 -71.735493
2998.584275 -9.634300 -71.041641
2999.650719 -8.365770 -69.975197
3000.832835 -7.400554 -68.793081
3001.590923 -6.896055 -68.034992
3002.271923 -6.492342 -67.353993
3003.222746 -5.987066 -66.403169
3004.571867 -5.357055 -65.054048
3005.252867 -5.069075 -64.373049
3006.756191 -4.488863 -62.869724
3007.539984 -4.211621 -62.085931
3008.298073 -3.957384 -61.327843
3008.953367 -3.747503 -60.672548
3009.891339 -3.461399 -59.734577
3010.585165 -3.259597 -59.040751
3011.227607 -3.079540 -58.398308
3012.101342 -2.844311 -57.524574
3012.756636 -2.674644 -56.869279
3013.514725 -2.485043 -56.111191
3014.337050 -2.286916 -55.288866
3014.992344 -2.134277 -54.633571
3015.647639 -1.986004 -53.978277
3016.457137 -1.808522 -53.168779
3017.266610 -1.636949 -52.359306
3018.037550 -1.478704 -51.588365
3018.757082 -1.335300 -50.868834
3019.540875 -1.183551 -50.085041
3020.209022 -1.057686 -49.416894
3021.005642 -0.911618 -48.620274
3021.738051 -0.780983 -47.887865
3022.431877 -0.660317 -47.194038
3023.189966 -0.531761 -46.435950
3023.845260 -0.423288 -45.780655
3024.667585 -0.290502 -44.958330
3025.412821 -0.173241 -44.213094
3026.003879 -0.082241 -43.622036
3026.864762 0.047254 -42.761154
3027.532909 0.145356 -42.093007
3028.303849 0.256038 -41.322066
3029.061912 0.362341 -40.564003
3029.794321 0.462744 -39.831594
3030.770824 0.593224 -38.855091
3032.068561 0.760899 -37.557354
3032.852354 0.859141 -36.773561
3033.533354 0.942717 -36.092562
3034.342826 1.039973 -35.283089
3035.088062 1.127564 -34.537853
3035.859003 1.216273 -33.766912
3036.629944 1.303101 -32.995972
3037.259534 1.372652 -32.366382
3038.056154 1.458953 -31.569762
3038.827095 1.540709 -30.798821
3039.662272 1.627375 -29.963643
3040.266183 1.688842 -29.359733
3041.139892 1.776032 -28.486024
3041.897980 1.850060 -27.727935
3042.578980 1.915307 -27.046936
3043.337068 1.986577 -26.288848
3044.133688 2.059958 -25.492227
3045.020275 2.139852 -24.605640
3045.637013 2.194351 -23.988903
3046.459338 2.265675 -23.166578
3047.166042 2.325771 -22.459874
3047.949810 2.391151 -21.676106
3048.656514 2.448983 -20.969402
3049.324661 2.502703 -20.301255
3050.146986 2.567567 -19.478930
3051.007868 2.634026 -18.618048
3051.701694 2.686534 -17.924221
3052.498340 2.745686 -17.127576
3053.230724 2.799015 -16.395192
3053.988812 2.853176 -15.637104
3054.656959 2.900050 -14.968957
3055.646314 2.968006 -13.979601
3056.956904 3.055421 -12.669012
3057.804933 3.110442 -11.820982
3058.537317 3.157006 -11.088599
3059.321085 3.205878 -10.304831
3060.040641 3.249886 -9.585274
3060.785877 3.294612 -8.840038
3061.415467 3.331733 -8.210448
3062.212087 3.377842 -7.413828
3063.060117 3.425890 -6.565798
3063.741117 3.463713 -5.884799
3064.422116 3.500869 -5.203800
3065.411471 3.553678 -4.214444
3066.066766 3.587906 -3.559150
3066.760618 3.623506 -2.865298
3067.518681 3.661657 -2.107235
3068.289622 3.699673 -1.336294
3069.086267 3.738137 -0.539648
3069.780094 3.770970 0.154178
3070.499625 3.804372 0.873709
3071.232008 3.837704 1.606093
3072.002949 3.872074 2.377034
3073.506274 3.939644 3.880358
3074.264362 3.975454 4.638446
3074.919657 4.007381 5.293741
3075.754834 4.049390 6.128918
3076.358719 4.080693 6.732803
3077.168217 4.123886 7.542301
3078.080483 4.174269 8.454568
3078.722926 4.210845 9.097010
3079.622340 4.263585 9.996424
3080.277634 4.303148 10.651719
3081.035723 4.350124 11.409807
3081.806663 4.399236 12.180748
3082.539047 4.447154 12.913131
3083.348520 4.501560 13.722604
3084.055198 4.550309 14.429283
3084.954638 4.614059 15.328722
3085.687021 4.667392 16.061106
3086.329464 4.715238 16.703548
3087.344524 4.792879 17.718608
3088.012671 4.845365 18.386755
3088.745054 4.904168 19.119139
3089.567379 4.971794 19.941464
3090.158437 5.021457 20.532522
3091.173498 5.108828 21.547582
3091.841619 5.167788 22.215704
3092.471234 5.224415 22.845319
3093.293559 5.299946 23.667644
3094.128737 5.378500 24.502821
3094.848268 5.447682 25.222352
3095.580652 5.519545 25.954736
3096.325888 5.594182 26.699972
3097.096828 5.673018 27.470913
3097.919153 5.758947 28.293238
3098.625832 5.834327 28.999917
3099.396773 5.918199 29.770857
3100.103452 5.996595 30.477536
3100.810156 6.076461 31.184240
3101.671013 6.175752 32.045097
3102.429101 6.265034 32.803186
3103.135780 6.349836 33.509864
3103.893868 6.442516 34.267953
3104.613400 6.532137 34.987484
3105.307251 6.620104 35.681336
3106.206665 6.736417 36.580750
3106.861960 6.822805 37.236044
3107.555812 6.915806 37.929896
3108.480931 7.042283 38.855015
3109.110520 7.129998 39.484605
3109.907141 7.242913 40.281225
3110.678081 7.354267 41.052166
3111.346228 7.452449 41.720313
3112.374116 7.606575 42.748200
3113.620468 7.798559 43.994553
3114.417088 7.924250 44.791173
3115.303675 8.066921 45.677760
3115.984649 8.178525 46.358734
3116.639944 8.287603 47.014028
3117.462269 8.426849 47.836353
3118.271767 8.566533 48.645851
3119.749387 8.828318 50.123471
3120.417508 8.949635 50.791593
3121.316948 9.115913 51.691032
3121.946537 9.234356 52.320622
3122.897336 9.416483 53.271420
3123.552630 9.544323 53.926715
3124.272187 9.686914 54.646271
3125.030250 9.839682 55.404334
3125.711249 9.979183 56.085334
3126.649220 10.174893 57.023305
3127.330194 10.319616 57.704279
3128.062578 10.477785 58.436662
3128.782135 10.635769 59.156219
3129.591607 10.816612 59.965692
3130.221197 10.959589 60.595281
3131.043522 11.149451 61.417606
3131.840142 11.336806 62.214227
3132.469757 11.487314 62.843842
3133.446260 11.725078 63.820345
3134.024466 11.868393 64.398550
3134.743997 12.049417 65.118082
3135.566322 12.260011 65.940407
3136.170207 12.417230 66.544292
3137.108178 12.665832 67.482263
3137.750621 12.839262 68.124705
3138.650035 13.086472 69.024119
3139.292477 13.266268 69.666561
3140.204769 13.526301 70.578853
3140.782949 13.694027 71.157033
3141.759452 11.027932 70.180530
3142.748807 9.816195 69.191175
3144.085101 8.640693 67.854881
3144.778928 8.139164 67.161054
3145.472779 7.686901 66.467203
3146.359341 7.164366 65.580641
3146.976078 6.830375 64.963904
3147.669930 6.478584 64.270052
3148.428019 6.119029 63.511963
3149.134697 5.803977 62.805285
3149.841376 5.505880 62.098606
3150.612317 5.197753 61.327665
3151.434642 4.886502 60.505340
3152.102789 4.645465 59.837193
3153.092144 4.306019 58.847838
3154.325645 3.908735 57.614337
3155.109412 3.669614 56.830570
3156.702678 3.211608 55.237304
3157.319416 3.043481 54.620566
3158.103209 2.836540 53.836773
3158.899829 2.633449 53.040153
3160.351744 2.280567 51.588238
3161.186921 2.086905 50.753061
3161.932157 1.919428 50.007825
3162.638861 1.765010 49.301121
3163.448334 1.593133 48.491648
3164.090776 1.460344 47.849206
3164.925954 1.292280 47.014028
3165.696869 1.141520 46.243113
3166.313632 1.023796 45.626350
3167.315840 0.837732 44.624142
3167.894045 0.733213 44.045937
3168.652108 0.599186 43.287874
3169.345960 0.479392 42.594022
3170.078344 0.355823 41.861638
3170.926373 0.216295 41.013609
3171.607347 0.106912 40.332635
3172.391141 -0.016161 39.548841
3172.982199 -0.107032 38.957783
3173.894465 -0.244130 38.045517
3174.626849 -0.351512 37.313133
3175.256438 -0.441974 36.683544
3176.168705 -0.570119 35.771277
3176.811147 -0.658339 35.128835
3177.800502 -0.791041 34.139480
3178.995445 -0.946401 32.944537
3179.856328 -1.055122 32.083654
3180.537327 -1.139287 31.402655
3181.488151 -1.254166 30.451831
3182.747330 -1.401736 29.192652
3183.556803 -1.493951 28.383179
3184.250655 -1.571394 27.689327
3185.072980 -1.661312 26.867002
3185.831068 -1.742459 26.108914
3186.563452 -1.819301 25.376530
3187.244426 -1.889412 24.695556
3188.143865 -1.980086 23.796117
3188.799160 -2.044796 23.140822
3189.415897 -2.104680 22.524085
3190.251074 -2.184234 21.688908
3190.944901 -2.249002 20.995081
3191.702989 -2.318430 20.236993
3192.640960 -2.402437 19.299022
3193.283403 -2.458793 18.656579
3193.951550 -2.516405 17.988432
3194.812432 -2.589162 17.127550
3195.519111 -2.647672 16.420871
3196.315731 -2.712341 15.624251
3197.048140 -2.770617 14.891842
3197.806203 -2.829767 14.133779
3198.577144 -2.888725 13.362838
3199.348084 -2.946501 12.591898
3200.054763 -2.998440 11.885219
3200.838556 -3.054926 11.101426
3201.558088 -3.105761 10.381894
3202.431822 -3.166202 9.508160
3203.087117 -3.210621 8.852865
3203.883737 -3.263587 8.056245
3204.564736 -3.307980 7.375246
3205.541239 -3.370239 6.398743
3206.157977 -3.408726 5.782005
3206.800444 -3.448143 5.139538
3207.597065 -3.496074 4.342917
3208.342301 -3.539981 3.597681
3209.280272 -3.593987 2.659710
3209.974098 -3.633048 1.965884
3210.616540 -3.668554 1.323442
3211.438891 -3.713086 0.501091
3212.068481 -3.746495 -0.128499
3213.019304 -3.795841 -1.079322
3213.764540 -3.833598 -1.824558
3214.445514 -3.867404 -2.505532
3215.165071 -3.902414 -3.225089
3216.000248 -3.942145 -4.060266
3216.668370 -3.973239 -4.728388
3217.477868 -4.010103 -5.537886
3218.184547 -4.041569 -6.244565
3218.852694 -4.071051 -6.912712
3219.919138 -4.119447 -7.979156
3221.229727 -4.181332 -9.289745
3221.923579 -4.215184 -9.983597
3222.810141 -4.259548 -10.870159
3223.555377 -4.297814 -11.615395
3224.262081 -4.334929 -12.322099
3225.122963 -4.381243 -13.182981
3226.472084 -4.456287 -14.532102
3227.255877 -4.501283 -15.315895
3227.975408 -4.543507 -16.035426
3228.823438 -4.594410 -16.883456
3229.504438 -4.636187 -17.564456
3230.403852 -4.692606 -18.463870
3231.149088 -4.740437 -19.209106
3231.791530 -4.782466 -19.851548
3232.523913 -4.831287 -20.583931
3233.217765 -4.878440 -21.277783
3234.181441 -4.945400 -22.241459
3234.823883 -4.991000 -22.883901
3235.646208 -5.050502 -23.706226
3236.378592 -5.104580 -24.438610
3237.149533 -5.162620 -25.209551
3237.907621 -5.220820 -25.967639
3238.717094 -5.284215 -26.777112
3239.436625 -5.341661 -27.496643
3240.246123 -5.407538 -28.306141
3241.042743 -5.473672 -29.102761
3241.698038 -5.529055 -29.758056
3242.507510 -5.598706 -30.567528
3243.265599 -5.665192 -31.325617
3243.985155 -5.729435 -32.045173
3244.666129 -5.791265 -32.726147
3245.501307 -5.868484 -33.561325
3246.220863 -5.936252 -34.280881
3246.927542 -6.003939 -34.987560
3247.852661 -6.094267 -35.912679
3248.572218 -6.165887 -36.632236
3249.304601 -6.240027 -37.364619
3250.114074 -6.323449 -38.174092
3250.846457 -6.400281 -38.906475
3251.476073 -6.467374 -39.536091
3252.336929 -6.560689 -40.396947
3253.082165 -6.642965 -41.142183
3253.865959 -6.731017 -41.925977
3254.521253 -6.805843 -42.581271
3255.253637 -6.890796 -43.313655
3256.024578 -6.981749 -44.084596
3256.769814 -7.071183 -44.829832
3257.553607 -7.166872 -45.613625
3258.208901 -7.248173 -46.268919
3259.146873 -7.366638 -47.206891
3260.444609 -7.534683 -48.504627
3261.305492 -7.648869 -49.365510
3261.973639 -7.739010 -50.033657
3262.718875 -7.841143 -50.778893
3263.489790 -7.948588 -51.549808
3264.209347 -8.050549 -52.269365
3264.928878 -8.154147 -52.988896
3265.853997 -8.289800 -53.914015
3266.496439 -8.385655 -54.556457
3267.267380 -8.502504 -55.327398
3267.999763 -8.615378 -56.059781
3268.642231 -8.715920 -56.702249
3269.528792 -8.857045 -57.588810
3270.222644 -8.969456 -58.282662
3270.942175 -9.087882 -59.002193
3271.738821 -9.221244 -59.798839
3272.394116 -9.332742 -60.454134
3273.113647 -9.457076 -61.173665
3273.910292 -9.597107 -61.970310
3274.668355 -9.732715 -62.728373
3275.349355 -9.856539 -63.409373
3276.402972 -10.051934 -64.462990
3277.700709 -10.299155 -65.760727
3278.356004 -10.426818 -66.416022
3279.242591 -10.602645 -67.302609
3280.090620 -10.774244 -68.150638
3281.388357 -11.043513 -69.448375
3282.223535 -11.221204 -70.283553
3283.688327 -11.541492 -71.748345
3284.587767 -9.302380 -70.848906
3285.872651 -7.959803 -69.564021
3286.669297 -7.348607 -68.767376
3287.311739 -6.921355 -68.124934
3288.031270 -6.492582 -67.405402
3288.866447 -6.045041 -66.570225
3289.586004 -5.693437 -65.850668
3290.331240 -5.356176 -65.105432
3290.986535 -5.078705 -64.450138
3292.477007 -4.502075 -62.959666
3293.273652 -4.219756 -62.163020
3294.108830 -3.940051 -61.327843
3294.841213 -3.706956 -60.595459
3295.599302 -3.476453 -59.837371
3296.370242 -3.252241 -59.066430
3297.038364 -3.065545 -58.398308
3297.822157 -2.854808 -57.614515
3298.528861 -2.671892 -56.907811
3299.376891 -2.460596 -56.059781
3300.096422 -2.287836 -55.340250
3300.751717 -2.135359 -54.684955
3301.522658 -1.961544 -53.914015
3302.139395 -1.826588 -53.297277
3303.038835 -1.635901 -52.397838
3303.809750 -1.477917 -51.626922
3304.529307 -1.334738 -50.907366
3305.171749 -1.210221 -50.264924
3306.084015 -1.038509 -49.352657
3306.790719 -0.909404 -48.645953
3307.484546 -0.785812 -47.952127
3308.229782 -0.656400 -47.206891
3309.090664 -0.511013 -46.346008
3310.388401 -0.299713 -45.048272
3311.210726 -0.170449 -44.225947
3311.878873 -0.067934 -43.557800
3312.611282 0.041951 -42.825391
3313.356518 0.151184 -42.080155
3314.114606 0.259730 -41.322066
3314.911226 0.371103 -40.525446
3315.630758 0.469411 -39.805915
3316.350314 0.565626 -39.086358
3317.121230 0.666457 -38.315443
3317.917875 0.768288 -37.518797
3318.714495 0.867792 -36.722177
3319.305553 0.940162 -36.131119
3320.204967 1.047980 -35.231705
3320.834583 1.121845 -34.602090
3321.721144 1.223676 -33.715528
3322.453528 1.305930 -32.983145
3323.031733 1.369708 -32.404939
3323.956852 1.469679 -31.479820
3324.637852 1.541681 -30.798821
3325.408792 1.621615 -30.027880
3326.205413 1.702494 -29.231260
3326.783618 1.760131 -28.653054
3327.708737 1.850533 -27.727935
3328.543914 1.930272 -26.892758
3329.212061 1.992818 -26.224611
3329.983002 2.063642 -25.453670
3330.586887 2.118135 -24.849785
3331.473474 2.196607 -23.963198
3332.295799 2.267800 -23.140873
3332.976799 2.325627 -22.459874
3333.722035 2.387759 -21.714638
3334.608596 2.460143 -20.828076
3335.199654 2.507497 -20.237018
3336.009127 2.571199 -19.427546
3336.805772 2.632621 -18.630900
3337.525304 2.687036 -17.911369
3338.321949 2.746131 -17.114723
3339.028628 2.797560 -16.408044
3339.812421 2.853530 -15.624251
3340.711835 2.916397 -14.724837
3342.060956 3.008041 -13.375716
3342.857602 3.060697 -12.579071
3343.628543 3.110646 -11.808130
3344.309517 3.153955 -11.127156
3345.119015 3.204468 -10.317658
3345.825693 3.247717 -9.610979
3346.648018 3.297066 -8.788654
3347.316165 3.336401 -8.120507
3348.074254 3.380218 -7.362419
3348.845195 3.423906 -6.591478
3349.616110 3.466728 -5.820562
3350.335667 3.505929 -5.101006
3351.029493 3.543038 -4.407179
3351.851818 3.586153 -3.584854
3352.609906 3.625082 -2.826766
3353.290906 3.659393 -2.145767
3354.126083 3.700634 -1.310589
3354.794230 3.732971 -0.642442
3355.539466 3.768362 0.102794
3356.361791 3.806596 0.925119
3356.978529 3.834717 1.541856
3357.865116 3.874321 2.428443
3358.481853 3.901521 3.045181
3359.484061 3.947217 4.047388
3360.165060 3.979454 4.728388
3360.794650 4.010119 5.357978
3361.527034 4.046841 6.090361
3362.310827 4.087401 6.874154
3363.120299 4.130670 7.683627
3363.904093 4.173915 8.467420
3364.636476 4.215534 9.199804
3366.319683 4.315672 10.883011
3367.630247 4.398035 12.193575
3368.478277 4.453411 13.041605
3369.159276 4.499078 13.722604
3369.968749 4.554761 14.532077
3370.752542 4.610142 15.315870
3371.549162 4.667920 16.112490
3372.307251 4.724313 16.870578
3373.180985 4.791031 17.744313
3373.849107 4.843305 18.412435
3374.632900 4.906032 19.196228
3375.455225 4.973486 20.018553
3377.048491 5.109039 21.611819
3377.703786 5.166677 22.267113
3378.461874 5.234745 23.025202
3379.232789 5.305510 23.796117
3379.939494 5.371763 24.502821
3380.697582 5.444319 25.260910
3381.442793 5.517157 26.006120
3382.175202 5.590222 26.738529
3382.946117 5.668729 27.509445
3383.588559 5.735419 28.151887
3384.552235 5.837640 29.115563
3385.271766 5.915693 29.835094
3385.978445 5.993808 30.541773
3386.800796 6.086547 31.364123
3387.481770 6.164855 32.045097
3388.316947 6.262790 32.880275
3388.946537 6.338011 33.509864
3389.717478 6.431773 34.280805
3390.514098 6.530590 35.077425
3391.259334 6.624835 35.822661
3391.978890 6.717504 36.542218
3392.711274 6.813532 37.274602
3393.456510 6.913035 38.019838
3394.214573 7.016126 38.777901
3394.985514 7.122933 39.548841
3395.769307 7.233578 40.332635
3396.553075 7.346322 41.116402
3397.234074 7.446013 41.797402
3398.172045 7.585992 42.735373
3398.840167 7.687614 43.403495
3399.521166 7.792854 44.084494
3400.292107 7.914044 44.855435
3401.037343 8.033290 45.600671
3401.795406 8.156734 46.358734
3402.527790 8.278080 47.091117
3403.362967 8.418994 47.926295
3404.121056 8.549278 48.684383
3404.802055 8.668270 49.365383
3405.662912 8.821379 50.226239
3406.331059 8.942314 50.894386
3407.153384 9.093719 51.716711
3407.937177 9.240702 52.500505
3408.669561 9.380440 53.232888
3409.401944 9.522531 53.965272
3410.198564 9.679798 54.761892
3410.969505 9.834733 55.532833
3411.689036 9.981808 56.252364
3412.472830 10.144779 57.036157
3413.282302 10.316164 57.845630
3413.963276 10.462805 58.526604
3414.682833 10.620242 59.246160
3415.428069 10.786038 59.991396
3416.211837 10.963467 60.775164
3416.995630 11.144101 61.558957
3417.779398 11.327990 62.342725
3418.511781 11.502827 63.075109
3419.295574 11.693214 63.858902
3420.683227 12.038804 65.246555
3421.428463 12.229014 65.991791
3422.340730 12.466363 66.904057
3422.970345 12.633129 67.533672
3423.664171 12.819755 68.227499
3424.627847 13.084039 69.191175
3425.218880 13.249107 69.782207
3425.989821 13.467907 70.553148
3426.786441 13.698227 71.349768
3427.403178 13.879560 71.966506
3428.251208 14.133303 72.814536
3428.957912 14.348745 73.521240
3429.690296 14.575932 74.253623
3430.486916 14.827683 75.050244
3431.167915 15.046820 75.731243
3431.938831 15.299369 76.502158
3432.774008 15.578476 77.337336
3433.557801 15.845769 78.121129
3434.174539 16.059836 78.737866
3434.906922 16.318440 79.470250
3435.742100 16.619323 80.305427
3437.296808 17.197096 81.860136
3437.952103 17.447787 82.515431
3438.658782 17.723088 83.222109
3439.506812 18.060447 84.070139
3440.110697 18.305475 84.674024
3440.997284 18.672683 85.560611
3441.832436 19.027002 86.395763
3442.449198 19.294097 87.012526
3443.168730 19.611726 87.732057
3444.093848 20.030002 88.657176
3444.736291 20.327267 89.299618
3445.610000 20.740856 90.173327
3446.329531 21.089842 90.892859
3447.177561 21.511300 91.740888
3447.948502 21.904394 92.511829
3448.655180 22.273419 93.218508
3449.438974 22.692884 94.002301
3450.248446 23.137855 94.811774
3451.057919 23.595396 95.621246
3451.803155 24.028325 96.366482
3452.599775 24.504180 97.163103
3453.280774 24.922250 97.844102
3454.141631 25.466486 98.704959
3455.670660 26.480058 100.233988
3456.428723 27.006794 100.992051
3457.251048 27.598018 101.814376
3457.842106 28.036579 102.405434
3458.895698 28.848877 103.459026
3460.244845 26.929802 104.808172
3461.092849 25.651848 105.656177
3461.863790 24.490030 106.427118
3462.660410 23.289513 107.223738
3463.367114 22.224501 107.930442
3464.048088 21.198264 108.611416
3464.780472 20.094553 109.343800
3465.654207 18.777823 110.217534
3466.258092 17.867761 110.821419
3467.067564 16.647875 111.630892
3467.838505 15.486057 112.401833
3468.455242 14.556626 113.018570
3469.341804 13.220566 113.905132
3470.536747 10.804088 112.710189
3471.166337 10.184586 112.080599
3471.975809 9.541202 111.271126
3472.592547 9.122462 110.654389
3473.350635 8.665530 109.896300
3474.057314 8.282653 109.189622
3474.841107 7.895512 108.405828
3475.457845 7.613413 107.789091
3476.113139 7.331866 107.133796
3476.935464 7.001139 106.311471
3477.565054 6.762604 105.681882
3478.541557 6.414263 104.705379
3479.145467 6.210434 104.101468
3479.877851 5.973770 103.369085
3480.623062 5.743664 102.623874
3481.509649 5.482539 101.737287
3482.229180 5.279754 101.017756
3482.910179 5.094711 100.336756
3483.565448 4.922509 99.681487
3484.490567 4.688410 98.756368
3485.222951 4.510008 98.023985
3485.916803 4.346228 97.330133
3486.674866 4.172740 96.572070
3487.317308 4.029903 95.929628
3488.113953 3.857802 95.132982
3488.974810 3.677707 94.272125
3489.630105 3.544471 93.616831
3490.465282 3.379218 92.781653
3491.159134 3.245615 92.087802
3491.840108 3.117586 91.406828
3492.778079 2.946004 90.468856
3493.381964 2.838323 89.864971
3494.191462 2.697238 89.055473
3494.962378 2.566201 88.284558
3495.643377 2.453028 87.603559
3496.401440 2.329780 86.845496
3497.185233 2.205251 86.061702
3497.969001 2.083559 85.277935
3498.739942 1.966512 84.506994
3499.716445 1.821875 83.530491
3500.962797 1.642864 82.284138
3501.720886 1.536910 81.526050
3502.478949 1.433083 80.767987
3503.365536 1.314250 79.881400
3503.969421 1.234861 79.277515
3504.727509 1.136924 78.519426
3505.459893 1.044079 77.787043
3506.063778 0.968796 77.183158
3506.976044 0.857185 76.270891
3507.759837 0.763265 75.487098
3508.440811 0.683101 74.806124
3509.198900 0.595388 74.048036
3509.918431 0.513585 73.328505
3510.663667 0.430309 72.583269
3511.537402 0.334500 71.709534
3512.179844 0.265278 71.067092
3512.976464 0.180848 70.270472
3513.914435 0.083377 69.332500
3515.289261 -0.055825 67.957675
3516.073029 -0.133296 67.173907
3516.741176 -0.198288 66.505760
3517.627763 -0.283071 65.619173
3518.360146 -0.351884 64.886789
3519.079678 -0.418436 64.167258
3519.786356 -0.482803 63.460579
3520.724328 -0.566747 62.522608
3522.034917 -0.681272 61.212019
3522.882921 -0.753704 60.364014
3524.373393 -0.877935 58.873542
3525.041540 -0.932385 58.205395
3525.773924 -0.991211 57.473012
3526.609101 -1.057216 56.637834
3527.290101 -1.110204 55.956835
3528.048164 -1.168324 55.198772
3528.921898 -1.234206 54.325037
3529.577193 -1.282852 53.669743
3530.412370 -1.343921 52.834565
3531.170459 -1.398466 52.076477
3531.992784 -1.456695 51.254152
3532.660905 -1.503299 50.586030
3533.521787 -1.562432 49.725148
3534.164230 -1.605898 49.082706
3534.909466 -1.655623 48.337470
3535.757495 -1.711311 47.489440
3536.477027 -1.757826 46.769909
3537.312204 -1.810985 45.934732
3537.980351 -1.852878 45.266585
3538.725587 -1.898951 44.521349
3539.586444 -1.951327 43.660492
3540.293148 -1.993657 42.953788
3540.961295 -2.033134 42.285641
3541.860709 -2.085451 41.386227
3542.503151 -2.122250 40.743784
3543.338329 -2.169391 39.908607
3544.122096 -2.212921 39.124839
3544.815948 -2.250893 38.430987
3545.586864 -2.292470 37.660072
3546.383509 -2.334767 36.863426
3547.154450 -2.375061 36.092486
3547.873981 -2.412112 35.372954
3548.580660 -2.447983 34.666276
3549.338748 -2.485902 33.908187
3550.135369 -2.525129 33.111567
3550.867752 -2.560642 32.379183
3551.612988 -2.596242 31.633947
3552.499575 -2.637899 30.747360
3553.180549 -2.669391 30.066386
3553.848696 -2.699867 29.398239
3554.683874 -2.737383 28.563062
3555.326316 -2.765807 27.920620
3556.328524 -2.809407 26.918412
3556.919582 -2.834701 26.327354
3557.626260 -2.864541 25.620675
3558.422906 -2.897658 24.824030
3559.193821 -2.929188 24.053114
3559.964762 -2.960214 23.282173
3560.658614 -2.987711 22.588322
3561.403850 -3.016801 21.843086
3562.251854 -3.049349 20.995081
3562.997090 -3.077471 20.249845
3563.716647 -3.104203 19.530289
3564.449031 -3.130990 18.797905
3565.245651 -3.159650 18.001285
3566.016592 -3.186918 17.230344
3566.941710 -3.219040 16.305225
3567.558448 -3.240094 15.688488
3568.329389 -3.266164 14.917547
3569.074625 -3.291823 14.172311
3569.781303 -3.316671 13.465632
3570.680743 -3.349028 12.566193
3571.413126 -3.375987 11.833809
3572.158362 -3.403987 11.088573
3572.787952 -3.428091 10.458983
3573.584572 -3.459185 9.662363
3574.458307 -3.494059 8.788629
3575.164986 -3.522859 8.081950
3576.051573 -3.559751 7.195363
3576.706867 -3.587565 6.540068
3577.464930 -3.620327 5.782005
3578.184487 -3.652010 5.062449
3578.904018 -3.684267 4.342917
3579.764900 -3.723622 3.482035
3580.561521 -3.760786 2.685415
3581.268225 -3.794361 1.978711
3582.000608 -3.829762 1.246327
3582.835786 -3.870892 0.411150
3583.581022 -3.908282 -0.334086
3585.161435 -3.989754 -1.914500
3585.868114 -4.027154 -2.621178
3586.549113 -4.063769 -3.302178
3587.281497 -4.103781 -4.034561
3587.898234 -4.137989 -4.651299
3588.849058 -4.191657 -5.602122
3589.594294 -4.234517 -6.347358
3590.326678 -4.277327 -7.079742
3591.046209 -4.320056 -7.799273
3591.804297 -4.365801 -8.557362
3592.549533 -4.411503 -9.302598
3593.281917 -4.457133 -10.034981
3594.014326 -4.503479 -10.767390
3594.772389 -4.552211 -11.525453
3595.658976 -4.610197 -12.412040
3596.391359 -4.658915 -13.144424
3597.200832 -4.713628 -13.953896
3597.946068 -4.764814 -14.699132
3598.691304 -4.816789 -15.444368
3599.436540 -4.869562 -16.189604
3600.143244 -4.920351 -16.896309
3600.901333 -4.975646 -17.654397
3601.582307 -5.026043 -18.335371
3602.494598 -5.094646 -19.247663
3603.162720 -5.145688 -19.915784
3604.049307 -5.214476 -20.802371
3604.691749 -5.265082 -21.444814
3605.372749 -5.319431 -22.125813
3606.297867 -5.394440 -23.050932
3606.966014 -5.449466 -23.719079
3607.775487 -5.517102 -24.528551
3608.520723 -5.580320 -25.273787
3609.368753 -5.653382 -26.121817
3610.126841 -5.719718 -26.879906
3610.859225 -5.784735 -27.612289
3611.630166 -5.854173 -28.383230
3612.401106 -5.924649 -29.154171
3613.082080 -5.987773 -29.835145
3613.917258 -6.066325 -30.670322
3614.649641 -6.136248 -31.402706
3615.446287 -6.213424 -32.199351
3616.152966 -6.282872 -32.906030
3617.078110 -6.375212 -33.831174
3617.681995 -6.436369 -34.435059
3618.452936 -6.515469 -35.206000
3619.146762 -6.587653 -35.899827
3619.917703 -6.668981 -36.670767
3620.650087 -6.747350 -37.403151
3621.510969 -6.840868 -38.264033
3622.230500 -6.920208 -38.983564
3622.924352 -6.997747 -39.677416
3623.785234 -7.095378 -40.538298
3624.440529 -7.170767 -41.193593
3625.339943 -7.275776 -42.093007
3626.020942 -7.356483 -42.774006
3626.676237 -7.435132 -43.429301
3627.627060 -7.551005 -44.380125
3628.963354 -7.717430 -45.716419
3629.824211 -7.826906 -46.577275
3631.186210 -8.003824 -47.939274
3631.982830 -8.109457 -48.735894
3632.740918 -8.211488 -49.493983
3634.244243 -8.418269 -50.997307
3634.912390 -8.512113 -51.665454
3635.670478 -8.620069 -52.423543
3636.505656 -8.740854 -53.258720
3637.199507 -8.842703 -53.952572
3637.957596 -8.955569 -54.710660
3638.741364 -9.074033 -55.494428
3639.396658 -9.174489 -56.149723
3640.219009 -9.302405 -56.972073
3641.041334 -9.432418 -57.794398
3641.619539 -9.525115 -58.372604
3642.493274 -9.667239 -59.246338
3643.199953 -9.784026 -59.953017
3644.125071 -9.939450 -60.878136
3644.767514 -10.049111 -61.520578
3645.474218 -10.171411 -62.227282
3646.206601 -10.300038 -62.959666
3647.028926 -10.446793 -63.781991
3647.722778 -10.572581 -64.475843
3648.660749 -10.745547 -65.413814
3650.022723 -11.002860 -66.775787
3650.703722 -11.134338 -67.456787
3651.538900 -11.298226 -68.291964
3652.245604 -11.439233 -68.998668
3653.055076 -11.603434 -69.808141
3653.787485 -11.754539 -70.540550
3654.519869 -11.908110 -71.272933
3655.650575 -12.150202 -72.403640
3656.884076 -12.421475 -73.637140
3657.603607 -12.583300 -74.356671
3658.233197 -12.727134 -74.986261
3659.286814 -12.972650 -76.039878
3660.635960 -13.296175 -77.389025
3661.471138 -13.501820 -78.224202
3662.087875 -13.656416 -78.840940
3662.961610 -13.879545 -79.714674
3663.693993 -14.070409 -80.447058
3664.426402 -14.264896 -81.179467
3665.120229 -14.452582 -81.873293
3665.942579 -14.679527 -82.695644
3666.649258 -14.878580 -83.402322
3667.291700 -15.062886 -84.044765
3668.191140 -15.326477 -84.944204
3669.771553 -15.806195 -86.524617
3670.388316 -15.999453 -87.141380
3671.133552 -16.237744 -87.886616
3671.801699 -16.456004 -88.554763
3672.701113 -16.757020 -89.454177
3673.420669 -17.004079 -90.173734
3674.127348 -17.252378 -90.880413
3674.949673 -17.548722 -91.702738
3675.707762 -17.829346 -92.460826
3676.388761 -18.087834 -93.141825
3677.275348 -18.433949 -94.028412
3678.020584 -18.733772 -94.773648
3678.778672 -19.047623 -95.531737
3679.575318 -19.387679 -96.328382
3680.269144 -19.692954 -97.022209
3681.052938 -20.048717 -97.806002
3681.875263 -20.435319 -98.628327
3682.594819 -20.785694 -99.347884
3683.250114 -21.115355 -100.003178
3684.162380 -21.592522 -100.915445
3685.023262 -22.064167 -101.776327
3685.614320 -22.401195 -102.367385
3686.462350 -22.905511 -103.215415
3687.233291 -23.387525 -103.986355
3687.991379 -23.886133 -104.744444
3688.749468 -24.412409 -105.502532
3689.546088 -24.682875 -106.299152
3690.201408 -23.695300 -106.954472
3691.036585 -22.436677 -107.789650
3691.884615 -21.158685 -108.637680
3692.591294 -20.093710 -109.344358
3693.387940 -18.893155 -110.141004
3694.814175 -16.743800 -111.567239
3695.636500 -15.504546 -112.389564
3696.445998 -14.284622 -113.199062
3697.126997 -13.258347 -113.880062
3698.000732 -11.941617 -114.753796
3699.118611 -10.025897 -113.635917
3699.722496 -9.537998 -113.032032
3700.429201 -9.076820 -112.325328
3701.148732 -8.680892 -111.605797
3701.893993 -8.323381 -110.860535
3702.677761 -7.989201 -110.076767
3703.268819 -7.759195 -109.485709
3704.219643 -7.420664 -108.534886
3705.029141 -7.157432 -107.725388
3705.722967 -6.946958 -107.031561
3706.429671 -6.744942 -106.324857
3707.123498 -6.557272 -105.631031
3707.894438 -6.359703 -104.860090
3708.665379 -6.172399 -104.089149
3709.423468 -5.997171 -103.331061
3710.220113 -5.821646 -102.534415
3710.901113 -5.677972 -101.853416
3711.697733 -5.516714 -101.056796
3712.340200 -5.391603 -100.414328
3713.136821 -5.242134 -99.617708
3713.715026 -5.137313 -99.039502
3714.691555 -4.966777 -98.062974
3715.449643 -4.839631 -97.304885
3716.143469 -4.727006 -96.611059
3716.940115 -4.601833 -95.814413
3717.621114 -4.498144 -95.133414
3718.417735 -4.380506 -94.336794
3719.214380 -4.266592 -93.540148
3719.972469 -4.161465 -92.782060
3720.576379 -4.079891 -92.178149
3721.437236 -3.966782 -91.317293
3722.221029 -3.866890 -90.533499
3722.940586 -3.777653 -89.813943
3723.762911 -3.678434 -88.991618
3724.443910 -3.598402 -88.310618
3725.446118 -3.483980 -87.308411
3726.641061 -3.352511 -86.113468
3727.334913 -3.278526 -85.419616
3728.067296 -3.202224 -84.687232
3728.992440 -3.108372 -83.762088
3729.647735 -3.043542 -83.106793
3730.392971 -2.971415 -82.361557
3731.061118 -2.908151 -81.693410
3731.870591 -2.833225 -80.883938
3732.757178 -2.753248 -79.997351
3734.106299 -2.635556 -78.648230
3734.735914 -2.582222 -78.018615
3735.750974 -2.498286 -77.003554
3736.431973 -2.443348 -76.322555
3737.125800 -2.388475 -75.628729
3737.909593 -2.327788 -74.844935
3738.693386 -2.268441 -74.061142
3739.412917 -2.215110 -73.341611
3740.106769 -2.164696 -72.647759
3740.826300 -2.113442 -71.928228
3741.751419 -2.049038 -71.003109
3743.164802 -1.953780 -69.589726
3743.948595 -1.902534 -68.805933
3744.668127 -1.856451 -68.086402
3745.336274 -1.814464 -67.418255
3746.312802 -1.754459 -66.441726
3747.083743 -1.708202 -65.670786
3747.700480 -1.671888 -65.054048
3748.432864 -1.629547 -64.321665
3749.319451 -1.579401 -63.435078
3750.090392 -1.536764 -62.664137
3750.784218 -1.499143 -61.970310
3751.709362 -1.450065 -61.045166
3752.351804 -1.416697 -60.402724
3752.955689 -1.385856 -59.798839
3753.932218 -1.337035 -58.822311
3754.523276 -1.308106 -58.231253
3755.371306 -1.267398 -57.383223
3756.090837 -1.233584 -56.663692
3757.054513 -1.189319 -55.700016
3757.632718 -1.163311 -55.121810
3758.429339 -1.128142 -54.325190
3759.200279 -1.094828 -53.554249
3760.729309 -1.030800 -52.025220
3761.346046 -1.005727 -51.408482
3762.116987 -0.974979 -50.637542
3762.862223 -0.945874 -49.892306
3763.646016 -0.915909 -49.108512
3764.416931 -0.887069 -48.337597
3765.200725 -0.858380 -47.553804
3765.907403 -0.833053 -46.847125
3766.665492 -0.806442 -46.089037
3767.307959 -0.784336 -45.446569
3768.117432 -0.757057 -44.637096
3769.016846 -0.727486 -43.737682
3769.595052 -0.708879 -43.159477
3770.404524 -0.683354 -42.350004
3771.111228 -0.661561 -41.643300
3771.920701 -0.637154 -40.833827
3772.691642 -0.614452 -40.062887
3773.398346 -0.594099 -39.356182
3774.053641 -0.575614 -38.700888
3774.875966 -0.552936 -37.878563
3775.711143 -0.530487 -37.043385
3776.520616 -0.509280 -36.233913
3777.201615 -0.491854 -35.552913
3778.011088 -0.471627 -34.743441
3778.730644 -0.454084 -34.023884
3779.501560 -0.435740 -33.252969
3780.156854 -0.420510 -32.597674
3780.927795 -0.403012 -31.826733
3781.942855 -0.380657 -30.811673
3782.521061 -0.368265 -30.233468
3783.292002 -0.352126 -29.462527
3784.050090 -0.336675 -28.704438
3784.731064 -0.323148 -28.023464
3785.630503 -0.305784 -27.124025
3786.439976 -0.290640 -26.314552
3787.185212 -0.277097 -25.569316
3787.943300 -0.263708 -24.811228
3788.829862 -0.248540 -23.924666
3790.166156 -0.226661 -22.588372
3790.962802 -0.214171 -21.791727
3791.618096 -0.204203 -21.136432
3792.697393 -0.188378 -20.057135
3793.982277 -0.170487 -18.772251
3794.778923 -0.159905 -17.975605
3795.459897 -0.151164 -17.294631
3796.269395 -0.141135 -16.485133
3797.117425 -0.131045 -15.637104
3797.798399 -0.123248 -14.956130
3798.530808 -0.115163 -14.223721
3799.468754 -0.105258 -13.285775
3800.085516 -0.099017 -12.669012
3800.920694 -0.090906 -11.833835
3801.601693 -0.084579 -11.152835
3802.308372 -0.078284 -10.446156
3803.066460 -0.071833 -9.688068
3803.863081 -0.065388 -8.891448
3804.698258 -0.058995 -8.056270
3805.404962 -0.053874 -7.349566
3806.098789 -0.049099 -6.655740
3806.908287 -0.043844 -5.846242
3807.627818 -0.039455 -5.126711
3808.347349 -0.035330 -4.407179
3809.169674 -0.030934 -3.584854
3809.927762 -0.027180 -2.826766
3810.621614 -0.023992 -2.132914
3811.366850 -0.020831 -1.387678
3812.189175 -0.017655 -0.565353
3812.805913 -0.015486 0.051384
3813.602558 -0.012953 0.848030
3814.437736 -0.010618 1.683207
3815.131562 -0.008926 2.377034
3815.889650 -0.007332 3.135122
3816.699123 -0.005921 3.944595
3817.482916 -0.004839 4.728388
3818.176743 -0.004112 5.422214
3818.934831 -0.003563 6.180303
3819.680067 -0.003271 6.925539
3820.425303 -0.003206 7.670775
3821.299038 -0.003182 8.544509
3821.980012 -0.003164 9.225483
3822.763805 -0.003143 10.009276
3823.419099 -0.003126 10.664571
3824.215720 -0.003105 11.461191
3825.063749 -0.003082 12.309221
3825.770454 -0.003063 13.015925
3826.605631 -0.003041 13.851103
3827.273753 -0.003023 14.519224
3828.186044 -0.002999 15.431516
3828.956960 -0.002979 16.202431
3829.676516 -0.002959 16.921988
3830.550251 -0.002942 16.048253
