0.000000 0.000000
0.000000 0.263647
0.176555 0.240970
0.353124 0.230815
0.529704 1.180733
0.706234 2.905304
0.889330 5.307976
1.065847 5.367829
1.248893 3.364713
1.425385 2.417665
1.628077 2.387425
1.804708 3.160704
1.987804 4.695902
2.177352 4.872906
2.367090 4.034247
2.556599 4.543870
2.759304 6.004515
2.948889 8.126050
3.131998 10.841338
3.308490 14.152042
3.485071 18.352038
3.681209 18.677360
3.857739 14.811389
4.073462 12.066876
4.263073 10.746400
4.472254 10.511116
4.674972 11.164072
4.864633 12.499979
5.047679 14.444625
5.224259 17.103831
5.413845 20.548597
5.603431 20.649111
5.806224 17.951779
5.989231 16.845313
6.165748 16.963820
6.348768 18.049782
6.544920 20.095066
6.767208 22.898159
6.963385 26.080605
7.139902 29.702703
7.316445 33.988302
7.499477 39.160395
7.695667 45.423993
7.904912 52.047451
8.081442 58.891083
8.264563 66.629461
8.447646 75.387505
8.630768 85.472829
8.820404 98.248071
9.049258 111.876193
9.225852 111.212126
9.422041 98.380940
9.605099 87.343397
9.781654 77.415434
9.964699 68.136649
10.160876 60.147090
10.337368 53.098693
10.553154 47.140682
10.736199 42.481131
10.971492 38.874528
11.213389 37.063237
11.468430 36.814489
11.703876 37.790274
11.958942 39.513873
12.155183 41.666855
12.338241 44.334305
12.521375 47.638031
12.710960 51.756655
12.913652 56.778441
13.122923 63.373705
13.371347 71.142955
13.574014 79.634181
13.770166 89.026038
13.946657 101.019728
14.175511 114.490751
14.352029 128.507238
14.548129 128.750002
14.737753 114.727512
14.920925 102.359580
15.104008 91.549347
15.280589 80.806208
15.522499 71.132951
15.725178 63.293029
15.999701 57.309232
16.222028 54.148840
16.490048 53.307528
16.803853 55.041065
17.130738 58.417954
17.405299 62.407379
17.634153 66.379341
17.810620 70.689459
18.006797 75.931188
18.209463 82.364982
18.438330 89.647012
18.647575 97.761868
18.876404 106.048536
19.052959 114.437883
19.236068 124.468745
19.432207 135.883361
19.621830 148.338262
19.811467 161.747774
19.994524 161.043950
20.197204 147.419178
20.373785 135.861974
20.550315 125.182007
20.733385 115.417995
20.916417 105.734477
21.151774 96.397381
21.393658 88.877302
21.635580 83.378526
21.870835 79.685706
22.158554 77.931205
22.433140 77.947612
22.648926 79.161471
22.910457 81.290672
23.132809 83.838668
23.315879 87.021758
23.525099 90.814106
23.708208 95.131638
23.904346 100.037138
24.087404 105.707925
24.283568 112.422806
24.466677 120.242310
24.649735 129.635035
24.839384 140.221515
25.015901 151.764513
25.192482 164.595302
25.369037 164.356721
25.552171 150.675310
25.748412 138.059786
25.944576 127.351039
26.127685 118.310984
26.317296 110.680006
26.500366 104.262560
26.709535 98.958234
26.938338 95.387358
27.206410 94.051657
27.382927 95.048332
27.722881 97.094959
27.912479 100.427795
28.226296 104.964459
28.455150 110.153034
28.710115 116.646988
28.965068 123.238056
29.161232 129.823868
29.363899 137.188790
29.566553 145.507106
29.775849 154.942319
29.978528 164.804671
30.155045 175.114880
30.331575 186.477872
30.508169 199.141496
30.691252 199.371779
30.867795 186.918976
31.044388 175.136165
31.233961 162.447463
31.488939 150.897687
31.691593 141.996705
31.907378 134.905514
32.083858 129.690642
32.260400 124.741326
32.534936 121.080435
32.724560 119.457582
32.999172 119.157598
33.267282 120.447094
33.568068 122.850684
33.810016 125.769188
34.012759 129.876698
34.280805 134.873805
34.490000 139.823629
34.679636 145.459599
34.882290 152.368742
35.084956 160.160739
35.261525 168.796590
35.438029 179.554952
35.640708 191.933140
35.823842 205.139337
36.006900 205.374738
36.183443 192.168131
36.373105 180.108115
36.556213 169.831862
36.732743 160.641381
36.928895 152.585530
37.118519 145.220669
37.386552 139.243875
37.634989 136.112950
37.948806 135.422231
38.125336 137.305583
38.511048 141.287528
38.837972 146.441811
39.125627 152.051072
39.361021 158.026500
39.589875 164.258388
39.785976 170.350876
39.962506 177.824411
40.197888 185.986197
40.374456 194.228151
40.564041 204.448181
40.773312 216.365179
40.975991 228.569452
41.152572 241.059453
41.329077 254.596901
41.505581 269.188765
41.682187 285.139796
41.865220 304.816516
42.094099 327.195507
42.303382 348.600272
42.486517 370.587454
42.682719 395.429287
42.891977 422.055800
43.094707 452.957920
43.343195 487.458556
43.578678 517.301857
43.755234 547.977619
44.003760 587.357120
44.304572 625.998763
44.546533 666.145397
44.873520 702.381421
45.063232 703.595214
45.239800 679.648435
45.422896 656.375916
45.606005 634.611076
45.782522 613.956541
45.965618 592.366947
46.181366 570.153147
46.403628 550.101286
46.606282 530.346666
46.861235 510.993746
47.096477 491.363222
47.429852 470.758247
47.795980 456.703955
47.992132 448.104652
48.227513 440.354931
48.469436 434.288502
48.730954 430.492625
48.920565 428.584640
49.195190 427.813377
49.450244 427.990654
49.692179 428.726220
49.953735 430.006017
50.202224 431.856527
50.463869 434.325204
50.725489 437.379069
50.987122 441.018446
51.248780 445.063566
51.490791 450.076810
51.791705 455.132265
51.987869 459.936427
52.216748 464.841953
52.393304 469.510400
52.576412 474.830838
52.779104 480.392405
52.955660 486.842479
53.164930 494.482974
53.341473 503.061167
53.524569 513.153791
53.707640 524.630892
53.890761 537.238000
54.067304 551.201610
54.250361 568.303682
54.466147 586.580863
54.642664 606.605743
54.858463 630.767384
55.080713 657.302191
55.303090 684.531897
55.505756 717.555541
55.780368 757.980311
56.054993 793.010417
56.238038 826.793159
56.493080 861.845907
56.695784 900.011760
56.996571 940.815129
57.238506 946.079199
57.415125 921.078178
57.591681 897.363562
57.768274 873.761486
57.964464 850.424407
58.160666 828.669043
58.356932 807.882109
58.566215 785.971228
58.827708 767.326124
59.004213 750.193167
59.291842 732.224058
59.559927 719.086914
59.775700 708.951449
60.024200 700.715134
60.253143 694.533437
60.560521 690.889654
60.782924 690.196577
61.109949 690.976279
61.358437 692.455411
61.606963 694.601914
61.920780 697.452718
62.221542 700.503460
62.476532 703.912928
62.757647 707.835036
63.025693 711.818768
63.260999 716.705047
63.581305 722.322339
63.849364 727.838648
64.110832 734.411987
64.431202 740.684437
64.633894 745.950272
64.843114 753.134994
65.163497 761.142409
65.405394 767.617252
65.595043 774.190447
65.823859 783.576903
66.163914 794.657588
66.464650 804.974772
66.719666 814.318975
66.915843 823.547860
67.105441 835.460806
67.347363 848.526663
67.530472 861.093409
67.713581 876.119467
67.929366 893.240829
68.132058 910.010149
68.308652 927.079280
68.491735 947.677303
68.714036 969.150576
68.890604 989.343956
69.067134 1011.412267
69.256770 1035.437441
69.446394 1060.785979
69.642571 1087.665639
69.851905 1090.134579
70.028410 1066.338707
70.231114 1043.293673
70.414248 1022.261709
70.603834 1002.378327
70.786955 982.154413
71.009243 962.332962
71.211935 945.134935
71.408061 927.651612
71.656473 912.273500
71.832914 897.390156
72.126945 883.739729
72.310003 873.901871
72.532291 864.515592
72.761119 856.307611
73.022663 850.044474
73.244951 845.798282
73.532619 843.318416
73.794150 842.596666
74.029557 842.529181
74.245292 842.779674
74.526521 843.346235
74.768418 844.206015
75.016919 845.546298
75.317744 847.256760
75.572810 849.041769
75.795162 851.102463
76.043714 853.758193
76.324917 856.788197
76.579971 859.789994
76.802348 863.800250
77.148919 868.076001
77.364730 871.897263
77.606690 875.968264
77.822476 880.121739
78.044777 884.722792
78.280209 891.066741
78.633282 897.052222
78.809850 902.261436
79.064853 908.782482
79.326384 914.732449
79.516046 920.470759
79.725266 927.146326
79.914953 935.331755
80.124173 944.640771
80.300741 955.332986
80.503458 969.224781
80.732338 984.841425
80.935055 1001.820353
81.150879 1020.788967
81.360099 1039.499205
81.536692 1059.066533
81.732869 1081.104277
81.929059 1105.077864
82.131776 1129.704398
82.314834 1156.739701
82.530632 1158.146115
82.726809 1132.194772
82.916484 1107.412351
83.119239 1084.163611
83.308888 1061.889482
83.524674 1039.673191
83.747102 1020.223876
83.943330 1004.186547
84.126387 989.016681
84.342084 972.306701
84.629727 957.675539
84.852065 947.253055
85.074354 938.771728
85.303296 931.937954
85.571419 927.351172
85.826575 925.593721
86.062045 925.926533
86.349853 927.474672
86.696436 929.340393
86.938358 931.332859
87.199940 933.988260
87.507229 936.713743
87.716423 939.938427
88.036806 943.641901
88.272137 947.645168
88.572861 952.379273
88.853988 956.753563
89.069685 961.555389
89.357302 967.133456
89.618820 973.044945
89.899947 979.243002
90.154887 985.661941
90.422971 992.337335
90.671396 998.812967
90.900275 1005.498907
91.142185 1013.577785
91.442959 1020.942200
91.619514 1026.932107
91.815666 1034.097449
92.051048 1043.345640
92.351873 1053.684157
92.613391 1063.450812
92.822624 1072.882825
93.005719 1084.303675
93.234586 1097.667018
93.437278 1111.690640
93.639983 1126.556279
93.829619 1141.889737
94.012766 1159.343958
94.221986 1178.336475
94.411622 1196.960166
94.588165 1216.377071
94.771248 1237.256099
94.954369 1260.920471
95.163615 1285.637759
95.346698 1285.792369
95.529743 1262.728778
95.719341 1239.719541
95.922059 1218.642387
96.098614 1199.497804
96.288288 1180.241015
96.490904 1160.305197
96.726286 1140.857569
96.955165 1124.826862
97.144637 1111.225210
97.347227 1095.325451
97.667508 1081.650729
97.850579 1072.113585
98.092463 1063.376765
98.308223 1055.871292
98.609010 1050.282674
98.818192 1047.334247
99.086264 1045.813215
99.341280 1045.437660
99.609364 1045.487810
99.818584 1045.820580
100.067059 1046.431449
100.302466 1047.429700
100.590223 1048.890215
100.877929 1050.672932
101.146051 1052.634357
101.388037 1054.759750
101.623508 1057.385354
101.904736 1060.221820
102.127075 1063.308886
102.395198 1067.148647
102.682891 1070.973430
102.905242 1074.808309
103.153743 1079.259573
103.415287 1084.016066
103.663788 1089.301935
103.944979 1094.611208
104.167229 1099.341111
104.369997 1104.140354
104.579242 1110.643231
104.899625 1117.941820
105.148139 1124.837625
105.390036 1132.425519
105.605872 1140.792193
105.802011 1151.242187
106.030916 1164.152335
106.253255 1177.121535
106.429848 1190.216375
106.612919 1205.100415
106.802593 1221.296938
106.985664 1239.186498
107.181904 1258.411660
107.364974 1278.307121
107.548083 1299.092489
107.724638 1320.717210
107.901143 1343.543453
108.077737 1342.724550
108.267398 1318.004387
108.463563 1294.789635
108.653237 1273.814084
108.836371 1254.931052
109.012952 1235.652323
109.235342 1217.293512
109.425029 1202.004173
109.614614 1187.357097
109.830311 1170.963415
110.144128 1155.976601
110.405647 1146.351329
110.608377 1139.363195
110.856979 1133.765656
111.144787 1130.914569
111.399955 1130.670051
111.668077 1131.669298
111.929672 1133.113502
112.178173 1134.836307
112.426661 1137.404812
112.786274 1140.459972
113.054371 1143.324067
113.296243 1146.756390
113.597055 1150.366945
113.819305 1154.422705
114.126531 1158.888072
114.361887 1163.705556
114.662585 1169.240551
114.937134 1174.630078
115.185546 1180.073817
115.433958 1186.145152
115.708557 1192.962910
115.989697 1199.804495
116.238122 1207.017631
116.519312 1214.461086
116.761196 1222.067076
117.029293 1229.559828
117.245092 1237.156114
117.500070 1244.442346
117.683166 1253.177868
118.003587 1264.381789
118.284727 1275.184301
118.507027 1287.053199
118.749026 1300.008047
118.951692 1313.570974
119.160950 1329.586258
119.389842 1346.004638
119.572964 1362.166086
119.762524 1380.779067
119.971845 1400.316505
120.154890 1421.601924
120.370702 1443.727364
120.547270 1464.801906
120.723800 1486.855423
120.900355 1511.221845
121.103136 1535.687531
121.279742 1563.339019
121.534847 1597.460808
121.816127 1626.810196
121.999261 1661.191429
122.365529 1697.795437
122.587817 1727.998137
122.855926 1757.994547
123.078240 1785.376172
123.307094 1813.741807
123.549054 1842.289486
123.784436 1873.307381
124.072117 1902.181230
124.274796 1926.620866
124.490582 1949.772280
124.673716 1950.086758
124.856837 1929.765579
125.046422 1909.961444
125.242612 1891.974162
125.419142 1876.039782
125.595710 1861.151441
125.772278 1846.841743
125.961838 1832.548202
126.171071 1819.144285
126.373674 1807.528016
126.569686 1796.688755
126.798464 1787.125028
127.001130 1778.656829
127.269113 1769.935132
127.680987 1764.329475
127.929437 1762.635947
128.171321 1762.055850
128.413218 1761.866714
128.655115 1761.842759
128.896986 1761.988167
129.145436 1762.327204
129.413470 1762.847404
129.661945 1763.644669
129.975788 1764.639101
130.224238 1765.649832
130.446564 1766.807291
130.688512 1768.172267
130.930472 1769.656882
131.159364 1771.377623
131.420933 1773.421858
131.689069 1775.571520
131.930991 1777.849435
132.186020 1780.470411
132.460657 1783.023460
132.669915 1785.764096
132.944552 1788.937607
133.199594 1792.140438
133.448095 1795.849806
133.748894 1799.702600
133.990817 1803.579558
134.265467 1807.794619
134.527049 1811.880334
134.762481 1815.684031
134.971777 1819.997840
135.246478 1825.525325
135.566975 1831.150904
135.828519 1835.742856
136.024798 1840.363961
136.273286 1845.539461
136.508731 1850.810110
136.750666 1856.315882
136.992639 1863.496438
137.358831 1871.544923
137.653141 1878.649851
137.921238 1884.850134
138.130509 1890.605658
138.352860 1897.722841
138.620983 1905.565630
138.817210 1913.913547
139.019940 1924.140747
139.229211 1935.974998
139.431966 1948.990245
139.628194 1964.088642
139.843980 1980.161771
140.027101 1997.264003
140.229882 2016.061448
140.419518 2036.023963
140.615721 2056.623673
140.792302 2077.807717
140.975347 2100.643461
141.158468 2124.771650
141.341564 2156.722859
141.622640 2191.293133
141.838451 2222.524431
142.073859 2255.723595
142.322398 2292.140942
142.610129 2326.459512
142.832442 2362.539126
143.152838 2398.299381
143.375151 2438.641530
143.774058 2482.351558
144.055211 2513.476589
144.264456 2539.767703
144.473727 2563.806676
144.650257 2564.163828
144.826838 2543.615778
145.003406 2524.343876
145.179986 2506.348029
145.356555 2488.491239
145.559297 2470.977478
145.762002 2455.144594
145.964783 2440.588631
146.180721 2427.089763
146.409613 2415.145671
146.644957 2404.856588
146.906399 2397.400161
147.102500 2392.474829
147.350950 2389.193424
147.632090 2388.259845
147.821688 2388.824956
148.070113 2389.893824
148.344687 2391.306985
148.671521 2392.818754
148.919946 2394.213880
149.148724 2395.916457
149.449409 2397.895671
149.717468 2399.791047
149.952812 2401.942999
150.246956 2404.378235
150.514964 2406.892847
150.789538 2409.562242
151.057559 2412.246956
151.306035 2415.042123
151.567655 2418.011968
151.822747 2421.166874
152.090907 2424.983191
152.424447 2428.789245
152.666370 2432.278597
152.927926 2436.142122
153.202576 2440.307505
153.483754 2444.846805
153.784529 2449.505227
154.059166 2454.405188
154.366519 2459.534234
154.647697 2464.306777
154.896172 2468.924792
155.144660 2473.996061
155.425851 2478.679156
155.622003 2484.116570
155.962020 2490.503462
156.236619 2495.959262
156.472014 2501.343592
156.727017 2507.226504
156.995063 2513.714640
157.289271 2519.810090
157.511610 2525.985915
157.799253 2532.860861
158.067350 2538.808197
158.270080 2544.975476
158.544679 2551.947276
158.799695 2558.089751
159.002463 2563.446739
159.192023 2568.795592
159.388200 2574.130540
159.571334 2581.160358
159.878674 2589.643583
160.153325 2597.225568
160.388732 2604.050446
160.604530 2610.887209
160.833460 2617.618581
161.036152 2623.825522
161.225852 2629.950898
161.408935 2637.191432
161.624810 2645.565573
161.821012 2655.657864
162.063011 2667.135310
162.272332 2678.103070
162.455466 2689.615296
162.651694 2702.176880
162.841356 2716.610321
163.063733 2732.490126
163.266501 2747.828543
163.449597 2762.934495
163.626203 2779.428201
163.822418 2797.016992
164.005527 2816.485744
164.221312 2836.468987
164.397855 2856.366286
164.594108 2878.486081
164.796749 2900.392761
164.979871 2901.062728
165.156363 2881.983551
165.332981 2863.943897
165.509511 2846.359166
165.699161 2829.853496
165.875716 2815.018844
166.052259 2800.520972
166.248423 2785.638808
166.470686 2772.321251
166.660157 2761.030661
166.862785 2749.141223
167.137283 2738.982146
167.333384 2730.980078
167.607996 2724.649788
167.791028 2720.350184
168.078683 2716.831187
168.529762 2715.367124
168.758565 2715.147086
169.033177 2715.047870
169.268508 2715.083821
169.510405 2715.260355
169.785005 2715.596278
170.059591 2716.014495
170.268786 2716.562378
170.536832 2717.311661
170.804967 2718.135219
171.033821 2719.486672
171.471971 2721.188413
171.772770 2722.727925
172.047408 2724.298819
172.302437 2725.906913
172.544384 2727.598343
172.786332 2729.517163
173.054442 2731.593087
173.302955 2733.903606
173.590687 2736.385008
173.845715 2739.097089
174.146515 2742.063975
174.421127 2744.836809
174.656572 2747.834620
174.944291 2750.838339
175.160051 2753.993780
175.447820 2757.573480
175.709415 2761.225559
175.984103 2765.121225
176.258855 2768.924145
176.500790 2772.874621
176.775440 2776.902296
177.010835 2781.242377
177.305106 2785.769904
177.547054 2789.990653
177.788938 2794.575672
178.057061 2799.538757
178.325107 2804.267762
178.553999 2808.677557
178.776351 2813.395655
179.024775 2818.498349
179.273302 2825.293495
179.665655 2831.524821
179.848764 2835.822952
180.051507 2841.636106
180.358885 2848.335598
180.626982 2854.778709
180.882023 2862.457162
181.169780 2872.520558
181.477120 2884.542468
181.771430 2895.481752
181.961079 2906.639357
182.209542 2919.261227
182.418850 2931.393520
182.615053 2943.972380
182.811229 2957.127080
183.000891 2970.333486
183.177459 2985.585885
183.399811 3001.583153
183.576417 3018.223657
183.792190 3036.505565
183.988392 3054.454166
184.178054 3073.201649
184.374257 3093.064451
184.570433 3113.739624
184.766636 3135.226340
184.962800 3156.755056
185.145909 3178.273985
185.328992 3200.372327
185.512050 3201.037609
185.688605 3179.974375
185.878254 3158.281994
186.094027 3138.459474
186.277148 3121.207027
186.473363 3105.374809
186.656497 3091.286723
186.846172 3077.042659
187.081579 3063.954826
187.290900 3054.085602
187.474009 3046.120380
187.670148 3039.575266
187.853269 3034.199681
188.088651 3030.272452
188.297922 3028.480667
188.520273 3028.322491
188.788421 3029.169645
189.063033 3030.219957
189.278806 3031.441817
189.566499 3032.946163
189.841073 3034.656914
190.141771 3036.298254
190.350953 3038.169473
190.671272 3040.524536
190.971945 3042.908263
191.253046 3045.377509
191.534123 3047.845194
191.782509 3050.395859
192.050543 3053.219734
192.325117 3056.116155
192.580108 3059.042313
192.835085 3061.977948
193.070480 3065.211015
193.351683 3069.100998
193.665564 3072.974277
193.920555 3076.931604
194.221341 3080.882998
194.456774 3084.946090
194.751033 3089.564506
195.038739 3094.245081
195.319917 3098.575129
195.548783 3103.050482
195.829949 3107.644434
196.058841 3113.010250
196.405373 3119.350316
196.719254 3124.652632
196.941580 3129.646918
197.209677 3135.170514
197.471221 3140.909439
197.745820 3147.084560
198.033488 3152.738781
198.249261 3158.770701
198.556512 3165.468286
198.818068 3172.100938
199.105736 3178.961657
199.373820 3185.310420
199.609202 3191.195640
199.831503 3197.539338
200.093059 3204.348286
200.341560 3210.567645
200.550767 3216.076459
200.740455 3222.042744
200.975849 3228.562935
201.198188 3234.903841
201.413961 3243.205361
201.760557 3253.032000
202.067897 3261.960829
202.342547 3270.506147
202.610669 3278.712277
202.833059 3287.528101
203.075032 3296.729556
203.264681 3307.637222
203.526314 3319.138648
203.702920 3330.498971
203.918744 3343.080454
204.108469 3356.419658
204.317752 3371.857883
204.540129 3386.998860
204.716723 3401.475085
204.899819 3417.541299
205.096021 3435.310870
205.298751 3453.007249
205.475332 3470.907177
205.664981 3489.884814
205.848077 3510.022138
206.044229 3530.520432
206.220822 3554.048705
206.462757 3557.344463
206.652368 3536.910848
206.848570 3517.091658
207.051250 3499.145459
207.234346 3481.982276
207.450157 3466.279252
207.626699 3453.302440
207.803306 3439.582070
208.038637 3426.381791
208.241265 3415.801773
208.437302 3407.095425
208.613756 3396.597119
209.005957 3385.702269
209.417869 3380.305673
209.659715 3378.786401
209.855867 3378.262195
210.097776 3377.976826
210.352716 3377.807110
210.653465 3377.777807
210.908379 3377.888264
211.156817 3378.121240
211.405241 3378.495624
211.673300 3379.021421
211.941321 3379.650450
212.183231 3380.426517
212.457843 3381.352685
212.712846 3382.334394
212.948317 3383.522339
213.236048 3384.923080
213.504145 3386.382123
213.759174 3387.851014
213.988066 3389.534645
214.269193 3391.408459
214.517732 3393.376749
214.785816 3395.642135
215.073560 3397.964994
215.322061 3400.376887
215.596699 3403.085340
215.877877 3406.016366
216.165646 3408.993920
216.427177 3412.088696
216.708342 3415.080640
216.930669 3418.297793
217.224940 3421.848811
217.480007 3425.422261
217.754645 3429.082159
218.003171 3432.835739
218.271331 3436.970936
218.552535 3441.146633
218.807602 3444.928926
219.023387 3449.052715
219.304527 3453.742104
219.572599 3458.228958
219.814534 3462.608527
220.056507 3466.979200
220.285323 3471.718014
220.553420 3476.898034
220.815002 3481.814934
221.043843 3487.134633
221.331574 3492.290203
221.534292 3497.369074
221.802389 3502.910339
222.037834 3507.759614
222.234023 3514.013898
222.580594 3520.254877
222.763715 3526.256547
223.038416 3532.886714
223.214997 3540.268364
223.463485 3549.691299
223.698930 3560.024297
223.934350 3571.490151
224.169783 3584.856284
224.431390 3599.003343
224.653754 3613.324462
224.882621 3628.196544
225.091892 3643.592021
225.307716 3659.631951
225.510446 3675.206984
225.693605 3690.422299
225.870148 3706.007995
226.046716 3723.798434
226.255974 3742.285215
226.432542 3759.902668
226.609123 3779.913103
226.818406 3800.980566
227.001464 3821.001972
227.178057 3841.697846
227.361140 3841.141624
227.557330 3819.751760
227.746992 3799.909631
227.943169 3782.136949
228.119711 3766.380349
228.302845 3750.972044
228.505576 3736.798718
228.695212 3723.167832
228.937236 3710.310815
229.166153 3699.669409
229.414692 3691.601674
229.617461 3685.935409
229.852893 3682.030790
230.068666 3680.324405
230.330312 3680.366229
230.578787 3681.160818
230.774926 3682.170542
231.049487 3683.405809
231.297950 3684.800007
231.579090 3686.466636
231.873260 3688.404263
232.187102 3690.223735
232.402901 3691.971415
232.657866 3694.202210
232.965193 3696.631695
233.233278 3699.170956
233.527562 3701.890183
233.802187 3704.737289
234.089867 3707.661854
234.351449 3710.625730
234.619571 3713.964776
234.920346 3717.410653
235.181940 3720.890274
235.463105 3724.826038
235.770407 3729.065732
236.071232 3733.142280
236.332776 3736.975754
236.581239 3740.991891
236.849349 3745.349647
237.123961 3749.737369
237.378989 3754.266153
237.653525 3759.341482
237.954249 3764.081740
238.176460 3768.849827
238.464128 3774.372196
238.751720 3779.988874
239.032796 3785.697094
239.313885 3791.279780
239.568812 3796.866408
239.836846 3802.291346
240.065674 3807.250199
240.281422 3813.220687
240.588698 3820.080257
240.869851 3826.317315
241.111723 3832.697985
241.392901 3839.368494
241.647891 3845.762241
241.896379 3852.886132
242.197153 3859.878036
242.425969 3866.666544
242.700645 3873.384905
242.916380 3880.420804
243.204162 3886.997250
243.380666 3892.841598
243.609559 3901.089597
243.943099 3911.054276
244.276588 3920.523061
244.564345 3929.979431
244.865157 3938.976296
245.074453 3947.688068
245.296855 3957.371749
245.506126 3969.161145
245.767720 3982.209518
245.983633 3994.695118
246.186350 4008.603247
246.415306 4023.693715
246.624564 4038.333248
246.814315 4053.334940
247.010492 4068.837914
247.193562 4084.263052
247.370181 4100.092944
247.546749 4117.228126
247.736385 4135.058650
247.912941 4153.293505
248.096062 4172.211892
248.272618 4192.492031
248.468769 4214.944763
248.678052 4237.047487
248.867701 4267.184080
249.227365 4299.240182
249.456283 4328.802164
249.776691 4358.469384
250.012137 4386.773811
250.312961 4415.175087
250.554922 4440.905697
250.809938 4464.718129
251.019208 4490.555813
251.319983 4517.770502
251.561956 4538.529086
251.738524 4566.332910
252.130852 4595.469987
252.340123 4597.341527
252.516691 4581.521791
252.693246 4565.982832
252.889423 4551.541600
253.065991 4537.898365
253.275262 4524.823120
253.471426 4513.833315
253.654535 4503.213463
253.889942 4493.509295
254.092507 4486.413658
254.268973 4480.284756
254.497840 4475.348479
254.674421 4472.096512
254.877126 4469.931407
255.066787 4468.857985
255.295629 4468.347808
255.524470 4468.049314
255.779422 4467.823333
256.040915 4467.695577
256.269744 4467.663158
256.544343 4467.718862
256.786253 4467.850320
257.001975 4468.071079
257.256902 4468.408952
257.524949 4468.885177
257.819157 4469.407379
258.034904 4470.002340
258.302963 4470.746088
258.564494 4471.570407
258.819523 4472.378579
259.022215 4473.286110
259.283810 4474.307393
259.506187 4475.292599
259.715445 4476.433569
259.970524 4477.591129
260.160122 4478.773793
260.395542 4480.279769
260.670192 4481.916915
260.918668 4483.567402
261.167182 4485.308260
261.415657 4487.190093
261.677239 4489.297768
261.958417 4491.565140
262.233042 4493.888226
262.501139 4496.046342
262.716937 4498.331023
262.991575 4500.988372
263.266212 4503.415032
263.475457 4506.115631
263.782785 4509.114408
264.031260 4512.010360
264.299370 4515.156785
264.573995 4518.288260
264.822470 4521.692076
265.123270 4525.281902
265.384826 4528.817619
265.659464 4532.137176
265.875249 4535.602074
266.156427 4539.385051
266.404928 4543.030685
266.653391 4546.867474
266.914973 4550.745507
267.156908 4554.931194
267.444614 4559.318945
267.699630 4563.488095
267.948080 4568.148077
268.248879 4573.140829
268.523568 4577.370034
268.726222 4581.997376
269.033587 4588.935660
269.471686 4596.041250
269.779013 4601.022336
269.981693 4605.918811
270.269424 4611.293665
270.511384 4616.366408
270.759860 4621.176607
270.969130 4625.573563
271.171810 4630.392708
271.413757 4635.205599
271.609960 4639.430732
271.793030 4645.059416
272.106898 4650.831135
272.296534 4656.874836
272.623559 4664.585165
272.917793 4672.555238
273.179400 4681.598927
273.447535 4691.041152
273.663359 4701.165081
273.905307 4711.604979
274.094994 4721.430730
274.278090 4733.773024
274.526604 4747.566436
274.729346 4761.582064
274.951685 4775.750775
275.134832 4789.053534
275.311413 4803.560343
275.507590 4819.017459
275.690686 4834.362427
275.867305 4851.597315
276.076575 4871.114211
276.285820 4890.530129
276.475495 4909.765111
276.665144 4930.091585
276.861346 4953.391208
277.090188 4976.771172
277.273296 5006.527792
277.593717 5038.710689
277.809528 5063.873481
278.012258 5089.566427
278.241112 5117.316988
278.483060 5147.047394
278.751195 5175.334959
278.973559 5199.953596
279.182805 5225.777786
279.431306 5253.155452
279.673279 5282.347671
279.961023 5310.144419
280.183361 5336.161635
280.444905 5365.665155
280.739152 5391.742558
280.941907 5393.468682
281.118501 5375.852032
281.308175 5359.281703
281.491284 5344.628749
281.667877 5330.230910
281.883688 5316.483575
282.086431 5305.370505
282.269565 5295.573992
282.485389 5287.368191
282.662059 5281.128809
282.858388 5275.929614
283.067862 5272.443232
283.244442 5270.618089
283.434066 5270.075867
283.695623 5270.591942
283.944073 5271.584054
284.218659 5272.604115
284.447463 5273.790253
284.761242 5275.108302
285.016219 5276.419906
285.290730 5277.931564
285.591441 5279.683165
285.918275 5281.374538
286.166687 5283.061376
286.460870 5284.843322
286.715746 5286.550985
286.964196 5288.352389
287.225638 5290.297116
287.493647 5292.239671
287.735531 5294.149712
287.977428 5296.233525
288.245448 5298.242297
288.454681 5300.203615
288.696591 5302.216179
288.905823 5304.042038
289.095409 5306.070464
289.337344 5308.531121
289.605403 5311.192172
289.873487 5313.965894
290.148137 5316.960161
290.442383 5319.893661
290.690846 5323.326169
291.057025 5326.880098
291.312029 5329.884116
291.567057 5333.363321
291.887478 5337.212748
292.188240 5340.871568
292.462903 5344.362700
292.724421 5348.201024
293.038289 5352.075825
293.293317 5355.767950
293.567942 5359.628425
293.836065 5363.715308
294.130311 5367.884052
294.398433 5372.041430
294.679573 5376.432963
294.967292 5380.806878
295.235414 5385.267618
295.523133 5390.135937
295.830460 5395.041843
296.111663 5399.536975
296.360126 5403.653919
296.588980 5408.068120
296.863618 5412.663021
297.105553 5417.455130
297.393271 5422.255963
297.628678 5426.890561
297.890209 5432.027768
298.171349 5437.177859
298.426302 5441.892507
298.655143 5446.675010
298.910185 5451.915940
299.178269 5456.623742
299.374420 5461.876799
299.688326 5467.667211
299.930236 5472.221987
300.119872 5477.258214
300.401063 5482.629398
300.616899 5487.858737
300.878456 5493.143306
301.094229 5498.051240
301.316568 5503.534762
301.578124 5508.622665
301.761233 5513.315094
301.983572 5518.278533
302.186251 5523.449778
302.421722 5528.355113
302.598277 5534.906465
302.964558 5541.670791
303.154182 5546.180943
303.330775 5550.646777
303.513846 5556.884712
303.827828 5564.345912
304.102541 5572.076628
304.429528 5579.896248
304.704179 5587.711724
305.005054 5596.941863
305.318986 5606.629380
305.580542 5616.581507
305.848664 5627.611792
306.116812 5640.084677
306.404594 5652.877514
306.646542 5664.886632
306.868919 5678.031144
307.123948 5691.088737
307.320125 5705.130439
307.581706 5721.097400
307.817152 5736.780661
308.046082 5751.756929
308.242335 5766.636745
308.451580 5782.822159
308.667379 5798.539146
308.850513 5814.009137
309.046715 5831.647550
309.269041 5849.837701
309.465243 5866.538065
309.641799 5883.700500
309.838001 5901.112031
310.014557 5919.406433
310.230368 5919.845762
310.446166 5902.741085
310.629313 5888.248084
310.812409 5873.996526
311.021667 5860.152715
311.230975 5848.449250
311.414058 5838.105495
311.623380 5828.302594
311.839216 5818.862813
312.120293 5809.922958
312.460246 5804.403525
312.643368 5802.125168
312.826464 5800.852591
313.029130 5800.276896
313.231809 5799.924997
313.506358 5799.616163
313.728684 5799.388392
313.983611 5799.212749
314.232011 5799.107531
314.480410 5799.072849
314.774593 5799.100908
314.970719 5799.196399
315.232212 5799.383404
315.519892 5799.652834
315.787926 5799.983757
316.042904 5800.379143
316.297920 5800.873136
316.579047 5801.410230
316.807863 5801.990468
317.062841 5802.602637
317.272073 5803.207559
317.481395 5803.959686
317.749504 5804.886246
318.024116 5805.866063
318.279183 5806.855534
318.521182 5808.123777
318.867803 5809.646960
319.181683 5811.190241
319.489011 5812.674542
319.744052 5814.079855
319.992553 5815.555091
320.247569 5817.330264
320.567990 5819.141332
320.809950 5820.888694
321.084575 5822.871965
321.372281 5824.964471
321.653446 5827.042032
321.915003 5828.907256
322.124261 5831.033847
322.431575 5833.506336
322.706213 5835.808134
322.954701 5838.218883
323.235866 5840.796213
323.503963 5843.359999
323.765545 5845.833755
324.000952 5848.447032
324.275590 5851.125685
324.510984 5853.736061
324.759485 5856.816619
325.066800 5860.048763
325.328382 5863.063022
325.583410 5866.070800
325.831886 5869.558352
326.152294 5873.123195
326.400808 5876.314529
326.649309 5879.572933
326.897784 5883.077282
327.172422 5886.607034
327.414382 5890.400662
327.715182 5894.170920
327.944074 5897.688506
328.199077 5901.216966
328.421390 5905.162811
328.722139 5909.223314
328.951019 5913.162386
329.225631 5917.269980
329.467578 5921.346914
329.729084 5925.380839
329.957951 5929.429711
330.212992 5933.707824
330.461430 5938.630914
330.781876 5945.515006
331.239609 5953.321460
331.645019 5959.176919
331.873911 5963.356936
332.089671 5967.214287
332.279320 5971.055729
332.488553 5975.131760
332.697836 5980.655982
333.044368 5986.174490
333.234030 5991.571728
333.508706 5997.696773
333.711461 6004.315183
333.966515 6013.559656
334.286936 6024.728746
334.594276 6035.868002
334.855845 6047.326579
335.130521 6058.845097
335.359388 6071.213163
335.634051 6084.470502
335.869496 6097.634952
336.111431 6111.888247
336.359919 6126.454244
336.588849 6141.748780
336.837325 6156.348756
337.026987 6172.569048
337.301688 6192.790632
337.582878 6211.104475
337.785621 6226.786666
337.981811 6243.784723
338.204124 6262.703060
338.433080 6281.946356
338.648866 6300.611152
338.851621 6319.832707
339.067445 6338.941245
339.257094 6357.288143
339.446730 6377.073733
339.656014 6396.892187
339.839071 6396.292310
340.041814 6378.136920
340.224885 6362.333598
340.408057 6347.189912
340.610774 6333.066865
340.806989 6320.939115
340.996651 6309.435572
341.232134 6299.197518
341.441430 6291.731446
341.631105 6285.498288
341.886350 6280.590938
342.154764 6278.412728
342.455830 6278.446669
342.678169 6279.328351
342.939789 6280.304346
343.181724 6281.374939
343.456324 6282.492800
343.691629 6283.729192
343.985850 6285.181065
344.279995 6286.737714
344.580718 6288.230380
344.822551 6289.646623
345.070963 6291.204450
345.338959 6292.955254
345.626588 6294.825650
345.907690 6296.684699
346.169158 6298.475278
346.411017 6300.381838
346.685578 6302.402642
346.940518 6304.442977
347.202011 6306.439513
347.430814 6308.359292
347.659643 6310.302815
347.881943 6312.179830
348.084661 6314.195250
348.326583 6316.817695
348.646953 6319.799192
348.947740 6322.713488
349.235420 6325.579472
349.510071 6328.667543
349.823913 6331.655924
350.065848 6334.657663
350.366622 6337.801073
350.621651 6341.106201
350.935519 6344.603244
351.210131 6348.111143
351.510905 6351.615037
351.772461 6355.033507
352.047112 6358.652617
352.328277 6362.303795
352.596374 6366.032408
352.877539 6369.650313
353.119474 6373.389173
353.407205 6377.431709
353.681843 6381.555286
353.969561 6385.507756
354.211509 6389.435446
354.486147 6393.734308
354.767325 6398.162017
355.048490 6402.829028
355.349277 6407.198732
355.584709 6411.704376
355.892024 6415.994459
356.094741 6420.419783
356.408571 6425.358548
356.663600 6429.742375
356.905535 6434.545871
357.199768 6439.354386
357.435188 6443.935369
357.696732 6448.822213
357.958263 6453.777655
358.219807 6458.547521
358.455214 6463.704450
358.749397 6468.597387
358.952089 6473.365153
359.226650 6478.314392
359.442360 6483.060772
359.690797 6488.817049
359.998137 6494.364998
360.220425 6499.291336
360.462322 6504.979935
360.750053 6510.086995
360.933136 6514.681087
361.168518 6520.118325
361.423496 6525.613725
361.658903 6531.247785
361.920511 6536.637915
362.129769 6541.860107
362.371729 6547.592317
362.620192 6553.149988
362.842531 6558.058633
363.032180 6563.172224
363.267625 6568.726334
363.489964 6573.606689
363.666481 6580.164675
364.019681 6588.671523
364.346681 6596.977885
364.660586 6605.556675
364.954896 6614.647305
365.236176 6624.410791
365.510851 6635.419700
365.805110 6647.849143
366.099420 6659.749307
366.328338 6671.074747
366.563770 6682.173142
366.759998 6692.789592
366.956213 6704.269804
367.165484 6718.474688
367.433606 6733.939695
367.662485 6749.114460
367.897931 6764.023193
368.100686 6778.371431
368.303429 6792.241098
368.480023 6806.587732
368.682740 6823.191500
368.905079 6839.244479
369.081660 6854.451911
369.271334 6870.633073
369.460971 6891.105781
369.735621 6895.598315
369.912163 6880.295705
370.095285 6865.564957
370.284908 6852.181734
370.461489 6839.550713
370.664194 6827.319964
370.866937 6815.539316
371.108923 6803.892754
371.383585 6794.985437
371.579699 6788.861416
371.795561 6782.715944
372.200957 6778.847349
372.377513 6777.954130
372.612882 6777.338711
373.050956 6776.915705
373.279772 6776.709846
373.495494 6776.543558
373.789651 6776.432158
374.044616 6776.399178
374.253836 6776.435800
374.547994 6776.533838
374.776810 6776.685207
375.012141 6776.926499
375.299796 6777.260999
375.574408 6777.657032
375.835901 6778.110265
376.090955 6778.649400
376.365592 6779.209052
376.581391 6779.820841
376.842973 6780.486643
377.058809 6781.196248
377.307323 6782.063066
377.582049 6783.035813
377.850171 6784.141132
378.151022 6785.355595
378.432225 6786.614788
378.713429 6788.023112
379.020730 6789.553334
379.314989 6791.087270
379.589665 6792.767764
379.903520 6794.430082
380.145493 6795.990425
380.400497 6797.769676
380.688215 6799.598223
380.936691 6801.483326
381.217856 6803.437405
381.466344 6805.339858
381.714832 6807.467728
382.002538 6809.804180
382.283703 6812.226297
382.571396 6814.613335
382.826425 6816.990442
383.094548 6819.531872
383.369172 6822.279341
383.663406 6824.841444
383.885732 6827.551995
384.193072 6830.711976
384.487318 6833.605526
384.729253 6836.619014
385.030053 6839.739433
385.278541 6842.907349
385.572813 6846.145825
385.821288 6849.467872
386.115547 6853.153884
386.409819 6856.502172
386.638711 6859.668743
386.893714 6863.026579
387.142215 6866.497115
387.403772 6870.172821
387.671894 6874.062761
387.953072 6877.741182
388.181952 6881.250065
388.430440 6885.513175
388.750797 6890.104708
389.031975 6893.864276
389.234655 6897.905622
389.541982 6902.268469
389.777376 6906.445941
390.051976 6911.184271
390.346209 6915.554392
390.568536 6919.661277
390.823539 6924.461593
391.117823 6928.922895
391.327030 6932.983694
391.568965 6937.880871
391.863237 6942.599887
392.078972 6946.712706
392.301324 6951.189890
392.549774 6956.552383
392.857114 6963.637144
393.242952 6970.262723
393.452223 6975.572779
393.661494 6983.429669
394.001523 6991.738798
394.197688 6998.081227
394.374243 7007.425755
394.701268 7019.815161
394.995527 7032.321367
395.276756 7045.659469
395.564462 7060.464662
395.865274 7075.335522
396.120303 7088.842559
396.342667 7102.049376
396.565006 7116.050061
396.793923 7130.200539
397.003156 7147.701153
397.310559 7167.280255
397.559047 7184.348709
397.774871 7201.063459
397.997223 7218.868266
398.226140 7236.988431
398.441951 7253.725812
398.625060 7270.100350
398.821262 7287.180473
399.010911 7303.793771
399.187492 7321.749496
399.396750 7340.742655
399.586387 7359.901943
399.789142 7361.101655
399.972263 7344.153065
400.155397 7328.815487
400.332004 7314.582654
400.521627 7300.839873
400.724383 7287.896819
400.940207 7276.969109
401.129856 7267.453104
401.365339 7259.203323
401.581137 7252.932058
401.836306 7248.505602
402.111299 7246.688149
402.490711 7247.250067
402.915755 7248.602621
403.190367 7249.742623
403.458401 7250.877517
403.700259 7252.143512
403.994442 7253.747674
404.340886 7255.388102
404.615434 7256.863799
404.870361 7258.389936
405.138382 7260.022133
405.406416 7261.723711
405.674398 7263.584752
405.968581 7265.448554
406.216930 7267.438175
406.524206 7269.319655
406.726822 7271.121927
406.994881 7273.076273
407.223671 7274.931258
407.452487 7276.921195
407.700975 7278.964080
407.929817 7281.093891
408.184845 7283.581149
408.479104 7286.355548
408.779878 7289.182235
409.067584 7291.994875
409.348762 7294.920855
409.643009 7297.785043
409.898025 7300.799134
410.205326 7304.140388
410.506126 7307.496492
410.800372 7310.706793
411.061916 7313.719672
411.310392 7316.837366
411.578476 7320.428656
411.892306 7324.137971
412.166994 7327.850551
412.467768 7331.727169
412.755474 7335.465008
413.023571 7339.234621
413.304761 7343.168543
413.585914 7347.036454
413.847483 7350.978467
414.128674 7355.038267
414.396771 7358.922452
414.645246 7362.975367
414.926424 7367.195639
415.188019 7371.279393
415.443022 7375.428422
415.704604 7379.695241
415.966135 7384.083166
416.234245 7388.594074
416.502329 7393.344786
416.790061 7398.283001
417.071239 7402.948941
417.319689 7407.686926
417.600867 7412.368576
417.836261 7416.937995
418.097856 7421.934018
418.372455 7427.122811
418.647093 7432.067804
418.889053 7437.338774
419.189853 7443.129144
419.477533 7448.211910
419.699859 7453.498977
420.000570 7458.774536
420.216343 7463.509419
420.458240 7468.775554
420.719745 7474.310913
420.981289 7480.054643
421.255914 7485.364811
421.471700 7490.813032
421.752903 7496.824972
422.014396 7502.466038
422.256369 7507.872350
422.491789 7512.805633
422.687953 7518.016436
422.942969 7523.731664
423.178376 7529.196651
423.407256 7535.343054
423.695000 7543.216919
424.061166 7550.295671
424.276990 7555.120166
424.453583 7561.923197
424.819826 7571.362843
425.166434 7581.166488
425.480378 7590.762409
425.742037 7601.180208
426.042887 7610.790124
426.225970 7620.074182
426.474496 7629.991619
426.664184 7640.563546
426.912684 7651.636487
427.102410 7662.267180
427.311668 7675.453825
427.573326 7688.632866
427.762975 7700.847541
427.972258 7713.948566
428.174976 7728.693520
428.416974 7744.450732
428.632836 7760.628617
428.868230 7776.385171
429.057880 7791.707839
429.267176 7806.953119
429.443744 7822.683145
429.653014 7840.230475
429.862247 7859.177910
430.091139 7878.248933
430.293894 7895.673535
430.483543 7922.872191
430.915140 7953.695433
431.196331 7977.556415
431.477509 7999.710050
431.726010 8019.397791
431.954877 8039.863743
432.229539 8061.358120
432.491096 8082.769218
432.772274 8104.356096
433.046911 8125.586100
433.328089 8146.709523
433.609280 8166.285206
433.857781 8182.476234
434.053945 8182.412272
434.263190 8169.213702
434.459380 8157.924084
434.649055 8147.885749
434.845231 8139.185227
435.028404 8131.713444
435.224644 8125.390634
435.407778 8120.099266
435.623653 8115.798094
435.839375 8112.855586
436.140212 8111.477771
436.316780 8111.100882
436.539119 8110.710836
436.853038 8110.361324
437.094960 8110.103656
437.363006 8109.900304
437.598376 8109.756672
437.853353 8109.659362
438.121362 8109.617447
438.317475 8109.630823
438.605155 8109.691689
438.833959 8109.829650
439.160793 8110.027688
439.402690 8110.265855
439.664208 8110.555730
439.906118 8110.906700
440.174177 8111.315946
440.422640 8111.770711
440.677605 8112.264036
440.912999 8112.747392
441.115742 8113.274567
441.351162 8113.893956
441.593097 8114.531727
441.808895 8115.227004
442.057409 8115.975867
442.279748 8116.692630
442.482478 8117.585167
442.776737 8118.624976
443.031753 8119.747483
443.332603 8121.077927
443.653012 8122.378144
443.908040 8123.674561
444.195759 8125.064013
444.463894 8126.557240
444.764693 8128.059103
445.013169 8129.611752
445.307466 8131.363058
445.601687 8133.124644
445.876350 8134.848301
446.137894 8136.454812
446.360233 8138.161313
446.634857 8140.201091
446.935644 8142.283219
447.203728 8144.412535
447.498000 8146.553363
447.753016 8148.844110
448.066909 8151.140928
448.308870 8153.397290
448.596601 8155.854461
448.871226 8158.289877
449.139323 8160.757712
449.407407 8163.286576
449.675504 8165.779788
449.924018 8168.530160
450.231332 8171.339109
450.479833 8173.909401
450.728321 8176.849438
451.035636 8179.739945
451.264490 8182.223214
451.486854 8185.161182
451.787641 8188.491574
452.068806 8191.623364
452.323835 8194.779673
452.598498 8197.952925
452.846986 8201.475515
453.167394 8205.058120
453.415883 8208.205251
453.657843 8211.490755
453.919400 8215.092342
454.200565 8218.709494
454.455606 8222.026242
454.684473 8226.044003
455.031069 8230.070681
455.253408 8233.271626
455.475746 8236.949745
455.756899 8240.970390
456.018494 8244.956078
456.286591 8248.848449
456.528538 8252.901643
456.809716 8257.060756
457.058217 8261.282996
457.339383 8265.346905
457.561709 8269.416443
457.836308 8273.313868
458.032510 8277.377552
458.320216 8281.930601
458.568666 8286.264161
458.823695 8290.535382
459.059051 8294.743702
459.301075 8299.294703
459.569122 8303.479824
459.765298 8307.598040
460.020365 8311.997551
460.242717 8315.955599
460.445396 8320.326546
460.706965 8324.863538
460.922776 8328.692379
461.105872 8332.429694
461.308577 8336.670592
461.537495 8340.953114
461.727131 8345.432866
461.936363 8352.552229
462.282972 8360.049473
462.472596 8368.296058
462.799595 8376.998550
462.982742 8386.680728
463.309665 8400.957019
463.675844 8413.249937
463.865481 8425.896659
464.198983 8441.607869
464.480173 8457.951322
464.794079 8475.279460
465.075283 8493.920110
465.395716 8512.657779
465.650758 8528.729694
465.866518 8543.099978
466.056180 8557.243581
466.252357 8574.631054
466.513939 8593.872800
466.742793 8610.576110
466.925939 8625.869660
467.109073 8642.417684
467.311778 8659.085344
467.488346 8676.204051
467.691026 8694.335782
467.880675 8712.618367
468.076826 8735.574487
468.351527 8757.964768
468.528070 8777.207476
468.737328 8800.770989
469.005425 8824.070709
469.214695 8845.788320
469.456618 8870.934144
469.744349 8896.043075
469.992824 8919.853169
470.260934 8942.738472
470.496341 8963.823670
470.731748 8986.039550
470.999896 9008.780965
471.254912 9029.771805
471.490307 9051.246025
471.764970 9072.403475
472.000390 9074.705172
472.190102 9061.113641
472.366683 9049.120161
472.549817 9037.731398
472.752585 9027.768411
472.935770 9019.268905
473.145104 9012.221334
473.328276 9007.028605
473.517951 9002.869065
473.760013 9000.345723
473.962755 8999.774210
474.263758 9000.451682
474.597476 9001.422061
474.800359 9002.172764
474.996675 9003.076080
475.264874 9004.058163
475.487314 9004.964499
475.703240 9006.011888
475.977852 9007.161697
476.226264 9008.365794
476.507353 9009.668907
476.781914 9010.981893
477.049922 9012.201440
477.272172 9013.525582
477.566342 9015.093212
477.867040 9016.617248
478.128533 9018.093580
478.396516 9019.607527
478.657984 9021.160288
478.926030 9022.710372
479.174366 9024.380550
479.468586 9025.961382
479.677717 9027.410797
479.919614 9028.995207
480.161511 9030.500257
480.370718 9032.103202
480.632287 9033.732957
480.841495 9035.302127
481.076876 9037.040083
481.325365 9039.053044
481.626151 9041.177865
481.894248 9043.298348
482.181954 9045.537171
482.469660 9047.636089
482.711595 9049.722706
482.986220 9051.925273
483.247764 9054.084526
483.502780 9056.450303
483.803554 9059.114236
484.117434 9061.622830
484.372437 9063.970971
484.640534 9066.506906
484.928228 9069.175960
485.215959 9071.827621
485.490622 9074.523208
485.778327 9077.099100
486.020250 9079.946379
486.353752 9083.065047
486.641470 9085.765511
486.883405 9088.438754
487.158030 9091.319786
487.432655 9094.136349
487.687709 9097.064012
487.975415 9099.992937
488.223890 9103.037455
488.524702 9105.970416
488.747003 9108.870964
489.034747 9112.030560
489.296240 9114.847640
489.518604 9117.855539
489.806323 9121.209574
490.080935 9124.527706
490.355585 9127.765717
490.610614 9131.125160
490.898332 9134.480787
491.146808 9137.920500
491.441092 9141.524187
491.709202 9144.872337
491.957652 9148.171467
492.212668 9151.504987
492.461169 9155.094539
492.748875 9158.809533
493.010419 9162.161123
493.239298 9165.638853
493.513923 9169.378167
493.775492 9173.111084
494.043589 9176.975711
494.318227 9181.117760
494.619026 9184.726516
494.815152 9188.133822
495.083262 9192.152051
495.357887 9195.864583
495.580226 9199.414806
495.828638 9203.243982
496.083628 9207.056465
496.325487 9210.801589
496.567435 9214.733492
496.828966 9219.061731
497.116595 9223.167507
497.345526 9227.048982
497.600440 9230.800326
497.809698 9234.799505
498.090850 9239.314188
498.358947 9243.160451
498.555112 9246.765573
498.790532 9250.781707
499.032492 9254.604838
499.241724 9258.345423
499.470629 9262.507792
499.725683 9267.042740
499.993793 9271.153353
500.196510 9275.298104
500.464595 9279.760894
500.700027 9283.731184
500.909285 9287.434068
501.112015 9291.458536
501.354014 9295.747181
501.582881 9299.643949
501.779070 9303.688716
502.021018 9307.756527
502.217169 9311.607442
502.432993 9315.480955
502.629208 9319.254225
502.831951 9323.423787
503.067345 9327.869476
503.296238 9332.217897
503.518538 9336.488690
503.734311 9340.776885
503.943582 9345.424802
504.165959 9350.489527
504.381745 9356.176403
504.623718 9361.863584
504.813316 9367.454826
505.022587 9373.126773
505.199180 9379.737373
505.447668 9387.073444
505.650424 9394.708901
505.892359 9403.294774
506.127791 9411.666623
506.337062 9420.830717
506.592065 9430.216727
506.794795 9440.038102
507.049837 9450.960520
507.285244 9461.247912
507.494515 9472.249901
507.742990 9484.448845
507.984925 9500.273449
508.351180 9517.749509
508.632358 9534.183170
508.933221 9551.625511
509.227544 9567.270187
509.449896 9580.117345
509.639570 9592.663584
509.842313 9606.360923
510.058111 9621.946599
510.306638 9639.625022
510.574747 9655.581116
510.770962 9656.143359
510.960662 9644.786160
511.137294 9634.902741
511.313849 9625.615842
511.510115 9616.923182
511.712909 9609.723496
511.896043 9603.425989
512.131551 9598.392839
512.314635 9595.113581
512.523918 9592.737257
512.837836 9591.485842
513.210581 9590.912011
513.583238 9590.489565
513.838279 9590.189208
514.106325 9589.940981
514.335154 9589.738321
514.590094 9589.571612
514.812344 9589.443708
515.060819 9589.343971
515.315746 9589.282539
515.570673 9589.260963
515.819098 9589.282844
516.106753 9589.347114
516.361705 9589.448357
516.610143 9589.579960
516.838984 9589.776650
517.152814 9590.018457
517.394787 9590.286144
517.662884 9590.569897
517.872167 9590.883324
518.127171 9591.232012
518.342969 9591.676737
518.663390 9592.182874
518.905363 9592.737486
519.219231 9593.535020
519.631282 9594.334860
519.892839 9595.082538
520.206707 9595.944168
520.514021 9596.876335
520.834468 9597.890006
521.154889 9598.897361
521.436054 9600.025363
521.789177 9601.337392
522.135735 9602.589541
522.423492 9603.866775
522.750415 9605.213306
523.044687 9606.514644
523.325865 9607.788523
523.587421 9609.125912
523.875127 9610.575714
524.162833 9612.023752
524.430930 9613.484881
524.705593 9615.028420
524.986809 9616.561133
525.241799 9618.080889
525.503356 9619.641390
525.758385 9621.285327
526.033060 9623.013527
526.301132 9624.678237
526.543105 9626.497384
526.843904 9628.379870
527.092380 9630.360406
527.406235 9632.408197
527.661264 9634.338224
527.929361 9636.485983
528.230186 9638.603430
528.478661 9640.745272
528.772895 9643.036311
529.047545 9645.296836
529.322233 9647.547715
529.583764 9649.958054
529.884551 9652.413867
530.146108 9654.862577
530.433852 9657.355602
530.695408 9659.774089
530.956965 9662.266139
531.225074 9664.832762
531.493171 9667.411345
531.754740 9670.033855
532.022863 9673.000502
532.343271 9676.049797
532.617909 9678.811130
532.872950 9681.476763
533.121438 9684.324771
533.402654 9687.213237
533.651117 9690.147432
533.932295 9693.085244
534.174268 9696.182032
534.475080 9699.204186
534.697407 9702.196992
534.985125 9705.421567
535.240141 9708.215333
535.449361 9711.166625
535.723986 9714.639831
536.011704 9718.243651
536.299397 9721.645783
536.547835 9724.627905
536.763659 9727.903812
537.051352 9731.299919
537.280206 9734.698024
537.561396 9738.310183
537.816374 9741.743240
538.064875 9744.851623
538.267567 9748.363405
538.568430 9752.092986
538.797297 9755.541170
539.052300 9759.071262
539.287733 9762.688209
539.549302 9766.146959
539.758560 9769.447600
539.993967 9773.024107
540.235915 9776.535478
540.458254 9780.081595
540.700214 9783.558136
540.909510 9786.922510
541.125258 9790.323130
541.314932 9794.279663
541.556918 9798.737131
541.766150 9803.358341
541.988464 9807.905397
542.165083 9812.685112
542.380856 9818.155161
542.590088 9824.047435
542.812415 9829.768944
542.988995 9835.393985
543.185160 9841.683623
543.387864 9848.253578
543.584067 9858.208946
543.956799 9870.593562
544.257636 9880.236739
544.453788 9890.833700
544.774222 9904.572343
545.094681 9915.971806
545.284304 9927.635649
545.591644 9943.107777
545.918581 9959.102932
546.219393 9972.588740
546.428663 9987.553738
546.762153 10005.233449
547.049871 10021.450432
547.311440 10037.204565
547.566507 10051.965497
547.782331 10065.212665
547.978508 10077.898237
548.168170 10090.854353
548.364347 10103.613867
548.540889 10116.636535
548.737117 10130.844010
548.939834 10144.845838
549.122943 10159.127699
549.325673 10174.415432
549.528403 10195.664327
549.874935 10202.269948
550.058069 10188.465824
550.260825 10175.720595
550.457078 10164.764410
550.653318 10154.974860
550.869206 10147.024019
551.052390 10141.042905
551.248656 10136.519602
551.425288 10133.340776
551.654256 10131.626814
551.883199 10131.537853
552.066384 10132.085814
552.243168 10132.747334
552.439484 10133.424852
552.616167 10134.372262
552.943255 10135.524152
553.211390 10136.519947
553.440295 10137.520795
553.695438 10138.663130
553.976540 10139.794400
554.211896 10140.900557
554.466811 10142.159473
554.754440 10143.468390
555.015908 10144.832599
555.310091 10146.232432
555.571546 10147.533552
555.813405 10148.973547
556.114102 10150.409509
556.342918 10151.810018
556.617442 10153.428869
556.911612 10155.027612
557.166539 10156.486896
557.401870 10157.997090
557.663325 10159.474127
557.879060 10161.045178
558.160199 10162.578351
558.356326 10164.013699
558.598261 10165.736097
558.872885 10167.534542
559.127939 10169.368599
559.402539 10171.282659
559.670636 10173.281391
559.958367 10175.536586
560.285303 10177.735367
560.546847 10179.854422
560.841106 10182.060830
561.115743 10184.387104
561.429586 10186.887015
561.736926 10189.107902
561.972346 10191.424972
562.292729 10193.689877
562.508514 10195.940093
562.815880 10198.652339
563.129697 10201.057664
563.358589 10203.535010
563.679010 10206.164344
563.934026 10208.715628
564.228298 10211.551458
564.535638 10214.145033
564.771032 10216.747306
565.071819 10219.608673
565.352997 10222.413789
565.634175 10225.157177
565.895731 10227.734587
566.137679 10230.481621
566.425398 10233.294780
566.673873 10236.216237
566.974673 10239.349248
567.255812 10241.948178
567.452002 10244.689498
567.752776 10247.859881
568.020873 10250.810926
568.275889 10253.607641
568.511258 10256.702107
568.812070 10260.136400
569.099776 10263.379673
569.361358 10266.385342
569.603280 10269.462975
569.871365 10272.611318
570.119853 10275.753185
570.381435 10278.925998
570.629898 10282.297702
570.917642 10285.492372
571.133389 10288.722681
571.421146 10292.236195
571.676149 10295.356029
571.898475 10298.680070
572.179653 10302.251416
572.434682 10305.726653
572.696264 10309.144429
572.938186 10313.001765
573.258607 10316.618724
573.461325 10319.861764
573.722868 10323.545438
573.984399 10327.403254
574.265539 10331.201313
574.514002 10334.749320
574.755886 10338.183016
574.984740 10341.935693
575.265868 10346.108683
575.547058 10350.122986
575.802049 10353.974688
576.057039 10357.407268
576.253229 10361.019824
576.527854 10365.011156
576.769789 10368.832019
577.018277 10372.423239
577.227484 10376.042474
577.475985 10379.842926
577.704864 10383.672494
577.953365 10387.315776
578.156045 10391.415517
578.456870 10395.594608
578.666127 10399.267311
578.901573 10403.345757
579.156576 10407.341600
579.378864 10411.145526
579.607744 10414.918315
579.823504 10418.997754
580.085137 10422.876407
580.274773 10426.669509
580.523261 10430.884116
580.758668 10434.839710
580.974467 10438.588916
581.183687 10442.945215
581.464915 10447.268336
581.667645 10451.091901
581.890010 10454.995656
582.099230 10458.743421
582.301972 10463.029701
582.563478 10467.726470
582.792370 10472.135840
582.995075 10476.955679
583.230520 10482.156935
583.439778 10487.711095
583.675173 10493.762040
583.897499 10499.408272
584.080607 10505.358896
584.302934 10512.612413
584.551434 10520.330578
584.780314 10527.637347
584.983031 10535.398324
585.218451 10544.591629
585.480033 10554.048450
585.708912 10563.526724
585.950847 10573.653588
586.192833 10583.293917
586.395563 10592.690073
586.611362 10602.217194
586.807564 10612.688260
587.049537 10627.292039
587.396107 10643.948789
587.696907 10658.273281
587.932352 10671.650314
588.180879 10684.649110
588.390200 10697.246846
588.612513 10709.547943
588.802163 10720.728950
588.978705 10732.352486
589.174895 10733.169450
589.351438 10722.287676
589.554218 10712.508746
589.730812 10704.507791
589.907482 10696.781818
590.129884 10690.047610
590.319622 10684.362461
590.594260 10679.905494
590.829692 10677.837857
591.006209 10676.880200
591.346328 10676.297780
591.562063 10675.851905
591.967485 10675.439548
592.196339 10675.183049
592.431683 10674.935183
592.719351 10674.744295
592.895893 10674.607718
593.131250 10674.481165
593.366581 10674.382923
593.647670 10674.320543
593.915729 10674.303817
594.170668 10674.328939
594.432161 10674.390195
594.667505 10674.485613
594.909402 10674.643180
595.223206 10674.844581
595.471656 10675.068534
595.726685 10675.307393
595.935918 10675.582298
596.190934 10675.920393
596.445988 10676.319617
596.727178 10676.778281
597.001854 10677.317268
597.315760 10677.977347
597.655828 10678.668470
597.943521 10679.424582
598.283576 10680.317918
598.630146 10681.194047
598.911337 10682.178263
599.284044 10683.196405
599.552166 10684.216901
599.885643 10685.384612
600.206013 10686.670831
600.565665 10688.050975
600.899205 10689.435110
601.226179 10690.856242
601.546613 10692.263672
601.840859 10693.601625
602.108943 10694.956540
602.390096 10696.339150
602.651665 10697.768293
602.932843 10699.442573
603.266358 10701.093641
603.521374 10702.687043
603.815620 10704.463540
604.116394 10706.148969
604.364933 10707.715455
604.613396 10709.492599
604.914195 10711.333596
605.169224 10713.316872
605.496186 10715.392123
605.764295 10717.286694
606.025839 10719.248922
606.300477 10721.303958
606.575127 10723.175285
606.790874 10725.322044
607.124376 10727.744278
607.398988 10729.928621
607.660570 10732.047058
607.909033 10734.290655
608.190211 10736.775908
608.484496 10739.369161
608.778742 10741.985110
609.066473 10744.745017
609.380354 10747.464102
609.648451 10749.985188
609.910020 10752.678452
610.204291 10755.350483
610.452780 10758.004395
610.733945 10760.765999
610.995514 10763.608725
611.283271 10766.216101
611.492478 10768.866887
611.780209 10771.764782
612.028735 10774.563961
612.290305 10777.549210
612.564955 10780.802133
612.865754 10783.722984
613.075012 10786.690555
613.375812 10790.119793
613.656952 10793.522997
613.944683 10796.894575
614.212767 10800.192270
614.480839 10803.286271
614.709693 10806.337359
614.964683 10809.717673
615.239308 10813.267427
615.513907 10816.820171
615.782055 10820.286229
616.036970 10823.883814
616.318198 10827.433620
616.560095 10831.209740
616.867423 10835.210676
617.135520 10838.567279
617.344778 10841.962943
617.612887 10845.578521
617.848269 10849.091254
618.096757 10852.784496
618.351824 10856.417933
618.587231 10860.187907
618.855316 10863.994168
619.090748 10867.841925
619.358883 10871.523444
619.568103 10875.137866
619.810076 10879.454170
620.065118 10884.062514
620.293933 10888.743822
620.516298 10893.794472
620.745203 10898.952968
620.947958 10904.110670
621.150675 10909.653657
621.359921 10915.494554
621.562638 10921.133153
621.739206 10927.472388
621.968060 10937.351761
622.334201 10949.917921
622.680810 10961.972153
622.975094 10974.680309
623.315162 10987.618645
623.589799 10997.978966
623.785989 11009.112507
624.073707 11022.685808
624.354885 11039.057428
624.727605 11055.908791
625.002306 11068.642466
625.198470 11083.351189
625.525444 11099.792127
625.767405 11114.871585
626.028974 11129.558117
626.244798 11142.781143
626.447528 11156.543037
626.669892 11172.166102
626.918406 11187.025720
627.108055 11201.111628
627.323853 11218.557236
627.598516 11237.112242
627.833962 11252.677778
628.017045 11266.822222
628.206681 11282.498135
628.422518 11299.937510
628.651392 11301.837230
628.841125 11287.701496
629.050421 11275.458300
629.227014 11265.155385
629.423267 11256.181076
629.599899 11248.577436
629.802718 11242.163059
629.992456 11237.096441
630.227939 11233.328436
630.555041 11231.997516
630.790638 11232.479566
631.019746 11233.520940
631.373086 11234.519643
631.562811 11235.229559
631.745856 11236.087733
632.000948 11237.073632
632.236419 11238.118045
632.504630 11239.262994
632.772702 11240.412895
633.027604 11241.673164
633.328340 11242.952395
633.576739 11244.159055
633.831679 11245.594565
634.158513 11246.896749
634.348073 11248.205338
634.661852 11249.696894
634.910239 11251.103651
635.178247 11252.747212
635.498579 11254.371853
635.746991 11255.864413
636.008421 11257.447648
636.276416 11259.085247
636.544450 11260.654118
636.779831 11262.150135
637.015213 11263.845762
637.302906 11265.615390
637.551356 11267.310530
637.806385 11269.104822
638.074495 11271.118004
638.381835 11273.168774
638.649932 11275.262686
638.957272 11277.295663
639.199232 11279.445127
639.526156 11281.807141
639.813861 11283.931337
640.068877 11286.146624
640.369664 11288.315829
640.605071 11290.579184
640.918952 11293.068578
641.200117 11295.377218
641.461686 11297.866615
641.775529 11300.334516
642.024042 11302.667916
642.298680 11305.152766
642.573292 11307.979594
642.913334 11310.723826
643.161823 11313.390922
643.475703 11316.187620
643.743787 11318.899376
644.031506 11321.713128
644.312684 11324.467003
644.580768 11327.225008
644.855431 11329.814180
645.084285 11332.471431
645.365463 11335.471207
645.653182 11338.439243
645.921279 11341.446428
646.209023 11344.344882
646.450932 11347.243701
646.732110 11350.285014
646.993717 11353.513463
647.301007 11356.588186
647.529873 11359.664975
647.830673 11362.655114
648.039931 11365.761082
648.353799 11369.210684
648.615368 11371.943181
648.804991 11374.987356
649.112331 11378.176697
649.321551 11381.487355
649.641972 11385.033290
649.883882 11388.075668
650.119314 11391.358610
650.393927 11394.627802
650.622793 11398.060861
650.917052 11401.566836
651.152459 11404.890122
651.414029 11408.464618
651.682138 11411.847889
651.910967 11415.173063
652.166008 11418.753598
652.427501 11422.458155
652.695560 11425.963918
652.924389 11429.642856
653.212031 11433.066703
653.401629 11436.524035
653.689272 11440.773822
653.983518 11444.432804
654.186197 11447.881983
654.447678 11451.847881
654.715800 11455.549324
654.938101 11459.483366
655.232347 11463.546794
655.467754 11467.342306
655.722796 11471.371196
655.984314 11475.225282
656.213232 11479.110757
656.474763 11483.180973
656.723251 11487.495996
657.010957 11491.309763
657.194078 11495.210184
657.488299 11499.564769
657.723693 11503.630388
657.978773 11507.339550
658.168384 11511.075846
658.423400 11515.445248
658.684969 11519.846568
658.939960 11524.054372
659.175329 11528.235649
659.423766 11532.675050
659.685424 11536.972793
659.914304 11541.068580
660.149698 11545.657763
660.430864 11552.106883
660.868963 11557.949984
661.078221 11561.820711
661.294044 11565.674600
661.496762 11569.669157
661.712535 11574.049800
661.928359 11578.972735
662.163702 11583.820560
662.346811 11589.173253
662.595299 11595.699486
662.843825 11602.449723
663.079258 11609.300003
663.308125 11616.412460
663.537004 11623.878911
663.765884 11631.582677
663.988235 11639.878661
664.230183 11648.269512
664.439441 11656.502343
664.655226 11665.581222
664.890672 11675.130605
665.113011 11684.312033
665.315741 11693.812906
665.538092 11703.604794
665.740822 11712.756855
665.923931 11722.993943
666.159351 11739.479874
666.571339 11758.818751
666.891798 11776.345101
667.205691 11791.267762
667.414975 11805.155864
667.676556 11820.190018
667.912040 11836.710914
668.206337 11854.280487
668.461378 11873.582196
668.801446 11894.347886
669.108812 11914.809079
669.455369 11933.833812
669.730019 11951.986507
670.063521 11972.174402
670.423173 11991.654392
670.750147 12009.166881
671.057474 12025.520829
671.358274 12042.944547
671.724453 12060.876693
672.064495 12077.908667
672.417644 12093.648048
672.724946 12108.709120
673.071555 12124.157680
673.418150 12136.466692
673.640464 12137.738996
673.817095 12131.354635
673.993676 12125.999260
674.170270 12121.610665
674.353454 12118.188437
674.543091 12115.800056
674.758953 12114.474777
674.987832 12113.879688
675.229767 12113.491067
675.465212 12113.157803
675.667968 12112.853665
675.896847 12112.456781
676.295780 12112.114351
676.485442 12111.887733
676.746985 12111.668713
676.969312 12111.478010
677.237383 12111.315396
677.453093 12111.182628
677.727679 12111.066340
678.002253 12110.987975
678.257168 12110.944311
678.551401 12110.933751
678.793260 12110.961174
679.087468 12111.014265
679.296663 12111.088042
679.525466 12111.202159
679.800065 12111.344053
680.028983 12111.524650
680.316765 12111.742913
680.565253 12111.991280
680.839941 12112.282748
681.108089 12112.658813
681.454685 12113.119111
681.781634 12113.597035
682.082420 12114.130378
682.415910 12114.814562
682.821357 12115.572451
683.167940 12116.310640
683.494902 12117.096869
683.834995 12118.005945
684.214281 12118.927211
684.521659 12119.832333
684.848696 12120.898383
685.227944 12121.998043
685.541812 12122.966762
685.809934 12123.991269
686.130317 12125.226470
686.489943 12126.643680
686.875642 12128.111774
687.228689 12129.578034
687.581851 12131.045878
687.908838 12132.571536
688.261986 12134.292544
688.647787 12135.913074
688.935480 12137.545464
689.301608 12139.153977
689.563114 12140.711119
689.890038 12142.378202
690.177731 12144.056287
690.491598 12145.795226
690.785832 12147.383839
691.034282 12149.051077
691.341622 12150.731282
691.583583 12152.326751
691.851667 12154.100803
692.139385 12155.997764
692.433632 12157.868489
692.701754 12159.779106
692.996013 12161.702865
693.257570 12163.548490
693.519139 12165.379241
693.767602 12167.509892
694.101104 12169.749892
694.369213 12171.734733
694.624229 12173.933103
694.938110 12176.244828
695.212747 12178.441379
695.487397 12180.674258
695.762035 12182.943360
696.036660 12185.193201
696.298254 12187.421931
696.559798 12189.826965
696.854044 12192.179764
697.096005 12194.481967
697.370655 12196.963956
697.645293 12199.634558
697.952658 12202.281866
698.214214 12204.814460
698.488852 12207.317517
698.737353 12209.823101
699.005463 12212.489637
699.280100 12215.059300
699.522035 12217.696571
699.803226 12220.431940
700.058254 12223.306287
700.359054 12226.145466
700.601002 12228.918524
700.882154 12231.792737
701.137132 12234.775197
701.431378 12237.755246
701.679854 12240.589930
701.941410 12243.529442
702.202967 12246.502049
702.464549 12249.659423
702.752229 12252.736117
702.994190 12255.229296
703.177273 12258.255702
703.504184 12261.819228
703.772331 12265.188565
704.059948 12268.350904
704.288853 12271.467947
704.563503 12275.025374
704.857762 12278.244594
705.073510 12281.205324
705.322011 12284.657469
705.609717 12288.270431
705.877826 12291.878501
706.158992 12295.302989
706.394386 12298.762452
706.675551 12302.162144
706.897878 12305.821243
707.211771 12309.418175
707.421003 12312.917152
707.715288 12316.580164
707.944154 12320.139923
708.218766 12323.962927
708.480386 12327.584467
708.722347 12330.807358
708.925077 12334.200608
709.186659 12338.101595
709.454756 12341.790702
709.683584 12345.206513
709.905961 12349.037593
710.160990 12353.372857
710.402963 12359.521247
710.788777 12365.873519
711.004575 12370.864246
711.220348 12376.336173
711.449189 12384.051583
711.802300 12391.530011
711.985421 12397.066871
712.175070 12405.289035
712.508572 12416.588228
712.855219 12429.263274
713.221373 12441.845448
713.522210 12451.284251
713.698778 12458.685506
713.881849 12469.319630
714.195717 12480.258975
714.378838 12488.931092
714.575015 12502.628761
714.954288 12516.536900
715.143899 12531.515958
715.536278 12550.651424
715.863252 12564.524154
716.039795 12577.218002
716.307930 12592.332566
716.556418 12608.722699
716.850715 12624.730522
717.073079 12641.459671
717.373866 12660.782920
717.661661 12678.655374
717.903621 12693.101925
718.080240 12707.652822
718.315698 12724.364870
718.544608 12741.932092
718.793100 12759.613055
719.015452 12777.465196
719.263953 12796.254771
719.518995 12813.092821
719.728237 12829.575802
719.989812 12845.794793
720.205620 12861.199714
720.460660 12878.292380
720.748383 12894.332455
720.990345 12907.267835
721.193072 12920.553434
721.467707 12934.704759
721.722745 12946.562986
721.932019 12957.844702
722.187053 12968.652869
722.396302 12977.507040
722.585944 12977.731178
722.788702 12970.868992
722.984952 12965.821841
723.168129 12962.140841
723.390553 12959.968706
723.567214 12959.428616
723.743898 12959.798871
723.946700 12960.550311
724.182204 12961.344396
724.404659 12962.160075
724.646733 12963.055863
724.908424 12964.178305
725.268289 12965.279169
725.510313 12966.140938
725.732658 12966.938490
725.935395 12967.845206
726.210107 12968.849837
726.458686 12969.777721
726.687661 12970.755301
726.955741 12971.874725
727.249960 12972.954595
727.491857 12974.035382
727.779499 12975.278245
728.093278 12976.453863
728.341676 12977.491619
728.583542 12978.682145
728.897327 12979.813488
729.106509 12980.872936
729.381013 12982.073152
729.649027 12983.272380
729.917042 12984.514664
730.198105 12985.785605
730.472660 12986.887713
730.675276 12987.955771
730.930265 12989.110129
731.165626 12990.354674
731.453380 12991.689855
731.721430 12992.975499
731.982995 12994.306613
732.264131 12995.601769
732.506099 12996.910531
732.787268 12998.297464
733.055335 12999.614362
733.303789 13000.893112
733.552264 13002.303208
733.846498 13003.725771
734.094999 13005.023242
734.336896 13006.419838
734.618048 13008.005929
734.925350 13009.445758
735.147689 13010.882430
735.448450 13012.348052
735.677330 13013.939099
736.017360 13015.746850
736.318146 13017.367584
736.586243 13018.909173
736.854328 13020.406689
737.102829 13021.955576
737.384019 13023.594220
737.658644 13025.325704
737.965984 13026.854363
738.168676 13028.357600
738.462948 13030.030628
738.717951 13031.677999
738.999142 13033.358394
739.260698 13034.970484
739.515714 13036.657227
739.796905 13038.440050
740.078058 13040.195109
740.346116 13041.922111
740.614252 13043.662329
740.882310 13045.415557
741.150382 13047.160291
741.411900 13048.808745
741.647257 13050.513210
741.921869 13052.383979
742.203034 13054.380571
742.510349 13056.234804
742.745756 13057.990865
743.020343 13059.871960
743.288414 13061.720897
743.549958 13063.536679
743.804974 13065.341672
744.060003 13067.158580
744.315006 13069.152605
744.615768 13071.159846
744.870822 13073.134622
745.158527 13075.049758
745.393947 13076.857409
745.648951 13078.748788
745.903967 13080.750406
746.185132 13082.764644
746.440161 13084.717965
746.701679 13086.783597
746.982870 13088.736550
747.211762 13090.702444
747.492889 13092.806383
747.754420 13094.796245
748.002921 13096.902018
748.290690 13099.149959
748.571868 13101.046634
748.768045 13102.876769
749.029602 13105.032216
749.304239 13107.253839
749.578889 13109.435669
749.840421 13111.792653
750.154288 13114.244963
750.435466 13116.277949
750.644724 13118.268711
750.912809 13120.406441
751.154769 13122.612153
751.435922 13125.108401
751.743262 13127.255306
751.939451 13129.106444
752.174896 13131.305005
752.449521 13133.799450
752.750321 13136.107907
752.979213 13138.344610
753.260416 13140.794826
753.535066 13143.055229
753.770461 13145.152984
754.005919 13147.290525
754.247892 13149.852513
754.574866 13152.397393
754.810299 13154.779658
755.098068 13157.233359
755.346569 13159.580121
755.608151 13161.968877
755.863180 13164.095279
756.065910 13166.293591
756.333981 13168.932247
756.628266 13171.709054
756.922537 13174.314465
757.177553 13176.684003
757.419514 13179.254127
757.713760 13181.899502
757.968802 13184.241708
758.197681 13186.499228
758.433063 13189.183843
758.746956 13191.912748
758.988904 13194.300802
759.230851 13196.732065
759.479314 13199.337942
759.753977 13202.153166
760.041683 13204.883318
760.296712 13207.461883
760.551753 13209.985741
760.793713 13212.286539
761.002933 13214.833109
761.290715 13217.659866
761.552297 13220.398805
761.820381 13223.082150
762.068870 13225.949867
762.369682 13228.830068
762.618157 13231.863992
762.945119 13234.946074
763.200173 13237.696576
763.461742 13240.583229
763.729864 13243.675822
763.997987 13247.077257
764.279152 13250.752888
764.553828 13254.768597
764.848087 13259.026109
765.122737 13263.652727
765.430090 13268.584978
765.711318 13273.493340
765.985931 13278.707108
766.273687 13284.558958
766.587555 13290.678771
766.875299 13296.873591
767.169596 13303.402692
767.463830 13309.886008
767.731927 13316.626025
768.026198 13324.188483
768.340053 13332.552958
768.673517 13341.142001
768.980895 13348.935708
769.235899 13356.419066
769.504059 13365.598101
769.857157 13374.932268
770.118752 13384.285449
770.452267 13394.531660
770.753104 13404.432422
771.047325 13415.415771
771.393921 13426.337333
771.668571 13437.713544
772.021682 13449.605624
772.309400 13458.854298
772.512080 13459.423702
772.701881 13453.018593
772.930837 13447.812273
773.133592 13444.469057
773.316777 13442.354666
773.552286 13441.229125
773.787756 13440.750112
774.003542 13440.381066
774.219506 13439.934039
774.546708 13439.421175
774.867383 13438.942521
775.181454 13438.519000
775.456219 13438.066600
775.848801 13437.627774
776.136571 13437.275748
776.430842 13436.915378
776.770936 13436.551036
777.117519 13436.196455
777.496791 13435.866037
777.856405 13435.587394
778.183328 13435.348276
778.510264 13435.113682
778.909082 13434.900549
779.262168 13434.722515
779.660935 13434.570661
780.046659 13434.456737
780.432396 13434.385666
780.693889 13434.346045
781.007541 13434.323968
781.334325 13434.326201
781.667725 13434.355289
782.014296 13434.405467
782.301963 13434.467484
782.556865 13434.544236
782.824772 13434.643428
783.112414 13434.768063
783.413175 13434.912516
783.700868 13435.081810
784.014711 13435.282863
784.335081 13435.494496
784.616246 13435.723152
784.923574 13435.950432
785.158981 13436.226042
785.525122 13436.535294
785.793181 13436.816624
786.061265 13437.095644
786.296660 13437.402524
786.584327 13437.723803
786.819709 13438.067145
787.113943 13438.457547
787.395095 13438.867741
787.689303 13439.266343
787.931188 13439.693925
788.238388 13440.137080
788.480310 13440.537328
788.715578 13440.956906
788.964002 13441.395876
789.205849 13441.867797
789.473869 13442.347740
789.709200 13442.856759
789.990315 13443.462223
790.304106 13444.030621
790.532897 13444.575291
790.807496 13445.200684
791.095189 13445.836447
791.363248 13446.490934
791.650954 13447.179087
791.932081 13447.861426
792.200216 13448.502184
792.435624 13449.193562
792.729845 13449.971038
793.017563 13450.722788
793.279158 13451.483597
793.560298 13452.299309
793.848016 13453.094604
794.103045 13453.848171
794.351508 13454.647336
794.626170 13455.565781
794.940038 13456.503181
795.214727 13457.321167
795.443581 13458.210432
795.750908 13459.136498
795.992830 13460.059402
796.287089 13461.032519
796.548671 13461.989131
796.823309 13462.937972
797.071784 13463.952687
797.372545 13465.045852
797.653723 13466.019719
797.882565 13466.958859
798.137606 13468.015602
798.418797 13469.194747
798.726124 13470.298643
798.961569 13471.339704
799.229666 13472.464041
799.497751 13473.675942
799.798576 13474.934549
800.079804 13476.068050
800.315275 13477.115262
800.550682 13478.324703
800.851533 13479.639853
801.126196 13481.005945
801.440076 13482.375278
801.708173 13483.686849
801.989376 13485.079914
802.283674 13486.426854
802.538702 13487.875040
802.865664 13489.374054
803.133799 13490.777220
803.414951 13492.163317
803.669980 13493.497880
803.925009 13494.882681
804.193119 13496.389436
804.487390 13497.842063
804.729325 13499.349461
805.036678 13500.927500
805.298247 13502.284693
805.520573 13503.694239
805.795249 13505.324840
806.089457 13506.858840
806.324915 13508.256309
806.566812 13509.803512
806.848015 13511.503872
807.135734 13513.063304
807.364626 13514.478962
807.600008 13516.069544
807.881211 13517.818169
808.162402 13519.502234
808.417431 13521.120053
808.672434 13522.774190
808.933990 13524.486590
809.202126 13526.172117
809.450601 13527.895597
809.725277 13529.415332
809.908398 13530.971795
810.189589 13532.783138
810.444643 13534.567021
810.712727 13536.548174
811.020080 13538.501635
811.275121 13540.128444
811.484392 13541.781986
811.739433 13543.700864
812.001040 13545.791633
812.262622 13547.905605
812.491540 13550.151378
812.746607 13552.849499
813.034363 13555.467481
813.243621 13558.346184
813.544433 13561.320768
813.747176 13564.445491
814.041397 13567.833910
814.263749 13570.897790
814.486100 13574.283585
814.734601 13577.803458
814.956978 13581.051309
815.153168 13584.526808
815.388600 13588.335586
815.610965 13592.107539
815.826776 13595.884093
816.036046 13599.963275
816.271479 13604.225098
816.487290 13608.622519
816.722697 13612.942672
816.918912 13617.809039
817.193550 13622.580034
817.370131 13627.289722
817.625147 13632.996647
817.880213 13638.483789
818.102561 13643.730376
818.324889 13649.102912
818.547197 13654.684733
818.776073 13660.564663
819.011494 13666.753982
819.253452 13673.442028
819.514999 13680.103871
819.743870 13686.743915
819.992353 13693.903609
820.247382 13701.126326
820.489337 13708.511141
820.744367 13716.455851
821.012519 13724.260147
821.247904 13731.603368
821.476787 13739.086941
821.712210 13746.925113
821.954177 13754.907782
822.189645 13762.471562
822.398885 13770.398855
822.647397 13778.917841
822.882858 13786.400630
823.065941 13786.810372
823.242631 13781.658988
823.419293 13777.536158
823.628592 13774.695864
823.837827 13773.613182
824.079767 13773.808651
824.256335 13774.467806
824.465595 13775.359426
824.772931 13776.270091
824.988561 13777.192594
825.296004 13778.147309
825.524996 13778.994994
825.767031 13779.802411
825.969782 13780.653919
826.231436 13781.487932
826.421144 13782.379864
826.708997 13783.440076
826.983736 13784.411264
827.219214 13785.253092
827.422009 13786.217503
827.716338 13787.292375
827.971374 13788.326614
828.239485 13789.423224
828.520672 13790.503839
828.775679 13791.662626
829.089567 13792.831911
829.344567 13794.000396
829.651907 13795.179310
829.906923 13796.244961
830.155398 13797.404448
830.449645 13798.616353
830.717729 13799.739858
830.966243 13800.873373
831.234314 13802.045268
831.495858 13803.212815
831.757427 13804.375434
832.012430 13805.562756
832.280515 13806.820074
832.561655 13808.118441
832.842782 13809.290124
833.065083 13810.456650
833.339695 13811.709047
833.594673 13812.909179
833.843148 13814.087049
834.085083 13815.401364
834.385870 13816.805646
834.660507 13818.060285
834.895915 13819.374109
835.190174 13820.762869
835.451756 13822.080330
835.713261 13823.407676
835.974830 13824.862927
836.282120 13826.396751
836.569775 13827.926845
836.870587 13829.486591
837.164820 13830.885053
837.400177 13832.172063
837.648602 13833.696588
837.968934 13835.391501
838.276210 13836.867683
838.511503 13838.157374
838.746834 13839.727533
839.080196 13841.453928
839.367851 13843.066134
839.655481 13844.467331
839.864650 13845.934820
840.171838 13847.579551
840.439871 13849.066475
840.688232 13850.506271
840.936670 13851.993435
841.198125 13853.624834
841.492269 13855.227997
841.740694 13856.862513
842.041443 13858.408498
842.257203 13859.846708
842.518696 13861.551595
842.819457 13863.167040
843.048349 13864.794070
843.349124 13866.572081
843.623748 13868.280781
843.898386 13869.938606
844.153389 13871.565685
844.414996 13873.181550
844.663485 13874.932885
844.964322 13876.757509
845.232457 13878.573247
845.526742 13880.186351
845.729485 13881.702546
845.991028 13883.419650
846.252598 13885.059911
846.488005 13886.993584
846.834588 13888.981196
847.083089 13890.607853
847.318547 13892.243096
847.567009 13894.042794
847.848200 13895.874585
848.103229 13897.762518
848.397501 13899.728721
848.672125 13901.501224
848.907520 13903.283922
849.182157 13905.190872
849.450267 13907.038832
849.705258 13908.896912
849.973355 13910.882085
850.261048 13912.807348
850.509561 13914.767448
850.803770 13916.808942
851.071905 13918.598568
851.294205 13920.445950
851.575422 13922.543862
851.863140 13924.580274
852.124747 13926.554568
852.392832 13928.686632
852.693657 13930.755587
852.942157 13932.786615
853.229876 13935.052493
853.537216 13937.204905
853.792232 13939.192830
854.053814 13941.139534
854.295762 13943.121316
854.563884 13945.137740
854.812385 13947.215866
855.093614 13949.484769
855.387860 13951.739346
855.662548 13953.849157
855.917602 13955.890665
856.172682 13958.073929
856.460489 13960.719074
856.826757 13963.137207
857.055675 13965.329016
857.363015 13967.340812
857.546098 13969.174225
857.807718 13971.285320
858.056219 13973.569805
858.357031 13976.221063
858.690508 13978.830732
858.978201 13981.122452
859.233242 13983.202690
859.468649 13985.515759
859.775977 13987.838143
860.011397 13990.031350
860.286021 13992.517039
860.586859 13994.985775
860.854969 13997.151872
861.083861 13999.385021
861.365026 14001.915383
861.659310 14004.283463
861.901258 14006.546289
862.169355 14009.139913
862.483223 14011.774203
862.757848 14014.037902
862.986714 14016.252375
863.248271 14018.832243
863.555611 14021.273397
863.784478 14023.636419
864.072209 14026.188957
864.340319 14028.450206
864.562645 14030.812080
864.850351 14033.304313
865.098851 14035.988264
865.419260 14038.762576
865.667723 14041.665858
865.975050 14044.788381
866.230040 14047.972292
866.511257 14051.727277
866.825137 14055.747038
867.112843 14059.672604
867.380965 14063.909606
867.681765 14068.292716
867.943347 14072.673715
868.217984 14077.411767
868.499124 14082.774110
868.819532 14088.105220
869.074536 14093.611447
869.388378 14099.579680
869.669556 14105.509005
869.957211 14111.428596
870.218755 14118.462682
870.584909 14125.789892
870.853006 14132.852548
871.173388 14140.789640
871.493797 14149.168188
871.827248 14158.089398
872.167303 14167.489199
872.513835 14177.003527
872.840797 14186.627887
873.174324 14195.930734
873.462081 14206.541457
873.860988 14216.030671
874.063680 14216.681944
874.240337 14211.931156
874.423585 14208.088314
874.619826 14205.293531
874.829223 14203.709991
875.045110 14202.887361
875.437756 14202.336116
875.686435 14201.937268
875.922058 14201.572322
876.144588 14201.244161
876.347445 14200.917488
876.582953 14200.587397
876.805369 14200.226264
877.106244 14199.824997
877.413559 14199.448610
877.707805 14199.078939
878.041206 14198.713530
878.368104 14198.354679
878.740785 14198.022044
879.067645 14197.742585
879.381487 14197.494206
879.688827 14197.246939
880.068062 14197.009069
880.427688 14196.807964
880.787276 14196.633926
881.159957 14196.495198
881.486665 14196.394143
881.793890 14196.310439
882.199173 14196.250524
882.538974 14196.224888
882.852842 14196.225718
883.218996 14196.246267
883.467484 14196.289754
883.807539 14196.355423
884.095270 14196.436309
884.382976 14196.541602
884.696856 14196.660418
884.958388 14196.798131
885.265740 14196.946941
885.507675 14197.091097
885.743070 14197.279258
886.070031 14197.500738
886.351222 14197.713898
886.606251 14197.941311
886.880875 14198.197030
887.162066 14198.473669
887.443244 14198.746680
887.685192 14199.036528
887.966344 14199.373066
888.260654 14199.702738
888.502589 14200.050440
888.796823 14200.417638
889.045311 14200.793479
889.326514 14201.169327
889.555356 14201.561586
889.836534 14201.972644
890.071954 14202.417223
890.372791 14202.922786
890.660497 14203.382164
890.889326 14203.846163
891.163989 14204.342559
891.412451 14204.848784
891.680548 14205.403748
891.961739 14205.947564
892.203674 14206.486623
892.465231 14207.061776
892.726787 14207.667752
893.001399 14208.297510
893.269433 14208.928273
893.530900 14209.599970
893.818619 14210.246189
894.047397 14210.909383
894.335077 14211.577369
894.557327 14212.226304
894.818845 14212.942408
895.080364 14213.664803
895.335316 14214.383661
895.583792 14215.039704
895.786471 14215.837186
896.119922 14216.687541
896.348802 14217.384218
896.571128 14218.218228
896.878417 14219.194016
897.179204 14220.158435
897.466910 14221.042875
897.708845 14221.956132
898.003104 14222.930357
898.271188 14223.876575
898.539310 14224.851185
898.813922 14225.806041
899.062423 14226.814446
899.356682 14228.026901
899.703253 14229.184085
899.958294 14230.260814
900.252553 14231.300712
900.481407 14232.412009
900.801853 14233.551320
901.037248 14234.627999
901.318451 14235.802762
901.593114 14237.009676
901.880858 14238.248743
902.162062 14239.521183
902.456321 14240.797219
902.730958 14242.077362
903.018689 14243.467117
903.332570 14244.814453
903.594101 14246.087976
903.868738 14247.393560
904.136835 14248.667815
904.391851 14249.990805
904.673029 14251.395651
904.954220 14252.734874
905.202696 14254.074183
905.477333 14255.548364
905.771579 14257.005819
906.033174 14258.376631
906.288177 14259.638657
906.503925 14261.075786
906.817805 14262.634704
907.072783 14264.158948
907.367030 14265.736450
907.635127 14267.351582
907.935875 14268.870477
908.164767 14270.484383
908.491678 14272.345563
908.799018 14274.034141
909.060575 14275.702931
909.354795 14277.308399
909.590241 14278.830563
909.851759 14280.570096
910.152533 14282.223534
910.381413 14283.853631
910.669131 14285.518239
910.904538 14287.221070
911.198721 14289.002545
911.453788 14290.781147
911.741506 14292.597396
912.003101 14294.233443
912.231930 14296.017296
912.532716 14297.658531
912.715812 14299.316439
913.016599 14301.325969
913.297803 14303.263441
913.572415 14305.275269
913.860133 14307.412134
914.134796 14309.564427
914.383272 14311.680889
914.612151 14314.113647
914.893304 14316.729937
915.128749 14319.418145
915.390305 14322.491894
915.664943 14325.576589
915.900350 14328.619891
916.142272 14331.805979
916.377705 14335.329920
916.645827 14339.304581
916.920554 14343.359542
917.175621 14347.380974
917.424121 14351.452431
917.666082 14355.795465
917.927664 14360.232527
918.163071 14364.771861
918.418100 14371.284848
918.836552 14377.336642
919.026150 14383.427074
919.418409 14389.948383
919.634226 14396.393122
919.993752 14402.685495
920.183355 14407.636579
920.412194 14413.335810
920.654132 14419.171688
920.882964 14424.727507
921.092193 14430.237234
921.307938 14435.506764
921.490983 14440.615857
921.687087 14446.269312
921.902797 14452.211659
922.111985 14459.221588
922.392982 14465.970727
922.575864 14471.599177
922.771949 14479.230091
923.079120 14486.677978
923.255594 14492.430805
923.445199 14500.818987
923.778605 14509.550059
923.981269 14510.187515
924.164386 14505.335288
924.360328 14501.923524
924.536156 14499.929174
924.804285 14499.411092
925.052789 14500.081358
925.320993 14500.994829
925.582632 14501.815060
925.791909 14502.632656
926.046920 14503.563201
926.315069 14504.527397
926.583142 14505.430214
926.812053 14506.330852
927.073614 14507.313251
927.341727 14508.330746
927.616382 14509.333982
927.871398 14510.310093
928.126434 14511.334118
928.401043 14512.445603
928.695312 14513.529596
928.950319 14514.586039
929.224956 14515.732406
929.519228 14516.890406
929.793878 14517.992887
930.055435 14519.188633
930.369328 14520.367879
930.617816 14521.420333
930.866292 14522.538301
931.140916 14523.665981
931.389417 14524.761296
931.644433 14525.836859
931.879802 14526.994721
932.167534 14528.191230
932.416009 14529.369506
932.690672 14530.557496
932.939173 14531.725884
933.200729 14533.010324
933.495001 14534.259509
933.736962 14535.535868
934.037748 14536.790757
934.266640 14537.994458
934.541278 14539.301989
934.809413 14540.444615
935.012130 14541.548252
935.260631 14542.902126
935.561456 14544.298990
935.823076 14545.526856
936.051968 14546.747605
936.307035 14548.043646
936.562140 14549.298712
936.797560 14550.749757
937.124509 14552.227666
937.366431 14553.650127
937.667167 14555.047491
937.895983 14556.456652
938.196706 14557.980671
938.464740 14559.357166
938.706573 14560.797528
938.994215 14562.283449
939.249117 14563.690116
939.504070 14565.161506
939.778656 14566.716477
940.059707 14568.226972
940.314634 14569.711409
940.582655 14571.375084
940.896396 14573.069428
941.170995 14574.529308
941.399799 14575.980310
941.667883 14577.614056
941.955614 14579.278325
942.230226 14580.895690
942.498323 14582.445239
942.746811 14584.164098
943.067207 14585.993718
943.348436 14587.656329
943.610056 14589.350543
943.897812 14591.096382
944.172539 14592.730800
944.421040 14594.458366
944.721827 14596.112838
944.944178 14597.716099
945.225331 14599.580504
945.526143 14601.584632
945.846577 14603.517082
946.121227 14605.248335
946.376217 14607.076942
946.677017 14608.916204
946.932046 14610.614454
947.187049 14612.432534
947.474780 14614.260982
947.729809 14616.034129
947.997919 14617.839608
948.259488 14619.678192
948.534138 14621.686012
948.841478 14623.682825
949.109575 14625.463127
949.351523 14627.438403
949.671956 14629.470112
949.926947 14631.351829
950.201584 14633.220227
950.450073 14635.170220
950.744344 14637.154030
950.999386 14638.934950
951.234806 14640.821064
951.515984 14642.788539
951.771012 14644.767213
952.052190 14646.951169
952.359518 14649.000261
952.601478 14650.938667
952.876141 14653.010172
953.150766 14654.993228
953.399279 14657.037020
953.686972 14659.115747
953.941988 14661.332780
954.262397 14663.484486
954.497829 14665.649372
954.818225 14667.849605
955.060173 14669.933898
955.347878 14672.079636
955.602894 14674.237024
955.890613 14676.273614
956.112965 14678.452936
956.433360 14681.012411
956.747241 14683.240223
956.982635 14685.319965
957.257260 14687.543106
957.525332 14689.669111
957.773794 14691.941427
958.074594 14694.497163
958.388462 14696.819457
958.630422 14698.933898
958.891966 14701.057335
959.133914 14703.441185
959.454322 14705.947032
959.722419 14708.269873
959.997031 14710.405754
960.219332 14712.636999
960.513591 14715.047850
960.775160 14717.499555
961.075972 14719.847049
961.311367 14722.004173
961.566383 14724.314757
961.834442 14726.839325
962.135241 14729.434101
962.416444 14731.865140
962.677976 14734.189226
962.933004 14736.523462
963.194561 14738.837568
963.443024 14741.161583
963.704580 14743.465024
963.946515 14745.899137
964.234272 14748.494319
964.508909 14751.009987
964.777006 14753.536668
965.051631 14756.107667
965.319728 14758.735628
965.581272 14761.501780
965.842854 14764.485973
966.110938 14767.527578
966.352898 14770.966120
966.653685 14774.990877
966.954472 14779.154701
967.242190 14783.395907
967.523318 14787.530339
967.771806 14791.582214
968.020307 14795.968593
968.288416 14801.063621
968.595744 14806.235463
968.850798 14811.243527
969.118908 14816.828517
969.413128 14822.610838
969.681251 14829.771674
970.080132 14836.864829
970.322042 14843.587896
970.662085 14850.897169
970.936760 14858.146738
971.250615 14866.121353
971.564534 14873.912617
971.845725 14882.038587
972.166146 14890.759190
972.473473 14900.032178
972.813528 14910.559023
973.186260 14921.710807
973.545937 14933.007948
973.905588 14943.991260
974.226022 14954.818705
974.566039 14965.674942
974.899541 14975.304223
975.187247 14985.191229
975.573060 14994.201099
975.828064 15002.156177
976.174634 15010.829795
976.514676 15018.712977
976.822016 15026.337726
977.155518 15033.603175
977.443237 15040.801034
977.783267 15048.741608
978.149471 15055.742089
978.417568 15062.169045
978.744530 15067.599600
978.927626 15071.772641
979.143399 15072.449753
979.320043 15069.570902
979.562168 15067.877272
979.738749 15067.315109
979.941517 15066.852101
980.268657 15066.378205
980.497638 15065.819746
980.955689 15065.232804
981.243432 15064.745117
981.609637 15064.236192
981.956195 15063.761817
982.309280 15063.339639
982.610092 15062.959495
982.930500 15062.562272
983.296667 15062.147190
983.695536 15061.763222
984.055124 15061.417959
984.434358 15061.088976
984.820172 15060.784409
985.212487 15060.479572
985.696421 15060.216093
986.062600 15060.011291
986.467997 15059.844855
986.781839 15059.721130
987.102184 15059.611390
987.461797 15059.520988
987.808316 15059.458700
988.122146 15059.420430
988.429512 15059.401728
988.769567 15059.403631
989.096516 15059.425989
989.403868 15059.464020
989.678480 15059.521599
989.998914 15059.595534
990.273552 15059.689767
990.600500 15059.809013
990.914355 15059.926686
991.149788 15060.063397
991.470171 15060.213192
991.705565 15060.376524
992.012918 15060.582898
992.333326 15060.798394
992.614530 15061.030428
992.928385 15061.267525
993.183426 15061.528753
993.510401 15061.791680
993.739242 15062.048476
994.020445 15062.335077
994.282027 15062.625504
994.543571 15062.961551
994.857477 15063.300159
995.099425 15063.651842
995.406765 15064.039525
995.681440 15064.421413
995.956065 15064.793891
996.198000 15065.195811
996.492284 15065.663289
996.799624 15066.104829
997.041559 15066.507113
997.283520 15066.961475
997.571213 15067.452432
997.839297 15067.922615
998.087785 15068.419250
998.368938 15068.903239
998.591290 15069.394761
998.865902 15069.985727
999.173204 15070.620836
999.474041 15071.216940
999.729019 15071.807530
1000.010159 15072.404285
1000.258622 15072.931231
1000.467842 15073.500901
1000.742416 15074.192996
1001.043139 15074.909107
1001.324228 15075.625877
1001.611883 15076.298494
1001.847214 15076.968684
1002.121826 15077.704444
1002.396387 15078.464421
1002.677540 15079.183997
1002.912922 15079.908608
1003.187508 15080.741589
1003.488295 15081.649556
1003.802176 15082.525821
1004.070285 15083.389617
1004.364519 15084.216483
1004.599901 15085.059027
1004.894185 15086.043091
1005.208028 15087.001197
1005.476150 15087.933027
1005.763869 15088.845824
1006.012369 15089.785516
1006.306603 15090.715408
1006.542036 15091.625370
1006.816648 15092.631266
1007.097800 15093.689054
1007.392034 15094.800360
1007.692872 15095.841153
1007.941360 15096.898386
1008.242147 15098.046919
1008.529865 15099.200015
1008.824111 15100.210197
1009.033382 15101.262148
1009.340697 15102.461379
1009.615372 15103.636977
1009.903091 15104.813946
1010.171200 15105.992757
1010.452404 15107.171890
1010.713960 15108.220747
1010.929733 15109.444020
1011.263223 15110.887997
1011.570563 15112.126388
1011.805957 15113.335613
1012.093688 15114.588088
1012.342176 15115.809100
1012.610286 15117.201048
1012.924167 15118.608581
1013.192264 15119.953440
1013.473467 15121.313004
1013.741551 15122.555712
1013.970418 15123.828546
1014.245081 15125.214044
1014.513178 15126.614461
1014.787841 15127.943417
1015.023261 15129.286360
1015.297911 15130.764111
1015.579076 15132.257140
1015.853726 15133.694172
1016.108755 15135.218118
1016.409542 15136.646636
1016.625328 15137.961746
1016.880369 15139.417078
1017.141938 15141.016991
1017.442750 15142.574869
1017.684736 15144.091557
1017.965889 15145.717276
1018.240526 15147.183407
1018.462840 15148.643522
1018.730924 15150.154077
1018.966306 15151.738167
1019.254050 15153.515851
1019.548271 15155.249319
1019.816419 15156.917311
1020.084503 15158.496147
1020.319910 15160.151059
1020.607616 15161.944514
1020.882279 15163.690406
1021.150338 15165.322866
1021.385745 15167.012102
1021.666936 15169.017785
1021.993884 15170.974697
1022.255441 15172.707458
1022.510457 15174.453655
1022.771988 15176.213078
1023.027017 15178.076613
1023.314735 15179.976804
1023.576304 15181.755102
1023.824831 15183.611422
1024.099430 15185.576475
1024.354471 15187.700760
1024.629109 15189.904982
1024.864503 15192.418126
1025.165316 15195.161103
1025.413766 15197.816139
1025.662279 15200.784657
1025.936904 15203.959307
1026.191920 15206.971263
1026.414284 15210.137723
1026.669300 15213.627720
1026.917763 15217.828935
1027.244725 15222.368556
1027.512822 15226.552292
1027.767812 15230.631475
1028.003245 15234.869710
1028.258274 15239.739825
1028.545979 15244.659473
1028.787914 15249.381584
1029.036390 15254.186995
1029.271757 15259.422009
1029.546438 15265.166522
1029.814549 15271.247326
1030.102264 15277.061780
1030.331137 15282.441879
1030.566567 15288.514936
1030.841179 15295.068156
1031.102735 15301.808931
1031.377400 15308.122969
1031.593191 15314.873391
1031.887450 15321.583264
1032.090203 15328.015977
1032.351800 15335.512289
1032.619905 15342.796536
1032.855296 15350.351454
1033.129967 15358.665726
1033.404622 15367.690862
1033.712054 15376.389219
1033.954017 15385.191535
1034.254784 15394.712996
1034.529456 15403.664504
1034.784487 15414.300548
1035.144197 15423.960230
1035.333837 15431.371355
1035.562731 15439.025592
1035.778477 15445.742414
1035.974650 15462.640967
1037.065999 15479.307794
1037.373508 15485.188812
1037.726656 15491.426496
1038.112505 15498.314543
1038.563839 15503.748516
1038.786147 15507.458674
1039.034600 15511.263140
1039.276526 15514.856129
1039.505392 15518.533611
1039.766960 15521.771781
1039.943514 15524.340451
1040.120043 15524.663189
1040.296601 15523.395129
1040.505778 15523.264614
1040.708466 15523.695201
1040.911218 15524.236908
1041.153156 15524.829397
1041.395094 15525.473870
1041.676322 15526.121935
1041.918264 15526.716746
1042.153680 15527.314859
1042.395647 15527.932753
1042.644168 15528.570640
1042.899192 15529.262311
1043.186915 15529.949508
1043.435428 15530.624083
1043.710050 15531.268248
1043.932409 15531.950529
1044.233149 15532.661956
1044.475118 15533.352027
1044.756277 15534.071840
1045.017859 15534.778452
1045.285957 15535.515420
1045.567129 15536.265452
1045.841779 15537.010999
1046.116423 15537.760760
1046.391029 15538.505781
1046.659145 15539.255104
1046.933808 15539.981167
1047.182302 15540.747980
1047.483102 15541.490979
1047.711971 15542.201414
1047.986631 15542.971015
1048.254727 15543.688603
1048.490141 15544.428855
1048.771319 15545.229349
1049.045970 15546.043831
1049.333714 15546.862646
1049.608336 15547.657138
1049.876441 15548.407531
1050.118389 15549.181236
1050.399573 15549.987819
1050.661133 15550.828198
1050.961939 15551.692508
1051.236589 15552.512103
1051.504712 15553.325963
1051.772834 15554.143916
1052.040969 15554.975979
1052.315607 15555.872965
1052.622998 15556.784783
1052.904252 15557.558406
1053.120050 15558.274364
1053.362074 15559.096368
1053.643328 15559.994502
1053.931098 15560.938852
1054.238488 15561.877609
1054.519743 15562.758219
1054.787865 15563.696157
1055.101822 15564.638557
1055.369970 15565.532645
1055.651224 15566.506210
1055.965193 15567.516938
1056.266069 15568.402713
1056.501489 15569.391197
1056.861178 15570.449490
1057.135866 15571.437020
1057.449772 15572.418052
1057.717920 15573.393060
1058.025247 15574.417143
1058.319532 15575.390292
1058.594182 15576.334305
1058.868845 15577.248616
1059.123899 15578.246780
1059.444333 15579.214750
1059.679753 15580.164790
1059.987118 15581.245438
1060.294458 15582.343028
1060.608351 15583.376072
1060.876474 15583.432350
1061.118853 15583.343513
1061.315030 15584.131139
1061.583140 15585.123022
1061.896995 15586.142295
1062.178186 15587.088214
1062.446308 15587.925276
1062.662106 15588.892033
1063.002162 15589.988802
1063.289880 15590.976670
1063.564518 15591.876848
1063.799950 15592.816329
1064.094196 15593.748018
1064.323101 15594.743352
1064.650063 15595.742561
1064.878917 15596.723721
1065.192823 15597.828051
1065.487069 15598.818418
1065.735595 15599.741444
1065.990573 15600.728754
1066.271751 15601.829807
1066.585632 15602.862804
1066.827579 15603.864440
1067.121851 15604.931745
1067.396501 15605.942297
1067.658045 15606.994710
1067.952291 15608.089144
1068.233457 15609.188905
1068.527728 15610.129888
1068.723905 15611.037350
1068.998530 15612.100099
1069.273180 15613.154859
1069.541303 15614.150151
1069.783238 15615.188221
1070.070931 15616.294965
1070.345594 15617.328899
1070.594069 15618.354251
1070.862179 15619.409804
1071.123748 15620.535513
1071.424560 15621.718604
1071.712279 15622.801077
1071.960754 15623.768608
1072.189634 15624.806607
1072.470799 15625.995803
1072.771611 15627.122814
1073.020125 15628.146705
1073.268600 15629.201601
1073.530195 15630.342222
1073.817901 15631.487242
1074.079457 15632.650991
1074.373729 15633.750270
1074.602583 15634.785050
1074.864139 15635.892887
1075.125721 15637.032879
1075.400346 15638.121228
1075.635779 15639.228036
1075.916957 15640.395072
1076.178539 15641.510282
1076.433605 15642.686529
1076.721311 15643.895490
1076.989383 15645.095150
1077.270573 15646.328139
1077.551701 15647.537007
1077.819747 15648.823173
1078.133538 15650.245317
1078.460411 15651.600476
1078.741487 15652.770770
1078.983346 15653.960394
1079.270963 15655.272441
1079.565146 15656.574780
1079.846197 15657.822669
1080.114205 15659.150395
1080.428009 15660.467913
1080.689464 15661.594899
1080.918267 15662.680648
1081.160177 15663.906467
1081.447857 15665.136220
1081.689742 15666.355571
1081.970945 15667.640362
1082.239029 15668.929909
1082.520207 15670.285832
1082.814416 15671.600247
1083.075985 15672.904326
1083.363716 15674.165859
1083.605613 15675.463588
1083.906450 15676.781247
1084.154926 15678.088128
1084.449172 15679.478539
1084.730363 15680.842386
1085.011528 15682.163176
1085.273072 15683.440638
1085.534616 15684.770579
1085.815768 15686.088807
1086.070772 15687.509106
1086.391244 15689.031488
1086.685477 15690.461952
1086.966655 15691.783142
1087.215131 15693.076093
1087.483215 15694.389584
1087.738256 15695.740445
1088.019396 15697.228227
1088.326736 15698.687993
1088.594846 15700.052986
1088.862930 15701.321993
1089.091822 15702.695949
1089.399124 15704.107324
1089.641047 15705.524027
1089.948374 15706.978825
1090.203377 15708.234683
1090.432244 15709.562804
1090.713447 15711.048712
1091.001153 15712.488052
1091.262748 15713.966726
1091.563496 15715.528361
1091.851228 15717.046810
1092.119325 15718.608465
1092.393975 15720.280254
1092.668625 15722.066370
1092.949765 15724.015818
1093.244049 15725.966838
1093.499040 15728.016690
1093.793286 15730.205622
1094.061409 15732.302185
1094.309871 15734.742219
1094.636795 15737.539807
1094.944122 15740.245067
1095.225275 15742.866686
1095.493359 15745.750415
1095.807214 15749.077346
1096.140678 15752.565003
1096.461099 15755.849685
1096.735736 15759.405568
1097.082307 15763.305088
1097.396187 15767.262244
1097.729689 15771.514168
1098.069732 15775.815662
1098.390140 15780.118771
1098.710536 15784.966868
1099.089783 15789.760694
1099.384055 15794.366108
1099.717582 15799.387318
1100.051059 15804.596371
1100.391089 15810.102883
1100.744187 15815.753607
1101.084204 15817.272486
1101.273853 15815.285586
1101.463502 15814.220798
1101.738178 15813.648330
1102.104369 15813.226808
1102.503378 15812.874601
1102.758584 15812.630186
1102.967931 15812.256299
1103.491019 15811.793833
1103.896377 15811.435521
1104.236344 15811.127683
1104.556765 15810.814520
1104.929472 15810.482593
1105.315272 15810.156699
1105.701098 15809.853032
1106.060737 15809.575766
1106.407294 15809.313471
1106.753877 15809.063130
1107.093907 15808.817964
1107.453559 15808.597192
1107.747779 15808.404207
1108.048541 15808.204551
1108.388533 15808.010781
1108.695809 15807.841971
1108.976987 15807.683858
1109.271246 15807.520771
1109.598182 15807.366597
1109.885901 15807.226407
1110.186713 15807.084636
1110.513649 15806.955738
1110.788299 15806.847194
1111.049868 15806.742218
1111.337587 15806.641914
1111.605697 15806.551148
1111.873781 15806.461355
1112.174606 15806.380364
1112.423081 15806.307653
1112.710812 15806.239547
1112.965867 15806.182482
1113.207802 15806.125625
1113.515167 15806.071430
1113.789817 15806.028103
1114.044820 15805.987920
1114.365229 15805.953324
1114.626836 15805.926918
1114.927724 15805.905479
1115.228537 15805.891556
1115.509689 15805.884687
1115.790905 15805.883983
1116.052487 15805.889419
1116.333665 15805.901403
1116.621396 15805.918412
1116.869910 15805.941983
1117.164156 15805.970976
1117.412619 15806.004910
1117.687282 15806.051481
1118.020797 15806.103466
1118.282353 15806.153995
1118.530841 15806.211464
1118.805492 15806.277586
1119.080129 15806.349775
1119.354767 15806.425030
1119.609795 15806.506142
1119.884458 15806.597253
1120.165636 15806.694506
1120.440299 15806.801929
1120.741099 15806.925328
1121.061507 15807.041731
1121.296914 15807.151631
1121.558483 15807.275716
1121.833159 15807.413726
1122.127418 15807.566710
1122.434783 15807.719562
1122.702918 15807.860675
1122.944866 15808.013143
1123.232635 15808.174803
1123.487664 15808.349028
1123.795017 15808.526864
1124.043530 15808.707089
1124.337815 15808.899665
1124.605925 15809.089344
1124.874034 15809.284807
1125.142144 15809.486049
1125.410241 15809.700864
1125.697959 15809.916341
1125.952988 15810.138105
1126.240719 15810.382322
1126.534966 15810.615921
1126.783441 15810.844125
1127.051576 15811.083542
1127.313133 15811.331764
1127.587796 15811.595137
1127.868974 15811.858167
1128.130556 15812.117406
1128.392125 15812.382137
1128.653681 15812.669632
1128.947953 15812.970030
1129.222590 15813.266345
1129.497228 15813.539409
1129.719554 15813.836642
1130.026894 15814.176684
1130.314625 15814.477456
1130.543492 15814.780257
1130.824683 15815.107811
1131.086227 15815.416995
1131.328200 15815.723194
1131.576688 15816.051004
1131.844785 15816.396836
1132.112895 15816.765903
1132.407154 15817.136600
1132.668723 15817.477832
1132.910658 15817.815257
1133.159184 15818.213105
1133.479592 15818.758787
1133.924270 15819.270753
1134.185814 15819.662312
1134.453924 15820.034626
1134.682803 15820.397212
1134.931304 15820.804964
1135.212495 15821.243903
1135.493723 15821.689174
1135.774876 15822.114186
1136.023390 15822.556008
1136.317661 15823.052430
1136.624989 15823.511612
1136.866949 15823.904682
1137.089275 15824.358946
1137.396603 15824.858164
1137.664725 15825.358656
1137.965499 15825.818121
1138.181272 15826.295816
1138.495178 15826.748016
1138.678261 15827.169906
1138.952899 15827.638168
1139.181765 15828.149352
1139.495646 15828.659242
1139.717972 15829.080470
1139.933707 15829.601840
1140.254090 15830.147409
1140.489522 15830.627833
1140.737896 15831.119357
1140.979768 15831.642608
1141.254367 15832.191180
1141.515873 15832.718346
1141.764310 15833.250850
1142.025791 15833.830245
1142.313458 15834.464765
1142.620735 15835.070599
1142.875751 15835.625839
1143.130716 15836.288066
1143.477312 15836.971203
1143.745396 15837.610822
1144.046170 15838.174201
1144.242322 15838.743594
1144.543096 15839.324578
1144.745839 15839.865564
1145.007395 15840.464480
1145.255883 15840.998503
1145.458588 15841.552773
1145.720157 15842.110859
1145.922887 15842.681777
1146.190959 15843.304830
1146.432919 15843.892768
1146.668288 15844.518112
1146.936423 15845.090554
1147.126047 15845.626374
1147.361454 15846.215558
1147.590308 15846.825941
1147.838758 15847.474696
1148.093787 15848.135838
1148.342237 15848.847169
1148.610334 15849.603393
1148.858825 15850.421932
1149.133442 15851.231558
1149.349195 15852.224935
1149.695779 15853.366104
1149.963898 15854.696970
1150.362868 15856.313936
1150.729160 15857.872409
1151.056171 15859.345280
1151.350447 15860.555629
1151.546603 15861.907072
1151.873574 15863.459387
1152.128592 15864.744050
1152.337866 15866.150009
1152.619055 15867.793371
1152.893704 15869.391635
1153.142217 15870.852442
1153.358017 15872.334541
1153.600031 15873.764552
1153.789691 15875.187668
1154.018566 15877.013649
1154.312867 15878.860079
1154.535186 15880.787610
1154.835989 15883.600409
1155.273958 15886.257764
1155.515917 15889.383574
1156.038798 15892.663050
1156.300391 15894.955438
1156.568523 15897.151382
1156.797361 15899.065884
1156.993499 15901.108289
1157.241973 15903.432121
1157.490435 15905.929094
1157.765058 15908.734437
1158.065814 15911.632038
1158.347028 15914.221707
1158.575854 15916.657560
1158.817759 15919.063758
1159.033544 15921.298375
1159.236234 15923.602681
1159.458588 15926.966147
1159.844376 15930.118161
1160.020958 15932.361317
1160.236763 15935.206130
1160.511395 15938.129682
1160.733795 15940.707894
1160.943114 15943.161634
1161.139386 15943.542926
1161.335862 15942.617361
1161.571431 15942.862755
1161.865882 15943.515342
1162.107838 15944.115832
1162.356344 15944.735906
1162.611381 15945.408423
1162.899100 15946.052082
1163.127968 15946.699972
1163.415681 15947.401019
1163.683789 15948.073246
1163.945359 15948.791510
1164.246146 15949.522459
1164.514281 15950.164738
1164.743130 15950.819318
1165.017766 15951.494413
1165.259726 15952.138985
1165.508204 15952.821712
1165.776334 15953.525567
1166.037881 15954.268614
1166.332149 15955.042361
1166.613327 15955.723082
1166.835650 15956.416843
1167.123411 15957.185743
1167.398046 15957.904922
1167.646513 15958.600970
1167.901555 15959.318895
1168.163128 15960.095686
1168.457395 15960.895139
1168.732069 15961.615715
1168.967459 15962.284275
1169.202888 15963.096815
1169.536419 15963.941483
1169.791460 15964.706237
1170.066104 15965.484367
1170.327672 15966.228385
1170.576186 15967.034080
1170.877016 15967.911513
1171.171299 15968.706286
1171.413249 15969.515381
1171.714085 15970.367687
1171.982246 15971.254547
1172.302667 15972.106062
1172.544653 15972.852725
1172.793192 15973.673035
1173.080897 15974.547672
1173.362139 15975.386423
1173.623734 15976.209036
1173.891843 15977.045839
1174.159966 15977.886785
1174.428101 15978.762910
1174.715845 15979.612063
1174.964358 15980.517875
1175.284767 15981.427723
1175.533280 15982.237126
1175.788296 15983.166789
1176.108717 15984.121978
1176.376814 15984.964652
1176.625328 15985.800533
1176.886897 15986.672410
1177.154994 15987.613450
1177.455806 15988.515207
1177.697767 15989.388689
1177.978945 15990.276797
1178.227445 15991.191295
1178.521704 15992.142999
1178.789827 15992.965448
1179.005625 15993.836389
1179.299872 15994.890727
1179.620318 15995.859642
1179.862253 15996.810919
1180.169606 15997.766010
1180.411553 15998.702938
1180.705812 15999.574403
1180.908492 16000.438494
1181.196223 16001.363498
1181.431617 16002.222813
1181.680106 16003.202573
1181.980956 16004.303964
1182.294874 16005.446039
1182.615295 16006.486737
1182.870311 16007.413335
1183.125327 16008.427612
1183.426178 16009.710691
1183.824932 16011.011823
1184.132285 16012.041219
1184.380786 16013.002181
1184.648896 16013.991308
1184.910465 16014.972127
1185.172009 16016.031061
1185.472834 16017.143919
1185.760565 16018.211879
1186.035202 16019.234335
1186.296759 16020.223278
1186.551775 16021.241292
1186.826400 16022.237876
1187.068360 16023.213125
1187.329929 16024.344984
1187.650337 16025.506837
1187.924988 16026.583985
1188.199625 16027.652461
1188.467709 16028.673337
1188.716210 16029.672146
1188.971226 16030.752952
1189.258970 16031.850831
1189.520527 16032.900496
1189.782096 16033.940819
1190.037099 16034.985023
1190.298681 16036.086315
1190.579872 16037.111432
1190.802198 16038.153902
1191.089878 16039.132411
1191.279540 16040.155466
1191.586893 16041.343758
1191.855003 16042.373783
1192.083869 16043.516841
1192.404290 16044.731971
1192.665834 16045.828564
1192.927403 16046.942924
1193.195513 16048.130572
1193.489797 16049.308582
1193.751354 16050.449280
1194.025979 16051.692130
1194.333331 16052.911452
1194.594901 16054.079234
1194.876079 16055.222698
1195.124554 16056.384608
1195.412260 16057.578916
1195.673842 16058.777790
1195.961573 16060.009460
1196.236211 16061.216917
1196.510873 16062.356380
1196.752847 16063.572504
1197.060199 16064.894370
1197.347905 16066.118992
1197.609474 16067.406939
1197.923367 16068.758212
1198.211124 16069.966920
1198.459625 16071.046440
1198.688504 16072.308008
1199.015491 16073.618000
1199.263979 16074.723347
1199.499361 16075.937442
1199.793658 16077.275873
1200.081390 16078.543459
1200.342984 16079.891557
1200.663418 16081.121932
1200.872650 16082.357062
1201.193046 16083.748888
1201.467709 16084.884423
1201.676967 16086.085477
1201.977766 16087.351508
1202.213173 16088.575591
1202.494390 16089.818764
1202.736350 16091.066015
1203.017515 16092.379640
1203.285638 16093.823735
1203.619152 16095.256506
1203.880683 16096.488783
1204.129172 16097.772632
1204.410350 16099.155953
1204.698081 16100.495787
1204.959625 16101.839975
1205.247292 16103.236560
1205.528445 16104.573069
1205.789913 16105.832726
1206.038299 16107.096219
1206.299779 16108.428543
1206.574328 16109.862927
1206.875013 16111.236171
1207.123400 16112.416758
1207.345650 16113.699685
1207.633279 16115.002425
1207.862083 16116.226609
1208.117086 16117.670373
1208.430928 16119.068212
1208.666323 16120.454117
1208.973587 16121.860434
1209.215509 16123.187460
1209.490134 16124.653129
1209.784329 16125.987605
1210.006617 16127.615864
1210.412090 16129.333443
1210.667081 16130.715915
1210.941718 16132.188137
1211.229424 16133.716386
1211.523658 16135.076632
1211.745959 16136.585902
1212.086014 16138.124553
1212.301799 16139.788690
1212.648319 16141.850276
1212.962212 16143.617518
1213.184526 16145.703636
1213.557220 16147.945910
1213.799155 16150.143259
1214.126129 16152.699795
1214.433444 16155.210038
1214.721149 16157.712518
1215.002327 16160.470982
1215.322761 16163.494893
1215.636629 16166.206933
1215.872036 16168.920773
1216.166295 16172.282486
1216.506338 16175.758203
1216.800546 16179.288940
1217.127482 16182.852508
1217.408622 16186.456228
1217.722490 16190.204650
1218.010221 16194.155093
1218.337157 16198.080522
1218.605241 16202.262138
1218.951799 16206.732161
1219.246058 16210.760710
1219.514155 16215.630436
1219.906458 16221.370902
1220.272662 16226.455908
1220.560368 16230.513976
1220.782694 16231.127109
1220.959250 16229.290252
1221.135792 16228.189782
1221.443120 16227.597042
1221.717783 16227.260735
1222.051297 16226.872585
1222.437149 16226.454043
1222.849365 16226.109417
1223.111163 16225.826606
1223.418744 16225.531337
1223.719607 16225.273994
1223.961504 16225.020392
1224.268768 16224.737738
1224.589075 16224.454530
1224.916062 16224.160896
1225.282266 16223.876479
1225.609202 16223.634962
1225.890317 16223.408830
1226.197581 16223.175269
1226.517951 16222.958589
1226.799154 16222.758494
1227.093401 16222.543834
1227.439958 16222.336818
1227.734230 16222.144618
1228.061204 16221.941306
1228.420830 16221.766553
1228.675871 16221.612580
1228.989752 16221.464503
1229.244755 16221.328311
1229.539014 16221.193360
1229.813664 16221.077854
1230.049059 16220.969373
1230.317169 16220.858055
1230.591793 16220.750249
1230.872984 16220.654266
1231.114919 16220.566362
1231.383054 16220.480488
1231.644611 16220.398548
1231.925789 16220.321520
1232.193911 16220.253077
1232.455455 16220.191099
1232.717049 16220.134037
1232.985146 16220.080915
1233.266312 16220.034746
1233.521366 16219.997657
1233.756773 16219.961089
1234.096803 16219.929468
1234.345278 16219.909116
1234.580724 16219.893078
1234.855348 16219.881188
1235.162688 16219.875706
1235.385027 16219.876431
1235.659690 16219.883224
1235.953949 16219.895246
1236.195884 16219.912502
1236.464019 16219.937280
1236.751725 16219.969421
1237.039469 16220.002688
1237.255255 16220.045317
1237.582229 16220.099215
1237.863432 16220.152347
1238.111959 16220.213933
1238.412784 16220.284565
1238.687497 16220.361266
1238.981794 16220.442245
1239.243376 16220.527651
1239.524567 16220.621159
1239.799204 16220.714790
1240.047705 16220.816881
1240.335437 16220.932697
1240.623142 16221.055232
1240.910874 16221.184487
1241.198592 16221.320463
1241.486336 16221.451323
1241.728309 16221.579563
1241.983300 16221.725441
1242.271018 16221.890275
1242.571843 16222.054052
1242.833412 16222.212359
1243.094956 16222.371985
1243.343444 16222.556751
1243.663853 16222.744993
1243.905813 16222.914812
1244.154276 16223.091837
1244.402764 16223.288678
1244.690482 16223.518949
1245.010916 16223.740551
1245.259392 16223.956020
1245.547097 16224.176905
1245.795598 16224.406899
1246.089857 16224.654011
1246.364508 16224.889980
1246.619524 16225.119650
1246.868037 16225.379515
1247.175352 16225.657770
1247.449989 16225.920335
1247.711546 16226.212333
1248.031941 16226.496800
1248.267323 16226.739573
1248.496152 16227.000978
1248.757708 16227.292273
1249.032333 16227.559762
1249.241566 16227.847662
1249.542340 16228.170454
1249.803871 16228.480608
1250.071980 16228.804334
1250.346605 16229.150155
1250.640877 16229.498216
1250.908999 16229.815241
1251.144381 16230.142010
1251.419057 16230.503951
1251.700247 16230.880868
1251.987953 16231.219528
1252.203739 16231.586817
1252.524173 16231.991103
1252.785742 16232.355995
1253.040783 16232.726362
1253.302340 16233.087597
1253.537747 16233.493269
1253.851615 16233.919112
1254.106669 16234.321915
1254.381306 16234.745523
1254.655957 16235.149315
1254.897879 16235.579904
1255.198704 16236.021178
1255.447205 16236.447523
1255.721842 16236.873636
1255.963752 16237.316592
1256.251483 16237.776015
1256.506537 16238.207700
1256.755025 16238.667532
1257.036191 16239.179275
1257.337003 16239.674095
1257.592044 16240.151775
1257.866656 16240.647000
1258.134766 16241.160515
1258.422472 16241.692491
1258.703701 16242.193535
1258.952163 16242.700575
1259.233341 16243.283433
1259.553750 16243.847241
1259.808804 16244.392266
1260.103050 16244.949582
1260.364619 16245.493437
1260.639269 16246.029426
1260.887745 16246.516564
1261.110084 16247.070594
1261.417437 16247.678224
1261.685546 16248.243625
1261.947115 16248.764984
1262.169454 16249.327415
1262.463739 16249.967046
1262.751457 16250.554920
1262.993405 16251.171189
1263.300732 16251.830278
1263.575408 16252.451292
1263.843518 16253.078266
1264.118117 16253.711145
1264.386227 16254.357905
1264.667419 16255.042013
1264.961673 16255.740582
1265.249378 16256.414110
1265.517488 16257.053804
1265.772519 16257.715477
1266.053716 16258.382694
1266.308744 16259.022892
1266.563767 16259.668369
1266.818795 16260.386441
1267.126113 16261.093351
1267.368062 16261.782144
1267.649253 16262.549817
1267.923897 16263.258870
1268.133120 16263.974081
1268.381597 16264.792955
1268.630101 16265.802714
1268.957070 16266.865603
1269.205557 16267.890336
1269.480197 16268.977461
1269.735228 16270.148184
1270.022957 16271.339592
1270.264894 16272.523581
1270.526470 16273.786058
1270.781492 16275.047143
1271.023464 16276.337451
1271.271915 16277.690213
1271.520406 16279.165136
1271.795048 16280.649092
1272.030471 16282.225735
1272.318177 16284.079258
1272.625547 16285.974683
1272.906725 16287.757510
1273.161730 16289.550338
1273.429852 16291.416487
1273.691411 16293.311002
1273.952966 16295.281391
1274.221077 16297.099061
1274.430349 16299.042837
1274.718093 16301.266189
1274.986238 16303.356781
1275.228231 16305.330089
1275.457140 16307.288660
1275.686053 16309.344227
1275.928003 16311.350649
1276.137241 16313.337169
1276.366095 16315.758043
1276.660326 16318.317631
1276.908750 16320.486838
1277.111385 16323.057259
1277.431740 16326.100769
1277.719360 16328.977341
1277.993948 16331.497200
1278.203119 16334.031048
1278.471153 16336.960894
1278.745715 16340.018184
1279.026846 16342.983250
1279.275289 16345.890031
1279.536822 16348.843778
1279.785242 16351.612560
1280.007534 16354.504572
1280.269106 16357.718480
1280.537177 16360.942501
1280.792140 16363.803402
1280.994807 16366.876359
1281.275977 16370.156289
1281.504792 16370.615792
1281.772889 16369.609821
1282.132616 16369.978342
1282.420368 16370.649374
1282.681974 16371.543685
1283.146272 16372.459595
1283.420914 16373.170775
1283.715175 16373.878067
1283.983294 16374.506729
1284.212146 16375.088923
1284.441019 16375.716103
1284.702596 16376.490223
1285.042634 16377.353950
1285.369587 16378.086709
1285.604997 16378.764230
1285.886187 16379.419152
1286.101976 16379.990907
1286.317782 16380.635225
1286.585875 16381.335228
1286.840916 16382.021497
1287.095959 16382.729163
1287.364061 16383.467360
1287.638705 16384.200649
1287.900279 16384.938053
1288.174923 16385.679389
1288.436505 16386.443110
1288.724218 16387.201655
1288.979260 16387.946137
1289.253932 16388.731491
1289.535090 16389.539772
1289.822824 16390.324407
1290.084409 16391.066266
1290.339451 16391.849840
1290.627184 16392.665877
1290.901830 16393.409761
1291.137268 16394.186485
1291.431545 16395.005392
1291.693118 16395.741252
1291.928527 16396.510079
1292.209719 16397.410085
1292.530133 16398.275276
1292.785170 16399.125771
1293.092528 16400.010188
1293.367148 16400.829287
1293.628718 16401.622253
1293.883729 16402.479857
1294.184562 16403.331250
1294.433042 16404.166827
1294.720824 16404.954787
1294.936648 16405.726096
1295.211324 16406.583275
1295.479421 16407.507217
1295.793339 16408.404049
1296.041802 16409.242583
1296.316465 16410.116527
1296.584575 16410.962710
1296.839591 16411.738127
1297.061930 16412.495562
1297.303890 16413.428061
1297.630864 16414.418503
1297.905527 16415.359943
1298.199735 16416.316741
1298.480977 16417.267332
1298.768670 16418.145120
1299.004077 16419.005028
1299.278727 16419.946137
1299.559918 16420.846822
1299.808406 16421.729229
1300.076516 16422.649023
1300.344626 16423.595450
1300.625804 16424.523236
1300.880820 16425.409598
1301.135848 16426.299640
1301.390890 16427.216287
1301.658974 16428.206014
1301.953258 16429.188345
1302.214802 16430.140239
1302.489452 16431.037572
1302.718319 16431.927020
1302.986429 16432.878625
1303.247998 16433.727617
1303.457243 16434.710858
1303.790758 16435.709187
1304.006531 16436.652659
1304.307343 16437.695563
1304.575453 16438.694851
1304.850090 16439.661812
1305.098591 16440.608416
1305.360148 16441.558516
1305.608623 16442.610632
1305.922516 16443.679011
1306.177545 16444.739943
1306.484872 16445.804907
1306.739914 16446.812273
1307.014551 16447.773264
1307.243418 16448.763306
1307.531149 16449.895561
1307.831949 16450.956459
1308.080450 16451.920114
1308.328925 16452.899995
1308.583967 16453.960288
1308.871672 16455.088783
1309.159391 16456.131434
1309.401326 16457.139471
1309.669448 16458.190039
1309.931017 16459.192231
1310.172940 16460.250564
1310.460671 16460.826470
