0.000000 0.000000
0.000000 -0.000000
0.176555 5.973123
-0.000013 0.513288
0.176568 5.742606
0.353098 9.523944
0.536194 13.432757
0.712711 17.201127
0.529666 11.032328
0.353174 5.084379
0.150482 -0.428414
-0.026149 -4.229689
-0.209245 -8.170081
-0.398793 -12.249319
-0.209055 -4.418036
-0.019545 3.403811
0.183159 7.600848
0.372745 11.450622
0.555854 15.168872
0.732345 18.752762
0.908926 22.338457
1.105065 26.321301
0.928535 20.372068
0.712813 13.102020
0.523202 6.711944
0.314020 0.578174
0.111303 -3.458162
-0.078359 -7.234546
-0.261404 -10.879183
-0.437985 -14.395110
-0.627571 -18.169976
-0.817156 -21.944843
-0.614363 -13.574701
-0.431356 -6.021235
-0.254838 1.264374
-0.071818 5.913508
0.124333 9.534525
0.346621 13.638032
0.542798 17.259518
0.719315 20.518081
0.895858 23.777114
1.078890 27.155948
1.275080 30.777669
1.484325 34.640399
1.660855 37.899198
1.843976 41.660719
2.027060 47.830801
2.210181 54.002168
2.399817 60.393100
2.628671 68.105703
2.805265 74.057076
2.609075 67.445295
2.426017 61.276068
2.249462 55.325979
2.066417 49.157181
1.870240 42.545828
1.693748 36.597879
1.477963 29.325690
1.294917 23.156892
1.059624 15.227292
0.817728 7.075130
0.562686 0.179677
0.327241 -3.812296
0.072174 -8.136951
-0.124066 -11.464206
-0.307124 -14.567949
-0.490258 -17.672984
-0.679844 -20.887406
-0.882536 -24.324047
-1.091806 -27.872228
-1.340231 -34.351499
-1.542898 -42.716399
-1.739049 -50.812394
-1.915541 -58.096954
-2.144395 -67.542718
-2.320912 -74.828326
-2.517013 -82.922224
-2.327389 -75.095659
-2.144217 -67.535379
-1.961134 -59.978768
-1.784553 -52.690539
-1.542644 -42.705916
-1.339964 -34.340492
-1.065441 -23.009769
-0.843115 -13.833435
-0.575094 -2.771093
-0.261290 6.229017
0.065596 11.664226
0.340157 16.229430
0.569011 20.034647
0.745477 22.968803
0.941654 26.230689
1.144321 29.600481
1.373188 33.405909
1.582433 36.885085
1.811261 40.689879
1.987817 46.508274
2.170925 52.679213
2.367064 59.289281
2.556688 65.679785
2.746324 72.070717
2.929382 78.239943
2.726703 71.409453
2.550122 65.458508
2.373592 59.509275
2.190521 53.339620
2.007489 47.171250
1.772133 39.239510
1.530248 31.087776
1.288326 22.934759
1.053071 15.006443
0.765353 5.310048
0.490766 -1.039728
0.274980 -4.698373
0.013449 -9.132630
-0.208902 -12.902599
-0.391973 -16.006558
-0.601193 -19.553877
-0.784301 -22.658482
-0.980440 -25.984013
-1.163498 -29.087757
-1.359662 -35.153498
-1.542771 -42.711157
-1.725828 -50.266720
-1.915477 -58.094333
-2.091995 -65.379942
-2.268576 -72.668171
-2.445131 -79.955352
-2.261997 -72.396645
-2.065757 -64.296981
-1.869592 -56.200463
-1.686484 -48.642803
-1.496873 -40.816763
-1.313802 -33.260676
-1.104633 -24.627395
-0.875830 -15.183728
-0.607758 -4.119290
-0.431241 3.166319
-0.091288 9.055689
0.098311 12.208190
0.412128 17.426110
0.640982 21.231327
0.895947 25.470701
1.150899 29.709865
1.347064 32.971540
1.549730 36.341331
1.752384 39.710912
1.961680 45.627445
2.164359 52.457935
2.340877 58.406740
2.517407 64.355974
2.694000 70.307347
2.877083 76.477429
2.700541 70.527768
2.523947 64.576395
2.334374 58.187603
2.079396 49.594599
1.876742 42.764965
1.660957 35.492777
1.484478 29.545256
1.307935 23.595594
1.033399 14.343467
0.843775 7.952963
0.569163 0.289494
0.301053 -4.256303
0.000267 -9.356141
-0.241681 -13.458362
-0.444424 -16.895864
-0.712470 -21.440585
-0.921664 -24.987474
-1.111301 -28.202757
-1.313955 -33.266966
-1.516621 -41.631866
-1.693189 -48.919572
-1.869694 -56.204656
-2.072373 -64.570080
-2.255507 -72.128788
-2.438565 -79.684350
-2.262022 -72.397693
-2.072361 -64.569556
-1.889252 -57.011897
-1.712722 -49.725764
-1.516571 -41.629770
-1.326947 -33.803205
-1.058913 -22.740339
-0.810476 -12.486287
-0.496659 0.466256
-0.320129 5.250683
0.065583 11.664015
0.392506 17.099858
0.680161 21.882775
0.915556 25.796742
1.144410 29.601959
1.340510 32.862578
1.517040 35.797789
1.752422 39.711546
1.928990 44.525767
2.118576 50.914987
2.327847 57.967610
2.530526 64.798100
2.707107 70.749045
2.883611 76.697422
3.060116 82.645800
3.236722 88.597601
3.419754 94.765971
3.648634 102.479430
3.857917 109.532481
4.041051 115.704276
4.237253 122.316485
4.446511 129.368680
4.649241 136.200882
4.897730 144.575177
5.133213 145.182001
5.309768 144.473243
5.558295 143.475568
5.859107 142.267998
6.101067 141.296680
6.428054 139.984036
6.617767 139.222460
6.441199 133.271943
6.258103 127.101432
6.074994 120.930494
5.898477 114.981689
5.715381 108.811178
5.499633 101.540274
5.277371 94.049804
5.074717 87.220170
4.819764 78.628022
4.584522 70.700134
4.251147 59.465071
3.885019 47.126191
3.688867 40.515694
3.453486 32.583098
3.211563 24.430080
2.950045 15.616655
2.760434 9.226579
2.485809 1.411170
2.230755 -0.769489
1.988820 -2.837982
1.727264 -5.074235
1.478775 -7.198756
1.217130 -9.435769
0.955510 -11.672565
0.693877 -13.909470
0.432219 -16.146591
0.190208 -18.215736
-0.110706 -20.788485
-0.306870 -22.465648
-0.535749 -24.422518
-0.712305 -25.932030
-0.895413 -27.497570
-1.098105 -29.230543
-1.274661 -31.645147
-1.483931 -40.282621
-1.660474 -47.569278
-1.843570 -55.126413
-2.026641 -62.682500
-2.209762 -70.240683
-2.386305 -77.527340
-2.569362 -85.082903
-2.785148 -93.989283
-2.961665 -101.274892
-3.177464 -110.181796
-3.399714 -119.354985
-3.622091 -128.533415
-3.824757 -136.898315
-4.099369 -148.232707
-4.373994 -155.449440
-4.557039 -154.429264
-4.812081 -153.007827
-5.014786 -151.878081
-5.315572 -150.201689
-5.557507 -148.853298
-5.380888 -141.577626
-5.204333 -134.304569
-5.027740 -127.029943
-4.831550 -118.948071
-4.635348 -110.865676
-4.439082 -102.780665
-4.229799 -94.159409
-3.968306 -83.387416
-3.791801 -76.116452
-3.504171 -64.267784
-3.236087 -53.224268
-3.020314 -44.335674
-2.771813 -34.098880
-2.542870 -24.667763
-2.235492 -12.005571
-2.013090 -2.843884
-1.686065 4.465305
-1.437577 5.951952
-1.189050 7.438827
-0.875233 9.316321
-0.574472 11.115707
-0.319481 12.641257
-0.038367 14.323099
0.229680 15.926758
0.464985 17.334537
0.785292 19.250857
1.053351 20.854591
1.314818 22.418891
1.635188 24.335592
1.837881 25.548251
2.047100 26.799965
2.367483 28.716741
2.609380 30.163954
2.799029 31.298581
3.027845 32.667533
3.367900 34.702005
3.668636 36.501239
3.923652 41.358020
4.119829 47.956558
4.309427 54.333821
4.551350 62.471036
4.734458 68.630014
4.917567 74.788991
5.133353 82.047084
5.336045 88.864762
5.512638 94.804600
5.695721 100.962724
5.918022 108.439956
6.094590 114.378940
6.271120 120.316642
6.460757 126.695187
6.650380 133.073304
6.846557 132.686262
7.055891 131.880053
6.879387 125.943205
6.676682 119.125100
6.493548 112.965268
6.303962 106.588432
6.120841 100.429027
5.898553 92.952222
5.695861 86.134543
5.499735 79.537714
5.251323 71.182214
5.074882 65.247502
4.780851 55.357597
4.597794 49.200328
4.375506 41.723522
4.146677 34.026723
3.885133 25.229526
3.662845 17.752720
3.375177 8.076829
3.113646 1.440722
2.878239 0.249398
2.662504 -0.842371
2.381275 -2.265585
2.139378 -3.489751
1.890878 -4.747339
1.590053 -6.269723
1.334986 -7.560538
1.112634 -8.685792
0.864083 -9.943637
0.582879 -11.366722
0.327825 -12.657473
0.105448 -13.782856
-0.241122 -15.536743
-0.456933 -16.628897
-0.698894 -17.853385
-0.914679 -18.945411
-1.136980 -20.070408
-1.372413 -21.261861
-1.725486 -23.048655
-1.902054 -23.942212
-2.157057 -25.232707
-2.418588 -26.556236
-2.608250 -27.516057
-2.817470 -33.175103
-3.007157 -40.654213
-3.216377 -48.903467
-3.392945 -55.865309
-3.595662 -63.858182
-3.824542 -72.882588
-4.027259 -80.875461
-4.243083 -89.385102
-4.452303 -97.634356
-4.628896 -104.597199
-4.825073 -112.332190
-5.021262 -120.067681
-5.223980 -128.060554
-5.407038 -135.278276
-5.622836 -142.457738
-5.426659 -134.380842
-5.236985 -126.571660
-5.034229 -118.223914
-4.844580 -110.415777
-4.628794 -101.531558
-4.406367 -92.373873
-4.210139 -84.294886
-4.027081 -76.758123
-3.811384 -67.877564
-3.523742 -56.034901
-3.301403 -46.880877
-3.079115 -37.728944
-2.850172 -28.303023
-2.582050 -17.264024
-2.326894 -6.758883
-2.091423 2.935797
-1.803616 4.817564
-1.457033 6.611390
-1.215111 7.863519
-0.953529 9.217401
-0.646239 10.807852
-0.437045 11.890590
-0.116662 13.548811
0.118669 14.766825
0.419392 16.323293
0.700519 17.778336
0.916216 18.894729
1.203833 20.383361
1.465351 21.736915
1.746479 23.191958
2.001418 24.511462
2.269503 25.898999
2.517927 27.184783
2.746807 28.369405
2.988716 29.621468
3.289490 31.178199
3.466046 32.092005
3.662197 33.107236
3.897579 34.325512
4.198404 35.882506
4.459923 41.487760
4.669155 48.521554
4.852251 54.676711
5.081118 62.370550
5.283810 69.184472
5.486514 75.998820
5.676151 82.373850
5.859297 88.530715
6.068517 95.564082
6.258154 101.939112
6.434696 107.873969
6.617780 114.028699
6.800901 120.184710
7.010146 127.218931
7.193229 130.047310
7.010184 123.893860
6.820586 117.520111
6.617868 110.705336
6.441313 104.770052
6.251639 98.393741
6.049023 91.582381
5.813641 83.669523
5.584761 75.975257
5.395290 69.605777
5.192700 62.795271
4.872419 52.028336
4.689348 45.874033
4.447464 37.742582
4.231704 30.489342
3.930917 20.377756
3.721735 13.345670
3.453663 4.333874
3.198647 0.939302
2.930563 -0.351895
2.721343 -1.359578
2.472868 -2.556332
2.237461 -3.690144
1.949704 -5.076091
1.661998 -6.461793
1.393876 -7.753174
1.151890 -8.918671
0.916419 -10.052789
0.635190 -11.407295
0.412852 -12.478165
0.144729 -13.769546
-0.142964 -15.155187
-0.365316 -16.226118
-0.613816 -17.422994
-0.875360 -18.682690
-1.123861 -19.879566
-1.405052 -21.233889
-1.627302 -22.304331
-1.830070 -23.280941
-2.039315 -24.288747
-2.359698 -25.831834
-2.608212 -27.028772
-2.850109 -32.693532
-3.065945 -40.996219
-3.262084 -48.541184
-3.490989 -57.346575
-3.713328 -65.899393
-3.889921 -72.692500
-4.072992 -79.734761
-4.262666 -87.031061
-4.445737 -94.073322
-4.641977 -101.622196
-4.825048 -108.664457
-5.008156 -115.708184
-5.184711 -122.499826
-5.361216 -129.289513
-5.537810 -136.082620
-5.348148 -128.275342
-5.151984 -120.200398
-4.962309 -112.392597
-4.779175 -104.854031
-4.602594 -97.585222
-4.380205 -88.430726
-4.190517 -80.622403
-4.000932 -72.818261
-3.785235 -63.939273
-3.471418 -51.021245
-3.209900 -40.256047
-3.007169 -31.910822
-2.758567 -21.677297
-2.470760 -9.829933
-2.215591 0.673872
-1.947469 4.391971
-1.685874 5.695099
-1.437373 6.933000
-1.188885 8.170838
-0.829272 9.962242
-0.561175 11.297761
-0.319303 12.502638
-0.018491 14.001127
0.203759 15.108260
0.510984 16.638697
0.746341 17.811119
1.047039 19.309039
1.321587 20.676696
1.569999 21.914154
1.818411 23.151613
2.093011 24.519523
2.374151 25.920014
2.622575 27.157536
2.903766 28.558281
3.145650 29.763221
3.413747 31.098740
3.629546 32.173734
3.884524 33.443901
4.067620 34.355988
4.388040 35.952158
4.669180 43.323241
4.891481 50.795032
5.133480 58.928886
5.336146 65.740748
5.545404 72.774152
5.774296 80.467484
5.957418 86.622406
6.146978 92.993746
6.356299 100.029284
6.539344 106.181645
6.755155 113.435309
6.931724 119.369971
7.108254 125.303351
7.284809 129.698109
7.487590 128.924890
7.664196 128.251477
7.919301 127.278742
8.200580 126.206201
8.383714 125.507897
8.749982 124.111289
8.972271 123.263687
9.240380 122.241364
9.462694 121.393665
9.691548 120.521027
9.933508 119.598413
10.168890 118.700884
10.456570 117.603937
10.659250 116.831105
10.875035 116.008297
11.058169 115.309993
10.875048 109.155071
10.685462 102.782877
10.489273 96.188714
10.312743 90.255333
10.136175 84.320672
9.959607 78.386011
9.770046 72.014670
9.560814 64.982120
9.358211 58.172392
9.162199 51.584206
8.933421 43.894715
8.730755 37.082853
8.462772 28.075640
8.050898 14.232081
7.802448 5.881382
7.560564 1.464784
7.318667 0.781890
7.076770 0.098996
6.834899 -0.583827
6.586449 -1.285221
6.318415 -2.041901
6.069940 -2.743368
5.756097 -3.629370
5.507647 -4.330764
5.285321 -4.958409
5.043373 -5.641447
4.801413 -6.324520
4.572521 -6.970701
4.310951 -7.709132
4.042816 -8.466099
3.800894 -9.149065
3.545865 -9.869031
3.271228 -10.644355
3.061970 -11.235107
2.787333 -12.010430
2.532291 -12.730432
2.283790 -13.431970
1.982991 -14.281151
1.741068 -14.964117
1.466418 -15.739477
1.204836 -16.477944
0.969404 -17.142589
0.760108 -17.733448
0.485407 -18.508951
0.164909 -19.413740
-0.096634 -20.152099
-0.292913 -20.706209
-0.541401 -21.407711
-0.776846 -22.072392
-1.018781 -22.755394
-1.260754 -23.438504
-1.626946 -24.472292
-1.921256 -25.303152
-2.189353 -26.060012
-2.398624 -26.650799
-2.620975 -27.278516
-2.889098 -34.176490
-3.085325 -41.723573
-3.288055 -49.520743
-3.497326 -57.569467
-3.700082 -65.367614
-3.896309 -72.914697
-4.112095 -81.213997
-4.295216 -88.256996
-4.497997 -96.056120
-4.687633 -103.349696
-4.883836 -110.895802
-5.060417 -117.687248
-5.243462 -124.727317
-5.426583 -131.770316
-5.609679 -138.812339
-5.890755 -139.625342
-6.106566 -138.482859
-6.341974 -137.236637
-6.590513 -135.920897
-6.878244 -134.397676
-7.100557 -133.220771
-7.420953 -131.524629
-7.643266 -130.347723
-8.042173 -128.235950
-8.323326 -126.747556
-8.532571 -125.639833
-8.741842 -124.531975
-8.918372 -123.597443
-8.741791 -116.370197
-8.565223 -109.143470
-8.388642 -101.916224
-8.212074 -94.689497
-8.009331 -86.391471
-7.806627 -78.095004
-7.603846 -69.795418
-7.387907 -60.957323
-7.159015 -51.589036
-6.923672 -41.956693
-6.662229 -31.256169
-6.466129 -23.229996
-6.217679 -13.061223
-5.936539 -1.554494
-5.746941 3.531008
-5.498516 4.059635
-5.223942 4.643905
-4.897107 5.339381
-4.648683 5.868007
-4.419905 6.354827
-4.119220 6.994660
-3.851161 7.565066
-3.615817 8.065857
-3.321672 8.691772
-3.053664 9.262071
-2.779090 9.846341
-2.511069 10.416666
-2.262594 10.945401
-2.000974 11.502106
-1.745882 12.044920
-1.477721 12.615543
-1.144181 13.325288
-0.902259 13.840078
-0.640702 14.396648
-0.366052 14.981080
-0.084874 15.579403
0.215900 16.219425
0.490538 16.803830
0.797890 17.457850
1.079068 18.056173
1.327544 18.584908
1.576032 19.113670
1.857223 19.712019
2.053374 20.129413
2.393391 20.852941
2.667991 21.437265
2.903385 21.938164
3.158388 22.480789
3.426435 23.051169
3.720643 23.677219
3.942982 24.150337
4.230624 24.762415
4.498721 25.332903
4.701451 25.764295
4.976051 26.348620
5.231066 26.891272
5.433835 27.322745
5.623395 27.726113
5.819572 28.143561
6.002706 28.533255
6.310046 29.187248
6.584696 29.771680
6.820103 30.272607
7.035902 30.731807
7.264832 31.218951
7.467524 31.650262
7.657224 32.053928
7.840307 35.766747
8.056181 40.876400
8.252384 45.520418
8.494382 51.248411
8.703704 56.202952
8.886838 60.537649
9.083065 65.182269
9.272727 69.671476
9.495104 74.935037
9.697872 79.734467
9.880968 84.068263
10.057574 88.248450
10.253789 92.892769
10.436898 97.226865
10.652684 102.334413
10.829227 106.513097
11.025480 111.158318
11.228121 114.661955
11.411242 113.963699
11.234750 108.065519
11.058131 102.163094
10.881601 96.263640
10.691952 89.925760
10.515397 84.025457
10.338854 78.125579
10.142690 71.569970
9.920427 64.142176
9.730956 57.810237
9.528327 51.038598
9.253830 41.865159
9.057729 35.311672
8.783117 26.134414
8.600084 20.017657
8.312429 10.404518
7.861351 1.400288
7.632548 0.922054
7.357935 0.348073
7.122604 -0.143805
6.880708 -0.649407
6.606108 -1.223362
6.331522 -1.797290
6.122327 -2.234538
5.854281 -2.794796
5.586146 -3.355240
5.357292 -3.833580
4.919142 -4.749380
4.618342 -5.378098
4.343705 -5.952132
4.088676 -6.485181
3.846728 -6.990889
3.604781 -7.496597
3.336671 -8.056987
3.088157 -8.576419
2.800426 -9.177821
2.545397 -9.710870
2.244598 -10.339588
1.969986 -10.913569
1.734541 -11.405686
1.446822 -12.007062
1.231062 -12.458034
0.943292 -13.059516
0.681698 -13.606289
0.407010 -14.180429
0.132258 -14.754703
-0.109677 -15.260384
-0.384327 -15.834445
-0.619722 -16.326456
-0.913994 -16.941529
-1.155941 -17.447237
-1.397825 -17.952812
-1.665948 -18.513229
-1.933994 -19.073486
-2.162886 -19.551906
-2.385238 -20.016655
-2.633662 -20.535901
-2.882189 -21.055359
-3.274543 -21.875439
-3.457651 -22.258164
-3.660394 -22.681927
-3.967772 -23.324395
-4.235869 -23.884759
-4.490911 -27.541453
-4.778667 -33.614401
-5.086007 -40.100646
-5.380317 -46.311896
-5.569966 -50.314338
-5.818429 -55.558012
-6.027737 -59.975359
-6.223940 -64.116103
-6.420117 -68.256311
-6.609779 -72.259021
-6.786347 -75.985396
-7.008698 -80.678007
-7.185304 -84.405186
-7.401077 -88.958959
-7.597280 -93.099703
-7.786942 -97.102413
-7.983144 -101.243157
-8.179321 -105.383365
-8.375523 -109.524109
-8.571687 -113.664049
-8.754796 -117.528457
-8.937879 -121.392329
-9.120937 -122.525084
-8.944381 -115.303156
-8.754732 -107.545635
-8.538959 -98.719527
-8.355838 -91.229023
-8.159623 -83.202926
-7.976489 -75.711903
-7.786815 -67.953343
-7.551407 -58.324106
-7.342086 -49.761897
-7.158977 -42.271913
-6.962839 -34.248933
-6.779717 -26.758430
-6.544335 -17.130231
-6.335065 -8.570101
-6.112713 0.525103
-5.844565 3.786375
-5.569953 4.343284
-5.354180 4.780867
-5.066487 5.364304
-4.791913 5.921136
-4.491215 6.530946
-4.282034 6.955163
-3.961714 7.604765
-3.661042 8.214524
-3.379940 8.784593
-3.098864 9.354611
-2.850477 9.858335
-2.582443 10.401903
-2.307869 10.958734
-2.052879 11.475851
-1.797901 11.992941
-1.562506 12.470317
-1.281303 13.040593
-0.967422 13.677137
-0.712432 14.194254
-0.411645 14.804244
-0.176212 15.281698
0.118046 15.878450
0.405752 16.461912
0.686930 17.032137
0.915797 17.496274
1.196962 18.066473
1.425854 18.530662
1.772387 19.233423
2.086267 19.869968
2.308593 20.320841
2.576690 20.864538
2.838234 21.394944
3.112833 21.951827
3.400501 22.535212
3.616274 22.972796
3.923525 23.595896
4.185082 24.126328
4.472749 24.709713
4.740834 25.253384
4.976216 25.730734
5.198516 26.181556
5.460073 26.711988
5.708574 27.215944
5.917781 27.640212
6.107468 28.024895
6.342863 28.502271
6.565201 28.953170
6.780975 29.390754
7.127570 30.093644
7.434910 30.716924
7.709560 31.273910
7.977683 32.709843
8.200072 37.747741
8.442046 43.229271
8.631695 47.525482
8.893327 53.452370
9.069934 57.453113
9.285757 62.342271
9.475483 66.640208
9.684766 71.381201
9.907143 76.418811
10.083737 80.419267
10.266832 84.567024
10.463035 89.011687
10.665765 93.604228
10.842346 97.604395
11.031995 101.900606
11.215091 106.048363
11.411242 110.491875
11.587836 113.290335
11.829771 112.367818
11.640160 106.034962
11.443957 99.481962
11.241278 92.712635
11.058182 86.597379
10.842371 79.389461
10.665828 73.493076
10.489222 67.594570
10.253891 59.734702
10.051263 52.967073
9.855225 46.419587
9.678772 40.526171
9.286570 27.426958
8.874658 13.669433
8.632812 5.591967
8.436661 1.641189
8.194751 1.161630
7.939811 0.656239
7.639063 0.060037
7.384148 -0.445303
7.135711 -0.937803
6.887286 -1.430279
6.619227 -1.961676
6.351206 -2.492999
6.109297 -2.972558
5.834685 -3.516947
5.579682 -4.022464
5.344211 -4.489259
5.056480 -5.059655
4.788383 -5.591128
4.533354 -6.096695
4.304462 -6.550449
4.023335 -7.107753
3.774796 -7.600455
3.506711 -8.131903
3.218967 -8.702325
2.970467 -9.194951
2.695829 -9.739390
2.414651 -10.296795
2.126882 -10.867267
1.865351 -11.385724
1.584185 -11.943104
1.361859 -12.383841
1.067587 -12.967203
0.812521 -13.472846
0.537883 -14.017285
0.289357 -14.509961
0.021196 -15.041561
-0.260007 -15.599016
-0.515074 -16.104659
-0.730860 -16.532430
-1.011999 -17.089760
-1.280071 -17.621183
-1.522006 -18.100793
-1.763979 -18.580478
-1.992795 -19.034081
-2.260892 -19.565555
-2.522474 -20.084113
-2.751315 -20.537766
-3.039046 -21.108162
-3.241764 -21.510027
-3.509861 -22.041501
-3.745306 -22.508245
-3.941496 -22.897170
-4.288066 -23.584208
-4.471187 -24.770893
-4.745888 -30.386656
-4.922469 -33.996529
-5.170957 -39.076418
-5.406403 -43.889669
-5.641823 -48.702400
-5.877255 -53.515391
-6.138863 -58.863477
-6.361227 -63.409310
-6.590094 -68.088074
-6.799364 -72.366230
-7.015188 -76.778355
-7.217918 -80.922803
-7.401077 -84.667164
-7.577620 -88.276258
-7.754188 -91.885872
-7.963446 -96.163769
-8.140014 -99.773382
-8.316595 -103.383256
-8.525878 -107.661672
-8.708936 -111.403956
-8.885530 -115.014089
-9.068613 -118.756891
-8.872423 -110.737578
-8.682761 -102.985091
-8.486584 -94.966297
-8.310042 -87.750058
-8.126908 -80.264397
-7.924178 -71.977739
-7.734541 -64.226290
-7.492517 -54.333485
-7.263600 -44.976409
-7.015061 -34.817297
-6.812293 -26.529082
-6.576860 -16.905698
-6.361087 -8.085908
-6.099442 2.608932
-5.850966 3.831624
-5.654827 4.213886
-5.380266 4.748989
-5.131803 5.233227
-4.850663 5.781151
-4.556493 6.354470
-4.242651 6.966129
-4.026853 7.386707
-3.771887 7.883618
-3.464560 8.482580
-3.196476 9.005059
-2.902191 9.578601
-2.627566 10.113827
-2.339886 10.674498
-2.078304 11.184305
-1.810182 11.706859
-1.509408 12.293049
-1.247813 12.802880
-0.966648 13.350854
-0.659346 13.949766
-0.358521 14.536055
-0.096977 15.045787
0.151486 15.530026
0.419595 16.052555
0.694207 16.587756
0.949236 17.084791
1.223772 17.619844
1.524495 18.205935
1.746707 18.639012
2.034375 19.199659
2.321966 19.760156
2.603043 20.307957
2.884132 20.855782
3.139059 21.352619
3.407093 21.874999
3.635921 22.320972
3.851669 22.741450
4.158945 23.340313
4.440098 23.888262
4.681969 24.359654
4.963147 24.907652
5.218138 25.404613
5.466626 25.888901
5.767400 26.475091
5.996216 26.921039
6.270892 27.456364
6.486627 27.876818
6.774409 28.437687
6.950913 28.781683
7.179805 29.227780
7.513345 29.877828
7.846835 30.527778
8.134591 31.088598
8.435403 35.713747
8.644699 40.219382
8.867102 45.007165
9.076372 49.512253
9.337967 55.143750
9.553880 59.791826
9.756597 64.155839
9.985553 69.084697
10.194811 73.589511
10.384561 77.674383
10.580738 81.897595
10.763809 85.838658
10.940428 89.640834
11.116996 93.441916
11.306632 97.524327
11.483188 101.325136
11.666309 105.267293
11.842864 109.068102
12.039016 111.569950
12.248299 110.771936
12.437948 110.048789
12.797612 108.677363
13.026530 107.804483
13.346938 106.582741
13.582383 105.684970
13.883208 104.537901
14.125169 103.615287
14.380185 102.480060
14.589455 101.524319
14.890229 100.150681
15.132202 99.045587
15.308770 98.239199
15.701099 96.447431
15.910369 95.491691
15.733801 89.598679
15.557246 83.706090
15.361069 77.158629
15.184501 71.265617
14.975230 64.281149
14.779066 57.734111
14.595958 51.622808
14.360550 43.766024
14.157985 37.005358
13.981519 31.115736
13.752652 23.477243
13.576071 17.583807
13.373367 10.818479
13.183705 4.488460
12.954864 1.588013
12.726022 1.253079
12.471070 0.879928
12.209577 0.497205
11.980748 0.162289
11.706149 -0.239617
11.464239 -0.593678
11.248517 -0.909411
10.993590 -1.282525
10.725544 -1.674840
10.431335 -2.105445
10.215588 -2.421216
9.947529 -2.813549
9.685998 -3.196328
9.430969 -3.569591
9.228277 -3.866252
8.966683 -4.249125
8.744306 -4.574598
8.535048 -4.880869
8.279968 -5.254206
8.090370 -5.531704
7.854950 -5.876267
7.580300 -6.278247
7.331824 -6.641918
7.083311 -7.005645
6.834835 -7.369316
6.573253 -7.752170
6.292075 -8.163704
6.017450 -8.565648
5.749353 -8.958037
5.533555 -9.273881
5.258918 -9.675843
4.984280 -10.077805
4.775035 -10.384058
4.467708 -10.833865
4.219232 -11.197536
3.951122 -11.589944
3.676498 -11.991888
3.428022 -12.355559
3.127223 -12.795811
2.865666 -13.178628
2.591029 -13.580590
2.375243 -13.896416
2.094065 -14.307950
1.845564 -14.671659
1.597101 -15.035311
1.335519 -15.418165
1.093584 -15.772263
0.805879 -16.193352
0.550863 -16.566595
0.302412 -16.930229
0.001613 -17.370482
-0.273075 -17.772518
-0.475729 -18.069125
-0.783095 -18.518987
-1.221194 -19.160193
-1.528521 -19.610000
-1.731200 -19.906644
-2.018932 -20.327770
-2.260892 -20.681905
-2.509368 -21.045576
-2.718638 -21.351866
-2.921317 -21.648510
-3.163265 -22.002626
-3.359468 -22.289790
-3.542538 -22.557734
-3.856406 -23.017113
-4.046042 -23.294667
-4.373067 -23.773304
-4.667301 -28.732299
-4.928908 -34.077038
-5.197043 -39.555143
-5.412867 -43.964507
-5.654815 -48.907593
-5.844502 -52.782976
-6.027598 -56.523696
-6.276111 -61.600926
-6.478854 -65.743040
-6.701193 -70.285510
-6.884340 -74.027269
-7.060921 -77.634883
-7.257098 -81.642853
-7.440193 -85.383574
-7.616812 -88.991967
-7.826083 -93.267446
-8.035328 -97.542407
-8.225003 -101.417531
-8.414652 -105.292136
-8.610854 -109.300625
-8.839695 -113.975942
-9.022804 -117.716922
-9.343225 -121.348313
-9.559036 -120.205831
-9.761766 -119.132598
-9.990620 -117.921068
-10.232568 -116.640221
-10.500703 -115.220741
-10.723067 -114.043566
-10.932312 -112.935843
-11.180813 -111.620304
-11.422786 -110.339323
-11.710530 -108.816036
-11.932869 -107.638996
-12.194413 -106.254409
-12.488659 -104.696699
-12.691415 -103.623331
-12.514821 -96.460692
-12.325147 -88.767487
-12.142038 -81.340594
-11.965445 -74.177955
-11.749634 -65.424648
-11.546891 -57.201392
-11.363757 -49.773470
-11.147933 -41.019648
-10.971263 -33.853918
-10.774934 -25.890794
-10.565460 -17.394528
-10.388879 -10.232404
-10.199256 -2.541259
-9.937699 3.509702
-9.689249 3.779473
-9.414662 4.077623
-9.185859 4.326061
-8.872080 4.666767
-8.617102 4.943626
-8.342592 5.241694
-8.041881 5.568210
-7.715047 5.923092
-7.466635 6.192821
-7.172452 6.512249
-6.917576 6.788998
-6.669126 7.058769
-6.407683 7.342647
-6.139675 7.633654
-5.897791 7.896295
-5.655894 8.158951
-5.387873 8.449972
-5.178641 8.677159
-4.936731 8.939828
-4.727499 9.167016
-4.537913 9.372871
-4.295978 9.635568
-4.027919 9.926630
-3.759835 10.217720
-3.485185 10.515940
-3.190939 10.835437
-2.942476 11.105221
-2.576297 11.502824
-2.321293 11.779710
-2.066265 12.056624
-1.745844 12.404542
-1.445082 12.731114
-1.170419 13.029347
-0.908901 13.313307
-0.595033 13.654110
-0.340004 13.931024
-0.065380 14.229215
0.202743 14.520347
0.496989 14.839844
0.765112 15.130975
1.046251 15.436241
1.333970 15.748650
1.602092 16.039782
1.889811 16.352191
2.197138 16.685891
2.478341 16.991226
2.726804 17.261011
2.955658 17.509504
3.230296 17.807709
3.472231 18.070406
3.759949 18.382815
3.995357 18.638424
4.256888 18.922398
4.538028 19.227664
4.792980 19.504496
5.021821 19.752975
5.276863 20.029903
5.544947 20.320993
5.741098 20.533977
6.055004 20.874821
6.296914 21.137490
6.486550 21.343400
6.767741 21.648721
6.983578 21.883079
7.245134 22.167081
7.460907 22.401371
7.683246 22.642790
7.944802 22.926792
8.127911 23.125614
8.350250 23.367033
8.552929 23.587105
8.788400 23.842783
8.964955 24.034489
9.331236 24.432202
9.520860 24.638099
9.697453 24.829846
9.880524 25.028627
10.194506 25.369554
10.469220 25.667842
10.796207 26.022889
11.070857 26.321109
11.371732 29.800452
11.685664 34.019056
11.947220 37.533848
12.215343 41.136872
12.483490 44.740238
12.771272 48.607448
13.013220 51.858737
13.235597 54.847036
13.490626 58.274107
13.686803 60.910329
13.948385 64.425463
14.183830 67.589373
14.412760 70.665733
14.609013 73.302979
14.818258 76.114813
15.034057 79.014708
15.217191 81.475660
15.413393 84.112223
15.635719 87.099839
15.831922 89.736403
16.008477 92.108951
16.204679 94.147575
16.381235 93.341245
16.597046 92.355633
16.381247 85.208852
16.198101 79.143425
16.015005 73.079680
15.805747 66.149506
15.596438 59.217650
15.413355 53.154326
15.204034 46.222049
14.988197 39.074006
14.707121 29.765357
14.367167 18.506821
14.184046 12.442235
14.000950 6.378490
13.798283 1.734884
13.595604 1.513936
13.321055 1.214642
13.098729 0.972276
12.843802 0.694372
12.595403 0.423584
12.347003 0.152795
12.052821 -0.167903
11.856695 -0.381707
11.595202 -0.666769
11.307521 -0.980379
11.039488 -1.272571
10.784510 -1.550531
10.529494 -1.828532
10.248367 -2.134998
10.019551 -2.384438
9.764573 -2.662398
9.555340 -2.890489
9.346019 -3.118677
9.077909 -3.410953
8.803297 -3.710316
8.548230 -3.988373
8.306232 -4.252184
7.959611 -4.630047
7.645730 -4.972218
7.338403 -5.307246
7.083361 -5.585275
6.834861 -5.856174
6.579845 -6.134176
6.259424 -6.483477
6.017463 -6.747246
5.742838 -7.046624
5.455133 -7.360261
5.173967 -7.666769
4.912411 -7.951901
4.703153 -8.180019
4.395838 -8.515033
4.121201 -8.814425
3.872713 -9.085310
3.591547 -9.391818
3.323450 -9.684079
3.061868 -9.969238
2.826461 -10.225863
2.551824 -10.525255
2.316429 -10.781866
2.067928 -11.052765
1.760614 -11.387779
1.499032 -11.672938
1.244003 -11.950953
0.995528 -12.221825
0.675119 -12.571112
0.426606 -12.842025
0.178105 -13.112924
-0.070371 -13.383796
-0.345008 -13.683187
-0.586969 -13.946956
-0.887768 -14.274868
-1.116660 -14.524391
-1.371663 -14.802378
-1.593977 -15.044729
-1.894726 -15.372586
-2.123605 -15.622095
-2.398217 -15.921458
-2.640165 -16.185214
-2.901671 -16.470290
-3.130537 -16.719785
-3.385579 -16.997814
-3.634016 -17.268644
-3.954462 -17.617973
-4.412196 -18.116963
-4.817605 -18.558913
-5.046497 -18.808436
-5.262258 -19.043644
-5.451907 -19.250387
-5.661139 -19.478478
-5.870423 -19.706624
-6.216955 -20.393834
-6.406617 -22.724667
-6.681292 -26.100269
-6.884048 -28.592016
-7.139102 -31.726482
-7.459523 -35.664269
-7.766863 -39.441298
-8.028432 -42.655831
-8.303108 -46.031434
-8.531974 -48.844072
-8.806637 -52.219519
-9.042082 -55.113004
-9.284017 -58.086244
-9.532506 -61.140019
-9.761436 -63.953438
-10.009911 -67.007057
-10.199573 -69.337889
-10.474274 -72.713804
-10.755465 -76.169474
-10.958208 -78.661065
-11.154397 -81.072120
-11.376711 -83.804223
-11.605666 -86.617954
-11.821452 -89.269834
-12.024208 -91.761581
-12.240031 -94.413930
-12.429680 -96.744606
-12.619317 -99.075127
-12.828600 -101.647097
-13.011658 -101.927996
-12.808915 -93.716517
-12.625845 -86.301805
-12.442673 -78.882978
-12.239955 -70.672528
-12.043740 -62.725438
-11.854078 -55.043765
-11.618595 -45.506228
-11.409299 -37.029332
-11.219625 -29.347145
-10.964380 -19.009241
-10.695965 -8.137930
-10.394899 3.400958
-10.172560 3.623927
-9.910940 3.886289
-9.669005 4.128910
-9.394406 4.404288
-9.159100 4.640261
-8.864879 4.935316
-8.570735 5.230295
-8.270011 5.531871
-8.028178 5.774390
-7.779766 6.023506
-7.511771 6.292261
-7.224141 6.580706
-6.943039 6.862605
-6.681572 7.124814
-6.439713 7.367359
-6.165152 7.642698
-5.910212 7.898361
-5.648719 8.160595
-5.419916 8.390047
-5.191087 8.619525
-4.968786 8.842456
-4.766069 9.045748
-4.524146 9.288356
-4.203776 9.609635
-3.902989 9.911274
-3.615309 10.199770
-3.340659 10.475199
-3.026816 10.789932
-2.784881 11.032553
-2.484107 11.334179
-2.229079 11.589931
-1.915211 11.904689
-1.640599 12.180080
-1.339825 12.481706
-1.078268 12.744005
-0.803618 13.019433
-0.522453 13.301396
-0.254356 13.570253
0.026810 13.852216
0.268745 14.094836
0.556476 14.383383
0.831113 14.658800
1.118832 14.947334
1.360780 15.189968
1.635417 15.465384
1.916595 15.747359
2.197760 16.029321
2.498547 16.330961
2.733980 16.567061
3.041294 16.875247
3.244012 17.078539
3.557841 17.393259
3.812870 17.649011
4.054805 17.891632
4.349039 18.186699
4.584459 18.422787
4.846002 18.685072
5.107534 18.947345
5.369077 19.209630
5.604485 19.445705
5.898667 19.740722
6.101359 19.943988
6.375921 20.219328
6.591630 20.435649
6.840068 20.684791
7.147408 20.993002
7.369696 21.215921
7.611593 21.458503
7.899324 21.747050
8.082407 21.930653
8.317789 22.166702
8.572767 22.422403
8.808174 22.658477
9.069781 22.920826
9.279039 23.130678
9.521000 23.373324
9.769462 23.622491
9.991801 23.845461
10.181450 24.035647
10.416896 24.271760
10.639235 24.494730
10.815752 24.671747
11.168952 25.025948
11.495951 25.353875
11.809857 28.010087
12.104167 31.668184
12.385446 35.164324
12.660122 38.578380
12.954381 42.235846
13.248691 45.893944
13.477608 48.739254
13.713041 51.665542
13.909269 54.104537
14.105484 56.543374
14.314754 59.144484
14.582877 62.477088
14.811756 65.321924
15.047201 68.248371
15.249957 70.768502
15.452700 73.288476
15.629293 75.483429
15.832011 78.003087
16.054349 80.766629
16.230930 82.961424
16.420605 85.318967
16.610241 87.676035
16.884891 91.041040
16.708349 85.202697
16.525227 79.146797
16.335604 72.875860
16.159023 67.036257
15.956318 60.332726
15.753575 53.627934
15.511589 45.625360
15.236927 36.542140
15.040813 30.056585
14.824951 22.917939
14.419555 9.511296
14.242999 3.672534
14.007630 1.617878
13.569556 1.158996
13.340740 0.919312
13.125018 0.693343
12.830861 0.385214
12.575896 0.118138
12.366676 -0.101019
12.072518 -0.409149
11.843702 -0.648833
11.608372 -0.895342
11.320716 -1.196660
11.046104 -1.484316
10.784611 -1.758229
10.529557 -2.025398
10.254920 -2.313081
10.039121 -2.539129
9.777539 -2.813136
9.561703 -3.039224
9.313189 -3.299542
9.038463 -3.587317
8.770341 -3.868175
8.469490 -4.183315
8.188287 -4.477875
7.907083 -4.772435
7.599782 -5.094334
7.305523 -5.402570
7.030847 -5.690292
6.716992 -6.019055
6.475019 -6.272521
6.220015 -6.539637
5.932297 -6.841021
5.683821 -7.101299
5.402656 -7.395819
5.154168 -7.656110
4.905680 -7.916401
4.617974 -8.217773
4.336809 -8.512293
4.049116 -8.813651
3.794087 -9.080793
3.525965 -9.361651
3.251340 -9.649320
2.957106 -9.957529
2.734780 -10.190416
2.427440 -10.512354
2.133194 -10.820576
1.891259 -11.074003
1.590459 -11.389090
1.341971 -11.649381
1.047699 -11.957630
0.799224 -12.217908
0.504965 -12.526144
0.210693 -12.834393
-0.018199 -13.074157
-0.273202 -13.341273
-0.521703 -13.601577
-0.783260 -13.875557
-1.051382 -14.156415
-1.332560 -14.450948
-1.561440 -14.690699
-1.809928 -14.950990
-2.130285 -15.286564
-2.411463 -15.581098
-2.614143 -15.793404
-2.921470 -16.115329
-3.156864 -16.361904
-3.431464 -16.649547
-3.725697 -16.957756
-3.948024 -17.190642
-4.203027 -17.457758
-4.497311 -17.766020
-4.706518 -17.985164
-4.948453 -18.238591
-5.242725 -18.546840
-5.458460 -18.772822
-5.680812 -19.005735
-5.929262 -19.265986
-6.236602 -19.587924
-6.622440 -22.910881
-6.831711 -25.374113
-7.040982 -27.837344
-7.381011 -31.839685
-7.577176 -34.148646
-7.753731 -36.226802
-8.080756 -40.076068
-8.375015 -43.539661
-8.656244 -46.849880
-8.943950 -50.236338
-9.244762 -53.777065
-9.499790 -56.778895
-9.722155 -59.396246
-9.944494 -62.013299
-10.173411 -64.707786
-10.382644 -67.170569
-10.690047 -70.788879
-10.938535 -73.713724
-11.154359 -76.254090
-11.376711 -78.871292
-11.605628 -81.565779
-11.821439 -84.105996
-12.004548 -86.261286
-12.200750 -88.570696
-12.390399 -90.802972
-12.566980 -92.881426
-12.776238 -95.344508
-12.965874 -97.576634
-13.168630 -99.963179
-12.985509 -92.550944
-12.802375 -85.138195
-12.625768 -77.989672
-12.436145 -70.314238
-12.233389 -62.107265
-12.017565 -53.371325
-11.827916 -45.694863
-11.592433 -36.163157
-11.376635 -27.428244
-11.121466 -17.099745
-10.846473 -5.968797
-10.467061 3.527862
-10.042017 3.939120
-9.767405 4.204826
-9.499371 4.464167
-9.257513 4.698182
-8.963330 4.982824
-8.616886 5.318031
-8.342338 5.583676
-8.087411 5.830335
-7.819390 6.089664
-7.551356 6.349005
-7.283374 6.608296
-6.989191 6.892938
-6.740843 7.133232
-6.433566 7.430543
-6.230950 7.626588
-5.962891 7.885953
-5.734101 8.107324
-5.505285 8.328719
-5.256797 8.569148
-5.027955 8.790568
-4.772927 9.037325
-4.478668 9.322041
-4.177894 9.613061
-3.890188 9.891436
-3.609010 10.163495
-3.314764 10.448198
-3.059747 10.694943
-2.752446 10.992279
-2.451646 11.283323
-2.157400 11.568027
-1.895856 11.821088
-1.647380 12.061505
-1.379296 12.320895
-1.065467 12.624547
-0.790778 12.890326
-0.490004 13.181346
-0.202298 13.459721
0.065799 13.719123
0.346989 13.991194
0.628142 14.263229
0.889711 14.516315
1.170902 14.788386
1.438999 15.047788
1.687474 15.288205
1.968652 15.560264
2.230247 15.813375
2.485250 16.060108
2.746832 16.313206
3.008363 16.566256
3.276473 16.825670
3.544557 17.085060
3.832289 17.363460
4.113467 17.635518
4.361917 17.875911
4.643095 18.147970
4.878489 18.375730
5.140084 18.628841
5.414683 18.894534
5.689321 19.160265
5.931281 19.394378
6.232081 19.685422
6.519761 19.963773
6.742087 20.178889
7.042798 20.469847
7.258571 20.678622
7.500468 20.912674
7.761973 21.165698
8.023517 21.418760
8.298142 21.684478
8.513928 21.893265
8.795131 22.165349
9.056624 22.418361
9.298597 22.652487
9.534017 22.880272
9.730181 23.070074
9.985197 23.316819
10.220604 23.544592
10.449484 23.766048
10.737228 24.044460
11.103394 24.398751
11.319218 24.607576
11.495811 24.778442
11.862054 25.709609
12.208662 29.879663
12.522606 33.656731
12.784265 36.804747
13.085115 40.424284
13.268198 42.626963
13.516724 45.616989
13.706411 47.899120
13.954912 50.888841
14.144638 53.171430
14.353896 55.689017
14.615554 58.837033
14.805203 61.118706
15.014486 63.636598
15.217204 66.075496
15.459202 68.986986
15.675064 71.584026
15.910458 74.416063
16.100108 76.697736
16.309403 79.215782
16.485972 81.340077
16.695242 83.857817
16.904475 86.375098
17.133367 89.128905
17.336122 88.980264
17.525771 88.114135
17.957368 86.143028
18.238559 84.858827
18.519737 83.574685
18.768238 82.439778
18.997104 81.394542
19.271767 80.140154
19.533324 78.945623
19.814502 77.661480
20.089139 76.407208
20.370317 75.123065
20.651508 73.838865
20.900009 72.703959
21.096173 71.808075
20.886928 64.892477
20.690738 58.408369
20.501064 52.139587
20.304887 45.655899
20.121715 39.602022
19.925474 33.116236
19.742341 27.063618
19.526466 19.928917
19.310744 12.799253
19.009906 2.856506
18.833338 1.682365
18.610999 1.493578
18.297080 1.227030
18.055158 1.021614
17.787112 0.794017
17.551743 0.594165
17.296765 0.377664
17.028757 0.150099
16.832643 -0.016421
16.544963 -0.260690
16.316160 -0.454966
15.989325 -0.732481
15.747428 -0.937875
15.485910 -1.159930
15.244001 -1.365335
14.975942 -1.592944
14.727479 -1.803913
14.472514 -2.020403
14.237119 -2.220277
14.034376 -2.392425
13.798956 -2.592320
13.557021 -2.797746
13.341223 -2.980980
13.092709 -3.191993
12.870370 -3.380780
12.667640 -3.552918
12.373381 -3.802773
12.118365 -4.019307
11.817515 -4.274758
11.497107 -4.546816
11.242078 -4.763361
10.954360 -5.007662
10.686224 -5.235335
10.385425 -5.490744
10.136950 -5.701724
9.842652 -5.951611
9.548431 -6.201433
9.273769 -6.434649
9.012225 -6.656726
8.789886 -6.845513
8.515261 -7.078697
8.214474 -7.334094
7.946390 -7.561724
7.652118 -7.811590
7.397102 -8.028123
7.083209 -8.294650
6.841249 -8.500098
6.553517 -8.744410
6.278893 -8.977593
6.010796 -9.205234
5.742711 -9.432864
5.474614 -9.660505
5.226101 -9.871517
4.918786 -10.132458
4.670285 -10.343459
4.421797 -10.554450
4.114483 -10.815390
3.885629 -11.009710
3.663264 -11.198519
3.362477 -11.453917
3.081312 -11.692654
2.826283 -11.909198
2.551620 -12.142414
2.303132 -12.353405
1.982724 -12.625463
1.734236 -12.836454
1.492275 -13.041902
1.230719 -13.263989
0.949554 -13.502726
0.694512 -13.719282
0.465645 -13.913612
0.119050 -14.207906
-0.103289 -14.396693
-0.325628 -14.585481
-0.606781 -14.824207
-0.868375 -15.046327
-1.136472 -15.273967
-1.378420 -15.479405
-1.659598 -15.718153
-1.908099 -15.929154
-2.189264 -16.167891
-2.411590 -16.356668
-2.686190 -16.589830
-2.882392 -16.756425
-3.170098 -17.000716
-3.418548 -17.211674
-3.673577 -17.428219
-3.908933 -17.628059
-4.150957 -17.833561
-4.419003 -18.061159
-4.615180 -18.227732
-4.870247 -18.444309
-5.092598 -18.633108
-5.295278 -18.805202
-5.556847 -19.027300
-5.772658 -19.210545
-5.955754 -19.366012
-6.158459 -19.538128
-6.387376 -20.116072
-6.577013 -22.347011
-6.786245 -24.808485
-7.132853 -28.886089
-7.322477 -31.116879
-7.649477 -34.963799
-7.832623 -37.118392
-8.159547 -40.964416
-8.525726 -45.272256
-8.715362 -47.503195
-9.048864 -51.426612
-9.330055 -54.734623
-9.643961 -58.427505
-9.925164 -61.735666
-10.245598 -65.505343
-10.500639 -68.505726
-10.716400 -71.043994
-10.906061 -73.275232
-11.102238 -75.583116
-11.363820 -78.660443
-11.592674 -81.352750
-11.775821 -83.507342
-11.958955 -85.661785
-12.161660 -88.046463
-12.338228 -90.123663
-12.540907 -92.508042
-12.730556 -94.739131
-12.926708 -97.046716
-13.201409 -100.278380
-13.377951 -99.988875
-13.587209 -98.881085
-13.855306 -97.461806
-14.064577 -96.353949
-14.306499 -95.073236
-14.594230 -93.550016
-14.842706 -92.234612
-15.110816 -90.815266
-15.346223 -89.569044
-15.581630 -88.322821
-15.849778 -86.903274
-16.104794 -85.553245
-16.340188 -84.307090
-16.614851 -82.853052
-16.850271 -81.606762
-16.660559 -73.946038
-16.483978 -66.815584
-16.300844 -59.420507
-16.098076 -51.232588
-15.914891 -43.835460
-15.705557 -35.382406
-15.522384 -27.985790
-15.332710 -20.326604
-15.090648 -10.551974
-14.887905 -2.365081
-14.586903 3.470691
-14.253185 3.652379
-14.050302 3.762836
-13.853986 3.869718
-13.585787 4.015734
-13.363346 4.136839
-13.147421 4.254397
-12.872809 4.403905
-12.624397 4.539150
-12.343308 4.692185
-12.068746 4.841666
-11.800738 4.987579
-11.578488 5.108580
-11.284318 5.268736
-10.983620 5.432447
-10.722127 5.574813
-10.454145 5.720713
-10.192677 5.863065
-9.924631 6.008999
-9.676295 6.144202
-9.382074 6.304386
-9.172943 6.418244
-8.931046 6.549942
-8.689149 6.681639
-8.479942 6.795539
-8.218373 6.937947
-8.009166 7.051846
-7.773784 7.179997
-7.525296 7.315283
-7.224509 7.479042
-6.956412 7.625003
-6.668706 7.781641
-6.381001 7.938278
-6.139066 8.069996
-5.864441 8.219512
-5.602897 8.361905
-5.347881 8.500745
-5.047107 8.664497
-4.733226 8.835385
-4.478223 8.974218
-4.210126 9.120180
-3.922433 9.276810
-3.634702 9.433461
-3.360039 9.582998
-3.072333 9.739635
-2.830411 9.871346
-2.496909 10.052916
-2.209190 10.209561
-1.967255 10.341279
-1.692631 10.490794
-1.418006 10.640310
-1.162952 10.779171
-0.875246 10.935808
-0.626770 11.071087
-0.325958 11.234860
-0.103657 11.355888
0.184086 11.512546
0.445580 11.654912
0.667944 11.775976
0.955662 11.932620
1.230274 12.082128
1.504925 12.231658
1.759953 12.370505
2.047672 12.527149
2.296147 12.662428
2.590432 12.822647
2.858541 12.968615
3.106991 13.103880
3.362007 13.242720
3.610508 13.378013
3.898214 13.534650
4.159758 13.677044
4.388637 13.801654
4.663262 13.951170
4.924831 14.093577
5.192928 14.239539
5.467566 14.389062
5.768365 14.552828
5.964492 14.659606
6.232601 14.805574
6.507226 14.955090
6.729565 15.076139
6.977977 15.211383
7.232967 15.350209
7.474826 15.481886
7.716774 15.613611
7.978305 15.755998
8.265935 15.912594
8.494865 16.037231
8.749779 16.176016
8.959037 16.289943
9.240190 16.443013
9.508287 16.588975
9.704451 16.695773
9.939871 16.823944
10.181831 16.955676
10.391064 17.069590
10.619969 17.194214
10.875023 17.333075
11.143132 17.479043
11.345850 17.589410
11.613934 17.735364
11.849367 17.863542
12.058625 17.977470
12.261355 18.087843
12.503353 18.219596
12.732220 18.344199
12.928410 18.451012
13.170357 18.582737
13.366509 18.689529
13.582332 18.807031
13.778548 18.913857
13.981290 19.024238
14.216685 19.152395
14.445577 19.277012
14.667878 19.398041
14.883651 19.928846
15.092921 21.486909
15.315298 23.142551
15.531084 24.749119
15.773057 26.550658
15.962655 27.962256
16.171926 29.520319
16.348519 30.835093
16.597008 32.685139
16.799763 34.194695
17.041698 35.995950
17.277131 37.748794
17.486401 39.306856
17.741405 41.205408
17.944135 42.714775
18.199176 44.613610
18.434583 46.366265
18.643854 47.924327
18.892329 49.774278
19.134265 51.575533
19.500520 54.302379
19.781698 56.395806
20.082561 58.635793
20.376883 60.827084
20.599235 62.482537
20.788909 63.894702
20.991652 65.404164
21.207451 67.010827
21.455977 68.861156
21.724087 68.940388
21.920302 68.044273
21.730602 61.789598
21.553970 55.965804
21.377415 50.144523
21.181149 43.673362
20.978355 36.986969
20.795221 30.948782
20.559712 23.183723
20.376629 17.147211
20.167346 10.246844
19.853427 1.769569
19.480682 1.539628
19.108026 1.309742
18.852985 1.152410
18.584939 0.987056
18.356110 0.845895
18.101170 0.688626
17.878920 0.551523
17.630445 0.398242
17.375518 0.240981
17.120591 0.083720
16.872166 -0.069530
16.584511 -0.246980
16.329558 -0.404257
16.081121 -0.557514
15.852280 -0.698683
15.538450 -0.892280
15.296477 -1.041550
15.028380 -1.206936
14.819097 -1.336040
14.564093 -1.493348
14.348295 -1.626471
14.027874 -1.824134
13.785901 -1.973404
13.472033 -2.167024
13.059981 -2.421213
12.798425 -2.582564
12.484557 -2.776185
12.177243 -2.965763
11.856796 -3.163442
11.536375 -3.361105
11.255210 -3.534552
10.902086 -3.752389
10.555529 -3.966175
10.267772 -4.143688
9.940849 -4.345363
9.646577 -4.526895
9.365399 -4.700350
9.103843 -4.861700
8.816137 -5.039182
8.528431 -5.216664
8.260334 -5.382049
7.985671 -5.551485
7.704455 -5.724963
7.449464 -5.882263
7.187908 -6.043614
6.932879 -6.200938
6.658204 -6.370381
6.390132 -6.535751
6.148159 -6.685021
5.847359 -6.870580
5.598884 -7.023861
5.285029 -7.217474
5.030000 -7.374797
4.761903 -7.540183
4.461078 -7.725757
4.212603 -7.879038
3.918369 -8.060547
3.643719 -8.229975
3.369031 -8.399426
3.107499 -8.560761
2.806713 -8.746312
2.545156 -8.907663
2.257412 -9.085168
1.995856 -9.246519
1.734299 -9.407869
1.466190 -9.573262
1.198093 -9.738648
0.936523 -9.900006
0.668401 -10.065407
0.347993 -10.263063
0.073355 -10.432483
-0.181686 -10.589814
-0.430174 -10.743103
-0.711391 -10.916581
-0.959853 -11.069855
-1.241031 -11.243309
-1.483004 -11.392579
-1.783817 -11.578146
-2.006143 -11.715296
-2.293861 -11.892786
-2.548877 -12.050101
-2.758097 -12.179166
-3.032722 -12.348578
-3.320440 -12.526068
-3.608134 -12.703542
-3.856571 -12.856799
-4.072395 -12.989938
-4.360088 -13.167412
-4.588942 -13.308589
-4.870133 -13.482052
-5.125110 -13.639344
-5.373611 -13.792641
-5.576303 -13.917679
-5.877166 -14.103277
-6.106033 -14.244461
-6.361036 -14.401769
-6.596469 -14.547004
-6.858038 -14.708363
-7.067296 -14.837451
-7.302703 -14.982671
-7.544651 -15.131925
-7.766990 -15.269083
-8.008950 -15.418345
-8.218246 -15.547456
-8.433994 -16.788838
-8.623668 -18.144721
-8.865654 -19.874550
-9.074887 -21.370243
-9.297200 -22.959445
-9.473819 -24.222001
-9.689592 -25.764449
-9.898824 -27.260142
-10.121151 -28.849435
-10.297731 -30.111718
-10.493896 -31.513993
-10.696600 -32.963022
-10.892803 -34.365569
-11.265535 -37.030036
-11.566373 -39.180566
-11.762524 -40.582750
-12.082958 -42.873362
-12.403417 -45.164155
-12.593041 -46.519675
-12.900381 -48.716687
-13.227317 -51.053781
-13.528129 -53.204130
-13.737400 -54.700095
-14.070889 -57.084035
-14.358607 -59.140783
-14.620176 -61.010603
-14.875243 -62.833942
-15.091067 -64.376753
-15.287244 -65.779118
-15.476906 -67.134911
-15.673083 -68.537276
-15.849625 -69.799287
-16.045853 -71.202015
-16.248570 -72.651136
-16.431679 -73.960083
-16.634409 -75.409293
-16.837139 -76.858504
-17.183671 -79.335681
-17.000538 -71.940604
-16.797782 -63.753198
-16.601529 -55.828363
-16.405289 -47.904041
-16.189401 -39.186364
-16.006216 -31.789236
-15.809951 -23.863888
-15.633319 -16.731383
-15.404351 -7.485486
-15.175408 1.759385
-14.992223 3.454496
-14.815439 3.541272
-14.619122 3.637635
-14.442440 3.724360
-14.115351 3.884913
-13.847216 4.016529
-13.618312 4.128888
-13.363169 4.254126
-13.082067 4.392107
-12.846710 4.507633
-12.591796 4.632759
-12.304166 4.773943
-12.042699 4.902286
-11.748516 5.046687
-11.487061 5.175024
-11.245202 5.293741
-10.944504 5.441340
-10.715689 5.553656
-10.441165 5.688407
-10.146995 5.832802
-9.892068 5.957934
-9.656737 6.073448
-9.395282 6.201784
-9.179547 6.307679
-8.898407 6.445678
-8.702281 6.541947
-8.460346 6.660703
-8.185721 6.795504
-7.930667 6.920698
-7.656068 7.055487
-7.387971 7.187084
-7.100240 7.328318
-6.773304 7.488796
-6.511760 7.617176
-6.217501 7.761615
-5.942863 7.896422
-5.629021 8.050473
-5.321681 8.201333
-5.086261 8.316890
-4.765878 8.474152
-4.550092 8.580071
-4.242727 8.730943
-3.928910 8.884982
-3.700018 8.997335
-3.379597 9.154615
-3.124581 9.279791
-2.830309 9.424236
-2.522969 9.575095
-2.287575 9.690640
-1.986788 9.838283
-1.705610 9.976300
-1.424432 10.114318
-1.162875 10.242704
-0.920928 10.361466
-0.633209 10.502694
-0.384734 10.624659
-0.083934 10.772308
0.197206 10.910307
0.393395 11.006608
0.694169 11.154245
0.962266 11.285841
1.217282 11.411017
1.452651 11.526550
1.753464 11.674205
2.041169 11.815427
2.302751 11.943826
2.544674 12.062574
2.812758 12.194165
3.061246 12.316137
3.322828 12.444536
3.571291 12.566495
3.859035 12.707735
4.074782 12.813636
4.362539 12.954883
4.617542 13.080053
4.839868 13.189183
5.121046 13.327201
5.376075 13.452383
5.637657 13.580782
5.879579 13.699530
6.200000 13.856811
6.402718 13.956316
6.664262 14.084696
6.925793 14.213070
7.206932 14.351069
7.455395 14.473028
7.697279 14.591758
7.926133 14.704092
8.207261 14.842085
8.488451 14.980109
8.743442 15.105272
8.998433 15.230436
9.194622 15.326737
9.469247 15.461538
9.711182 15.580293
9.959670 15.702265
10.168877 15.804955
10.417378 15.926933
10.646258 16.039280
10.894759 16.161258
11.097438 16.260744
11.398263 16.408405
11.607521 16.511121
11.842966 16.626690
12.097969 16.751860
12.320257 16.860971
12.549137 16.973318
12.764897 17.079225
13.026530 17.207649
13.216166 17.300733
13.464654 17.422704
13.700062 17.538255
13.915860 17.644181
14.125080 17.746878
14.406308 17.884920
14.609039 17.984431
14.831403 18.093580
15.040623 18.196277
15.243365 18.295794
15.504871 18.975346
15.733763 20.521256
15.936468 21.890298
16.171913 23.480467
16.381171 24.893769
16.616566 26.483595
16.838892 27.985158
17.022001 29.221851
17.244327 30.723415
17.492828 32.401760
17.721707 33.947583
17.924424 35.316712
18.159844 36.906709
18.421426 38.673401
18.650306 40.219224
18.892241 41.853223
19.134226 43.487566
19.336956 44.856780
19.552755 46.314256
19.748957 47.639382
19.990930 49.273639
20.337501 51.614332
20.638300 53.645895
20.873745 55.236064
21.122272 56.914580
21.331593 58.328311
21.553907 59.829789
21.743556 61.110656
21.920098 62.303003
22.116288 63.628044
21.939745 57.807181
21.736964 51.121208
21.560371 45.298670
21.383701 39.473620
21.161299 32.140698
20.971561 25.884767
20.696923 16.829580
20.461491 9.067034
20.284973 3.247008
19.944855 1.624774
19.729120 1.493388
19.323698 1.246480
19.094844 1.107104
18.859500 0.963776
18.571832 0.788581
18.395290 0.681064
18.159933 0.537728
17.924602 0.394408
17.643513 0.223220
17.375454 0.059968
17.120514 -0.095295
16.859021 -0.254548
16.623678 -0.397876
16.381781 -0.545195
16.067977 -0.736307
15.819526 -0.887617
15.564498 -1.042934
15.355265 -1.170360
15.100249 -1.325669
14.845195 -1.481001
14.564004 -1.652251
14.289329 -1.819532
13.975423 -2.010706
13.635355 -2.217813
13.347662 -2.393023
13.007607 -2.600122
12.661036 -2.811189
12.379846 -2.982438
12.007139 -3.209423
11.739016 -3.372714
11.405540 -3.575807
11.085170 -3.770917
10.725518 -3.989951
10.391978 -4.193082
10.065004 -4.392215
9.744570 -4.587364
9.450324 -4.766565
9.182240 -4.929832
8.901087 -5.101059
8.639518 -5.260359
8.358340 -5.431601
8.024825 -5.634716
7.769809 -5.790025
7.475563 -5.969226
7.174789 -6.152402
6.926250 -6.303767
6.677787 -6.455084
6.376988 -6.638276
6.121959 -6.793593
5.794997 -6.992718
5.526888 -7.156001
5.265344 -7.315285
4.990706 -7.482544
4.716056 -7.649810
4.500309 -7.781204
4.166806 -7.984312
3.892194 -8.151555
3.630612 -8.310863
3.382150 -8.462181
3.100972 -8.633423
2.806687 -8.812647
2.512441 -8.991847
2.224710 -9.167080
1.910829 -9.358239
1.642732 -9.521514
1.381163 -9.680814
1.086891 -9.860030
0.838403 -10.011364
0.557238 -10.182598
0.295669 -10.341898
0.007912 -10.517146
-0.201295 -10.644557
-0.489026 -10.819789
-0.737553 -10.971146
-0.999122 -11.130446
-1.273772 -11.297712
-1.574571 -11.480904
-1.783829 -11.608345
-2.084629 -11.791537
-2.365769 -11.962756
-2.653500 -12.137989
-2.921584 -12.301257
-3.189656 -12.464517
-3.418510 -12.603892
-3.673500 -12.759186
-3.948125 -12.926437
-4.222725 -13.093672
-4.490872 -13.256978
-4.745787 -13.412225
-5.027016 -13.583498
-5.268912 -13.730817
-5.576240 -13.917985
-5.844337 -14.081260
-6.053595 -14.208702
-6.321704 -14.371985
-6.557086 -14.515336
-6.805574 -14.666669
-7.060641 -14.822009
-7.296048 -14.965376
-7.564133 -15.128644
-7.799565 -15.272026
-8.067700 -15.435325
-8.276920 -15.595945
-8.518893 -17.322310
-8.773935 -19.141912
-9.002751 -20.774406
-9.225115 -22.360872
-9.454020 -23.994001
-9.656775 -25.440567
-9.859493 -26.886861
-10.068738 -28.379728
-10.271455 -29.826022
-10.448023 -31.085753
-10.676877 -32.718519
-11.043018 -35.330764
-11.389627 -37.803654
-11.683911 -39.903236
-12.023979 -42.329461
-12.298616 -44.288872
-12.494806 -45.688593
-12.782525 -47.741330
-13.063703 -49.747404
-13.436422 -52.406585
-13.711123 -54.366448
-13.907287 -55.765988
-14.234262 -58.098797
-14.476222 -59.825071
-14.737791 -61.691246
-14.953615 -63.231048
-15.156345 -64.677432
-15.378709 -66.263898
-15.627223 -68.036927
-15.816872 -69.389984
-16.032670 -70.929605
-16.307333 -72.889197
-16.542779 -74.568989
-16.725862 -75.875203
-16.915498 -77.228170
-17.131335 -78.768063
-17.360209 -78.907202
-17.170476 -71.245656
-16.961180 -62.794140
-16.784587 -55.663173
-16.588334 -47.738339
-16.411702 -40.605833
-16.208883 -32.415863
-16.019145 -24.754112
-15.783662 -15.245131
-15.456560 -2.036560
-15.220963 3.433778
-14.991855 3.545553
-14.638515 3.717935
-14.448790 3.810496
-14.265745 3.899797
-14.010653 4.024248
-13.775182 4.139127
-13.506971 4.269978
-13.238899 4.400761
-12.983997 4.525119
-12.683261 4.671839
-12.434862 4.793024
-12.179922 4.917401
-11.853088 5.076853
-11.663528 5.169333
-11.349749 5.322415
-11.101362 5.443595
-10.833354 5.574347
-10.513022 5.730626
-10.264610 5.851818
-10.003180 5.979361
-9.735185 6.110107
-9.467151 6.240872
-9.231770 6.355707
-8.996388 6.470542
-8.708695 6.610898
-8.460245 6.732108
-8.205216 6.856528
-7.937106 6.987330
-7.629766 7.137271
-7.361669 7.268067
-7.054329 7.418008
-6.812369 7.536052
-6.485445 7.695547
-6.197740 7.835909
-5.942724 7.960323
-5.641937 8.107067
-5.406530 8.221914
-5.092649 8.375046
-4.811484 8.512217
-4.549915 8.639828
-4.236072 8.792942
-3.987559 8.914183
-3.712921 9.048170
-3.438309 9.182144
-3.098267 9.348039
-2.849778 9.469268
-2.535898 9.622400
-2.267814 9.753190
-1.980095 9.893558
-1.698917 10.030735
-1.430833 10.161525
-1.156170 10.295524
-0.927316 10.407174
-0.646138 10.544351
-0.358419 10.684720
-0.090322 10.815515
0.197421 10.955896
0.439331 11.073916
0.720509 11.211093
0.982116 11.338723
1.289406 11.488639
1.518272 11.600295
1.819072 11.747045
2.028330 11.849135
2.342198 12.002261
2.603767 12.129872
2.793390 12.222383
3.100730 12.372324
3.309950 12.474396
3.630371 12.630718
3.872281 12.748738
4.107713 12.863598
4.382326 12.997572
4.611192 13.109228
4.905451 13.252787
5.140858 13.367635
5.402428 13.495246
5.670537 13.626048
5.899366 13.737685
6.154407 13.862112
6.415900 13.989685
6.683959 14.120462
6.912788 14.232100
7.200430 14.372431
7.390028 14.464930
7.677671 14.605261
7.971917 14.748814
8.174596 14.847695
8.436077 14.975262
8.704199 15.106070
8.926500 15.214524
9.220746 15.358077
9.456153 15.472924
9.711195 15.597350
9.972713 15.724936
10.201631 15.836618
10.463162 15.964210
10.711650 16.085439
10.999356 16.225801
11.182477 16.315140
11.476698 16.458681
11.712092 16.573522
11.967172 16.697967
12.156783 16.790471
12.411799 16.914885
12.673368 17.042496
12.928359 17.166898
13.163728 17.281726
13.412165 17.402931
13.673823 17.530585
13.902703 17.642248
14.138097 17.757089
14.419263 17.894260
14.857362 18.107994
15.066620 18.210084
15.282443 18.315377
15.485161 18.842225
15.700934 20.299529
15.916758 21.757177
16.152101 23.346659
16.335210 24.583352
16.583698 26.261611
16.832224 27.940127
17.067657 29.530210
17.296524 31.075947
17.525403 32.621771
17.754282 34.167594
17.976634 35.669330
18.218582 37.303415
18.427840 38.716717
18.643625 40.174107
18.879071 41.764276
19.101410 43.265925
19.304140 44.635139
19.526491 46.136875
19.729221 47.506089
19.912330 48.742782
20.147750 50.332779
20.559738 53.115296
20.880197 55.279637
21.194090 57.399633
21.403374 58.813107
21.664955 60.579799
21.900439 62.170225
22.194736 64.157871
22.449777 65.626152
22.789845 64.073059
23.097211 62.669318
23.443768 61.086586
23.718418 59.832256
24.051920 58.309149
24.411572 56.666618
24.738546 55.173324
25.045873 53.769757
25.346673 52.396003
25.712852 50.723659
26.052894 49.170682
26.406043 47.557847
26.713345 46.154397
27.059953 44.571433
27.406549 42.988527
27.628863 41.973219
27.452231 36.149425
27.275650 30.327306
27.099057 24.504768
26.915872 18.464906
26.726236 12.212325
26.510374 5.095053
26.281494 1.743102
26.039559 1.626579
25.804114 1.513182
25.601358 1.415529
25.372479 1.305294
24.973547 1.113156
24.783885 1.021809
24.522341 0.895842
24.300015 0.788763
24.031943 0.659652
23.816234 0.555760
23.541647 0.423511
23.267073 0.291268
23.012159 0.168494
22.717925 0.026782
22.476066 -0.089704
22.181858 -0.231403
21.972664 -0.332158
21.743861 -0.442356
21.469261 -0.574611
21.240344 -0.684865
20.952562 -0.823469
20.704073 -0.943148
20.429385 -1.075446
20.161237 -1.204594
19.814642 -1.371525
19.487693 -1.528993
19.186906 -1.673861
18.853417 -1.834479
18.447969 -2.029754
18.101386 -2.196679
17.774425 -2.354153
17.434331 -2.517952
17.055046 -2.700627
16.747668 -2.848670
16.420630 -3.006181
16.041383 -3.188837
15.727515 -3.340005
15.459392 -3.469141
15.139010 -3.623447
14.779384 -3.796653
14.393685 -3.982417
14.040637 -4.152455
13.687476 -4.322548
13.360489 -4.480035
13.007340 -4.650122
12.621539 -4.835935
12.333846 -4.974496
11.967718 -5.150834
11.706212 -5.276783
11.379289 -5.434239
11.091596 -5.572800
10.777728 -5.723968
10.483494 -5.865680
10.235044 -5.985341
9.927704 -6.133365
9.685744 -6.249900
9.417660 -6.379017
9.129941 -6.517591
8.835695 -6.659309
8.567572 -6.788444
8.273313 -6.930168
8.011757 -7.056142
7.750188 -7.182121
7.501725 -7.301788
7.168223 -7.462412
6.900113 -7.591542
6.645097 -7.714365
6.331217 -7.865539
6.056579 -7.997813
5.781929 -8.130092
5.507292 -8.262366
5.232667 -8.394633
4.971072 -8.520625
4.709528 -8.646592
4.415282 -8.788310
4.173322 -8.904845
3.898671 -9.037125
3.624034 -9.169398
3.316669 -9.317434
3.055112 -9.443408
2.780474 -9.575681
2.531974 -9.695367
2.263864 -9.824496
1.989226 -9.956770
1.747291 -10.073293
1.466101 -10.208722
1.211072 -10.331552
0.910273 -10.476426
0.668325 -10.592955
0.387172 -10.728366
0.132194 -10.851171
-0.162052 -10.992889
-0.410527 -11.112562
-0.672084 -11.238535
-0.933640 -11.364508
-1.195222 -11.490494
-1.482903 -11.629049
-1.724863 -11.745585
-1.907946 -11.833763
-2.234857 -11.991213
-2.503005 -12.120361
-2.790622 -12.258885
-3.019527 -12.369133
-3.294177 -12.501412
-3.588436 -12.643136
-3.804183 -12.747047
-4.052684 -12.866732
-4.340390 -13.005299
-4.608500 -13.134429
-4.889665 -13.269846
-5.125060 -13.383219
-5.406225 -13.518637
-5.628551 -13.625716
-5.942444 -13.776896
-6.151677 -13.877668
-6.445961 -14.019405
-6.674828 -14.129633
-6.949440 -14.261895
-7.211060 -14.387899
-7.453020 -14.504434
-7.655750 -14.602075
-7.917332 -14.728060
-8.185429 -14.857184
-8.414258 -14.967394
-8.636635 -15.784561
-8.891664 -17.489302
-9.133637 -19.106773
-9.519450 -21.685745
-9.735249 -23.128251
-9.951021 -24.570587
-10.179863 -26.100279
-10.532974 -28.460650
-10.716095 -29.684726
-10.905744 -30.952437
-11.239246 -33.181733
-11.585892 -35.498894
-11.952046 -37.946451
-12.252884 -39.957403
-12.429452 -41.137673
-12.612522 -42.361409
-12.926390 -44.459461
-13.109511 -45.683537
-13.305688 -46.994883
-13.684961 -49.530134
-13.874572 -50.797591
-14.266951 -53.420452
-14.593926 -55.606114
-14.770468 -56.786215
-15.038603 -58.578566
-15.287092 -60.239587
-15.581389 -62.206818
-15.803753 -63.693214
-16.104540 -65.703825
-16.392335 -67.627591
-16.634295 -69.244977
-16.810914 -70.425587
-17.046372 -71.999508
-17.275282 -73.529658
-17.523774 -75.190705
-17.746125 -76.677015
-17.994626 -74.793407
-18.249669 -72.310450
-18.458910 -70.273389
-18.720486 -67.726831
-18.936293 -65.625848
-19.191333 -63.142916
-19.479057 -60.341795
-19.721018 -57.986187
-19.923746 -56.012542
-20.198381 -53.338845
-20.453419 -50.855937
-20.662693 -48.818554
-20.917727 -46.335684
-21.126976 -44.298549
-21.316617 -42.452302
-21.113859 -34.264793
-20.917609 -26.340061
-20.734431 -18.943241
-20.512007 -9.961608
-20.335347 -2.827923
-20.158663 3.388532
-19.955861 3.425828
-19.720357 3.469137
-19.497902 3.510047
-19.255828 3.554564
-18.994137 3.602690
-18.634272 3.668869
-18.392248 3.713378
-18.169903 3.754267
-17.967166 3.791551
-17.692454 3.842070
-17.443875 3.887784
-17.214900 3.929893
-16.946820 3.979193
-16.652601 4.033301
-16.410704 4.077786
-16.123061 4.130683
-15.809283 4.188388
-15.560885 4.234068
-15.319019 4.278547
-15.005234 4.336253
-14.796052 4.374722
-14.521548 4.425203
-14.253534 4.474491
-13.985519 4.523779
-13.704456 4.575467
-13.429901 4.625958
-13.227285 4.663220
-12.972296 4.710112
-12.736935 4.753395
-12.449181 4.806314
-12.181131 4.855608
-11.919566 4.903710
-11.638430 4.955412
-11.396462 4.999910
-11.115293 5.051617
-10.847226 5.100915
-10.598772 5.146606
-10.350297 5.192301
-10.056063 5.246410
-9.807562 5.292110
-9.565665 5.336595
-9.284513 5.388299
-8.977211 5.444812
-8.754872 5.485701
-8.454111 5.541011
-8.225231 5.583102
-7.885201 5.645634
-7.584415 5.700949
-7.316318 5.750252
-7.048233 5.799553
-6.799732 5.845253
-6.518542 5.896964
-6.243917 5.947468
-5.936577 6.003988
-5.733885 6.041263
-5.439613 6.095380
-5.184610 6.142275
-4.903419 6.193987
-4.641863 6.242087
-4.386847 6.288985
-4.105656 6.340696
-3.824503 6.392400
-3.556445 6.441697
-3.288309 6.491007
-3.020250 6.540303
-2.752179 6.589602
-2.490661 6.637695
-2.255304 6.680978
-1.980692 6.731479
-1.699527 6.783186
-1.392212 6.839701
-1.156805 6.882993
-0.882218 6.933490
-0.614147 6.982788
-0.352603 7.030886
-0.097587 7.077784
0.157442 7.124684
0.412445 7.171580
0.713207 7.226890
0.968261 7.273795
1.255966 7.326704
1.491386 7.369998
1.746390 7.416893
2.001406 7.463791
2.282571 7.515498
2.537600 7.562398
2.799118 7.610491
3.080309 7.662202
3.309201 7.704296
3.590328 7.755995
3.851859 7.804091
4.100360 7.849791
4.388129 7.902712
4.669307 7.954421
4.865484 7.990498
5.127041 8.038598
5.401678 8.089104
5.676329 8.139613
5.937860 8.187709
6.251727 8.245429
6.532905 8.297138
6.742163 8.335621
7.010248 8.384922
7.252208 8.429419
7.533361 8.481123
7.840701 8.537643
8.036890 8.573723
8.272336 8.617021
8.546960 8.667525
8.847760 8.722842
9.076652 8.764936
9.357855 8.816649
9.632506 8.867158
9.867900 8.910447
10.103358 8.953748
10.345331 8.998247
10.672305 9.058378
10.907738 9.101674
11.195507 9.154595
11.444008 9.200295
11.705590 9.248400
11.960619 9.295300
12.163349 9.332582
12.431420 9.381881
12.725705 9.436000
13.019977 9.490117
13.274992 9.537015
13.516953 9.581512
13.811199 9.635624
14.066241 9.682526
14.295120 9.724617
14.530502 9.767904
14.844395 9.825629
15.086343 9.870124
15.328290 9.914618
15.576753 9.960311
15.851416 10.010822
16.139122 10.063731
16.394151 10.110631
16.649192 10.157533
16.891152 10.202030
17.100372 10.240506
17.388154 10.293429
17.649736 10.341535
17.917820 10.390835
18.166309 10.436533
18.467121 10.491852
18.715596 10.537547
19.042558 10.597676
19.297612 10.644581
19.559181 10.703822
19.827303 11.534259
20.095426 12.364696
20.376591 13.235529
20.651267 14.086263
20.945526 14.997651
21.220176 15.848305
21.527529 16.800248
21.808757 17.671278
22.083370 18.521815
22.371126 19.413063
22.684994 20.385184
22.972738 21.276393
23.267035 22.187899
23.561269 23.099208
23.829366 23.929566
24.123637 24.840993
24.437492 25.813075
24.770956 26.845889
25.078334 27.797910
25.333338 28.587714
25.601498 29.418269
25.954596 30.511895
26.216191 31.322113
26.549706 32.355085
26.850543 33.286848
27.144764 34.198118
27.491360 35.271605
27.766010 36.122260
28.119121 37.215925
28.406839 38.107055
28.609519 37.494554
28.419717 31.236530
28.190762 23.687539
27.988006 17.002404
27.804821 10.962541
27.569312 3.197483
27.333842 1.760058
27.118056 1.709560
26.902092 1.659020
26.574890 1.582448
26.254215 1.507403
25.940144 1.433904
25.665379 1.369604
25.272797 1.277732
24.985028 1.210388
24.690756 1.141522
24.350662 1.061933
24.004079 0.980826
23.624807 0.892068
23.265193 0.807911
22.938270 0.731405
22.611334 0.654895
22.212516 0.561563
21.859430 0.478934
21.460663 0.385614
21.074939 0.295347
20.689202 0.205077
20.427709 0.143882
20.114057 0.070481
19.787273 -0.005993
19.453873 -0.084016
19.107302 -0.165120
18.819635 -0.232440
18.564733 -0.292092
18.296827 -0.354788
18.009184 -0.422102
17.708423 -0.492487
17.420730 -0.559813
17.106887 -0.633258
16.786517 -0.708231
16.505352 -0.774030
16.198024 -0.845951
15.962617 -0.901041
15.596476 -0.986725
15.328417 -1.049456
15.060333 -1.112194
14.824939 -1.167281
14.537271 -1.234601
14.301889 -1.289685
14.007656 -1.358542
13.726503 -1.424337
13.432295 -1.493188
13.190411 -1.549794
12.883210 -1.621685
12.641288 -1.678300
12.406020 -1.733357
12.157596 -1.791494
11.915750 -1.848091
11.647729 -1.910813
11.412398 -1.965885
11.131283 -2.031672
10.817492 -2.105105
10.588701 -2.158647
10.314102 -2.222909
10.026409 -2.290235
9.758350 -2.352966
9.470644 -2.420295
9.189517 -2.486085
8.921382 -2.548834
8.685975 -2.603924
8.391754 -2.672778
8.104035 -2.740110
7.842441 -2.801328
7.561301 -2.867121
7.273582 -2.934453
7.018553 -2.994135
6.770091 -3.052280
6.495428 -3.116557
6.181560 -3.190008
5.906872 -3.254291
5.678018 -3.307847
5.370690 -3.379768
5.128768 -3.436383
4.834509 -3.505246
4.572927 -3.566461
4.298290 -3.630732
4.049814 -3.688880
3.749053 -3.759265
3.467875 -3.825066
3.239033 -3.878620
2.983992 -3.938304
2.702801 -4.004109
2.395474 -4.076030
2.160029 -4.131129
1.891932 -4.193869
1.623847 -4.256606
1.323022 -4.327005
1.041794 -4.392819
0.806323 -4.447924
0.570916 -4.503014
0.270066 -4.573419
-0.004597 -4.637695
-0.318478 -4.711150
-0.586575 -4.773890
-0.867778 -4.839697
-1.162075 -4.908569
-1.417104 -4.968251
-1.744066 -5.044767
-2.012201 -5.107516
-2.293353 -5.173311
-2.548382 -5.232993
-2.803411 -5.292675
-3.071520 -5.355418
-3.365792 -5.424284
-3.607727 -5.480901
-3.915080 -5.552828
-4.176649 -5.614041
-4.398975 -5.666070
-4.673651 -5.730349
-4.967859 -5.799200
-5.203317 -5.854302
-5.445214 -5.910911
-5.726417 -5.976718
-6.014136 -6.044050
-6.243028 -6.097616
-6.478410 -6.152700
-6.759613 -6.218507
-7.040804 -6.284312
-7.295833 -6.343994
-7.550836 -6.403670
-7.812392 -6.464879
-8.080527 -6.527628
-8.329003 -6.585777
-8.603678 -6.650056
-8.786800 -6.692910
-9.067991 -6.758715
-9.323045 -6.818403
-9.591129 -6.881140
-9.898482 -6.953067
-10.153523 -7.012752
-10.362794 -7.061725
-10.617835 -7.323358
-10.879442 -7.992433
-11.141024 -8.661444
-11.369942 -9.246913
-11.625008 -9.899261
-11.912765 -10.635214
-12.122023 -11.170403
-12.422835 -11.939747
-12.625578 -12.458273
-12.919799 -13.210759
-13.142150 -13.779436
-13.364502 -14.348112
-13.613003 -14.983667
-13.835380 -15.552409
-14.031570 -16.054175
-14.267002 -16.656307
-14.489366 -17.225016
-14.705178 -17.776965
-14.914448 -18.312186
-15.149881 -18.914318
-15.365692 -19.466267
-15.601099 -20.068334
-15.797314 -20.570165
-16.071952 -21.272565
-16.248532 -21.724181
-16.503548 -22.376398
-16.758615 -23.028746
-16.980963 -23.597413
-17.203290 -24.166028
-17.425599 -24.734594
-17.654474 -25.319956
-17.889896 -25.922059
-18.131853 -26.540879
-18.393401 -27.209802
-18.622272 -27.795151
-18.870755 -28.430660
-19.125783 -29.082910
-19.367739 -29.701725
-19.622769 -30.353978
-19.890920 -31.039791
-20.126306 -31.641803
-20.355189 -32.227184
-20.590612 -32.829290
-20.832578 -33.448134
-21.068047 -34.050357
-21.277287 -34.585500
-21.525799 -35.221084
-21.761260 -35.823287
-21.944343 -36.291533
-21.767653 -29.156669
-21.590991 -22.022933
-21.381692 -13.571314
-21.172457 -5.122260
-20.930517 3.388866
-20.753949 3.414460
-20.544688 3.444792
-20.237352 3.489341
-20.021723 3.520597
-19.714280 3.565161
-19.485287 3.598354
-19.243252 3.633438
-19.040502 3.662827
-18.778847 3.700754
-18.589140 3.728252
-18.301287 3.769977
-18.026548 3.809801
-17.791069 3.843934
-17.588274 3.873330
-17.293946 3.915993
-17.038909 3.952961
-16.770798 3.991824
-16.489611 4.032583
-16.234604 4.069547
-15.920716 4.115045
-15.665717 4.152008
-15.358377 4.196557
-15.103361 4.233522
-14.854885 4.269539
-14.560639 4.312191
-14.292555 4.351050
-14.044041 4.387073
-13.775969 4.425930
-13.514426 4.463841
-13.252856 4.501756
-12.997853 4.538719
-12.729769 4.577579
-12.448629 4.618330
-12.167502 4.659080
-11.945201 4.691303
-11.670589 4.731109
-11.415611 4.768068
-11.167135 4.804085
-10.925200 4.839154
-10.624414 4.882754
-10.349776 4.922563
-10.114369 4.956685
-9.820110 4.999339
-9.558528 5.037256
-9.297022 5.075161
-9.035453 5.113076
-8.728164 5.157618
-8.440509 5.199314
-8.139697 5.242918
-7.845463 5.285567
-7.610107 5.319683
-7.361682 5.355692
-7.041350 5.402125
-6.734073 5.446665
-6.498780 5.480771
-6.263450 5.514883
-5.930087 5.563204
-5.642432 5.604900
-5.354803 5.646593
-5.145634 5.676912
-4.838446 5.721440
-4.570412 5.760292
-4.322051 5.796292
-4.073614 5.832303
-3.812159 5.870202
-3.518014 5.912839
-3.269590 5.948848
-2.968841 5.992442
-2.753081 6.023717
-2.491588 6.061621
-2.190826 6.105217
-1.961934 6.138395
-1.661160 6.181993
-1.386535 6.221800
-1.111898 6.261609
-0.856894 6.298573
-0.595287 6.336493
-0.346799 6.372512
-0.045961 6.416119
0.222174 6.454985
0.516458 6.497642
0.719201 6.527030
0.980745 6.564942
1.242314 6.602857
1.477721 6.636979
1.824304 6.687217
2.072805 6.723238
2.308263 6.757368
2.556726 6.793383
2.837917 6.834142
3.092945 6.871109
3.387217 6.913764
3.661842 6.953571
3.897236 6.987692
4.171874 7.027501
4.439984 7.066364
4.694974 7.103326
4.963071 7.142187
5.250764 7.183888
5.499278 7.219911
5.793486 7.262557
6.061621 7.301424
6.283922 7.333647
6.565138 7.374409
6.852856 7.416115
7.114464 7.454035
7.382548 7.492894
7.683373 7.536499
7.931874 7.572520
8.219592 7.614225
8.526932 7.658775
8.781948 7.695740
9.043530 7.733657
9.285478 7.768727
9.553600 7.807592
9.802101 7.843613
10.083330 7.884377
10.377576 7.927029
10.652265 7.966845
10.907319 8.003816
11.162398 8.040790
11.450206 8.082508
11.816474 8.135600
12.045391 8.168782
12.352731 8.213331
12.535814 8.239869
12.797434 8.277792
13.045935 8.313812
13.346747 8.357416
13.680224 8.405754
13.967917 8.447455
14.222959 8.484424
14.458366 8.518547
14.765693 8.563094
15.001113 8.597219
15.275738 8.637026
15.576575 8.680633
15.844685 8.719496
16.073577 8.752674
16.354743 8.793430
16.649027 8.836087
16.890975 8.871157
17.159072 8.910019
17.472939 8.955514
17.747564 8.995322
17.976431 9.028496
18.237987 9.066409
18.545327 9.110959
18.774194 9.144133
19.061925 9.185841
19.330035 9.224704
19.552361 9.256930
19.840067 9.298634
20.088568 9.334654
20.408976 9.720455
20.657439 10.370412
20.964766 11.174353
21.219757 11.841387
21.500973 12.577023
21.814854 13.398108
22.102559 14.150721
22.370682 14.852106
22.671481 15.638971
22.933063 16.323247
23.207701 17.041675
23.488840 17.777112
23.809249 18.615273
24.064252 19.282339
24.378094 20.103324
24.659273 20.838861
24.946928 21.591341
25.208471 22.275517
25.574625 23.233343
25.842722 23.934662
26.163105 24.772756
26.483513 25.610916
26.816964 26.483196
27.157020 27.372750
27.503552 28.279249
27.830513 29.134551
28.164041 30.007030
28.451797 30.759776
28.850704 31.803283
29.053396 32.333507
28.876739 26.508876
28.693491 20.466920
28.497251 13.996596
28.287853 7.092461
28.071966 1.792558
27.679320 1.702590
27.430641 1.645609
27.195018 1.591620
26.972489 1.540632
26.769631 1.494150
26.534123 1.440187
26.311708 1.389225
26.010832 1.320284
25.703517 1.249868
25.409271 1.182447
25.075871 1.106054
24.748973 1.031151
24.376291 0.945757
24.049431 0.870863
23.735589 0.798951
23.428249 0.728529
23.049014 0.641634
22.689388 0.559232
22.329800 0.476839
21.957119 0.391445
21.630411 0.316586
21.323186 0.246190
20.917903 0.153327
20.578102 0.075467
20.264234 0.003550
19.898081 -0.080348
19.649592 -0.137285
19.309537 -0.215203
19.021806 -0.281132
18.734100 -0.347054
18.420220 -0.418975
18.158689 -0.478900
17.851336 -0.549325
17.609401 -0.604760
17.374006 -0.658697
17.047045 -0.733614
16.765854 -0.798044
16.510825 -0.856480
16.236201 -0.919405
15.955010 -0.983836
15.673832 -1.048263
15.431884 -1.103701
15.150732 -1.168122
14.856422 -1.235558
14.614487 -1.290993
14.320253 -1.358412
14.071765 -1.415349
13.790562 -1.479782
13.561720 -1.532217
13.280542 -1.596644
13.045122 -1.650587
12.744285 -1.719518
12.456579 -1.785441
12.227751 -1.837873
11.953088 -1.900808
11.704625 -1.957739
11.436528 -2.019169
11.155337 -2.083599
10.913402 -2.139034
10.651846 -2.198965
10.390289 -2.258896
10.115677 -2.321819
9.847644 -2.383234
9.586176 -2.443145
9.298457 -2.509071
9.069680 -2.561491
8.781999 -2.627408
8.559749 -2.678333
8.298231 -2.738256
8.036712 -2.798178
7.781760 -2.856596
7.533284 -2.913530
7.330605 -2.959971
6.997154 -3.036375
6.768275 -3.088819
6.545948 -3.139761
6.238659 -3.210171
5.937872 -3.279091
5.650167 -3.345014
5.408232 -3.400450
5.113973 -3.467874
4.845888 -3.529301
4.577766 -3.590737
4.303154 -3.653659
4.054653 -3.710599
3.760394 -3.778024
3.413823 -3.857434
3.158782 -3.915873
2.864523 -3.983297
2.635669 -4.035735
2.315223 -4.109160
2.079828 -4.163096
1.798625 -4.227529
1.523962 -4.290464
1.236218 -4.356395
0.955015 -4.420828
0.660756 -4.488253
0.386118 -4.551181
0.098387 -4.617110
-0.215494 -4.689030
-0.477025 -4.748956
-0.751662 -4.811884
-1.019759 -4.873314
-1.274775 -4.931746
-1.555953 -4.996174
-1.837144 -5.060604
-2.085619 -5.117538
-2.360257 -5.180466
-2.654503 -5.247888
-2.916098 -5.307828
-3.171101 -5.366257
-3.386849 -5.415692
-3.700729 -5.487612
-3.955707 -5.546036
-4.249953 -5.613458
-4.518050 -5.674888
-4.818799 -5.743799
-5.047691 -5.796246
-5.374602 -5.871152
-5.681942 -5.941573
-5.943498 -6.001505
-6.237719 -6.068920
-6.473165 -6.122869
-6.734683 -6.182791
-7.035457 -6.251708
-7.264336 -6.304152
-7.552055 -6.370078
-7.787462 -6.424017
-8.081645 -6.491424
-8.336712 -6.549869
-8.624430 -6.615794
-8.886025 -6.675734
-9.114854 -6.728166
-9.415640 -6.797087
-9.598736 -6.839040
-9.899523 -6.907960
-10.180726 -6.972393
-10.455338 -7.035316
-10.743057 -7.564454
-11.017720 -8.261626
-11.266195 -8.892327
-11.495075 -9.473287
-11.776227 -10.186932
-12.011673 -10.784558
-12.273229 -11.448462
-12.547867 -12.145570
-12.783274 -12.743100
-13.025196 -13.357167
-13.260629 -13.954761
-13.528751 -14.635331
-13.803478 -15.332664
-14.058544 -15.980096
-14.307045 -16.610861
-14.549006 -17.225025
-14.810588 -17.888993
-15.045995 -18.486523
-15.301023 -19.133858
-15.719476 -20.196008
-15.909074 -20.677262
-16.301333 -21.672925
-16.517150 -22.220730
-16.876676 -23.133307
-17.066279 -23.614574
-17.295118 -24.195432
-17.537055 -24.809537
-17.765888 -25.390378
-17.975116 -25.921460
-18.190862 -26.469082
-18.373907 -26.933702
-18.570011 -27.431470
-18.785721 -27.979002
-18.994909 -28.509980
-19.275906 -29.223231
-19.458788 -29.687436
-19.654873 -30.185156
-19.962044 -30.964843
-20.138518 -31.412784
-20.328123 -31.894054
-20.661528 -32.740331
-20.864192 -33.254749
-20.681075 -25.860339
-20.485133 -17.948069
-20.309305 -10.848026
-20.041177 -0.020803
-19.792672 3.408724
-19.524468 3.448572
-19.262829 3.487444
-19.053552 3.518537
-18.798541 3.556425
-18.530392 3.596265
-18.262319 3.636093
-18.033408 3.670103
-17.771847 3.708964
-17.503734 3.748798
-17.229079 3.789604
-16.974063 3.827493
-16.719027 3.865384
-16.444418 3.906183
-16.150149 3.949904
-15.895142 3.987791
-15.620505 4.028595
-15.326233 4.072315
-15.051583 4.113121
-14.790026 4.151981
-14.476133 4.198617
-14.227645 4.235536
-13.979169 4.272452
-13.704545 4.313254
-13.456044 4.350175
-13.201028 4.388063
-12.965659 4.423033
-12.677927 4.465782
-12.429452 4.502698
-12.154789 4.543506
-11.906288 4.580426
-11.644732 4.619286
-11.350460 4.663007
-11.108500 4.698956
-10.807713 4.743645
-10.578821 4.777652
-10.304183 4.818455
-10.036048 4.858293
-9.833331 4.888411
-9.584830 4.925332
-9.284005 4.970026
-9.022385 5.008896
-8.793493 5.042903
-8.538426 5.080799
-8.283321 5.118701
-8.047901 5.153678
-7.720952 5.202253
-7.479030 5.238196
-7.178294 5.282877
-6.949478 5.316873
-6.648755 5.361553
-6.380721 5.401375
-6.138888 5.437305
-5.851246 5.480041
-5.596344 5.517912
-5.341391 5.555791
-5.066805 5.596587
-4.785754 5.638344
-4.530827 5.676219
-4.262806 5.716040
-3.949065 5.762653
-3.674466 5.803451
-3.445662 5.837445
-3.177578 5.877275
-2.889847 5.920024
-2.615235 5.960824
-2.347138 6.000656
-2.098650 6.037574
-1.778254 6.085177
-1.497025 6.126959
-1.235405 6.165829
-0.947649 6.208582
-0.672922 6.249399
-0.424421 6.286319
-0.123634 6.331008
0.098717 6.364043
0.379870 6.405815
0.680682 6.450507
1.001116 6.498115
1.275766 6.538921
1.530756 6.576805
1.831556 6.621496
2.086585 6.659386
2.341588 6.697273
2.629319 6.740022
2.884348 6.777912
3.152458 6.817746
3.414027 6.856608
3.688677 6.897414
3.996017 6.943076
4.264114 6.982908
4.506062 7.018855
4.826495 7.066463
5.081486 7.104347
5.356123 7.145151
5.604612 7.182069
5.898883 7.225790
6.153925 7.263682
6.389345 7.298659
6.670523 7.340435
6.925551 7.378325
7.206729 7.420101
7.514057 7.465761
7.756017 7.501710
8.030680 7.542517
8.305305 7.583319
8.553818 7.620241
8.841511 7.662985
9.096527 7.700873
9.416936 7.748477
9.652368 7.783456
9.972764 7.831058
10.214712 7.867005
10.502417 7.909750
10.757433 7.947639
11.045152 7.990386
11.267504 8.023421
11.587899 8.071023
11.901780 8.117657
12.137174 8.152631
12.411799 8.193432
12.679870 8.233260
12.928333 8.270175
13.229133 8.314866
13.543001 8.361498
13.784961 8.397447
14.046505 8.436305
14.288453 8.472252
14.608861 8.519856
14.876958 8.559688
15.151570 8.600488
15.373871 8.633516
15.668130 8.677234
15.929699 8.716097
16.230511 8.760789
16.465906 8.795762
16.720922 8.833651
16.988981 8.873477
17.289780 8.918168
17.570983 8.959947
17.832514 8.998803
18.087543 9.036693
18.349100 9.075554
18.597562 9.112468
18.859119 9.151329
19.101054 9.187274
19.388811 9.230026
19.663448 9.270830
19.931545 9.310662
20.206170 9.351464
20.474267 9.891249
20.735811 10.575425
20.997393 11.259701
21.265477 11.960986
21.507437 12.593933
21.808224 13.380766
22.109011 14.167598
22.396729 14.920244
22.677857 15.655649
22.926345 16.305672
23.174846 16.955729
23.442955 17.657081
23.750283 18.461022
24.005337 19.128222
24.273446 19.829573
24.567667 20.599230
24.835790 21.300615
25.234671 22.344054
25.476581 22.976869
25.816623 23.866391
26.091299 24.584918
26.405154 25.405936
26.719073 26.227120
27.000263 26.962690
27.320684 27.800884
27.628012 28.604825
27.968067 29.494380
28.340799 30.469415
28.700476 31.410298
29.060127 32.351115
29.380561 33.189342
29.720578 32.420335
30.054080 30.897228
30.341786 29.583272
30.727599 27.821259
30.982602 26.656657
31.329173 25.073867
31.669215 24.232353
31.976555 23.813846
32.310057 23.359713
32.597776 22.967925
32.937806 22.504904
33.304010 22.006241
33.572107 21.641171
33.899069 21.195945
34.082164 20.946622
34.297938 20.652802
34.121293 14.828589
33.879168 6.845369
33.702587 1.800535
33.499819 1.759950
33.172679 1.694472
32.943698 1.648640
32.485647 1.556960
32.197904 1.499366
31.831699 1.426069
31.485142 1.356704
31.132056 1.286033
30.831244 1.225824
30.510836 1.161693
30.144669 1.088404
29.745800 1.008569
29.386212 0.936596
29.006978 0.860691
28.621164 0.783469
28.228849 0.704945
27.744915 0.608084
27.378736 0.534792
26.973340 0.453650
26.659497 0.390834
26.339152 0.326715
25.979539 0.254737
25.633020 0.185380
25.319190 0.122566
25.011824 0.061046
24.671769 -0.007018
24.344821 -0.072458
24.037468 -0.133975
23.762856 -0.188940
23.442422 -0.253076
23.167784 -0.308046
22.840836 -0.373486
22.526981 -0.436305
22.291548 -0.483428
21.971165 -0.547554
21.735771 -0.594669
21.428418 -0.656187
21.108010 -0.720318
20.826806 -0.776601
20.512951 -0.839421
20.257910 -0.890468
19.930936 -0.955913
19.702094 -1.001717
19.420891 -1.058001
19.159309 -1.110357
18.897765 -1.162706
18.583859 -1.225536
18.341911 -1.273962
18.034571 -1.335478
17.759896 -1.390455
17.485271 -1.445422
17.243336 -1.493846
16.949052 -1.552749
16.641712 -1.614264
16.399777 -1.662688
16.157816 -1.711117
15.870123 -1.768700
15.602039 -1.822358
15.353551 -1.872094
15.072398 -1.928368
14.850046 -1.972872
14.575434 -2.027837
14.268133 -2.089345
13.967295 -2.149558
13.712317 -2.200593
13.431177 -2.256864
13.182714 -2.306595
12.973494 -2.348471
12.698920 -2.403428
12.398197 -2.463619
12.117108 -2.519880
11.829453 -2.577456
11.594122 -2.624558
11.319510 -2.679523
11.044949 -2.734477
10.763796 -2.790751
10.528414 -2.837863
10.253828 -2.892823
9.953041 -2.953026
9.639160 -3.015851
9.371051 -3.069514
9.076817 -3.128406
8.841435 -3.175519
8.547151 -3.234421
8.233308 -3.297237
7.965186 -3.350903
7.677467 -3.408491
7.428967 -3.458229
7.134733 -3.517121
6.899300 -3.564244
6.624688 -3.619209
6.343536 -3.675483
6.049302 -3.734374
5.748464 -3.794588
5.499976 -3.844324
5.199190 -3.904528
4.911471 -3.962116
4.617225 -4.021010
4.407954 -4.062896
4.100639 -4.124407
3.825964 -4.179384
3.538245 -4.236972
3.270136 -4.290635
2.988932 -4.346919
2.727376 -4.399271
2.511603 -4.442458
2.178113 -4.509207
1.870774 -4.570723
1.635379 -4.617838
1.347648 -4.675428
1.099160 -4.725164
0.831050 -4.778827
0.517169 -4.841652
0.249072 -4.895312
-0.032131 -4.951596
-0.300215 -5.005254
-0.529082 -5.051063
-0.803745 -5.106038
-1.071842 -5.159698
-1.346505 -5.214673
-1.581925 -5.261793
-1.856575 -5.316765
-2.137740 -5.373042
-2.412390 -5.428014
-2.667419 -5.479059
-2.968206 -5.539263
-3.183992 -5.582453
-3.439033 -5.633500
-3.700602 -5.685854
-4.001414 -5.746063
-4.243400 -5.794498
-4.524553 -5.850771
-4.799190 -5.905741
-5.021504 -5.950238
-5.289588 -6.003896
-5.524970 -6.051009
-5.812714 -6.108602
-6.106935 -6.167491
-6.375083 -6.221162
-6.643167 -6.274820
-6.878574 -6.321938
-7.166280 -6.379523
-7.440943 -6.434498
-7.709002 -6.488151
-7.944409 -6.535268
-8.225599 -6.591550
-8.552548 -6.656990
-8.814105 -6.709341
-9.069121 -6.760384
-9.330652 -6.812730
-9.585681 -6.863775
-9.873399 -6.921363
-10.134968 -6.973717
-10.383495 -7.023461
-10.658094 -7.348794
-10.913135 -7.996161
-11.187773 -8.693268
-11.423167 -9.290766
-11.723980 -10.054312
-11.972430 -10.684948
-12.220943 -11.315746
-12.495568 -12.012821
-12.750584 -12.660124
-12.972948 -13.224547
-13.227964 -13.871849
-13.476427 -14.502518
-13.803389 -15.332439
-14.071486 -16.012944
-14.326476 -16.660182
-14.561909 -17.257777
-14.816938 -17.905111
-15.104643 -18.635390
-15.346578 -19.249489
-15.595054 -19.880190
-15.830420 -20.477617
-16.105102 -21.174837
-16.373213 -21.855378
-16.660928 -22.585679
-16.889801 -23.166624
-17.125231 -23.764211
-17.399843 -24.461254
-17.661399 -25.125155
-17.936064 -25.822334
-18.151855 -26.370071
-18.446114 -27.116984
-18.648867 -27.631628
-18.910464 -28.295635
-19.178568 -28.976160
-19.413960 -29.573651
-19.688631 -30.270843
-19.963286 -30.967995
-20.270718 -31.748343
-20.512681 -32.362513
-20.813448 -33.125946
-21.088120 -33.823141
-21.343151 -34.470482
-21.702861 -35.383527
-21.892501 -35.864887
-22.121395 -34.617425
-22.337141 -32.517036
-22.533314 -30.607201
-23.624663 -19.982417
-23.932172 -17.273001
-24.285320 -16.898822
-24.671169 -16.489994
-25.122502 -16.011781
-25.344811 -15.776233
-25.593264 -15.512983
-25.835190 -15.256649
-26.064056 -15.014152
-26.325624 -14.737007
-26.502178 -14.549938
-26.678707 -14.362896
-26.502149 -7.233365
-26.292973 1.213330
-26.090284 2.423733
-25.887533 2.435220
-25.645594 2.448927
-25.403656 2.462635
-25.122429 2.478568
-24.880486 2.492275
-24.645070 2.505613
-24.403103 2.519322
-24.154582 2.533402
-23.899559 2.547851
-23.611835 2.564152
-23.363323 2.578232
-23.088700 2.593791
-22.866341 2.606389
-22.565601 2.623428
-22.323632 2.637137
-22.042473 2.653066
-21.780891 2.667886
-21.512793 2.683076
-21.231621 2.699006
-20.956971 2.714566
-20.682327 2.730127
-20.407721 2.745685
-20.139605 2.760875
-19.864942 2.776436
-19.616448 2.790515
-19.315648 2.807557
-19.086779 2.820524
-18.812119 2.836085
-18.544023 2.851275
-18.308610 2.864612
-18.027432 2.880543
-17.752780 2.896103
-17.465036 2.912406
-17.190414 2.927965
-16.922309 2.943155
-16.680362 2.956862
-16.399177 2.972793
-16.137617 2.987612
-15.836811 3.004655
-15.562161 3.020215
-15.294038 3.035406
-15.025916 3.050597
-14.757781 3.065788
-14.483144 3.081348
-14.175753 3.098764
-13.894498 3.114698
-13.678700 3.126925
-13.436676 3.140637
-13.155422 3.156572
-12.867653 3.172876
-12.560262 3.190291
-12.279008 3.206226
-12.010885 3.221417
-11.696929 3.239204
-11.428781 3.254396
-11.147527 3.270331
-10.833557 3.288119
-10.532682 3.305166
-10.297262 3.318504
-9.937572 3.338882
-9.662884 3.354445
-9.348978 3.372230
-9.080830 3.387422
-8.773503 3.404834
-8.479218 3.421507
-8.204568 3.437068
-7.929905 3.452629
-7.674851 3.467079
-7.354418 3.485234
-7.118998 3.498572
-6.811632 3.515986
-6.504292 3.533399
-6.190399 3.551183
-5.922277 3.566373
-6.164656 3.378368
-5.968479 3.390599
-5.700370 3.407315
-5.386514 3.426882
-5.105324 3.444414
-4.837201 3.461131
-4.621403 3.474585
-4.281348 3.495786
-3.993629 3.513725
-3.718992 3.530848
-3.483559 3.545526
-3.189313 3.563872
-2.960408 3.578143
-2.633447 3.598528
-2.404593 3.612797
-2.090687 3.632368
-1.796440 3.650713
-1.547914 3.666208
-1.292936 3.682105
-1.011758 3.699636
-0.697878 3.719206
-0.455930 3.734290
-0.161658 3.752637
0.112992 3.769761
0.374536 3.786067
0.668782 3.804413
0.949947 3.821943
1.244219 3.840290
1.440396 3.852521
1.715021 3.869643
1.989671 3.886766
2.257793 3.903483
2.499728 3.918567
2.787421 3.936504
3.062084 3.953628
3.310560 3.969120
3.578670 3.985836
3.840239 4.002144
4.141051 4.020899
4.428769 4.038837
4.677245 4.054329
4.906124 4.068599
5.187290 4.086129
5.488102 4.104884
5.736615 4.120378
5.985091 4.135869
6.246685 4.152179
6.534391 4.170117
6.795948 4.186424
7.090219 4.204771
7.319074 4.219039
7.580630 4.235347
7.842212 4.251656
8.116837 4.268778
8.352269 4.283456
8.633447 4.300987
8.895029 4.317296
9.150096 4.333198
9.437802 4.351136
9.705873 4.367850
9.987064 4.385381
10.268191 4.402908
10.536238 4.419620
10.850029 4.439184
11.176902 4.459564
11.457978 4.477088
11.699837 4.492167
11.987454 4.510099
12.281637 4.528441
12.562688 4.545964
12.830696 4.562673
13.144500 4.582238
13.405955 4.598539
13.634758 4.612804
13.876668 4.627887
14.164348 4.645823
14.406232 4.660903
14.687436 4.678436
14.955520 4.695150
15.236698 4.712681
15.530906 4.731024
15.792475 4.747332
16.080207 4.765271
16.322104 4.780352
16.622941 4.799109
16.871417 4.814601
17.165663 4.832946
17.446854 4.850477
17.728019 4.868007
17.989563 4.884314
18.251106 4.900620
18.532259 4.918149
18.787262 4.934048
19.107734 4.954029
19.401968 4.972373
19.683146 4.989904
19.931621 5.005396
20.199706 5.022110
20.454747 5.038011
20.735887 5.055539
21.043227 5.074701
21.311337 5.091417
21.579421 5.108131
21.808313 5.122402
22.115615 5.141561
22.357537 5.156644
22.664865 5.175805
22.919868 5.191704
23.148734 5.205973
23.429938 5.223505
23.717644 5.241443
23.979238 5.257753
24.279987 5.276504
24.567718 5.422284
24.835815 5.750617
25.110465 6.086975
25.385116 6.423334
25.666255 6.767640
25.960540 7.128044
26.215530 7.440325
26.509777 7.800683
26.777899 8.129047
27.026362 8.433334
27.353285 8.833710
27.660613 9.210087
27.941765 9.554409
28.209850 9.882726
28.523705 10.267098
28.857169 10.675484
29.177590 11.067897
29.452227 11.404240
29.798797 11.828678
30.112678 12.213080
30.446180 12.621513
30.786222 13.037956
31.106631 13.430354
31.427026 13.822736
31.806274 14.287192
32.100545 14.647580
32.434073 15.056044
32.767549 15.464446
33.107579 15.880874
33.460677 16.313305
33.800694 16.729717
33.611045 10.476718
33.421396 4.223719
33.146721 1.132515
32.780529 1.103051
32.381520 1.070946
32.126314 1.050411
31.916967 1.033567
31.393879 0.991478
30.988521 0.958862
30.648554 0.931508
30.328133 0.905726
29.955427 0.875737
29.569626 0.844695
29.183800 0.813651
28.824161 0.784714
28.477604 0.756829
28.131021 0.728942
27.790991 0.701583
27.431340 0.672645
27.137119 0.648971
26.836357 0.624771
26.496366 0.597415
26.189089 0.572691
25.907911 0.550066
25.613652 0.526390
25.286716 0.500084
24.998998 0.476934
24.698185 0.452730
24.371249 0.426424
24.096599 0.404325
23.835030 0.383278
23.547311 0.360128
23.279202 0.338555
23.011117 0.316985
22.710292 0.292780
22.461817 0.272787
22.174086 0.249636
21.919032 0.229113
21.677097 0.209647
21.369731 0.184916
21.095081 0.162817
20.840078 0.142299
20.519669 0.116518
20.258062 0.095469
19.957174 0.071259
19.656361 0.047055
19.375209 0.024433
19.093993 0.001805
18.832411 -0.019242
18.551233 -0.041866
18.263502 -0.065018
18.014988 -0.085013
17.720742 -0.108689
17.472279 -0.128681
17.197616 -0.150781
16.864101 -0.177616
16.602545 -0.198661
16.354057 -0.218655
16.079407 -0.240754
15.804769 -0.262852
15.530131 -0.284950
15.275103 -0.305470
15.000440 -0.327570
14.719262 -0.350194
14.444599 -0.372294
14.143800 -0.396497
13.823391 -0.422278
13.587984 -0.441219
13.326415 -0.462265
13.051739 -0.484366
12.757480 -0.508043
12.450115 -0.532774
12.181980 -0.554349
11.940032 -0.573816
11.652263 -0.596971
11.397234 -0.617491
11.089881 -0.642221
10.841368 -0.662217
10.547083 -0.685896
10.278974 -0.707468
10.010864 -0.729041
9.742754 -0.750614
9.474657 -0.772185
9.186939 -0.795336
8.931910 -0.815856
8.644179 -0.839007
8.349932 -0.862683
8.101457 -0.882675
7.833322 -0.904250
7.571765 -0.925296
7.297103 -0.947395
7.015924 -0.970020
6.754343 -0.991067
6.492773 -1.012113
6.231217 -1.033159
5.936945 -1.056836
5.662308 -1.078934
5.387670 -1.101032
5.165344 -1.118921
4.858004 -1.143650
4.570273 -1.166801
4.341406 -1.185217
4.060215 -1.207842
3.798672 -1.228886
3.556698 -1.248356
3.308210 -1.268349
3.040113 -1.289921
2.772004 -1.311494
2.477745 -1.335170
2.216175 -1.356217
1.974240 -1.375683
1.725714 -1.395680
1.405306 -1.421461
0.960628 -1.457241
0.699084 -1.478285
0.430974 -1.499857
0.202095 -1.518274
-0.046406 -1.538268
-0.327597 -1.560894
-0.608825 -1.583522
-0.889978 -1.606144
-1.138491 -1.626140
-1.432763 -1.649817
-1.740090 -1.674546
-1.982051 -1.694014
-2.204377 -1.711903
-2.511704 -1.736631
-2.779827 -1.758205
-3.080601 -1.782406
-3.296374 -1.799767
-3.610280 -1.825025
-3.793363 -1.839756
-4.068001 -1.861854
-4.296867 -1.880269
-4.610748 -1.905524
-4.833074 -1.923413
-5.048809 -1.940771
-5.369192 -1.966550
-5.604624 -1.985493
-5.852998 -2.005478
-6.094870 -2.024940
-6.369469 -2.047034
-6.630975 -2.068076
-6.879412 -2.088065
-7.140892 -2.109105
-7.428560 -2.132251
-7.735837 -2.156975
-7.990853 -2.177494
-8.245818 -2.198009
-8.592414 -2.225897
-8.860498 -2.247467
-9.161272 -2.271668
-9.357423 -2.287451
-9.658198 -2.311652
-9.860940 -2.327965
-10.122497 -2.349010
-10.370985 -2.369004
-10.573690 -2.385314
-10.835259 -2.406361
-11.037989 -2.422673
-11.306061 -2.444242
-11.548021 -2.463711
-11.783390 -2.482649
-12.051525 -2.504224
-12.241149 -2.519481
-12.476556 -2.538423
-12.705410 -2.556837
-12.953860 -2.576827
-13.208889 -2.597347
-13.457339 -2.735728
-13.725436 -2.935057
-13.973927 -3.119809
-14.248544 -3.323985
-14.464297 -3.484397
-14.810881 -3.742081
-15.079000 -3.941426
-15.477970 -4.238059
-15.844262 -4.510396
-16.171273 -4.753527
-16.465549 -4.972320
-16.661705 -5.118162
-16.988676 -5.361263
-17.243694 -5.550868
-17.452967 -5.706462
-17.734157 -5.915525
-18.008806 -6.119726
-18.257319 -6.304495
-18.473119 -6.464941
-18.715133 -6.644877
-18.904793 -6.785889
-19.133668 -6.956056
-19.427969 -7.174868
-19.650288 -7.340162
-19.951090 -7.563807
-20.389060 -7.889436
-20.631019 -8.069331
-21.153900 -8.458091
-21.415493 -8.652585
-21.683624 -8.851939
-21.912463 -9.022080
-22.108601 -9.167908
-22.357075 -9.352647
-22.605536 -9.537377
-22.880160 -9.741559
-23.180916 -9.965170
-23.462130 -10.174251
-23.690956 -10.344383
-23.932860 -10.524238
-24.148646 -10.684674
-24.351336 -10.835372
-24.573690 -11.000692
-24.959478 -11.287524
-25.136060 -11.418812
-25.351864 -11.579262
-25.626497 -11.783450
-25.848897 -11.948803
-26.058216 -12.104431
-26.254488 -12.250359
-26.058011 -4.316498
-25.822443 2.417866
-25.527992 2.434672
-25.286035 2.448481
-25.037529 2.462665
-24.782493 2.477221
-24.494773 2.493642
-24.265905 2.506705
-23.978193 2.523126
-23.710085 2.538428
-23.448514 2.553357
-23.147727 2.570524
-22.879592 2.585828
-22.650743 2.598889
-22.376107 2.614564
-22.134148 2.628374
-21.885670 2.642556
-21.617540 2.657859
-21.355992 2.672787
-21.061724 2.689582
-20.780546 2.705630
-20.558224 2.718319
-20.270462 2.734743
-19.995827 2.750418
-19.747361 2.764599
-19.492318 2.779155
-19.230745 2.794084
-18.936479 2.810880
-18.661804 2.826556
-18.426415 2.839991
-18.190986 2.853428
-17.857455 2.872464
-17.602413 2.887021
-17.327770 2.902696
-17.066202 2.917625
-16.817688 2.931809
-16.516858 2.948978
-16.222575 2.965774
-15.980625 2.979584
-15.679788 2.996754
-15.411628 3.012059
-15.091207 3.030347
-14.849221 3.044158
-14.600682 3.058343
-14.312976 3.074764
-14.031735 3.090816
-13.770140 3.105746
-13.502030 3.121048
-13.233908 3.136351
-12.965773 3.151655
-12.678029 3.168078
-12.429515 3.182262
-12.109107 3.200549
-11.860594 3.214733
-11.605578 3.229288
-11.285156 3.247575
-11.017060 3.262877
-10.768546 3.277061
-10.506977 3.291990
-10.238880 3.307291
-9.938068 3.324460
-9.696107 3.338270
-9.414929 3.354318
-9.166428 3.368501
-8.872169 3.385296
-8.604047 3.400599
-8.388248 3.412915
-8.094002 3.429709
-7.773556 3.447999
-7.531621 3.461807
-7.224268 3.479349
-6.982320 3.493158
-6.688061 3.509953
-6.485382 3.521521
-6.197651 3.537943
-5.962256 3.551378
-5.713768 3.565560
-5.412918 3.582731
-5.098999 3.600648
-4.778578 3.618936
-4.523562 3.633491
-4.268546 3.648045
-3.967696 3.665216
-3.568941 3.687975
-3.261589 3.705517
-3.013088 3.719700
-2.744978 3.735002
-2.483409 3.749931
-2.221865 3.764859
-1.921040 3.782028
-1.633309 3.798451
-1.358671 3.814125
-1.097115 3.829054
-0.842099 3.843609
-0.567474 3.859283
-0.325514 3.873092
-0.063945 3.888021
0.256464 3.906309
0.531114 3.921984
0.805751 3.937659
1.073836 3.952960
1.322337 3.967143
1.577353 3.981698
1.865097 3.998121
2.126653 4.013049
2.388222 4.027978
2.643226 4.042532
2.904807 4.057462
3.185998 4.073510
3.408324 4.086200
3.696005 4.102619
3.885667 4.113444
4.193019 4.130986
4.461129 4.146288
4.689996 4.159350
5.010417 4.177638
5.271960 4.192566
5.533530 4.207495
5.801639 4.222797
6.095924 4.239593
6.357480 4.254521
6.632105 4.270195
6.939458 4.287738
7.201027 4.302666
7.482205 4.318715
7.730681 4.332896
8.018386 4.349317
8.279968 4.364247
8.567699 4.380669
8.842337 4.396344
9.117000 4.412020
9.358973 4.425830
9.666326 4.443372
9.954031 4.459793
10.215601 4.474722
10.529494 4.492637
10.817250 4.509061
11.065751 4.523244
11.294631 4.536307
11.621618 4.554970
11.870106 4.569152
12.105488 4.582586
12.399785 4.599383
12.687516 4.615805
12.949110 4.630736
13.269544 4.649024
13.478777 4.660966
13.799172 4.679253
14.073835 4.694929
14.283093 4.706872
14.583893 4.724040
14.819300 4.737476
15.100516 4.753526
15.342476 4.767336
15.623642 4.783384
15.891764 4.798687
16.225279 4.817722
16.486810 4.832649
16.735298 4.846831
17.016476 4.862879
17.304207 4.879301
17.565751 4.894229
17.853419 4.910647
18.134571 4.926694
18.396039 4.941617
18.644426 4.955794
18.905906 4.970717
19.180454 4.986387
19.481140 5.003549
19.729526 5.017725
19.951776 5.030410
20.239406 5.046826
20.468209 5.059885
20.723212 5.074439
21.037055 5.092352
21.272449 5.105787
21.579713 5.123324
21.821635 5.137131
22.096260 5.152806
22.390456 5.169597
22.612744 5.182284
23.018217 5.205426
23.273207 5.219979
23.547845 5.235654
23.835551 5.252075
24.129784 5.268868
24.352085 5.281556
24.692140 5.574661
24.907926 5.838929
25.254445 6.263304
25.568338 6.647723
25.790652 6.919986
26.163346 7.376416
26.405281 7.672709
26.732255 8.073148
27.039570 8.449509
27.327276 8.801857
27.608454 9.146209
27.928887 9.538638
28.242755 9.923025
28.478162 10.211324
28.772422 10.571696
29.112464 10.988139
29.406672 11.348450
29.733608 11.748842
30.014748 12.093148
30.328616 12.477535
30.616347 12.829914
30.943283 13.230306
31.211368 13.558623
31.557925 13.983045
31.852184 14.343418
32.120281 14.671750
32.512584 15.152196
32.878789 15.600679
33.166494 15.953026
33.388821 16.225304
33.212265 10.404023
33.035723 4.583160
32.728395 1.130625
32.453732 1.108335
32.120218 1.081270
31.734366 1.049957
31.322150 1.016505
31.060352 0.995259
30.752771 0.970298
30.451908 0.945882
30.210011 0.926252
29.902747 0.901317
29.582440 0.875323
29.255453 0.848787
28.889249 0.819069
28.562313 0.792537
28.281198 0.769724
27.973934 0.744789
27.653564 0.718790
27.372361 0.695969
27.078115 0.672091
26.731557 0.643967
26.437285 0.620086
26.110311 0.593551
25.750685 0.564366
25.495644 0.543669
25.181763 0.518197
24.926760 0.497503
24.632501 0.473623
24.357851 0.451335
24.122456 0.432232
23.854346 0.410474
23.579722 0.388187
23.298531 0.365368
23.056596 0.345735
22.788461 0.323975
22.526904 0.302749
22.245726 0.279930
21.977604 0.258172
21.716060 0.236947
21.454466 0.215718
21.186369 0.193961
20.905203 0.171144
20.650149 0.150445
20.414742 0.131342
20.074712 0.103747
19.826237 0.083583
19.590791 0.064476
19.316167 0.042189
19.008827 0.017248
18.786488 -0.000795
18.511825 -0.023085
18.217566 -0.046965
17.975631 -0.066598
17.707496 -0.088358
17.419790 -0.111706
17.132046 -0.135057
16.916260 -0.152569
16.589286 -0.179104
16.308083 -0.201924
16.059556 -0.222093
15.758731 -0.246505
15.484018 -0.268799
15.189721 -0.292682
14.928139 -0.313910
14.646948 -0.336729
14.372311 -0.359017
14.123810 -0.379183
13.836078 -0.402533
13.548373 -0.425881
13.260642 -0.449231
12.972923 -0.472580
12.685179 -0.495932
12.443206 -0.515568
12.188215 -0.536261
11.900497 -0.559610
11.599672 -0.584023
11.338103 -0.605250
11.076559 -0.626475
10.828071 -0.646641
10.507663 -0.672642
10.265702 -0.692278
10.017239 -0.712442
9.768751 -0.732607
9.481033 -0.755956
9.160599 -0.781960
8.912123 -0.802124
8.624418 -0.825472
8.375917 -0.845639
8.081658 -0.869519
7.807008 -0.891807
7.551991 -0.912502
7.303478 -0.932670
6.996163 -0.957609
6.721526 -0.979897
6.459969 -1.001123
6.139574 -1.027124
5.904192 -1.046225
5.675363 -1.064795
5.413807 -1.086021
5.139182 -1.108308
4.929950 -1.125288
4.629175 -1.149696
4.367644 -1.170920
4.099535 -1.192678
3.824910 -1.214964
3.530638 -1.238845
3.262516 -1.260604
3.027134 -1.279706
2.752458 -1.301996
2.471268 -1.324816
2.183562 -1.348164
1.967776 -1.365675
1.647342 -1.391679
1.385773 -1.412906
1.130732 -1.433604
0.869175 -1.454829
0.633768 -1.473933
0.319900 -1.499405
0.064846 -1.520103
-0.209791 -1.542390
-0.484442 -1.564679
-0.726364 -1.584311
-1.027189 -1.608724
-1.275690 -1.628891
-1.550327 -1.651178
-1.792237 -1.670810
-2.079968 -1.694160
-2.335022 -1.714858
-2.583510 -1.735023
-2.864676 -1.757841
-3.165488 -1.782252
-3.420529 -1.802950
-3.695141 -1.825235
-3.963251 -1.846993
-4.250957 -1.870341
-4.532185 -1.893163
-4.780648 -1.913327
-5.061826 -1.936145
-5.382235 -1.962147
-5.637289 -1.982845
-5.931535 -2.006724
-6.193104 -2.027951
-6.467754 -2.050239
-6.716230 -2.070404
-6.938569 -2.088447
-7.245921 -2.113390
-7.514031 -2.135147
-7.775600 -2.156374
-7.997939 -2.174418
-8.292224 -2.198300
-8.579942 -2.221649
-8.821890 -2.241283
-9.129217 -2.266224
-9.403893 -2.288514
-9.672002 -2.310272
-9.946602 -2.332557
-10.214712 -2.354314
-10.495904 -2.377134
-10.790157 -2.401013
-11.077863 -2.424361
-11.345973 -2.446119
-11.601004 -2.466815
-11.882201 -2.489635
-12.137229 -2.510331
-12.392252 -2.531027
-12.647280 -2.551723
-12.954598 -2.576663
-13.196547 -2.596298
-13.477738 -2.750894
-13.752382 -2.955091
-13.961605 -3.110648
-14.210082 -3.295389
-14.458586 -3.480150
-14.785555 -3.723251
-15.034042 -3.908000
-15.308682 -4.112194
-15.563713 -4.301808
-15.851441 -4.515734
-16.093379 -4.695613
-16.354955 -4.890094
-16.609977 -5.079702
-16.851949 -5.259607
-17.100400 -5.444330
-17.348891 -5.629081
-17.623533 -5.833277
-17.858956 -6.008313
-18.146662 -6.222221
-18.454032 -6.450750
-18.735210 -6.659805
-18.990215 -6.849400
-19.258337 -7.048747
-19.519896 -7.243216
-19.781451 -7.437681
-20.049562 -7.637020
-20.258834 -7.792613
-20.546578 -8.006550
-20.814723 -8.205915
-21.056716 -8.385835
-21.285625 -8.556029
-21.514538 -8.726224
-21.756488 -8.906113
-21.965726 -9.061681
-22.194580 -9.231833
-22.488811 -9.450592
-22.737235 -9.635295
-22.939870 -9.785953
-23.260225 -10.024136
-23.547845 -10.237980
-23.822433 -10.442135
-24.031604 -10.597653
-24.299638 -10.796935
-24.574200 -11.001071
-24.855331 -11.210091
-25.103774 -11.394807
-25.365307 -11.589257
-25.613727 -11.773956
-25.836019 -11.939229
-26.097591 -12.133706
-26.365662 -12.333017
-26.620625 -12.522580
-26.823292 -12.673262
-27.104462 -12.882311
-27.333277 -13.052434
-27.065180 -2.226493
-26.705452 2.427619
-26.417701 2.443704
-26.156094 2.458327
-25.691796 2.484281
-25.417154 2.499633
-25.122894 2.516082
-24.854774 2.531070
-24.625922 2.543862
-24.397049 2.556656
-24.135472 2.571278
-23.795434 2.590286
-23.468481 2.608562
-23.233071 2.621721
-22.951881 2.637439
-22.736092 2.649502
-22.520286 2.661565
-22.252193 2.676551
-21.997152 2.690808
-21.742109 2.705064
-21.474007 2.720051
-21.199363 2.735403
-20.937789 2.750025
-20.663145 2.765377
-20.401563 2.779999
-20.113850 2.796082
-19.858808 2.810339
-19.584137 2.825693
-19.302978 2.841409
-19.015244 2.857493
-18.753659 2.872115
-18.498617 2.886372
-18.210884 2.902456
-17.936238 2.917808
-17.700800 2.930969
-17.406523 2.947419
-17.144950 2.962040
-16.909541 2.975200
-16.628349 2.990918
-16.307935 3.008829
-16.052898 3.023085
-15.745540 3.040266
-15.470920 3.055617
-15.209350 3.070238
-14.954339 3.084493
-14.653506 3.101309
-14.405026 3.115199
-14.117244 3.131286
-13.901420 3.143350
-13.626744 3.158704
-13.358647 3.173691
-13.044729 3.191238
-12.796266 3.205127
-12.521603 3.220481
-12.253493 3.235468
-11.998477 3.249723
-11.776139 3.262151
-11.534178 3.275677
-11.207204 3.293954
-10.932541 3.309307
-10.638333 3.325753
-10.357091 3.341474
-10.069398 3.357556
-9.833991 3.370715
-9.559341 3.386068
-9.278150 3.401786
-9.029662 3.415676
-8.761552 3.430663
-8.493443 3.445650
-8.212264 3.461368
-7.957249 3.475623
-7.702220 3.489879
-7.447178 3.504135
-7.179094 3.519121
-6.884810 3.535571
-6.623266 3.550191
-6.348616 3.565544
-6.119749 3.578337
-5.851639 3.593324
-5.590070 3.607946
-5.380825 3.619642
-5.047310 3.638285
-4.831537 3.650347
-4.530725 3.667162
-4.262615 3.682149
-3.987978 3.697501
-3.739477 3.711392
-3.477920 3.726013
-3.229445 3.739902
-2.915552 3.757448
-2.660523 3.771704
-2.353196 3.788884
-2.098154 3.803140
-1.823517 3.818492
-1.594650 3.831285
-1.306919 3.847369
-1.006119 3.864184
-0.757618 3.878075
-0.509143 3.891964
-0.254102 3.906221
0.033604 3.922303
0.321323 3.938386
0.563258 3.951910
0.831380 3.966898
1.092949 3.981519
1.334872 3.995043
1.622603 4.011126
