0.000000 0.000000
0.000000 -0.000000
0.427914 6.874140
0.156756 -0.028866
-0.235141 -0.742389
0.033896 1.786505
0.593141 5.951563
0.188531 -0.362844
-0.281749 -1.046885
-0.614337 -1.530647
0.186411 5.244036
0.821931 9.743893
1.440497 14.123702
2.054835 18.473566
2.609863 22.403488
2.328113 11.595787
1.853603 -0.174415
1.160882 -0.875982
0.425793 -1.620458
-0.290220 -2.345615
-0.631279 -2.691029
-1.633284 -3.705829
-2.366251 -4.448156
-3.003893 -5.093940
-2.048497 4.056486
-1.313409 8.004424
-0.565607 12.020637
0.173711 15.991288
0.720242 18.926543
1.082497 20.872104
1.573962 23.511610
2.105685 26.367336
2.618334 29.120613
2.353539 18.963320
1.849361 6.128211
1.158748 -0.732894
0.419443 -1.506469
-0.326238 -2.286714
-1.110043 -3.106852
-1.859953 -3.891522
-2.393785 -4.450099
-3.061081 -5.880397
-2.319642 2.733784
-1.631175 6.420960
-0.959637 10.017470
-0.216078 13.999702
0.463918 17.641512
0.840994 19.660991
1.262571 21.918799
1.713776 24.335291
2.184057 26.853943
2.633167 29.259212
2.362010 18.857942
1.855711 5.968842
1.158761 -0.743147
0.413080 -1.521853
-0.343179 -2.311608
-1.124877 -3.127927
-1.876908 -3.913265
-2.567508 -4.634453
-3.061081 -5.887489
-2.762390 0.361112
-2.012480 4.377490
-1.258329 8.416586
-0.468160 12.648584
0.288099 16.698972
0.885495 19.898511
1.254087 21.872623
1.760385 24.584263
2.279383 27.363922
2.828061 30.302541
3.402140 33.377198
3.980472 36.474641
4.573613 39.651395
5.162537 42.805566
5.762028 46.016328
6.266218 51.442972
5.920918 38.197802
5.399786 18.208015
4.806645 3.108121
4.370248 -0.361856
3.724135 -0.783226
3.001759 -1.254331
2.277262 -1.726820
1.546428 -2.203442
0.834644 -2.667640
0.103797 -3.144270
-0.633413 -3.625049
-1.362138 -4.100296
-2.063318 -4.557578
-2.376843 -4.762047
-3.145828 -8.644288
-3.743211 -18.901645
-4.313060 -33.408593
-4.810887 -46.082047
-5.141341 -54.494590
-5.440045 -62.098856
-5.965406 -75.473247
-6.310706 -84.263740
-5.482412 -63.200636
-5.007889 -51.133757
-4.310939 -33.410650
-3.546208 -13.963934
-2.777211 1.156909
-2.008238 5.202995
-1.258329 9.148780
-0.512661 13.072245
0.249974 17.084987
0.999884 21.030772
1.756156 25.010035
2.486990 28.855451
3.075902 31.954116
3.586442 34.640414
4.158412 37.649937
4.736732 40.692871
5.215484 43.211911
5.675186 45.630715
6.069203 47.703909
6.444158 57.646136
6.905968 73.223675
6.537363 59.084920
6.005652 38.689825
5.397665 15.368966
4.948580 3.950795
4.251617 -2.621547
3.512299 -5.221805
2.764498 -7.851901
2.025180 -10.452159
1.256208 -13.156715
0.499935 -15.816604
-0.269037 -18.521160
-1.027430 -21.188508
-1.764627 -23.781307
-2.440394 -26.158050
-2.982709 -28.065430
-3.694481 -30.568805
-4.378731 -42.216382
-4.988827 -55.871295
-5.490883 -67.108123
-5.887034 -75.974621
-6.329769 -85.883735
-5.501475 -64.824003
-4.901971 -49.581369
-4.344835 -35.415939
-3.592805 -16.295240
-2.821711 0.688296
-2.056968 4.731384
-1.302817 8.718475
-0.552907 12.683140
0.222428 16.782225
0.976579 20.769316
1.734960 24.778765
2.478519 28.709858
2.855595 30.703404
3.186062 32.450534
3.649993 34.903271
4.202900 37.826412
4.812995 41.051899
5.391315 44.109394
5.836183 46.461349
6.270460 51.736472
6.643294 64.319517
6.971640 75.401102
6.649644 63.050621
6.156058 44.118639
5.560797 21.286763
5.272697 10.236409
4.503699 -1.787845
3.796170 -4.307075
3.082265 -6.849005
2.362010 -9.413545
1.612087 -12.083718
0.874903 -14.708536
0.167348 -17.227856
-0.584683 -19.905536
-1.313409 -22.500237
-1.999767 -24.944086
-2.671305 -27.335164
-3.135224 -28.986991
-3.823703 -31.438392
-4.488879 -44.783087
-5.069319 -57.793048
-5.586209 -69.378586
-5.978119 -78.162815
-6.384849 -87.279238
-5.493004 -64.604219
-4.910442 -49.792677
-4.302468 -34.335020
-3.525012 -14.568321
-2.745448 1.092097
-1.976476 5.157536
-1.211732 9.200616
-0.459702 13.176486
0.332588 17.365199
1.099452 21.419492
1.866303 25.473718
2.588679 29.292809
2.936100 31.129572
3.332226 33.223827
3.819462 35.799767
4.402023 38.879681
5.014239 42.116374
5.598909 45.207435
6.054382 47.615449
6.450520 57.816427
6.821233 70.327470
7.198309 83.053245
7.575372 95.778591
7.943990 108.218914
8.443925 125.091034
8.890902 140.175863
9.424746 159.960110
9.954349 180.272793
9.384500 158.420618
8.884552 139.248950
8.291411 116.503597
7.891018 101.149608
7.213130 75.154432
6.497117 47.697249
5.770512 19.833899
5.037544 1.198375
4.287634 -3.356053
3.556787 -5.896038
2.834411 -8.406583
2.118385 -10.895059
1.374839 -13.479181
0.669404 -15.930846
-0.040259 -18.397209
-0.739318 -20.826717
-1.090981 -22.048887
-1.970113 -25.104221
-2.677655 -27.563214
-3.370364 -29.970653
-4.067327 -35.538443
-4.713440 -49.978395
-5.249393 -61.956388
-5.709082 -72.229970
-6.300114 -85.438943
-6.908089 -99.467441
-7.227976 -107.610584
-7.585977 -116.723935
-8.119808 -130.313298
-8.704491 -145.197132
-9.284932 -159.972987
-9.867494 -174.802831
-9.376016 -162.316412
-8.757450 -146.601185
-8.094396 -129.755699
-7.594460 -117.054391
-6.859372 -98.378807
-6.107341 -79.272801
-5.368023 -60.489772
-4.611751 -41.275999
-3.832187 -21.470478
-3.075915 -2.256705
-2.315413 4.256222
-1.567612 8.994833
-0.815581 13.760244
-0.065672 18.512214
0.667296 23.156829
1.429918 27.989357
2.056955 31.962718
2.707310 36.083834
3.317405 39.949840
3.997401 44.258788
4.707077 48.755810
5.389194 53.078197
6.060732 57.333548
6.689890 67.999453
7.274573 88.097276
7.734275 103.899024
8.236318 121.156226
8.666366 135.938633
9.034958 148.608582
9.352725 159.531464
9.623869 168.851776
10.058146 184.185787
10.384384 196.676652
9.784867 173.728851
9.282811 154.511539
8.649411 130.266769
8.312594 117.374370
7.507592 86.561141
6.770395 58.343309
6.028957 29.963112
5.291747 1.744794
4.514304 -4.496511
3.764394 -9.103917
3.022956 -13.659279
2.266683 -18.305777
1.506169 -22.978337
0.779564 -27.442562
0.065659 -31.828758
-0.669417 -36.345027
-1.372730 -40.666148
-1.936217 -44.128179
-2.660713 -48.579451
-3.380969 -53.004662
-4.122395 -57.559945
-4.861725 -62.102354
-5.558676 -74.475634
-6.223851 -90.152715
-6.867843 -105.330534
-7.401687 -117.912367
-7.893152 -129.495377
-8.234210 -137.533562
-8.539251 -144.722882
-8.810409 -151.113621
-9.109100 -158.153282
-9.490405 -167.140007
-9.962820 -178.274039
-9.473463 -165.843679
-8.871852 -150.561873
-8.219389 -133.988382
-7.816888 -123.764272
-7.075449 -104.930658
-6.338253 -86.204791
-5.596814 -67.371177
-4.865967 -48.806609
-4.103345 -29.434901
-3.368256 -10.762585
-2.616225 2.247709
-1.889608 7.222038
-1.160882 12.210800
-0.406730 17.373620
0.285979 22.115813
1.014705 27.104574
1.798523 32.470493
2.381072 36.458546
3.016593 40.809236
3.635172 45.043945
4.277030 49.438020
4.959160 54.107790
5.634939 58.734088
6.306464 63.331260
6.931393 77.134619
7.533005 97.954525
8.018132 114.743270
8.494763 131.237984
8.901506 145.314088
9.236215 156.897307
9.570911 168.480086
9.924694 180.723444
10.500881 201.088369
10.820768 213.325442
10.458526 199.473025
10.075088 184.810045
9.526435 163.829143
8.918448 140.579249
8.551964 126.564622
7.770279 96.672386
7.035190 68.562028
6.291644 40.128222
5.550205 11.775035
4.804524 -2.728824
4.033418 -7.535571
3.258083 -12.368681
2.537841 -16.858367
1.811223 -21.387795
1.071905 -25.996389
0.345300 -30.525737
-0.385559 -35.081607
-1.112152 -39.610876
-1.692605 -43.229177
-2.381085 -47.520868
-3.097098 -51.984192
-3.830053 -56.553123
-4.577855 -61.214600
-5.312943 -68.819284
-6.005652 -85.161690
-6.647536 -100.305023
-7.310590 -115.947820
-7.827467 -128.142005
-8.301990 -139.336961
-8.647290 -147.483296
-8.992591 -155.629631
-9.297645 -162.826475
-9.623882 -170.523082
-10.034842 -180.218446
-9.496768 -166.551097
-8.867610 -150.570157
-8.210906 -133.889527
-7.882560 -125.549373
-7.037311 -104.079622
-6.285281 -84.977657
-5.539613 -66.037307
-4.798174 -47.204379
-4.029189 -27.671761
-3.272930 -8.462374
-2.514537 3.114107
-1.773111 8.543756
-1.046493 13.864960
-0.288099 19.418863
0.444856 24.786477
1.173594 30.123213
1.982826 36.049417
2.578087 40.408667
3.213608 45.062745
3.853358 49.747793
4.516412 54.603505
5.213363 59.707449
5.878538 64.578694
6.556426 69.543037
7.191947 87.010861
7.816888 108.753857
8.331657 126.663727
8.791346 142.657255
9.198077 156.808231
9.556077 169.263794
9.897148 181.130358
10.229736 192.701761
10.498772 202.062102
10.839831 213.993577
11.204194 227.919651
11.604574 243.222314
12.134177 256.794351
12.591745 254.108908
13.081089 251.236978
13.640359 247.954654
13.165836 229.832901
12.731572 213.248615
12.189257 192.537902
11.640591 171.584685
11.125822 151.925949
10.458514 126.441809
9.729800 98.612666
8.986241 70.216552
8.255394 42.305929
7.492771 13.181821
6.770395 -2.005305
6.037428 -5.901906
5.308689 -9.776024
4.563021 -13.740141
3.830066 -17.636675
3.128874 -21.364352
2.417089 -25.148337
1.690472 -29.011181
0.959637 -32.896439
0.351650 -36.128619
-0.264808 -39.405831
-1.002005 -43.324915
-1.743443 -47.266549
-2.444623 -50.994159
-3.143695 -54.710561
-3.874554 -58.595954
-4.594809 -62.424972
-5.300231 -70.129860
-6.003531 -86.520629
-6.651765 -101.628030
-7.302119 -116.784859
-7.766050 -127.597001
-8.189722 -137.470887
-8.662111 -148.480152
-8.977757 -155.836434
-9.255265 -162.303888
-9.524314 -168.574220
-9.939515 -178.250688
-10.380142 -188.519707
-10.873727 -200.406286
-11.456289 -215.235209
-12.066384 -230.764991
-12.682830 -246.456411
-13.309879 -246.595153
-13.936929 -238.927333
-14.534312 -231.622295
-14.172070 -222.426790
-13.684834 -210.058330
-13.059905 -194.194527
-12.432868 -178.277207
-11.833365 -163.058828
-11.096155 -144.344782
-10.356837 -125.577220
-9.596336 -106.271913
-8.842185 -87.127800
-8.102867 -68.360238
-7.350836 -49.269965
-6.600914 -30.233208
-5.857367 -11.358290
-5.141354 1.552155
-4.363898 6.045299
-3.613988 10.379245
-2.855595 14.762220
-2.525128 16.672083
-2.027301 19.549172
-1.298575 23.760692
-0.639763 27.568161
0.097434 31.828637
0.811339 35.954502
1.508290 39.982383
2.230666 44.157204
2.942450 48.270812
3.635172 52.274251
4.344835 56.375602
5.088382 60.672776
5.802287 64.798642
6.497117 68.814265
7.164426 72.670837
7.840180 76.576218
8.492655 80.347062
9.068854 92.267022
9.541269 108.234576
10.087801 126.707282
10.492422 140.383455
10.949991 155.849206
11.344008 169.166948
11.689321 180.838484
11.998592 191.291784
12.329071 202.461947
12.640475 212.987363
13.062026 227.235737
13.360730 237.331895
13.646709 246.746038
14.070393 244.259457
13.515378 223.182150
13.091681 207.091786
12.540920 186.176049
11.909628 162.202072
11.627879 151.502331
10.738155 117.714110
10.030612 90.844427
9.295524 62.928643
8.571039 35.415577
7.806296 6.373632
7.058495 -2.476828
6.340361 -5.543710
5.622227 -8.610591
4.912563 -11.641297
4.166883 -14.825819
3.463582 -17.829351
2.747556 -20.887230
2.018830 -23.999345
1.285862 -27.129575
0.580428 -30.142220
-0.129223 -33.172871
-0.485115 -34.692753
-1.404506 -38.619127
-2.124761 -41.695067
-2.840761 -44.752836
-3.556800 -47.810769
-4.257980 -50.805244
-5.010010 -54.016884
-5.730265 -57.092824
-6.416624 -60.024004
-7.160171 -63.199414
-7.880439 -66.275408
-8.598573 -69.342289
-9.261627 -72.173945
-9.850552 -85.328929
-10.399204 -97.853356
-10.873727 -108.685574
-11.288928 -118.163621
-11.829123 -130.494967
-12.138406 -137.555159
-12.454052 -144.760597
-12.869266 -154.238933
-13.369201 -165.651263
-13.837361 -176.338236
-14.301292 -186.928669
-14.746148 -197.083657
-14.335176 -186.653301
-13.843711 -174.180065
-13.195478 -157.728080
-12.483706 -139.663515
-11.958345 -126.330000
-11.223269 -107.673974
-10.481818 -88.856142
-9.729800 -69.770137
-8.977770 -50.683810
-8.238452 -31.920128
-7.497013 -13.102618
-6.736512 1.225579
-5.990819 4.967442
-5.272684 8.571015
-4.510075 12.397764
-3.751682 16.203355
-2.989059 20.030168
-2.230679 23.835695
-1.951050 25.238862
-1.436281 27.821956
-0.688492 31.574334
-0.012713 34.965374
0.724497 38.664666
1.432027 42.215026
2.175586 45.946183
2.883129 49.496607
3.561017 52.898225
4.266438 56.438006
4.984585 60.041643
5.690019 63.581488
6.397562 67.131911
7.098754 70.650471
7.789342 74.115817
8.509597 77.730033
9.128176 80.834041
9.712846 99.320334
10.265753 117.685086
10.788993 135.064445
11.274107 151.177473
11.693550 165.109223
12.121477 179.322755
12.492177 191.635525
12.841719 203.245527
13.153123 213.588777
13.492061 224.846552
14.064044 243.844892
14.358493 242.364967
13.780160 220.424363
13.333197 203.467589
12.765456 181.928814
12.140527 158.220455
11.871490 148.013820
10.990237 114.581117
10.246678 86.372183
9.503131 58.163731
8.804059 31.642573
8.054137 3.192253
7.289394 -2.732974
6.571259 -5.616674
5.859488 -8.474824
5.156175 -11.299010
4.408386 -14.301789
3.692373 -17.176973
2.967863 -20.086274
2.258200 -22.935958
1.518895 -25.904671
0.802869 -28.779906
0.091097 -31.638056
-0.631279 -34.538789
-1.167232 -36.690931
-1.881137 -39.557649
-2.586558 -42.390301
-3.294101 -45.231469
-4.037673 -48.217317
-4.774870 -51.177564
-5.495125 -54.069780
-6.213259 -56.953480
-6.929272 -59.828664
-7.668603 -62.797479
-8.388845 -65.689644
-9.077338 -68.454316
-9.742513 -72.246747
-10.373779 -86.564827
-10.935157 -99.297739
-11.416030 -110.204668
-11.810060 -119.141874
-12.129935 -126.397124
-12.509119 -134.997594
-12.858661 -142.925742
-13.157352 -149.700516
-13.566216 -158.974171
-14.019543 -169.256307
-14.464411 -179.346599
-14.883854 -188.860204
-14.453819 -177.946681
-13.941158 -164.936251
-13.295058 -148.539377
-12.589624 -130.636701
-12.098160 -118.164195
-11.390617 -100.208016
-10.640708 -81.176633
-9.886556 -62.037599
-9.151468 -43.382344
-8.420621 -24.834738
-7.683424 -6.125980
-6.920801 2.480551
-6.183605 5.988860
-5.452758 9.466949
-4.702848 13.035758
-3.938105 16.675160
-3.192424 20.223842
-2.446757 23.772464
-1.730731 27.180022
-0.913028 31.071454
-0.177952 34.569670
0.468173 37.644570
1.215961 41.203286
1.948917 44.691408
2.645880 48.008246
3.330118 51.264525
4.027068 54.581302
4.751553 58.029112
5.429453 61.255231
6.139117 64.632508
6.833946 67.939192
7.537247 71.286189
8.242681 74.643340
8.886673 77.708087
9.522193 82.764553
10.138639 103.088654
10.668254 120.549987
11.238090 139.337397
11.704142 154.703052
12.127827 168.671868
12.519723 181.592635
12.911633 194.513820
13.269633 206.317032
13.591642 216.933600
14.133944 234.813231
14.445348 241.706816
14.799119 239.630553
15.307539 236.646670
15.820199 233.637892
16.398519 230.243765
16.987418 226.787550
17.548809 223.492779
18.116537 220.160814
17.616589 201.216048
17.188675 185.000915
16.648494 164.531559
16.046856 141.733449
15.644355 126.481290
14.936813 99.670062
14.197495 71.654754
13.424281 42.354998
12.678613 14.099067
11.943525 -1.163762
11.157598 -3.683288
10.382263 -6.168859
9.647174 -8.525408
8.943861 -10.780092
8.219376 -13.102645
7.441921 -15.595015
6.713195 -17.931167
5.995060 -20.233363
5.259984 -22.589872
4.482528 -25.082242
3.749561 -27.431992
3.027197 -29.747746
2.313292 -32.036385
1.709534 -33.971914
0.989292 -36.280869
0.247853 -38.657775
-0.493598 -41.034721
-1.239266 -43.425185
-1.978584 -45.795292
-2.707310 -48.131444
-3.436036 -50.467595
-4.179595 -52.851300
-4.933747 -55.268961
-5.662485 -57.605153
-6.361544 -59.846198
-7.126288 -62.297813
-7.861364 -64.654322
-8.556206 -66.881849
-9.200197 -68.946359
-9.772155 -72.832110
-10.312349 -84.764084
-10.746626 -94.356510
-11.079213 -101.702803
-11.445697 -109.797806
-11.786756 -117.331206
-12.136298 -125.051994
-12.481585 -132.678808
-12.901028 -141.943585
-13.394614 -152.846046
-13.862787 -163.187184
-14.354251 -174.042798
-14.818182 -184.290241
-15.265159 -194.163189
-15.909150 -208.387864
-16.584917 -206.065895
-17.250105 -207.228385
-17.947043 -209.689997
-18.646115 -212.159145
-19.268923 -214.358928
-18.944819 -206.136823
-18.510542 -195.119782
-17.944935 -180.771048
-17.250093 -163.143783
-16.754386 -150.568344
-16.051073 -132.726182
-15.296934 -113.594645
-14.566087 -95.053991
-13.822540 -76.191155
-13.074739 -57.220387
-12.360846 -39.109847
-11.636350 -20.730285
-10.909745 -2.297240
-10.183127 1.911626
-9.426867 4.184488
-8.696020 6.380975
-7.969402 8.564752
-7.204672 10.863073
-6.461112 13.097766
-5.721794 15.319712
-4.999418 17.490740
-4.221963 19.827306
-3.476295 22.068336
-2.724264 24.328488
-2.014601 26.461310
-1.283754 28.657797
-0.550786 30.860658
0.177952 33.050809
0.885482 35.177218
1.609979 37.354621
2.309038 39.455572
3.014485 41.575722
3.722014 43.702131
4.446511 45.879534
5.177358 48.076021
5.859475 50.126055
6.571259 52.265251
7.263981 54.347156
7.994815 56.543605
8.662124 58.549134
9.295524 60.452754
9.952228 62.426412
10.579265 64.310910
11.210557 66.208193
11.765572 67.876236
12.305767 69.499736
12.803581 70.995868
13.326834 72.782056
13.784402 86.710406
14.278000 101.735504
14.780057 117.018069
15.252459 131.397953
15.659189 143.778794
16.063798 156.095076
16.404869 166.477261
16.822191 179.180517
17.197146 190.594117
17.500092 199.815768
17.870805 211.100248
18.220334 217.971145
18.690615 215.211092
18.135600 194.340878
17.703444 178.090555
17.195025 158.972499
16.572230 135.553562
15.960014 112.532430
15.468524 94.050958
14.782165 68.241846
14.038618 40.282293
13.290817 12.162758
12.540907 -1.160415
11.810060 -3.149092
11.058030 -5.195411
10.284816 -7.299372
9.575152 -9.230407
8.869718 -11.149934
8.143113 -13.127069
7.386841 -15.184930
6.670827 -17.133244
5.944222 -19.110379
5.226075 -21.064498
4.476166 -23.105046
3.755911 -25.064902
3.018714 -27.070857
2.298459 -29.030713
1.580324 -30.984798
0.840994 -32.996560
0.332588 -34.379963
-0.400380 -36.374411
-1.131227 -38.363088
-1.809115 -40.207661
-2.516657 -42.132925
-3.262338 -44.161965
-3.988943 -46.139099
-4.743094 -48.191189
-5.473941 -50.179866
-6.194196 -52.139722
-6.944106 -54.180270
-7.698257 -56.232360
-8.422754 -58.203758
-9.134526 -60.140530
-9.861144 -62.117699
-10.591978 -64.106341
-11.267745 -65.945143
-11.956237 -67.818571
-12.562091 -69.467133
-13.083222 -70.885163
-13.572566 -72.216696
-13.936929 -78.516947
-14.290700 -86.151391
-14.676247 -94.471555
-15.080869 -103.203368
-15.474887 -111.706335
-15.964230 -122.266458
-16.489591 -133.603838
-17.012844 -144.895724
-17.550905 -156.507172
-18.076266 -167.844553
-18.591035 -178.953360
-19.078270 -189.467988
-19.546430 -199.570965
-19.188430 -190.490465
-18.690603 -177.863322
-18.072024 -162.173376
-17.353902 -143.958580
-16.843362 -131.008986
-16.140062 -113.170116
-15.349893 -93.127881
-14.631759 -74.912764
-13.877607 -55.784088
-13.131940 -36.870594
-12.398972 -18.279230
-11.655412 0.063863
-10.922444 2.108148
-10.178898 4.181939
-9.418396 6.303017
-8.674837 8.376843
-7.933398 10.444754
-7.160184 12.601289
-6.412395 14.686910
-5.645531 16.825734
-4.897742 18.911355
-4.230434 20.772514
-3.344951 23.242170
-2.569616 25.404619
-1.821828 27.490241
-1.093089 29.522731
-0.368605 31.543355
0.370726 33.605386
1.129094 35.720513
1.879016 37.812085
2.586558 39.785458
3.289871 41.747035
4.035552 43.826776
4.787570 45.924193
5.473941 47.838519
6.219609 49.918225
6.927164 51.891633
7.647407 53.900426
8.399437 55.997878
9.041320 57.788125
9.744621 59.749666
10.430980 61.663957
11.168190 63.720072
11.841836 65.598906
12.456160 67.312289
13.045097 68.954865
13.589521 70.473291
14.127582 78.211476
14.655063 94.016066
15.127478 108.170714
15.591396 122.070793
16.074390 136.542415
16.572217 151.458487
17.014965 164.724237
17.296714 173.166111
17.680140 184.654443
18.019090 194.810188
18.372849 205.409622
18.690615 214.930656
19.052870 212.804603
18.769000 202.145258
18.427941 189.338497
17.980952 172.554033
17.432299 151.952101
16.820070 128.962880
16.220567 106.451499
15.724861 87.837702
15.036394 61.985737
14.280109 33.587204
13.517486 4.950704
12.778181 -1.617336
12.040972 -3.580118
11.305883 -5.537254
10.560215 -7.522555
9.822993 -9.485371
9.106992 -11.391685
8.410029 -13.247313
7.653769 -15.260815
6.910210 -17.240503
6.196305 -19.141238
5.471820 -21.070140
4.736732 -23.027275
4.001643 -24.984410
3.255962 -26.969745
2.535707 -28.887387
1.813344 -30.810641
1.076147 -32.773389
0.353771 -34.696678
-0.154648 -36.050317
-0.879132 -37.979218
-1.601508 -39.902507
-2.258225 -41.650981
-2.978467 -43.568589
-3.717798 -45.537018
-4.482528 -47.573073
-5.223967 -49.547114
-5.931522 -51.430943
-6.677190 -53.416244
-7.422871 -55.401579
-8.149476 -57.336128
-8.890914 -59.310169
-9.617520 -61.244717
-10.346246 -63.184912
-11.062271 -65.091294
-11.788877 -67.025842
-12.460415 -68.813776
-13.117106 -70.562183
-13.735685 -72.209117
-14.252562 -78.407403
-14.684718 -87.702412
-14.998243 -94.445855
-15.379560 -102.647413
-15.832887 -112.397776
-16.231146 -120.963727
-16.709911 -131.261224
-17.216196 -142.150654
-17.743691 -153.496258
-18.256339 -164.522540
-18.762637 -175.412243
-19.271044 -186.347290
-19.703199 -195.642299
-19.309169 -185.648495
-18.811354 -173.022403
-18.190655 -157.279569
-17.500067 -139.764161
-16.991647 -126.869106
-16.303168 -109.407168
-15.536316 -89.957485
-14.796999 -71.206138
-14.066152 -52.669638
-13.331063 -34.025554
-12.589637 -15.220736
-11.856669 0.356969
-11.132172 2.303653
-10.397084 4.278797
-9.647174 6.293764
-8.897264 8.308731
-8.157947 10.295239
-7.399566 12.332967
-6.639052 14.376427
-5.887022 16.397093
-5.154054 18.366538
-4.382973 20.438390
-3.732619 22.185858
-2.811107 24.661911
-2.071789 26.648419
-1.309167 28.697544
-0.565620 30.695415
0.099568 32.482739
0.853707 34.509069
1.605737 36.529735
2.351405 38.533305
3.078035 40.485722
3.794036 42.409577
4.527017 44.379057
5.251501 46.325707
5.952693 48.209773
6.656007 50.099539
7.376249 52.034792
8.100746 53.981476
8.793455 55.842747
9.445930 57.595913
10.159835 59.514138
10.884319 61.460789
11.581270 63.333458
12.269749 65.183366
12.917983 66.925134
13.542912 68.604285
14.114882 70.141137
14.678381 82.640211
15.193137 97.933862
15.650718 111.528806
16.123120 125.564085
16.570096 138.843964
17.057332 153.319956
17.478896 165.844812
17.819954 175.977818
18.154663 185.922163
18.476658 195.488807
18.836792 206.188552
19.175743 211.887192
19.614236 209.313702
20.173506 206.031378
20.732750 202.749204
21.277186 205.776805
21.883053 209.448777
22.425355 212.735511
22.916833 215.714207
22.399930 196.330188
22.022867 182.190203
21.533510 163.839180
20.997558 143.740780
20.355674 119.669944
20.082408 109.422384
19.243523 77.963895
18.508434 50.397831
17.769116 22.673174
16.991673 2.955300
16.237509 -2.173960
15.513025 -3.872999
14.807590 -5.527362
14.051318 -7.300950
13.318363 -9.019854
12.579045 -10.753681
11.854548 -12.452749
11.125810 -14.161766
10.348366 -15.985003
9.619628 -17.694019
8.903614 -19.373192
8.174888 -21.082179
7.401687 -22.895468
6.664477 -24.624350
5.933630 -26.338310
5.207013 -28.042353
4.478287 -29.751340
3.734727 -31.495114
3.003880 -33.209074
2.512416 -34.361642
1.817573 -35.991166
1.076147 -37.729936
0.332588 -39.473710
-0.406743 -41.207566
-1.167244 -42.991072
-1.900199 -44.709976
-2.635288 -46.433885
-3.378848 -48.177659
-4.029189 -49.702820
-4.787583 -51.481382
-5.524779 -53.210234
-6.245035 -54.899355
-6.994944 -56.658021
-7.730033 -58.381929
-8.471471 -60.120729
-9.193835 -61.814794
-9.920453 -63.518837
-10.649179 -65.227823
-11.318596 -66.797720
-11.949874 -68.278177
-12.570562 -69.733794
-13.078981 -70.926123
-13.462406 -71.825322
-13.773810 -72.555617
-14.176312 -76.786224
-14.619046 -86.116750
-15.040610 -95.001105
-15.468524 -104.019285
-15.976943 -114.734094
-16.534079 -126.475606
-17.089095 -138.172422
-17.661064 -150.226549
-18.197017 -161.521622
-18.735091 -172.861393
-19.228676 -183.263587
-19.675666 -192.683776
-20.215847 -204.067977
-20.866189 -217.773769
-21.537727 -222.178842
-22.221965 -224.595598
-22.887140 -226.945022
-23.558665 -229.316876
-24.158181 -231.434391
-23.836185 -223.270048
-23.384954 -211.828890
-22.810876 -197.272892
-22.124530 -179.870289
-21.469934 -163.272722
-20.906435 -148.984961
-20.169251 -130.293337
-19.432041 -111.601068
-18.660948 -92.049666
-17.902568 -72.820601
-17.159008 -53.967325
-16.415449 -35.114050
-15.635884 -15.347865
-14.894446 0.295653
-14.161478 1.887542
-13.424281 3.488617
-12.636233 5.200131
-11.888432 6.824237
-11.125810 8.480531
-10.373779 10.113822
-9.602686 11.788514
-8.840064 13.444809
-8.088033 15.078099
-7.323290 16.739000
-6.550089 18.418271
-5.793816 20.060774
-5.043907 21.689458
-4.266451 23.377969
-3.486887 25.071058
-2.713672 26.750356
-2.037905 28.218015
-1.273162 29.878916
-0.525374 31.502994
0.237261 33.159316
0.991400 34.797185
1.734972 36.412106
2.457336 37.980965
3.179699 39.549823
3.906330 41.127949
4.660468 42.765818
5.372252 44.311700
6.100978 45.894378
6.823354 47.463263
7.547851 49.036756
8.274444 50.614799
8.950223 52.082485
9.647174 53.596151
10.335666 55.091447
11.106760 56.766139
11.812181 58.298202
12.475248 59.738278
13.144652 61.192118
13.788644 62.590766
14.402981 63.925008
14.998243 65.217822
15.538437 66.391039
16.087115 67.582680
16.633660 68.769688
17.133595 69.855469
17.682274 71.047110
18.213984 82.615666
18.728753 97.097732
19.235052 111.341485
19.713816 124.810632
20.196797 138.398399
20.656499 151.331252
21.097113 163.727098
21.525039 175.766010
21.916949 186.791645
22.260116 196.445998
22.658375 207.650279
23.033342 215.627634
23.493032 218.413672
22.914712 196.902485
22.480435 180.749137
21.972016 161.837981
21.393696 140.326795
20.764525 116.924162
20.410767 103.765761
19.631190 74.768624
18.893981 47.347376
18.152555 19.769296
17.394161 0.542989
16.648481 -2.143039
15.938818 -3.706746
15.210092 -5.312457
14.470761 -6.941534
13.725093 -8.584575
12.998488 -10.185613
12.259170 -11.814662
11.543144 -13.392389
10.801706 -15.026112
10.026371 -16.734523
9.312478 -18.307549
8.596452 -19.885276
7.852905 -21.523644
7.079678 -23.227410
6.344602 -24.847112
5.615864 -26.452851
4.899838 -28.030578
4.160533 -29.659599
3.416973 -31.297995
2.684005 -32.913052
1.946808 -34.537428
1.207478 -36.166506
0.489344 -37.748878
0.031775 -38.757106
-0.707542 -40.386156
-1.468057 -42.061910
-2.188299 -43.648928
-2.923388 -45.268658
-3.662718 -46.897735
-4.327893 -48.363415
-5.084153 -50.029795
-5.785333 -51.574809
-6.545847 -53.250563
-7.285164 -54.879612
-8.032953 -56.527327
-8.770163 -58.151731
-9.509481 -59.780780
-10.250919 -61.414503
-11.013542 -63.094902
-11.733797 -64.681948
-12.466765 -66.297005
-13.187020 -67.884051
-13.867028 -69.382415
-14.553387 -70.894772
-15.216442 -72.355779
-15.883738 -73.826132
-16.445103 -75.063072
-16.911155 -76.089994
-17.273397 -76.888176
-17.629289 -77.672366
-18.095341 -81.746220
-18.607989 -92.430102
-19.057087 -101.789549
-19.573977 -112.561832
-20.122629 -123.996068
-20.692478 -135.872048
-21.275040 -148.012967
-21.870314 -160.418826
-22.429572 -172.074066
-22.976116 -183.464366
-23.469702 -193.750971
-23.969637 -204.169913
-24.452644 -214.236043
-24.092510 -205.106155
-23.609516 -192.861603
-23.018483 -177.878117
-22.346958 -160.854034
-21.666949 -143.614879
-21.141588 -130.296261
-20.410742 -111.768291
-19.684124 -93.347535
-18.942698 -74.551370
-18.184304 -55.325064
-17.464062 -37.065933
-16.743807 -18.806479
-15.983293 0.039488
-15.220671 1.651516
-14.517370 3.138151
-13.773810 4.709884
-13.006946 6.330878
-12.257037 7.916034
-11.500777 9.514613
-10.748747 11.104252
-10.005174 12.676013
-9.251048 14.270081
-8.505368 15.846298
-7.757566 17.426998
-7.011886 19.003214
-6.204788 20.709254
-5.446395 22.312343
-4.709198 23.870627
-3.955047 25.464749
-3.192424 27.076777
-2.436152 28.675383
-1.701076 30.229184
-1.059205 31.585968
-0.288112 33.215901
0.446976 34.769729
1.196886 36.354885
1.967979 37.984819
2.705189 39.543130
3.436036 41.087991
4.149941 42.597041
4.927384 44.240398
5.620106 45.704670
6.323419 47.191331
7.035203 48.695897
7.768158 50.245215
8.505355 51.803499
9.138755 53.142377
9.818764 54.579777
10.522077 56.066438
11.244453 57.593394
11.943525 59.071089
12.638354 60.539817
13.335305 62.013028
14.057681 63.539984
14.771586 65.049034
15.411336 66.401335
16.048977 67.749179
16.678148 69.079118
17.254347 70.297085
17.792421 71.434463
18.319902 73.867929
18.815609 87.704833
19.315544 101.659785
19.817601 115.673940
20.372629 131.166721
20.847152 144.412316
21.262353 156.002034
21.694508 168.065013
22.080055 178.826970
22.459252 189.411677
22.815144 199.345873
23.179507 209.516522
23.560824 218.678972
23.937887 220.964237
23.310850 197.676907
22.859619 180.918783
22.330029 161.250509
21.755938 139.929534
21.092884 115.304572
20.804784 104.604937
19.938352 72.426792
19.203276 45.127039
18.449125 17.118851
17.709807 -0.604076
16.968356 -2.213037
16.239630 -3.794384
15.515133 -5.366554
14.786407 -6.947901
14.051318 -8.543056
13.307771 -10.156564
12.570574 -11.756294
11.854548 -13.310082
11.115230 -14.914413
10.346258 -16.583095
9.613290 -18.173647
8.888794 -19.745817
8.162176 -21.322590
7.405916 -22.963685
6.653873 -24.595631
5.942101 -26.140187
5.213375 -27.721534
4.482528 -29.307483
3.736848 -30.925622
2.993288 -32.539158
2.256092 -34.138887
1.533716 -35.706455
0.802869 -37.292405
0.057201 -38.910516
-0.699071 -40.551639
-1.110043 -41.443455
-1.834528 -43.015597
-2.571737 -44.615354
-3.308934 -46.215083
-4.048252 -47.819414
-4.728261 -49.295044
-5.450624 -50.862584
-6.177242 -52.439357
-6.929272 -54.071275
-7.679182 -55.698591
-8.420621 -57.307525
-9.155709 -58.902679
-9.897148 -60.511613
-10.636466 -62.115945
-11.392738 -63.757068
-12.136298 -65.370604
-12.875616 -66.974936
-13.600100 -68.547078
-14.288580 -70.041090
-15.004593 -71.594850
-15.680373 -73.061303
-16.409098 -74.642650
-17.076382 -76.090666
-17.631410 -77.295086
-18.088978 -78.288017
-18.531726 -81.638815
-18.891847 -89.123033
-19.385432 -99.380972
-19.889610 -109.859034
-20.328128 -118.972539
-20.864081 -130.110974
-21.431809 -141.909782
-22.010116 -153.928449
-22.563023 -165.419241
-23.101109 -176.602017
-23.617987 -187.344018
-24.113681 -197.645770
-24.592445 -207.595694
-24.170881 -196.909164
-23.675175 -184.343140
-23.069321 -168.984916
-22.380854 -151.532462
-21.749575 -135.529711
-21.192439 -121.406456
-20.446746 -102.503333
-19.692595 -83.385797
-18.949048 -64.537083
-18.192775 -45.365783
-17.459820 -26.785567
-16.739565 -8.527294
-15.972701 0.900560
-15.207958 2.500401
-14.487716 4.007147
-13.735685 5.580394
-12.960350 7.202394
-12.221020 8.749072
-11.458410 10.344450
-10.706379 11.917697
-9.941636 13.517538
-9.185364 15.099659
-8.437575 16.664032
-7.687666 18.232841
-7.323303 18.995088
-6.850888 19.983379
-6.086157 21.583194
-5.344719 23.134282
-4.588446 24.716403
-3.817353 26.329529
-3.050502 27.933781
-2.304809 29.493770
-1.544307 31.084737
-0.794410 32.653521
-0.167361 33.965308
0.586791 35.542991
1.347305 37.133986
2.101444 38.711643
2.866187 40.311484
3.597034 41.840415
4.357535 43.431383
5.111687 45.009066
5.817108 46.484807
6.524663 47.965011
7.251268 49.485068
8.005420 51.062752
8.719325 52.556240
9.359075 53.894596
10.053904 55.348178
10.791101 56.890393
11.521948 58.419324
12.233745 59.908402
12.945529 61.397453
13.665771 62.904199
14.388160 64.415435
15.114765 65.935492
15.775711 67.318190
16.464178 68.758462
17.106062 70.101281
17.764874 71.479516
18.353799 72.711545
18.849492 79.312228
19.364274 93.630596
19.849376 107.123433
20.374737 121.736053
20.866214 135.406219
21.368271 149.370637
21.821610 161.980013
22.245295 173.764566
22.622370 184.252715
22.993096 194.564243
23.389222 205.582258
23.709109 214.479752
24.075593 221.677674
24.533161 224.450858
25.075477 226.254818
25.696164 225.193763
26.219404 224.299292
26.823149 223.267199
27.382419 222.311136
27.954389 221.333362
27.450212 202.638111
27.060423 188.184481
26.568959 169.960626
26.024522 149.772542
25.397473 126.521092
24.946254 109.789598
24.259896 84.338928
23.531157 57.316781
22.798202 30.138287
22.073705 3.273430
21.366150 -1.212984
20.633195 -2.648631
19.881164 -4.121641
19.156667 -5.540721
18.419470 -6.984676
17.692853 -8.407910
16.928109 -9.905821
16.207854 -11.316593
15.464307 -12.772986
14.746161 -14.179628
13.992022 -15.656767
13.233629 -17.142240
12.498540 -18.582067
11.767693 -20.013584
11.019904 -21.478286
10.248798 -22.988659
9.520072 -24.416023
8.799817 -25.826794
8.056258 -27.283212
7.291514 -28.781123
6.539497 -30.254109
5.810758 -31.681497
5.067198 -33.137915
4.334231 -34.573587
3.588563 -36.034134
2.853474 -37.473961
2.109914 -38.930379
1.544307 -40.038240
1.002005 -41.100454
0.258445 -42.556872
-0.497827 -44.038191
-1.241387 -45.494609
-1.984934 -46.951002
-2.724264 -48.399137
-3.469945 -49.859709
-4.226204 -51.341003
-4.980356 -52.818167
-5.698490 -54.224785
-6.454762 -55.706103
-7.200430 -57.166651
-7.846543 -58.432198
-8.596452 -59.901054
-9.325178 -61.328418
-10.070859 -62.788990
-10.810177 -64.237100
-11.581270 -65.747448
-12.312117 -67.178966
-13.042964 -68.610484
-13.756856 -70.008793
-14.405089 -71.278494
-15.070265 -72.581380
-15.733332 -73.880137
-16.341306 -75.070983
-16.807358 -75.983843
-17.169587 -76.693346
-17.523371 -77.386306
-18.014848 -78.348968
-18.561380 -80.926967
-19.105804 -92.025465
-19.576097 -101.612767
-20.071791 -111.717868
-20.641640 -123.334683
-21.228444 -135.297128
-21.838539 -147.734394
-22.423222 -159.653603
-22.993058 -171.270158
-23.526890 -182.152734
-24.022596 -192.258094
-24.497119 -201.931609
-25.058484 -213.375479
-25.704610 -226.547243
-26.367664 -239.027555
-27.032839 -241.376980
-27.719198 -243.801226
-28.397073 -243.700970
-29.005060 -242.528595
-28.642818 -233.347888
-28.191600 -221.912157
-27.615401 -207.308900
-26.945984 -190.343115
-26.276567 -173.377330
-25.797815 -161.243784
-25.079681 -143.043304
-24.340350 -124.305623
-23.615866 -105.944208
-22.887153 -87.475611
-22.147822 -68.737929
-21.378837 -49.248681
-20.641653 -30.565396
-19.898093 -11.720532
-19.148171 0.501332
-18.385561 1.831298
-17.631410 3.146514
-16.879379 4.458030
-16.123107 5.776944
-15.839249 6.271982
-15.237612 7.321218
-14.508886 8.592092
-13.763219 9.892512
-12.987884 11.244670
-12.240095 12.548789
-11.490185 13.856607
-10.748747 15.149651
-9.990353 16.472264
-9.240444 17.780082
-8.488413 19.091598
-7.740612 20.395739
-6.967410 21.744177
-6.215367 23.055715
-5.471820 24.352437
-4.711319 25.678726
-3.957155 26.993963
-3.234792 28.253741
-2.607754 29.347273
-1.853603 30.662488
-1.120635 31.940760
-0.338950 33.303993
0.406730 34.604435
1.167232 35.930724
1.923491 37.249616
2.660701 38.535286
3.397910 39.820955
4.130865 41.099204
4.891380 42.425516
5.613756 43.685316
6.323419 44.922945
7.020357 46.138382
7.759687 47.427750
8.511718 48.739266
9.149359 49.851292
9.835705 51.048257
10.534790 52.267437
11.269866 53.549385
11.979542 54.787037
12.706147 56.054212
13.409447 57.280745
14.150886 58.573790
14.885975 59.855760
15.563863 61.037974
16.265042 62.260809
16.932339 63.424551
17.616589 64.617861
18.207622 65.648603
18.805004 66.690418
19.345212 67.632522
19.912940 68.622621
20.478547 69.609021
20.997558 70.514159
21.567407 71.507957
22.128785 72.486982
22.709226 81.655062
23.230357 95.371633
23.715459 108.139870
24.236591 121.856441
24.757723 135.573011
25.247067 148.452896
25.740652 161.444428
26.193991 173.376647
26.638847 185.085572
27.030769 195.401246
27.416315 205.549115
27.816683 216.087081
28.248839 219.208250
28.712770 218.415167
28.441612 208.448749
28.070899 194.823171
27.645093 179.172661
27.128203 160.174338
26.571067 139.696760
25.895300 114.858904
25.486449 99.831557
24.753481 72.891282
24.037468 46.574171
23.285425 18.932778
22.569411 0.788520
21.840685 -1.641391
21.126780 -2.901887
20.404404 -4.177338
19.639661 -5.527595
18.932119 -6.776856
18.203380 -8.063542
17.457699 -9.380142
16.716273 -10.689229
15.987535 -11.975915
15.246109 -13.285002
14.502536 -14.597879
13.735685 -15.951858
12.998488 -17.253478
12.248566 -18.577567
11.521948 -19.860508
10.780522 -21.169595
9.990353 -22.564744
9.280690 -23.817750
8.535022 -25.134327
7.787221 -26.454670
7.039432 -27.774992
6.300102 -29.080379
5.556555 -30.393211
4.827829 -31.679875
4.086377 -32.989007
3.344939 -34.298116
2.597150 -35.618438
1.868424 -36.905101
1.129094 -38.210489
0.374955 -39.542022
-0.374955 -40.866088
-0.688480 -41.419658
-1.417218 -42.706344
-2.148053 -43.996730
-2.900083 -45.324541
-3.635172 -46.622439
-4.368140 -47.916592
-5.096866 -49.203256
-5.863717 -50.557235
-6.605156 -51.866345
-7.344486 -53.171732
-8.085912 -54.480819
-8.840064 -55.812375
-9.515831 -57.005532
-10.253040 -58.307175
-11.007179 -59.638708
-11.752859 -60.955307
-12.500661 -62.275651
-13.256920 -63.610929
-13.972934 -64.875146
-14.703793 -66.165577
-15.436748 -67.459708
-16.188779 -68.787519
-16.906913 -70.055481
-17.582680 -71.248638
-18.313527 -72.539047
-18.995657 -73.743438
-19.620573 -74.846812
-20.109929 -75.710836
-20.567498 -76.518735
-20.948815 -77.192002
-21.455113 -78.085939
-22.003779 -79.054682
-22.577857 -85.143973
-23.156177 -96.683361
-23.634929 -106.236039
-24.183594 -117.183721
-24.791581 -129.315067
-25.397435 -141.403841
-25.973634 -152.900910
-26.560437 -164.609574
-27.134515 -176.064324
-27.678952 -186.927622
-28.204312 -197.410303
-28.723311 -207.766027
-29.223259 -217.741641
-28.769920 -206.253722
-28.265742 -193.477531
-27.666239 -178.285710
-26.973517 -160.731682
-26.340130 -144.681228
-25.818998 -131.475398
-25.086043 -112.901824
-24.346713 -94.166693
-23.611624 -75.539052
-22.874440 -56.858310
-22.116047 -37.640117
-21.349195 -18.207588
-20.586560 0.073039
-19.843013 1.303879
-19.076162 2.573296
-18.292343 3.870801
-17.529721 5.133218
-16.784041 6.367590
-15.843491 7.924540
-15.072385 9.201000
-14.330947 10.428351
-13.570445 11.687257
-12.816294 12.935651
-12.045201 14.212090
-11.301641 15.442951
-10.543261 16.698346
-9.770046 17.978296
-9.007424 19.240713
-8.255394 20.485597
-7.499134 21.737481
-6.732270 23.006920
-5.954814 24.293891
-5.230330 25.493176
-4.467695 26.755614
-3.878783 27.730476
-3.107690 29.006915
-2.340826 30.276354
-1.588808 31.521217
-0.821944 32.790655
-0.044488 34.077627
0.722363 35.347044
1.487107 36.612972
2.243379 37.864877
2.995409 39.109761
3.736848 40.337111
4.518533 41.631084
5.264214 42.865455
5.988710 44.064761
6.700482 45.243001
7.433450 46.456329
8.213014 47.746791
8.909977 48.900518
9.579394 50.008646
10.261511 51.137797
11.028375 52.407236
11.735918 53.578476
12.445568 54.753205
13.174307 55.959532
13.905154 57.169349
14.665655 58.428255
15.383802 59.617049
16.099815 60.802311
16.820070 61.994595
17.567859 63.232456
18.264823 64.386184
18.963894 65.543401
19.626948 66.640996
20.287894 67.735102
20.889519 68.731009
21.469960 69.691849
22.035567 70.628135
22.594824 71.553908
23.160444 74.301419
23.706988 88.450588
24.247183 102.435366
24.789486 116.474722
25.333922 130.569313
25.810566 142.908862
26.295668 155.467380
26.772311 167.806928
27.215059 179.268956
27.632393 190.073088
28.028519 200.328154
28.405607 210.090374
28.795383 217.901089
29.227551 217.162304
28.943681 206.750287
28.562364 192.764031
28.089962 175.436911
27.573072 156.478023
26.982026 134.799209
26.314743 110.324076
25.956730 97.192600
25.158103 67.899953
24.418773 40.782221
23.702759 14.519735
22.976142 -0.566564
22.257995 -1.796705
21.525039 -3.052211
20.813255 -4.271453
20.061225 -5.559635
19.326136 -6.818796
18.597410 -8.067058
17.868684 -9.315320
17.112412 -10.610768
16.385807 -11.855397
15.627413 -13.154477
14.898687 -14.402740
14.150899 -15.683655
13.390385 -16.986369
12.642583 -18.267306
11.907507 -19.526445
11.155477 -20.814627
10.390734 -22.124584
9.640824 -23.409133
8.920569 -24.642885
8.183359 -25.905679
7.429221 -27.197471
6.679298 -28.482042
5.944222 -29.741181
5.223967 -30.974933
4.501591 -32.212318
3.736848 -33.522276
2.997530 -34.788681
2.258200 -36.055108
1.527365 -37.306982
0.777443 -38.591552
0.031775 -39.868835
-0.716013 -41.149750
-1.453223 -42.412544
-2.131111 -43.573724
-1.830299 -35.951411
-2.470048 -44.154303
-3.209379 -45.420730
-3.950818 -46.690768
-4.681652 -47.942642
-5.416741 -49.201803
-6.189955 -50.526271
-6.929272 -51.792676
-7.664361 -53.051837
-8.407908 -54.325487
-9.164180 -55.620934
-9.820885 -56.745828
-10.539019 -57.975947
-11.314354 -59.304048
-12.062143 -60.584963
-12.824765 -61.891288
-13.551383 -63.135939
-14.301292 -64.420487
-15.066035 -65.730445
-15.792640 -66.975074
-16.531958 -68.241479
-17.292472 -69.544193
-18.010607 -70.774312
-18.739333 -72.022574
-19.432041 -73.209141
-20.133221 -74.410218
-20.794180 -75.542399
-21.351304 -76.496718
-21.863964 -77.374874
-22.332124 -78.176803
-22.757917 -78.906160
-23.272686 -86.523445
-23.855248 -98.071382
-24.429339 -109.451403
-24.931395 -119.403509
-25.467348 -130.027531
-26.030834 -141.197342
-26.615504 -152.787069
-27.198079 -164.335258
-27.740381 -175.085153
-28.261513 -185.415385
-28.778391 -195.661280
-29.267747 -205.361638
-28.778391 -192.961784
-28.267863 -180.025478
-27.662010 -164.673691
-26.990472 -147.657521
-26.367664 -131.876122
-25.871957 -119.315365
-25.132640 -100.581712
-24.397551 -81.955221
-23.683658 -63.865825
-22.959174 -45.508042
-22.211386 -26.559744
-21.444522 -7.128093
-20.709433 0.730078
-19.978586 1.905922
-19.230797 3.109023
-18.472404 4.329185
-17.716132 5.545936
-16.974706 6.738800
-16.089211 8.163453
-15.303284 9.427914
-14.578800 10.593521
-13.828890 11.800034
-13.070497 13.020197
-12.316358 14.233514
-11.566436 15.440048
-10.844073 16.602243
-10.089921 17.815581
-9.327299 19.042547
-8.587981 20.232020
-7.855014 21.411276
-7.094512 22.634830
-6.344602 23.841344
-5.581968 25.068331
-4.838421 26.264607
-4.075798 27.491574
-3.332239 28.687871
-2.766631 29.597864
-2.020951 30.797573
-1.271041 32.004087
-0.510540 33.227641
0.220307 34.403485
0.999871 35.657709
1.747672 36.860830
2.476398 38.033262
3.211487 39.215930
3.972001 40.439505
4.738853 41.673275
5.486641 42.876376
6.232322 44.076086
6.944106 45.221260
7.691895 46.424361
8.384604 47.538845
9.079446 48.656762
9.761576 49.754226
10.475468 50.902792
11.208436 52.082048
11.932933 53.247676
12.659538 54.416695
13.369214 55.558477
14.110640 56.751342
14.849958 57.940814
15.559634 59.082596
16.277768 60.237987
16.998010 61.396770
17.743691 62.596479
18.436412 63.710983
19.122771 64.815251
19.798551 65.902499
20.489139 67.013571
21.126780 68.039458
21.764409 69.065326
22.346984 70.002617
22.933774 70.946692
23.482440 71.829428
24.052289 84.177931
24.569179 97.431891
25.109373 111.283418
25.660159 125.406538
26.217296 139.692483
26.685456 151.696923
27.147279 163.538863
27.587892 174.836968
28.026411 186.081341
28.445854 196.836587
28.791141 205.690362
29.142804 214.707614
29.536835 216.351962
30.055845 215.464721
30.642636 214.461611
31.191302 213.523676
31.780213 212.516940
32.386080 211.481221
32.981354 210.463609
33.549082 209.493086
33.036421 190.723528
32.621220 175.522171
32.131864 157.605837
31.551436 136.355183
30.913794 113.009827
30.464684 96.566993
29.769841 71.127398
29.017824 43.594497
28.280614 16.603753
27.562467 -0.410536
26.846466 -1.521260
26.113499 -2.658306
25.378410 -3.798641
24.641200 -4.942267
23.925187 -6.053011
23.181628 -7.206487
22.444431 -8.350093
21.709342 -9.490429
20.970011 -10.637345
20.232814 -11.780951
19.470180 -12.964019
18.737224 -14.101044
17.985194 -15.267662
17.235284 -16.430989
16.498075 -17.574614
15.754515 -18.728091
15.019439 -19.868407
14.261046 -21.044894
13.521728 -22.191790
12.771819 -23.355118
12.026138 -24.511884
11.286808 -25.658800
10.513593 -26.858279
9.740379 -28.057758
9.020124 -29.175083
8.285048 -30.315398
7.522426 -31.498447
6.770395 -32.665064
6.039549 -33.798819
5.308689 -34.932594
4.577855 -36.066330
3.827932 -37.229677
3.092856 -38.369992
2.342947 -39.533319
1.616329 -40.660514
1.271041 -41.196155
0.552894 -42.310209
-0.207607 -43.489967
-0.944816 -44.633593
-1.692605 -45.793630
-2.417089 -46.917515
-3.166999 -48.080842
-3.912679 -49.237609
-4.666831 -50.407516
-5.406149 -51.554412
-6.175134 -52.747331
-6.941985 -53.936939
-7.691895 -55.100266
-8.448167 -56.273464
-9.187485 -57.420360
-9.933165 -58.577127
-10.689425 -59.750304
-11.452047 -60.933352
-12.199849 -62.093409
-12.848069 -63.098987
-13.583158 -64.239323
-14.314005 -65.373078
-15.070265 -66.546256
-15.790520 -67.663580
-16.551034 -68.843358
-17.237392 -69.908099
-17.923739 -70.972821
-18.569851 -71.975129
-19.226568 -72.993887
-19.762508 -73.825285
-20.215847 -74.528546
-20.688249 -75.261378
-21.175485 -76.017222
-21.794051 -76.976797
-22.431680 -77.965944
-23.037546 -78.905818
-23.673067 -90.913787
-24.276799 -102.615641
-24.800052 -112.757593
-25.316942 -122.776219
-25.848653 -133.082112
-26.437565 -144.496700
-27.032839 -156.034613
-27.600567 -167.038609
-28.142882 -177.550044
-28.685185 -188.061232
-29.238092 -198.777963
-29.835475 -210.356738
-30.437087 -222.017484
-31.064137 -234.171284
-31.718720 -236.928204
-32.373303 -235.665979
-33.051191 -234.358815
-33.663407 -231.985713
-33.231265 -221.037542
-32.737666 -208.532424
-32.148767 -193.612899
-31.498400 -177.136105
-30.890439 -161.733633
-30.331181 -147.565071
-29.621518 -129.586029
-28.901250 -111.338326
-28.176779 -92.984124
-27.439569 -74.307207
-26.687539 -55.254808
-25.950342 -36.578213
-25.208903 -17.794154
-24.454764 0.068318
-23.702721 1.060687
-22.963403 2.036265
-22.221965 3.014641
-21.323757 4.199883
-20.567498 5.197817
-19.817588 6.187370
-19.061328 7.185304
-18.288102 8.205626
-17.538205 9.195163
-16.790403 10.181935
-15.998126 11.227395
-15.243975 12.222547
-14.506778 13.195325
-13.748398 14.196057
-12.981534 15.207984
-12.235866 16.191940
-11.473244 17.198269
-10.731792 18.176662
-9.977641 19.171814
-9.221381 20.169747
-8.479942 21.148123
-7.717320 22.154452
-6.946227 23.171959
-6.194196 24.164311
-5.660352 24.868754
-4.933747 25.827556
-4.149941 26.861838
-3.400031 27.851392
-2.626817 28.871698
-1.881137 29.855671
-1.131227 30.845225
-0.351650 31.873927
0.383426 32.843907
1.146048 33.850236
1.936217 34.892914
2.692489 35.890864
3.444519 36.883217
4.185945 37.861576
4.973993 38.901455
5.711190 39.874234
6.433566 40.827456
7.160171 41.786258
7.910093 42.775829
8.653653 43.757003
9.306116 44.617969
10.020021 45.560013
10.742384 46.513218
11.449939 47.446882
12.153240 48.374933
12.871386 49.322574
13.597992 50.281376
14.358493 51.284906
15.097811 52.260484
15.822308 53.216504
16.576459 54.211655
17.273422 55.131343
18.016969 56.112501
18.726633 57.048947
19.402400 57.940665
20.090879 58.849159
20.756055 59.726900
21.397938 60.573906
22.014396 61.387362
22.628720 62.198003
23.253662 63.022654
23.880699 63.850069
24.482323 64.643951
25.105131 65.465787
25.706756 66.259669
26.308380 67.053551
26.914246 67.853030
27.522221 68.655291
28.128087 78.167815
28.712770 92.142326
29.240251 104.749679
29.757141 117.103877
30.301578 130.116460
30.843880 143.078048
31.350179 155.179091
31.824701 166.520670
32.265328 177.052093
32.710196 187.684899
33.095743 196.899856
33.519427 207.026352
33.979117 206.999988
34.459989 205.158786
34.195182 195.558778
33.813877 181.735429
33.352067 164.993542
32.841540 146.485521
32.244144 124.828297
31.559906 100.022790
31.176468 86.122092
30.388420 57.553193
29.666044 31.365075
28.937318 4.946751
28.204363 -0.786674
27.477745 -1.744943
26.753249 -2.700416
26.013931 -3.675434
25.289434 -4.630907
24.550116 -5.605925
23.836211 -6.547429
23.099014 -7.519651
22.357575 -8.497466
21.620366 -9.469705
20.885290 -10.439129
20.148067 -11.411384
19.393929 -12.405948
18.639777 -13.400530
17.889868 -14.389517
17.131474 -15.389692
16.396399 -16.359116
15.644355 -17.350917
14.896567 -18.337107
14.148778 -19.323297
13.396735 -20.315098
12.646825 -21.304085
11.899036 -22.290275
11.170310 -23.251325
10.407688 -24.257078
9.640824 -25.268424
8.929040 -26.207131
8.204543 -27.162604
7.439800 -28.171154
6.698374 -29.148953
5.954801 -30.129582
5.219725 -31.099006
4.495228 -32.054479
3.755911 -33.029497
2.999651 -34.026859
2.256079 -35.007488
1.527365 -35.968521
0.775322 -36.960322
0.036004 -37.935341
-0.709663 -38.918734
-1.347305 -39.759661
-1.817586 -40.379871
-2.554795 -41.352109
-3.296222 -42.329908
-4.041902 -43.313318
-4.766386 -44.268774
-5.497233 -45.232621
-6.255626 -46.232796
-7.014019 -47.232971
-7.780871 -48.244301
-8.539251 -49.244460
-9.301874 -50.250213
-10.032721 -51.214060
-10.778401 -52.197469
-11.536782 -53.197628
-12.193486 -54.063695
-12.926454 -55.030339
-13.684834 -56.030498
-14.424165 -57.005533
-15.199487 -58.028034
-15.900667 -58.952756
-16.686606 -59.989260
-17.421695 -60.958701
-18.207609 -61.995171
-18.923635 -62.939472
-19.620586 -63.858616
-20.326007 -64.788932
-20.999653 -65.677342
-21.683891 -66.579721
-22.293999 -67.384336
-22.868077 -68.141435
-23.370134 -68.803552
-23.984471 -69.613744
-24.603037 -70.429515
-25.189840 -71.203396
-25.802044 -72.010775
-26.422744 -72.829359
-27.064614 -74.349666
-27.689543 -85.978150
-28.320822 -97.724793
-28.822879 -107.066904
-29.337648 -116.645569
-29.937164 -127.801181
-30.534547 -138.917092
-31.144642 -150.269557
-31.729312 -161.148915
-32.269506 -171.200687
-32.809688 -181.252223
-33.364716 -191.580015
-33.892185 -201.394997
-33.364716 -188.033395
-32.845705 -174.886052
-32.252564 -159.860885
-31.587389 -143.010976
-31.015419 -128.522101
-30.413795 -113.282031
-29.687190 -94.876009
-28.966935 -76.630841
-28.242438 -58.278222
-27.494649 -39.335587
-26.740498 -20.231774
-26.005422 -1.611170
-25.259741 0.848889
-24.503482 1.790103
-23.762043 2.712871
-23.003662 3.656725
-22.257982 4.584772
-21.359774 5.702649
-20.592923 6.657045
-19.853605 7.577174
-19.105816 8.507845
-18.334723 9.467520
-17.589043 10.395568
-16.834891 11.334158
-16.051085 12.309655
-15.288463 13.258787
-14.559737 14.165734
-13.794994 15.117506
-13.030264 16.069262
-12.288825 16.992031
-11.521948 17.946458
-10.793235 18.853389
-10.041192 19.789355
-9.282824 20.733193
-8.539264 21.658601
-7.793584 22.586648
-7.242797 23.272137
-6.488646 24.210727
-5.736615 25.146678
-4.995177 26.069446
-4.219854 27.034385
-3.463582 27.975614
-2.694597 28.932666
-1.940446 29.871256
-1.184186 30.812469
-0.400380 31.787966
0.347409 32.718638
1.110043 33.667786
1.874774 34.619543
2.620455 35.547590
3.374593 36.486164
4.130878 37.427410
4.921034 38.410810
5.656110 39.325659
6.406032 40.258986
7.164413 41.202839
7.918564 42.141429
8.660003 43.064197
9.316707 43.881508
10.036962 44.777912
10.801706 45.729684
11.538903 46.647173
12.257049 47.540954
12.973063 48.432078
13.710272 49.349583
14.477124 50.303979
15.227033 51.237290
15.955759 52.144237
16.690848 53.059102
17.445012 53.997708
18.180088 54.912557
18.900330 55.808945
19.633311 56.721187
20.381100 57.651858
21.071700 58.511355
21.772893 59.384034
22.427476 60.198705
23.107485 61.045020
23.759960 61.857068
24.395468 62.647998
25.033110 63.441584
25.672860 64.237794
26.289317 65.005016
26.910017 65.777517
27.511642 66.526277
28.138679 67.306665
28.738195 70.798038
29.301681 83.972979
29.911777 98.237691
30.460442 111.066103
31.053608 124.934993
31.538710 136.277219
32.009004 147.273213
32.530123 159.457562
32.994067 170.305086
33.426222 180.409368
33.839302 190.067646
34.222741 199.032865
34.654884 203.668545
35.080689 201.677182
34.758693 190.033800
34.375255 176.168650
33.885911 158.473960
33.330896 138.404579
32.703846 115.730430
32.028079 91.294666
31.674295 78.501824
31.411621 69.003517
30.839639 48.320601
30.117263 22.199452
29.380066 3.526245
28.651340 -1.069896
27.916251 -1.992981
27.191767 -2.902749
26.458786 -3.823186
25.725818 -4.743607
24.992863 -5.664012
24.249304 -6.597734
23.518457 -7.515492
22.787610 -8.433250
22.054642 -9.353671
21.321662 -10.274108
20.580223 -11.205167
19.809143 -12.173448
19.090996 -13.075258
18.336844 -14.022280
17.565751 -14.990577
16.830675 -15.913646
16.097694 -16.834083
15.356256 -17.765142
14.589404 -18.728112
13.833132 -19.677798
13.104406 -20.592892
12.346013 -21.545241
11.608816 -22.470973
10.850423 -23.423322
10.089921 -24.378319
9.354845 -25.301387
8.619757 -26.224472
7.878305 -27.155546
7.130517 -28.094579
6.382728 -29.033611
5.651881 -29.951369
4.912563 -30.879765
4.188066 -31.789548
3.412731 -32.763172
2.669184 -33.696878
1.929854 -34.625289
1.186294 -35.559011
0.419443 -36.521981
-0.324117 -37.455703
-1.059205 -38.378788
-1.804873 -39.315157
-2.539962 -40.238241
-2.868308 -40.650560
-3.643643 -41.624184
-4.380840 -42.549916
-5.113807 -43.470337
-5.901855 -44.459925
-6.643294 -45.390983
-7.382612 -46.319378
-8.151584 -47.285012
-8.905735 -48.232034
-9.642945 -49.157782
-10.382263 -50.086177
-11.064392 -50.942759
-11.837594 -51.913703
-12.576924 -52.842114
-13.292938 -53.741245
-14.053439 -54.696242
-14.794878 -55.627300
-15.536316 -56.558359
-16.292576 -57.508028
-17.031907 -58.436440
-17.813592 -59.418037
-18.571985 -60.370386
-19.287985 -61.269501
-20.018845 -62.187275
-20.736979 -63.089069
-21.442401 -63.974899
-22.141472 -64.852755
-22.842665 -65.733274
-23.522661 -66.587177
-24.094631 -67.305425
-24.672950 -68.031648
-25.247028 -68.752544
-25.861366 -69.523995
-26.503236 -70.330022
-27.123936 -71.109463
-27.721306 -71.859608
-28.361068 -82.701932
-28.969056 -93.865862
-29.572788 -104.951670
-30.142637 -115.415303
-30.640452 -124.556233
-31.214555 -135.097988
-31.801346 -145.872709
-32.345770 -155.869478
-32.898677 -166.022025
-33.415554 -175.512986
-33.902790 -184.459660
-33.299044 -169.166784
-32.744016 -155.107915
-32.146634 -139.976206
-31.479350 -123.073909
-30.981523 -110.463937
-30.288814 -92.917614
-29.560088 -74.458975
-28.846183 -56.375749
-28.100503 -37.487653
-27.369668 -18.975613
-26.607033 0.016141
-25.861366 0.907709
-25.109335 1.806885
-24.365776 2.695933
-23.617987 3.590037
-22.880790 4.471477
-21.927502 5.611289
-21.143709 6.548442
-20.385316 7.455226
-19.645998 8.339202
-18.872784 9.263706
-18.112283 10.173011
-17.360252 11.072187
-16.610343 11.968827
-15.843491 12.885724
-15.061794 13.820372
-14.339418 14.684091
-13.572566 15.600988
-12.812052 16.510307
-12.055793 17.414540
-11.310112 18.306123
-10.555973 19.207820
-9.806051 20.104475
-9.056154 21.001100
-8.312594 21.890148
-7.552080 22.799467
-6.783108 23.718900
-6.028969 24.620597
-5.283276 25.512195
-4.529138 26.413892
-3.741090 27.356133
-2.978467 28.267973
-2.230666 29.162092
-1.442631 30.104318
-0.684251 31.011086
0.093205 31.940662
0.855828 32.852503
1.609979 33.754214
2.359889 34.650855
2.868308 35.258753
3.616096 36.152857
4.402023 37.092562
5.168887 38.009474
5.935739 38.926371
6.670827 39.805290
7.437691 40.722202
8.221485 41.659356
8.956573 42.538275
9.678949 43.401994
10.416159 44.283449
11.191494 45.210490
11.951995 46.119794
12.699784 47.013898
13.436981 47.895338
14.193266 48.799601
14.900808 49.645584
15.625293 50.511824
16.377336 51.411015
17.150550 52.335520
17.904701 53.237232
18.650369 54.128800
19.364262 54.982376
20.114184 55.879031
20.859864 56.770614
21.584361 57.636870
22.304604 58.498038
23.024859 59.359221
23.719701 60.190019
24.408181 61.013210
25.069127 61.803479
25.740652 62.606398
26.388886 63.381468
27.039227 64.159058
27.687461 64.934127
28.339923 65.714253
28.973336 66.471602
29.583431 74.697760
30.195660 88.790889
30.788813 102.444914
31.354408 115.464547
31.909436 128.240949
32.434797 140.334431
32.894499 150.916483
33.371142 161.888525
33.809635 171.982359
34.229091 181.637966
34.667596 191.732092
35.061627 200.802423
35.449281 199.517441
35.936530 197.238730
36.436465 194.900685
37.010543 192.215897
37.593118 189.491374
38.177788 186.757052
38.783654 183.923600
39.243343 181.773774
38.734924 163.428489
38.279464 146.994123
37.783770 129.108008
37.190616 107.705251
36.540262 84.238517
36.112348 68.798104
35.396322 42.961739
34.661234 16.437535
33.932520 -0.311557
33.193190 -1.154795
32.470814 -1.978696
31.720904 -2.834000
31.002757 -3.653078
30.269802 -4.489045
29.545305 -5.315365
28.812338 -6.151346
28.060307 -7.009069
27.306156 -7.869211
26.571067 -8.707612
25.827507 -9.555673
25.064885 -10.425477
24.329796 -11.263877
23.592599 -12.104682
22.857511 -12.943082
22.120301 -13.783902
21.378875 -14.629530
20.635316 -15.477592
19.859968 -16.361909
19.127000 -17.197891
18.383453 -18.045938
17.616602 -18.920565
16.877271 -19.763803
16.131591 -20.614284
15.379560 -21.472007
14.633892 -22.322473
13.867028 -23.197115
13.138290 -24.028273
12.394730 -24.876334
11.657533 -25.717139
10.892803 -26.589347
10.138651 -27.449490
9.399333 -28.292713
8.662111 -29.133547
7.924914 -29.974352
7.170776 -30.834480
6.410261 -31.701879
5.681535 -32.533022
4.961280 -33.354504
4.228325 -34.190471
3.457219 -35.069950
2.703068 -35.930093
1.972234 -36.763640
1.245616 -37.592379
0.478752 -38.467021
-0.288099 -39.341648
-0.675780 -39.783814
-1.404506 -40.614957
-2.139582 -41.453343
-2.889491 -42.308647
-3.639401 -43.163952
-4.391444 -44.021689
-5.149825 -44.886655
-5.901855 -45.744378
-6.658127 -46.606939
-7.401674 -47.454986
-8.164297 -48.324790
-8.939632 -49.209093
-9.689541 -50.064397
-10.420401 -50.897974
-11.176660 -51.760521
-11.943525 -52.635162
-12.682830 -53.478372
-13.409447 -54.307110
-14.155128 -55.157591
-14.843595 -55.942817
-15.565971 -56.766718
-16.320122 -57.626861
-17.065790 -58.477327
-17.839017 -59.359225
-18.580443 -60.204854
-19.315519 -61.043239
-20.025195 -61.852655
-20.751800 -62.681380
-21.427567 -63.452121
-22.147822 -64.273603
-22.865956 -65.092666
-23.444276 -65.752265
-23.986579 -66.370785
-24.573382 -67.040059
-25.196190 -67.750399
-25.827482 -68.470414
-26.465111 -69.197657
-27.049793 -69.864513
-27.691651 -70.596579
-28.346248 -76.602001
-28.977514 -87.879757
-29.589743 -98.817406
-30.187125 -109.489821
-30.684953 -118.383652
-31.170054 -127.050140
-31.674245 -136.057643
-32.214426 -145.708149
-32.744029 -155.169657
-33.269390 -164.555383
-33.824405 -174.470896
-34.426017 -185.218866
-35.078492 -196.875527
-35.733076 -208.569852
-36.413084 -211.040255
-37.095214 -205.983481
-37.773089 -200.958247
-38.393776 -196.356960
-37.921374 -184.392904
-37.429910 -171.946066
-36.830406 -156.763033
-36.160989 -139.809370
-35.629266 -126.342932
-34.993770 -110.248371
-34.248090 -91.363257
-33.532064 -73.229175
-32.801230 -54.720059
-32.061899 -35.995766
-31.316219 -17.110653
-30.559959 0.074974
-29.812171 0.770192
-29.079203 1.451631
-28.337777 2.140934
-27.850541 2.593916
-27.458632 2.958274
-26.708722 3.655463
-25.954571 4.356597
-25.191961 5.065594
-24.437810 5.766727
-23.698479 6.454081
-22.944341 7.155203
-22.190189 7.856336
-21.404263 8.587011
-20.658582 9.280269
-19.904443 9.981391
-19.150292 10.682524
-18.381320 11.397437
-17.824183 11.915405
-17.076382 12.610635
-16.326472 13.307825
-15.542666 14.036528
-14.807590 14.719927
-14.055560 15.419089
-13.297167 16.124166
-12.526074 16.841050
-11.771935 17.542171
-11.015662 18.245277
-10.257282 18.950342
-9.503131 19.651475
-8.755342 20.346693
-7.996949 21.051770
-7.232206 21.762751
-6.480175 22.461912
-5.721782 23.166989
-4.961280 23.874026
-4.196550 24.584995
-3.436049 25.292032
-2.675534 25.999081
-1.910791 26.710061
-1.179957 27.389517
-0.400380 28.114288
0.364363 28.825268
1.126985 29.534277
1.912912 30.264952
2.681884 30.979865
3.423323 31.669179
4.188066 32.380159
4.946459 33.085236
5.690006 33.776511
6.463221 34.495367
7.211022 35.190597
7.986357 35.911424
8.640940 36.519989
9.367545 37.195513
10.079330 37.857258
10.861027 38.584001
11.591874 39.263468
12.346026 39.964601
13.091693 40.657848
13.852195 41.364885
14.608467 42.067990
15.345664 42.753361
16.120999 43.474188
16.881500 44.181225
17.629302 44.876455
18.387695 45.581532
19.110071 46.253124
19.840918 46.932591
20.601419 47.639628
21.315312 48.303333
22.018625 48.957202
22.715576 49.605156
23.389234 50.231455
24.084064 50.877438
24.770423 51.515544
25.456794 52.153663
26.111378 52.762228
26.793495 53.396391
27.473504 54.028594
28.155633 54.662769
28.844113 55.302848
29.507167 55.919288
30.187176 56.551491
30.871414 57.187626
31.534481 57.804078
32.203898 58.426434
32.833069 59.011373
33.457985 59.592357
34.070201 72.281015
34.659126 84.493309
35.220504 96.134385
35.750094 107.116285
36.252150 117.527231
36.724565 127.323506
37.218163 137.559058
37.771057 149.024213
38.148133 156.843484
38.537909 164.926109
38.970077 173.887813
39.395870 178.841098
39.849209 177.786689
40.304669 177.253954
39.650073 153.867477
39.181913 137.141720
38.618427 117.010284
38.006198 95.137442
37.319839 70.616193
36.989372 58.809750
36.129290 28.081962
35.379381 1.290260
34.663367 -0.623484
33.938870 -1.287866
33.212253 -1.954192
32.468693 -2.636055
31.725146 -3.317906
31.000649 -3.982288
30.259198 -4.662217
29.511409 -5.347958
28.774200 -6.023998
28.034882 -6.701971
27.287080 -7.387724
26.539292 -8.073464
25.802095 -8.749492
25.060643 -9.429422
24.304371 -10.122943
23.554461 -10.810628
22.810914 -11.492479
22.073705 -12.168519
21.325916 -12.854260
20.575994 -13.541958
19.809143 -14.245179
19.076162 -14.917341
18.336844 -15.595314
17.586935 -16.283000
16.817950 -16.988178
16.095574 -17.650615
15.345664 -18.338301
14.583054 -19.037633
13.839482 -19.719507
13.104393 -20.393602
12.335421 -21.098769
11.589753 -21.782565
10.850423 -22.460549
10.098392 -23.150180
9.337891 -23.847579
8.587969 -24.535277
7.861364 -25.201592
7.100862 -25.898990
6.334011 -26.602212
5.607393 -27.268539
4.876546 -27.938744
4.152049 -28.603126
3.389427 -29.302469
2.637396 -29.992100
1.898079 -30.670073
1.162990 -31.344168
0.391897 -32.051279
-0.353771 -32.735075
-1.099452 -33.418883
-1.847253 -34.104636
-2.592921 -34.788432
-3.122511 -35.274079
-3.762273 -35.860757
-4.499483 -36.536797
-5.243043 -37.218660
-6.028957 -37.939363
-6.783108 -38.630938
-7.526668 -39.312801
-8.280806 -40.004365
-9.064625 -40.723146
-9.806051 -41.403052
-10.541140 -42.077147
-11.233849 -42.712378
-11.971058 -43.388418
-12.714618 -44.070281
-13.460285 -44.754077
-14.212316 -45.443708
-14.962226 -46.131393
-15.678239 -46.787996
-16.440874 -47.487351
-17.190783 -48.175037
-17.949164 -48.870491
-18.688482 -49.548464
-19.425691 -50.224503
-20.145934 -50.884984
-20.893735 -51.570736
-21.592807 -52.211802
-22.315183 -52.874239
-23.052380 -53.550267
-23.711192 -54.154415
-24.378501 -54.766353
-25.045784 -55.378269
-25.643167 -55.926084
-26.306221 -56.534121
-26.962938 -57.136347
-27.653526 -57.769633
-28.352598 -58.410699
-29.000818 -59.005134
-29.697769 -59.644255
-30.407432 -60.295034
-31.030240 -60.866165
-31.672124 -61.454788
-32.290690 -62.022028
-32.921969 -72.043275
-33.559598 -82.669647
-34.186647 -93.119715
-34.750146 -102.510679
-35.305162 -111.760261
-35.849598 -120.833537
-36.410964 -130.188945
-36.959629 -139.332701
-37.525236 -148.758799
-38.095085 -158.255590
-38.628930 -167.152349
-38.105677 -153.901999
-37.576087 -140.491170
-36.961737 -124.933965
-36.307166 -108.358245
-35.817810 -95.966253
-35.133572 -78.639269
-34.404846 -60.185711
-33.676120 -41.732153
-32.955865 -23.493104
-32.220789 -4.878744
-31.472988 0.489903
-30.767553 1.112436
-30.026127 1.766732
-29.271989 2.432246
-28.545371 3.073474
-27.801811 3.729653
-27.047673 4.395167
-26.310463 5.045742
-25.566903 5.701921
-24.821236 6.359960
-24.077689 7.016127
-23.812881 7.249815
-23.279049 7.720913
-22.520656 8.390182
-21.770746 9.051964
-21.014474 9.719362
-20.247623 10.396095
-19.508305 11.048530
-18.743562 11.723403
-17.974589 12.402008
-17.239501 13.050711
-16.478999 13.721840
-15.722727 14.389238
-14.951634 15.069714
-14.220800 15.714663
-13.460285 16.385804
-12.716726 17.041982
-11.958345 17.711240
-11.208436 18.373022
-10.462768 19.031061
-9.721329 19.685368
-8.967165 20.350905
-8.223606 21.007084
-7.473709 21.668855
-6.725907 22.328777
-5.959056 23.005510
-5.230330 23.648598
-4.480420 24.310381
-3.711435 24.988997
-2.948813 25.661998
-2.207374 26.316305
-1.436281 26.996781
-0.686372 27.658564
0.069913 28.325972
0.834644 29.000834
1.616329 29.690658
2.340826 30.330014
3.092856 30.993668
3.870312 31.679759
4.643514 32.362096
5.384952 33.016403
6.122162 33.666978
6.869963 34.326900
7.626223 34.994286
8.200314 35.500911
8.905748 36.123445
9.632340 36.764650
10.367429 37.413353
11.134293 38.090098
11.882082 38.750009
12.627762 39.408059
13.375564 40.067981
14.127594 40.731635
14.894446 41.408368
15.610459 42.040238
16.347669 42.690812
17.076395 43.333901
17.841151 44.008785
18.582576 44.663080
19.309194 45.304308
20.042149 45.951128
20.785722 46.607318
21.497493 47.235444
22.202927 47.857978
22.910470 48.482372
23.598949 49.089944
24.293779 49.703119
24.978030 50.306958
25.677114 50.923888
26.367702 51.533320
27.045590 52.131545
27.717128 52.724165
28.414066 53.339201
29.100437 53.944912
29.793146 54.556216
30.468926 55.152580
31.157405 55.760151
31.848006 56.369594
32.513181 56.956600
33.165644 57.532387
33.841411 58.128740
34.506599 59.424698
35.146348 72.377346
35.731031 84.215079
36.279696 95.323593
36.828362 106.432107
37.377040 117.540878
37.855792 127.233894
38.328194 136.798345
38.815429 146.663123
39.285710 156.184633
39.728457 165.148686
40.154263 173.769728
40.605481 176.463065
41.175330 175.796534
40.819438 163.120046
40.389404 147.802680
39.872514 129.391622
39.266647 107.811330
38.584518 83.514615
37.883338 58.539359
37.391861 41.033475
36.665256 15.152594
35.900500 -0.301626
35.171774 -0.949347
34.447277 -1.593309
33.707959 -2.250445
32.966520 -2.909466
32.222961 -3.570372
31.496356 -4.216209
30.754917 -4.875230
29.998632 -5.547447
29.248722 -6.213997
28.541180 -6.842889
27.793378 -7.507566
27.043469 -8.174116
26.302030 -8.833137
25.564821 -9.488399
24.850928 -10.122936
24.109489 -10.781957
23.380751 -11.429689
22.637191 -12.090595
21.897886 -12.747720
21.164906 -13.399223
20.417117 -14.063888
19.652374 -14.743623
18.893981 -15.417714
18.148313 -16.080494
17.379340 -16.763988
16.637889 -17.423020
15.892221 -18.085800
15.135936 -18.758017
14.398739 -19.413268
13.646721 -20.081692
12.894678 -20.750138
12.142648 -21.418574
11.401209 -22.077595
10.657649 -22.738501
9.901377 -23.410707
9.130297 -24.096074
8.380374 -24.762636
7.662228 -25.400954
6.891147 -26.086322
6.128512 -26.764183
5.387086 -27.423193
4.668939 -28.061511
3.929621 -28.718647
3.154286 -29.407796
2.400135 -30.078117
1.671422 -30.725827
0.944804 -31.371674
0.182181 -32.049524
-0.578333 -32.725500
-1.321880 -33.386395
-2.063318 -34.045416
-2.847124 -34.742095
-3.613988 -35.423715
-4.382961 -36.107209
-5.162525 -36.800117
-5.937872 -37.489278
-6.670827 -38.140758
-7.435571 -38.820493
-8.193951 -39.494573
-8.933269 -40.151709
-9.664129 -40.801326
-10.388613 -41.445278
-10.988129 -41.978152
-11.712600 -42.622092
-12.451931 -43.279239
-13.182778 -43.928845
-13.930579 -44.593522
-14.655063 -45.237473
-15.398610 -45.898368
-16.140062 -46.557400
-16.892080 -47.225824
-17.584801 -47.841543
-18.334723 -48.508105
-19.088862 -49.178414
-19.806996 -49.816721
-20.550556 -50.477627
-21.296224 -51.140407
-22.033433 -51.795669
-22.768509 -52.449035
-23.467581 -53.070398
-24.149698 -53.676691
-24.865724 -54.313124
-25.577508 -54.945787
-26.265988 -55.557736
-26.929029 -56.147075
-27.613280 -56.755264
-28.310230 -57.374743
-29.011423 -57.997991
-29.689311 -58.600525
-30.398961 -59.231292
-31.059907 -59.818768
-31.739904 -60.423176
-32.409320 -61.018181
-33.008824 -61.551044
-33.650695 -71.337911
-34.279865 -81.710455
-34.894190 -91.838241
-35.533952 -102.385402
-36.103801 -111.779964
-36.667288 -121.069631
-37.249837 -130.673567
-37.773089 -139.299940
-38.328105 -148.449956
-38.859816 -157.215771
-38.213716 -140.855572
-37.656579 -126.748060
-37.044363 -111.245844
-36.398251 -94.885324
-36.084726 -86.946411
-35.150514 -63.290787
-34.413317 -44.623875
-33.663407 -25.635059
-32.947394 -7.504547
-32.205955 0.381316
-31.449683 1.029259
-30.697653 1.673568
-29.968927 2.297910
-29.233851 2.927693
-28.479712 3.573808
-27.723440 4.221751
-26.969275 4.867888
-26.208787 5.519444
-25.458865 6.161946
-24.692013 6.818953
-23.925162 7.475960
-23.187952 8.107571
-22.416859 8.768212
-21.635174 9.437928
-20.872539 10.091322
-20.114171 10.741060
-19.355778 11.390821
-18.582564 12.053279
-17.807229 12.717554
-17.034015 13.380012
-16.279876 14.026127
-15.479116 14.712186
-14.754619 15.332905
-13.979296 15.997169
-13.220903 16.646929
-12.458294 17.300302
-11.702021 17.948245
-10.933036 18.607080
-10.168293 19.262280
-9.409925 19.912019
-8.653653 20.559962
-7.910093 21.197013
-7.132638 21.863106
-6.374257 22.512855
-5.637060 23.144455
-4.868075 23.803290
-4.478299 24.137234
-4.092753 24.467554
-3.325876 25.124583
-2.559025 25.781589
-1.787931 26.442230
-1.033780 27.088356
-0.273279 27.739923
0.478765 28.384243
1.254087 29.048507
2.006130 29.692827
2.758148 30.337125
3.537712 31.005023
4.327881 31.682007
5.094732 32.339014
5.857367 32.992408
6.617868 33.643975
7.380491 34.297358
8.151584 34.957999
8.880323 35.582353
9.617520 36.213953
10.352608 36.843747
11.136414 37.515279
11.877853 38.150514
12.619291 38.785748
13.392506 39.448206
14.157249 40.103406
14.915629 40.753156
15.657068 41.388390
16.417582 42.039967
17.169613 42.684276
17.917401 43.324951
18.648248 43.951110
19.281661 44.493792
20.050633 45.152616
20.811134 45.804183
21.563178 46.448502
22.277070 47.060136
23.014280 47.691747
23.740885 48.314272
24.442077 48.915025
25.160211 49.530293
25.886829 50.152829
26.594372 50.759023
27.316748 51.377925
28.028532 51.987752
28.748774 52.604826
29.483875 53.234631
30.197768 53.846265
30.903202 54.450652
31.621324 55.065909
32.350062 55.690262
33.068209 56.305541
33.756689 56.895402
34.464231 57.501596
35.131527 58.073308
35.775519 67.649486
36.411040 80.333260
37.040210 92.890301
37.605830 104.178989
38.141783 114.875577
38.673507 125.487761
39.192505 135.845969
39.654315 145.062813
40.092833 153.814798
40.556751 163.073717
40.969844 171.318259
41.416821 175.136903
41.901948 174.569468
42.440022 173.940104
43.011979 173.271107
43.560657 172.629338
44.149569 171.940511
44.746964 171.241760
45.289267 170.607449
44.732130 150.817577
44.268200 134.338422
43.751309 115.978127
43.130610 93.930435
42.476026 70.679174
42.067188 56.156947
41.291840 28.616053
40.560993 2.655859
39.849209 -0.529126
39.116241 -1.137954
38.372682 -1.755581
37.650306 -2.355611
36.947005 -2.939796
36.182249 -3.575029
35.451402 -4.182095
34.705734 -4.801472
33.976996 -5.406788
33.235557 -6.022652
32.485647 -6.645553
31.754788 -7.252630
31.013349 -7.868494
30.257077 -8.496680
29.507180 -9.119570
28.774200 -9.728408
28.026411 -10.349547
27.278609 -10.970697
26.543521 -11.581287
25.791490 -12.205949
25.024626 -12.842932
24.278958 -13.462310
23.531170 -14.083448
22.785489 -14.702836
22.058871 -15.306390
21.308962 -15.929290
20.550569 -16.559238
19.777367 -17.201485
19.048628 -17.806801
18.296598 -18.431463
17.536096 -19.063161
16.779824 -19.691347
16.038386 -20.307211
15.316009 -20.907242
14.576679 -21.521355
13.824649 -22.146017
13.083222 -22.761871
12.329071 -23.388295
11.596103 -23.997123
10.854652 -24.612998
10.096271 -25.242935
9.361195 -25.853514
8.619744 -26.469389
7.899502 -27.067647
7.147471 -27.692309
6.408141 -28.306422
5.673065 -28.917002
4.937976 -29.527591
4.226204 -30.118813
3.461461 -30.754035
2.711552 -31.376936
1.984934 -31.980489
1.247737 -32.592830
0.499948 -33.213969
-0.256337 -33.842165
-1.006246 -34.465066
-1.747685 -35.080930
-2.491232 -35.698546
-3.245383 -36.324970
-3.999535 -36.951394
-4.734623 -37.561984
-5.507838 -38.204242
-6.278931 -38.844738
-7.039432 -39.476437
-7.789342 -40.099337
-8.547735 -40.729285
-8.863368 -40.991460
-9.801822 -41.770972
-10.534790 -42.379800
-11.280458 -42.999177
-12.028259 -43.620327
-12.765456 -44.232668
-13.485711 -44.830936
-14.138173 -45.372894
-14.877491 -45.986997
-15.627413 -46.609908
-16.375202 -47.231047
-17.131462 -47.859222
-17.877142 -48.478610
-18.618581 -49.094474
-19.368491 -49.717374
-20.027303 -50.264607
-20.722145 -50.841767
-21.472055 -51.464667
-22.171127 -52.045340
-22.823589 -52.587298
-23.537494 -53.180292
-24.234432 -53.759192
-24.920804 -54.329316
-25.607162 -54.899429
-26.272325 -55.451936
-26.986230 -56.044930
-27.712848 -56.648483
-28.433103 -57.246752
-29.113099 -57.811580
-29.820641 -58.399289
-30.523955 -58.983485
-31.187009 -59.534240
-31.845821 -60.081473
-32.525830 -60.646311
-33.116863 -61.137243
-33.743913 -67.641860
-34.387892 -78.004904
-35.017062 -88.129650
-35.618687 -97.811116
-36.220311 -107.492582
-36.752022 -116.048985
-37.296458 -124.810168
-37.862065 -133.912037
-38.398005 -142.536496
-38.912787 -150.820472
-39.503820 -160.331492
-40.156282 -170.831055
-40.791803 -181.057987
-41.469691 -184.050727
-42.136974 -182.934139
-42.829683 -181.775005
-43.460975 -180.718643
-42.977968 -168.490033
-42.456849 -155.296497
-41.870058 -140.440304
-41.230309 -124.243311
-40.781199 -112.872877
-40.020710 -93.619054
-39.270788 -74.632747
-38.533591 -55.968618
-37.813336 -37.733417
-37.065547 -18.801128
-36.288104 0.025889
-35.557257 0.569039
-34.813697 1.121638
-34.068029 1.675803
-33.326578 2.226834
-32.566077 2.792024
-31.820409 3.346189
-31.072607 3.901940
-30.314227 4.465553
-29.555846 5.029166
-28.810166 5.583340
-28.062377 6.139082
-27.293405 6.710566
-26.562558 7.253717
-25.804165 7.817339
-25.039422 8.385681
-24.281041 8.949294
-23.524781 9.511331
-22.760038 10.079672
-21.991066 10.651157
-21.200910 11.238385
-20.442517 11.802007
-19.690486 12.360901
-18.906681 12.943410
-18.110162 13.535366
-17.375086 14.081660
-16.599751 14.657873
-15.828658 15.230934
-15.059673 15.802428
-14.328826 16.345578
-13.553503 16.921782
-12.792989 17.486981
-12.036730 18.049017
-11.278337 18.612640
-10.522077 19.174677
-9.757334 19.743018
-9.009545 20.298760
-8.507476 20.671887
-8.244789 20.867111
-7.533018 21.396085
-6.761925 21.969146
-6.001423 22.534335
-5.262105 23.083781
-4.507954 23.644251
-3.738969 24.215745
-2.976347 24.782510
-2.220074 25.344556
-1.457465 25.911312
-0.690601 26.481230
0.072022 27.047996
0.834644 27.614761
1.609979 28.190974
2.359889 28.748292
3.122511 29.315057
3.874541 29.873951
4.677423 30.470636
5.420970 31.023225
6.187834 31.593143
6.948335 32.158332
7.694016 32.712507
8.448167 33.272977
9.187485 33.822423
9.903498 34.354549
10.706379 34.951234
11.435105 35.492809
12.081218 35.972986
12.837478 36.535023
13.587387 37.092341
14.345780 37.655963
15.099932 38.216433
15.871025 38.789494
16.599764 39.331078
17.385690 39.915163
18.127116 40.466175
18.866447 41.015631
19.580352 41.546191
20.332370 42.105075
21.069579 42.652954
21.781364 43.181938
22.497377 43.714064
23.196448 44.233600
23.906124 44.761017
24.609438 45.283705
25.323330 45.814255
26.030885 46.340096
26.681227 46.823416
27.365477 47.331938
28.087841 47.868783
28.772079 48.377295
29.498696 48.917303
30.218964 49.452591
30.924386 49.976846
31.655233 50.519997
32.354304 51.039532
33.099972 51.593698
33.786343 52.103795
34.525661 52.653241
35.256508 53.196391
35.940759 53.704913
36.675835 54.251206
37.368556 54.766023
38.050686 55.272968
38.749770 55.792513
39.400112 59.585284
40.020799 71.132406
40.584298 81.615613
41.158389 92.295868
41.728225 102.896974
42.264178 112.867716
42.781080 122.484057
43.297970 132.100161
43.725884 140.060972
44.181344 148.534248
44.630442 156.889155
45.092264 165.480801
45.609154 168.771629
46.077314 168.224039
45.799794 158.465953
45.390956 144.090505
44.865582 125.617482
44.278791 104.984927
43.611495 81.521669
42.929366 57.536837
42.581944 45.320921
41.709162 14.632429
40.982557 -0.232992
40.243227 -0.787842
39.501801 -1.344265
38.745528 -1.911830
37.999848 -2.471446
37.283822 -3.008807
36.555096 -3.555699
35.800944 -4.121672
35.040430 -4.692420
34.301113 -5.247261
33.557553 -5.805285
32.788581 -6.382381
32.045008 -6.940414
31.288749 -7.507970
30.549418 -8.062820
29.818571 -8.611304
29.036886 -9.197940
28.303919 -9.748015
27.553996 -10.310815
26.804099 -10.873595
26.064769 -11.428445
25.304267 -11.999184
24.571300 -12.549259
23.821390 -13.112049
23.060876 -13.682797
22.332150 -14.229689
21.563178 -14.806785
20.823847 -15.361635
20.048512 -15.943506
19.292253 -16.511061
18.542330 -17.073861
17.779708 -17.646191
17.017086 -18.218521
16.286239 -18.767005
15.527858 -19.336152
14.777936 -19.898951
14.006843 -20.477639
13.271754 -21.029306
12.513374 -21.598453
11.776164 -22.151711
11.028375 -22.712909
10.257269 -23.291606
9.515831 -23.848039
8.780742 -24.399706
8.052016 -24.946598
7.306348 -25.506204
6.543726 -26.078535
5.804395 -26.633385
5.077803 -27.178676
4.342702 -27.730352
3.571608 -28.309040
2.823820 -28.870238
2.065439 -29.439385
1.345184 -29.979919
0.563486 -30.566565
-0.190665 -31.132538
-0.938441 -31.693727
-1.703197 -32.267659
-2.431923 -32.814550
-3.205137 -33.394830
-3.982593 -33.978292
-4.738853 -34.545848
-5.507838 -35.122953
-6.268326 -35.693682
-7.028840 -36.264430
-7.782979 -36.830394
-8.496884 -37.366163
-9.219260 -37.908289
-9.973412 -38.474262
-10.575036 -38.925768
-11.327067 -39.490149
-12.083339 -40.057714
-12.816294 -40.607780
-13.578916 -41.180110
-14.305534 -41.725420
-15.072385 -42.300924
-15.792640 -42.841459
-16.567975 -43.423329
-17.294581 -43.968630
-18.067795 -44.548909
-18.817717 -45.111708
-19.582448 -45.685621
-20.315403 -46.235686
-21.001774 -46.750792
-21.730500 -47.297684
-22.467697 -47.850933
-23.217607 -48.413723
-23.931512 -48.949492
-24.626341 -49.470946
-25.352959 -50.016256
-26.068973 -50.553607
-26.795578 -51.098907
-27.543366 -51.660105
-28.284818 -52.216547
-28.994481 -52.749133
-29.710494 -53.286485
-30.426508 -53.823836
-31.157355 -54.372320
-31.871247 -54.908079
-32.604215 -55.458154
-33.322349 -55.997098
-34.034133 -56.531275
-34.735313 -57.057494
-35.434384 -57.582131
-36.112272 -58.090870
-36.830406 -58.629813
-37.497690 -60.956926
-38.198895 -71.816525
-38.766610 -80.608761
-39.400010 -90.418255
-39.986814 -99.506110
-40.582088 -108.725154
-41.098965 -116.730058
-41.626447 -124.899195
-42.168750 -133.297864
-42.696232 -141.467001
-43.255489 -150.128245
-43.787200 -158.362878
-43.249139 -144.742031
-42.689882 -130.584607
-42.084015 -115.247290
-41.437916 -98.891472
-41.084144 -89.935863
-40.194408 -67.412454
-39.446619 -48.482413
-38.692468 -29.391302
-37.974334 -11.211955
-37.230774 0.216200
-36.485106 0.752404
-35.726726 1.297750
-34.989516 1.827872
-34.245969 2.362551
-33.487589 2.907896
-32.746150 3.441059
-32.008940 3.971181
-31.239955 4.524153
-30.502771 5.054256
-29.731665 5.608753
-28.983877 6.146482
-28.231859 6.687252
-27.462861 7.240233
-26.708722 7.782528
-25.948221 8.329399
-25.196190 8.870179
-24.418734 9.429242
-23.647641 9.983729
-22.880790 10.535166
-22.107576 11.091178
-21.330120 11.650241
-20.561148 12.203203
-19.813346 12.740942
-19.042253 13.295429
-18.256339 13.860574
-17.506417 14.399838
-16.764991 14.932992
-15.970580 15.504246
-15.212200 16.049592
-14.462290 16.588846
-13.682726 17.149425
-12.924333 17.694780
-12.161710 18.243176
-11.403317 18.788531
-10.644949 19.333867
-9.903498 19.867039
-9.301886 20.299654
-8.323174 21.003439
-7.573264 21.542693
-6.816992 22.086523
-6.045911 22.641001
-5.291760 23.183306
-4.529138 23.731702
-3.766515 24.280098
-3.001772 24.830019
-2.239150 25.378415
-1.489227 25.917679
-0.711784 26.476732
0.050838 27.025128
0.815581 27.575049
1.584566 28.128021
2.342934 28.673357
3.094977 29.214146
3.853371 29.759501
4.488879 30.216490
5.219725 30.742036
5.956922 31.272149
6.713195 31.815979
7.473696 32.362850
8.221497 32.900588
8.952344 33.426135
9.659887 33.934923
10.401325 34.468086
11.161827 35.014957
11.907507 35.551170
12.665888 36.096516
13.458177 36.666246
14.239862 37.228349
15.000364 37.775220
15.756636 38.319050
16.510787 38.861355
17.315777 39.440217
18.086870 39.994704
18.855855 40.547675
19.586715 41.073231
20.370508 41.636851
21.131009 42.183722
21.842793 42.695560
22.588474 43.231774
23.334155 43.767987
24.065001 44.293533
24.781015 44.808413
25.477978 45.309594
26.179170 45.813816
26.880363 46.318039
27.596376 46.832919
28.312389 47.347798
29.039007 47.870304
29.778325 48.401942
30.513414 48.930538
31.240019 49.453035
31.983578 49.987723
32.674192 50.484338
33.413510 51.015976
34.118931 51.523239
34.822244 52.028986
35.563683 52.562149
36.288180 53.083130
37.008435 53.601060
37.694794 54.094615
38.387515 54.592746
39.114120 55.115242
39.802600 55.610323
40.467788 65.264357
41.128721 77.353149
41.757892 88.860986
42.368000 100.020156
42.906061 109.861551
43.401780 118.928493
43.899595 128.033764
44.346571 136.209180
44.776606 144.074723
45.208774 151.979291
45.626096 159.612312
46.007401 166.586562
46.422615 167.461429
46.115453 156.688451
45.693889 141.903112
45.162165 123.254181
44.539344 101.410239
43.852986 77.337849
43.158156 52.968364
42.848873 42.121001
42.562882 32.090542
41.950665 10.618526
41.202877 -0.325792
40.488972 -0.848417
39.753883 -1.386551
38.997611 -1.940192
38.249809 -2.487632
37.535917 -3.010248
36.794465 -3.553040
36.031843 -4.111329
35.305238 -4.643252
34.557437 -5.190692
33.794814 -5.748982
33.061847 -6.285563
32.303466 -6.840747
31.562027 -7.383529
30.818468 -7.927864
30.081258 -8.467550
29.329228 -9.018086
28.581426 -9.565526
27.844229 -10.105203
27.107020 -10.644889
26.346518 -11.201626
25.602959 -11.745961
24.876341 -12.277893
24.145494 -12.812921
23.389234 -13.366553
22.662617 -13.898485
21.923299 -14.439715
21.181860 -14.982497
20.453134 -15.515972
19.688391 -16.075815
18.959665 -16.609290
18.213984 -17.155178
17.449241 -17.715020
16.701440 -18.262460
15.970593 -18.797488
15.220683 -19.346472
14.487716 -19.883052
13.731443 -20.436694
12.994246 -20.976370
12.242216 -21.526906
11.500777 -22.069688
10.755097 -22.615576
9.996716 -23.170760
9.274340 -23.699587
8.541372 -24.236168
7.806284 -24.774302
7.045782 -25.331039
6.302235 -25.875364
5.579859 -26.404191
4.829937 -26.953184
4.096969 -27.489764
3.340710 -28.043396
2.582316 -28.598590
1.849349 -29.135171
1.103681 -29.681049
0.351650 -30.231585
-0.413093 -30.791428
-1.190549 -31.360577
-1.936217 -31.906455
-2.700960 -32.466297
-3.455111 -33.018386
-4.219854 -33.578228
-4.986706 -34.139614
-5.730265 -34.683949
-6.484417 -35.236037
-7.221614 -35.775714
-7.967294 -36.321601
-8.715083 -36.869032
-9.452280 -37.408709
-10.183139 -37.943746
-10.918215 -38.481870
-11.651183 -39.018451
-12.405322 -39.570531
-13.153123 -40.117970
-13.881849 -40.651446
-14.642363 -41.208193
-15.402852 -41.764920
-16.178187 -42.332517
-16.934459 -42.886158
-17.656823 -43.414976
-18.389791 -43.951556
-19.146063 -44.505198
-19.531609 -44.787443
-19.813359 -44.993702
-20.520889 -45.511661
-21.272932 -46.062206
-22.018600 -46.608084
-22.692246 -47.101238
-23.416743 -47.631617
-24.117935 -48.144936
-24.857240 -48.686156
-25.594450 -49.225842
-26.293521 -49.737609
-27.022247 -50.271084
-27.744611 -50.799902
-28.473336 -51.333378
-29.202075 -51.866862
-29.909618 -52.384830
-30.608689 -52.896597
-31.335294 -53.428519
-32.042837 -53.946487
-32.720725 -54.442746
-33.421904 -54.956056
-34.140051 -55.481787
-34.885719 -56.027665
-35.589019 -56.542527
-36.288091 -57.054294
-37.016817 -57.587769
-37.747677 -58.122806
-38.408610 -60.658524
-39.048360 -70.470169
-39.738960 -81.061697
-40.317268 -89.931015
-40.904071 -98.930639
-41.435782 -107.085324
-41.946322 -114.915318
-42.427208 -122.290510
-42.944085 -130.217697
-43.463096 -138.177607
-43.943968 -145.552604
-43.344452 -130.377041
-42.755541 -115.469910
-42.120020 -99.382965
-41.482404 -83.242976
-41.211246 -76.379157
-40.933738 -69.354600
-40.213470 -51.122450
-39.452982 -31.872187
-38.705180 -12.943079
-37.978575 0.152318
-37.237137 0.676902
-36.466043 1.222467
-35.730955 1.742559
-34.981058 2.273127
-34.237498 2.799211
-33.481226 3.334291
-32.754608 3.848388
-31.991999 4.387951
-31.220905 4.933516
-30.483708 5.455099
-29.708361 6.003675
-28.958464 6.534243
-28.204312 7.067821
-27.420506 7.622381
-26.655763 8.163454
-25.903733 8.695531
-25.136881 9.238096
-24.350955 9.794156
-23.588332 10.333728
-22.819347 10.877801
-22.052496 11.420365
-21.251748 11.986912
-20.493355 12.523491
-19.758279 13.043574
-18.970231 13.601134
-18.188546 14.154194
-17.430166 14.690764
-16.673881 15.225852
-15.890088 15.780403
-15.095677 16.342466
-14.362722 16.861047
-13.589508 17.408113
-12.837490 17.940182
-12.068492 18.484265
-11.305883 19.023827
-10.549611 19.558906
-9.786988 20.098478
-9.022245 20.639551
-8.748979 20.832892
-8.177009 21.237573
-7.414400 21.777136
-6.645415 22.321210
-5.876430 22.865283
-5.122291 23.398853
-4.359669 23.938425
-3.594925 24.479497
-2.836532 25.016077
-2.052726 25.570637
-1.309179 26.096712
-0.535953 26.643787
0.247853 27.198347
1.006234 27.734917
1.766735 28.272989
2.516657 28.803575
3.268688 29.335653
4.054615 29.891713
4.802391 30.420781
5.526900 30.933387
6.249276 31.444484
6.867843 31.882133
7.641044 32.429190
8.405800 32.970271
9.115463 33.472373
9.833597 33.980469
10.606811 34.527535
11.380026 35.074600
12.108752 35.590190
12.856553 36.119276
13.610692 36.652845
14.394510 37.207414
15.182558 37.764975
15.968485 38.321035
16.737457 38.865100
17.523384 39.421160
18.298719 39.969726
19.059220 40.507797
19.832434 41.054863
20.612011 41.606431
21.383104 42.151996
22.135135 42.684074
22.876573 43.208658
23.607433 43.725757
24.340388 44.244339
25.090298 44.774916
25.827507 45.296508
26.558354 45.813598
27.278609 46.323194
27.988273 46.825296
28.693707 47.324406
29.441496 47.853483
30.174476 48.372082
30.915915 48.896666
31.638278 49.407754
32.354304 49.914358
33.112685 50.450929
33.835061 50.962026
34.561678 51.476123
35.275584 51.981227
35.978884 52.478827
36.722444 53.004912
37.425757 53.502521
38.118479 53.992637
38.842963 54.505225
39.561110 55.013330
40.255952 55.504946
40.919006 67.444814
41.569348 79.238231
42.209110 90.839804
42.834039 102.172381
43.391176 112.275595
43.874182 121.034523
44.342342 129.524226
44.797802 137.783625
45.234187 145.697107
45.662113 153.457206
46.030706 160.141324
46.439569 167.228450
46.909850 167.162557
47.458516 167.162557
48.043198 167.162557
48.644823 167.162557
49.265510 167.162557
49.920093 167.162557
50.502668 167.162557
49.905272 146.245339
49.451933 130.372106
48.890555 110.715996
48.246563 88.167254
47.517837 62.651619
47.176766 50.709341
46.312468 20.446766
45.602792 2.483442
44.850749 -0.605079
44.117793 -1.110337
43.399659 -1.605379
42.675162 -2.104807
41.931603 -2.617376
41.173209 -3.140170
40.433892 -3.649814
39.711516 -4.147780
38.965835 -4.661811
38.201092 -5.188982
37.474474 -5.689872
36.735156 -6.199517
35.964050 -6.731074
35.241687 -7.229031
34.498115 -7.741609
33.739734 -8.264394
33.017371 -8.762351
32.324637 -9.239884
31.602274 -9.737841
30.886248 -10.231429
30.218951 -10.691426
29.475405 -11.203986
28.727603 -11.719479
27.981923 -12.233509
27.240484 -12.744616
26.482091 -13.267410
25.757594 -13.766838
24.992863 -14.294000
24.262004 -14.797814
23.507865 -15.317676
22.768535 -15.827329
22.033459 -16.334049
21.294128 -16.843703
20.561160 -17.348970
19.787946 -17.881981
19.057112 -18.385777
18.315661 -18.896893
17.550917 -19.424064
16.788308 -19.949765
16.042627 -20.463795
15.299068 -20.976364
14.547024 -21.494781
13.782281 -22.021952
13.036613 -22.535974
12.288812 -23.051467
11.543132 -23.565497
10.795356 -24.080973
10.020021 -24.615445
9.303995 -25.109034
8.577390 -25.609915
7.825359 -26.128323
7.064858 -26.652570
6.327648 -27.160762
5.588330 -27.670406
4.819358 -28.200493
4.044010 -28.734975
3.279280 -29.262137
2.523007 -29.783469
1.766748 -30.304793
1.008355 -30.827587
0.243611 -31.354758
-0.506311 -31.871713
-1.256208 -32.388650
-1.989188 -32.893926
-2.730614 -33.405024
-3.493237 -33.930733
-4.243146 -34.447679
-5.014252 -34.979237
-5.745086 -35.483033
-6.488646 -35.995602
-7.234326 -36.509633
-7.990599 -37.030965
-8.706612 -37.524544
-9.450159 -38.037104
-10.214902 -38.564276
-10.960583 -39.078306
-11.634229 -39.542681
-12.371426 -40.050863
-13.108635 -40.559054
-13.835240 -41.059936
-14.587271 -41.578344
-15.326601 -42.087997
-16.078632 -42.606405
-16.856075 -43.142331
-17.597514 -43.653438
-18.275389 -44.120727
-19.021069 -44.634758
-19.770979 -45.151704
-20.510297 -45.661348
-21.255977 -46.175379
-22.016479 -46.699626
-22.713442 -47.180074
-23.450626 -47.688248
-24.170881 -48.184752
-24.914441 -48.697320
-25.674955 -49.221576
-26.403681 -49.723920
-27.149349 -50.237941
-27.875967 -50.738831
-28.602572 -51.239712
-29.331298 -51.742056
-30.057903 -52.242937
-30.761203 -52.727753
-31.502655 -53.238868
-32.214439 -53.729533
-32.913498 -54.211425
-33.637995 -54.710853
-34.370962 -55.216120
-35.078505 -55.703861
-35.796626 -56.198894
-36.485106 -56.673493
-37.213832 -57.175836
-37.908674 -57.654822
-38.569608 -58.110433
-39.253846 -66.918692
-39.878775 -76.274294
-40.507933 -85.693210
-41.073540 -94.160727
-41.607372 -102.152545
-42.130624 -109.985987
-42.624210 -117.375292
-43.064824 -123.971574
-43.562664 -131.424571
-44.090133 -139.321136
-44.619735 -147.249641
-45.217118 -156.192858
-45.852639 -165.707027
-46.509330 -175.270200
-47.189339 -174.132318
-47.862998 -173.005061
-48.458260 -172.008989
-47.977387 -159.838125
-47.445663 -146.380229
-46.850402 -131.314188
-46.214881 -115.229193
-45.850518 -106.007185
-44.969265 -83.702720
-44.272314 -66.062938
-43.552072 -47.833641
-42.802150 -28.853149
-42.043769 -9.658579
-41.302330 0.231286
-40.556650 0.710587
-39.798269 1.198052
-39.010234 1.704577
-38.309042 2.155283
-37.559120 2.637310
-36.807102 3.120685
-36.033888 3.617684
-35.290341 4.095614
-34.523477 4.588531
-33.758734 5.080086
-33.008824 5.562105
-32.254673 6.046851
-31.504763 6.528871
-30.733670 7.024507
-29.968939 7.516053
-29.206317 8.006244
-28.460624 8.485553
-27.678952 8.987989
-26.897267 9.490433
-26.132511 9.981995
-25.382614 10.464007
-24.607279 10.962369
-23.827715 11.463449
-23.067200 11.952285
-22.296120 12.447913
-21.516543 12.949002
-20.756042 13.437829
-20.001890 13.922576
-19.237147 14.414130
-18.457570 14.915219
-17.701311 15.401320
-16.938701 15.891503
-16.188779 16.373530
-15.368956 16.900488
-14.648713 17.363439
-13.881849 17.856356
-13.117106 18.347910
-12.350255 18.840820
-11.593982 19.326929
-10.833481 19.815757
-10.068738 20.307311
-9.316707 20.790694
-8.554085 21.280885
-7.742733 21.802398
-6.978002 22.293944
-6.228080 22.775971
-5.486654 23.252538
-4.730382 23.738647
-3.946576 24.242454
-3.186074 24.731282
-2.434031 25.214673
-1.660830 25.711664
-0.913028 26.192329
-0.139814 26.689328
0.620687 27.178155
1.374839 27.662901
2.103565 28.131305
2.726373 28.531627
3.469919 29.009557
4.257967 29.516091
4.988827 29.985866
5.732374 30.463795
6.475946 30.941742
7.232206 31.427843
7.988465 31.913944
8.727796 32.389164
9.452293 32.854849
10.168306 33.315081
10.969053 33.829778
11.699900 34.299544
12.439231 34.774764
13.216674 35.274481
13.998372 35.776933
14.796999 36.290267
15.561742 36.781821
16.334956 37.278820
17.091228 37.764930
17.885626 38.275545
18.652490 38.768462
19.412991 39.257290
20.186205 39.754289
20.938249 40.237680
21.633078 40.684296
22.361804 41.152699
23.115956 41.637445
23.840440 42.103122
24.543753 42.555191
25.280963 43.029048
25.988505 43.483835
26.689698 43.934540
27.416315 44.401589
28.145042 44.869992
28.846234 45.320698
29.568597 45.785011
30.282502 46.243888
30.973116 46.687794
31.699708 47.154826
32.424205 47.620511
33.169885 48.099812
33.883791 48.558689
34.646413 49.048880
35.406914 49.537708
36.105998 49.987059
36.866500 50.475886
37.597347 50.945653
38.319723 51.409975
39.069632 51.891994
39.775067 52.345426
40.493201 52.807022
41.221939 53.275433
41.927374 53.728865
42.632795 54.182289
43.314925 54.620742
43.986450 55.052379
44.660096 65.495047
45.333755 77.084422
45.954442 87.762492
46.539125 97.821153
47.075077 107.041484
47.572917 115.606138
48.064382 124.061112
48.574909 132.844034
49.040974 140.862036
49.468888 148.223706
49.920093 155.986079
50.407329 164.368297
50.911519 166.008472
51.407225 166.008472
51.091579 155.071531
50.636132 139.290548
50.087454 120.279176
49.447691 98.111783
48.746512 73.816321
48.098265 51.354976
47.825000 41.886474
47.519946 31.316534
46.795449 6.213144
46.060373 -0.356173
45.316813 -0.832701
44.573253 -1.309229
43.840286 -1.778969
43.094605 -2.256857
42.367987 -2.722527
41.613849 -3.205835
40.874505 -3.679661
40.139429 -4.150752
39.383170 -4.635419
38.620535 -5.124172
37.885459 -5.595264
37.152478 -6.065012
36.396219 -6.549679
35.642067 -7.032995
34.877324 -7.523099
34.157056 -7.984700
33.409268 -8.463938
32.640295 -8.956753
31.890373 -9.437359
31.148934 -9.912528
30.413858 -10.383619
29.644861 -10.876449
28.901301 -11.352977
28.164117 -11.825420
27.422666 -12.300597
26.674864 -12.779843
25.948259 -13.245506
25.177153 -13.739687
24.444185 -14.209428
23.711230 -14.679159
22.961308 -15.159765
22.213519 -15.639004
21.459368 -16.122320
20.707337 -16.604277
19.934110 -17.099818
19.179972 -17.583126
18.432183 -18.062364
17.665319 -18.553827
16.917518 -19.033074
16.184550 -19.502814
15.413457 -19.996988
14.655076 -20.483014
13.875499 -20.982625
13.153123 -21.445577
12.386259 -21.937040
11.634241 -22.418989
10.869498 -22.909093
10.096284 -23.404626
9.376016 -23.866227
8.632469 -24.342747
7.867726 -24.832851
7.092391 -25.329743
6.338240 -25.813059
5.581968 -26.297734
4.840541 -26.772895
4.060965 -27.272505
3.287751 -27.768038
2.537828 -28.248644
1.775206 -28.737389
1.021067 -29.220697
0.252082 -29.713519
-0.506298 -30.199546
-1.258329 -30.681503
-2.008238 -31.162100
-2.760269 -31.644057
-3.516541 -32.128733
-4.277055 -32.616126
-5.026952 -33.096716
-5.772633 -33.574603
-6.539484 -34.066058
-7.289406 -34.546664
-8.041424 -35.028613
-8.776525 -35.499720
-9.520072 -35.976240
-10.293287 -36.471773
-10.986008 -36.915720
-11.723205 -37.388171
-12.473114 -37.868768
-13.239979 -38.360232
-13.903033 -38.785166
-14.646593 -39.261694
-15.390139 -39.738214
-16.165474 -40.235106
-16.942930 -40.733358
-17.678019 -41.204457
-18.430049 -41.686414
-19.188417 -42.172432
-19.938340 -42.653038
-20.686128 -43.132276
-21.436051 -43.612882
-22.209265 -44.108415
-22.908336 -44.556432
-23.649762 -45.031592
-24.395443 -45.509480
-25.122048 -45.975142
-25.855016 -46.444882
-26.611275 -46.929549
-27.356943 -47.407428
-28.119578 -47.896181
-28.844062 -48.360485
-29.583380 -48.834294
-30.324819 -49.309463
-31.072607 -49.788701
-31.797104 -50.253013
-32.525830 -50.720034
-33.271498 -51.197914
-33.995995 -51.662225
-34.735313 -52.136034
-35.449205 -52.593550
-36.190657 -53.068727
-36.953266 -53.557463
-37.677763 -54.021775
-38.410718 -54.491507
-39.126744 -54.950389
-39.874533 -55.429627
-40.618093 -55.906156
-41.310801 -56.350095
-41.986568 -56.783176
-42.655985 -65.783066
-43.316931 -75.380285
-43.963031 -84.761930
-44.583718 -93.774571
-45.123913 -101.618425
-45.704354 -110.046673
-46.303857 -118.751719
-46.812264 -126.133997
-47.343987 -133.854850
-47.869348 -141.483315
-48.381996 -148.927185
-47.795193 -134.076718
-47.210523 -119.280247
-46.572881 -103.143200
-45.937373 -87.060149
-45.443788 -74.568786
-44.740487 -56.770081
-44.026582 -38.703004
-43.278793 -19.778421
-42.537355 -1.014540
-41.806508 0.434654
-41.075661 0.894533
-40.319401 1.370403
-39.563129 1.846281
-38.825932 2.310156
-38.101435 2.766039
-37.364238 3.229914
-36.593145 3.715118
-35.834764 4.192323
-35.095447 4.657532
-34.322220 5.144078
-33.572323 5.615945
-32.809688 6.095826
-32.070370 6.561036
-31.292927 7.050235
-30.557838 7.512784
-29.793108 7.993984
-29.015652 8.483191
-28.269971 8.952405
-27.517941 9.425613
-26.753210 9.906814
-25.973634 10.397356
-25.215253 10.874560
-24.467464 11.345100
-23.702721 11.826308
-22.937991 12.307508
-22.164764 12.794055
-21.406383 13.271259
-20.622590 13.764454
-19.864197 14.241667
-19.129108 14.704215
-18.368607 15.182754
-17.591164 15.671954
-16.841241 16.143836
-16.074390 16.626371
-15.330830 17.094249
-14.566100 17.575450
-13.833132 18.036663
-13.062026 18.521875
-12.312117 18.993749
-11.543144 19.477619
-10.786872 19.953497
-10.024250 20.433370
-9.278582 20.902575
-8.518080 21.381115
-7.761795 21.857000
-7.003428 22.334197
-6.240793 22.814079
-5.469699 23.299282
-4.717669 23.772491
-3.967759 24.244366
-3.219971 24.714905
-2.444623 25.202786
-1.673542 25.687982
-0.999884 26.111876
-0.101689 26.677058
0.669417 27.162270
1.415085 27.631475
2.133219 28.083355
2.906433 28.569893
3.694481 29.065765
4.427436 29.526971
5.149825 29.981528
5.872188 30.436069
6.632702 30.914616
7.386841 31.389151
8.107096 31.842366
8.844305 32.306249
9.602686 32.783453
10.335666 33.244675
11.062259 33.701877
11.807939 34.171090
12.555741 34.641638
13.326834 35.126842
14.102169 35.614715
14.856320 36.089258
15.635884 36.579792
16.402749 37.062335
17.146308 37.530214
17.900460 38.004757
18.682144 38.496626
19.448996 38.979160
20.175626 39.436387
20.936128 39.914926
21.686037 40.386800
22.435947 40.858674
23.035463 41.235915
23.770552 41.698463
24.524691 42.172998
25.261900 42.636881
25.956730 43.074097
26.670635 43.523316
27.395132 43.979199
28.102662 44.424406
28.829279 44.881624
29.549535 45.334839
30.278260 45.793383
31.019712 46.259935
31.708192 46.693155
32.443280 47.155704
33.161414 47.607584
33.890141 48.066128
34.612516 48.520677
35.326422 48.969896
36.074223 49.440444
36.788115 49.889654
37.493550 50.333543
38.224396 50.793422
38.931939 51.238637
39.664907 51.699851
40.406345 52.166395
41.101188 52.603619
41.819322 53.055499
42.524756 53.499387
43.215344 53.933934
43.912307 54.372492
44.605029 54.808381
45.301980 61.931480
45.958697 73.091960
46.621751 84.360139
47.280563 95.556230
47.888550 105.888577
48.488054 116.076751
49.030369 125.293050
49.504892 133.357258
49.973065 141.313552
50.432754 149.125672
50.917869 157.369880
51.371208 165.074086
51.771601 165.686175
52.260945 165.686175
51.837260 151.049606
51.383921 135.388595
50.792888 114.970841
50.136171 92.283961
49.418037 67.475368
48.930801 50.643379
48.661764 41.349260
48.187242 24.956442
47.439453 6.032990
46.689531 -0.487537
45.965046 -0.943122
45.223595 -1.409376
44.473686 -1.880948
43.721655 -2.353855
42.982324 -2.818775
42.253599 -3.277027
41.524860 -3.735286
40.777071 -4.205525
40.029282 -4.675764
39.292060 -5.139359
38.525209 -5.621585
37.794362 -6.081171
37.063515 -6.540756
36.305122 -7.017664
35.536149 -7.501224
34.805290 -7.960817
34.072322 -8.421736
33.301229 -8.906630
32.555548 -9.375543
31.790805 -9.856444
31.045137 -10.325349
30.278273 -10.807584
29.522001 -11.283158
28.789033 -11.744077
28.051836 -12.207655
27.295551 -12.683237
26.556233 -13.148149
25.791503 -13.629042
25.086069 -14.072647
24.350980 -14.534900
23.592599 -15.011799
22.853269 -15.476720
22.103359 -15.948292
21.344966 -16.425200
20.578115 -16.907426
19.821842 -17.383000
19.063462 -17.859900
18.298719 -18.340800
17.546676 -18.813715
16.805250 -19.279953
16.044736 -19.758194
15.301189 -20.225766
14.530083 -20.710668
13.795007 -21.172912
13.034493 -21.651154
12.276112 -22.128053
11.517719 -22.604961
10.782630 -23.067214
10.068738 -23.516137
9.291282 -24.005032
8.558314 -24.465951
7.791450 -24.948186
7.043674 -25.418417
6.278918 -25.899326
5.514188 -26.380218
4.772749 -26.846464
4.039781 -27.307383
3.249625 -27.804265
2.489111 -28.282506
1.713776 -28.770067
0.925741 -29.265615
0.171577 -29.739863
-0.591033 -30.219422
-1.355776 -30.700322
-2.118398 -31.179889
-2.895841 -31.668776
-3.647884 -32.141691
-4.406265 -32.618590
-5.162537 -33.094164
-5.912447 -33.565737
-6.660236 -34.035976
-7.401674 -34.502222
-8.149463 -34.972461
-8.905735 -35.448035
-9.647174 -35.914281
-10.375913 -36.372541
-11.127930 -36.845439
-11.877853 -37.317020
-12.631991 -37.791252
-13.386143 -38.265492
-14.129703 -38.733072
-14.900796 -39.217966
-15.663418 -39.697533
-16.423932 -40.175774
-17.209846 -40.669988
-17.980939 -41.154882
-18.737212 -41.630455
-19.485000 -42.100694
-20.243381 -42.577594
-21.014474 -43.062488
-21.758034 -43.530068
-22.389325 -43.927049
-23.192181 -44.431916
-23.927270 -44.894169
-24.677180 -45.365742
-25.427089 -45.837314
-26.189724 -46.316889
-26.918450 -46.775141
-27.634463 -47.225398
-28.386494 -47.698305
-29.110991 -48.153897
-29.856659 -48.622803
-30.583276 -49.079728
-31.339523 -49.555286
-32.072504 -50.016213
-32.807580 -50.478458
-33.549019 -50.944704
-34.284095 -51.406949
-35.014941 -51.866534
-35.739426 -52.322119
-36.472406 -52.783046
-37.235016 -53.262605
-37.967971 -53.723516
-38.690359 -54.177782
-39.423315 -54.638693
-40.164753 -55.104939
-40.916784 -55.577846
-41.617976 -56.018783
-42.295851 -56.445058
-43.001286 -58.955168
-43.679173 -68.718413
-44.304102 -77.718919
-44.907835 -86.414146
-45.448017 -94.194087
-46.034808 -102.645311
-46.608911 -110.913806
-47.166035 -118.937750
-47.708350 -126.748420
-48.242182 -134.436904
-48.727297 -141.423742
-48.047288 -124.215520
-47.460497 -109.366261
-46.808022 -92.854801
-46.212760 -77.791178
-45.615377 -62.673885
-44.886639 -44.232509
-44.172759 -26.167154
-43.429199 -7.350723
-42.658106 0.296974
-41.920897 0.752496
-41.185821 1.206700
-40.425306 1.676622
-39.679639 2.137370
-38.936092 2.596808
-38.196774 3.053633
-37.448973 3.515700
-36.680000 3.990848
-35.923728 4.458149
-35.188652 4.912353
-34.430272 5.380956
-33.671878 5.849567
-32.909256 6.320792
-32.155105 6.786782
-31.394616 7.256689
-30.653164 7.714832
-29.886313 8.188670
-29.134283 8.653349
-28.380131 9.119340
-27.615401 9.591867
-26.840066 10.070947
-26.090156 10.534316
-25.310579 11.016017
-24.552199 11.484621
-23.787456 11.957156
-23.026954 12.427070
-22.253740 12.904839
-21.474163 13.386540
-20.692491 13.869535
-19.944690 14.331602
-19.196901 14.793661
-18.406732 15.281906
-17.652594 15.747889
-16.900563 16.212569
-16.131591 16.687717
-15.373210 17.156321
-14.625409 17.618387
-13.862787 18.089612
-13.095923 18.563458
-12.335421 19.033372
-11.577041 19.501975
-10.801706 19.981055
-10.053917 20.443114
-9.306116 20.905181
-8.528660 21.385571
-7.770279 21.854174
-7.022478 22.316241
-6.257747 22.788768
-5.484533 23.266538
-4.719790 23.739073
-3.969880 24.202442
-3.198774 24.678909
-2.429802 25.154057
-1.682001 25.616124
-0.906678 26.095196
-0.154648 26.559876
0.618566 27.037645
1.379080 27.507567
2.133219 27.973549
2.883129 28.436919
3.654234 28.913385
