0.000000 0.000000
0.000000 0.735385
0.427914 1.006733
0.699072 0.618258
1.090968 0.764048
1.360005 1.916142
1.919249 2.432698
2.323859 2.033129
2.794140 2.413185
3.126727 3.370870
3.927475 6.495527
4.562996 12.567734
5.181562 21.265084
5.795899 31.943490
6.350927 35.220648
6.632677 31.470940
7.107187 30.297959
7.799908 30.938643
8.534997 32.107360
9.251010 33.246748
9.592069 35.278615
10.594073 38.375187
11.327041 41.390449
11.964683 42.663763
12.920078 44.632428
13.655167 50.592580
14.402968 59.513701
15.142286 69.462056
15.688818 77.837295
16.051073 86.894863
16.542537 98.978573
17.074261 112.720475
17.586909 116.648828
17.851704 110.303087
18.355882 106.208922
19.046495 105.691296
19.785800 106.812315
20.531480 108.576318
21.315286 110.945232
22.065196 113.370525
22.599028 116.207155
23.266324 117.347275
24.007763 118.339705
24.696230 122.675147
25.367767 129.899454
26.111327 139.742979
26.791323 148.638421
27.168399 156.537154
27.589975 166.136945
28.041181 177.372802
28.511462 189.691380
28.960572 192.729792
29.231730 186.325518
29.738028 182.272566
30.434979 181.784295
31.180659 182.931310
31.936919 184.719101
32.718616 187.105917
33.470647 189.905479
34.161247 192.679580
34.654820 193.565246
34.953511 194.040957
35.703421 197.341505
36.457572 203.914931
37.247741 213.624783
38.004001 224.639167
38.601396 233.954085
38.969988 243.683472
39.476286 256.303985
39.995285 270.954320
40.543963 288.003688
41.118041 307.242373
41.696373 328.630136
42.289514 352.058729
42.878439 377.510935
43.477929 403.107414
43.982119 407.653668
44.327420 392.566705
44.848551 382.057122
45.441692 378.596638
45.878090 378.481986
46.524202 379.034919
47.246578 379.942848
47.971075 381.200899
48.701909 382.785781
49.413693 384.714475
50.144540 387.023981
50.881750 389.678997
51.610476 392.604094
52.311656 394.852258
52.625180 398.160060
53.394165 404.851242
53.991548 416.417342
54.561397 433.762728
55.059224 451.964869
55.389678 468.980589
55.688382 495.756072
56.213743 527.614131
56.559044 510.867474
57.387338 466.767940
57.861860 438.473552
58.558811 414.685536
59.323541 403.166196
60.092539 401.926700
60.861511 405.839981
61.611421 412.672990
62.357089 422.565106
63.119724 435.460690
63.869634 451.311380
64.625906 469.857911
65.356740 488.652462
65.945652 506.105121
66.456192 524.941890
67.028162 546.605667
67.606482 567.974862
68.085233 588.227536
68.544935 607.631686
68.938953 626.700931
69.313908 651.685558
69.775718 654.602412
70.144323 629.413042
70.676033 608.199306
71.284021 597.813491
71.733105 595.412830
72.430069 596.630904
73.169386 600.524720
73.917188 606.351984
74.656506 614.273756
75.425478 624.290328
76.181750 636.369455
76.950722 650.499538
77.709116 666.316325
78.446313 683.041069
79.122080 698.829469
79.664395 716.614570
80.376166 739.498941
81.060417 766.910476
81.670512 797.306834
82.172569 826.913082
82.568720 858.998756
83.011455 845.706255
83.839749 797.352071
84.439252 768.366694
84.996388 746.805827
85.748419 734.075129
86.519512 732.102693
87.284255 735.674666
88.038407 742.222793
88.788316 751.946494
89.563651 764.737763
90.317803 780.453343
91.076183 799.032032
91.819743 814.575852
92.196818 825.394244
92.527285 838.423692
92.991216 856.288763
93.544123 878.372776
94.154219 902.716215
94.732539 925.101846
95.177407 945.836110
95.611683 967.314764
95.984517 989.601335
96.312863 989.925286
96.634859 965.555770
97.128444 942.598139
97.723706 930.594354
98.011805 926.699669
98.780803 926.153522
99.488333 929.222701
100.202238 934.142093
100.922493 941.100708
101.672415 950.068734
102.409600 960.655630
103.117155 973.286180
103.869185 987.993089
104.597911 1003.859593
105.284270 1020.777425
105.955808 1036.086519
106.419726 1053.019151
107.108206 1076.094723
107.773381 1103.654726
108.353822 1134.973006
108.870712 1165.862154
109.262621 1197.140436
109.669351 1180.098888
110.561196 1129.573957
111.143758 1100.126274
111.751732 1077.834354
112.529188 1065.702912
113.308752 1064.277965
114.077725 1068.224488
114.842468 1075.176629
115.594498 1085.433159
116.386788 1098.918269
117.153652 1115.343947
117.920503 1134.224484
118.642879 1149.362994
118.990300 1160.984007
119.386426 1175.764702
119.873662 1195.048735
120.456223 1218.321856
121.068440 1243.482531
121.653109 1266.816006
122.108582 1287.826984
122.504721 1310.144540
122.875434 1336.479727
123.252509 1367.796479
123.629572 1403.453459
123.998190 1451.412703
124.498125 1510.214702
124.945102 1579.913203
125.478946 1665.016754
126.008549 1661.812795
126.578398 1576.356928
127.078346 1501.227769
127.671487 1441.516752
128.071880 1389.851459
128.749768 1337.982006
129.465781 1303.724027
130.192386 1287.602913
130.925354 1284.153434
131.675264 1286.248416
132.406111 1290.521849
133.128487 1296.559935
133.844513 1304.545902
134.588059 1314.263460
135.293494 1325.540510
136.003157 1338.485808
136.702216 1349.110206
137.053879 1363.243100
137.933011 1382.922664
138.640553 1402.202328
139.333262 1423.580241
140.030225 1448.807975
140.676338 1477.619286
141.212291 1508.038228
141.671980 1546.756100
142.263012 1598.157554
142.870987 1642.822564
143.190874 1679.460944
143.548875 1732.507982
144.082706 1805.748604
144.667389 1890.303439
145.247830 1983.343629
145.830392 1990.678907
146.321869 1901.485798
146.940435 1807.904397
147.603489 1731.247210
148.103425 1660.809301
148.838514 1587.818817
149.590544 1528.586721
150.329862 1483.513823
151.086134 1452.044439
151.865698 1435.329661
152.621971 1431.223767
153.382472 1434.081216
154.130273 1440.836633
154.882304 1451.165117
155.632213 1464.850991
156.365181 1482.237813
157.127804 1501.387162
157.754841 1521.848798
158.405195 1544.509337
159.015290 1570.421669
159.695286 1601.239611
160.404962 1635.107845
161.087079 1671.009939
161.758617 1709.259922
162.387775 1751.790248
162.972458 1796.672274
163.432160 1846.984433
163.934203 1902.872069
164.364251 1956.733277
164.732843 2007.432902
165.050610 2054.171932
165.321755 2114.760779
165.756031 2184.152671
166.082269 2159.699558
166.681785 2062.984736
167.183841 1976.691308
167.817241 1910.744259
168.154058 1848.849708
168.959060 1781.101796
169.696257 1738.027569
170.437696 1715.815277
171.174905 1710.506259
171.952348 1713.590858
172.702258 1720.360010
173.443697 1730.622960
174.199969 1744.515819
174.960483 1761.524127
175.687088 1781.261672
176.400993 1804.368425
177.136069 1830.437399
177.839383 1855.923256
178.402869 1884.659964
179.127366 1919.743181
179.847621 1958.528669
180.589047 2001.140034
181.328377 2047.054559
182.025328 2098.228260
182.690503 2157.077327
183.334495 2218.343968
183.868339 2278.536254
184.359804 2331.702413
184.700862 2375.995504
185.005904 2417.575059
185.277061 2460.723478
185.575753 2514.826285
185.957058 2586.629918
186.429472 2585.325525
186.918829 2495.638153
187.520440 2401.635240
188.172903 2329.284215
188.575404 2260.956966
189.316843 2183.340033
190.054039 2119.647126
190.795478 2069.953291
191.526325 2033.809067
192.288947 2011.504708
193.024036 2002.516667
193.776067 2002.636027
194.502684 2007.896552
195.231410 2017.014639
195.985562 2029.431091
196.678271 2045.236804
197.406997 2065.877860
198.190815 2087.590507
198.773364 2109.905461
199.408885 2135.458521
200.027464 2163.896264
200.669322 2196.715184
201.351451 2233.437164
202.027231 2272.993716
202.698756 2315.431502
203.323685 2363.710718
203.925297 2415.841015
204.410424 2470.947964
204.887055 2528.379935
205.293798 2581.789513
205.628507 2634.303306
205.963202 2692.414564
206.316986 2778.298895
206.893173 2866.439039
207.213060 2862.197253
207.575302 2787.976785
207.958741 2703.319106
208.507393 2609.229554
209.115381 2538.484478
209.481864 2470.383241
210.263549 2396.392499
210.998638 2345.822937
211.742185 2315.998091
212.483624 2304.690925
213.229304 2304.983263
214.000410 2310.820113
214.775745 2319.940869
215.495988 2332.151094
216.222605 2347.856673
216.961923 2366.881982
217.688528 2389.136737
218.419388 2414.691924
219.145980 2440.280871
219.726434 2467.921962
220.414913 2501.353590
221.130927 2539.053571
221.863882 2580.958533
222.611683 2626.871859
223.346772 2677.434463
224.039481 2733.862458
224.681364 2799.471304
225.344418 2866.859271
225.861296 2930.131610
226.335819 2986.622607
226.681119 3037.548634
227.026419 3088.001457
227.331473 3139.475824
227.657711 3202.698737
228.068670 3192.086976
228.606744 3095.560249
229.235902 2998.978931
229.892606 2930.981038
230.220952 2861.161229
231.066200 2777.093628
231.818231 2713.397669
232.563899 2664.255477
233.305337 2628.870378
234.074322 2607.644024
234.830582 2599.798305
235.588975 2600.945143
236.330401 2607.176647
237.057019 2617.557846
237.815412 2631.968535
238.548367 2650.072371
239.277106 2673.463316
240.086337 2698.228699
240.681599 2723.186554
241.317120 2751.930023
241.956869 2784.391422
242.619924 2821.606339
243.316874 2862.191626
243.982049 2905.589515
244.659937 2953.192701
245.295458 3008.651390
245.920400 3069.533194
246.435169 3130.780605
246.894858 3192.182006
247.301588 3251.815891
247.659588 3310.876700
248.000660 3371.837020
248.333247 3429.471504
248.602284 3491.497837
248.943343 3567.226876
249.307706 3654.640062
249.708086 3768.001584
250.237688 3892.647412
250.695257 4012.912653
251.184600 4144.530322
251.743870 4157.645764
252.218393 4052.861926
252.652657 3949.742291
253.194972 3844.780855
253.743638 3753.202170
254.258407 3665.129537
254.925716 3577.690176
255.654429 3505.306482
256.397989 3453.363659
257.128835 3422.225433
257.891458 3409.627973
258.613834 3409.058494
259.346802 3413.363705
260.075540 3420.603796
260.821208 3430.737057
261.554163 3443.323313
262.255356 3458.436868
262.967140 3476.551935
263.693758 3497.701304
264.424592 3519.503942
265.032579 3541.636482
265.649037 3568.524648
266.386234 3600.563865
267.127672 3634.580472
267.828852 3670.278865
268.527924 3709.455443
269.258783 3751.949716
269.979038 3797.117958
270.684460 3848.037811
271.387760 3906.071968
272.035994 3972.074470
272.686348 4035.929991
273.150279 4092.349532
273.573951 4154.195038
274.046340 4211.979147
274.361986 4258.064807
274.639494 4302.392052
274.908543 4360.648220
275.323744 4437.050930
275.764371 4525.445176
276.257956 4633.971438
276.840518 4762.531298
277.450613 4904.102177
278.067059 5054.939371
278.694109 5208.343037
279.321158 5354.729271
279.918541 5383.884888
280.280783 5290.085438
280.768019 5174.247589
281.392947 5052.701867
282.019985 4943.155431
282.619488 4835.342171
283.356698 4728.797413
284.096015 4634.827480
284.856517 4554.283916
285.610668 4489.081981
286.349986 4438.227837
287.102017 4401.207162
287.851939 4378.570554
288.595486 4369.083915
289.311499 4368.805256
290.088955 4373.361158
290.838865 4381.207167
291.597258 4388.570944
291.927724 4395.675924
292.425552 4408.074162
293.154278 4424.418441
293.813090 4443.819247
294.550287 4466.863713
295.264192 4492.192459
295.961143 4520.618628
296.683519 4552.260933
297.395303 4586.120565
298.088025 4622.809200
298.797688 4663.843143
299.541235 4707.994554
300.255140 4753.597779
300.949970 4800.410896
301.617278 4849.228044
302.293033 4900.038766
302.945508 4950.500919
303.521707 4999.045905
303.994121 5054.826675
304.540653 5113.945171
304.945275 5174.849537
305.402844 5240.751718
305.796861 5302.982588
306.142174 5361.970164
306.451444 5423.274257
306.781924 5488.149275
307.093328 5566.886553
307.514879 5647.972738
307.813583 5717.273773
308.099562 5803.890634
308.523246 5791.039191
309.078262 5680.603381
309.501959 5580.877757
310.052720 5471.746575
310.684012 5394.668015
310.965761 5312.689425
311.855485 5215.916348
312.563027 5150.766134
313.298116 5104.694715
314.022600 5078.893003
314.787343 5070.174991
315.535145 5070.886438
316.253279 5074.867565
316.971413 5081.001743
317.681077 5089.528751
318.426757 5100.204354
319.130058 5112.876474
319.846084 5127.984498
320.574810 5145.530964
321.307777 5165.000298
322.013212 5186.333567
322.722862 5203.604675
323.078754 5226.493458
323.998145 5257.805707
324.718401 5287.741572
325.434401 5319.785540
326.150440 5353.642208
326.851620 5390.636454
327.603650 5430.350647
328.323905 5470.453522
329.010264 5513.455161
329.753811 5559.674895
330.474079 5607.336958
331.192213 5655.143121
331.855267 5701.790679
332.444192 5750.105865
332.992844 5799.733586
333.467367 5847.782453
333.882568 5904.910462
334.422763 5959.217306
334.732046 6002.221095
335.047692 6055.536223
335.462905 6126.554522
335.962841 6206.562098
336.431001 6288.721252
336.894932 6373.561455
337.339788 6376.842678
337.750760 6293.082185
338.242224 6194.959492
338.890458 6088.252291
339.602229 6000.397927
340.127590 5922.459602
340.862666 5843.027544
341.604117 5776.775715
342.356135 5724.307008
343.108166 5686.393107
343.847483 5662.780065
344.588922 5652.176537
345.349424 5651.072935
346.095117 5654.658065
346.813251 5661.086420
347.575861 5670.506892
348.334254 5682.837739
349.096876 5698.062616
349.855257 5709.810032
350.134885 5720.069212
350.649654 5738.001698
351.397443 5760.347212
352.073223 5785.158951
352.810432 5813.035341
353.517962 5843.729815
354.261522 5877.000549
354.969064 5911.236058
355.646952 5947.871145
356.352373 5988.065551
357.070520 6030.779922
357.775954 6075.703236
358.483497 6122.977544
359.184689 6172.123995
359.875277 6224.459394
360.595532 6276.322429
361.214111 6327.176236
361.798781 6383.504911
362.351688 6446.563042
362.874928 6514.340242
363.360043 6582.221327
363.779486 6652.235272
364.207412 6723.461752
364.578113 6792.347226
364.927655 6859.305082
365.239059 6928.906604
365.577996 7033.077996
366.149979 7135.889896
366.444428 7104.769419
367.022761 6990.491791
367.469725 6888.424386
368.037466 6780.580793
368.662394 6706.841443
368.931431 6628.391227
369.812684 6533.182894
370.556244 6468.960397
371.299791 6426.397833
371.998862 6404.171723
372.748785 6397.553062
373.513528 6398.964296
374.231662 6402.970820
374.943433 6408.955102
375.646747 6417.217899
376.394535 6427.638700
377.110549 6440.022898
377.835058 6454.405118
378.544722 6471.064974
379.284027 6489.880900
380.000053 6510.420741
380.711824 6533.122828
381.434200 6554.617909
381.970153 6577.770412
382.684058 6605.830936
383.389480 6635.781926
384.097022 6668.652438
384.840594 6704.342319
385.577791 6741.611953
386.298046 6780.495587
387.016180 6821.332379
387.732194 6864.902083
388.471524 6910.702863
389.191767 6956.927606
389.880259 7003.414595
390.545434 7051.875404
391.176700 7103.023292
391.738079 7154.294088
392.218951 7202.072456
392.612982 7244.300262
392.932856 7288.714870
393.312040 7337.780514
393.661582 7383.918220
393.960274 7437.320925
394.369138 7506.071295
394.822464 7582.040784
395.267332 7659.421812
395.686775 7658.597322
396.116810 7575.216732
396.629471 7480.636928
397.275571 7380.767705
397.981005 7300.963409
398.472469 7231.767301
399.180012 7159.134879
399.929921 7098.128053
400.684073 7051.753497
401.419162 7019.916184
402.150008 7001.746087
402.887205 6995.345030
403.649828 6996.210914
404.387025 7000.595777
405.117871 7007.638484
405.867781 7017.537539
406.632524 7030.096561
407.378205 7045.176935
408.123873 7062.499418
408.839899 7083.528334
409.657601 7107.499228
410.392677 7131.226892
411.038802 7157.632136
411.786591 7188.111759
412.519546 7220.003061
413.216509 7253.136674
413.900747 7288.560550
414.597698 7327.398995
415.322182 7368.010843
416.000082 7410.561052
416.709746 7455.924217
417.404575 7503.432230
418.107876 7553.647474
418.813310 7603.911654
419.457302 7653.935835
420.092822 7708.073840
420.709268 7766.326541
421.238883 7832.960474
421.808719 7904.243318
422.274771 7972.755097
422.698456 8041.324215
423.090353 8112.490987
423.482262 8185.215282
423.840262 8255.162249
424.162271 8350.480706
424.704573 8448.824150
425.015977 8528.492537
425.369749 8631.600471
425.878168 8752.411707
426.390829 8879.753832
426.969149 9014.108151
427.558048 9144.590281
428.119438 9270.754742
428.687166 9281.056744
429.187115 9187.073201
429.615028 9098.553538
430.155210 9005.285671
430.756847 8932.231391
431.159348 8865.239291
431.866891 8793.570502
432.606209 8739.866144
433.379423 8707.303662
434.125091 8694.402518
434.860179 8692.977726
435.646106 8695.839761
436.421441 8700.449837
437.156530 8706.544689
437.859843 8714.264809
438.584327 8724.168267
439.361783 8735.853908
440.090509 8748.813572
440.808643 8763.534969
441.543719 8780.670293
442.321175 8799.558845
443.054143 8819.507792
443.776506 8840.860930
444.490411 8861.851191
445.094169 8884.464208
445.814412 8911.004569
446.555851 8939.667200
447.297302 8970.183986
448.042970 9002.419316
448.782288 9036.021601
449.511014 9071.096235
450.239740 9108.265095
450.983299 9147.855796
451.737451 9188.804492
452.466189 9229.894776
453.165248 9273.773326
453.929991 9320.455394
454.665067 9366.634488
455.359910 9411.351771
456.003901 9453.492632
456.575858 9495.048585
457.116053 9535.778701
457.550329 9571.527391
457.882917 9607.207007
458.249401 9645.950969
458.590459 9686.497822
458.940002 9729.926418
459.285289 9780.971334
459.704732 9846.144409
460.198318 9919.509922
460.666490 9997.933612
461.157955 10080.928212
461.621886 10164.778611
462.068862 10271.878433
462.712854 10406.706850
463.388621 10545.454982
464.053809 10686.826126
464.750747 10833.193360
465.449818 10973.328755
466.072626 11005.667384
466.396730 10928.032217
466.831007 10831.316498
467.396614 10718.423207
468.091456 10619.804278
468.587163 10531.115799
469.290476 10434.864580
470.044615 10350.302010
470.775462 10280.347259
471.519009 10223.573725
472.266810 10181.440035
472.980702 10153.409182
473.705199 10138.387705
474.431804 10134.134678
475.158422 10135.217190
475.914682 10138.300185
476.645529 10142.945577
477.372147 10149.374797
478.136877 10157.543138
478.880437 10167.249603
479.619754 10178.427360
480.342130 10191.606015
481.119586 10206.669356
481.865254 10223.202371
482.617285 10240.936241
483.326948 10260.018062
484.057795 10280.995246
484.790763 10303.545214
485.519501 10327.257242
486.227031 10352.462854
486.951528 10379.023838
487.650587 10406.738367
488.356034 10436.113339
489.063563 10467.422902
489.788060 10500.815093
490.518907 10534.728201
491.201024 10569.694655
491.912808 10606.377960
492.605530 10645.101827
493.336364 10684.563116
494.003673 10722.607659
494.637073 10761.625421
495.293777 10801.666491
495.920814 10842.132645
496.552106 10881.336279
497.107121 10918.493446
497.647316 10954.531073
498.145130 10990.824310
498.668383 11027.877031
499.125951 11069.375845
499.619549 11120.086643
500.121606 11176.881351
500.594008 11234.200074
501.000738 11292.513687
501.405347 11350.351659
501.746418 11413.919342
502.163740 11484.644184
502.538695 11548.874636
502.841641 11616.525872
503.212354 11692.102116
503.561883 11780.524726
504.032164 11774.627158
504.587180 11677.563163
505.019335 11594.483757
505.527755 11505.784071
506.150550 11421.956144
506.762766 11358.602161
507.254256 11305.370970
507.940615 11257.349999
508.684162 11227.372182
509.431963 11215.504871
510.181873 11214.229578
510.912720 11216.585805
511.664750 11220.569921
512.437964 11225.917851
513.147627 11232.444742
513.853062 11240.448938
514.579667 11250.211782
515.335939 11261.349738
516.051952 11273.718498
516.778558 11287.515064
517.496704 11303.008721
518.246614 11319.963175
518.966869 11338.245418
519.704066 11357.955858
520.424321 11378.832517
521.142455 11401.433157
521.881786 11421.822664
522.390192 11443.351497
523.123160 11469.972084
523.854007 11496.943041
524.531895 11524.823445
525.239437 11555.475413
525.985118 11587.965820
526.711723 11622.153954
527.465874 11657.912329
528.196721 11694.309925
528.916976 11732.666573
529.666886 11773.416128
530.421037 11814.960241
531.145534 11856.745917
531.857306 11900.013191
532.583923 11945.284154
533.314758 11990.317491
533.990525 12035.312441
534.679017 12079.130022
535.284870 12118.209290
535.806002 12154.001299
536.295346 12185.238238
536.659709 12213.532408
537.013480 12245.505777
537.399027 12282.911324
537.803649 12324.076775
538.197666 12373.869599
538.687010 12436.098940
539.212371 12506.136414
539.735624 12583.111104
540.273684 12666.254811
540.799045 12753.485452
541.313814 12842.992654
541.801050 12933.402773
542.269210 12944.025374
542.627210 12863.270704
543.125038 12764.841680
543.743617 12657.296813
544.461738 12567.241343
544.972278 12489.213031
545.675579 12405.527653
546.465747 12334.606170
547.183881 12279.795933
547.938033 12237.882226
548.683701 12210.504062
549.416668 12197.012248
550.160228 12194.024199
550.893196 12195.591446
551.636743 12198.754146
552.397244 12203.476440
553.140804 12209.694043
553.882242 12217.637689
554.655457 12227.194022
555.403245 12238.336953
556.170109 12251.059379
556.917898 12264.360676
557.585207 12280.724578
558.470689 12299.897521
559.246024 12319.215456
559.993813 12339.490890
560.722551 12360.938133
561.447036 12384.040099
562.186366 12409.225344
562.944734 12436.154910
563.694656 12463.666732
564.402199 12491.728342
565.105512 12522.016744
565.851192 12554.843006
566.603210 12587.805601
567.289582 12622.118128
568.035249 12658.350664
568.742805 12695.408666
569.463047 12735.119367
570.215077 12774.040423
570.856961 12812.965859
571.560261 12854.465286
572.246620 12898.407191
572.983830 12943.294575
573.657476 12985.486029
574.271800 13025.961872
574.860737 13065.002063
575.405161 13103.979422
575.943222 13146.691510
576.470704 13193.282231
576.943118 13243.864539
577.407037 13301.794989
577.890030 13368.865805
578.387858 13439.706753
578.830605 13498.504131
579.112355 13556.603640
579.495780 13623.057952
579.834731 13690.608154
580.188489 13759.395980
580.506256 13831.525803
580.868511 13840.815095
581.152381 13777.987384
581.493439 13704.167155
581.940429 13619.216351
582.489081 13531.709991
583.101310 13453.430988
583.700814 13394.070452
584.196520 13344.205728
584.884987 13300.348509
585.641272 13274.930947
586.403894 13266.967386
587.143200 13267.309195
587.880409 13269.942618
588.615498 13274.052707
589.361166 13279.621932
590.098388 13286.493584
590.814389 13294.523699
591.511352 13304.206705
592.267611 13315.638258
593.011171 13328.173203
593.725076 13341.949608
594.449560 13357.336612
595.184649 13374.263702
595.919738 13392.772214
596.665418 13412.515360
597.385673 13433.354122
598.108037 13455.853526
598.845234 13479.756703
599.567610 13500.933673
600.076029 13523.334261
600.800513 13550.807540
601.522889 13578.261903
602.179606 13606.995980
602.899848 13638.810290
603.639179 13673.080945
604.403909 13708.884143
605.145348 13744.748194
605.852903 13782.155371
606.598571 13821.986496
607.344251 13862.751277
608.070857 13904.851745
608.812295 13948.372213
609.538900 13992.939939
610.267626 14038.570990
610.983652 14085.532511
611.710257 14132.337120
612.381795 14178.024238
613.038487 14222.984822
613.657066 14264.526216
614.173943 14301.935103
614.606099 14334.158429
614.919624 14367.224211
615.300941 14410.384410
615.754268 14457.990428
616.152527 14511.414119
616.631292 14576.209331
617.137577 14649.803479
617.665072 14729.549450
618.177720 14813.334483
618.684018 14902.341790
619.192424 14989.591741
619.624580 14993.301454
620.018610 14911.103529
620.516425 14815.211035
621.137125 14712.672741
621.827712 14627.498679
622.336131 14552.940463
623.024611 14474.051842
623.791463 14406.043293
624.530780 14353.621952
625.261627 14315.056231
625.996716 14289.995947
626.738142 14278.144161
627.471110 14275.902399
628.195607 14277.593973
628.930695 14280.785761
629.680605 14285.505515
630.430515 14291.681714
631.169832 14299.410473
631.928213 14308.778888
632.688727 14319.642763
633.440758 14331.798575
634.173725 14345.649161
634.944806 14360.059808
635.595160 14377.782719
636.516672 14398.059074
637.255990 14418.094751
638.018612 14439.687129
638.762159 14461.233828
639.427347 14484.370442
640.181486 14510.356558
640.933516 14537.705418
641.679184 14566.052850
642.405815 14595.245529
643.121815 14625.987394
643.854796 14658.319530
644.579280 14691.319962
645.280472 14725.177414
645.983786 14760.853345
646.704028 14798.445828
647.428525 14836.666994
648.121234 14874.190023
648.773709 14913.595367
649.487614 14956.407839
650.212098 15000.062801
650.909049 15043.926963
651.597528 15087.456555
652.245762 15130.039903
652.870691 15171.053517
653.442661 15212.416102
654.006160 15257.177052
654.520916 15304.376501
654.978497 15356.338818
655.450899 15413.885647
655.897875 15479.019852
656.385111 15548.245088
656.806675 15611.027545
657.147733 15670.455673
657.482442 15731.441606
657.804438 15798.309197
658.164571 15869.900330
658.503522 15951.500455
658.942015 16055.746356
659.501285 16170.970929
660.060529 16283.727099
660.604965 16402.223983
661.210832 16522.354689
661.753134 16632.235936
662.244612 16631.632549
662.761514 16542.704325
663.138577 16464.689893
663.627934 16381.144893
664.163886 16297.663073
664.805770 16239.742549
665.079036 16184.792847
665.917921 16121.904611
666.653010 16084.809624
667.392328 16066.322780
668.169771 16061.194294
668.923935 16062.142211
669.648419 16064.895277
670.353854 16068.978536
671.110126 16074.394564
671.843081 16081.039900
672.582399 16088.897878
673.306896 16097.949882
674.035634 16108.657989
674.813078 16120.653140
675.541816 16133.424096
676.257830 16147.429470
676.986556 16163.300585
677.759757 16180.559496
678.496967 16198.628988
679.227814 16217.818953
679.954431 16238.226384
680.683157 16260.140423
681.426717 16283.347733
682.157564 16303.472101
682.649028 16323.995283
683.343871 16349.880997
684.085297 16377.897061
684.828856 16407.160971
685.568187 16438.081799
686.328688 16470.160327
687.061643 16502.980266
687.796732 16537.317301
688.540292 16570.818569
689.190633 16605.916858
689.949027 16644.395794
690.686223 16683.156999
691.406479 16723.538106
692.156388 16765.593735
692.891477 16808.700491
693.632916 16852.686542
694.355279 16897.474390
695.081897 16943.697062
695.810623 16989.247357
696.480040 17032.660034
697.111319 17075.393237
697.732006 17114.687347
698.240425 17146.249537
698.623850 17171.173381
698.935254 17197.441145
699.337756 17230.499409
699.780490 17267.618291
700.202054 17307.997367
700.629968 17357.092859
701.138387 17418.494128
701.695523 17488.811730
702.250539 17566.771546
702.822509 17649.780997
703.358461 17736.532233
703.896535 17825.457433
704.390120 17911.413067
704.837110 18007.003689
705.377291 18129.168517
706.027633 18271.615039
706.699171 18421.901254
707.383409 18573.414660
708.048584 18725.100907
708.720109 18870.755709
709.319625 18903.209442
709.641621 18817.523679
710.092852 18709.727054
710.666930 18586.300272
711.353276 18465.432565
712.007872 18365.288323
712.571371 18269.829213
713.308556 18173.777606
714.045765 18089.937463
714.816858 18019.420440
715.575239 17964.593246
716.318799 17924.465323
717.062358 17898.071421
717.841922 17885.446774
718.583361 17883.056754
719.316329 17884.447628
720.053526 17887.150237
720.841573 17891.109984
721.589375 17896.275883
722.351997 17902.689703
723.104028 17910.407769
723.875121 17919.440828
724.637743 17929.614226
725.389774 17941.059728
726.154517 17953.938618
726.927718 17968.009690
727.683990 17983.112073
728.433900 17999.698783
729.211356 18017.900548
729.990920 18037.360090
730.764134 18056.663805
731.439901 18077.057566
732.204644 18099.640049
732.952433 18123.443659
733.715068 18148.584251
734.469207 18174.633722
735.212779 18201.305742
735.935142 18228.741797
736.657506 18257.398879
737.384136 18287.871495
738.138275 18319.183480
738.850059 18351.112459
739.578785 18384.406167
740.301161 18418.744488
741.025658 18454.324495
741.752250 18489.776196
742.428030 18525.539578
743.124981 18562.660421
743.813473 18602.931223
744.584566 18644.786594
745.289988 18684.645333
745.953055 18724.449689
746.622459 18764.616305
747.266451 18803.975923
747.880788 18842.625201
748.476049 18879.617242
749.016244 18915.767949
749.564922 18952.775720
750.111467 18988.732288
750.611402 19025.385737
751.160080 19065.139320
751.691791 19108.693090
752.206560 19158.203916
752.712858 19212.852334
753.191623 19272.898893
753.674604 19337.977451
754.134306 19405.979533
754.574920 19477.003821
755.002846 19548.845775
755.394755 19617.246803
755.737922 19690.359178
756.136181 19770.271818
756.511149 19859.831708
756.970838 19849.666334
757.549158 19748.618628
757.983435 19664.072863
758.491854 19576.841429
759.070174 19492.690762
759.699344 19432.709337
760.053103 19378.396287
760.832680 19321.094699
761.569889 19286.147916
762.311315 19269.856230
763.069708 19266.303337
763.815389 19267.639463
764.525052 19270.320439
765.253778 19274.228509
765.993109 19279.387776
766.738776 19285.691735
767.465382 19293.167662
768.204699 19301.746187
768.920725 19311.526057
769.662164 19322.949984
770.437499 19335.360334
771.151391 19348.451165
771.867417 19362.985297
772.610964 19379.333344
773.384191 19396.818629
774.119267 19414.999303
774.848006 19434.098258
775.564032 19454.513807
776.303337 19476.507868
777.046897 19499.605427
777.779864 19523.802656
778.517061 19549.302121
779.256392 19575.640806
779.974526 19597.662775
780.432094 19621.042459
781.171412 19651.346194
781.931926 19682.455068
782.652169 19714.228791
783.387257 19747.604726
784.126588 19780.481421
784.791763 19814.925462
785.548023 19851.338936
786.249202 19889.080000
787.009716 19928.995935
787.749034 19969.808788
788.496823 20011.771626
789.234032 20054.704653
789.973350 20098.966772
790.714789 20145.169902
791.477411 20191.916296
792.197666 20238.925117
792.930634 20287.087103
793.650889 20334.583852
794.330898 20381.989573
795.017257 20429.805417
795.680311 20477.937795
796.347607 20523.219762
796.908973 20561.726367
797.375025 20593.191444
797.737267 20620.796946
798.093159 20653.122999
798.559211 20694.020127
799.071859 20738.148807
799.520956 20787.653713
800.037846 20847.799767
800.586499 20917.268196
801.156348 20995.634727
801.738910 21082.880249
802.334184 21175.267897
802.893441 21270.334552
803.439986 21365.460951
803.933571 21461.741650
804.433507 21561.998533
804.916513 21574.766886
805.276647 21488.958071
805.759641 21386.124275
806.350673 21274.477666
807.022199 21165.850487
807.702207 21078.114552
808.227568 20997.910969
808.958415 20916.422734
809.685033 20848.041379
810.426459 20792.295874
811.184852 20751.035545
811.905095 20724.338969
812.625350 20710.710231
813.385864 20707.464490
814.148486 20708.629034
814.851787 20710.930048
815.595346 20714.505610
816.362210 20719.293275
817.112120 20725.259773
817.868380 20732.431800
818.620410 20740.728891
819.363982 20750.229665
820.118108 20760.924151
820.863789 20772.758905
821.611590 20785.770684
822.357271 20800.574969
823.164368 20816.744751
823.922762 20833.413058
824.659959 20851.226130
825.414110 20870.545050
826.176732 20891.103339
826.933005 20912.469126
827.668081 20933.213293
828.309951 20955.624697
829.081044 20980.610634
829.816133 21006.438759
830.566043 21034.103727
831.337136 21062.723024
832.074346 21091.743862
832.805192 21121.411907
833.519098 21153.225494
834.296541 21185.680008
834.989262 21217.590477
835.692576 21250.986979
836.404360 21286.179580
837.137315 21323.116927
837.874512 21358.542601
838.507912 21393.473778
839.187920 21431.241520
839.891234 21471.222543
840.613610 21512.138030
841.312681 21553.304536
842.007511 21595.435158
842.704461 21639.462599
843.426837 21685.086808
844.140743 21729.060734
844.780492 21771.469558
845.418134 21814.376634
846.047305 21855.975830
846.623504 21895.118438
847.161577 21933.345031
847.689059 21972.529285
848.184765 22016.219972
848.684701 22067.165943
849.186757 22128.695265
849.741785 22195.638275
850.216308 22259.513501
850.631509 22325.708441
851.063665 22394.156044
851.449212 22462.500511
851.828408 22531.998157
852.184300 22603.830674
852.548663 22681.893866
852.929981 22764.156771
853.307044 22739.974186
853.934081 22631.639776
854.385312 22543.628889
854.914902 22455.100357
855.488993 22369.565666
856.152047 22311.418194
856.440146 22257.232746
857.306579 22197.283502
858.041655 22163.945046
858.795806 22149.156923
859.535124 22146.626694
860.276575 22148.243323
861.005301 22150.997032
861.729798 22154.899766
862.458524 22159.990039
863.193613 22166.312857
863.937160 22173.827391
864.674357 22182.352958
865.390383 22192.056720
866.129700 22203.328616
866.898673 22215.752687
867.631640 22228.989714
868.356137 22243.318106
869.082755 22259.151345
869.839015 22276.465990
870.591058 22294.435733
871.302829 22313.276419
872.031555 22333.508898
872.762402 22355.157431
873.508083 22378.183556
874.251642 22402.269729
874.988839 22427.172091
875.711215 22453.123489
876.442062 22480.666752
877.187730 22509.896025
877.944002 22533.344203
878.354974 22557.065937
879.079459 22588.513844
879.816668 22621.404417
880.553865 22655.524741
881.293183 22689.414757
881.973192 22724.011977
882.695555 22760.864783
883.422173 22799.654851
884.174203 22840.259031
884.924113 22881.785177
885.665552 22924.088156
886.400640 22967.578953
887.142079 23012.378731
887.881397 23058.842483
888.637669 23106.644581
889.381229 23155.109465
890.120546 23204.116707
890.845031 23252.516382
891.533510 23301.723471
892.249524 23351.515698
892.925303 23402.863549
893.654029 23454.917937
894.321313 23501.346747
894.876341 23540.427572
895.333909 23575.926843
895.776657 23609.002381
896.136778 23647.636832
896.630363 23697.271058
897.134541 23748.731282
897.573059 23807.192235
898.109012 23879.174938
898.676740 23960.554739
899.255047 24047.468493
899.807954 24137.620140
900.346040 24230.658239
900.862918 24325.396353
901.358611 24421.609423
901.837376 24427.482089
902.258940 24337.603636
902.754646 24236.840074
903.360500 24128.157405
904.048967 24027.686922
904.680246 23946.595732
905.237382 23869.066614
905.983075 23792.277475
906.737226 23729.733439
907.480773 23681.457416
908.237046 23647.457368
908.970001 23627.877876
909.690256 23620.057142
910.457120 23619.245190
911.221863 23621.067158
911.942106 23624.041442
912.694136 23628.321709
913.469471 23633.747796
914.208802 23640.336373
914.971411 23648.162052
915.723442 23657.210361
916.488185 23667.483815
917.244457 23678.832545
917.992246 23691.313052
918.742155 23701.246547
919.106518 23709.241167
919.578933 23721.791472
920.343664 23738.027096
921.085102 23755.362949
921.841375 23774.250279
922.612468 23794.493545
923.379319 23815.602353
924.125012 23837.825696
924.885514 23861.292486
925.635411 23883.685098
926.262460 23907.233374
927.016612 23934.156286
927.777126 23962.273783
928.531265 23991.681414
929.296008 24021.799629
930.026855 24053.022074
930.787356 24085.908777
931.541508 24118.718585
932.246929 24151.561135
932.954484 24185.970178
933.681089 24222.629179
934.435241 24260.079781
935.149146 24295.598787
935.788896 24331.600544
936.483725 24371.262306
937.220922 24413.016225
937.951769 24455.140990
938.663566 24497.783214
939.375350 24541.750942
940.095593 24587.126338
940.817981 24633.798317
941.544586 24679.495104
942.205532 24724.934551
942.893999 24770.638563
943.535883 24816.240304
944.194695 24860.788512
944.783620 24900.857227
945.279313 24941.953488
945.794095 24988.556983
946.279197 25042.961980
946.804558 25104.615334
947.296035 25171.953742
947.798092 25242.984116
948.251431 25313.833440
948.675116 25383.145804
949.052191 25452.005004
949.422917 25526.741378
949.819043 25599.961613
950.138930 25673.515939
950.505414 25764.510676
950.962983 25876.650402
951.505298 26007.808637
952.125985 26136.658901
952.649225 26263.011129
953.252970 26392.864808
953.812240 26518.602271
954.384210 26528.600897
954.888387 26437.077171
955.278176 26354.988732
955.769640 26267.466236
956.314077 26180.635183
956.941127 26110.665789
957.392345 26050.698407
958.078704 25991.580452
958.807442 25949.747793
959.540397 25927.670962
960.264894 25921.254821
960.972449 25921.597949
961.705405 25923.578409
962.457435 25926.601359
963.181932 25930.659868
963.919129 25935.764421
964.645747 25942.061878
965.410490 25949.384592
966.130745 25957.683912
966.874292 25967.000829
967.592439 25977.465008
968.346577 25989.308840
969.104971 26002.092609
969.840059 26015.709621
970.570906 26030.518287
971.318695 26046.847256
972.089801 26064.055693
972.818527 26081.738860
973.538782 26100.658385
974.282342 26121.249704
975.047085 26143.067295
975.799103 26165.449900
976.527841 26188.782892
977.271401 26213.239753
978.004369 26238.809817
978.750036 26265.481036
979.485125 26293.192573
980.228685 26318.561673
980.794292 26340.728411
981.336595 26367.279896
982.080154 26399.203310
982.836427 26432.218915
983.579986 26466.046570
984.323533 26500.854798
985.062864 26536.796041
985.808544 26574.246970
986.564804 26613.018418
987.318955 26651.874165
988.037089 26691.876388
988.793362 26733.702204
989.539029 26773.416064
990.185142 26814.273340
990.935051 26858.543917
991.663777 26903.767667
992.409458 26950.383812
993.148776 26998.919525
993.919869 27048.264290
994.650716 27097.361829
995.381563 27146.911965
996.095455 27194.548562
996.743689 27241.368352
997.408864 27289.569806
998.071931 27336.487873
998.679905 27376.727337
999.145957 27408.153226
999.508186 27435.606992
999.861970 27468.369806
1000.353448 27509.267235
1000.899979 27554.569422
1001.444403 27600.875979
1001.914697 27650.079352
1002.410390 27710.002130
1002.980239 27781.429758
1003.567043 27862.540322
1004.177138 27950.640475
1004.761821 28042.714671
1005.331657 28137.024859
1005.865489 28230.591414
1006.361195 28323.753876
1006.835718 28428.801633
1007.397084 28558.147680
1008.043209 28706.384312
1008.706263 28863.447951
1009.371438 29026.587830
1010.057797 29192.455825
1010.735672 29348.977563
1011.343659 29379.787264
1011.705901 29285.336224
1012.157120 29172.151622
1012.733319 29043.773682
1013.402736 28916.354765
1014.072153 28815.434479
1014.550905 28720.754614
1015.269039 28616.710069
1016.008369 28525.592174
1016.732854 28448.652184
1017.461567 28384.541926
1018.200897 28332.986084
1018.969882 28295.594182
1019.707067 28273.024236
1020.450626 28263.060327
1021.200548 28261.401667
1021.963158 28262.784894
1022.717309 28265.153112
1023.469340 28268.517931
1024.225612 28271.308083
1024.509470 28274.207672
1025.111107 28279.151326
1025.839833 28285.496279
1026.585501 28293.039222
1027.360836 28301.584441
1028.108625 28310.982977
1028.858534 28321.309982
1029.599973 28332.682034
1030.358366 28345.099037
1031.108276 28358.452734
1031.860306 28372.767063
1032.608108 28388.294895
1033.381309 28404.863419
1034.133352 28422.098829
1034.876899 28440.423567
1035.637400 28459.866723
1036.391565 28479.774914
1037.113928 28498.781636
1037.740965 28519.125241
1038.495116 28541.910893
1039.228084 28566.132646
1040.009769 28591.542355
1040.755450 28617.612374
1041.515951 28644.858730
1042.272211 28672.661903
1043.009420 28701.070486
1043.746630 28730.339440
1044.479585 28761.047582
1045.240099 28792.479113
1045.962475 28823.750721
1046.672138 28855.337251
1047.369076 28888.497347
1048.108407 28923.871553
1048.860437 28957.668046
1049.498079 28990.697409
1050.184425 29026.067004
1050.883509 29063.569448
1051.618585 29102.236240
1052.328261 29141.591633
1053.054866 29181.653223
1053.758167 29223.055118
1054.499606 29266.293933
1055.234694 29308.546089
1055.912582 29350.647840
1056.613762 29393.228828
1057.281058 29436.099440
1057.965309 29477.250646
1058.556341 29516.262835
1059.153724 29554.167647
1059.693931 29591.647171
1060.261659 29630.532342
1060.827266 29668.259910
1061.346277 29706.674064
1061.916126 29747.115756
1062.477504 29789.692240
1063.057945 29835.123383
1063.579077 29882.867897
1064.064179 29937.513449
1064.585311 30001.016716
1065.106442 30069.301956
1065.595786 30142.288735
1066.089372 30218.475820
1066.542711 30296.288681
1066.987566 30373.434952
1067.379488 30449.361503
1067.765035 30530.210122
1068.165402 30619.441308
1068.597558 30717.226904
1069.061489 30739.046812
1069.332647 30672.735417
1069.703360 30595.548501
1070.129165 30511.884854
1070.646055 30426.266318
1071.203192 30341.493970
1071.878959 30276.544783
1072.287810 30222.950606
1073.020778 30169.915822
1073.736791 30136.215095
1074.488834 30120.368904
1075.204847 30116.994103
1075.933573 30117.960348
1076.647478 30120.049680
1077.369854 30123.183592
1078.134598 30127.215517
1078.842140 30132.095691
1079.570879 30138.051238
1080.316559 30145.023080
1081.057985 30152.872310
1081.786724 30161.683827
1082.528150 30171.549337
1083.271722 30182.589348
1084.038574 30194.565843
1084.775771 30207.403185
1085.525693 30221.103258
1086.252311 30235.690901
1086.993737 30251.935473
1087.783905 30268.803837
1088.493569 30286.158322
1089.239236 30304.928400
1089.987038 30324.711063
1090.734826 30345.357873
1091.474157 30366.921951
1092.217704 30389.285870
1092.946430 30412.581646
1093.687881 30437.041173
1094.429320 30462.584195
1095.177109 30488.867344
1095.905835 30515.963603
1096.645165 30544.506459
1097.399304 30574.240206
1098.149213 30595.764567
1098.462738 30617.540693
1099.191477 30648.708555
1099.922311 30681.343028
1100.674342 30715.033405
1101.409430 30749.254218
1102.142398 30784.271174
1102.871124 30821.089981
1103.637976 30859.200550
1104.379414 30897.600215
1105.118745 30936.968779
1105.860171 30977.717320
1106.614322 31017.571417
1107.290089 31057.883480
1108.027299 31101.372777
1108.781438 31146.090817
1109.527118 31191.610039
1110.274919 31238.448843
1111.031179 31285.249011
1111.747192 31332.191538
1112.478052 31380.619965
1113.211007 31430.720815
1113.963038 31481.263310
1114.681172 31530.062451
1115.356939 31580.206313
1116.087786 31631.423916
1116.769915 31679.583936
1117.394832 31721.217137
1117.884188 31757.050081
1118.341756 31789.117086
1118.723074 31823.424470
1119.229372 31864.633111
1119.778037 31909.753229
1120.352115 31959.607533
1120.930435 32010.183137
1121.409187 32065.115821
1121.957853 32133.228515
1122.565840 32211.699536
1123.171693 32295.098061
1123.747892 32384.071653
1124.334696 32479.544075
1124.908774 32577.843929
1125.453210 32677.729456
1125.978571 32780.779932
1126.497569 32886.534327
1126.997517 32891.663846
1127.450857 32793.226560
1127.955034 32687.124363
1128.554537 32572.694863
1129.247259 32465.622555
1129.880646 32381.282906
1130.401778 32300.525023
1131.134733 32217.472622
1131.874063 32148.012411
1132.609152 32092.424907
1133.346336 32050.107855
1134.104730 32021.484391
1134.871581 32007.320158
1135.634216 32004.118598
1136.377763 32005.117854
1137.144614 32007.123909
1137.928433 32010.103326
1138.691055 32013.963974
1139.436736 32019.468569
1140.377285 32026.130584
1141.148391 32033.070475
1141.889830 32040.913703
1142.650331 32049.760790
1143.404482 32059.636500
1144.175576 32070.382433
1144.919135 32081.988839
1145.677516 32094.785789
1146.450730 32108.584918
1147.213352 32123.149779
1147.965383 32138.601530
1148.721642 32155.162651
1149.488506 32172.934443
1150.265962 32191.145503
1150.990446 32210.124678
1151.753081 32228.108240
1152.341993 32247.067569
1153.113086 32269.370576
1153.879950 32292.354347
1154.631968 32316.302181
1155.398832 32341.628583
1156.176288 32367.934969
1156.943140 32395.002304
1157.707883 32422.841421
1158.464155 32451.394624
1159.216186 32480.592689
1159.957624 32511.337262
1160.739309 32543.107445
1161.484990 32574.604468
1162.209487 32606.241316
1162.921258 32638.936160
1163.654226 32674.098667
1164.433790 32709.297916
1165.130753 32742.690692
1165.800170 32776.491988
1166.482287 32813.591657
1167.249151 32852.190246
1167.956694 32890.157002
1168.666344 32929.546577
1169.395083 32970.386714
1170.125930 33013.034722
1170.886431 33056.206224
1171.604578 33098.955157
1172.320592 33142.621897
1173.040847 33188.144015
1173.788635 33233.791236
1174.485599 33278.735130
1175.184670 33323.354006
1175.847725 33367.469204
1176.508671 33410.198379
1177.110295 33450.810283
1177.690736 33490.738350
1178.256343 33530.458931
1178.815600 33570.962683
1179.381220 33613.825156
1179.927765 33661.841845
1180.467959 33717.299613
1181.010262 33780.603431
1181.554698 33846.816279
1182.031342 33915.589911
1182.516444 33990.297297
1182.993087 34067.235699
1183.435835 34144.187248
1183.853170 34221.384052
1184.249295 34298.737060
1184.626384 34379.133245
1185.016159 34467.843564
1185.448328 34484.764657
1185.732198 34416.595147
1186.113516 34335.024991
1186.585917 34248.649407
1187.102807 34162.719020
1187.693853 34078.787835
1188.361136 34019.322744
1188.719149 33967.787492
1189.517776 33914.737646
1190.257106 33884.750401
1190.973120 33872.316511
1191.699738 33870.206149
1192.417884 33871.518952
1193.150840 33873.710679
1193.862624 33876.862215
1194.614654 33880.985346
1195.349743 33885.972084
1196.078469 33891.850759
1196.807195 33898.784894
1197.563467 33906.633289
1198.290072 33915.456126
1199.048466 33925.218371
1199.777192 33935.863353
1200.524980 33947.699423
1201.285494 33960.501613
1202.033296 33974.037619
1202.768372 33988.567368
1203.520402 34004.361165
1204.285145 34021.107075
1205.035055 34038.296045
1205.755310 34056.264695
1206.492520 34075.592701
1207.246658 34096.043314
1207.996581 34117.181764
1208.731657 34138.814160
1209.451912 34161.158172
1210.174288 34185.136931
1210.939031 34210.330329
1211.678349 34236.050449
1212.417679 34262.548574
1213.148514 34290.181956
1213.898436 34319.037803
1214.644104 34348.810344
1215.391892 34379.357271
1216.129102 34409.330265
1216.806990 34417.921995
1217.107802 34424.753366
1217.747552 34454.121658
1218.486882 34487.751804
1219.228321 34522.115895
1219.959155 34557.258674
1220.694244 34594.388908
1221.467458 34632.578251
1222.206776 34670.757310
1222.941865 34709.984833
1223.685411 34750.732211
1224.441684 34789.967503
1225.098388 34829.011844
1225.816522 34872.341073
1226.591857 34917.486806
1227.339646 34963.250498
1228.102268 35009.313030
1228.828886 35055.938729
1229.578796 35104.735686
1230.343539 35153.724822
1231.070144 35202.822950
1231.809462 35254.011938
1232.569976 35305.400803
1233.288110 35356.607633
1234.016836 35407.773406
1234.709545 35458.801152
1235.410725 35509.456202
1236.071683 35555.410473
1236.628807 35596.307605
1237.141468 35634.234364
1237.609628 35669.161339
1238.035421 35707.172054
1238.550190 35755.346035
1239.132752 35812.014735
1239.706842 35870.523484
1240.208899 35932.668812
1240.744852 36004.297497
1241.308338 36085.476331
1241.893008 36174.634127
1242.475582 36266.838115
1243.017885 36359.822340
1243.539017 36456.031883
1244.055894 36554.335136
1244.545250 36554.665390
1245.034607 36458.329816
1245.545134 36358.515471
1246.150988 36253.870610
1246.822525 36157.911101
1247.445333 36083.257847
1247.941040 36011.485084
1248.680358 35937.296419
1249.415446 35877.726076
1250.129339 35831.891032
1250.853823 35798.608254
1251.601612 35778.676886
1252.368476 35771.042611
1253.103564 35770.348462
1253.834411 35771.767620
1254.582200 35774.115421
1255.340593 35777.392763
1256.096866 35781.536888
1256.838292 35787.112911
1257.723786 35793.868260
1258.509713 35800.950945
1259.234197 35808.775534
1259.984107 35817.679693
1260.742500 35827.523836
1261.496639 35838.225322
1262.246561 35849.575082
1262.968924 35861.850689
1263.723076 35875.366959
1264.485698 35889.653263
1265.225016 35904.543158
1265.957984 35920.548238
1266.718485 35937.635752
1267.468395 35955.674041
1268.231030 35974.541210
1268.974577 35994.332238
1269.737199 36015.024345
1270.480759 36033.709244
1271.046366 36053.209876
1271.792046 36076.242693
1272.541956 36100.418790
1273.302457 36125.177995
1274.033304 36151.189292
1274.812868 36178.400956
1275.560670 36205.602640
1276.289396 36233.443210
1277.024484 36262.784232
1277.784998 36293.671077
1278.551850 36325.219471
1279.299639 36357.235478
1280.045319 36389.335277
1280.757103 36422.358277
1281.504892 36455.763452
1282.197601 36488.745934
1282.892443 36522.238395
1283.574573 36556.985229
1284.288465 36593.820942
1285.021433 36631.769850
1285.745930 36670.404985
1286.472535 36709.474040
1287.182211 36749.803080
1287.923637 36791.818923
1288.662955 36833.779587
1289.372631 36875.963812
1290.090765 36919.287487
1290.811007 36964.303951
1291.556688 37009.292762
1292.249409 37053.220513
1292.935768 37097.358392
1293.611548 37142.390050
1294.302136 37186.866464
1294.939777 37230.250815
1295.577406 37272.360664
1296.159981 37313.291959
1296.746772 37353.552978
1297.295437 37395.362217
1297.865286 37441.055452
1298.382176 37492.710242
1298.922370 37553.488354
1299.473157 37623.003822
1300.030293 37694.032117
1300.498453 37764.532109
1300.960276 37838.201143
1301.400890 37915.041729
1301.839408 37994.762101
1302.258851 38069.662043
1302.604139 38141.368538
1302.955802 38220.790764
1303.349832 38319.282778
1303.868843 38438.381373
1304.455633 38560.155757
1305.004299 38681.586012
1305.593211 38808.532627
1306.199077 38935.547405
1306.794351 39057.945948
1307.362079 39066.257400
1307.874740 38976.947143
1308.289941 38898.176158
1308.779298 38814.765768
1309.359726 38732.358583
1309.997367 38669.076440
1310.446477 38616.415380
1311.141320 38565.716860
1311.893338 38533.053952
1312.630547 38519.051992
1313.348694 38516.490507
1314.064695 38517.602170
1314.797663 38519.554649
1315.532751 38522.352227
1316.269961 38525.931389
1316.985974 38530.364387
1317.729534 38535.696259
1318.466731 38541.841917
1319.201819 38548.840777
1319.941150 38556.692721
1320.678347 38565.542241
1321.440982 38575.219455
1322.173937 38585.700364
1322.925967 38597.164686
1323.675877 38609.374780
1324.413087 38622.390401
1325.156646 38636.231547
1325.891722 38651.081479
1326.650115 38666.829984
1327.389433 38683.360413
1328.139343 38700.822801
1328.885023 38719.019353
1329.624354 38738.444268
1330.397568 38759.211468
1331.170782 38780.132493
1331.891037 38801.370561
1332.626113 38824.088221
1333.388735 38847.936604
1334.140766 38872.143564
1334.871613 38896.845548
1335.602472 38922.375912
1336.333306 38949.089600
1337.083229 38976.724053
1337.818305 39005.222039
1338.568214 39034.394716
1339.294832 39056.028306
1339.640120 39078.086788
1340.358267 39109.392036
1341.118768 39141.946208
1341.855978 39175.092706
1342.603766 39208.789760
1343.328251 39243.391745
1344.078160 39279.343907
1344.823841 39316.272903
1345.577992 39353.905347
1346.317310 39392.802533
1347.086295 39433.306897
1347.853146 39474.201655
1348.603056 39515.700883
1349.359328 39557.772067
1350.098646 39600.410300
1350.844326 39644.406130
1351.600586 39689.786706
1352.363208 39735.795614
1353.111010 39779.083586
1353.759230 39822.772899
1354.494319 39869.855843
1355.225166 39918.478864
1355.981426 39967.586510
1356.701681 40017.706702
1357.462195 40067.468886
1358.148554 40115.450475
1358.834900 40162.713857
1359.481012 40209.604875
1360.137729 40253.077346
1360.673669 40289.562565
1361.127008 40324.066478
1361.599410 40360.183815
1362.086646 40402.270123
1362.705212 40450.628348
1363.342841 40499.088165
1363.948707 40549.829958
1364.584228 40606.020933
1365.187960 40663.404596
1365.711213 40722.014521
1366.228103 40786.461455
1366.759814 40861.339473
1367.348726 40946.931475
1367.944000 41037.510561
1368.511728 41130.083931
1369.054044 41226.370860
1369.596346 41329.410400
1370.149254 41443.984431
1370.746636 41570.117267
1371.348248 41706.660883
1371.975298 41855.267628
1372.629881 42009.699181
1373.284464 42166.693288
1373.962352 42317.725237
1374.574569 42340.158460
1375.006711 42238.207023
1375.500310 42125.992538
1376.089209 42006.506064
1376.739576 41894.720379
1377.347537 41799.971042
1377.906795 41707.555669
1378.616458 41615.002164
1379.336726 41534.613203
1380.061197 41466.774561
1380.798407 41411.583720
1381.550437 41370.300319
1382.287634 41343.297120
1383.029073 41329.876741
1383.783212 41326.747071
1384.535255 41327.531744
1385.274573 41329.040387
1386.016011 41331.596656
1386.914219 41334.993466
1387.670478 41338.904706
1388.420388 41343.567475
1389.176648 41349.070948
1389.949874 41355.308317
1390.699771 41362.193072
1391.447573 41370.056157
1392.239849 41378.717887
1392.994001 41387.823583
1393.731198 41397.701350
1394.489578 41408.531848
1395.256442 41420.022552
1396.002110 41432.242060
1396.764732 41445.165288
1397.506184 41458.764087
1398.260335 41473.243797
1399.016595 41488.340572
1399.758034 41504.255116
1400.520656 41521.248715
1401.291749 41538.886016
1402.043780 41554.329604
1402.577624 41570.082661
1403.304229 41589.616275
1404.088035 41610.198334
1404.837945 41631.420601
1405.611159 41653.333338
1406.356839 41675.661347
1407.106749 41699.264992
1407.886326 41723.381722
1408.621402 41747.990464
1409.384024 41774.285744
1410.174193 41801.248366
1410.930465 41828.313401
1411.682495 41855.849916
1412.423921 41884.827582
1413.211969 41914.469113
1413.949166 41943.561652
1414.671542 41973.142780
1415.398147 42004.003415
1416.148069 42035.942743
1416.891629 42066.443661
1417.544091 42096.953630
1418.257997 42129.675842
1418.980360 42162.923909
1419.687915 42196.392282
1420.391216 42230.780457
1421.109362 42266.413932
1421.835968 42303.817441
1422.596469 42342.266004
1423.335787 42380.508679
1424.060284 42419.867391
1424.814435 42459.173679
1425.511398 42498.904447
1426.254945 42539.659833
1426.964609 42579.163011
1427.640376 42618.691413
1428.328855 42658.511732
1428.994030 42697.534968
1429.635914 42735.635741
1430.252372 42773.412117
1430.866696 42811.956393
1431.491638 42851.408768
1432.118675 42890.623529
1432.720299 42930.208160
1433.343107 42970.278818
1433.944732 43010.142251
1434.546356 43050.627207
1435.152222 43091.809433
1435.760197 43134.796613
1436.366063 43181.929747
1436.950746 43232.788328
1437.478227 43287.421037
1437.995117 43349.738439
1438.539554 43420.425900
1439.081856 43495.216193
1439.588155 43571.131424
1440.062677 43647.141708
1440.503304 43725.553505
1440.948172 43803.187323
1441.333719 43883.040498
1441.757403 43973.405696
1442.217093 44070.535541
1442.697965 44093.556252
1442.962773 44031.061955
1443.344078 43955.065197
1443.805888 43875.279821
1444.316415 43795.004780
1444.913811 43716.021471
1445.598049 43659.714788
1445.981487 43613.565269
1446.769535 43569.201419
1447.491911 43546.527970
1448.220637 43539.150340
1448.953592 43538.847932
1449.680210 43540.112974
1450.404706 43542.096581
1451.144024 43544.779505
1451.868521 43548.176053
1452.607839 43552.237207
1453.321744 43556.998844
1454.058941 43562.560324
1454.800380 43568.840644
1455.537589 43575.810663
1456.272665 43583.496461
1457.009888 43592.014025
1457.764026 43601.369916
1458.518178 43611.445420
1459.268087 43622.301513
1460.026480 43633.782047
1460.761556 43645.954344
1461.513600 43658.963969
1462.261388 43672.676251
1463.009177 43687.169204
1463.761220 43702.424306
1464.511130 43718.376805
1465.258919 43734.823484
1465.987645 43752.178063
1466.750267 43770.730637
1467.517131 43789.385342
1468.228915 43808.211765
1468.953412 43828.457346
1469.718155 43849.661029
1470.459581 43871.305152
1471.203154 43893.576538
1471.938230 43916.267080
1472.662726 43939.735142
1473.402044 43964.442581
1474.158304 43989.953591
1474.901876 44015.716889
1475.630589 44042.358590
1476.382633 44069.912924
1477.121950 44098.082750
1477.867618 44124.951807
1478.505260 44146.915986
1478.975541 44171.401411
1479.712750 44201.975817
1480.454176 44233.452444
1481.199857 44265.281026
1481.924341 44297.496940
1482.655188 44331.191582
1483.413581 44366.254220
1484.171974 44402.279391
1484.938826 44439.067005
1485.697206 44476.519613
1486.459829 44514.027539
1487.190676 44551.844241
1487.936356 44591.104628
1488.694737 44628.696768
1489.351441 44666.297115
1490.084409 44707.344311
1490.842789 44749.293651
1491.582120 44792.483420
1492.357442 44835.286581
1493.058622 44879.163027
1493.844561 44924.760204
1494.579650 44971.144869
1495.365564 45017.666778
1496.081590 45062.123892
1496.778541 45106.904579
1497.483962 45151.564290
1498.157608 45196.160138
1498.841846 45239.217097
1499.451954 45279.100828
1500.026032 45315.739949
1500.528089 45354.187196
1501.142426 45397.102422
1501.760992 45439.536601
1502.347795 45482.233327
1502.959999 45526.627942
1503.580699 45572.720979
1504.222569 45621.386826
1504.847498 45675.427146
1505.478777 45730.123339
1505.980834 45784.617652
1506.495603 45850.045166
1507.095119 45926.515826
1507.692501 46010.456894
1508.302597 46100.084000
1508.887267 46190.486608
1509.427461 46282.967127
1509.967643 46382.297381
1510.522671 46485.851017
1511.050140 46486.318700
1511.577609 46387.876052
1512.096620 46291.148248
1512.689761 46191.144519
1513.354936 46101.951619
1513.926906 46026.755616
1514.528530 45952.574626
1515.255136 45883.880282
1515.975391 45828.562811
1516.699888 45785.878886
1517.447676 45756.399558
1518.201828 45741.154800
1518.936904 45736.998639
1519.682584 45737.355475
1520.438844 45738.689086
1521.180282 45740.731400
1521.938663 45743.475425
1522.684343 45747.321865
1523.582551 45752.001437
1524.349402 45757.001852
1525.088720 45762.639804
1525.836509 45769.112023
1526.607602 45776.280073
1527.353283 45784.079828
1528.107434 45792.809744
1528.891240 45802.317550
1529.653862 45812.188556
1530.382588 45822.783336
1531.147331 45834.344244
1531.912062 45846.434843
1532.653501 45859.261453
1533.420377 45872.663966
1534.149091 45886.633354
1534.901134 45901.581356
1535.659502 45917.144311
1536.403061 45933.272722
1537.148742 45947.835525
1537.699528 45963.102440
1538.453679 45981.334325
1539.205710 46000.107298
1539.947149 46019.893848
1540.722471 46040.587629
1541.478743 46061.928666
1542.247728 46083.955835
1543.001880 46106.515762
1543.758139 46130.255572
1544.541945 46154.581547
1545.289734 46179.298027
1546.052369 46205.010531
1546.817099 46231.146447
1547.562780 46257.807873
1548.316919 46285.363665
1549.073204 46314.319601
1549.863359 46343.586158
1550.598435 46372.792286
1551.348358 46403.157626
1552.106738 46434.315940
1552.860890 46465.823177
1553.602328 46495.891269
1554.259033 46526.130023
1554.979288 46559.398140
1555.744031 46593.726891
1556.481228 46627.662102
1557.199375 46661.751822
1557.915388 46696.952709
1558.652598 46734.078972
1559.419449 46772.220533
1560.169359 46810.091428
1560.898085 46848.259076
1561.633173 46887.777123
1562.387337 46927.976054
1563.122413 46967.926964
1563.842656 47008.484143
1564.575636 47050.486458
1565.323425 47091.923772
1566.014026 47132.646206
1566.715218 47172.882263
1567.369801 47213.063182
1568.049810 47253.722523
1568.702285 47293.551155
1569.337793 47333.432137
1569.975435 47373.952842
1570.615185 47414.291747
1571.231643 47454.504111
1571.852343 47494.697582
1572.453967 47535.576435
1573.081004 47577.254991
1573.680520 47619.756830
1574.244007 47669.351135
1574.854102 47725.852041
1575.402767 47789.558447
1575.995934 47856.234050
1576.481035 47921.250681
1576.951329 47994.549493
1577.472448 48072.758135
1577.936392 48148.896764
1578.368548 48225.046748
1578.781628 48300.604947
1579.165066 48381.410105
1579.597209 48468.065864
1580.023015 48479.683162
1580.345010 48413.046818
1580.728449 48337.003985
1581.217793 48254.872131
1581.772808 48173.840264
1582.399858 48099.026255
1583.075625 48049.033257
1583.429409 48024.328983
1583.692083 47997.865686
1584.264065 47968.353349
1584.986441 47950.876625
1585.723638 47945.687897
1586.452364 47945.803267
1587.187453 47947.252859
1587.911937 47949.372073
1588.644918 47952.174364
1589.377885 47955.651239
1590.110841 47959.837654
1590.854400 47964.695640
1591.585247 47970.188315
1592.316094 47976.361647
1593.049062 47983.217652
1593.782042 47990.795739
1594.523481 47999.283829
1595.294561 48008.323597
1596.012708 48017.965579
1596.766860 48028.667395
1597.537953 48039.939537
1598.273029 48051.619637
1599.006009 48064.033800
1599.747448 48077.443327
1600.514300 48091.700884
1601.270572 48106.298790
1601.999298 48121.624684
1602.757691 48137.726157
1603.494888 48154.539791
1604.253281 48172.329576
1605.013783 48190.547469
1605.748859 48209.146078
1606.483947 48228.509770
1607.225399 48248.733297
1607.973187 48269.742106
1608.720976 48291.199307
1609.451823 48313.219940
1610.191141 48335.814256
1610.915638 48359.677682
1611.690973 48384.544219
1612.434520 48409.526426
1613.173850 48435.201144
1613.917410 48462.066549
1614.684261 48489.637105
1615.427821 48517.325079
1616.162909 48545.744817
1616.908577 48574.847986
1617.643666 48596.107561
1617.972012 48618.695058
1618.747347 48650.155902
1619.484544 48681.431642
1620.217511 48714.517471
1621.005559 48748.495516
1621.746998 48782.101027
1622.486316 48817.046598
1623.255288 48853.049972
1624.009439 48889.007728
1624.746649 48925.300111
1625.485967 48960.872027
1626.168096 48997.982927
1626.941298 49037.227410
1627.680628 49075.668478
1628.396642 49115.363969
1629.157143 49156.430220
1629.898582 49197.674453
1630.640020 49240.035101
1631.396280 49283.031371
1632.135610 49327.492960
1632.917295 49373.235911
1633.675689 49417.721150
1634.391689 49462.052101
1635.122549 49507.100800
1635.840683 49552.000520
1636.546105 49596.923869
1637.245176 49642.330287
1637.946368 49687.716118
1638.626365 49729.356100
1639.198334 49768.068765
1639.776654 49807.266998
1640.350732 49848.135303
1640.965070 49891.814454
1641.606940 49936.204368
1642.227640 49979.503587
1642.825010 50025.575612
1643.464772 50077.134016
1644.072760 50133.979907
1644.676492 50195.382039
1645.246341 50256.641347
1645.744156 50323.773780
1646.318259 50402.258634
1646.905050 50484.545281
1647.449474 50570.108205
1648.002381 50658.735161
1648.519258 50746.715948
1649.006494 50737.188735
1649.610239 50638.818266
1650.165267 50549.753344
1650.762650 50461.801570
1651.429933 50388.853948
1651.927760 50324.567521
1652.620469 50258.853556
1653.349195 50205.009744
1654.063100 50164.160822
1654.808781 50136.346474
1655.539615 50122.415363
1656.302250 50118.972795
1657.047918 50119.655381
1657.799948 50121.002774
1658.543508 50123.014947
1659.291297 50125.675822
1660.028493 50129.564496
1660.981781 50134.350118
1661.765574 50139.387868
1662.523967 50144.962215
1663.263285 50151.284195
1664.036499 50158.382312
1664.797001 50166.071983
1665.549031 50174.385912
1666.298941 50183.470518
1667.065792 50193.454478
1667.847490 50203.821236
1668.569866 50214.775009
1669.336717 50226.686321
1670.097231 50239.205592
1670.853491 50252.278640
1671.599171 50266.010370
1672.353310 50280.453340
1673.103232 50295.529868
1673.853129 50311.209154
1674.596689 50327.678974
1675.357203 50345.118579
1676.126175 50363.175084
1676.880314 50381.634676
1677.626007 50400.770464
1678.380146 50421.153668
1679.168194 50442.352050
1679.930816 50463.693667
1680.678617 50486.106239
1681.466652 50509.369423
1682.225033 50533.192158
1683.002489 50557.780888
1683.765111 50582.691953
1684.519262 50608.074245
1685.269172 50629.784494
1685.777591 50652.020538
1686.525380 50679.762121
1687.311307 50708.551769
1688.078171 50737.699623
1688.845022 50766.917902
1689.580111 50796.825001
1690.346975 50828.405938
1691.130768 50860.021645
1691.865857 50891.015124
1692.588233 50922.696059
1693.325442 50956.203642
1694.100777 50990.914790
1694.861279 51025.690073
1695.609067 51060.592852
1696.346264 51096.366784
1697.102549 51132.062552
1697.810092 51167.616703
1698.534576 51204.919912
1699.286619 51244.137078
1700.059833 51284.096108
1700.813985 51324.015416
1701.559652 51363.503674
1702.273545 51403.761444
1703.023467 51445.545965
1703.769148 51487.268093
1704.493645 51528.901381
1705.213887 51571.034525
1705.934142 51613.023318
1706.628984 51654.651779
1707.317464 51695.807073
1707.978410 51736.986967
1708.649935 51778.290445
1709.298169 51819.444058
1709.948510 51861.100914
1710.596744 51903.332335
1711.249206 51945.575170
1711.882619 51988.038905
1712.492714 52034.593714
1713.104943 52087.974880
1713.698097 52147.145024
1714.263691 52211.772972
1714.818719 52280.863573
1715.344080 52349.610473
1715.803782 52420.356757
1716.280426 52494.230894
1716.718919 52567.912903
1717.138374 52645.926124
1717.576880 52725.524953
1717.970910 52802.989046
1718.358565 52890.115207
1718.845813 52987.455994
1719.345748 53092.025885
1719.919827 53203.177894
1720.502401 53313.766398
1721.087071 53424.907400
1721.692937 53523.079903
1722.152626 53521.229830
1722.661045 53442.006696
1723.116505 53372.444896
1723.612199 53303.112721
1724.205353 53236.788204
1724.855707 53189.208719
1725.283621 53152.831360
1725.999647 53121.909688
1726.734735 53108.055951
1727.463449 53105.389177
1728.202779 53106.226097
1728.925155 53107.694258
1729.675065 53109.761199
1730.393212 53112.417820
1731.126167 53115.685589
1731.850664 53119.562587
1732.583632 53124.138028
1733.335662 53129.417405
1734.089813 53135.268883
1734.824902 53141.710202
1735.568462 53148.914680
1736.331084 53156.710097
1737.066173 53165.002804
1737.803370 53173.912694
1738.538458 53183.441624
1739.275668 53193.634085
1740.017094 53204.497309
1740.760654 53216.265590
1741.536001 53228.586824
1742.268969 53241.287747
1743.012516 53254.926061
1743.779367 53269.163147
1744.518698 53283.840569
1745.264378 53299.280400
1746.016409 53315.356977
1746.762077 53332.247845
1747.528941 53349.578422
1748.257679 53367.273036
1749.001239 53385.688247
1749.738436 53405.012676
1750.503166 53425.201134
1751.257318 53445.692301
1751.996636 53466.579081
1752.733858 53488.056601
1753.471055 53510.414715
1754.225194 53533.769234
1754.985708 53557.361590
1755.714434 53580.927957
1756.434689 53605.168772
1757.167644 53630.897411
1757.938750 53657.635386
1758.692901 53684.303348
1759.423735 53711.092216
1760.150353 53739.181124
1760.917217 53768.679852
1761.684069 53791.265617
1762.071749 53813.581630
1762.800475 53843.310408
1763.535551 53874.095498
1764.285460 53905.823158
1765.035370 53938.239181
1765.787413 53971.487612
1766.545794 54005.383526
1767.297824 54039.883537
1768.054097 54074.829086
1768.797643 54110.574898
1769.560266 54147.741204
1770.335601 54185.258098
1771.085510 54222.316964
1771.816370 54260.173411
1772.572630 54299.596855
1773.339494 54339.223749
1774.078799 54378.416031
1774.805417 54418.402167
1775.551097 54457.930832
1776.239564 54497.407739
1776.961940 54539.329924
1777.716091 54582.541232
1778.461759 54626.963616
1779.234986 54671.904190
1779.976412 54716.347810
1780.711488 54760.433517
1781.421164 54804.859350
1782.147769 54848.790331
1782.823536 54893.098322
1783.543791 54939.322683
1784.261925 54981.465826
1784.840245 55018.296054
1785.382548 55055.780214
1785.969352 55096.338845
1786.592160 55138.824753
1787.223451 55182.268801
1787.861080 55224.540894
1788.445763 55267.406721
1789.087621 55314.034644
1789.742217 55364.081492
1790.373483 55418.614785
1790.985712 55478.299913
1791.583094 55537.770100
1792.080922 55595.895609
1792.566024 55658.824787
1793.070214 55730.040054
1793.610395 55807.927666
1794.139998 55889.756850
1794.665359 55978.790810
1795.220374 56079.930404
1795.821986 56196.355575
1796.474461 56325.031808
1797.129045 56462.715903
1797.809054 56605.166613
1798.491183 56745.246608
1799.169058 56875.862640
1799.789746 56892.548006
1800.262147 56803.799269
1800.753612 56710.751708
1801.353116 56611.853492
1802.022533 56526.840975
1802.554256 56453.872945
1803.189751 56378.700315
1803.935432 56311.652734
1804.651458 56258.812200
1805.382292 56218.667537
1806.121623 56192.000188
1806.867303 56178.879234
1807.623563 56175.816387
1808.371351 56176.381520
1809.104319 56177.454556
1809.845745 56178.697208
1810.332981 56179.817944
1810.724890 56181.601859
1811.474800 56184.352362
1812.228951 56187.659301
1812.991561 56191.497967
1813.745712 56195.799074
1814.485043 56200.623700
1815.239181 56206.019765
1815.993333 56212.080826
1816.779259 56218.642463
1817.524940 56225.604775
1818.279079 56233.132196
1819.033230 56241.272846
1819.802202 56248.764673
1820.359339 56256.596932
1821.107140 56266.041210
1821.857050 56276.258502
1822.640856 56286.901213
1823.375932 56297.852123
1824.127962 56309.499035
1824.886355 56321.834396
1825.657448 56334.671638
1826.411587 56347.920332
1827.167859 56361.738703
1827.926240 56376.068715
1828.680391 56390.824163
1829.428180 56406.150786
1830.186573 56422.185392
1830.951316 56438.685495
1831.703347 56455.651231
1832.461740 56473.246082
1833.222242 56491.454295
1833.986972 56510.201705
1834.747473 56529.436495
1835.507988 56549.265638
1836.272731 56569.227333
1837.003565 56589.929158
1837.783142 56611.632562
1838.547885 56633.645170
1839.310507 56656.521197
1840.096434 56680.044543
1840.865406 56703.431041
1841.606845 56727.288971
1842.371588 56751.946423
1843.129981 56776.787262
1843.873528 56802.413168
1844.646742 56828.638178
1845.394544 56855.447964
1846.169879 56881.083036
1846.824462 56906.326651
1847.551067 56933.072510
1848.262852 56961.366344
1849.044549 56990.528478
1849.775396 57019.689613
1850.529548 57049.656494
1851.275215 57080.280486
1852.035717 57111.649580
1852.791989 57143.056582
1853.529186 57175.402900
1854.304521 57208.782225
1855.065022 57242.097106
1855.812824 57275.897151
1856.571217 57309.632620
1857.293593 57343.243530
1858.024440 57378.250229
1858.784941 57413.354043
1859.498834 57447.578438
1860.202147 57481.852868
1860.899098 57515.840095
1861.572756 57550.217413
1862.267586 57585.350360
1862.953945 57620.708838
1863.640316 57655.666786
1864.294900 57690.938985
1864.977017 57727.304619
1865.657026 57764.102504
1866.339155 57801.565180
1867.027635 57838.929032
1867.690689 57876.485891
1868.370698 57915.062325
1869.054936 57953.580280
1869.718003 57992.093751
1870.387420 58030.017528
1871.016591 58067.018983
1871.641507 58105.732085
1872.253723 58148.997895
1872.842647 58197.430059
1873.404026 58249.690047
1873.933616 58304.795857
1874.435672 58361.909551
1874.908087 58423.513706
1875.401685 58495.812674
1875.954579 58564.259071
1876.331655 58624.447382
1876.721431 58692.408034
1877.153599 58766.561559
1877.579392 58844.527265
1878.032731 58925.372315
1878.488191 58911.611327
1879.142787 58823.363904
1879.610947 58753.501387
1880.174434 58685.227852
1880.786663 58624.315493
1881.473021 58585.181135
1881.803488 58555.804893
1882.663570 58531.614764
1883.413480 58525.988781
1884.129493 58526.215617
1884.853990 58527.150743
1885.580608 58528.592958
1886.324167 58530.553001
1887.067714 58532.982006
1887.792211 58535.906618
1888.533663 58539.380362
1889.281451 58543.347615
1890.018661 58547.795628
1890.757979 58552.781835
1891.505780 58558.306334
1892.253569 58564.297217
1892.990766 58570.767370
1893.732217 58577.833794
1894.488489 58585.455093
1895.238399 58593.525516
1895.981946 58602.032146
1896.719155 58611.070863
1897.466944 58620.697579
1898.216866 58630.973508
1898.983718 58641.644549
1899.716698 58652.628076
1900.456016 58664.244177
1901.205926 58676.616899
1901.974911 58689.268717
1902.697287 58702.271383
1903.447196 58716.144303
1904.209806 58730.474798
1904.953378 58745.051156
1905.688467 58760.399450
1906.457439 58776.369879
1907.203107 58792.541257
1907.942438 58809.293993
1908.694468 58826.804623
1909.454969 58844.810934
1910.204892 58862.916545
1910.931497 58881.666827
1911.691998 58901.447498
1912.458850 58921.298515
1913.185467 58941.171394
1913.916314 58961.499515
1914.640811 58982.780641
1915.403434 59004.968497
1916.155464 59027.328484
1916.894782 59049.937132
1917.629871 59073.554574
1918.400964 59097.852798
1919.146632 59122.262502
1919.892312 59147.218477
1920.640113 59172.684858
1921.385781 59194.803794
1921.915371 59215.457246
1922.555134 59240.177639
1923.292343 59267.231077
1924.035903 59295.708408
1924.821817 59324.911745
1925.575968 59353.837099
1926.319528 59383.280089
1927.073667 59414.053057
1927.857485 59445.094612
1928.598911 59475.658575
1929.334000 59505.683526
1930.026709 59536.235722
1930.763918 59568.361994
1931.507478 59601.178048
1932.253146 59634.694286
1933.005176 59668.820419
1933.755086 59702.621560
1934.471099 59737.228859
1935.233734 59773.137815
1935.983644 59809.471709
1936.742024 59846.061790
1937.481342 59882.640908
1938.218552 59919.235140
1938.938794 59956.595108
1939.686596 59993.887094
1940.385667 60031.002856
1941.108043 60069.594719
1941.845240 60106.947970
1942.504052 60142.858214
1943.171361 60179.403581
1943.838645 60214.400821
1944.436027 60249.665448
1945.099082 60286.969585
1945.755799 60325.470088
1946.446386 60365.612847
1947.145458 60404.945281
1947.793679 60444.646315
1948.490629 60486.598634
1949.200293 60526.742802
1949.823101 60565.236791
1950.464984 60603.960384
1951.083550 60644.213180
1951.714829 60690.033686
1952.352458 60742.253215
1952.979508 60797.369769
1953.543007 60854.660070
1954.098022 60916.049115
1954.642458 60982.936075
1955.203824 61055.134210
1955.752489 61132.840167
1956.318096 61217.314784
1956.887945 61304.482054
1957.421790 61305.913225
1957.945043 61224.938167
1958.474633 61145.195277
1959.088982 61066.252746
1959.743553 61003.079310
1960.232910 60948.214506
1960.917147 60893.055234
1961.645873 60849.196341
1962.374599 60818.884086
1963.094855 60801.925514
1963.829931 60795.891153
1964.577732 60795.353244
1965.283166 60796.169502
1966.024592 60797.494828
1966.778731 60799.286619
1967.505349 60801.551390
1968.248908 60804.347833
1969.003047 60807.619626
1969.740257 60811.357490
1970.483816 60815.603911
1971.229484 60820.338887
1971.973031 60823.769757
1972.237839 60826.712152
1972.771670 60831.764751
1973.530064 60838.089395
1974.279973 60844.908462
1975.036245 60852.313912
1975.803097 60860.133901
1976.542415 60868.451170
1977.307158 60877.442783
1978.076130 60886.758228
1978.811219 60896.525870
1979.571720 60906.930918
1980.327993 60917.924725
1981.099086 60929.228193
1981.829920 60940.955976
1982.590434 60953.273078
1983.333994 60966.076007
1984.092374 60979.430033
1984.842284 60993.167771
1985.587952 61007.316991
1986.329390 61022.041936
1987.083554 61037.278449
1987.827114 61052.967120
1988.577011 61069.193131
1989.324812 61086.109669
1990.091664 61103.300350
1990.820390 61120.791090
1991.570299 61139.259935
1992.339284 61158.394450
1993.101907 61177.686026
1993.843345 61197.598047
1994.614438 61218.122029
1995.364348 61238.953737
1996.120633 61260.498692
1996.885364 61282.928146
1997.667049 61305.268909
1998.391545 61327.669426
1999.143576 61351.380202
1999.921032 61375.940971
2000.694233 61400.438822
2001.435672 61424.847266
2002.172882 61449.848653
2002.920683 61475.666335
2003.676943 61498.890199
2004.251033 61521.639428
2004.956468 61547.510980
2005.683060 61574.382817
2006.418149 61602.489891
2007.185013 61631.330154
2007.932801 61660.265431
2008.678482 61689.693741
2009.426283 61719.742759
2010.178314 61750.680997
2010.945165 61781.365868
2011.661179 61811.919582
2012.398388 61843.207829
2013.127114 61875.578899
2013.891870 61908.713764
2014.633296 61941.492647
2015.359914 61974.557158
2016.092869 62008.484666
2016.836441 62042.389292
2017.548213 62075.858481
2018.253647 62109.670239
2018.961189 62143.505599
2019.649669 62177.460828
2020.344499 62211.729905
2021.028749 62246.530115
2021.727834 62281.911263
2022.418421 62317.168480
2023.096309 62352.340415
2023.767847 62388.423956
2024.464785 62425.313040
2025.151157 62462.512151
2025.843865 62499.836817
2026.519645 62537.461852
2027.208125 62575.911360
2027.898725 62614.116021
2028.563901 62651.636407
2029.216363 62689.851343
2029.892130 62728.940118
2030.557318 62769.568982
2031.197068 62813.538281
2031.781750 62861.054162
2032.330416 62913.354919
2032.879081 62971.751280
2033.427759 63031.770145
2033.906511 63092.249075
2034.378913 63157.959530
2034.866149 63228.093539
2035.336430 63299.266798
2035.779177 63370.912510
2036.204983 63446.498711
2036.656201 63536.190267
2037.226050 63556.219529
2037.581942 63492.638205
2038.011977 63423.391575
2038.528867 63351.643521
2039.134733 63283.087931
2039.816863 63225.559313
2040.518042 63188.423526
2041.009520 63165.982808
2041.736125 63152.937195
2042.500881 63150.325758
2043.229607 63151.014198
2043.954104 63152.185174
2044.693421 63153.852053
2045.434860 63156.013029
2046.178420 63158.632008
2046.905025 63161.731636
2047.646463 63165.387451
2048.402748 63169.563084
2049.152658 63174.077664
2049.860200 63179.070061
2050.608002 63184.692845
2051.357911 63190.785265
2052.099350 63197.314427
2052.836560 63204.191225
2053.550452 63211.566245
2054.291891 63219.487791
2055.020630 63227.906596
2055.764189 63236.869552
2056.503494 63246.251625
2057.236475 63256.177076
2057.984263 63266.818814
2058.749007 63278.044939
2059.507400 63289.635277
2060.253068 63301.821201
2061.022040 63314.472327
2061.763491 63327.428774
2062.509159 63341.014326
2063.265444 63355.015371
2064.002641 63369.475537
2064.754659 63384.577590
2065.506702 63400.182455
2066.258733 63416.172930
2067.000171 63432.566225
2067.743731 63449.622426
2068.500003 63467.505656
2069.271084 63485.823604
2070.021006 63503.989869
2070.739153 63522.921285
2071.510233 63542.922905
2072.272868 63563.043298
2073.014294 63583.048823
2073.732441 63603.505010
2074.471759 63625.266522
2075.247094 63647.748734
2076.001245 63670.041241
2076.729959 63692.398689
2077.456577 63715.770582
2078.219199 63740.177767
2078.979713 63764.782670
2079.723260 63789.571133
2080.464699 63815.549286
2081.248504 63842.480210
2082.015369 63869.683445
2082.784341 63897.643753
2083.563905 63926.252764
2084.339253 63954.511147
2085.072208 63983.083401
2085.836951 64012.645454
2086.595331 64042.214587
2087.334649 64071.726891
2088.065509 64101.414808
2088.789993 64128.814824
2089.389509 64156.640864
2090.113981 64187.840849
2090.853311 64219.652157
2091.584158 64252.135384
2092.331960 64284.954956
2093.056444 64318.166183
2093.799991 64352.244991
2094.541442 64387.014519
2095.293460 64421.109985
2095.986181 64455.637474
2096.736104 64492.118458
2097.490242 64528.308702
2098.208377 64564.725357
2098.951936 64602.312387
2099.697604 64640.227077
2100.434814 64678.355388
2101.169890 64715.953740
2101.868961 64752.598648
2102.551078 64790.133028
2103.267104 64828.906099
2103.978888 64867.368149
2104.667368 64904.904241
2105.330410 64942.733848
2106.014660 64981.932966
2106.711611 65022.043331
2107.412803 65062.028133
2108.090691 65102.693169
2108.800342 65143.269442
2109.461288 65183.381873
2110.141284 65224.146614
2110.810701 65262.840511
2111.410204 65302.535062
2112.052075 65347.932831
2112.681246 65398.660017
2113.295570 65456.378068
2113.935333 65517.952799
2114.505182 65581.265168
2115.068668 65650.730244
2115.651217 65722.709523
2116.174470 65797.952021
2116.729485 65878.509876
2117.261196 65870.995367
2117.907296 65785.576484
2118.464432 65711.877628
2119.076648 65642.155716
2119.722761 65594.607541
2120.036286 65545.266999
2120.970498 65490.290062
2121.707695 65457.229511
2122.457604 65438.125449
2123.173617 65430.872990
2123.915056 65429.819324
2124.671328 65430.594171
2125.423359 65431.825853
2126.152085 65433.509687
2126.887161 65435.695749
2127.641300 65438.395399
2128.397572 65441.583061
2129.151736 65445.271693
2129.912225 65449.436589
2130.662147 65454.115228
2131.428998 65459.344352
2132.195850 65464.956952
2132.933059 65471.082235
2133.704153 65477.893302
2134.485838 65485.174591
2135.248473 65492.847665
2136.006840 65500.993484
2136.765234 65509.721478
2137.538448 65519.054728
2138.313783 65528.900903
2139.086997 65539.112662
2139.841136 65550.032795
2140.641896 65561.227815
2141.366393 65572.742435
2142.141715 65585.004427
2142.900108 65597.665814
2143.662718 65610.802310
2144.418990 65624.494309
2145.187975 65638.762017
2145.952718 65653.429233
2146.711086 65668.508324
2147.467359 65683.922483
2148.210918 65700.054019
2148.988374 65716.836821
2149.746755 65733.664894
2150.483951 65751.105028
2151.252936 65764.802069
2151.642712 65774.158434
2152.028259 65788.351052
2152.795136 65807.618184
2153.561987 65827.444909
2154.333080 65847.604809
2155.087232 65868.121597
2155.847733 65889.097792
2156.599776 65910.781964
2157.375098 65932.958192
2158.127142 65955.288095
2158.879159 65978.529027
2159.658724 66002.867392
2160.448892 66027.524375
2161.215744 66052.254035
2161.978379 66077.379308
2162.738880 66103.001967
2163.501502 66129.305945
2164.272595 66155.507900
2165.001334 66181.591274
2165.738531 66208.249250
2166.473620 66236.245983
2167.257426 66264.842131
2167.998864 66293.128398
2168.740303 66322.512177
2169.513517 66352.844215
2170.278260 66383.383363
2171.036641 66413.939104
2171.778080 66445.026944
2172.538594 66476.817859
2173.290624 66508.825844
2174.038413 66540.851386
2174.769260 66570.803273
2175.402672 66602.042701
2176.171645 66636.569795
2176.932146 66671.207489
2177.684189 66705.240767
2178.398082 66739.392543
2179.135291 66774.295158
2179.861896 66808.778885
2180.563089 66843.497234
2181.281223 66879.279354
2182.007841 66915.237090
2182.715383 66951.532264
2183.437759 66988.371098
2184.149543 67025.597614
2184.869786 67063.881300
2185.604887 67102.443043
2186.318779 67140.653190
2187.024214 67179.413826
2187.742335 67219.253453
2188.471074 67259.538890
2189.189221 67299.130387
2189.877700 67338.849707
2190.585243 67378.365559
2191.252539 67417.887335
2191.896531 67461.639966
2192.532051 67512.398288
2193.161222 67567.511663
2193.726842 67624.728963
2194.262795 67686.031399
2194.794518 67751.891048
2195.313516 67818.230610
2195.775326 67883.428064
2196.213845 67952.946484
2196.677763 68024.232817
2197.090856 68097.480884
2197.537832 68178.608240
2198.022960 68267.902217
2198.561033 68364.430655
2199.132991 68461.525143
2199.681669 68559.702446
2200.270580 68661.686619
2200.867976 68759.286925
2201.410278 68760.863975
2201.967415 68683.021411
2202.431346 68617.601703
2202.948236 68552.682622
2203.568935 68493.172392
2204.223519 68453.270844
2204.632357 68423.874837
2205.407705 68401.728954
2206.138552 68395.636765
2206.850336 68395.563801
2207.583304 68396.407159
2208.326863 68397.687494
2209.049239 68399.361016
2209.752540 68401.537645
2210.517296 68404.200525
2211.248143 68407.292532
2211.993811 68410.827010
2212.722549 68414.805356
2213.463988 68419.298915
2214.213898 68424.213322
2214.944757 68429.555573
2215.686196 68435.452552
2216.442468 68441.849276
2217.192365 68448.605669
2217.925346 68455.812986
2218.673134 68463.552331
2219.420936 68471.682585
2220.156024 68480.299193
2220.908055 68489.573647
2221.674919 68499.279662
2222.420587 68509.333006
2223.168376 68519.848951
2223.914056 68530.666603
2224.640674 68541.973897
2225.390583 68553.989650
2226.148977 68566.675380
2226.922178 68579.579312
2227.650917 68592.770355
2228.402947 68606.712104
2229.163449 68621.168023
2229.919721 68635.909383
2230.661160 68650.766585
2231.383536 68666.051857
2232.122866 68682.103845
2232.874897 68698.637613
2233.616323 68715.662635
2234.370474 68733.046684
2235.103442 68750.740191
2235.844893 68769.203143
2236.603274 68788.045528
2237.338350 68807.134194
2238.079801 68826.472827
2238.800044 68846.408027
2239.552074 68867.053709
2240.291405 68887.919993
2241.026481 68909.176374
2241.761569 68930.530517
2242.473341 68952.782194
2243.238084 68976.068371
2243.987994 68999.225682
2244.714611 69022.635653
2245.451808 69046.838861
2246.199597 69071.819644
2246.955882 69097.304093
2247.705792 69123.001179
2248.447230 69149.049167
2249.190777 69175.785291
2249.944929 69203.179817
2250.699080 69230.688671
2251.434169 69259.028035
2252.207383 69288.526899
2252.978476 69318.270726
2253.738977 69348.080226
2254.488887 69378.323855
2255.247280 69400.097267
2255.562913 69425.962890
2256.501367 69460.800021
2257.234335 69492.136061
2257.980003 69524.245696
2258.727804 69556.630482
2259.465001 69588.858849
2260.185256 69619.609632
2260.837719 69651.209285
2261.577036 69685.455404
2262.326959 69720.358826
2263.074747 69755.880360
2263.831007 69791.817902
2264.576687 69827.863328
2265.318126 69864.474431
2266.068036 69899.466764
2266.726848 69933.497358
2267.421691 69970.240751
2268.171600 70007.511119
2268.870672 70042.668561
2269.523134 70078.612784
2270.237039 70116.122334
2270.933977 70153.302097
2271.620349 70190.591842
2272.306708 70227.684767
2272.971870 70265.934710
2273.685775 70306.305515
2274.412393 70347.285180
2275.132648 70387.353391
2275.812644 70427.469224
2276.520187 70468.664469
2277.223500 70508.949608
2277.886554 70548.296611
2278.545367 70588.521682
2279.225375 70627.040183
2279.816408 70665.222424
2280.443458 70708.858512
2281.087437 70758.438621
2281.716607 70812.536995
2282.318232 70871.382549
2282.919856 70931.976349
2283.451567 70994.474337
2283.996003 71063.841239
2284.561611 71137.464981
2285.097551 71212.258645
2285.612332 71295.987590
2286.203365 71395.980615
2286.855828 71505.906594
2287.491348 71623.690481
2288.169236 71746.786903
2288.836520 71871.166939
2289.529228 71991.536046
2290.160520 72006.578339
2290.643526 71922.227996
2291.164645 71836.661251
2291.751436 71750.944521
2292.391186 71681.988879
2292.840296 71616.107365
2293.600785 71545.304726
2294.350707 71489.691051
2295.087904 71448.748978
2295.808159 71421.307663
2296.555948 71407.089519
2297.333391 71403.549049
2298.064238 71403.972029
2298.807798 71404.807799
2299.553465 71406.052693
2300.294917 71407.730309
2301.055418 71409.828788
2301.801086 71412.328095
2302.548887 71415.269571
2303.307268 71418.656159
2304.065648 71422.434696
2304.811329 71426.604555
2305.559118 71431.266284
2306.328090 71436.287978
2307.058937 71441.696863
2307.817330 71447.652097
2308.582073 71454.036511
2309.340454 71460.813394
2310.096713 71468.049172
2310.861456 71475.780052
2311.630429 71484.089447
2312.420585 71492.781904
2313.178978 71501.693134
2313.931008 71511.194362
2314.714814 71521.425488
2315.511333 71531.773351
2316.246409 71542.419195
2317.021744 71553.751650
2317.792837 71565.479461
2318.561822 71577.319326
2319.292669 71589.641375
2320.067991 71602.631694
2320.828505 71615.892391
2321.584765 71629.561989
2322.343158 71643.657232
2323.099418 71658.241998
2323.864161 71673.168206
2324.611950 71685.796427
2325.114019 71693.666888
2325.376706 71703.915259
2326.088477 71719.795352
2326.859570 71736.616250
2327.620072 71753.509061
2328.359389 71770.750635
2329.113541 71788.761542
2329.882526 71807.304237
2330.645148 71826.123456
2331.401420 71845.372938
2332.164030 71865.189482
2332.930894 71885.439618
2333.693516 71906.067022
2334.456139 71927.305817
2335.231474 71948.797677
2335.981383 71970.542604
2336.744006 71992.740690
2337.496036 72015.981060
2338.298917 72039.524338
2339.042464 72062.959791
2339.809328 72087.085124
2340.569830 72111.299125
2341.315510 72135.833116
2342.069662 72160.675083
2342.808980 72185.280194
2343.524993 72211.395178
2344.327874 72238.139858
2345.056600 72262.517196
2345.702713 72287.769651
2346.458972 72315.281837
2347.208882 72343.257456
2347.967275 72371.734425
2348.721426 72400.883930
2349.492520 72429.960988
2350.221258 72459.763795
2351.007185 72490.233435
2351.748611 72520.193134
2352.487942 72549.988957
2353.201847 72580.451093
2353.953865 72611.799011
2354.691074 72642.694100
2355.402858 72673.522753
2356.118872 72704.447852
2356.817943 72735.607615
2357.527619 72767.229363
2358.230932 72799.320311
2358.944825 72831.879917
2359.652380 72863.328014
2360.302722 72894.581505
2360.986972 72927.880346
2361.709335 72961.536527
2362.393573 72995.674327
2363.120191 73031.061490
2363.840459 73066.309573
2364.545880 73102.206440
2365.276727 73138.317735
2365.975799 73175.199651
2366.721467 73212.125976
2367.407838 73249.281912
2368.147156 73287.984066
2368.878003 73325.610855
2369.562253 73363.736664
2370.297329 73402.455296
2370.990051 73440.100157
2371.672181 73478.276403
2372.371265 73516.446179
2373.021606 73555.488620
2373.642294 73597.290655
2374.205793 73643.769240
2374.779883 73696.536477
2375.349720 73753.253385
2375.885672 73812.576794
2376.402575 73875.888295
2376.919465 73937.901680
2377.347379 73999.877958
2377.802839 74067.030074
2378.251936 74138.540737
2378.713759 74218.953120
2379.230649 74301.588036
2379.698809 74318.364233
2379.976330 74264.774274
2380.385168 74198.425736
2380.910542 74129.172529
2381.497332 74064.229905
2382.164629 74009.402140
2382.846758 73976.754414
2383.194179 73954.739120
2384.066962 73939.041891
2384.793567 73936.614899
2385.532897 73937.198782
2386.274323 73938.209605
2387.030595 73939.642360
2387.776276 73941.440491
2388.492302 73943.617423
2389.221028 73946.260830
2389.975179 73949.384115
2390.735693 73952.897071
2391.475011 73956.788773
2392.218571 73961.186324
2392.987543 73966.005933
2393.731115 73971.214231
2394.487375 73976.823903
2395.226706 73982.748451
2395.957552 73989.275314
2396.739237 73996.227312
2397.472205 74003.459647
2398.222128 74011.191819
2398.972024 74019.285494
2399.711355 74027.861825
2400.471856 74036.814316
2401.204824 74046.123535
2401.954734 74056.028915
2402.715248 74066.208518
2403.443974 74076.875718
2404.212946 74088.033887
2404.952277 74099.677989
2405.727612 74111.882001
2406.483871 74124.314541
2407.233794 74137.230633
2407.996416 74150.688012
2408.759038 74164.283508
2409.489885 74178.265370
2410.248266 74192.845363
2410.998188 74207.984711
2411.769281 74223.396061
2412.504370 74239.105898
2413.262750 74255.251173
2413.999960 74271.701747
2414.747749 74288.957650
2415.518854 74306.564027
2416.260293 74324.168410
2416.995382 74342.024986
2417.724108 74360.420228
2418.469776 74379.660403
2419.232398 74399.238203
2419.971728 74418.755944
2420.698321 74438.621729
2421.433422 74459.515553
2422.204515 74481.007956
2422.952304 74502.752681
2423.710685 74524.507165
2424.430940 74547.038691
2425.212637 74570.503569
2425.966789 74593.881179
2426.714565 74617.854884
2427.479321 74641.940370
2428.208047 74666.595651
2428.981261 74692.489066
2429.758717 74718.539483
2430.514976 74744.888558
2431.283961 74771.745937
2432.044450 74798.891039
2432.804964 74826.353238
2433.559103 74853.376472
2434.273008 74880.212911
2434.995384 74908.208028
2435.749535 74934.250467
2436.351160 74960.634693
2437.103190 74990.417445
2437.859463 75020.238452
2438.592418 75050.612816
2439.355040 75081.266291
2440.081658 75112.435379
2440.848509 75143.875368
2441.568764 75175.927454
2442.344099 75208.523342
2443.070704 75241.508955
2443.843918 75275.429332
2444.593841 75309.597827
2445.358571 75343.800247
2446.091526 75376.599612
2446.777898 75409.689322
2447.506624 75444.359031
2448.243821 75479.942295
2448.993730 75515.366766
2449.707635 75549.840151
2450.402465 75585.008805
2451.129083 75621.083438
2451.845096 75657.551086
2452.571701 75695.226902
2453.319490 75733.692282
2454.060941 75771.569727
2454.770605 75809.173028
2455.486618 75847.326860
2456.202631 75886.268669
2456.933478 75925.540987
2457.647371 75965.268322
2458.380338 76005.502003
2459.098473 76045.535940
2459.810257 76085.471454
2460.511437 76125.418312
2461.210508 76165.056968
2461.888396 76205.615579
2462.606530 76246.520419
2463.273814 76289.745336
2463.975019 76334.654236
2464.542734 76383.369901
2465.176134 76438.314091
2465.762937 76497.164847
2466.358212 76557.286703
2466.875089 76618.283631
2467.402571 76685.152630
2467.944874 76756.391237
2468.472355 76833.393788
2469.031613 76915.169997
2469.563323 76915.404795
2470.101384 76836.137968
2470.660642 76760.408058
2471.266508 76688.583996
2471.912608 76637.294825
2472.266379 76585.594767
2473.156115 76528.928910
2473.903904 76492.580549
2474.658055 76470.608759
2475.376190 76461.275112
2476.119749 76459.411677
2476.865417 76459.980940
2477.623798 76460.945699
2478.361007 76462.300702
2479.104554 76464.078897
2479.862935 76466.254988
2480.604373 76468.797923
2481.341583 76471.797212
2482.110568 76475.195671
2482.847752 76479.016512
2483.618858 76483.269697
2484.366647 76487.880104
2485.118664 76492.970454
2485.887662 76498.480317
2486.641801 76504.375914
2487.402302 76510.672852
2488.154333 76517.463252
2488.931789 76524.762302
2489.702882 76532.438341
2490.469733 76540.552525
2491.242947 76549.153086
2492.020403 76558.158859
2492.789376 76567.407835
2493.537177 76577.090269
2494.308270 76587.444957
2495.094184 76598.078807
2495.844107 76608.814116
2496.585533 76620.296061
2497.379943 76632.323429
2498.138323 76644.424853
2498.888233 76657.119109
2499.667797 76670.300797
2500.426190 76683.758970
2501.188813 76697.631891
2501.947206 76711.880739
2502.705574 76726.374831
2503.447025 76739.682411
2504.048637 76755.829565
2505.027350 76773.911970
2505.777259 76790.137300
2506.533531 76807.008323
2507.304612 76824.270069
2508.058763 76841.854294
2508.821386 76859.952619
2509.584008 76878.495493
2510.348751 76897.457168
2511.111373 76916.646707
2511.861296 76936.447148
2512.638739 76956.830995
2513.401361 76977.470202
2514.166104 76998.617687
2514.935089 77020.095477
2515.693457 77041.748037
2516.445500 77063.812816
2517.203894 77084.522924
2517.839402 77105.189567
2518.570249 77127.756571
2519.307445 77151.113688
2520.063718 77175.243662
2520.824219 77199.646706
2521.572021 77223.966399
2522.302867 77248.000270
2523.010410 77272.594631
2523.751849 77298.484278
2524.512350 77324.849712
2525.258030 77351.588711
2526.016411 77379.585056
2526.808700 77408.437923
2527.590385 77437.138577
2528.350887 77465.785654
2529.107159 77494.724079
2529.861311 77525.033492
2530.666300 77556.104409
2531.437393 77586.901311
2532.206378 77617.298637
2532.937238 77648.418893
2533.721031 77680.562208
2534.481532 77711.602557
2535.193317 77742.725074
2535.938997 77774.962165
2536.684678 77807.270543
2537.415525 77839.309960
2538.131538 77870.961741
2538.828501 77902.637738
2539.529694 77934.762038
2540.230886 77967.586908
2540.946899 78001.119900
2541.662913 78035.275354
2542.389530 78070.366092
2543.128848 78106.047040
2543.863937 78141.805543
2544.590542 78178.162077
2545.334102 78213.993944
2546.024715 78250.101027
2546.764033 78286.944616
2547.469454 78323.235372
2548.172767 78360.829765
2548.914206 78399.351663
2549.638703 78437.696540
2550.358958 78475.385966
2551.045317 78512.687953
2551.738038 78551.439067
2552.464644 78590.425739
2553.153123 78629.584908
2553.818311 78673.251170
2554.479245 78722.960604
2555.108415 78777.914344
2555.718523 78834.956103
2556.256584 78891.542287
2556.752303 78950.631540
2557.250118 79010.894491
2557.697094 79070.555038
2558.127129 79132.674279
2558.559297 79197.169077
2558.976619 79260.772884
2559.357924 79326.543517
2559.773138 79336.327203
2560.080300 79279.966707
2560.501864 79213.250261
2561.033588 79143.021251
2561.656408 79077.368507
2562.342767 79024.062020
2563.037597 78994.074479
2563.346880 78981.416132
2563.632871 78969.573373
2564.245087 78961.112379
2564.992876 78959.397750
2565.706781 78960.018043
2566.441870 78961.057749
2567.198142 78962.514513
2567.945944 78964.323520
2568.659836 78966.521333
2569.401287 78969.199177
2570.163910 78972.250713
2570.890515 78975.679453
2571.638316 78979.603622
2572.400938 78983.894566
2573.133906 78988.588484
2573.892287 78993.713775
2574.633725 78999.196616
2575.377285 79005.064564
2576.114495 79011.373711
2576.866525 79018.135357
2577.614327 79025.234870
2578.351523 79032.684462
2579.088733 79040.662330
2579.849234 79049.081631
2580.592794 79057.711396
2581.319412 79066.659822
2582.050259 79076.193827
2582.806518 79086.096263
2583.533136 79096.286812
2584.272454 79106.978238
2585.013893 79117.988186
2585.742619 79129.584344
2586.507362 79141.578867
2587.236088 79153.827865
2587.981768 79166.788928
2588.746512 79180.181617
2589.494313 79193.678907
2590.225160 79207.601324
2590.975069 79221.940949
2591.708037 79236.752620
2592.464310 79252.008193
2593.201506 79267.631529
2593.953537 79283.703519
2594.694976 79300.114803
2595.440656 79317.125901
2596.199037 79334.271271
2596.921413 79351.519616
2597.654380 79369.310218
2598.389469 79387.843274
2599.149971 79406.888160
2599.893517 79425.848124
2600.615893 79445.292969
2601.365816 79465.272673
2602.098784 79485.748276
2602.855043 79506.986872
2603.613436 79528.305343
2604.346404 79549.848931
2605.092072 79572.077303
2605.844102 79595.008068
2606.608846 79618.754912
2607.386302 79642.629070
2608.131969 79666.730273
2608.896713 79691.383770
2609.650864 79716.462438
2610.415607 79742.177146
2611.182459 79767.953132
2611.926018 79793.929301
2612.680170 79820.199275
2613.417366 79846.727076
2614.163047 79873.850249
2614.910836 79901.222361
2615.648033 79928.679708
2616.378892 79956.492383
2617.113968 79984.738352
2617.846936 80013.756410
2618.601075 80043.470952
2619.348876 80073.083438
2620.077602 80103.361984
2620.838116 80134.700865
2621.598605 80166.776815
2622.373940 80199.189868
2623.130212 80230.887192
2623.852575 80262.481598
2624.585543 80295.215160
2625.341816 80320.546127
2625.727362 80335.476694
2626.009112 80357.809450
2626.716641 80391.035134
2627.468685 80425.527323
2628.214352 80458.584366
2628.887998 80491.524510
2629.612495 80525.472373
2630.313688 80560.158751
2631.052993 80596.101097
2631.790202 80631.442146
2632.489274 80666.957512
2633.218000 80703.429738
2633.940363 80740.289025
2634.669089 80777.697321
2635.397828 80814.939447
2636.105370 80851.779881
2636.804442 80889.493785
2637.531047 80927.800970
2638.238589 80965.163000
2638.916477 81002.708992
2639.617657 81041.713696
2640.335804 81082.328596
2641.081472 81122.908518
2641.784772 81162.554264
2642.483844 81203.293002
2643.212570 81245.320711
2643.943429 81286.089395
2644.604363 81326.688421
2645.244113 81373.822809
2645.934713 81424.706387
2646.513020 81477.134136
2647.099824 81532.225540
2647.631535 81587.945825
2648.142075 81644.798088
2648.622960 81705.944239
2649.139838 81773.398201
2649.658848 81842.332758
2650.139721 81835.086221
2650.739237 81757.534611
2651.328149 81687.203212
2651.963670 81623.956035
2652.601286 81584.024028
2652.872444 81563.092776
2653.149951 81531.288281
2653.870219 81493.815225
2654.630708 81469.657875
2655.378509 81458.956187
2656.105114 81456.786433
2656.846553 81457.306285
2657.617646 81458.217322
2658.352735 81459.515049
2659.102632 81461.210783
2659.846192 81463.313329
2660.602464 81465.777744
2661.329082 81468.652787
2662.091691 81472.019995
2662.862784 81475.731539
2663.599981 81479.867286
2664.375329 81484.438956
2665.125226 81489.353997
2665.879377 81494.797068
2666.663183 81500.693662
2667.427926 81506.881307
2668.179957 81513.489031
2668.946808 81520.666627
2669.732735 81528.243610
2670.495357 81536.158940
2671.264342 81544.511622
2672.031194 81553.472297
2672.831942 81562.805259
2673.590335 81572.150824
2674.325411 81582.098583
2675.113458 81592.771889
2675.895143 81603.664733
2676.653524 81614.789969
2677.409809 81626.521964
2678.193602 81638.977272
2678.988013 81651.441128
2679.720968 81664.149649
2680.494182 81677.419635
2681.246200 81691.067851
2682.015197 81705.221437
2682.777807 81719.667208
2683.534079 81734.522873
2684.296701 81749.872307
2685.061445 81760.494091
2685.334711 81769.343102
2685.906680 81783.559720
2686.669290 81800.238319
2687.438275 81817.402995
2688.207260 81834.812323
2688.961399 81852.559832
2689.724021 81870.841768
2690.488764 81889.482863
2691.247157 81908.779681
2692.030963 81928.296497
2692.774510 81948.095863
2693.547737 81968.841400
2694.331543 81989.806925
2695.089923 82010.870527
2695.850425 82032.219796
2696.600347 82053.851161
2697.352378 82076.418873
2698.138304 82099.331025
2698.886080 82121.719005
2699.610590 82144.096995
2700.332966 82165.154991
2700.951532 82187.379318
2701.724734 82212.314375
2702.489490 82236.606008
2703.199153 82260.504033
2703.917287 82285.856919
2704.690501 82312.554096
2705.463715 82338.882251
2706.192441 82365.162179
2706.940243 82392.288356
2707.694381 82420.481686
2708.478200 82449.725402
2709.266248 82479.445365
2710.052174 82509.233373
2710.821147 82539.453690
2711.607074 82570.224141
2712.382409 82600.913591
2713.142910 82631.980758
2713.916124 82663.857315
2714.695701 82696.113910
2715.466794 82728.210126
2716.218825 82760.081003
2716.960263 82791.886265
2717.691123 82823.890010
2718.424078 82856.698641
2719.173988 82889.988119
2719.911197 82923.235383
2720.642044 82956.472766
2721.362299 82989.589281
2722.071962 83022.719402
2722.777397 83057.116745
2723.525185 83092.542848
2724.258166 83128.205417
2724.999605 83163.987997
2725.721968 83199.520178
2726.437994 83236.328250
2727.196374 83273.671591
2727.918750 83310.594507
2728.645368 83347.667535
2729.359273 83384.498923
2730.062574 83422.473989
2730.806133 83460.809374
2731.509447 83498.152449
2732.202168 83536.419748
2732.926652 83575.733597
2733.644799 83614.594396
2734.339642 83654.173183
2735.002696 83698.402297
2735.653038 83749.453205
2736.292800 83806.810315
2736.917729 83866.834227
2737.474865 83924.875985
2737.957872 83982.373957
2738.426032 84042.136375
2738.881492 84103.500053
2739.317877 84166.430731
2739.745803 84227.332231
2740.114395 84289.692129
2740.523259 84362.468975
2740.993540 84447.641565
2741.542205 84542.368240
2742.126888 84641.521296
2742.728512 84743.683654
2743.349200 84850.272393
2744.003783 84953.675624
2744.586357 84955.560836
2745.183753 84877.403352
2745.637092 84812.217574
2746.198470 84746.362393
2746.842462 84686.866199
2747.571188 84649.723751
2747.912259 84624.682682
2748.776557 84605.239399
2749.486233 84600.817991
2750.238276 84600.779169
2750.971232 84601.581062
2751.689366 84602.740629
2752.413863 84604.290440
2753.157422 84606.259867
2753.915815 84608.606477
2754.655133 84611.269665
2755.377509 84614.320148
2756.123190 84617.845765
2756.887933 84621.705289
2757.614551 84625.878991
2758.353869 84630.569214
2759.124974 84635.582994
2759.847338 84640.887000
2760.590910 84646.704598
2761.349291 84652.814132
2762.071654 84659.006697
2762.764388 84665.551591
2763.486751 84672.553423
2764.202777 84679.618487
2764.870073 84687.178988
2765.613620 84695.534604
2766.361422 84704.285473
2767.107102 84713.380729
2767.848541 84722.942502
2768.606934 84732.770895
2769.331431 84743.032197
2770.096162 84753.712450
2770.827021 84764.705772
2771.581160 84776.140199
2772.320490 84787.807076
2773.055566 84799.849672
2773.794897 84812.247535
2774.527865 84825.323334
2775.301079 84838.760030
2776.031913 84852.297282
2776.773364 84866.534526
2777.538108 84881.367664
2778.300717 84896.408280
2779.046398 84911.645488
2779.789957 84927.333829
2780.542000 84943.638644
2781.306744 84960.264779
2782.052411 84977.093719
2782.800213 84994.306648
2783.545893 85011.904210
2784.293669 85030.250441
2785.069004 85048.590455
2785.785030 85066.704622
2786.511635 85085.644967
2787.263666 85105.407136
2788.024167 85125.360048
2788.761377 85145.412389
2789.500695 85166.287597
2790.269667 85188.064587
2791.045015 85210.188823
2791.809745 85232.440502
2792.566018 85254.964723
2793.322277 85277.915899
2794.080670 85301.394876
2794.845414 85325.136992
2795.595336 85349.037889
2796.345233 85373.047765
2797.078213 85397.299420
2797.819639 85422.426299
2798.582262 85448.083644
2799.332171 85474.286927
2800.103277 85500.544862
2800.834111 85526.706078
2801.577671 85553.509669
2802.323351 85580.930283
2803.079624 85608.180147
2803.795637 85635.571738
2804.539184 85664.262742
2805.303927 85693.381978
2806.049608 85721.096798
2806.723254 85749.006506
2807.460451 85778.532136
2808.197660 85808.214931
2808.924265 85838.577751
2809.676296 85869.578647
2810.415626 85900.966110
2811.167657 85933.555496
2811.945100 85966.310124
2812.686539 85997.273542
2813.364414 86028.694333
2814.110094 86062.073074
2814.860004 86095.690933
2815.599322 86129.596073
2816.345002 86164.374180
2817.105504 86198.389749
2817.802467 86232.231283
2818.539651 86266.978394
2819.259906 86302.251047
2820.003466 86338.877621
2820.763980 86375.520835
2821.492706 86412.181459
2822.238374 86449.158924
2822.964992 86486.026337
2823.691597 86523.312243
2824.420323 86560.962622
2825.146928 86598.308116
2825.850228 86636.406878
2826.591680 86675.083757
2827.303464 86712.982631
2828.002523 86751.575363
2828.727020 86791.447060
2829.459987 86831.210440
2830.167530 86870.920531
2830.885651 86910.438061
2831.574131 86950.606889
2832.302857 86991.295434
2832.997699 87030.371017
2833.658633 87070.886714
2834.342871 87114.645490
2834.967800 87162.492636
2835.596958 87213.400094
2836.162565 87265.031332
2836.696397 87318.981413
2837.219649 87374.787486
2837.713235 87429.428233
2838.153849 87487.800028
2838.651689 87555.289130
2839.179158 87628.933793
2839.708760 87712.193775
2840.306143 87808.655102
2840.941664 87915.777832
2841.598355 88031.156249
2842.278364 88149.018483
2842.952023 88258.824934
2843.547285 88270.274283
2844.028157 88189.674339
2844.559881 88107.643245
2845.155143 88027.147177
2845.790663 87967.823734
2846.155026 87905.875540
2847.036279 87837.985118
2847.733230 87791.382016
2848.453472 87756.496446
2849.203395 87734.817527
2849.961775 87725.768451
2850.703214 87724.196595
2851.448894 87724.734048
2852.207275 87725.667760
2852.995310 87726.916229
2853.696502 87728.491373
2854.446425 87730.472420
2855.198442 87732.857499
2855.971657 87735.593850
2856.715203 87738.692539
2857.482068 87742.205931
2858.246811 87746.049604
2858.996720 87750.233502
2859.750872 87754.779894
2860.500781 87759.750287
2861.271875 87765.142918
2862.036605 87770.882233
2862.799227 87776.916101
2863.544921 87783.405202
2864.326593 87790.430924
2865.108278 87797.764914
2865.873034 87805.320926
2866.622931 87813.307179
2867.398266 87821.830924
2868.177830 87830.653514
2868.938344 87839.809142
2869.709424 87849.462483
2870.489001 87859.429000
2871.249503 87869.604277
2872.003654 87880.180325
2872.768397 87891.314020
2873.547974 87902.761934
2874.304234 87914.459778
2875.066843 87926.474897
2875.816765 87939.343666
2876.636589 87952.332952
2877.356831 87965.254734
2878.123695 87978.928675
2878.888438 87992.979973
2879.655290 88007.325834
2880.411562 88021.984153
2881.172063 88037.097131
2881.936807 88052.494829
2882.688837 88068.242749
2883.451459 88085.002858
2884.262812 88102.172242
2885.027542 88119.052430
2885.777464 88136.033847
2886.518890 88153.450063
2887.275163 88171.736564
2888.058969 88190.449680
2888.819470 88209.151208
2889.571513 88228.385666
2890.344715 88247.933214
2891.092516 88267.858894
2891.865730 88288.322679
2892.626231 88308.903868
2893.380383 88329.408155
2894.109109 88348.395359
2894.731917 88367.914033
2895.475464 88390.140426
2896.263511 88412.542571
2896.994371 88434.651254
2897.737918 88457.302908
2898.481490 88480.509671
2899.237750 88504.277279
2899.994009 88528.138300
2900.733340 88551.840883
2901.457837 88575.502792
2902.173850 88600.788952
2902.974598 88626.678501
2903.705445 88651.893712
2904.444775 88678.275725
2905.222218 88705.775734
2906.003916 88734.049616
2906.802543 88762.408661
2907.567286 88790.695189
2908.340500 88819.199750
2909.096773 88848.489721
2909.891170 88878.361887
2910.658034 88907.967131
2911.418536 88938.075021
2912.191750 88968.387592
2912.943793 88997.483694
2913.638623 89026.449628
2914.367349 89056.967891
2915.121500 89087.744146
2915.845984 89117.796655
2916.549298 89148.455365
2917.286507 89179.531629
2917.994050 89210.158787
2918.695242 89241.529713
2919.421860 89273.839994
2920.150586 89305.913882
2920.851778 89338.176993
2921.574142 89371.054824
2922.288047 89403.524763
2922.978660 89436.616060
2923.705252 89470.828504
2924.429749 89505.838808
2925.175430 89540.934252
2925.889335 89576.794929
2926.651957 89614.148165
2927.412459 89650.286023
2928.111543 89686.780624
2928.872044 89724.412080
2929.602891 89761.427797
2930.325267 89799.279394
2931.075177 89837.029339
2931.780611 89874.290892
2932.498745 89912.495881
2933.227484 89950.693602
2933.932918 89988.595437
2934.638339 90026.180594
2935.320469 90063.147105
2935.991994 90101.860747
2936.665640 90146.174801
2937.339299 90195.766868
2937.959986 90248.473338
2938.544669 90303.049391
2939.080622 90358.209285
2939.578462 90415.367000
2940.069926 90477.603265
2940.580454 90542.283715
2941.046518 90605.100837
2941.474432 90670.342071
2941.925638 90743.679367
2942.412873 90824.344540
2942.917063 90907.133437
2943.412769 90922.942278
2943.728415 90864.088778
2944.183863 90794.967112
2944.732541 90724.432469
2945.372303 90659.364759
2946.073483 90608.941183
2946.721729 90582.285805
2946.994995 90570.333160
2947.300049 90557.952909
2948.024546 90550.079045
2948.759622 90549.223715
2949.503181 90549.842878
2950.246741 90550.806929
2950.979709 90552.125176
2951.725389 90553.782062
2952.452007 90555.804291
2953.206146 90558.194679
2953.945489 90560.906353
2954.680565 90564.006497
2955.436825 90567.528405
2956.199460 90571.359056
2956.934536 90575.465645
2957.667516 90579.987329
2958.423776 90584.933172
2959.177927 90590.276939
2959.942670 90595.852299
2960.662938 90601.719768
2961.410727 90608.143802
2962.179699 90614.941348
2962.929621 90621.976575
2963.671060 90629.293066
2964.406136 90637.110105
2965.175134 90645.329566
2965.918693 90653.733479
2966.655878 90662.477234
2967.397329 90671.638098
2968.145130 90681.054433
2968.871736 90690.984081
2969.642841 90701.307642
2970.375809 90711.722601
2971.108764 90722.610329
2971.858687 90733.962291
2972.606475 90745.708245
2973.360627 90757.849307
2974.112657 90770.517383
2974.885884 90783.571548
2975.640023 90796.774309
2976.387811 90810.458043
2977.154676 90824.504838
2977.902477 90838.593114
2978.635445 90853.269012
2979.406538 90868.558330
2980.164918 90884.314553
2980.944495 90900.058244
2981.666871 90916.037666
2982.433735 90932.693939
2983.185753 90949.699155
2983.950496 90967.317846
2984.723710 90984.782369
2985.443978 91002.255696
2986.187525 91020.618780
2986.952268 91039.743659
2987.727603 91059.109216
2988.481755 91078.604058
2989.238027 91098.293531
2989.979453 91118.663652
2990.759030 91139.836318
2991.532244 91160.977889
2992.282166 91182.344634
2993.044789 91204.136448
2993.798927 91226.393439
2994.567912 91249.082546
2995.326293 91271.887873
2996.078323 91294.928252
2996.828233 91318.330566
2997.580263 91342.196001
2998.336536 91366.563245
2999.097050 91391.192553
2999.846947 91415.940893
3000.592627 91441.337353
3001.359479 91467.168489
3002.109401 91493.112504
3002.861419 91519.154335
3003.596520 91545.402136
3004.340067 91572.693024
3005.113281 91599.406754
3005.806003 91625.810178
3006.543199 91653.613302
3007.293109 91682.336599
3008.059973 91709.738817
3008.723027 91737.034836
3009.466587 91766.227994
3010.210134 91796.414557
3010.985469 91827.653438
3011.762925 91858.448680
3012.498014 91889.090686
3013.250044 91920.573764
3014.008412 91952.375854
3014.758334 91984.316304
3015.506123 92016.616658
3016.256045 92049.836526
3017.029259 92082.289129
3017.728331 92114.390618
3018.469757 92147.875019
3019.215437 92181.371995
3019.942042 92214.925518
3020.675010 92249.514571
3021.431270 92284.754411
3022.176938 92320.510889
3022.939573 92356.115465
3023.664057 92391.514031
3024.403375 92427.670383
3025.144813 92464.388400
3025.892602 92501.034500
3026.617099 92537.549899
3027.345825 92574.944553
3028.091493 92612.574249
3028.815990 92650.389687
3029.555307 92688.266076
3030.269200 92726.543350
3031.010651 92766.457750
3031.773261 92806.271495
3032.497758 92845.640542
3033.230713 92885.115193
3033.946739 92925.341236
3034.694527 92966.672666
3035.438087 93006.809087
3036.130796 93045.362243
3036.806563 93084.987157
3037.475980 93128.824480
3038.136926 93178.016785
3038.783026 93231.587574
3039.403713 93285.678955
3039.943907 93342.781275
3040.524348 93407.787399
3041.123852 93473.204125
3041.632258 93538.890043
3042.163982 93609.613571
3042.689343 93682.996152
3043.201991 93678.698837
3043.788794 93600.149369
3044.373464 93527.660211
3045.011106 93461.984663
3045.646614 93411.821301
3046.140199 93368.784200
3046.843500 93328.651843
3047.557405 93300.679226
3048.305194 93285.892112
3049.046632 93281.931984
3049.777479 93282.068890
3050.508326 93282.739968
3051.264586 93283.776360
3052.020858 93285.150560
3052.758055 93286.836010
3053.482552 93288.860481
3054.219749 93291.304348
3054.990842 93294.142377
3055.749222 93297.277303
3056.488540 93300.807733
3057.261767 93304.719677
3058.011664 93308.969856
3058.774299 93313.542169
3059.513617 93318.527027
3060.291060 93323.848802
3061.026149 93329.489704
3061.790879 93335.656898
3062.568335 93342.109813
3063.314016 93348.815367
3064.066046 93355.966599
3064.830777 93363.619787
3065.610353 93371.610004
3066.368734 93379.796958
3067.116523 93388.380905
3067.881266 93397.424915
3068.645996 93406.891182
3069.419223 93416.685339
3070.177604 93426.924797
3070.961397 93437.532312
3071.719790 93448.161673
3072.454879 93459.163391
3073.215380 93470.842608
3073.992823 93482.804396
3074.742746 93495.051708
3075.509597 93507.602501
3076.253157 93520.499067
3077.017887 93533.652945
3077.750855 93547.226204
3078.521961 93561.307162
3079.271870 93575.736348
3080.040843 93590.587367
3080.797115 93605.742513
3081.559737 93621.148216
3082.305405 93636.893138
3083.065906 93653.107424
3083.822191 93669.660804
3084.580559 93686.647013
3085.343194 93704.144351
3086.114287 93721.883628
3086.866318 93739.735556
3087.616228 93757.890429
3088.364016 93776.719118
3089.139364 93796.205230
3089.910444 93814.739307
3090.584103 93835.316851
3091.482298 93857.549494
3092.253404 93878.142932
3092.999072 93898.360096
3093.717206 93919.314049
3094.490420 93941.620234
3095.278468 93963.711607
3096.011423 93985.195135
3096.733812 94006.853065
3097.456175 94029.428444
3098.216689 94052.839380
3098.970828 94075.971507
3099.691083 94099.179956
3100.428292 94123.343390
3101.186673 94147.783413
3101.919653 94172.043459
3102.646246 94196.857060
3103.391926 94222.374511
3104.139728 94248.688575
3104.910821 94275.850176
3105.686156 94303.081190
3106.440307 94330.762649
3107.219871 94359.043571
3107.986735 94387.027948
3108.730295 94415.135150
3109.484446 94444.326347
3110.266131 94474.129447
3111.032983 94503.227333
3111.759613 94532.558811
3112.520115 94562.700265
3113.270024 94592.986714
3114.019934 94620.522663
3114.619450 94648.067953
3115.354539 94679.121663
3116.108678 94710.565006
3116.845887 94741.084304
3117.540717 94771.428521
3118.254622 94802.732929
3118.979119 94834.218799
3119.686649 94866.078681
3120.413266 94898.546235
3121.133521 94931.392829
3121.862247 94965.057970
3122.603699 94998.120315
3123.292179 95031.366203
3124.027267 95065.626201
3124.745401 95100.069371
3125.474127 95134.942349
3126.196503 95169.785101
3126.910409 95205.582703
3127.658210 95241.708301
3128.372102 95277.111269
3129.077537 95313.263569
3129.808383 95349.788654
3130.515926 95386.699305
3131.248894 95424.814568
3131.990332 95462.266844
3132.685175 95499.435862
3133.403309 95537.197084
3134.108743 95574.536987
3134.799331 95611.956425
3135.496294 95649.735811
3136.189016 95688.984274
3136.885966 95731.492801
3137.542683 95779.760671
3138.205738 95835.493282
3138.864550 95895.745031
3139.472537 95959.631240
3140.072041 96025.623128
3140.614356 96089.031635
3141.088879 96151.863853
3141.557052 96217.390147
3142.016741 96287.939457
3142.501856 96361.654946
3142.955195 96431.307586
3143.355588 96504.954844
3143.844931 96511.944559
3144.268616 96445.932117
3144.721955 96376.476054
3145.312988 96305.456469
3145.969705 96242.747371
3146.687839 96199.677300
3147.175075 96179.102037
3147.444111 96165.048794
3147.918634 96151.389515
3148.666423 96144.556464
3149.416345 96143.775922
3150.140829 96144.471110
3150.882281 96145.524037
3151.632190 96146.937073
3152.384221 96148.689319
3153.123551 96150.755932
3153.852277 96153.144010
3154.581016 96155.906059
3155.328805 96159.050903
3156.076594 96162.520217
3156.813816 96166.392210
3157.580667 96170.593452
3158.311514 96175.037857
3159.042361 96179.914684
3159.800754 96185.276493
3160.569727 96190.892794
3161.300586 96196.719910
3162.033554 96203.062327
3162.804647 96209.810939
3163.550328 96216.895987
3164.315071 96224.335098
3165.060739 96232.148848
3165.827603 96240.377024
3166.583875 96248.773234
3167.316843 96257.407075
3168.054040 96266.527512
3168.810325 96276.008066
3169.549643 96285.901800
3170.314373 96295.906564
3171.019807 96306.049265
3171.754896 96316.908446
3172.513276 96328.145629
3173.252607 96339.672381
3174.002517 96351.701820
3174.760910 96364.230072
3175.527761 96377.103589
3176.284033 96390.268696
3177.042414 96403.871638
3177.807157 96417.778148
3178.559200 96431.824507
3179.300626 96446.307682
3180.061140 96461.162434
3180.804687 96476.486503
3181.575793 96492.074988
3182.310869 96507.913968
3183.071383 96524.356369
3183.829764 96541.137997
3184.588157 96558.012575
3185.323246 96574.719725
3186.037138 96592.270003
3186.814594 96610.388324
3187.547562 96628.743724
3188.314426 96647.632940
3189.062202 96666.860061
3189.826958 96686.666388
3190.591688 96706.527409
3191.333127 96726.316746
3192.066095 96747.126701
3192.856251 96768.677094
3193.616765 96790.399504
3194.392100 96812.891755
3195.180135 96835.450245
3195.934299 96858.006580
3196.696909 96881.084951
3197.461652 96904.529749
3198.224274 96928.542873
3199.001717 96952.755247
3199.753760 96977.030538
3200.512141 97001.732955
3201.268413 97026.654365
3202.018323 97051.789539
3202.766112 97077.131706
3203.507550 97102.824020
3204.255339 97129.126384
3205.011611 97155.668347
3205.753050 97182.065594
3206.481789 97209.000451
3207.233806 97236.669777
3207.983729 97264.734311
3208.737867 97293.234400
3209.492019 97321.887230
3210.235578 97351.227364
3211.006672 97381.299923
3211.769294 97411.531796
3212.529808 97442.602446
3213.315722 97474.260553
3214.086815 97505.686267
3214.843088 97536.991633
3215.590876 97568.699526
3216.349257 97601.263238
3217.120350 97633.869040
3217.863910 97663.768458
3218.495201 97695.306072
3219.298057 97729.456600
3220.033146 97762.793942
3220.783055 97796.814148
3221.532965 97831.482665
3222.295600 97866.012316
3223.024326 97899.798371
3223.740339 97934.471160
3224.492370 97969.678696
3225.216867 98005.080669
3225.962535 98040.869585
3226.689152 98077.265791
3227.445399 98114.159889
3228.178380 98150.873686
3228.913456 98188.141256
3229.654894 98225.750081
3230.389970 98263.428419
3231.120817 98301.168453
3231.845302 98339.299220
3232.578282 98378.777087
3233.340892 98418.598951
3234.073847 98457.689626
3234.796235 98497.115693
3235.529191 98537.397135
3236.270629 98578.548387
3237.022660 98618.920271
3237.723852 98657.542061
3238.401727 98696.952989
3239.107162 98738.941899
3239.785049 98783.457223
3240.409978 98831.108574
3241.013711 98880.272015
3241.553893 98933.538222
3242.140684 98993.065368
3242.714787 99055.730558
3243.271911 99121.054338
3243.814226 99189.221445
3244.348058 99257.534709
3244.833172 99245.831457
3245.513181 99166.406288
3246.099972 99099.154321
3246.752447 99040.773511
3247.347709 98994.400910
3247.945092 98953.946358
3248.673830 98921.905428
3249.387710 98903.110571
3250.131270 98895.520162
3250.902363 98894.353807
3251.639572 98894.907267
3252.374648 98895.815508
3253.135162 98897.074703
3253.880830 98898.665716
3254.624377 98900.590105
3255.363695 98902.862612
3256.111496 98905.533833
3256.880469 98908.574350
3257.636741 98911.893793
3258.371817 98915.567362
3259.130197 98919.648212
3259.888591 98924.097847
3260.651213 98928.889467
3261.405364 98934.030717
3262.165853 98939.475856
3262.907304 98945.299925
3263.674156 98951.515258
3264.426186 98958.032511
3265.180338 98964.960593
3265.945068 98972.349168
3266.720403 98980.023506
3267.470313 98988.086562
3268.249890 98996.552608
3269.008270 99005.300354
3269.773013 99014.418148
3270.533515 99023.950955
3271.306729 99033.971739
3272.086306 99044.422106
3272.867978 99055.020648
3273.615779 99065.737747
3274.363568 99077.123824
3275.153737 99088.915209
3275.907875 99100.774211
3276.659906 99113.107873
3277.428878 99125.849390
3278.187259 99138.767198
3278.935060 99152.076271
3279.697682 99165.911181
3280.464546 99180.086272
3281.225048 99194.540496
3281.983428 99209.499754
3282.758763 99224.710082
3283.506552 99239.997344
3284.254353 99255.947221
3285.031809 99272.365065
3285.790190 99288.820784
3286.537991 99305.701753
3287.302722 99323.227700
3288.075936 99341.117158
3288.840679 99359.091914
3289.590589 99377.503039
3290.361695 99396.506256
3291.130667 99415.577802
3291.878468 99435.092540
3292.653791 99455.015329
3293.405821 99475.275474
3294.179035 99496.006664
3294.939549 99516.837379
3295.693688 99537.873181
3296.443598 99559.504658
3297.214703 99570.560447
