0.000000 0.000000
0.000000 -0.000000
0.427914 6.850326
0.156756 0.001716
-0.235140 -0.737671
0.033896 1.755638
0.593141 5.849498
0.188531 -0.363052
-0.281749 -1.042942
-0.614337 -1.523767
0.186411 5.150105
0.821931 9.570584
1.440497 13.873133
2.054835 18.146265
2.609863 22.006864
2.328113 11.269094
1.853603 -0.179688
1.160882 -0.875778
0.425793 -1.614440
-0.290220 -2.333935
-0.631279 -2.676651
-1.633284 -3.683527
-2.366251 -4.420059
-3.003893 -6.356294
-2.048497 3.723760
-1.313409 7.613452
-0.565607 11.570412
0.173711 15.482483
0.720242 18.374433
1.082497 20.291290
1.573962 22.891855
2.105685 25.705449
2.618334 28.418106
2.353539 18.326564
1.849361 5.592606
1.158748 -0.740842
0.419443 -1.508032
-0.326238 -2.281837
-1.110043 -3.095207
-1.859953 -3.873401
-2.393785 -4.427368
-3.061081 -7.133794
-2.319642 2.421876
-1.631175 6.054599
-0.959637 9.597994
-0.216078 13.521416
0.463918 17.109441
0.840994 19.099096
1.262571 21.323561
1.713776 23.704365
2.184057 26.185821
2.633167 28.555567
2.362010 18.221679
1.855711 5.434160
1.158761 -0.751684
0.413080 -1.524684
-0.343179 -2.308651
-1.124877 -3.118987
-1.876908 -3.898570
-2.567508 -4.614472
-3.061081 -7.144538
-2.762390 0.083462
-2.012480 4.040637
-1.258329 8.020196
-0.468160 12.189813
0.288099 16.180496
0.885495 19.332874
1.254087 21.277886
1.760385 23.949556
2.279383 26.688242
2.828061 29.583545
3.402140 32.612880
3.980472 35.664666
4.573613 38.794593
5.162537 41.902271
5.762028 45.065706
6.266218 56.135304
5.920918 42.976002
5.399786 23.115809
4.806645 0.511373
4.370248 -0.279466
3.724135 -0.706358
3.001759 -1.183639
2.277262 -1.662320
1.546428 -2.145189
0.834644 -2.615471
0.103797 -3.098348
-0.633413 -3.585429
-1.362138 -4.066905
-2.063318 -4.530181
-2.376843 -4.737330
-3.145828 -9.768766
-3.743211 -19.055452
-4.313060 -33.448076
-4.810887 -46.021655
-5.141341 -54.367901
-5.440045 -61.912241
-5.965406 -75.181233
-6.310706 -83.902451
-5.482412 -63.006277
-5.007889 -51.035031
-4.310939 -33.452384
-3.546208 -14.159788
-2.777211 1.072158
-2.008238 5.041168
-1.258329 8.911787
-0.512661 12.760512
0.249974 16.696813
0.999884 20.567432
1.756156 24.470891
2.486990 28.243054
3.075902 31.282690
3.586442 33.917816
4.158412 36.870008
4.736732 39.854976
5.215484 42.326029
5.675186 44.698756
6.069203 50.142922
6.444158 62.143474
6.905968 76.923858
6.537363 62.876947
6.005652 42.614335
5.397665 19.444966
4.948580 2.331100
4.251617 -2.221858
3.512299 -4.805496
2.764498 -7.418781
2.025180 -10.002419
1.256208 -12.689688
0.499935 -15.332576
-0.269037 -18.019845
-1.027430 -20.670145
-1.764627 -23.246371
-2.440394 -25.607923
-2.982709 -27.503112
-3.694481 -29.990486
-4.378731 -44.417018
-4.988827 -57.387970
-5.490883 -68.061956
-5.887034 -76.484340
-6.329769 -85.897116
-5.501475 -65.004364
-4.901971 -49.882587
-4.344835 -35.829472
-3.592805 -16.860379
-2.821711 0.533326
-2.056968 4.506118
-1.302817 8.423886
-0.552907 12.319618
0.222428 16.347433
0.976579 20.265201
1.734960 24.204938
2.478519 28.067682
2.855595 30.026566
3.186062 31.743319
3.649993 34.153411
4.202900 37.025728
4.812995 40.195134
5.391315 43.199468
5.836183 45.510530
6.270460 56.497985
6.643294 68.442394
6.971640 78.961546
6.649644 66.691552
6.156058 47.882949
5.560797 25.199865
5.272697 14.221526
4.503699 -1.401908
3.796170 -3.908020
3.082265 -6.436715
2.362010 -8.987902
1.612087 -11.644172
0.874903 -14.255323
0.167348 -16.761526
-0.584683 -19.425263
-1.313409 -22.006454
-1.999767 -24.437579
-2.671305 -26.816206
-3.135224 -28.459433
-3.823703 -32.741211
-4.488879 -46.912704
-5.069319 -59.278940
-5.586209 -70.291231
-5.978119 -78.640821
-6.384849 -87.306169
-5.493004 -64.810999
-4.910442 -50.116935
-4.302468 -34.781882
-3.525012 -15.171964
-2.745448 0.925088
-1.976476 4.920286
-1.211732 8.893512
-0.459702 12.800689
0.332588 16.917032
1.099452 20.901277
1.866303 24.885456
2.588679 28.638563
2.936100 30.443591
3.332226 32.501664
3.819462 35.033097
4.402023 38.059799
5.014239 41.240570
5.598909 44.278225
6.054382 49.578604
6.450520 62.269204
6.821233 74.145281
7.198309 86.225193
7.575372 98.304697
7.943990 110.113644
8.443925 126.129464
8.890902 140.448701
9.424746 160.070453
9.954349 180.250339
9.384500 158.541352
8.884552 139.495308
8.291411 116.898995
7.891018 101.645614
7.213130 75.820773
6.497117 48.543505
5.770512 20.862733
5.037544 2.375064
4.287634 -3.210607
3.556787 -5.719543
2.834411 -8.199398
2.118385 -10.657455
1.374839 -13.209989
0.669404 -15.631685
-0.040259 -18.067899
-0.739318 -20.467708
-1.090981 -21.674938
-1.970113 -24.692924
-2.677655 -27.121857
-3.370364 -29.499868
-4.067327 -38.279416
-4.713440 -51.977055
-5.249393 -63.339297
-5.709082 -73.084747
-6.300114 -85.614688
-6.908089 -98.986635
-7.227976 -107.065634
-7.585977 -116.107197
-8.119808 -129.589516
-8.704491 -144.356109
-9.284932 -159.015572
-9.867494 -173.728600
-9.376016 -161.341539
-8.757450 -145.751364
-8.094396 -129.039923
-7.594460 -116.439683
-6.859372 -97.912707
-6.107341 -78.958733
-5.368023 -60.325168
-4.611751 -41.264285
-3.832187 -21.616362
-3.075915 -2.555480
-2.315413 4.124021
-1.567612 8.802990
-0.815581 13.508421
-0.065672 18.200582
0.667296 22.786738
1.429918 27.558441
2.056955 31.481792
2.707310 35.551038
3.317405 39.368385
3.997401 43.623099
4.707077 48.063519
5.389194 52.331503
6.060732 56.533295
6.689890 72.821635
7.274573 92.058670
7.734275 107.183632
8.236318 123.701709
8.666366 137.850988
9.034958 149.978284
9.352725 160.433340
9.623869 169.354464
10.058146 184.180380
10.384384 196.603500
9.784867 173.780579
9.282811 154.667845
8.649411 130.555012
8.312594 117.732771
7.507592 87.087225
6.770395 59.022951
6.028957 30.797196
5.291747 2.732439
4.514304 -4.272664
3.764394 -8.813207
3.022956 -13.302461
2.266683 -17.881529
1.506169 -22.486280
0.779564 -26.885720
0.065659 -31.208264
-0.669417 -35.658993
-1.372730 -39.917405
-1.936217 -43.329195
-2.660713 -47.715870
-3.380969 -52.076862
-4.122395 -56.566038
-4.861725 -61.493335
-5.558676 -77.351400
-6.223851 -92.486463
-6.867843 -107.139525
-7.401687 -119.286355
-7.893152 -130.468894
-8.234210 -138.229168
-8.539251 -145.169925
-8.810409 -151.339711
-9.109100 -158.135983
-9.490405 -166.812002
-9.962820 -177.561087
-9.473463 -165.229681
-8.871852 -150.069529
-8.219389 -133.627975
-7.816888 -123.485257
-7.075449 -104.801572
-6.338253 -86.224776
-5.596814 -67.541091
-4.865967 -49.124311
-4.103345 -29.906815
-3.368256 -11.383145
-2.616225 2.033174
-1.889608 6.952646
-1.160882 11.886391
-0.406730 16.992276
0.285979 21.682172
1.014705 26.615917
1.798523 31.922660
2.381072 35.866733
3.016593 40.169444
3.635172 44.357453
4.277030 48.703070
4.959160 53.321341
5.634939 57.896620
6.306464 62.443095
6.931393 81.838071
7.533005 101.830273
8.018132 117.951573
8.494763 133.790533
8.901506 147.307035
9.236215 158.429758
9.570911 169.552058
9.924694 181.308677
10.500881 201.019252
10.820768 213.196179
10.458526 199.412147
10.075088 184.821553
9.526435 163.944227
8.918448 140.809110
8.551964 126.863669
7.770279 97.119001
7.035190 69.147414
6.291644 40.853977
5.550205 12.640760
4.804524 -2.544276
4.033418 -7.289101
3.258083 -12.059948
2.537841 -16.491796
1.811223 -20.962873
1.071905 -25.512097
0.345300 -29.983096
-0.385559 -34.480274
-1.112152 -38.951195
-1.692605 -42.522884
-2.381085 -46.759287
-3.097098 -51.165112
-3.830053 -55.675184
-4.577855 -60.276610
-5.312943 -71.966229
-6.005652 -87.751717
-6.647536 -102.378993
-7.310590 -117.488712
-7.827467 -129.267341
-8.301990 -140.080794
-8.647290 -147.949517
-8.992591 -155.818240
-9.297645 -162.769828
-9.623882 -170.204149
-10.034842 -179.569113
-9.496768 -166.010626
-8.867610 -150.156975
-8.210906 -133.609208
-7.882560 -125.335484
-7.037311 -104.036741
-6.285281 -85.086925
-5.539613 -66.297437
-4.798174 -47.614515
-4.029189 -28.237476
-3.272930 -9.181094
-2.514537 2.854917
-1.773111 8.226758
-1.046493 13.491309
-0.288099 18.986082
0.444856 24.296548
1.173594 29.576466
1.982826 35.439575
2.578087 39.752414
3.213608 44.356941
3.853358 48.992109
4.516412 53.796124
5.213363 58.845728
5.878538 63.665110
6.556426 70.331730
7.191947 91.619217
7.816888 112.552344
8.331657 129.795119
8.791346 145.192930
9.198077 158.816819
9.556077 170.808445
9.897148 182.233012
10.229736 193.373411
10.498772 202.385104
10.839831 213.896096
11.204194 227.760916
11.604574 242.996270
12.134177 255.877403
12.591745 253.119823
13.081089 250.170746
13.640359 246.800252
13.165836 228.758936
12.731572 212.248263
12.189257 191.629477
11.640591 170.769264
11.125822 151.197787
10.458514 125.826762
9.729800 98.121144
8.986241 69.851071
8.255394 42.064333
7.492771 13.069498
6.770395 -1.985286
6.037428 -5.828566
5.308689 -9.649672
4.563021 -13.559544
3.830066 -17.402758
3.128874 -21.079425
2.417089 -24.811631
1.690472 -28.621615
0.959637 -32.453708
0.351650 -35.641658
-0.264808 -38.874025
-1.002005 -42.739481
-1.743443 -46.627178
-2.444623 -50.303779
-3.143695 -53.969326
-3.874554 -57.801552
-4.594809 -61.578174
-5.300231 -73.862098
-6.003531 -89.627080
-6.651765 -104.157692
-7.302119 -118.735845
-7.766050 -129.135188
-8.189722 -138.632097
-8.662111 -149.221036
-8.977757 -156.296461
-9.255265 -162.516993
-9.524314 -168.547928
-9.939515 -177.854956
-10.380142 -187.731912
-10.873727 -199.130934
-11.456289 -213.843092
-12.066384 -229.250592
-12.682830 -244.818456
-13.309879 -244.659934
-13.936929 -237.788488
-14.534312 -231.242146
-14.172070 -222.120068
-13.684834 -209.850372
-13.059905 -194.113245
-12.432868 -178.323028
-11.833365 -163.226169
-11.096155 -144.661558
-10.356837 -126.043859
-9.596336 -106.892708
-8.842185 -87.901464
-8.102867 -69.283764
-7.350836 -50.345930
-6.600914 -31.461185
-5.857367 -12.736986
-5.141354 1.197718
-4.363898 5.627204
-3.613988 9.899747
-2.855595 14.220625
-2.525128 16.103430
-2.027301 18.939757
-1.298575 23.091608
-0.639763 26.845134
0.097434 31.045248
0.811339 35.112659
1.508290 39.083473
2.230666 43.199146
2.942450 47.254473
3.635172 51.201192
4.344835 55.244436
5.088382 59.480728
5.802287 63.548139
6.497117 67.506870
7.164426 71.308802
7.840180 75.158852
8.492655 79.713643
9.068854 98.368220
9.541269 113.662753
10.087801 131.356848
10.492422 144.456580
10.949991 159.270461
11.344008 172.026870
11.689321 183.206459
11.998592 193.219160
12.329071 203.918508
12.640475 214.000285
13.062026 227.648101
13.360730 237.318713
13.646709 246.333485
14.070393 243.780109
13.515378 222.722010
13.091681 206.646309
12.540920 185.749632
11.909628 161.797502
11.627879 151.107512
10.738155 117.350082
10.030612 90.504885
9.295524 62.614540
8.571039 35.126547
7.806296 6.111067
7.058495 -2.473935
6.340361 -5.501903
5.622227 -8.529871
4.912563 -11.522122
4.166883 -14.666237
3.463582 -17.631660
2.747556 -20.650739
2.018830 -23.723366
1.285862 -26.813879
0.580428 -29.788299
-0.129223 -32.780496
-0.485115 -34.281093
-1.404506 -38.157648
-2.124761 -41.194558
-2.840761 -44.213530
-3.556800 -47.232663
-4.257980 -50.189143
-5.010010 -53.360033
-5.730265 -56.396943
-6.416624 -59.290932
-7.160171 -62.426051
-7.880439 -65.463016
-8.598573 -68.490984
-9.261627 -77.887400
-9.850552 -90.733588
-10.399204 -102.701331
-10.873727 -113.052081
-11.288928 -122.108849
-11.829123 -133.892094
-12.138406 -140.638476
-12.454052 -147.523647
-12.869266 -156.580692
-13.369201 -167.485768
-13.837361 -177.697729
-14.301292 -187.817440
-14.746148 -197.521061
-14.335176 -187.174073
-13.843711 -174.800534
-13.195478 -158.480047
-12.483706 -140.559871
-11.958345 -127.332929
-11.223269 -108.826018
-10.481818 -90.158594
-9.729800 -71.225141
-8.977770 -52.291369
-8.238452 -33.677663
-7.497013 -15.010559
-6.736512 0.812856
-5.990819 4.502158
-5.272684 8.055112
-4.510075 11.828108
-3.751682 15.580242
-2.989059 19.353301
-2.230679 23.105372
-1.951050 24.488829
-1.436281 27.035639
-0.688492 30.735308
-0.012713 34.078714
0.724497 37.726044
1.432027 41.226532
2.175586 44.905278
2.883129 48.405830
3.561017 51.759666
4.266438 55.249725
4.984585 58.802742
5.690019 62.292863
6.397562 65.793414
7.098754 69.262549
7.789342 72.679219
8.509597 76.242666
9.128176 87.223906
9.712846 105.732167
10.265753 123.234951
10.788993 139.798592
11.274107 155.155339
11.693550 168.433188
12.121477 181.979594
12.492177 193.714451
12.841719 204.779526
13.153123 214.637305
13.492061 225.366685
14.064044 243.473318
14.358493 241.938074
13.780160 220.007072
13.333197 203.057718
12.765456 181.528369
12.140527 157.830384
11.871490 147.628216
10.990237 114.210142
10.246678 86.013552
9.503131 57.817444
8.804059 31.307892
8.054137 2.870021
7.289394 -2.719299
6.571259 -5.553340
5.859488 -8.362271
5.156175 -11.137823
4.408386 -14.088892
3.692373 -16.914563
2.967863 -19.773764
2.258200 -22.574376
1.518895 -25.491965
0.802869 -28.317686
0.091097 -31.126618
-0.631279 -33.977398
-1.167232 -36.092479
-1.881137 -38.909830
-2.586558 -41.693702
-3.294101 -44.485943
-4.037673 -47.420373
-4.774870 -50.329643
-5.495125 -53.172054
-6.213259 -56.006095
-6.929272 -58.831766
-7.668603 -61.749455
-8.388845 -64.591816
-9.077338 -67.308879
-9.742513 -77.064520
-10.373779 -90.708761
-10.935157 -102.842435
-11.416030 -113.236061
-11.810060 -121.752664
-12.129935 -128.666467
-12.509119 -136.862180
-12.858661 -144.417213
-13.157352 -150.873152
-13.566216 -159.710370
-14.019543 -169.508607
-14.464411 -179.124029
-14.883854 -188.189904
-14.453819 -177.363711
-13.941158 -164.457391
-13.295058 -148.191725
-12.589624 -130.432307
-12.098160 -118.059607
-11.390617 -100.247114
-10.640708 -81.368020
-9.886556 -62.382138
-9.151468 -43.876163
-8.420621 -25.476975
-7.683424 -6.917925
-6.920801 2.281795
-6.183605 5.729983
-5.452758 9.148470
-4.702848 12.656122
-3.938105 16.233157
-3.192424 19.721027
-2.446757 23.208838
-1.730731 26.558001
-0.913028 30.382748
-0.177952 33.821016
0.468173 36.843223
1.215961 40.340954
1.948917 43.769302
2.645880 47.029301
3.330118 50.229778
4.027068 53.489717
4.751553 56.878443
5.429453 60.049277
6.139117 63.368680
6.833946 66.618699
7.537247 69.908340
8.242681 73.207961
8.886673 76.220188
9.522193 90.255486
10.138639 109.577783
10.668254 126.178422
11.238090 144.039774
11.704142 158.648035
12.127827 171.928307
12.519723 184.212192
12.911633 196.496474
13.269633 207.717888
13.591642 217.811150
14.133944 234.809470
14.445348 241.324441
14.799119 239.192405
15.307539 236.128368
15.820199 233.038768
16.398519 229.553468
16.987418 226.004411
17.548809 222.621135
18.116537 219.199667
17.616589 200.258126
17.188675 184.045752
16.648494 163.579880
16.046856 140.785650
15.644355 125.536087
14.936813 98.729422
14.197495 70.718882
13.424281 41.424113
12.678613 13.172991
11.943525 -1.208950
11.157598 -3.661590
10.382263 -6.081176
9.647174 -8.375166
8.943861 -10.569995
8.219376 -12.830891
7.441921 -15.257096
6.713195 -17.531230
5.995060 -19.772310
5.259984 -22.066260
4.482528 -24.492465
3.749561 -26.779836
3.027197 -29.034114
2.313292 -31.261996
1.709534 -33.146143
0.989292 -35.393802
0.247853 -37.707608
-0.493598 -40.021454
-1.239266 -42.348458
-1.978584 -44.655645
-2.707310 -46.929779
-3.436036 -49.203913
-4.179595 -51.524338
-4.933747 -53.877817
-5.662485 -56.151990
-6.361544 -58.333542
-7.126288 -60.720074
-7.861364 -63.014024
-8.556206 -65.182418
-9.200197 -67.192121
-9.772155 -76.483072
-10.312349 -87.737350
-10.746626 -96.784958
-11.079213 -103.714005
-11.445697 -111.349240
-11.786756 -118.454768
-12.136298 -125.737041
-12.481585 -132.930677
-12.901028 -141.669246
-13.394614 -151.952483
-13.862787 -161.706279
-14.354251 -171.945330
-14.818182 -181.610753
-15.265159 -190.922950
-15.909150 -204.339711
-16.584917 -208.320026
-17.250105 -210.008315
-17.947043 -212.593886
-18.646115 -215.187372
-19.268923 -217.497928
-18.944819 -209.341661
-18.510542 -198.412839
-17.944935 -184.179002
-17.250093 -166.692886
-16.754386 -154.218144
-16.051073 -136.518853
-15.296934 -117.540511
-14.566087 -99.148320
-13.822540 -80.436527
-13.074739 -61.617667
-12.360846 -43.652146
-11.636350 -25.419757
-10.909745 -7.134314
-10.183127 1.316038
-9.426867 3.562065
-8.696020 5.732619
-7.969402 7.890613
-7.204672 10.161798
-6.461112 12.370107
-5.721794 14.565819
-4.999418 16.711215
-4.221963 19.020193
-3.476295 21.234764
-2.724264 23.468231
-2.014601 25.575871
-1.283754 27.746425
-0.550786 29.923278
0.177952 32.087570
0.885482 34.188874
1.609979 36.340569
2.309038 38.416715
3.014485 40.511832
3.722014 42.613136
4.446511 44.764831
5.177358 46.935385
5.859475 48.961215
6.571259 51.075154
7.263981 53.132478
7.994815 55.302994
8.662124 57.284845
9.295524 59.165989
9.952228 61.116346
10.579265 62.978593
11.210557 64.853476
11.765572 66.501825
12.305767 68.106157
12.803581 69.584625
13.326834 82.393481
13.784402 95.405427
14.278000 109.441961
14.780057 123.719022
15.252459 137.152793
15.659189 148.719047
16.063798 160.224989
16.404869 169.924088
16.822191 181.791543
17.197146 192.454195
17.500092 201.069115
17.870805 211.611142
18.220334 217.973529
18.690615 215.139335
18.135600 194.172225
17.703444 177.846455
17.195025 158.639638
16.572230 135.111971
15.960014 111.983956
15.468524 93.416678
14.782165 67.487739
14.038618 39.398375
13.290817 11.148287
12.540907 -1.238180
11.810060 -3.227864
11.058030 -5.275219
10.284816 -7.380245
9.575152 -9.312258
8.869718 -11.232757
8.143113 -13.210893
7.386841 -15.269796
6.670827 -17.219096
5.944222 -19.197232
5.226075 -21.152341
4.476166 -23.193922
3.755911 -25.154770
3.018714 -27.161741
2.298459 -29.122590
1.580324 -31.077664
0.840994 -33.090444
0.332588 -34.474548
-0.400380 -36.470006
-1.131227 -38.459690
-1.809115 -40.305196
-2.516657 -42.231435
-3.262338 -44.261502
-3.988943 -46.239638
-4.743094 -48.292767
-5.473941 -50.282451
-6.194196 -52.243299
-6.944106 -54.284880
-7.698257 -56.338009
-8.422754 -58.310405
-9.134526 -60.248158
-9.861144 -62.226328
-10.591978 -64.215977
-11.267745 -66.055710
-11.956237 -67.930086
-12.562091 -69.579483
-13.083222 -71.980906
-13.572566 -81.920786
-13.936929 -89.321973
-14.290700 -96.508013
-14.676247 -104.339496
-15.080869 -112.558452
-15.474887 -120.562001
-15.964230 -130.501881
-16.489591 -141.173367
-17.012844 -151.802029
-17.550905 -162.731486
-18.076266 -173.402972
-18.591035 -183.859310
-19.078270 -193.756366
-19.546430 -203.265951
-19.188430 -194.258215
-18.690603 -181.732258
-18.072024 -166.168039
-17.353902 -148.099203
-16.843362 -135.253378
-16.140062 -117.557455
-15.349893 -97.675825
-14.631759 -79.606670
-13.877607 -60.631278
-13.131940 -41.869343
-12.398972 -23.426956
-11.655412 -4.718066
-10.922444 1.503588
-10.178898 3.553234
-9.418396 5.649615
-8.674837 7.699296
-7.933398 9.743129
-7.160184 11.874555
-6.412395 13.935893
-5.645531 16.049814
-4.897742 18.111152
-4.230434 19.950641
-3.344951 22.391542
-2.569616 24.528813
-1.821828 26.590151
-1.093089 28.598977
-0.368605 30.596074
0.370726 32.634097
1.129093 34.724597
1.879016 36.791817
2.586558 38.742213
3.289871 40.680951
4.035552 42.736477
4.787570 44.809473
5.473941 46.701510
6.219609 48.757002
6.927164 50.707433
7.647407 52.692838
8.399437 54.765869
9.041320 56.535270
9.744621 58.473974
10.430980 60.365975
11.168190 62.398151
11.841836 64.255110
12.456160 65.948543
13.045097 67.571994
13.589521 72.731473
14.127582 87.736203
14.655063 102.445918
15.127478 115.619992
15.591396 128.557132
16.074390 142.026221
16.572217 155.908970
17.014965 168.255724
17.296714 176.112782
17.680140 186.805250
18.019090 196.257448
18.372849 206.122597
18.690615 214.984055
19.052870 212.800891
18.769000 202.085269
18.427941 189.210895
17.980952 172.337817
17.432299 151.627117
16.820070 128.516524
16.220567 105.886293
15.724861 87.174225
15.036394 61.185774
14.280109 32.637309
13.517486 3.849623
12.778181 -1.695658
12.040972 -3.657071
11.305883 -5.612841
10.560215 -7.596758
9.822993 -9.558205
9.106992 -11.463190
8.410029 -13.317524
7.653769 -15.329621
6.910210 -17.307929
6.196305 -19.207338
5.471820 -21.134894
4.736732 -23.090665
4.001643 -25.046435
3.255962 -27.030386
2.535707 -28.946690
1.813344 -30.868603
1.076147 -32.829982
0.353771 -34.751929
-0.154648 -36.104625
-0.879132 -38.032181
-1.601508 -39.954128
-2.258225 -41.701383
-2.978467 -43.617653
-3.717798 -45.584709
-4.482528 -47.619344
-5.223967 -49.592009
-5.931522 -51.474524
-6.677190 -53.458441
-7.422871 -55.442391
-8.149476 -57.375590
-8.890914 -59.348255
-9.617520 -61.281454
-10.346246 -63.220296
-11.062271 -65.125348
-11.788877 -67.058547
-12.460415 -68.845235
-13.117106 -70.592422
-13.735685 -77.684366
-14.252562 -88.136127
-14.684718 -96.874733
-14.998243 -103.214511
-15.379560 -110.925121
-15.832887 -120.091823
-16.231146 -128.145013
-16.709911 -137.826099
-17.216196 -148.063683
-17.743691 -158.730134
-18.256339 -169.096379
-18.762637 -179.334220
-19.271044 -189.614692
-19.703199 -198.353298
-19.309169 -188.439690
-18.811354 -175.914919
-18.190655 -160.298415
-17.500067 -142.923561
-16.991647 -130.131985
-16.303168 -112.810172
-15.536316 -93.516566
-14.796999 -74.915691
-14.066152 -56.527941
-13.331063 -38.033468
-12.589637 -19.379553
-11.856669 -0.938441
-11.132172 1.821750
-10.397084 3.770461
-9.647174 5.758461
-8.897264 7.746461
-8.157947 9.706382
-7.399566 11.716838
-6.639052 13.732951
-5.887022 15.726573
-5.154054 17.669661
-4.382973 19.713785
-3.732619 21.437865
-2.811107 23.880781
-2.071789 25.840702
-1.309167 27.862403
-0.565620 29.833536
0.099568 31.596940
0.853707 33.596151
1.605737 35.589774
2.351405 37.566529
3.078035 39.492816
3.794036 41.390924
4.527017 43.334045
5.251501 45.254643
5.952693 47.113494
6.656007 48.977968
7.376249 50.887321
8.100746 52.807952
8.793455 54.644314
9.445930 56.374017
10.159835 58.266569
10.884319 60.187167
11.581270 62.034773
12.269749 63.859924
12.917983 65.578382
13.542912 67.235059
14.114882 76.450853
14.678381 91.995704
15.193137 106.195928
15.650718 118.818894
16.123120 131.850714
16.570096 144.181141
17.057332 157.622164
17.478896 169.251549
17.819954 178.660091
18.154663 187.893459
18.476658 196.776131
18.836792 206.710892
19.175743 211.931176
19.614236 212.061132
20.173506 214.097283
20.732750 216.133341
21.277186 218.115487
21.883053 220.321282
22.425355 222.295659
22.916833 224.084996
22.399930 204.592124
22.022867 190.372734
21.533510 171.918659
20.997558 151.707394
20.355674 127.501386
20.082408 117.196280
19.243523 85.561132
18.508434 57.840267
17.769116 29.959920
16.991673 0.641828
16.237509 -1.736273
15.513025 -3.442727
14.807590 -5.104310
14.051318 -6.885638
13.318363 -8.612044
12.579045 -10.353436
11.854548 -12.059920
11.125810 -13.776394
10.348366 -15.607588
9.619628 -17.324062
8.903614 -19.010564
8.174888 -20.727008
7.401687 -22.548211
6.664477 -24.284638
5.933630 -26.006078
5.207013 -27.717557
4.478287 -29.434002
3.734727 -31.185386
3.003880 -32.906826
2.512416 -34.064424
1.817573 -35.701059
1.076147 -37.447417
0.332588 -39.198801
-0.406743 -40.940224
-1.167244 -42.731513
-1.900199 -44.457919
-2.635288 -46.189350
-3.378848 -47.940734
-4.029189 -49.472552
-4.787583 -51.258875
-5.524779 -52.995272
-6.245035 -54.691764
-6.994944 -56.458105
-7.730033 -58.189536
-8.471471 -59.935924
-9.193835 -61.637382
-9.920453 -63.348862
-10.649179 -65.065306
-11.318596 -66.642054
-11.949874 -68.128972
-12.570562 -69.590941
-13.078981 -70.788474
-13.462406 -71.691597
-13.773810 -77.457177
-14.176312 -85.394030
-14.619046 -94.124243
-15.040610 -102.436991
-15.468524 -110.874953
-15.976943 -120.900386
-16.534079 -131.886465
-17.089095 -142.830723
-17.661064 -154.109303
-18.197017 -164.677667
-18.735091 -175.287852
-19.228676 -185.020783
-19.675666 -193.834890
-20.215847 -204.486647
-20.866189 -217.310626
-21.537727 -225.718580
-22.221965 -228.257035
-22.887140 -230.724770
-23.558665 -233.216062
-24.158181 -235.440208
-23.836185 -227.341410
-23.384954 -215.992105
-22.810876 -201.552965
-22.124530 -184.290075
-21.469934 -167.825756
-20.906435 -153.652701
-20.169251 -135.111137
-19.432041 -116.568934
-18.660948 -97.174495
-17.902568 -78.099805
-17.159008 -59.397887
-16.415449 -40.695970
-15.635884 -21.088472
-14.894446 -2.439900
-14.161478 1.424016
-13.424281 3.074716
-12.636233 4.839278
-11.888432 6.513722
-11.125810 8.221352
-10.373779 9.905266
-9.602686 11.631865
-8.840064 13.339495
-8.088033 15.023409
-7.323290 16.735789
-6.550089 18.467107
-5.793816 20.160519
-5.043907 21.839684
-4.266451 23.580530
-3.486887 25.326096
-2.713672 27.057443
-2.037905 28.570591
-1.273162 30.282970
-0.525374 31.957386
0.237261 33.665045
0.991400 35.353680
1.734972 37.018654
2.457336 38.636139
3.179699 40.253623
3.906330 41.880663
4.660468 43.569297
5.372252 45.163093
6.100978 46.794825
6.823354 48.412337
7.547851 50.034599
8.274444 51.661553
8.950223 53.174730
9.647174 54.735311
10.335666 56.276953
11.106760 58.003551
11.812181 59.583101
12.475248 61.067811
13.144652 62.566712
13.788644 64.008710
14.402981 65.384307
14.998243 66.717191
15.538437 67.926771
16.087115 69.155347
16.633660 70.379146
17.133595 72.018715
17.682274 86.407678
18.213984 100.351681
18.728753 113.851388
19.235052 127.128948
19.713816 139.684445
20.196797 152.350517
20.656499 164.406099
21.097113 175.961099
21.525039 187.183379
21.916949 197.461114
22.260116 206.460586
22.658375 216.904850
23.033342 224.107027
23.493032 225.449504
22.914712 203.707344
22.480435 187.380551
21.972016 168.266339
21.393696 146.524180
20.764525 122.870265
20.410767 109.570577
19.631190 80.262087
18.893981 52.546408
18.152555 24.672211
17.394161 5.600375
16.648481 -1.880405
15.938818 -3.454394
15.210092 -5.070662
14.470761 -6.710450
13.725093 -8.364294
12.998488 -9.975859
12.259170 -11.615619
11.543144 -13.203719
10.801706 -14.848184
10.026371 -16.567828
9.312478 -18.151196
8.596452 -19.739296
7.852905 -21.388437
7.079678 -23.103405
6.344602 -24.733757
5.615864 -26.350053
4.899838 -27.938154
4.160533 -29.577886
3.416973 -31.227054
2.684005 -32.852730
1.946808 -34.487787
1.207478 -36.127575
0.489344 -37.720351
0.031775 -38.735209
-0.707542 -40.374969
-1.468057 -42.061741
-2.188299 -43.659194
-2.923388 -45.289574
-3.662718 -46.929362
-4.327893 -48.404679
-5.084153 -50.082015
-5.785333 -51.637187
-6.545847 -53.323960
-7.285164 -54.963720
-8.032953 -56.622268
-8.770163 -58.257352
-9.509481 -59.897113
-10.250919 -61.541577
-11.013542 -63.233025
-11.733797 -64.830505
-12.466765 -66.456182
-13.187020 -68.053662
-13.867028 -69.561878
-14.553387 -71.084179
-15.216442 -72.554792
-15.883738 -74.034812
-16.445103 -75.279885
-16.911155 -76.313559
-17.273397 -79.413485
-17.629289 -86.336156
-18.095341 -95.401611
-18.607989 -105.373440
-19.057087 -114.109103
-19.573977 -124.163441
-20.122629 -134.835614
-20.692478 -145.920090
-21.275040 -157.251847
-21.870314 -168.830887
-22.429572 -179.709335
-22.976116 -190.340501
-23.469702 -199.941529
-23.969637 -209.666075
-24.452644 -219.061322
-24.092510 -210.004787
-23.609516 -197.858612
-23.018483 -182.995508
-22.346958 -166.108201
-21.666949 -149.007552
-21.141588 -135.795939
-20.410742 -117.416829
-19.684124 -99.144071
-18.942698 -80.498921
-18.184304 -61.427084
-17.464062 -43.314653
-16.743807 -25.201902
-15.983293 -6.076730
-15.220671 1.125161
-14.517370 2.644079
-13.773810 4.249944
-13.006946 5.906140
-12.257037 7.525719
-11.500777 9.159012
-10.748747 10.783172
-10.005174 12.389064
-9.251048 14.017750
-8.505368 15.628195
-7.757566 17.243221
-7.011886 18.853667
-6.204788 20.596755
-5.446395 22.234656
-4.709198 23.826780
-3.955047 25.455520
-3.192424 27.102555
-2.436152 28.735875
-1.701076 30.323418
-1.059205 31.709666
-0.288112 33.374995
0.446976 34.962566
1.196886 36.582145
1.967979 38.247474
2.705189 39.839625
3.436036 41.418034
4.149941 42.959855
4.927384 44.638898
5.620106 46.134968
6.323419 47.653913
7.035203 49.191153
7.768158 50.774116
8.505355 52.366239
9.138755 53.734192
9.818764 55.202807
10.522077 56.721752
11.244453 58.281866
11.943525 59.791651
12.638354 61.292274
13.335305 62.797477
14.057681 64.357592
14.771586 65.899412
15.411336 67.281080
16.048977 68.658194
16.678148 70.017013
17.254347 71.261429
17.792421 77.524130
18.319902 91.195996
18.815609 104.044273
19.315544 117.002163
19.817601 130.015026
20.372629 144.400868
20.847152 156.700084
21.262353 167.461733
21.694508 178.662828
22.080055 188.655859
22.459252 198.484303
22.815144 207.708714
23.179507 217.152684
23.560824 225.178108
23.937887 224.617084
23.310850 201.065514
22.859619 184.117237
22.330029 164.225788
21.755938 142.662886
21.092884 117.758506
20.804784 106.937463
19.938352 74.394195
19.203276 46.784674
18.449125 18.458679
17.709807 -0.131985
16.968356 -2.153390
16.239630 -3.739553
15.515133 -5.316511
14.786407 -6.902674
14.051318 -8.502686
13.307771 -10.121109
12.570574 -11.725710
11.854548 -13.284230
11.115230 -14.893448
10.346258 -16.567212
9.613290 -18.162608
8.888794 -19.739566
8.162176 -21.321140
7.405916 -22.967233
6.653873 -24.604149
5.942101 -26.153409
5.213375 -27.739572
4.482528 -29.330351
3.736848 -30.953418
2.993288 -32.571868
2.256092 -34.176469
1.533716 -35.748811
0.802869 -37.339590
0.057201 -38.962630
-0.699071 -40.608751
-1.110043 -41.503282
-1.834528 -43.080213
-2.571737 -44.684841
-3.308934 -46.289443
-4.048252 -47.898660
-4.728261 -49.378784
-5.450624 -50.951098
-6.177242 -52.532672
-6.929272 -54.169561
-7.679182 -55.801832
-8.420621 -57.415666
-9.155709 -59.015679
-9.897148 -60.629512
-10.636466 -62.238730
-11.392738 -63.884851
-12.136298 -65.503301
-12.875616 -67.112519
-13.600100 -68.689449
-14.288580 -70.188011
-15.004593 -71.746503
-15.680373 -73.217422
-16.409098 -74.803585
-17.076382 -76.256011
-17.631410 -77.464099
-18.088978 -85.168739
-18.531726 -93.743497
-18.891847 -100.718021
-19.385432 -110.277369
-19.889610 -120.041849
-20.328128 -128.534702
-20.864081 -138.914582
-21.431809 -149.909861
-22.010116 -161.110027
-22.563023 -171.818267
-23.101109 -182.239469
-23.617987 -192.249912
-24.113681 -201.850090
-24.592445 -211.122399
-24.170881 -200.521882
-23.675175 -188.056997
-23.069321 -172.822386
-22.380854 -155.510400
-21.749575 -139.636450
-21.192439 -125.626867
-20.446746 -106.875888
-19.692595 -87.912223
-18.949048 -69.215214
-18.192775 -50.198217
-17.459820 -31.767547
-16.739565 -13.656228
-15.972701 0.469373
-15.207958 2.073404
-14.487716 3.584095
-13.735685 5.161461
-12.960350 6.787708
-12.221020 8.338436
-11.458410 9.937991
-10.706379 11.515357
-9.941636 13.119388
-9.185364 14.705651
-8.437575 16.274120
-7.687666 17.847037
-7.323303 18.611280
-6.850888 19.602158
-6.086157 21.206162
-5.344719 22.761312
-4.588446 24.347575
-3.817353 25.964924
-3.050502 27.573377
-2.304809 29.137450
-1.544307 30.732584
-0.794410 32.305475
-0.167361 33.620697
0.586791 35.202511
1.347305 36.797671
2.101444 38.379459
2.866187 39.983490
3.597034 41.516423
4.357535 43.111557
5.111687 44.693371
5.817108 46.172976
6.524663 47.657056
7.251268 49.181093
8.005420 50.762907
8.719325 52.260306
9.359075 53.602166
10.053904 55.059555
10.791101 56.605808
11.521948 58.138741
12.233745 59.631718
12.945529 61.124669
13.665771 62.635360
14.388160 64.150553
15.114765 65.674590
15.775711 67.060908
16.464178 68.504951
17.106062 69.851286
17.764874 71.233130
18.353799 81.128529
18.849492 93.851765
19.364274 107.064945
19.849376 119.516315
20.374737 133.001034
20.866214 145.616045
21.368271 158.502595
21.821610 170.138695
22.245295 181.013637
22.622370 190.692241
22.993096 200.207856
23.389222 210.375427
23.709109 218.586153
24.075593 224.253425
24.533161 223.572619
25.075477 222.765719
25.696164 221.842211
26.219404 221.063693
26.823149 220.165393
27.382419 219.333267
27.954389 218.482245
27.450212 199.567218
27.060423 184.943676
26.568959 166.505587
26.024522 146.080179
25.397473 122.555392
24.946254 105.627208
24.259896 79.877348
23.531157 52.537537
22.798202 25.039541
22.073705 6.822493
21.366150 -1.493682
20.633195 -2.925494
19.881164 -4.394570
19.156667 -5.809859
18.419470 -7.249958
17.692853 -8.669390
16.928109 -10.163300
16.207854 -11.570303
15.464307 -13.022806
14.746161 -14.425691
13.992022 -15.898885
13.233629 -17.380390
12.498540 -18.816370
11.767693 -20.244064
11.019904 -21.704854
10.248798 -23.211193
9.520072 -24.634744
8.799817 -26.041747
8.056258 -27.494275
7.291514 -28.988184
6.539497 -30.457235
5.810758 -31.880811
5.067198 -33.333339
4.334231 -34.765176
3.588563 -36.221822
2.853474 -37.657802
2.109914 -39.110330
1.544307 -40.215232
1.002005 -41.274609
0.258445 -42.727137
-0.497827 -44.204499
-1.241387 -45.657027
-1.984934 -47.109530
-2.724264 -48.553796
-3.469945 -50.010468
-4.226204 -51.487805
-4.980356 -52.961024
-5.698490 -54.363884
-6.454762 -55.841245
-7.200430 -57.297892
-7.846543 -58.560059
-8.596452 -60.024991
-9.325178 -61.448542
-10.070859 -62.905213
-10.810177 -64.349455
-11.581270 -65.855769
-12.312117 -67.283463
-13.042964 -68.711157
-13.756856 -70.105731
-14.405089 -71.372041
-15.070265 -72.671447
-15.733332 -73.966734
-16.341306 -75.154399
-16.807358 -76.064822
-17.169587 -76.772429
-17.523371 -77.463539
-18.014848 -80.966015
-18.561380 -91.279639
-19.105804 -101.553478
-19.576097 -110.428409
-20.071791 -119.782665
-20.641640 -130.536308
-21.228444 -141.609900
-21.838539 -153.123033
-22.423222 -164.156602
-22.993058 -174.910005
-23.526890 -184.983967
-24.022596 -194.338462
-24.497119 -203.293201
-25.058484 -213.886750
-25.704610 -226.079804
-26.367664 -238.592328
-27.032839 -245.883056
-27.719198 -248.429380
-28.397073 -248.601544
-29.005060 -245.771359
-28.642818 -236.664549
-28.191600 -225.320865
-27.615401 -210.835152
-26.945984 -194.005926
-26.276567 -177.176701
-25.797815 -165.140820
-25.079681 -147.086838
-24.340350 -128.499978
-23.615866 -110.286357
-22.887153 -91.966415
-22.147822 -73.379556
-21.378837 -54.047179
-20.641653 -35.514278
-19.898093 -16.821098
-19.148171 0.137306
-18.385561 1.432779
-17.631410 2.713882
-16.879379 3.991384
-16.123107 5.276090
-15.839249 5.758290
-15.237612 6.780312
-14.508886 8.018225
-13.763219 9.284917
-12.987884 10.602007
-12.240095 11.872302
-11.490185 13.146200
-10.748747 14.405709
-9.990353 15.694018
-9.240444 16.967916
-8.488413 18.245417
-7.740612 19.515734
-6.967410 20.829199
-6.215367 22.106722
-5.471820 23.369812
-4.711319 24.661702
-3.957155 25.942828
-3.234792 27.169932
-2.607754 28.235103
-1.853603 29.516207
-1.120635 30.761325
-0.338950 32.089201
0.406730 33.355915
1.167232 34.647806
1.923491 35.932491
2.660701 37.184816
3.397910 38.437140
4.130865 39.682237
4.891380 40.974150
5.613756 42.201275
6.323419 43.406806
7.020357 44.590719
7.759687 45.846646
8.511718 47.124147
9.149359 48.207332
9.835705 49.373252
10.534790 50.560812
11.269866 51.809512
11.979542 53.015064
12.706147 54.249374
13.409447 55.444095
14.150886 56.703604
14.885975 57.952325
15.563863 59.103878
16.265042 60.294997
16.932339 61.428556
17.616589 62.590917
18.207622 63.594926
18.805004 64.609721
19.345212 65.527390
19.912940 66.491810
20.478547 67.452627
20.997558 68.334289
21.567407 69.302312
22.128785 78.974460
22.709226 92.811529
23.230357 105.234737
23.715459 116.799031
24.236591 129.222239
24.757723 141.645447
25.247067 153.310862
25.740652 165.077396
26.193991 175.884503
26.638847 186.489370
27.030769 195.832359
27.416315 205.023365
27.816683 214.567685
28.248839 217.412341
28.712770 216.722068
28.441612 206.583856
28.070899 192.723409
27.645093 176.803125
27.128203 157.477322
26.571067 136.646765
25.895300 111.380770
25.486449 96.094392
24.753481 68.689739
24.037468 41.918990
23.285425 13.801134
22.569411 -0.596798
21.840685 -1.850527
21.126780 -3.078759
20.404404 -4.321563
19.639661 -5.637258
18.932119 -6.854543
18.203380 -8.108294
17.457699 -9.391193
16.716273 -10.666772
15.987535 -11.920524
15.246109 -13.196103
14.502536 -14.475375
13.735685 -15.794697
12.998488 -17.063000
12.248566 -18.353197
11.521948 -19.603299
10.780522 -20.878879
9.990353 -22.238317
9.280690 -23.459250
8.535022 -24.742127
7.787221 -26.028675
7.039432 -27.315200
6.300102 -28.587174
5.556555 -29.866402
4.827829 -31.120132
4.086377 -32.395755
3.344939 -33.671356
2.597150 -34.957882
1.868424 -36.211611
1.129093 -37.483585
0.374955 -38.781036
-0.374955 -40.071211
-0.688480 -40.610612
-1.417218 -41.864363
-2.148053 -43.121720
-2.900083 -44.415543
-3.635172 -45.680220
-4.368140 -46.941247
-5.096866 -48.194977
-5.863717 -49.514299
-6.605156 -50.789900
-7.344486 -52.061874
-8.085912 -53.337453
-8.840064 -54.634925
-9.515831 -55.797542
-10.253040 -57.065867
-11.007179 -58.363318
-11.752859 -59.646217
-12.500661 -60.932765
-13.256920 -62.233864
-13.972934 -63.465722
-14.703793 -64.723123
-15.436748 -65.984128
-16.188779 -67.277952
-16.906913 -68.513459
-17.582680 -69.676076
-18.313527 -70.933454
-18.995657 -72.107018
-19.620573 -73.182149
-20.109929 -74.024057
-20.567498 -74.811276
-20.948815 -75.467310
-21.455113 -76.338366
-22.003779 -86.068574
-22.577857 -96.545501
-23.156177 -107.099840
-23.634929 -115.837063
-24.183594 -125.850208
-24.791581 -136.945974
-25.397435 -148.002802
-25.973634 -158.518435
-26.560437 -169.227600
-27.134515 -179.704526
-27.678952 -189.640490
-28.204312 -199.228327
-28.723311 -208.700045
-29.223259 -217.824101
-28.769920 -206.428719
-28.265742 -193.755443
-27.666239 -178.685996
-26.973517 -161.273370
-26.340130 -145.352206
-25.818998 -132.252752
-25.086043 -113.828792
-24.346713 -95.244577
-23.611624 -76.766986
-22.874440 -58.236721
-22.116047 -39.173335
-21.349195 -19.897340
-20.586560 -0.727330
-19.843013 1.150339
-19.076162 2.384771
-18.292343 3.646515
-17.529721 4.874139
-16.784041 6.074491
-15.843491 7.588532
-15.072385 8.829812
-14.330947 10.023336
-13.570445 11.247545
-12.816294 12.461533
-12.045201 13.702793
-11.301641 14.899731
-10.543261 16.120527
-9.770046 17.365201
-9.007424 18.592825
-8.255394 19.803399
-7.499134 21.020780
-6.732270 22.255232
-5.954814 23.506734
-5.230330 24.672966
-4.467695 25.900610
-3.878783 26.848605
-3.107690 28.089865
-2.340826 29.324317
-1.588808 30.534871
-0.821944 31.769323
-0.044488 33.020825
0.722363 34.255256
1.487107 35.486294
2.243379 36.703697
2.995409 37.914270
3.736848 39.107794
4.518533 40.366104
5.264214 41.566456
5.988710 42.732708
6.700482 43.878475
7.433450 45.058363
8.213014 46.313259
8.909977 47.435189
9.579394 48.512776
10.261511 49.610808
11.028375 50.845260
11.735918 51.984219
12.445568 53.126573
13.174307 54.299653
13.905154 55.476126
14.665655 56.700336
15.383802 57.856366
16.099815 59.008962
16.820070 60.168386
17.567859 61.372131
18.264823 62.494061
18.963894 63.619385
19.626948 64.686730
20.287894 65.750682
20.889519 66.719141
21.469960 67.653500
22.035567 68.563981
22.594824 73.631169
23.160444 86.839791
23.706988 99.602955
24.247183 112.217831
24.789486 124.881939
25.333922 137.595872
25.810566 148.726680
26.295668 160.055007
26.772311 171.185815
27.215059 181.525061
27.632393 191.270857
28.028519 200.521371
28.405607 209.327316
28.795383 216.377393
29.227551 215.734379
28.943681 205.133835
28.562364 190.894332
28.089962 173.253474
27.573072 153.951301
26.982026 131.879954
26.314743 106.961655
25.956730 93.592411
25.158103 63.769368
24.418773 36.160621
23.702759 9.422606
22.976142 -0.779613
22.257995 -1.960062
21.525039 -3.164852
20.813255 -4.334843
20.061225 -5.570988
19.326136 -6.779285
18.597410 -7.977123
17.868684 -9.174962
17.112412 -10.418079
16.385807 -11.612432
15.627413 -12.859035
14.898687 -14.056874
14.150899 -15.286046
13.390385 -16.536136
12.642583 -17.765330
11.907507 -18.973606
11.155477 -20.209751
10.390734 -21.466793
9.640824 -22.699451
8.920569 -23.883366
8.183359 -25.095149
7.429221 -26.334760
6.679298 -27.567439
5.944222 -28.775716
5.223967 -29.959630
4.501591 -31.147031
3.736848 -32.404072
2.997530 -33.619321
2.258200 -34.834591
1.527365 -36.035894
0.777443 -37.268574
0.031775 -38.494260
-0.716013 -39.723433
-1.453223 -40.935216
-2.131111 -42.049490
-1.830299 -34.488701
-2.470048 -42.606617
-3.209379 -43.821886
-3.950818 -45.040621
-4.681652 -46.241925
-5.416741 -47.450222
-6.189955 -48.721187
-6.929272 -49.936436
-7.664361 -51.144733
-8.407908 -52.366933
-9.164180 -53.610051
-9.820885 -54.689504
-10.539019 -55.869932
-11.314354 -57.144384
-12.062143 -58.373557
-12.824765 -59.627112
-13.551383 -60.821485
-14.301292 -62.054144
-15.066035 -63.311185
-15.792640 -64.505538
-16.531958 -65.720786
-17.292472 -66.970876
-18.010607 -68.151305
-18.739333 -69.349143
-19.432041 -70.487778
-20.133221 -71.640338
-20.794180 -72.726784
-21.351304 -73.642553
-21.863964 -74.485236
-22.332124 -76.145509
-22.757917 -83.817720
-23.272686 -93.093160
-23.855248 -103.590132
-24.429339 -113.934469
-24.931395 -122.980844
-25.467348 -132.637985
-26.030834 -142.791243
-26.615504 -153.326201
-27.198079 -163.823402
-27.740381 -173.594960
-28.261513 -182.985048
-28.778391 -192.298476
-29.267747 -201.116014
-28.778391 -188.816246
-28.267863 -175.984356
-27.662010 -160.756481
-26.990472 -143.877657
-26.367664 -128.223639
-25.871957 -115.764266
-25.132640 -97.181822
-24.397551 -78.705675
-23.683658 -60.762288
-22.959174 -42.552681
-22.211386 -23.757324
-21.444522 -4.482516
-20.709433 0.868550
-19.978586 2.008701
-19.230797 3.175282
-18.472404 4.358406
-17.716132 5.538222
-16.974706 6.694877
-16.089211 8.076285
-15.303284 9.302363
-14.578800 10.432588
-13.828890 11.602477
-13.070497 12.785602
-12.316358 13.962089
-11.566436 15.131998
-10.844073 16.258915
-10.089921 17.435422
-9.327299 18.625144
-8.587981 19.778510
-7.855014 20.921969
-7.094512 22.108383
-6.344602 23.278272
-5.581968 24.468014
-4.838421 25.627978
-4.075798 26.817700
-3.332239 27.977683
-2.766631 28.860053
-2.020951 30.023345
-1.271041 31.193235
-0.510540 32.379648
0.220307 33.519799
0.999871 34.735951
1.747672 35.902552
2.476398 37.039394
3.211487 38.186163
3.972001 39.372596
4.738853 40.568915
5.486641 41.735496
6.232322 42.898788
6.944106 44.009201
7.691895 45.175782
8.384604 46.256436
9.079446 47.340418
9.761576 48.404569
10.475468 49.518270
11.208436 50.661730
11.932933 51.791974
12.659538 52.925508
13.369214 54.032632
14.110640 55.189287
14.849958 56.342653
15.559634 57.449776
16.277768 58.570095
16.998010 59.693702
17.743691 60.856994
18.436412 61.937668
19.122771 63.008416
19.798551 64.062660
20.489139 65.140005
21.126780 66.134752
21.764409 67.129480
22.346984 68.038319
22.933774 70.395522
23.482440 83.048654
24.052289 96.190315
24.569179 108.110654
25.109373 120.568433
25.660159 133.270477
26.217296 146.118962
26.685456 156.915508
27.147279 167.565906
27.587892 177.727190
28.026411 187.840148
28.445854 197.513195
28.791141 205.476099
29.142804 213.586030
29.536835 215.080262
30.055845 214.308036
30.642636 213.434963
31.191302 212.618615
31.780213 211.742385
32.386080 210.840929
32.981354 209.955233
33.549082 209.110522
33.036421 189.991595
32.621220 174.507287
32.131864 156.257466
31.551436 134.611262
30.913794 110.831366
30.464684 94.082472
29.769841 68.169356
29.017824 40.123969
28.280614 12.630832
27.562467 -0.557137
26.846466 -1.608396
26.113499 -2.684567
25.378410 -3.763852
24.641200 -4.846251
23.925187 -5.897528
23.181628 -6.989251
22.444431 -8.071631
21.709342 -9.150916
20.970011 -10.236428
20.232814 -11.318809
19.470180 -12.438538
18.737224 -13.514690
17.985194 -14.618850
17.235284 -15.719895
16.498075 -16.802294
15.754515 -17.894016
15.019439 -18.973282
14.261046 -20.086784
13.521728 -21.172278
12.771819 -22.273324
12.026138 -23.368160
11.286808 -24.453673
10.513593 -25.588935
9.740379 -26.724197
9.020124 -27.781702
8.285048 -28.860968
7.522426 -29.980679
6.770395 -31.084839
6.039549 -32.157895
5.308689 -33.230971
4.577855 -34.304009
3.827932 -35.405073
3.092856 -36.484340
2.342947 -37.585385
1.616329 -38.652233
1.271041 -39.159197
0.552894 -40.213607
-0.207607 -41.330204
-0.944816 -42.412603
-1.692605 -43.510534
-2.417089 -44.574249
-3.166999 -45.675295
-3.912679 -46.770131
-4.666831 -47.877404
-5.406149 -48.962898
-6.175134 -50.091951
-6.941985 -51.217871
-7.691895 -52.318917
-8.448167 -53.429304
-9.187485 -54.514798
-9.933165 -55.609634
-10.689425 -56.720003
-11.452047 -57.839714
-12.199849 -58.937664
-12.848069 -59.889406
-13.583158 -60.968691
-14.314005 -62.041748
-15.070265 -63.152117
-15.790520 -64.209622
-16.551034 -65.326238
-17.237392 -66.333975
-17.923739 -67.341695
-18.569851 -68.290341
-19.226568 -69.254558
-19.762508 -70.041445
-20.215847 -70.707055
-20.688249 -71.400653
-21.175485 -72.116030
-21.794051 -73.024233
-22.431680 -73.960423
-23.037546 -80.984565
-23.673067 -92.060507
-24.276799 -102.582441
-24.800052 -111.701760
-25.316942 -120.710190
-25.848653 -129.976920
-26.437565 -140.240554
-27.032839 -150.615077
-27.600567 -160.509520
-28.142882 -169.961067
-28.685185 -179.412392
-29.238092 -189.048535
-29.835475 -199.459800
-30.437087 -209.944771
-31.064137 -220.873080
-31.718720 -232.281249
-32.373303 -228.208420
-33.051191 -223.335935
-33.663407 -218.935482
-33.231265 -208.075675
-32.737666 -195.671488
-32.148767 -180.872380
-31.498400 -164.528574
-30.890439 -149.250417
-30.331181 -135.196212
-29.621518 -117.362281
-28.901250 -99.261858
-28.176779 -81.055796
-27.439569 -62.529623
-26.687539 -43.631000
-25.950342 -25.105146
-25.208903 -6.472696
-24.454764 0.637814
-23.702721 1.603765
-22.963403 2.553372
-22.221965 3.505702
-21.323757 4.659392
-20.567498 5.630759
-19.817588 6.593970
-19.061328 7.565337
-18.288102 8.558497
-17.538205 9.521691
-16.790403 10.482194
-15.998126 11.499823
-15.243975 12.468482
-14.506778 13.415364
-13.748398 14.389455
-12.981534 15.374443
-12.235866 16.332205
-11.473244 17.311745
-10.731792 18.264091
-9.977641 19.232750
-9.221381 20.204117
-8.479942 21.156448
-7.717320 22.135987
-6.946227 23.126407
-6.194196 24.092342
-5.660352 24.778031
-4.933747 25.711308
-4.149941 26.718057
-3.400031 27.681267
-2.626817 28.674411
-1.881137 29.632190
-1.131227 30.595401
-0.351650 31.596717
0.383426 32.540875
1.146048 33.520414
1.936217 34.535335
2.692489 35.506718
3.444519 36.472653
4.185945 37.424967
4.973993 38.437164
5.711190 39.384046
6.433566 40.311892
7.160171 41.245169
7.910093 42.208397
8.653653 43.163451
9.306116 44.001497
10.020021 44.918463
10.742384 45.846292
11.449939 46.755101
12.153240 47.658445
12.871386 48.580859
13.597992 49.514137
14.358493 50.490952
15.097811 51.440558
15.822308 52.371128
16.576459 53.339787
17.273422 54.234992
18.016969 55.190030
18.726633 56.101547
19.402400 56.969526
20.090879 57.853834
20.756055 58.708209
21.397938 59.532667
22.014396 60.324468
22.628720 61.113528
23.253662 61.916225
23.880699 62.721614
24.482323 63.494362
25.105131 64.294319
25.706756 65.067067
26.308380 65.839815
26.914246 67.316800
27.522221 80.246151
28.128087 93.130668
28.712770 105.564688
29.240251 116.782261
29.757141 127.774585
30.301578 139.352717
30.843880 150.885475
31.350179 161.652551
31.824701 171.743883
32.265328 181.114368
32.710196 190.575059
33.095743 198.774199
33.519427 207.784394
33.979117 207.775195
34.459989 207.059714
34.195182 197.221668
33.813877 183.055561
33.352067 165.898549
32.841540 146.931612
32.244144 124.737384
31.559906 99.316809
31.176468 85.071436
30.388420 55.794154
29.666044 28.956686
28.937318 1.883305
28.204363 -0.823025
27.477745 -1.699556
26.753249 -2.573529
26.013931 -3.465380
25.289434 -4.339352
24.550116 -5.231204
23.836211 -6.092399
23.099014 -6.981692
22.357575 -7.876102
21.620366 -8.765410
20.885290 -9.652144
20.148067 -10.541468
19.393929 -11.451198
18.639777 -12.360943
17.889868 -13.265571
17.131474 -14.180434
16.396399 -15.067168
15.644355 -15.974370
14.896567 -16.876440
14.148778 -17.778510
13.396735 -18.685712
12.646825 -19.590340
11.899036 -20.492410
11.170310 -21.371484
10.407688 -22.291448
9.640824 -23.216529
8.929040 -24.075166
8.204543 -24.949139
7.439800 -25.871661
6.698374 -26.766056
5.954801 -27.663039
5.219725 -28.549773
4.495228 -29.423746
3.755911 -30.315597
2.999651 -31.227886
2.256079 -32.124869
1.527365 -33.003928
0.775322 -33.911130
0.036004 -34.802982
-0.709663 -35.702493
-1.347305 -36.471691
-1.817586 -37.038998
-2.554795 -37.928307
-3.296222 -38.822701
-4.041902 -39.722228
-4.766386 -40.596185
-5.497233 -41.477818
-6.255626 -42.392680
-7.014019 -43.307542
-7.780871 -44.232608
-8.539251 -45.147455
-9.301874 -46.067419
-10.032721 -46.949051
-10.778401 -47.848578
-11.536782 -48.763425
-12.193486 -49.555618
-12.926454 -50.439809
-13.684834 -51.354656
-14.424165 -52.246523
-15.199487 -53.181807
-15.900667 -54.027652
-16.686606 -54.975743
-17.421695 -55.862493
-18.207609 -56.810554
-18.923635 -57.674308
-19.620586 -58.515051
-20.326007 -59.366013
-20.999653 -60.178643
-21.683891 -61.004051
-22.293999 -61.740034
-22.868077 -62.432554
-23.370134 -63.038193
-23.984471 -63.779278
-24.603037 -64.525465
-25.189840 -65.233335
-25.802044 -65.971847
-26.422744 -67.631827
-27.064614 -78.118595
-27.689543 -88.328572
-28.320822 -98.642293
-28.822879 -106.844801
-29.337648 -115.255006
-29.937164 -125.049795
-30.534547 -134.809725
-31.144642 -144.777353
-31.729312 -154.329585
-32.269506 -163.155186
-32.809688 -171.980579
-33.364716 -181.048529
-33.892185 -189.666225
-33.364716 -176.412548
-32.845705 -163.371399
-32.252564 -148.467595
-31.587389 -131.753787
-31.015419 -117.381941
-30.413795 -102.264970
-29.687190 -84.007617
-28.966935 -65.909821
-28.242438 -47.705441
-27.494649 -28.915810
-26.740498 -9.966303
-26.005422 0.413721
-25.259741 1.325275
-24.503482 2.249761
-23.762043 3.156129
-23.003662 4.083207
-22.257982 4.994761
-21.359774 6.092770
-20.592923 7.030204
-19.853605 7.933979
-19.105816 8.848110
-18.334723 9.790729
-17.589043 10.702282
-16.834891 11.624191
-16.051085 12.582350
-15.288463 13.514614
-14.559737 14.405442
-13.794994 15.340298
-13.030264 16.275139
-12.288825 17.181507
-11.521948 18.118972
-10.793235 19.009784
-10.041192 19.929116
-9.282824 20.856179
-8.539264 21.765139
-7.793584 22.676693
-7.242797 23.349999
-6.488646 24.271907
-5.736615 25.191223
-4.995177 26.097591
-4.219854 27.045380
-3.463582 27.969882
-2.694597 28.909924
-1.940446 29.831832
-1.184186 30.756318
-0.400380 31.714478
0.347409 32.628608
1.110043 33.560888
1.874774 34.495729
2.620455 35.407282
3.374593 36.329175
4.130878 37.253692
4.921034 38.219614
5.656110 39.118204
6.406032 40.034943
7.164413 40.962022
7.918564 41.883930
8.660003 42.790298
9.316707 43.593083
10.036962 44.473556
10.801706 45.408412
11.538903 46.309595
12.257049 47.187490
12.973063 48.062777
13.710272 48.963975
14.477124 49.901409
15.227033 50.818132
15.955759 51.708960
16.690848 52.607565
17.445012 53.529489
18.180088 54.428079
18.900330 55.308536
19.633311 56.204564
20.381100 57.118695
21.071700 57.962916
21.772893 58.820085
22.427476 59.620278
23.107485 60.451551
23.759960 61.249166
24.395468 62.026040
25.033110 62.805522
25.672860 63.587581
26.289317 64.341167
26.910017 65.099938
27.511642 65.835391
28.138679 75.329908
28.738195 87.798493
29.301681 99.517736
29.911777 112.206341
30.460442 123.617344
31.053608 135.953862
31.538710 146.042887
32.009004 155.823934
32.530123 166.662036
32.994067 176.311018
33.426222 185.298879
33.839302 193.890015
34.222741 201.864668
34.654884 206.508927
35.080689 205.875380
34.758693 193.930085
34.375255 179.705413
33.885911 161.551901
33.330896 140.962121
32.703846 117.700033
32.028079 92.630650
31.674295 79.506091
31.411621 69.761494
30.839639 48.542270
30.117263 21.743802
29.380066 3.221743
28.651340 -1.000124
27.916251 -1.835745
27.191767 -2.659312
26.458786 -3.492537
25.725818 -4.325747
24.992863 -5.158944
24.249304 -6.004195
23.518457 -6.834994
22.787610 -7.665794
22.054642 -8.499004
21.321662 -9.332229
20.580223 -10.175069
19.809143 -11.051605
19.090996 -11.867968
18.336844 -12.725259
17.565751 -13.601809
16.830675 -14.437416
16.097694 -15.270641
15.356256 -16.113481
14.589404 -16.985209
13.833132 -17.844911
13.104406 -18.673300
12.346013 -19.535413
11.608816 -20.373431
10.850423 -21.235544
10.089921 -22.100054
9.354845 -22.935661
8.619757 -23.771283
7.878305 -24.614137
7.130517 -25.464196
6.382728 -26.314254
5.651881 -27.145054
4.912563 -27.985483
4.188066 -28.809064
3.412731 -29.690436
2.669184 -30.535672
1.929854 -31.376116
1.186294 -32.221367
0.419443 -33.093095
-0.324117 -33.938346
-1.059205 -34.773967
-1.804873 -35.621615
-2.539962 -36.457236
-2.868308 -36.830487
-3.643643 -37.711859
-4.380840 -38.549878
-5.113807 -39.383088
-5.901855 -40.278911
-6.643294 -41.121751
-7.382612 -41.962180
-8.151584 -42.836319
-8.905735 -43.693611
-9.642945 -44.531643
-10.382263 -45.372072
-11.064392 -46.147492
-11.837594 -47.026439
-12.576924 -47.866882
-13.292938 -48.680819
-14.053439 -49.545329
-14.794878 -50.388169
-15.536316 -51.231009
-16.292576 -52.090697
-17.031907 -52.931140
-17.813592 -53.819731
-18.571985 -54.681844
-19.287985 -55.495767
-20.018845 -56.326581
-20.736979 -57.142929
-21.442401 -57.944826
-22.141472 -58.739504
-22.842665 -59.536594
-23.522661 -60.309588
-24.094631 -60.959782
-24.672950 -61.617195
-25.247028 -62.269786
-25.861366 -62.968141
-26.503236 -63.697796
-27.123936 -64.403384
-27.721306 -71.217111
-28.361068 -81.449918
-28.969056 -91.174488
-29.572788 -100.831008
-30.142637 -109.945570
-30.640452 -117.907964
-31.214555 -127.090575
-31.801346 -136.476116
-32.345770 -145.184007
-32.898677 -154.027590
-33.415554 -162.294886
-33.902790 -170.088070
-33.299044 -154.918980
-32.744016 -140.973909
-32.146634 -125.964681
-31.479350 -109.199198
-30.981523 -96.691296
-30.288814 -79.286999
-29.560088 -60.977771
-28.846183 -43.040918
-28.100503 -24.305709
-27.369668 -5.943512
-26.607033 0.623918
-25.861366 1.508266
-25.109335 2.400161
-24.365776 3.282009
-23.617987 4.168873
-22.880790 5.043175
-21.927502 6.173757
-21.143709 7.103321
-20.385316 8.002762
-19.645998 8.879579
-18.872784 9.796597
-18.112283 10.698538
-17.360252 11.590432
-16.610343 12.479811
-15.843491 13.389283
-15.061794 14.316363
-14.339418 15.173087
-13.572566 16.082559
-12.812052 16.984515
-12.055793 17.881425
-11.310112 18.765789
-10.555973 19.660184
-9.806051 20.549578
-9.056154 21.438942
-8.312594 22.320790
-7.552080 23.222746
-6.783108 24.134733
-6.028969 25.029128
-5.283276 25.913507
-4.529138 26.807901
-3.741090 27.742512
-2.978467 28.646968
-2.230666 29.533847
-1.442631 30.468442
-0.684251 31.367867
0.093205 32.289916
0.855828 33.194372
1.609979 34.088782
2.359889 34.978161
2.868308 35.581137
3.616096 36.468001
4.402023 37.400096
5.168887 38.309583
5.935739 39.219054
6.670827 40.090856
7.437691 41.000343
8.221485 41.929908
8.956573 42.801710
9.678949 43.658434
10.416159 44.532752
11.191494 45.452285
11.951995 46.354226
12.699784 47.241089
13.436981 48.115392
14.193266 49.012332
14.900808 49.851464
15.625293 50.710689
16.377336 51.602599
17.150550 52.519617
17.904701 53.414027
18.650369 54.298375
19.364262 55.145039
20.114184 56.034433
20.859864 56.918796
21.584361 57.778036
22.304604 58.632231
23.024859 59.486440
23.719701 60.310511
24.408181 61.127035
25.069127 61.910905
25.740652 62.707322
26.388886 63.476115
27.039227 64.247408
27.687461 65.016201
28.339923 67.422639
28.973336 80.411485
29.583431 92.922186
30.195660 105.476639
30.788813 117.639929
31.354408 129.238090
31.909436 140.619575
32.434797 151.392700
32.894499 160.819412
33.371142 170.593536
33.809635 179.585333
34.229091 188.186749
34.667596 197.178807
35.061627 205.258847
35.449281 205.101329
35.936530 204.376362
36.436465 203.632518
37.010543 201.320302
37.593118 198.823983
38.177788 196.318685
38.783654 193.722560
39.243343 191.752801
38.734924 172.919155
38.279464 156.047299
37.783770 137.685047
37.190616 115.712538
36.540262 91.621109
36.112348 75.769665
35.396322 49.245523
34.661234 22.015232
33.932520 3.707406
33.193190 -0.889802
32.470814 -1.625460
31.720904 -2.389157
31.002757 -3.120508
30.269802 -3.866940
29.545305 -4.604757
28.812338 -5.351202
28.060307 -6.117059
27.306156 -6.885077
26.571067 -7.633681
25.827507 -8.390912
25.064885 -9.167556
24.329796 -9.916160
23.592599 -10.666911
22.857511 -11.415516
22.120301 -12.166280
21.378875 -12.921338
20.635316 -13.678569
19.859968 -14.468172
19.127000 -15.214616
18.383453 -15.971834
17.616602 -16.752785
16.877271 -17.505709
16.131591 -18.265100
15.379560 -19.030958
14.633892 -19.790336
13.867028 -20.571300
13.138290 -21.313437
12.394730 -22.070668
11.657533 -22.821419
10.892803 -23.600210
10.138651 -24.368228
9.399333 -25.121139
8.662111 -25.871916
7.924914 -26.622667
7.170776 -27.390671
6.410261 -28.165169
5.681535 -28.907293
4.961280 -29.640791
4.228325 -30.387223
3.457219 -31.172506
2.703068 -31.940524
1.972234 -32.684795
1.245616 -33.424773
0.478752 -34.205737
-0.288099 -34.986688
-0.675780 -35.381496
-1.404506 -36.123620
-2.139582 -36.872212
-2.889491 -37.635909
-3.639401 -38.399607
-4.391444 -39.165477
-5.149825 -39.937802
-5.901855 -40.703659
-6.658127 -41.473837
-7.401674 -42.231055
-8.164297 -43.007699
-8.939632 -43.797289
-9.689541 -44.560987
-10.420401 -45.305284
-11.176660 -46.075449
-11.943525 -46.856412
-12.682830 -47.609311
-13.409447 -48.349288
-14.155128 -49.108679
-14.843595 -49.809804
-15.565971 -50.545462
-16.320122 -51.313480
-17.065790 -52.072858
-17.839017 -52.860301
-18.580443 -53.615359
-19.315519 -54.363950
-20.025195 -55.086675
-20.751800 -55.826639
-21.427567 -56.514831
-22.147822 -57.248329
-22.865956 -57.979667
-23.444276 -58.568620
-23.986579 -59.120894
-24.573382 -59.718487
-25.196190 -60.352746
-25.827482 -60.995644
-26.465111 -61.644997
-27.049793 -62.240430
-27.691651 -62.894089
-28.346248 -70.942715
-28.977514 -80.630061
-29.589743 -90.025263
-30.187125 -99.192634
-30.684953 -106.832241
-31.170054 -114.276565
-31.674245 -122.013812
-32.214426 -130.303386
-32.744029 -138.430615
-33.269390 -146.492749
-33.824405 -155.009958
-34.426017 -164.242229
-35.078492 -174.255046
-35.733076 -184.300215
-36.413084 -194.735560
-37.095214 -193.659527
-37.773089 -188.787134
-38.393776 -186.515549
-37.921374 -174.648336
-37.429910 -162.302248
-36.830406 -147.242114
-36.160989 -130.425681
-35.629266 -117.068247
-34.993770 -101.103962
-34.248090 -82.371713
-33.532064 -64.384416
-32.801230 -46.025121
-32.061899 -27.452391
-31.316219 -8.720143
-30.559959 0.394555
-29.812171 1.115696
-29.079203 1.822545
-28.337777 2.537550
-27.850541 3.007423
-27.458632 3.385367
-26.708722 4.108553
-25.954571 4.835830
-25.191961 5.571265
-24.437810 6.298542
-23.698479 7.011526
-22.944341 7.738791
-22.190189 8.466069
-21.404263 9.223989
-20.658582 9.943097
-19.904443 10.670362
-19.150292 11.397640
-18.381320 12.139210
-17.824183 12.676493
-17.076382 13.397646
-16.326472 14.120833
-15.542666 14.876708
-14.807590 15.585590
-14.055560 16.310821
-13.297167 17.042189
-12.526074 17.785805
-11.771935 18.513070
-11.015662 19.242392
-10.257282 19.973748
-9.503131 20.701025
-8.755342 21.422167
-7.996949 22.153535
-7.232206 22.891026
-6.480175 23.616258
-5.721782 24.347626
-4.961280 25.081027
-4.196550 25.818507
-3.436049 26.551908
-2.675534 27.285321
-1.910791 28.022813
-1.179957 28.727604
-0.400380 29.479400
0.364363 30.216892
1.126985 30.952338
1.912912 31.710259
2.681884 32.451829
3.423323 33.166846
4.188066 33.904338
4.946459 34.635706
5.690006 35.352757
6.463221 36.098417
7.211022 36.819571
7.986357 37.567277
8.640940 38.198534
9.367545 38.899247
10.079330 39.585667
10.861027 40.339509
11.591874 41.044312
12.346026 41.771589
13.091693 42.490685
13.852195 43.224086
14.608467 43.953409
15.345664 44.664336
16.120999 45.412042
16.881500 46.145443
17.629302 46.866597
18.387695 47.597964
19.110071 48.294599
19.840918 48.999402
20.601419 49.732803
21.315312 50.421256
22.018625 51.099507
22.715576 51.771622
23.389234 52.421275
24.084064 53.091344
24.770423 53.753245
25.456794 54.415157
26.111378 55.046415
26.793495 55.704224
27.473504 56.360001
28.155633 57.017823
28.844113 57.681769
29.507167 58.321196
30.187176 58.976972
30.871414 59.636827
31.534481 60.276266
32.203898 60.921829
32.833069 71.871856
33.457985 83.470433
34.070201 94.833295
34.659126 105.763856
35.220504 116.183153
35.750094 126.012455
36.252150 135.330728
36.724565 144.098843
37.218163 153.260130
37.771057 163.521969
38.148133 170.520573
38.537909 177.754893
38.970077 185.776028
39.395870 190.194326
39.849209 188.251776
40.304669 186.300139
39.650073 162.144339
39.181913 144.868371
38.618427 124.074690
38.006198 101.482318
37.319839 76.154416
36.989372 63.959587
36.129290 32.220976
35.379381 4.547933
34.663367 -0.521843
33.938870 -1.159652
33.212253 -1.799329
32.468693 -2.453920
31.725146 -3.108499
31.000649 -3.746309
30.259198 -4.399044
29.511409 -5.057358
28.774200 -5.706359
28.034882 -6.357215
27.287080 -7.015541
26.539292 -7.673855
25.802095 -8.322844
25.060643 -8.975579
24.304371 -9.641362
23.554461 -10.301543
22.810914 -10.956123
22.073705 -11.605124
21.325916 -12.263438
20.575994 -12.923630
19.809143 -13.598726
19.076162 -14.244004
18.336844 -14.894861
17.586935 -15.555042
16.817950 -16.232016
16.095574 -16.867958
15.345664 -17.528139
14.583054 -18.199501
13.839482 -18.854103
13.104393 -19.501237
12.335421 -20.178200
11.589753 -20.834647
10.850423 -21.485515
10.098392 -22.147563
9.337891 -22.817069
8.587969 -23.477261
7.861364 -24.116926
7.100862 -24.786432
6.334011 -25.461528
5.607393 -26.101204
4.876546 -26.744603
4.152049 -27.382413
3.389427 -28.053786
2.637396 -28.715834
1.898079 -29.366691
1.162990 -30.013824
0.391897 -30.692654
-0.353771 -31.349101
-1.099452 -32.005559
-1.847253 -32.663885
-2.592921 -33.320332
-3.122511 -33.786555
-3.762273 -34.349769
-4.499483 -34.998769
-5.243043 -35.653360
-6.028957 -36.345238
-6.783108 -37.009153
-7.526668 -37.663744
-8.280806 -38.327649
-9.064625 -39.017682
-9.806051 -39.670394
-10.541140 -40.317528
-11.233849 -40.927353
-11.971058 -41.576353
-12.714618 -42.230944
-13.460285 -42.887391
-14.212316 -43.549440
-14.962226 -44.209621
-15.678239 -44.839962
-16.440874 -45.511346
-17.190783 -46.171527
-17.949164 -46.839165
-18.688482 -47.490022
-19.425691 -48.139023
-20.145934 -48.773087
-20.893735 -49.431412
-21.592807 -50.046838
-22.315183 -50.682780
-23.052380 -51.331770
-23.711192 -51.911754
-24.378501 -52.499218
-25.045784 -53.086659
-25.643167 -53.612563
-26.306221 -54.196282
-26.962938 -54.774421
-27.653526 -55.382379
-28.352598 -55.997805
-29.000818 -56.568464
-29.697769 -57.182023
-30.407432 -57.806774
-31.030240 -58.355061
-31.672124 -64.845839
-32.290690 -73.791208
-32.921969 -82.920420
-33.559598 -92.141463
-34.186647 -101.209517
-34.750146 -109.358534
-35.305162 -117.384865
-35.849598 -125.258207
-36.410964 -133.376369
-36.959629 -141.310870
-37.525236 -149.490374
-38.095085 -157.731221
-38.628930 -165.451391
-38.105677 -152.308353
-37.576087 -139.006134
-36.961737 -123.574924
-36.307166 -107.133446
-35.817810 -94.841814
-35.133572 -77.655156
-34.404846 -59.351049
-33.676120 -41.046942
-32.955865 -22.955606
-32.220789 -4.492000
-31.472988 0.517293
-30.767553 1.158660
-30.026127 1.832751
-29.271989 2.518400
-28.545371 3.179027
-27.801811 3.855057
-27.047673 4.540706
-26.310463 5.210963
-25.566903 5.886994
-24.821236 6.564941
-24.077689 7.240960
-23.812881 7.481718
-23.279049 7.967068
-22.520656 8.656585
-21.770746 9.338389
-21.014474 10.025977
-20.247623 10.723184
-19.508305 11.395358
-18.743562 12.090649
-17.974589 12.789784
-17.239501 13.458113
-16.478999 14.149546
-15.722727 14.837135
-14.951634 15.538199
-14.220800 16.202659
-13.460285 16.894105
-12.716726 17.570135
-11.958345 18.259640
-11.208436 18.941444
-10.462768 19.619391
-9.721329 20.293494
-8.967165 20.979166
-8.223606 21.655196
-7.473709 22.336988
-6.725907 23.016875
-5.959056 23.714082
-5.230330 24.376626
-4.480420 25.058430
-3.711435 25.757577
-2.948813 26.450939
-2.207374 27.125041
-1.436281 27.826105
-0.686372 28.507908
0.069913 29.195509
0.834644 29.890787
1.616329 30.601481
2.340826 31.260180
3.092856 31.943912
3.870312 32.650760
4.643514 33.353740
5.384952 34.027843
6.122162 34.698100
6.869963 35.377987
7.626223 36.065564
8.200314 36.587517
8.905748 37.228884
9.632340 37.889488
10.367429 38.557817
11.134293 39.255036
11.882082 39.934911
12.627762 40.612870
13.375564 41.292757
14.127594 41.976489
14.894446 42.673696
15.610459 43.324682
16.347669 43.994939
17.076395 44.657483
17.841151 45.352785
18.582576 46.026876
19.309194 46.687503
20.042149 47.353892
20.785722 48.029934
21.497493 48.677063
22.202927 49.318431
22.910470 49.961715
23.598949 50.587668
24.293779 51.219394
24.978030 51.841502
25.677114 52.477097
26.367702 53.104966
27.045590 53.721289
27.717128 54.331839
28.414066 54.965482
29.100437 55.589518
29.793146 56.219316
30.468926 56.833722
31.157405 57.459675
31.848006 58.087556
32.513181 58.692321
33.165644 59.285528
33.841411 69.563621
34.506599 81.538278
35.146348 93.055001
35.731031 103.580409
36.279696 113.457438
36.828362 123.334467
37.377040 133.211725
37.855792 141.830177
38.328194 150.334316
38.815429 159.105490
39.285710 167.571449
39.728457 175.541751
40.154263 183.207068
40.605481 184.625692
41.175330 182.183901
40.819438 169.072664
40.389404 153.229977
39.872514 134.187499
39.266647 111.867095
38.584518 86.737106
37.883338 60.905306
37.391861 42.799045
36.665256 16.030561
35.900500 -0.278870
35.171774 -0.895396
34.447277 -1.508344
33.707959 -2.133831
32.966520 -2.761112
32.222961 -3.390187
31.496356 -4.004918
30.754917 -4.632199
29.998632 -5.272041
29.248722 -5.906489
28.541180 -6.505092
27.793378 -7.137756
27.043469 -7.772204
26.302030 -8.399485
25.564821 -9.023188
24.850928 -9.627164
24.109489 -10.254445
23.380751 -10.870982
22.637191 -11.500057
21.897886 -12.125533
21.164906 -12.745658
20.417117 -13.378311
19.652374 -14.025309
18.893981 -14.666934
18.148313 -15.297793
17.379340 -15.948368
16.637889 -16.575660
15.892221 -17.206519
15.135936 -17.846360
14.398739 -18.470053
13.646721 -19.106284
12.894678 -19.742537
12.142648 -20.378779
11.401209 -21.006060
10.657649 -21.635135
9.901377 -22.274966
9.130297 -22.927325
8.380374 -23.561784
7.662228 -24.169359
6.891147 -24.821718
6.128512 -25.466932
5.387086 -26.094202
4.668939 -26.701777
3.929621 -27.327264
3.154286 -27.983223
2.400135 -28.621259
1.671422 -29.237774
0.944804 -29.852516
0.182182 -30.497719
-0.578333 -31.141138
-1.321880 -31.770203
-2.063318 -32.397484
-2.847124 -33.060609
-3.613988 -33.709401
-4.382961 -34.359976
-5.162525 -35.019513
-5.937872 -35.675482
-6.670827 -36.295585
-7.435571 -36.942583
-8.193951 -37.584197
-8.933269 -38.209684
-9.664129 -38.828015
-10.388613 -39.440952
-10.988129 -39.948162
-11.712600 -40.561088
-12.451931 -41.186585
-13.182778 -41.804905
-13.930579 -42.437569
-14.655063 -43.050506
-15.398610 -43.679571
-16.140062 -44.306863
-16.892080 -44.943094
-17.584801 -45.529159
-18.334723 -46.163617
-19.088862 -46.801643
-19.806996 -47.409208
-20.550556 -48.038283
-21.296224 -48.669142
-22.033433 -49.292845
-22.768509 -49.914743
-23.467581 -50.506180
-24.149698 -51.083273
-24.865724 -51.689054
-25.577508 -52.291247
-26.265988 -52.873723
-26.929029 -53.434677
-27.613280 -54.013575
-28.310230 -54.603218
-29.011423 -55.196449
-29.689311 -55.769964
-30.398961 -56.370352
-31.059907 -56.929533
-31.739904 -57.504832
-32.409320 -61.523726
-33.008824 -70.046377
-33.650695 -79.171328
-34.279865 -88.115733
-34.894190 -96.849081
-35.533952 -105.944061
-36.103801 -114.045138
-36.667288 -122.055762
-37.249837 -130.337385
-37.773089 -137.776041
-38.328105 -145.666241
-38.859816 -153.225140
-38.213716 -136.997705
-37.656579 -123.004676
-37.044363 -107.628261
-36.398251 -91.400507
-36.084726 -83.526019
-35.150514 -60.062361
-34.413317 -41.546932
-33.663407 -22.712212
-32.947394 -4.728830
-32.205955 0.480313
-31.449683 1.136991
-30.697653 1.789986
-29.968927 2.422745
-29.233851 3.061018
-28.479712 3.715843
-27.723440 4.372521
-26.969275 5.027368
-26.208787 5.687707
-25.458865 6.338871
-24.692013 7.004735
-23.925162 7.670599
-23.187952 8.310725
-22.416859 8.980272
-21.635174 9.659016
-20.872539 10.321218
-20.114171 10.979716
-19.355778 11.638235
-18.582564 12.309624
-17.807229 12.982854
-17.034015 13.654243
-16.279876 14.309068
-15.479116 15.004376
-14.754619 15.633463
-13.979296 16.306682
-13.220903 16.965201
-12.458294 17.627382
-11.702021 18.284060
-10.933036 18.951776
-10.168293 19.615810
-9.409925 20.274307
-8.653653 20.930985
-7.910093 21.576624
-7.132638 22.251696
-6.374257 22.910205
-5.637060 23.550319
-4.868075 24.218036
-4.478299 24.556481
-4.092753 24.891255
-3.325876 25.557141
-2.559025 26.223005
-1.787931 26.892552
-1.033780 27.547388
-0.273279 28.207738
0.478765 28.860744
1.254087 29.533963
2.006130 30.186969
2.758148 30.839952
3.537712 31.516855
4.327881 32.202965
5.094732 32.868829
5.857367 33.531032
6.617868 34.191382
7.380491 34.853573
8.151584 35.523121
8.880323 36.155891
9.617520 36.796005
10.352608 37.434289
11.136414 38.114875
11.877853 38.758673
12.619291 39.402470
13.392506 40.073859
14.157249 40.737892
14.915629 41.396401
15.657068 42.040199
16.417582 42.700560
17.169613 43.353554
17.917401 44.002866
18.648248 44.637467
19.281661 45.187464
20.050633 45.855170
20.811134 46.515520
21.563178 47.168526
22.277070 47.788405
23.014280 48.428530
23.740885 49.059448
24.442077 49.668300
25.160211 50.291862
25.886829 50.922790
26.594372 51.537156
27.316748 52.164401
28.028532 52.782450
28.748774 53.407843
29.483875 54.046138
30.197768 54.666017
30.903202 55.278551
31.621324 55.902103
32.350062 56.534873
33.068209 57.158446
33.756689 57.756259
34.464231 63.942908
35.131527 75.664530
35.775519 86.976790
36.411040 98.140251
37.040210 109.192168
37.605830 119.127762
38.141783 128.542227
38.673507 137.882403
39.192505 146.999047
39.654315 155.111134
40.092833 162.814080
40.556751 170.963199
40.969844 178.219527
41.416821 180.794281
41.901948 178.715521
42.440022 176.409886
43.011979 173.959061
43.560657 172.645286
44.149569 171.757262
44.746964 170.856445
45.289267 170.038702
44.732130 149.548235
44.268200 132.485691
43.751309 113.475410
43.130610 90.647192
42.476026 66.572796
42.067188 51.536458
41.291840 23.020570
40.560993 4.665749
39.849209 -0.638142
39.116241 -1.210857
38.372682 -1.791848
37.650306 -2.356288
36.947005 -2.905822
36.182249 -3.503375
35.451402 -4.074434
34.705734 -4.657072
33.976996 -5.226483
33.235557 -5.805817
32.485647 -6.391770
31.754788 -6.962838
31.013349 -7.542172
30.257077 -8.133097
29.507180 -8.719040
28.774200 -9.291765
28.026411 -9.876061
27.278609 -10.460367
26.543521 -11.034739
25.791490 -11.622350
25.024626 -12.221550
24.278958 -12.804189
23.531170 -13.388485
22.785489 -13.971133
22.058871 -14.538887
21.308962 -15.124840
20.550569 -15.717422
19.777367 -16.321574
19.048628 -16.890985
18.296598 -17.478595
17.536096 -18.072825
16.779824 -18.663749
16.038386 -19.243083
15.316009 -19.807523
14.576679 -20.385209
13.824649 -20.972820
13.083222 -21.552144
12.329071 -22.141411
11.596103 -22.714127
10.854652 -23.293471
10.096271 -23.886043
9.361195 -24.460405
8.619744 -25.039749
7.899502 -25.602521
7.147471 -26.190132
6.408141 -26.767819
5.673065 -27.342181
4.937976 -27.916554
4.226204 -28.472707
3.461461 -29.070250
2.711552 -29.656203
1.984934 -30.223957
1.247737 -30.799977
0.499948 -31.384273
-0.256337 -31.975207
-1.006246 -32.561160
-1.747685 -33.140494
-2.491232 -33.721476
-3.245383 -34.310743
-3.999535 -34.900011
-4.734623 -35.474383
-5.507838 -36.078546
-6.278931 -36.681051
-7.039432 -37.275280
-7.789342 -37.861233
-8.547735 -38.453815
-8.863368 -38.700439
-9.801822 -39.433714
-10.534790 -40.006430
-11.280458 -40.589068
-12.028259 -41.173374
-12.765456 -41.749394
-13.485711 -42.312176
-14.138173 -42.821987
-14.877491 -43.399664
-15.627413 -43.985627
-16.375202 -44.569923
-17.131462 -45.160838
-17.877142 -45.743486
-18.618581 -46.322820
-19.368491 -46.908773
-20.027303 -47.423546
-20.722145 -47.966472
-21.472055 -48.552425
-22.171127 -49.098655
-22.823589 -49.608466
-23.537494 -50.166286
-24.234432 -50.710849
-24.920804 -51.247156
-25.607162 -51.783452
-26.272325 -52.303187
-26.986230 -52.861007
-27.712848 -53.428761
-28.433103 -53.991543
-29.113099 -54.522868
-29.820641 -55.075717
-30.523955 -55.625261
-31.187009 -56.143349
-31.845821 -56.658122
-32.525830 -57.189457
-33.116863 -63.260929
-33.743913 -71.865824
-34.387892 -80.703034
-35.017062 -89.337034
-35.618687 -97.593020
-36.220311 -105.849007
-36.752022 -113.145582
-37.296458 -120.616787
-37.862065 -128.378515
-38.398005 -135.733126
-38.912787 -142.797387
-39.503820 -150.908024
-40.156282 -159.861653
-40.791803 -168.582792
-41.469691 -177.885330
-42.136974 -178.254910
-42.829683 -176.796337
-43.460975 -175.467085
-42.977968 -163.337741
-42.456849 -150.251304
-41.870058 -135.515707
-41.230309 -119.450194
-40.781199 -108.172060
-40.020710 -89.074530
-39.270788 -70.242345
-38.533591 -51.729723
-37.813336 -33.642547
-37.065547 -14.863941
-36.288104 0.134736
-35.557257 0.665458
-34.813697 1.205413
-34.068029 1.746898
-33.326578 2.285321
-32.566077 2.837579
-31.820409 3.379064
-31.072607 3.922098
-30.314227 4.472815
-29.555846 5.023532
-28.810166 5.565027
-28.062377 6.108052
-27.293405 6.666461
-26.562558 7.197183
-25.804165 7.747910
-25.039422 8.303247
-24.281041 8.853964
-23.524781 9.403141
-22.760038 9.958478
-21.991066 10.516886
-21.200910 11.090678
-20.442517 11.641404
-19.690486 12.187510
-18.906681 12.756690
-18.110162 13.335102
-17.375086 13.868896
-16.599751 14.431924
-15.828658 14.991873
-15.059673 15.550291
-14.328826 16.081013
-13.553503 16.644033
-12.792989 17.196299
-12.036730 17.745476
-11.278337 18.296202
-10.522077 18.845379
-9.757334 19.400716
-9.009545 19.943742
-8.507476 20.308332
-8.244789 20.499088
-7.533018 21.015959
-6.761925 21.575908
-6.001423 22.128165
-5.262105 22.665039
-4.507954 23.212685
-3.738969 23.771102
-2.976347 24.324900
-2.220074 24.874086
-1.457465 25.427874
-0.690601 25.984751
0.072022 26.538548
0.834644 27.092345
1.609979 27.655374
2.359889 28.199940
3.122511 28.753737
3.874541 29.299843
4.677423 29.882875
5.420970 30.422820
6.187834 30.979698
6.948335 31.531955
7.694016 32.073449
8.448167 32.621095
9.187485 33.157969
9.903498 33.677920
10.706379 34.260953
11.435105 34.790135
12.081218 35.259326
12.837478 35.808503
13.587387 36.353068
14.345780 36.903794
15.099932 37.451440
15.871025 38.011389
16.599764 38.540581
17.385690 39.111301
18.127116 39.649706
18.866447 40.186589
19.580352 40.705009
20.332370 41.251106
21.069579 41.786449
21.781364 42.303329
22.497377 42.823280
23.196448 43.330928
23.906124 43.846277
24.609438 44.357005
25.323330 44.875416
26.030885 45.389225
26.681227 45.861487
27.365477 46.358372
28.087841 46.882935
28.772079 47.379811
29.498696 47.907463
30.218964 48.430503
30.924386 48.942762
31.655233 49.473485
32.354304 49.981133
33.099972 50.522619
33.786343 51.021044
34.525661 51.557919
35.256508 52.088641
35.940759 52.585527
36.675835 53.119321
37.368556 53.622358
38.050686 54.249099
38.749770 65.370307
39.400112 75.716105
40.020799 85.590152
40.584298 94.554437
41.158389 103.687218
41.728225 112.752318
42.264178 121.278389
42.781080 129.501407
43.297970 137.724224
43.725884 144.531585
44.181344 151.777159
44.630442 158.921514
45.092264 166.268307
45.609154 168.919910
46.077314 168.213968
45.799794 158.046798
45.390956 143.068692
44.865582 123.821232
44.278791 102.323705
43.611495 77.876806
42.929366 52.886467
42.581944 40.158427
41.709162 8.183392
40.982557 -0.355849
40.243227 -0.878648
39.501801 -1.402929
38.745528 -1.937708
37.999848 -2.464997
37.283822 -2.971317
36.555096 -3.486617
35.800944 -4.019897
35.040430 -4.557675
34.301113 -5.080465
33.557553 -5.606255
32.788581 -6.150015
32.045008 -6.675813
31.288749 -7.210583
30.549418 -7.733382
29.818571 -8.250182
29.036886 -8.802931
28.303919 -9.321231
27.553996 -9.851520
26.804099 -10.381791
26.064769 -10.904590
25.304267 -11.442360
24.571300 -11.960659
23.821390 -12.490939
23.060876 -13.028718
22.332150 -13.544018
21.563178 -14.087778
20.823847 -14.610577
20.048512 -15.158836
19.292253 -15.693606
18.542330 -16.223894
17.779708 -16.763164
17.017086 -17.302433
16.286239 -17.819233
15.527858 -18.355503
14.777936 -18.885792
14.006843 -19.431051
13.271754 -19.950851
12.513374 -20.487120
11.776164 -21.008420
11.028375 -21.537200
10.257269 -22.082468
9.515831 -22.606758
8.780742 -23.126558
8.052016 -23.641858
7.306348 -24.169138
6.543726 -24.708408
5.804395 -25.231207
5.077803 -25.744998
4.342702 -26.264807
3.571608 -26.810066
2.823820 -27.338846
2.065439 -27.875116
1.345184 -28.384426
0.563486 -28.937184
-0.190665 -29.470464
-0.938441 -29.999235
-1.703197 -30.540013
-2.431923 -31.055313
-3.205137 -31.602072
-3.982593 -32.151831
-4.738853 -32.686601
-5.507838 -33.230369
-6.268326 -33.768130
-7.028840 -34.305908
-7.782979 -34.839179
-8.496884 -35.343999
-9.219260 -35.854809
-9.973412 -36.388088
-10.575036 -36.813512
-11.327067 -37.345292
-12.083339 -37.880071
-12.816294 -38.398362
-13.578916 -38.937631
-14.305534 -39.451440
-15.072385 -39.993700
-15.792640 -40.503011
-16.567975 -41.051269
-17.294581 -41.565070
-18.067795 -42.111829
-18.817717 -42.642118
-19.582448 -43.182878
-20.315403 -43.701169
-21.001774 -44.186519
-21.730500 -44.701820
-22.467697 -45.223110
-23.217607 -45.753390
-23.931512 -46.258210
-24.626341 -46.749541
-25.352959 -47.263351
-26.068973 -47.769662
-26.795578 -48.283463
-27.543366 -48.812243
-28.284818 -49.336541
-28.994481 -49.838362
-29.710494 -50.344673
-30.426508 -50.850984
-31.157355 -51.367784
-31.871247 -51.872595
-32.604215 -52.390895
-33.322349 -52.898706
-34.034133 -53.402026
-34.735313 -53.897848
-35.434384 -54.392179
-36.112272 -54.871530
-36.830406 -63.789986
-37.497690 -72.529779
-38.198895 -81.713865
-38.766610 -89.149559
-39.400010 -97.445559
-39.986814 -105.131261
-40.582088 -112.927911
-41.098965 -119.697749
-41.626447 -126.606481
-42.168750 -133.709330
-42.696232 -140.618062
-43.255489 -147.942974
-43.787200 -154.907097
-43.249139 -141.396871
-42.689882 -127.354426
-42.084015 -112.141670
-41.437916 -95.918685
-41.084144 -87.035808
-40.194408 -64.695322
-39.446619 -45.919021
-38.692468 -26.982957
-37.974334 -8.951253
-37.230774 0.271931
-36.485106 0.795795
-35.726726 1.328592
-34.989516 1.846514
-34.245969 2.368889
-33.487589 2.901685
-32.746150 3.422579
-32.008940 3.940501
-31.239955 4.480748
-30.502771 4.998652
-29.731665 5.540389
-28.983877 6.065743
-28.231859 6.594069
-27.462861 7.134325
-26.708722 7.664141
-25.948221 8.198427
-25.196190 8.726762
-24.418734 9.272959
-23.647641 9.814686
-22.880790 10.353434
-22.107576 10.896651
-21.330120 11.442848
-20.561148 11.983086
-19.813346 12.508450
-19.042253 13.050177
-18.256339 13.602317
-17.506417 14.129170
-16.764991 14.650055
-15.970580 15.208164
-15.212200 15.740960
-14.462290 16.267805
-13.682726 16.815483
-12.924333 17.348288
-12.161710 17.884065
-11.403317 18.416870
-10.644949 18.949657
-9.903498 19.470559
-9.301886 19.893218
-8.323174 20.580808
-7.573264 21.107653
-6.816992 21.638968
-6.045911 22.180686
-5.291760 22.710511
-4.529138 23.246287
-3.766515 23.782063
-3.001772 24.319329
-2.239150 24.855106
-1.489227 25.381959
-0.711784 25.928148
0.050838 26.463924
0.815581 27.001190
1.584566 27.541436
2.342934 28.074224
3.094977 28.602568
3.853371 29.135373
4.488879 29.581845
5.219725 30.095298
5.956922 30.613211
6.713195 31.144526
7.473696 31.678812
8.221497 32.204176
8.952344 32.717629
9.659887 33.214709
10.401325 33.735603
11.161827 34.269889
11.907507 34.793762
12.665888 35.326559
13.458177 35.883177
14.239862 36.432346
15.000364 36.966632
15.756636 37.497947
16.510787 38.027772
17.315777 38.593313
18.086870 39.135040
18.855855 39.675286
19.586715 40.188748
20.370508 40.739397
21.131009 41.273684
21.842793 41.773744
22.588474 42.297617
23.334155 42.821491
24.065001 43.334944
24.781015 43.837975
25.477978 44.327623
26.179170 44.820242
26.880363 45.312861
27.596376 45.815892
28.312389 46.318923
29.039007 46.829404
29.778325 47.348808
30.513414 47.865241
31.240019 48.375713
31.983578 48.898097
32.674192 49.383284
33.413510 49.902687
34.118931 50.398277
34.822244 50.892386
35.563683 51.413280
36.288180 51.922271
37.008435 52.428283
37.694794 52.910480
38.387515 53.397148
39.114120 59.332103
39.802600 70.072932
40.467788 80.450391
41.128721 90.761476
41.757892 100.577037
42.368000 110.095206
42.906061 118.489382
43.401780 126.222993
43.899595 133.989296
44.346571 140.962484
44.776606 147.671366
45.208774 154.413534
45.626096 160.924088
46.007401 166.872745
46.422615 167.442770
46.115453 156.206954
45.693889 140.786392
45.162165 121.336249
44.539344 98.553826
43.852986 73.447216
43.158156 48.030745
42.848873 36.717347
42.562882 26.255950
41.950665 3.861434
41.202877 -0.439545
40.488972 -0.928148
39.753883 -1.431249
38.997611 -1.948849
38.249809 -2.460651
37.535917 -2.949246
36.794465 -3.456702
36.031843 -3.978647
35.305238 -4.475942
34.557437 -4.987744
33.794814 -5.509690
33.061847 -6.011340
32.303466 -6.530382
31.562027 -7.037829
30.818468 -7.546728
30.081258 -8.051281
29.329228 -8.565978
28.581426 -9.077780
27.844229 -9.582324
27.107020 -10.086877
26.346518 -10.607371
25.602959 -11.116270
24.876341 -11.613573
24.145494 -12.113772
23.389234 -12.631363
22.662617 -13.128666
21.923299 -13.634662
21.181860 -14.142109
20.453134 -14.640856
19.688391 -15.164253
18.959665 -15.663000
18.213984 -16.173350
17.449241 -16.696748
16.701440 -17.208550
15.970593 -17.708748
15.220683 -18.221993
14.487716 -18.723642
13.731443 -19.241242
12.994246 -19.745786
12.242216 -20.260483
11.500777 -20.767930
10.755097 -21.278280
9.996716 -21.797323
9.274340 -22.291724
8.541372 -22.793373
7.806284 -23.296475
7.045782 -23.816969
6.302235 -24.325859
5.579859 -24.820260
4.829937 -25.333513
4.096969 -25.835163
3.340710 -26.352754
2.582316 -26.871805
1.849349 -27.373455
1.103681 -27.883797
0.351650 -28.398493
-0.413093 -28.921890
-1.190549 -29.453988
-1.936217 -29.964330
-2.700960 -30.487727
-3.455111 -31.003875
-4.219854 -31.527272
-4.986706 -32.052112
-5.730265 -32.561011
-6.484417 -33.077159
-7.221614 -33.581703
-7.967294 -34.092054
-8.715083 -34.603847
-9.452280 -35.108391
-10.183139 -35.608598
-10.918215 -36.111691
-11.651183 -36.613341
-12.405322 -37.129480
-13.153123 -37.641282
-13.881849 -38.140029
-14.642363 -38.660531
-15.402852 -39.181017
-16.178187 -39.711663
-16.934459 -40.229262
-17.656823 -40.723654
-18.389791 -41.225304
-19.146063 -41.742904
-19.531609 -42.006775
-19.813359 -42.199607
-20.520889 -42.683847
-21.272932 -43.198552
-22.018600 -43.708894
-22.692246 -44.169943
-23.416743 -44.665796
-24.117935 -45.145698
-24.857240 -45.651685
-25.594450 -46.156238
-26.293521 -46.634689
-27.022247 -47.133435
-27.744611 -47.627827
-28.473336 -48.126574
-29.202075 -48.625329
-29.909618 -49.109578
-30.608689 -49.588029
-31.335294 -50.085324
-32.042837 -50.569572
-32.720725 -51.033525
-33.421904 -51.513418
-34.140051 -52.004925
-34.885719 -52.515266
-35.589019 -52.996612
-36.288091 -53.475063
-37.016817 -53.973809
-37.747677 -60.746596
-38.408610 -69.267566
-39.048360 -77.515430
-39.738960 -86.418879
-40.317268 -93.874604
-40.904071 -101.439867
-41.435782 -108.294858
-41.946322 -114.876907
-42.427208 -121.076640
-42.944085 -127.740391
-43.463096 -134.431650
-43.943968 -140.631219
-43.344452 -125.579133
-42.755541 -110.793294
-42.120020 -94.837240
-41.482404 -78.828575
-41.211246 -72.020603
-40.933738 -65.053202
-40.213470 -46.969398
-39.452982 -27.875766
-38.705180 -9.100675
-37.978575 0.251351
-37.237137 0.763150
-36.466043 1.295419
-35.730955 1.802834
-34.981058 2.320472
-34.237498 2.833735
-33.481226 3.355773
-32.754608 3.857341
-31.991999 4.383754
-31.220905 4.916022
-30.483708 5.424893
-29.708361 5.960099
-28.958464 6.477736
-28.204312 6.998310
-27.420506 7.539354
-26.655763 8.067240
-25.903733 8.586350
-25.136881 9.115690
-24.350955 9.658199
-23.588332 10.184620
-22.819347 10.715433
-22.052496 11.244774
-21.251748 11.797513
-20.493355 12.321015
-19.758279 12.828422
-18.970231 13.372394
-18.188546 13.911974
-17.430166 14.435467
-16.673881 14.957514
-15.890088 15.498549
-15.095677 16.046913
-14.362722 16.552856
-13.589508 17.086589
-12.837490 17.605690
-12.068492 18.136512
-11.305883 18.662925
-10.549611 19.184963
-9.786988 19.711385
-9.022245 20.239270
-8.748979 20.427900
-8.177009 20.822718
-7.414400 21.349131
-6.645415 21.879944
-5.876430 22.410757
-5.122291 22.931323
-4.359669 23.457744
-3.594925 23.985630
-2.836532 24.509132
-2.052726 25.050176
-1.309179 25.563430
-0.535953 26.097171
0.247853 26.638215
1.006234 27.161709
1.766735 27.686666
2.516657 28.204321
3.268688 28.723431
4.054615 29.265939
4.802391 29.782113
5.526900 30.282226
6.249276 30.780866
6.867843 31.207849
7.641044 31.741573
8.405800 32.269467
9.115463 32.759332
9.833597 33.255044
10.606811 33.788777
11.380026 34.322510
12.108752 34.825533
12.856553 35.341724
13.610692 35.862289
14.394510 36.403342
15.182558 36.947314
15.968485 37.489822
16.737457 38.020627
17.523384 38.563135
18.298719 39.098332
19.059220 39.623289
19.832434 40.157022
20.612011 40.695147
21.383104 41.227415
22.135135 41.746525
22.876573 42.258324
23.607433 42.762821
24.340388 43.268763
25.090298 43.786410
25.827507 44.295289
26.558354 44.799777
27.278609 45.296953
27.988273 45.786818
28.693707 46.273764
29.441496 46.789946
30.174476 47.295906
30.915915 47.807705
31.638278 48.306337
32.354304 48.800594
33.112685 49.324087
33.835061 49.822727
34.561678 50.324296
35.275584 50.817089
35.978884 51.302562
36.722444 51.815824
37.425757 52.301306
38.118479 52.779477
38.842963 53.279572
39.561110 61.332807
40.255952 72.057927
40.919006 82.292386
41.569348 92.330621
42.209110 102.205564
42.834039 111.851546
43.391176 120.451127
43.874182 127.906488
44.342342 135.132692
44.797802 142.162867
45.234187 148.898608
45.662113 155.503793
46.030706 161.193132
46.439569 167.216814
46.909850 166.507674
47.458516 165.680337
48.043198 164.798690
48.644823 163.891496
49.265510 162.955557
49.920093 162.095686
50.502668 162.095686
49.905272 140.273780
49.451933 123.714014
48.890555 103.207759
48.246563 79.683763
47.517837 53.064553
47.176766 40.605761
46.312468 9.034301
45.602792 -0.296543
44.850749 -0.778885
44.117793 -1.248985
43.399659 -1.709579
42.675162 -2.174254
41.931603 -2.651156
41.173209 -3.137571
40.433892 -3.611752
39.711516 -4.075067
38.965835 -4.553329
38.201092 -5.043817
37.474474 -5.509852
36.735156 -5.984033
35.964050 -6.478602
35.241687 -6.941909
34.498115 -7.418818
33.739734 -7.905226
33.017371 -8.368532
32.324637 -8.812835
31.602274 -9.276142
30.886248 -9.735384
30.218951 -10.163372
29.475405 -10.640265
28.727603 -11.119887
27.981923 -11.598149
27.240484 -12.073690
26.482091 -12.560106
25.757594 -13.024781
24.992863 -13.515261
24.262004 -13.984017
23.507865 -14.467703
22.768535 -14.941892
22.033459 -15.413353
21.294128 -15.887542
20.561160 -16.357650
19.787946 -16.853571
19.057112 -17.322311
18.315661 -17.797860
17.550917 -18.288348
16.788308 -18.777468
16.042627 -19.255730
15.299068 -19.732631
14.547024 -20.214974
13.782281 -20.705462
13.036613 -21.183715
12.288812 -21.663337
11.543132 -22.141599
10.795356 -22.621205
10.020021 -23.118486
9.303995 -23.577728
8.577390 -24.043756
7.825359 -24.526090
7.064858 -25.013858
6.327648 -25.486686
5.588330 -25.960867
4.819358 -26.454068
4.044010 -26.951357
3.279280 -27.441837
2.523007 -27.926892
1.766748 -28.411939
1.008355 -28.898355
0.243611 -29.388843
-0.506311 -29.869825
-1.256208 -30.350791
-1.989188 -30.820908
-2.730614 -31.296441
-3.493237 -31.785568
-4.243146 -32.266543
-5.014252 -32.761112
-5.745086 -33.229851
-6.488646 -33.706753
-7.234326 -34.185015
-7.990599 -34.670070
-8.706612 -35.129304
-9.450159 -35.606197
-10.214902 -36.096685
-10.960583 -36.574947
-11.634229 -37.007007
-12.371426 -37.479828
-13.108635 -37.952657
-13.835240 -38.418684
-14.587271 -38.901018
-15.326601 -39.375207
-16.078632 -39.857542
-16.856075 -40.356175
-17.597514 -40.831717
-18.275389 -41.266490
-19.021069 -41.744751
-19.770979 -42.225726
-20.510297 -42.699906
-21.255977 -43.178168
-22.016479 -43.665936
-22.713442 -44.112951
-23.450626 -44.585764
-24.170881 -45.047718
-24.914441 -45.524620
-25.674955 -46.012395
-26.403681 -46.479783
-27.149349 -46.958037
-27.875967 -47.424072
-28.602572 -47.890099
-29.331298 -48.357487
-30.057903 -48.823514
-30.761203 -49.274594
-31.502655 -49.750144
-32.214439 -50.206665
-32.913498 -50.655025
-33.637995 -51.119700
-34.370962 -51.589808
-35.078505 -52.043609
-35.796626 -52.504195
-36.485106 -52.945770
-37.213832 -53.413157
-37.908674 -54.350116
-38.569608 -62.601474
-39.253846 -71.143774
-39.878775 -78.945637
-40.507933 -86.800298
-41.073540 -93.861566
-41.607372 -100.526136
-42.130624 -107.058633
-42.624210 -113.220752
-43.064824 -118.721552
-43.562664 -124.936786
-44.090133 -131.521922
-44.619735 -138.133694
-45.217118 -145.591658
-45.852639 -153.525754
-46.509330 -161.724155
-47.189339 -168.528161
-47.862998 -168.528161
-48.458260 -168.528161
-47.977387 -156.456364
-47.445663 -143.108011
-46.850402 -128.164603
-46.214881 -112.210536
-45.850518 -103.063592
-44.969265 -80.940678
-44.272314 -63.444479
-43.552072 -45.363564
-42.802150 -26.537567
-42.043769 -7.499235
-41.302330 0.270272
-40.556650 0.725504
-39.798269 1.188490
-39.010234 1.669579
-38.309042 2.097652
-37.559120 2.555474
-36.807102 3.014575
-36.033888 3.486617
-35.290341 3.940547
-34.523477 4.408711
-33.758734 4.875581
-33.008824 5.333396
-32.254673 5.793800
-31.504763 6.251614
-30.733670 6.722360
-29.968939 7.189223
-29.206317 7.654798
-28.460624 8.110038
-27.678952 8.587243
-26.897267 9.064456
-26.132511 9.531334
-25.382614 9.989140
-24.607279 10.462476
-23.827715 10.938395
-23.067200 11.402683
-22.296120 11.873422
-21.516543 12.349347
-20.756042 12.813628
-20.001890 13.274032
-19.237147 13.740902
-18.457570 14.216828
-17.701311 14.678518
-16.938701 15.144086
-16.188779 15.601908
-15.368956 16.102404
-14.648713 16.542106
-13.881849 17.010271
-13.117106 17.477141
-12.350255 17.945298
-11.593982 18.406997
-10.833481 18.871277
-10.068738 19.338147
-9.316707 19.797256
-8.554085 20.262832
-7.742733 20.758156
-6.978002 21.225018
-6.228080 21.682840
-5.486654 22.135475
-4.730382 22.597174
-3.946576 23.075682
-3.186074 23.539962
-2.434031 23.999079
-1.660830 24.471113
-0.913028 24.927640
-0.139814 25.399681
0.620687 25.863962
1.374839 26.324365
2.103565 26.769247
2.726373 27.149467
3.469919 27.603397
4.257967 28.084494
4.988827 28.530678
5.732374 28.984608
6.475946 29.438553
7.232206 29.900244
7.988465 30.361935
8.727796 30.813291
9.452293 31.255591
10.168306 31.692712
10.969053 32.181562
11.699900 32.627739
12.439231 33.079095
13.216674 33.553718
13.998372 34.030938
14.796999 34.518494
15.561742 34.985364
16.334956 35.457406
17.091228 35.919104
17.885626 36.404078
18.652490 36.872243
19.412991 37.336523
20.186205 37.808565
20.938249 38.267682
21.633078 38.691870
22.361804 39.136752
23.115956 39.597155
23.840440 40.039448
24.543753 40.468815
25.280963 40.918876
25.988505 41.350826
26.689698 41.778898
27.416315 42.222493
28.145042 42.667375
28.846234 43.095448
29.568597 43.536445
30.282502 43.972279
30.973116 44.393893
31.699708 44.837472
32.424205 45.279772
33.169885 45.735005
33.883791 46.170838
34.646413 46.636414
35.406914 47.100694
36.105998 47.527480
36.866500 47.991760
37.597347 48.437937
38.319723 48.878942
39.069632 49.336756
39.775067 49.767418
40.493201 50.205834
41.221939 50.650724
41.927374 51.081386
42.632795 51.512040
43.314925 58.639987
43.986450 68.262284
44.660096 77.914971
45.333755 87.567840
45.954442 96.461676
46.539125 104.839603
47.075077 112.519279
47.572917 119.652837
48.064382 126.695042
48.574909 134.010397
49.040974 140.688645
49.468888 146.820229
49.920093 153.285563
50.407329 160.267169
50.911519 161.633281
51.407225 161.633281
51.091579 150.148745
50.636132 133.577631
50.087454 113.614388
49.447691 90.337107
48.746512 64.825208
48.098265 41.239257
47.825000 31.296681
47.519946 20.197519
46.795449 2.011726
46.060373 -0.555791
45.316813 -1.012710
44.573253 -1.469630
43.840286 -1.920041
43.094605 -2.378264
42.367987 -2.824773
41.613849 -3.288193
40.874505 -3.742522
40.139429 -4.194228
39.383170 -4.658952
38.620535 -5.127593
37.885459 -5.579300
37.152478 -6.029718
36.396219 -6.494442
35.642067 -6.957870
34.877324 -7.427807
34.157056 -7.870414
33.409268 -8.329932
32.640295 -8.802468
31.890373 -9.263298
31.148934 -9.718914
30.413858 -10.170620
29.644861 -10.643172
28.901301 -11.100091
28.164117 -11.553093
27.422666 -12.008717
26.674864 -12.468243
25.948259 -12.914744
25.177153 -13.388591
24.444185 -13.839002
23.711230 -14.289405
22.961308 -14.750235
22.213519 -15.209753
21.459368 -15.673181
20.707337 -16.135306
19.934110 -16.610456
19.179972 -17.073877
18.432183 -17.533395
17.665319 -18.004635
16.917518 -18.464162
16.184550 -18.914572
15.413457 -19.388412
14.655076 -19.854439
13.875499 -20.333491
13.153123 -20.777393
12.386259 -21.248633
11.634241 -21.710750
10.869498 -22.180687
10.096284 -22.655830
9.376016 -23.098436
8.632469 -23.555348
7.867726 -24.025285
7.092391 -24.501731
6.338240 -24.965159
5.581968 -25.429891
4.840541 -25.885499
4.060965 -26.364551
3.287751 -26.839694
2.537828 -27.300523
1.775206 -27.769157
1.021067 -28.232577
0.252082 -28.705121
-0.506298 -29.171148
-1.258329 -29.633273
-2.008238 -30.094095
-2.760269 -30.556220
-3.516541 -31.020951
-4.277055 -31.488289
-5.026952 -31.949103
-5.772633 -32.407326
-6.539484 -32.878559
-7.289406 -33.339388
-8.041424 -33.801505
-8.776525 -34.253227
-9.520072 -34.710139
-10.293287 -35.185281
-10.986008 -35.610961
-11.723205 -36.063970
-12.473114 -36.524792
-13.239979 -36.996032
-13.903033 -37.403481
-14.646593 -37.860401
-15.390139 -38.317313
-16.165474 -38.793758
-16.942930 -39.271507
-17.678019 -39.723221
-18.430049 -40.185346
-19.188417 -40.651366
-19.938340 -41.112195
-20.686128 -41.571713
-21.436051 -42.032543
-22.209265 -42.507685
-22.908336 -42.937267
-23.649762 -43.392875
-24.395443 -43.851098
-25.122048 -44.297599
-25.855016 -44.748010
-26.611275 -45.212734
-27.356943 -45.670949
-28.119578 -46.139590
-28.844062 -46.584788
-29.583380 -47.039101
-30.324819 -47.494717
-31.072607 -47.954236
-31.797104 -48.399441
-32.525830 -48.847245
-33.271498 -49.305460
-33.995995 -49.750666
-34.735313 -50.204979
-35.449205 -50.643668
-36.190657 -51.099292
-36.953266 -51.567918
-37.677763 -52.013123
-38.410718 -52.463526
-39.126744 -52.903526
-39.874533 -53.363045
-40.618093 -54.242014
-41.310801 -62.703348
-41.986568 -70.957741
-42.655985 -79.134570
-43.316931 -87.207927
-43.963031 -95.099940
-44.583718 -102.681540
-45.123913 -109.279935
-45.704354 -116.369933
-46.303857 -123.692778
-46.812264 -129.902886
-47.343987 -136.397810
-47.869348 -142.815015
-48.381996 -149.076936
-47.795193 -134.347422
-47.210523 -119.671464
-46.572881 -103.665849
-45.937373 -87.713789
-45.443788 -75.324165
-44.740487 -57.670426
-44.026582 -39.750500
-43.278793 -20.980052
-42.537355 -2.368998
-41.806508 0.381234
-41.075661 0.818999
-40.319401 1.271986
-39.563129 1.724980
-38.825932 2.166549
-38.101435 2.600510
-37.364238 3.042079
-36.593145 3.503950
-35.834764 3.958208
-35.095447 4.401046
-34.322220 4.864196
-33.572323 5.313372
-32.809688 5.770177
-32.070370 6.213016
-31.292927 6.678691
-30.557838 7.118997
-29.793108 7.577058
-29.015652 8.042741
-28.269971 8.489391
-27.517941 8.939844
-26.753210 9.397905
-25.973634 9.864858
-25.215253 10.319115
-24.467464 10.767028
-23.702721 11.225096
-22.937991 11.683157
-22.164764 12.146307
-21.406383 12.600564
-20.622590 13.070043
-19.864197 13.524307
-19.129108 13.964613
-18.368607 14.420141
-17.591164 14.885816
-16.841241 15.335007
-16.074390 15.794338
-15.330830 16.239717
-14.566100 16.697778
-13.833132 17.136813
-13.062026 17.598693
-12.312117 18.047876
-11.543144 18.508477
-10.786872 18.961471
-10.024250 19.418269
-9.278582 19.864912
-8.518080 20.320439
-7.761795 20.773441
-7.003428 21.227691
-6.240793 21.684496
-5.469699 22.146368
-4.717669 22.596821
-3.967759 23.046005
-3.219971 23.493917
-2.444623 23.958338
-1.673542 24.420202
-0.999884 24.823712
-0.101689 25.361715
0.669417 25.823595
1.415085 26.270237
2.133219 26.700387
2.906433 27.163530
3.694481 27.635557
4.427436 28.074585
5.149825 28.507283
5.872188 28.939967
6.632702 29.395502
7.386841 29.847218
8.107096 30.278639
8.844305 30.720215
9.602686 31.174472
10.335666 31.613515
11.062259 32.048731
11.807939 32.495381
12.555741 32.943302
13.326834 33.405173
14.102169 33.869586
14.856320 34.321310
15.635884 34.788256
16.402749 35.247594
17.146308 35.692974
17.900460 36.144698
18.682144 36.612914
19.448996 37.072245
20.175626 37.507484
20.936128 37.963012
21.686037 38.412195
22.435947 38.861378
23.035463 39.220478
23.770552 39.660784
24.524691 40.112500
25.261900 40.554076
25.956730 40.970268
26.670635 41.397885
27.395132 41.831846
28.102662 42.255644
28.829279 42.690876
29.549535 43.122297
30.278260 43.558791
31.019712 44.002908
31.708192 44.415296
32.443280 44.855602
33.161414 45.285752
33.890141 45.722246
34.612516 46.154937
35.326422 46.582554
36.074223 47.030475
36.788115 47.458084
37.493550 47.880627
38.224396 48.318392
38.931939 48.742198
39.664907 49.181234
40.406345 49.625343
41.101188 50.041542
41.819322 50.471692
42.524756 50.894235
43.215344 51.307886
43.912307 55.345919
44.605029 65.150938
45.301980 75.015816
45.958697 84.311214
46.621751 93.696313
47.280563 103.021371
47.888550 111.627030
48.488054 120.112608
49.030369 127.788727
49.504892 134.505286
49.973065 141.131964
50.432754 147.638563
50.917869 154.505042
51.371208 160.921761
51.771601 161.431561
52.260945 161.431561
51.837260 146.043138
51.383921 129.577650
50.792888 108.111074
50.136171 84.258811
49.418037 58.175847
48.930801 40.479230
48.661764 30.707690
48.187242 13.472803
47.439453 -0.226658
46.689531 -0.677706
45.965046 -1.113455
45.223595 -1.559408
44.473686 -2.010449
43.721655 -2.462765
42.982324 -2.907443
42.253599 -3.345742
41.524860 -3.784050
40.777071 -4.233815
40.029282 -4.683580
39.292060 -5.126989
38.525209 -5.588220
37.794362 -6.027795
37.063515 -6.467370
36.305122 -6.923514
35.536149 -7.386020
34.805290 -7.825603
34.072322 -8.266454
33.301229 -8.730235
32.555548 -9.178732
31.790805 -9.638695
31.045137 -10.087184
30.278273 -10.548422
29.522001 -11.003290
28.789033 -11.444141
28.051836 -11.887535
27.295551 -12.342411
26.556233 -12.787081
25.791503 -13.247036
25.086069 -13.671326
24.350980 -14.113453
23.592599 -14.569588
22.853269 -15.014266
22.103359 -15.465307
21.344966 -15.921450
20.578115 -16.382680
19.821842 -16.837548
19.063462 -17.293684
18.298719 -17.753646
17.546676 -18.205970
16.805250 -18.651908
16.044736 -19.109327
15.301189 -19.556541
14.530083 -20.020330
13.795007 -20.462449
13.034493 -20.919868
12.276112 -21.376004
11.517719 -21.832147
10.782630 -22.274273
10.068738 -22.703651
9.291282 -23.171260
8.558314 -23.612111
7.791450 -24.073349
7.043674 -24.523106
6.278918 -24.983076
5.514188 -25.443031
4.772749 -25.888977
4.039781 -26.329828
3.249625 -26.805075
2.489111 -27.262494
1.713776 -27.728827
0.925741 -28.202799
0.171577 -28.656398
-0.591033 -29.115077
-1.355776 -29.575040
-2.118398 -30.033727
-2.895841 -30.501328
-3.647884 -30.953652
-4.406265 -31.409787
-5.162537 -31.864655
-5.912447 -32.315696
-6.660236 -32.765461
-7.401674 -33.211406
-8.149463 -33.661171
-8.905735 -34.116039
-9.647174 -34.561985
-10.375913 -35.000292
-11.127930 -35.452601
-11.877853 -35.903649
-12.631991 -36.357233
-13.386143 -36.810825
-14.129703 -37.258047
-14.900796 -37.721829
-15.663418 -38.180515
-16.423932 -38.637934
-17.209846 -39.110630
-17.980939 -39.574412
-18.737212 -40.029280
-19.485000 -40.479045
-20.243381 -40.935180
-21.014474 -41.398962
-21.758034 -41.846183
-22.389325 -42.225880
-23.192181 -42.708766
-23.927270 -43.150892
-24.677180 -43.601933
-25.427089 -44.052974
-26.189724 -44.511668
-26.918450 -44.949968
-27.634463 -45.380621
-28.386494 -45.832938
-29.110991 -46.268694
-29.856659 -46.717183
-30.583276 -47.154215
-31.339523 -47.609067
-32.072504 -48.049925
-32.807580 -48.492044
-33.549019 -48.937990
-34.284095 -49.380109
-35.014941 -49.819684
-35.739426 -50.255432
-36.472406 -50.696291
-37.235016 -51.154970
-37.967971 -51.595813
-38.690359 -52.030301
-39.423315 -52.471145
-40.164753 -52.917090
-40.916784 -53.369407
-41.617976 -54.151963
-42.295851 -62.340640
-43.001286 -70.862227
-43.679173 -79.051057
-44.304102 -86.600147
-44.907835 -93.893187
-45.448017 -100.418538
-46.034808 -107.506923
-46.608911 -114.442046
-47.166035 -121.172053
-47.708350 -127.723179
-48.242182 -134.171823
-48.727297 -140.031967
-48.047288 -122.964187
-47.460497 -108.236118
-46.808022 -91.859413
-46.212760 -76.918730
-45.615377 -61.924814
-44.886639 -43.633945
-44.172759 -25.716027
-43.429199 -7.053163
-42.658106 0.288248
-41.920897 0.721845
-41.185821 1.154188
-40.425306 1.601492
-39.679639 2.040064
-38.936092 2.477389
-38.196774 2.912226
-37.448973 3.352053
-36.680000 3.804332
-35.923728 4.249141
-35.188652 4.681484
-34.430272 5.127533
-33.671878 5.573590
-32.909256 6.022134
-32.155105 6.465696
-31.394616 6.912985
-30.653164 7.349078
-29.886313 7.800109
-29.134283 8.242424
-28.380131 8.685986
-27.615401 9.135770
-26.840066 9.591791
-26.090156 10.032858
-25.310579 10.491374
-24.552199 10.937423
-23.787456 11.387215
-23.026954 11.834512
-22.253740 12.289286
-21.474163 12.747802
-20.692491 13.207550
-19.944690 13.647377
-19.196901 14.087197
-18.406732 14.551943
-17.652594 14.995497
-16.900563 15.437812
-16.131591 15.890091
-15.373210 16.336140
-14.625409 16.775967
-13.862787 17.224511
-13.095923 17.675550
-12.335421 18.122847
-11.577041 18.568896
-10.801706 19.024918
-10.053917 19.464737
-9.306116 19.904564
-8.528660 20.361833
-7.770279 20.807882
-7.022478 21.247709
-6.257747 21.697493
-5.484533 22.152267
-4.719790 22.602059
-3.969880 23.043126
-3.198774 23.496660
-2.429802 23.948939
-1.682001 24.388766
-0.906678 24.844780
-0.154648 25.287094
0.618566 25.741868
1.379080 26.189172
2.133219 26.632727
2.883129 27.073794
3.654234 27.527328
