# cumulative_displacement force displacement
0.000000 -0.000000 0.000000
0.427914 6.850326 0.427914
0.699072 0.001716 0.156756
1.090968 -0.737671 -0.235140
1.360005 1.755638 0.033896
1.919249 5.849498 0.593141
2.323859 -0.363052 0.188531
2.794140 -1.042942 -0.281749
3.126727 -1.523767 -0.614337
3.927475 5.150105 0.186411
4.562996 9.570584 0.821931
5.181562 13.873133 1.440497
5.795899 18.146265 2.054835
6.350927 22.006864 2.609863
6.632677 11.269094 2.328113
7.107187 -0.179688 1.853603
7.799908 -0.875778 1.160882
8.534997 -1.614440 0.425793
9.251010 -2.333935 -0.290220
9.592069 -2.676651 -0.631279
10.594073 -3.683527 -1.633284
11.327041 -4.420059 -2.366251
11.964683 -6.356294 -3.003893
12.920078 3.723760 -2.048497
13.655167 7.613452 -1.313409
14.402968 11.570412 -0.565607
15.142286 15.482483 0.173711
15.688818 18.374433 0.720242
16.051073 20.291290 1.082497
16.542537 22.891855 1.573962
17.074261 25.705449 2.105685
17.586909 28.418106 2.618334
17.851704 18.326564 2.353539
18.355882 5.592606 1.849361
19.046495 -0.740842 1.158748
19.785800 -1.508032 0.419443
20.531480 -2.281837 -0.326238
21.315286 -3.095207 -1.110043
22.065196 -3.873401 -1.859953
22.599028 -4.427368 -2.393785
23.266324 -7.133794 -3.061081
24.007763 2.421876 -2.319642
24.696230 6.054599 -1.631175
25.367767 9.597994 -0.959637
26.111327 13.521416 -0.216078
26.791323 17.109441 0.463918
27.168399 19.099096 0.840994
27.589975 21.323561 1.262571
28.041181 23.704365 1.713776
28.511462 26.185821 2.184057
28.960572 28.555567 2.633167
29.231730 18.221679 2.362010
29.738028 5.434160 1.855711
30.434979 -0.751684 1.158761
31.180659 -1.524684 0.413080
31.936919 -2.308651 -0.343179
32.718616 -3.118987 -1.124877
33.470647 -3.898570 -1.876908
34.161247 -4.614472 -2.567508
34.654820 -7.144538 -3.061081
34.953511 0.083462 -2.762390
35.703421 4.040637 -2.012480
36.457572 8.020196 -1.258329
37.247741 12.189813 -0.468160
38.004001 16.180496 0.288099
38.601396 19.332874 0.885495
38.969988 21.277886 1.254087
39.476286 23.949556 1.760385
39.995285 26.688242 2.279383
40.543963 29.583545 2.828061
41.118041 32.612880 3.402140
41.696373 35.664666 3.980472
42.289514 38.794593 4.573613
42.878439 41.902271 5.162537
43.477929 45.065706 5.762028
43.982119 56.135304 6.266218
44.327420 42.976002 5.920918
44.848551 23.115809 5.399786
45.441692 0.511373 4.806645
45.878090 -0.279466 4.370248
46.524202 -0.706358 3.724135
47.246578 -1.183639 3.001759
47.971075 -1.662320 2.277262
48.701909 -2.145189 1.546428
49.413693 -2.615471 0.834644
50.144540 -3.098348 0.103797
50.881750 -3.585429 -0.633413
51.610476 -4.066905 -1.362138
52.311656 -4.530181 -2.063318
52.625180 -4.737330 -2.376843
53.394165 -9.768766 -3.145828
53.991548 -19.055452 -3.743211
54.561397 -33.448076 -4.313060
55.059224 -46.021655 -4.810887
55.389678 -54.367901 -5.141341
55.688382 -61.912241 -5.440045
56.213743 -75.181233 -5.965406
56.559044 -83.902451 -6.310706
57.387338 -63.006277 -5.482412
57.861860 -51.035031 -5.007889
58.558811 -33.452384 -4.310939
59.323541 -14.159788 -3.546208
60.092539 1.072158 -2.777211
60.861511 5.041168 -2.008238
61.611421 8.911787 -1.258329
62.357089 12.760512 -0.512661
63.119724 16.696813 0.249974
63.869634 20.567432 0.999884
64.625906 24.470891 1.756156
65.356740 28.243054 2.486990
65.945652 31.282690 3.075902
66.456192 33.917816 3.586442
67.028162 36.870008 4.158412
67.606482 39.854976 4.736732
68.085233 42.326029 5.215484
68.544935 44.698756 5.675186
68.938953 50.142922 6.069203
69.313908 62.143474 6.444158
69.775718 76.923858 6.905968
70.144323 62.876947 6.537363
70.676033 42.614335 6.005652
71.284021 19.444966 5.397665
71.733105 2.331100 4.948580
72.430069 -2.221858 4.251617
73.169386 -4.805496 3.512299
73.917188 -7.418781 2.764498
74.656506 -10.002419 2.025180
75.425478 -12.689688 1.256208
76.181750 -15.332576 0.499935
76.950722 -18.019845 -0.269037
77.709116 -20.670145 -1.027430
78.446313 -23.246371 -1.764627
79.122080 -25.607923 -2.440394
79.664395 -27.503112 -2.982709
80.376166 -29.990486 -3.694481
81.060417 -44.417018 -4.378731
81.670512 -57.387970 -4.988827
82.172569 -68.061956 -5.490883
82.568720 -76.484340 -5.887034
83.011455 -85.897116 -6.329769
83.839749 -65.004364 -5.501475
84.439252 -49.882587 -4.901971
84.996388 -35.829472 -4.344835
85.748419 -16.860379 -3.592805
86.519512 0.533326 -2.821711
87.284255 4.506118 -2.056968
88.038407 8.423886 -1.302817
88.788316 12.319618 -0.552907
89.563651 16.347433 0.222428
90.317803 20.265201 0.976579
91.076183 24.204938 1.734960
91.819743 28.067682 2.478519
92.196818 30.026566 2.855595
92.527285 31.743319 3.186062
92.991216 34.153411 3.649993
93.544123 37.025728 4.202900
94.154219 40.195134 4.812995
94.732539 43.199468 5.391315
95.177407 45.510530 5.836183
95.611683 56.497985 6.270460
95.984517 68.442394 6.643294
96.312863 78.961546 6.971640
96.634859 66.691552 6.649644
97.128444 47.882949 6.156058
97.723706 25.199865 5.560797
98.011805 14.221526 5.272697
98.780803 -1.401908 4.503699
99.488333 -3.908020 3.796170
100.202238 -6.436715 3.082265
100.922493 -8.987902 2.362010
101.672415 -11.644172 1.612087
102.409600 -14.255323 0.874903
103.117155 -16.761526 0.167348
103.869185 -19.425263 -0.584683
104.597911 -22.006454 -1.313409
105.284270 -24.437579 -1.999767
105.955808 -26.816206 -2.671305
106.419726 -28.459433 -3.135224
107.108206 -32.741211 -3.823703
107.773381 -46.912704 -4.488879
108.353822 -59.278940 -5.069319
108.870712 -70.291231 -5.586209
109.262621 -78.640821 -5.978119
109.669351 -87.306169 -6.384849
110.561196 -64.810999 -5.493004
111.143758 -50.116935 -4.910442
111.751732 -34.781882 -4.302468
112.529188 -15.171964 -3.525012
113.308752 0.925088 -2.745448
114.077725 4.920286 -1.976476
114.842468 8.893512 -1.211732
115.594498 12.800689 -0.459702
116.386788 16.917032 0.332588
117.153652 20.901277 1.099452
117.920503 24.885456 1.866303
118.642879 28.638563 2.588679
118.990300 30.443591 2.936100
119.386426 32.501664 3.332226
119.873662 35.033097 3.819462
120.456223 38.059799 4.402023
121.068440 41.240570 5.014239
121.653109 44.278225 5.598909
122.108582 49.578604 6.054382
122.504721 62.269204 6.450520
122.875434 74.145281 6.821233
123.252509 86.225193 7.198309
123.629572 98.304697 7.575372
123.998190 110.113644 7.943990
124.498125 126.129464 8.443925
124.945102 140.448701 8.890902
125.478946 160.070453 9.424746
126.008549 180.250339 9.954349
126.578398 158.541352 9.384500
127.078346 139.495308 8.884552
127.671487 116.898995 8.291411
128.071880 101.645614 7.891018
128.749768 75.820773 7.213130
129.465781 48.543505 6.497117
130.192386 20.862733 5.770512
130.925354 2.375064 5.037544
131.675264 -3.210607 4.287634
132.406111 -5.719543 3.556787
133.128487 -8.199398 2.834411
133.844513 -10.657455 2.118385
134.588059 -13.209989 1.374839
135.293494 -15.631685 0.669404
136.003157 -18.067899 -0.040259
136.702216 -20.467708 -0.739318
137.053879 -21.674938 -1.090981
137.933011 -24.692924 -1.970113
138.640553 -27.121857 -2.677655
139.333262 -29.499868 -3.370364
140.030225 -38.279416 -4.067327
140.676338 -51.977055 -4.713440
141.212291 -63.339297 -5.249393
141.671980 -73.084747 -5.709082
142.263012 -85.614688 -6.300114
142.870987 -98.986635 -6.908089
143.190874 -107.065634 -7.227976
143.548875 -116.107197 -7.585977
144.082706 -129.589516 -8.119808
144.667389 -144.356109 -8.704491
145.247830 -159.015572 -9.284932
145.830392 -173.728600 -9.867494
146.321869 -161.341539 -9.376016
146.940435 -145.751364 -8.757450
147.603489 -129.039923 -8.094396
148.103425 -116.439683 -7.594460
148.838514 -97.912707 -6.859372
149.590544 -78.958733 -6.107341
150.329862 -60.325168 -5.368023
151.086134 -41.264285 -4.611751
151.865698 -21.616362 -3.832187
152.621971 -2.555480 -3.075915
153.382472 4.124021 -2.315413
154.130273 8.802990 -1.567612
154.882304 13.508421 -0.815581
155.632213 18.200582 -0.065672
156.365181 22.786738 0.667296
157.127804 27.558441 1.429918
157.754841 31.481792 2.056955
158.405195 35.551038 2.707310
159.015290 39.368385 3.317405
159.695286 43.623099 3.997401
160.404962 48.063519 4.707077
161.087079 52.331503 5.389194
161.758617 56.533295 6.060732
162.387775 72.821635 6.689890
162.972458 92.058670 7.274573
163.432160 107.183632 7.734275
163.934203 123.701709 8.236318
164.364251 137.850988 8.666366
164.732843 149.978284 9.034958
165.050610 160.433340 9.352725
165.321755 169.354464 9.623869
165.756031 184.180380 10.058146
166.082269 196.603500 10.384384
166.681785 173.780579 9.784867
167.183841 154.667845 9.282811
167.817241 130.555012 8.649411
168.154058 117.732771 8.312594
168.959060 87.087225 7.507592
169.696257 59.022951 6.770395
170.437696 30.797196 6.028957
171.174905 2.732439 5.291747
171.952348 -4.272664 4.514304
172.702258 -8.813207 3.764394
173.443697 -13.302461 3.022956
174.199969 -17.881529 2.266683
174.960483 -22.486280 1.506169
175.687088 -26.885720 0.779564
176.400993 -31.208264 0.065659
177.136069 -35.658993 -0.669417
177.839383 -39.917405 -1.372730
178.402869 -43.329195 -1.936217
179.127366 -47.715870 -2.660713
179.847621 -52.076862 -3.380969
180.589047 -56.566038 -4.122395
181.328377 -61.493335 -4.861725
182.025328 -77.351400 -5.558676
182.690503 -92.486463 -6.223851
183.334495 -107.139525 -6.867843
183.868339 -119.286355 -7.401687
184.359804 -130.468894 -7.893152
184.700862 -138.229168 -8.234210
185.005904 -145.169925 -8.539251
185.277061 -151.339711 -8.810409
185.575753 -158.135983 -9.109100
185.957058 -166.812002 -9.490405
186.429472 -177.561087 -9.962820
186.918829 -165.229681 -9.473463
187.520440 -150.069529 -8.871852
188.172903 -133.627975 -8.219389
188.575404 -123.485257 -7.816888
189.316843 -104.801572 -7.075449
190.054039 -86.224776 -6.338253
190.795478 -67.541091 -5.596814
191.526325 -49.124311 -4.865967
192.288947 -29.906815 -4.103345
193.024036 -11.383145 -3.368256
193.776067 2.033174 -2.616225
194.502684 6.952646 -1.889608
195.231410 11.886391 -1.160882
195.985562 16.992276 -0.406730
196.678271 21.682172 0.285979
197.406997 26.615917 1.014705
198.190815 31.922660 1.798523
198.773364 35.866733 2.381072
199.408885 40.169444 3.016593
200.027464 44.357453 3.635172
200.669322 48.703070 4.277030
201.351451 53.321341 4.959160
202.027231 57.896620 5.634939
202.698756 62.443095 6.306464
203.323685 81.838071 6.931393
203.925297 101.830273 7.533005
204.410424 117.951573 8.018132
204.887055 133.790533 8.494763
205.293798 147.307035 8.901506
205.628507 158.429758 9.236215
205.963202 169.552058 9.570911
206.316986 181.308677 9.924694
206.893173 201.019252 10.500881
207.213060 213.196179 10.820768
207.575302 199.412147 10.458526
207.958741 184.821553 10.075088
208.507393 163.944227 9.526435
209.115381 140.809110 8.918448
209.481864 126.863669 8.551964
210.263549 97.119001 7.770279
210.998638 69.147414 7.035190
211.742185 40.853977 6.291644
212.483624 12.640760 5.550205
213.229304 -2.544276 4.804524
214.000410 -7.289101 4.033418
214.775745 -12.059948 3.258083
215.495988 -16.491796 2.537841
216.222605 -20.962873 1.811223
216.961923 -25.512097 1.071905
217.688528 -29.983096 0.345300
218.419388 -34.480274 -0.385559
219.145980 -38.951195 -1.112152
219.726434 -42.522884 -1.692605
220.414913 -46.759287 -2.381085
221.130927 -51.165112 -3.097098
221.863882 -55.675184 -3.830053
222.611683 -60.276610 -4.577855
223.346772 -71.966229 -5.312943
224.039481 -87.751717 -6.005652
224.681364 -102.378993 -6.647536
225.344418 -117.488712 -7.310590
225.861296 -129.267341 -7.827467
226.335819 -140.080794 -8.301990
226.681119 -147.949517 -8.647290
227.026419 -155.818240 -8.992591
227.331473 -162.769828 -9.297645
227.657711 -170.204149 -9.623882
228.068670 -179.569113 -10.034842
228.606744 -166.010626 -9.496768
229.235902 -150.156975 -8.867610
229.892606 -133.609208 -8.210906
230.220952 -125.335484 -7.882560
231.066200 -104.036741 -7.037311
231.818231 -85.086925 -6.285281
232.563899 -66.297437 -5.539613
233.305337 -47.614515 -4.798174
234.074322 -28.237476 -4.029189
234.830582 -9.181094 -3.272930
235.588975 2.854917 -2.514537
236.330401 8.226758 -1.773111
237.057019 13.491309 -1.046493
237.815412 18.986082 -0.288099
238.548367 24.296548 0.444856
239.277106 29.576466 1.173594
240.086337 35.439575 1.982826
240.681599 39.752414 2.578087
241.317120 44.356941 3.213608
241.956869 48.992109 3.853358
242.619924 53.796124 4.516412
243.316874 58.845728 5.213363
243.982049 63.665110 5.878538
244.659937 70.331730 6.556426
245.295458 91.619217 7.191947
245.920400 112.552344 7.816888
246.435169 129.795119 8.331657
246.894858 145.192930 8.791346
247.301588 158.816819 9.198077
247.659588 170.808445 9.556077
248.000660 182.233012 9.897148
248.333247 193.373411 10.229736
248.602284 202.385104 10.498772
248.943343 213.896096 10.839831
249.307706 227.760916 11.204194
249.708086 242.996270 11.604574
250.237688 255.877403 12.134177
250.695257 253.119823 12.591745
251.184600 250.170746 13.081089
251.743870 246.800252 13.640359
252.218393 228.758936 13.165836
252.652657 212.248263 12.731572
253.194972 191.629477 12.189257
253.743638 170.769264 11.640591
254.258407 151.197787 11.125822
254.925716 125.826762 10.458514
255.654429 98.121144 9.729800
256.397989 69.851071 8.986241
257.128835 42.064333 8.255394
257.891458 13.069498 7.492771
258.613834 -1.985286 6.770395
259.346802 -5.828566 6.037428
260.075540 -9.649672 5.308689
260.821208 -13.559544 4.563021
261.554163 -17.402758 3.830066
262.255356 -21.079425 3.128874
262.967140 -24.811631 2.417089
263.693758 -28.621615 1.690472
264.424592 -32.453708 0.959637
265.032579 -35.641658 0.351650
265.649037 -38.874025 -0.264808
266.386234 -42.739481 -1.002005
267.127672 -46.627178 -1.743443
267.828852 -50.303779 -2.444623
268.527924 -53.969326 -3.143695
269.258783 -57.801552 -3.874554
269.979038 -61.578174 -4.594809
270.684460 -73.862098 -5.300231
271.387760 -89.627080 -6.003531
272.035994 -104.157692 -6.651765
272.686348 -118.735845 -7.302119
273.150279 -129.135188 -7.766050
273.573951 -138.632097 -8.189722
274.046340 -149.221036 -8.662111
274.361986 -156.296461 -8.977757
274.639494 -162.516993 -9.255265
274.908543 -168.547928 -9.524314
275.323744 -177.854956 -9.939515
275.764371 -187.731912 -10.380142
276.257956 -199.130934 -10.873727
276.840518 -213.843092 -11.456289
277.450613 -229.250592 -12.066384
278.067059 -244.818456 -12.682830
278.694109 -244.659934 -13.309879
279.321158 -237.788488 -13.936929
279.918541 -231.242146 -14.534312
280.280783 -222.120068 -14.172070
280.768019 -209.850372 -13.684834
281.392947 -194.113245 -13.059905
282.019985 -178.323028 -12.432868
282.619488 -163.226169 -11.833365
283.356698 -144.661558 -11.096155
284.096015 -126.043859 -10.356837
284.856517 -106.892708 -9.596336
285.610668 -87.901464 -8.842185
286.349986 -69.283764 -8.102867
287.102017 -50.345930 -7.350836
287.851939 -31.461185 -6.600914
288.595486 -12.736986 -5.857367
289.311499 1.197718 -5.141354
290.088955 5.627204 -4.363898
290.838865 9.899747 -3.613988
291.597258 14.220625 -2.855595
291.927724 16.103430 -2.525128
292.425552 18.939757 -2.027301
293.154278 23.091608 -1.298575
293.813090 26.845134 -0.639763
294.550287 31.045248 0.097434
295.264192 35.112659 0.811339
295.961143 39.083473 1.508290
296.683519 43.199146 2.230666
297.395303 47.254473 2.942450
298.088025 51.201192 3.635172
298.797688 55.244436 4.344835
299.541235 59.480728 5.088382
300.255140 63.548139 5.802287
300.949970 67.506870 6.497117
301.617278 71.308802 7.164426
302.293033 75.158852 7.840180
302.945508 79.713643 8.492655
303.521707 98.368220 9.068854
303.994121 113.662753 9.541269
304.540653 131.356848 10.087801
304.945275 144.456580 10.492422
305.402844 159.270461 10.949991
305.796861 172.026870 11.344008
306.142174 183.206459 11.689321
306.451444 193.219160 11.998592
306.781924 203.918508 12.329071
307.093328 214.000285 12.640475
307.514879 227.648101 13.062026
307.813583 237.318713 13.360730
308.099562 246.333485 13.646709
308.523246 243.780109 14.070393
309.078262 222.722010 13.515378
309.501959 206.646309 13.091681
310.052720 185.749632 12.540920
310.684012 161.797502 11.909628
310.965761 151.107512 11.627879
311.855485 117.350082 10.738155
312.563027 90.504885 10.030612
313.298116 62.614540 9.295524
314.022600 35.126547 8.571039
314.787343 6.111067 7.806296
315.535145 -2.473935 7.058495
316.253279 -5.501903 6.340361
316.971413 -8.529871 5.622227
317.681077 -11.522122 4.912563
318.426757 -14.666237 4.166883
319.130058 -17.631660 3.463582
319.846084 -20.650739 2.747556
320.574810 -23.723366 2.018830
321.307777 -26.813879 1.285862
322.013212 -29.788299 0.580428
322.722862 -32.780496 -0.129223
323.078754 -34.281093 -0.485115
323.998145 -38.157648 -1.404506
324.718401 -41.194558 -2.124761
325.434401 -44.213530 -2.840761
326.150440 -47.232663 -3.556800
326.851620 -50.189143 -4.257980
327.603650 -53.360033 -5.010010
328.323905 -56.396943 -5.730265
329.010264 -59.290932 -6.416624
329.753811 -62.426051 -7.160171
330.474079 -65.463016 -7.880439
331.192213 -68.490984 -8.598573
331.855267 -77.887400 -9.261627
332.444192 -90.733588 -9.850552
332.992844 -102.701331 -10.399204
333.467367 -113.052081 -10.873727
333.882568 -122.108849 -11.288928
334.422763 -133.892094 -11.829123
334.732046 -140.638476 -12.138406
335.047692 -147.523647 -12.454052
335.462905 -156.580692 -12.869266
335.962841 -167.485768 -13.369201
336.431001 -177.697729 -13.837361
336.894932 -187.817440 -14.301292
337.339788 -197.521061 -14.746148
337.750760 -187.174073 -14.335176
338.242224 -174.800534 -13.843711
338.890458 -158.480047 -13.195478
339.602229 -140.559871 -12.483706
340.127590 -127.332929 -11.958345
340.862666 -108.826018 -11.223269
341.604117 -90.158594 -10.481818
342.356135 -71.225141 -9.729800
343.108166 -52.291369 -8.977770
343.847483 -33.677663 -8.238452
344.588922 -15.010559 -7.497013
345.349424 0.812856 -6.736512
346.095117 4.502158 -5.990819
346.813251 8.055112 -5.272684
347.575861 11.828108 -4.510075
348.334254 15.580242 -3.751682
349.096876 19.353301 -2.989059
349.855257 23.105372 -2.230679
350.134885 24.488829 -1.951050
350.649654 27.035639 -1.436281
351.397443 30.735308 -0.688492
352.073223 34.078714 -0.012713
352.810432 37.726044 0.724497
353.517962 41.226532 1.432027
354.261522 44.905278 2.175586
354.969064 48.405830 2.883129
355.646952 51.759666 3.561017
356.352373 55.249725 4.266438
357.070520 58.802742 4.984585
357.775954 62.292863 5.690019
358.483497 65.793414 6.397562
359.184689 69.262549 7.098754
359.875277 72.679219 7.789342
360.595532 76.242666 8.509597
361.214111 87.223906 9.128176
361.798781 105.732167 9.712846
362.351688 123.234951 10.265753
362.874928 139.798592 10.788993
363.360043 155.155339 11.274107
363.779486 168.433188 11.693550
364.207412 181.979594 12.121477
364.578113 193.714451 12.492177
364.927655 204.779526 12.841719
365.239059 214.637305 13.153123
365.577996 225.366685 13.492061
366.149979 243.473318 14.064044
366.444428 241.938074 14.358493
367.022761 220.007072 13.780160
367.469725 203.057718 13.333197
368.037466 181.528369 12.765456
368.662394 157.830384 12.140527
368.931431 147.628216 11.871490
369.812684 114.210142 10.990237
370.556244 86.013552 10.246678
371.299791 57.817444 9.503131
371.998862 31.307892 8.804059
372.748785 2.870021 8.054137
373.513528 -2.719299 7.289394
374.231662 -5.553340 6.571259
374.943433 -8.362271 5.859488
375.646747 -11.137823 5.156175
376.394535 -14.088892 4.408386
377.110549 -16.914563 3.692373
377.835058 -19.773764 2.967863
378.544722 -22.574376 2.258200
379.284027 -25.491965 1.518895
380.000053 -28.317686 0.802869
380.711824 -31.126618 0.091097
381.434200 -33.977398 -0.631279
381.970153 -36.092479 -1.167232
382.684058 -38.909830 -1.881137
383.389480 -41.693702 -2.586558
384.097022 -44.485943 -3.294101
384.840594 -47.420373 -4.037673
385.577791 -50.329643 -4.774870
386.298046 -53.172054 -5.495125
387.016180 -56.006095 -6.213259
387.732194 -58.831766 -6.929272
388.471524 -61.749455 -7.668603
389.191767 -64.591816 -8.388845
389.880259 -67.308879 -9.077338
390.545434 -77.064520 -9.742513
391.176700 -90.708761 -10.373779
391.738079 -102.842435 -10.935157
392.218951 -113.236061 -11.416030
392.612982 -121.752664 -11.810060
392.932856 -128.666467 -12.129935
393.312040 -136.862180 -12.509119
393.661582 -144.417213 -12.858661
393.960274 -150.873152 -13.157352
394.369138 -159.710370 -13.566216
394.822464 -169.508607 -14.019543
395.267332 -179.124029 -14.464411
395.686775 -188.189904 -14.883854
396.116810 -177.363711 -14.453819
396.629471 -164.457391 -13.941158
397.275571 -148.191725 -13.295058
397.981005 -130.432307 -12.589624
398.472469 -118.059607 -12.098160
399.180012 -100.247114 -11.390617
399.929921 -81.368020 -10.640708
400.684073 -62.382138 -9.886556
401.419162 -43.876163 -9.151468
402.150008 -25.476975 -8.420621
402.887205 -6.917925 -7.683424
403.649828 2.281795 -6.920801
404.387025 5.729983 -6.183605
405.117871 9.148470 -5.452758
405.867781 12.656122 -4.702848
406.632524 16.233157 -3.938105
407.378205 19.721027 -3.192424
408.123873 23.208838 -2.446757
408.839899 26.558001 -1.730731
409.657601 30.382748 -0.913028
410.392677 33.821016 -0.177952
411.038802 36.843223 0.468173
411.786591 40.340954 1.215961
412.519546 43.769302 1.948917
413.216509 47.029301 2.645880
413.900747 50.229778 3.330118
414.597698 53.489717 4.027068
415.322182 56.878443 4.751553
416.000082 60.049277 5.429453
416.709746 63.368680 6.139117
417.404575 66.618699 6.833946
418.107876 69.908340 7.537247
418.813310 73.207961 8.242681
419.457302 76.220188 8.886673
420.092822 90.255486 9.522193
420.709268 109.577783 10.138639
421.238883 126.178422 10.668254
421.808719 144.039774 11.238090
422.274771 158.648035 11.704142
422.698456 171.928307 12.127827
423.090353 184.212192 12.519723
423.482262 196.496474 12.911633
423.840262 207.717888 13.269633
424.162271 217.811150 13.591642
424.704573 234.809470 14.133944
425.015977 241.324441 14.445348
425.369749 239.192405 14.799119
425.878168 236.128368 15.307539
426.390829 233.038768 15.820199
426.969149 229.553468 16.398519
427.558048 226.004411 16.987418
428.119438 222.621135 17.548809
428.687166 219.199667 18.116537
429.187115 200.258126 17.616589
429.615028 184.045752 17.188675
430.155210 163.579880 16.648494
430.756847 140.785650 16.046856
431.159348 125.536087 15.644355
431.866891 98.729422 14.936813
432.606209 70.718882 14.197495
433.379423 41.424113 13.424281
434.125091 13.172991 12.678613
434.860179 -1.208950 11.943525
435.646106 -3.661590 11.157598
436.421441 -6.081176 10.382263
437.156530 -8.375166 9.647174
437.859843 -10.569995 8.943861
438.584327 -12.830891 8.219376
439.361783 -15.257096 7.441921
440.090509 -17.531230 6.713195
440.808643 -19.772310 5.995060
441.543719 -22.066260 5.259984
442.321175 -24.492465 4.482528
443.054143 -26.779836 3.749561
443.776506 -29.034114 3.027197
444.490411 -31.261996 2.313292
445.094169 -33.146143 1.709534
445.814412 -35.393802 0.989292
446.555851 -37.707608 0.247853
447.297302 -40.021454 -0.493598
448.042970 -42.348458 -1.239266
448.782288 -44.655645 -1.978584
449.511014 -46.929779 -2.707310
450.239740 -49.203913 -3.436036
450.983299 -51.524338 -4.179595
451.737451 -53.877817 -4.933747
452.466189 -56.151990 -5.662485
453.165248 -58.333542 -6.361544
453.929991 -60.720074 -7.126288
454.665067 -63.014024 -7.861364
455.359910 -65.182418 -8.556206
456.003901 -67.192121 -9.200197
456.575858 -76.483072 -9.772155
457.116053 -87.737350 -10.312349
457.550329 -96.784958 -10.746626
457.882917 -103.714005 -11.079213
458.249401 -111.349240 -11.445697
458.590459 -118.454768 -11.786756
458.940002 -125.737041 -12.136298
459.285289 -132.930677 -12.481585
459.704732 -141.669246 -12.901028
460.198318 -151.952483 -13.394614
460.666490 -161.706279 -13.862787
461.157955 -171.945330 -14.354251
461.621886 -181.610753 -14.818182
462.068862 -190.922950 -15.265159
462.712854 -204.339711 -15.909150
463.388621 -208.320026 -16.584917
464.053809 -210.008315 -17.250105
464.750747 -212.593886 -17.947043
465.449818 -215.187372 -18.646115
466.072626 -217.497928 -19.268923
466.396730 -209.341661 -18.944819
466.831007 -198.412839 -18.510542
467.396614 -184.179002 -17.944935
468.091456 -166.692886 -17.250093
468.587163 -154.218144 -16.754386
469.290476 -136.518853 -16.051073
470.044615 -117.540511 -15.296934
470.775462 -99.148320 -14.566087
471.519009 -80.436527 -13.822540
472.266810 -61.617667 -13.074739
472.980702 -43.652146 -12.360846
473.705199 -25.419757 -11.636350
474.431804 -7.134314 -10.909745
475.158422 1.316038 -10.183127
475.914682 3.562065 -9.426867
476.645529 5.732619 -8.696020
477.372147 7.890613 -7.969402
478.136877 10.161798 -7.204672
478.880437 12.370107 -6.461112
479.619754 14.565819 -5.721794
480.342130 16.711215 -4.999418
481.119586 19.020193 -4.221963
481.865254 21.234764 -3.476295
482.617285 23.468231 -2.724264
483.326948 25.575871 -2.014601
484.057795 27.746425 -1.283754
484.790763 29.923278 -0.550786
485.519501 32.087570 0.177952
486.227031 34.188874 0.885482
486.951528 36.340569 1.609979
487.650587 38.416715 2.309038
488.356034 40.511832 3.014485
489.063563 42.613136 3.722014
489.788060 44.764831 4.446511
490.518907 46.935385 5.177358
491.201024 48.961215 5.859475
491.912808 51.075154 6.571259
492.605530 53.132478 7.263981
493.336364 55.302994 7.994815
494.003673 57.284845 8.662124
494.637073 59.165989 9.295524
495.293777 61.116346 9.952228
495.920814 62.978593 10.579265
496.552106 64.853476 11.210557
497.107121 66.501825 11.765572
497.647316 68.106157 12.305767
498.145130 69.584625 12.803581
498.668383 82.393481 13.326834
499.125951 95.405427 13.784402
499.619549 109.441961 14.278000
500.121606 123.719022 14.780057
500.594008 137.152793 15.252459
501.000738 148.719047 15.659189
501.405347 160.224989 16.063798
501.746418 169.924088 16.404869
502.163740 181.791543 16.822191
502.538695 192.454195 17.197146
502.841641 201.069115 17.500092
503.212354 211.611142 17.870805
503.561883 217.973529 18.220334
504.032164 215.139335 18.690615
504.587180 194.172225 18.135600
505.019335 177.846455 17.703444
505.527755 158.639638 17.195025
506.150550 135.111971 16.572230
506.762766 111.983956 15.960014
507.254256 93.416678 15.468524
507.940615 67.487739 14.782165
508.684162 39.398375 14.038618
509.431963 11.148287 13.290817
510.181873 -1.238180 12.540907
510.912720 -3.227864 11.810060
511.664750 -5.275219 11.058030
512.437964 -7.380245 10.284816
513.147627 -9.312258 9.575152
513.853062 -11.232757 8.869718
514.579667 -13.210893 8.143113
515.335939 -15.269796 7.386841
516.051952 -17.219096 6.670827
516.778558 -19.197232 5.944222
517.496704 -21.152341 5.226075
518.246614 -23.193922 4.476166
518.966869 -25.154770 3.755911
519.704066 -27.161741 3.018714
520.424321 -29.122590 2.298459
521.142455 -31.077664 1.580324
521.881786 -33.090444 0.840994
522.390192 -34.474548 0.332588
523.123160 -36.470006 -0.400380
523.854007 -38.459690 -1.131227
524.531895 -40.305196 -1.809115
525.239437 -42.231435 -2.516657
525.985118 -44.261502 -3.262338
526.711723 -46.239638 -3.988943
527.465874 -48.292767 -4.743094
528.196721 -50.282451 -5.473941
528.916976 -52.243299 -6.194196
529.666886 -54.284880 -6.944106
530.421037 -56.338009 -7.698257
531.145534 -58.310405 -8.422754
531.857306 -60.248158 -9.134526
532.583923 -62.226328 -9.861144
533.314758 -64.215977 -10.591978
533.990525 -66.055710 -11.267745
534.679017 -67.930086 -11.956237
535.284870 -69.579483 -12.562091
535.806002 -71.980906 -13.083222
536.295346 -81.920786 -13.572566
536.659709 -89.321973 -13.936929
537.013480 -96.508013 -14.290700
537.399027 -104.339496 -14.676247
537.803649 -112.558452 -15.080869
538.197666 -120.562001 -15.474887
538.687010 -130.501881 -15.964230
539.212371 -141.173367 -16.489591
539.735624 -151.802029 -17.012844
540.273684 -162.731486 -17.550905
540.799045 -173.402972 -18.076266
541.313814 -183.859310 -18.591035
541.801050 -193.756366 -19.078270
542.269210 -203.265951 -19.546430
542.627210 -194.258215 -19.188430
543.125038 -181.732258 -18.690603
543.743617 -166.168039 -18.072024
544.461738 -148.099203 -17.353902
544.972278 -135.253378 -16.843362
545.675579 -117.557455 -16.140062
546.465747 -97.675825 -15.349893
547.183881 -79.606670 -14.631759
547.938033 -60.631278 -13.877607
548.683701 -41.869343 -13.131940
549.416668 -23.426956 -12.398972
550.160228 -4.718066 -11.655412
550.893196 1.503588 -10.922444
551.636743 3.553234 -10.178898
552.397244 5.649615 -9.418396
553.140804 7.699296 -8.674837
553.882242 9.743129 -7.933398
554.655457 11.874555 -7.160184
555.403245 13.935893 -6.412395
556.170109 16.049814 -5.645531
556.917898 18.111152 -4.897742
557.585207 19.950641 -4.230434
558.470689 22.391542 -3.344951
559.246024 24.528813 -2.569616
559.993813 26.590151 -1.821828
560.722551 28.598977 -1.093089
561.447036 30.596074 -0.368605
562.186366 32.634097 0.370726
562.944734 34.724597 1.129093
563.694656 36.791817 1.879016
564.402199 38.742213 2.586558
565.105512 40.680951 3.289871
565.851192 42.736477 4.035552
566.603210 44.809473 4.787570
567.289582 46.701510 5.473941
568.035249 48.757002 6.219609
568.742805 50.707433 6.927164
569.463047 52.692838 7.647407
570.215077 54.765869 8.399437
570.856961 56.535270 9.041320
571.560261 58.473974 9.744621
572.246620 60.365975 10.430980
572.983830 62.398151 11.168190
573.657476 64.255110 11.841836
574.271800 65.948543 12.456160
574.860737 67.571994 13.045097
575.405161 72.731473 13.589521
575.943222 87.736203 14.127582
576.470704 102.445918 14.655063
576.943118 115.619992 15.127478
577.407037 128.557132 15.591396
577.890030 142.026221 16.074390
578.387858 155.908970 16.572217
578.830605 168.255724 17.014965
579.112355 176.112782 17.296714
579.495780 186.805250 17.680140
579.834731 196.257448 18.019090
580.188489 206.122597 18.372849
580.506256 214.984055 18.690615
580.868511 212.800891 19.052870
581.152381 202.085269 18.769000
581.493439 189.210895 18.427941
581.940429 172.337817 17.980952
582.489081 151.627117 17.432299
583.101310 128.516524 16.820070
583.700814 105.886293 16.220567
584.196520 87.174225 15.724861
584.884987 61.185774 15.036394
585.641272 32.637309 14.280109
586.403894 3.849623 13.517486
587.143200 -1.695658 12.778181
587.880409 -3.657071 12.040972
588.615498 -5.612841 11.305883
589.361166 -7.596758 10.560215
590.098388 -9.558205 9.822993
590.814389 -11.463190 9.106992
591.511352 -13.317524 8.410029
592.267611 -15.329621 7.653769
593.011171 -17.307929 6.910210
593.725076 -19.207338 6.196305
594.449560 -21.134894 5.471820
595.184649 -23.090665 4.736732
595.919738 -25.046435 4.001643
596.665418 -27.030386 3.255962
597.385673 -28.946690 2.535707
598.108037 -30.868603 1.813344
598.845234 -32.829982 1.076147
599.567610 -34.751929 0.353771
600.076029 -36.104625 -0.154648
600.800513 -38.032181 -0.879132
601.522889 -39.954128 -1.601508
602.179606 -41.701383 -2.258225
602.899848 -43.617653 -2.978467
603.639179 -45.584709 -3.717798
604.403909 -47.619344 -4.482528
605.145348 -49.592009 -5.223967
605.852903 -51.474524 -5.931522
606.598571 -53.458441 -6.677190
607.344251 -55.442391 -7.422871
608.070857 -57.375590 -8.149476
608.812295 -59.348255 -8.890914
609.538900 -61.281454 -9.617520
610.267626 -63.220296 -10.346246
610.983652 -65.125348 -11.062271
611.710257 -67.058547 -11.788877
612.381795 -68.845235 -12.460415
613.038487 -70.592422 -13.117106
613.657066 -77.684366 -13.735685
614.173943 -88.136127 -14.252562
614.606099 -96.874733 -14.684718
614.919624 -103.214511 -14.998243
615.300941 -110.925121 -15.379560
615.754268 -120.091823 -15.832887
616.152527 -128.145013 -16.231146
616.631292 -137.826099 -16.709911
617.137577 -148.063683 -17.216196
617.665072 -158.730134 -17.743691
618.177720 -169.096379 -18.256339
618.684018 -179.334220 -18.762637
619.192424 -189.614692 -19.271044
619.624580 -198.353298 -19.703199
620.018610 -188.439690 -19.309169
620.516425 -175.914919 -18.811354
621.137125 -160.298415 -18.190655
621.827712 -142.923561 -17.500067
622.336131 -130.131985 -16.991647
623.024611 -112.810172 -16.303168
623.791463 -93.516566 -15.536316
624.530780 -74.915691 -14.796999
625.261627 -56.527941 -14.066152
625.996716 -38.033468 -13.331063
626.738142 -19.379553 -12.589637
627.471110 -0.938441 -11.856669
628.195607 1.821750 -11.132172
628.930695 3.770461 -10.397084
629.680605 5.758461 -9.647174
630.430515 7.746461 -8.897264
631.169832 9.706382 -8.157947
631.928213 11.716838 -7.399566
632.688727 13.732951 -6.639052
633.440758 15.726573 -5.887022
634.173725 17.669661 -5.154054
634.944806 19.713785 -4.382973
635.595160 21.437865 -3.732619
636.516672 23.880781 -2.811107
637.255990 25.840702 -2.071789
638.018612 27.862403 -1.309167
638.762159 29.833536 -0.565620
639.427347 31.596940 0.099568
640.181486 33.596151 0.853707
640.933516 35.589774 1.605737
641.679184 37.566529 2.351405
642.405815 39.492816 3.078035
643.121815 41.390924 3.794036
643.854796 43.334045 4.527017
644.579280 45.254643 5.251501
645.280472 47.113494 5.952693
645.983786 48.977968 6.656007
646.704028 50.887321 7.376249
647.428525 52.807952 8.100746
648.121234 54.644314 8.793455
648.773709 56.374017 9.445930
649.487614 58.266569 10.159835
650.212098 60.187167 10.884319
650.909049 62.034773 11.581270
651.597528 63.859924 12.269749
652.245762 65.578382 12.917983
652.870691 67.235059 13.542912
653.442661 76.450853 14.114882
654.006160 91.995704 14.678381
654.520916 106.195928 15.193137
654.978497 118.818894 15.650718
655.450899 131.850714 16.123120
655.897875 144.181141 16.570096
656.385111 157.622164 17.057332
656.806675 169.251549 17.478896
657.147733 178.660091 17.819954
657.482442 187.893459 18.154663
657.804438 196.776131 18.476658
658.164571 206.710892 18.836792
658.503522 211.931176 19.175743
658.942015 212.061132 19.614236
659.501285 214.097283 20.173506
660.060529 216.133341 20.732750
660.604965 218.115487 21.277186
661.210832 220.321282 21.883053
661.753134 222.295659 22.425355
662.244612 224.084996 22.916833
662.761514 204.592124 22.399930
663.138577 190.372734 22.022867
663.627934 171.918659 21.533510
664.163886 151.707394 20.997558
664.805770 127.501386 20.355674
665.079036 117.196280 20.082408
665.917921 85.561132 19.243523
666.653010 57.840267 18.508434
667.392328 29.959920 17.769116
668.169771 0.641828 16.991673
668.923935 -1.736273 16.237509
669.648419 -3.442727 15.513025
670.353854 -5.104310 14.807590
671.110126 -6.885638 14.051318
671.843081 -8.612044 13.318363
672.582399 -10.353436 12.579045
673.306896 -12.059920 11.854548
674.035634 -13.776394 11.125810
674.813078 -15.607588 10.348366
675.541816 -17.324062 9.619628
676.257830 -19.010564 8.903614
676.986556 -20.727008 8.174888
677.759757 -22.548211 7.401687
678.496967 -24.284638 6.664477
679.227814 -26.006078 5.933630
679.954431 -27.717557 5.207013
680.683157 -29.434002 4.478287
681.426717 -31.185386 3.734727
682.157564 -32.906826 3.003880
682.649028 -34.064424 2.512416
683.343871 -35.701059 1.817573
684.085297 -37.447417 1.076147
684.828856 -39.198801 0.332588
685.568187 -40.940224 -0.406743
686.328688 -42.731513 -1.167244
687.061643 -44.457919 -1.900199
687.796732 -46.189350 -2.635288
688.540292 -47.940734 -3.378848
689.190633 -49.472552 -4.029189
689.949027 -51.258875 -4.787583
690.686223 -52.995272 -5.524779
691.406479 -54.691764 -6.245035
692.156388 -56.458105 -6.994944
692.891477 -58.189536 -7.730033
693.632916 -59.935924 -8.471471
694.355279 -61.637382 -9.193835
695.081897 -63.348862 -9.920453
695.810623 -65.065306 -10.649179
696.480040 -66.642054 -11.318596
697.111319 -68.128972 -11.949874
697.732006 -69.590941 -12.570562
698.240425 -70.788474 -13.078981
698.623850 -71.691597 -13.462406
698.935254 -77.457177 -13.773810
699.337756 -85.394030 -14.176312
699.780490 -94.124243 -14.619046
700.202054 -102.436991 -15.040610
700.629968 -110.874953 -15.468524
701.138387 -120.900386 -15.976943
701.695523 -131.886465 -16.534079
702.250539 -142.830723 -17.089095
702.822509 -154.109303 -17.661064
703.358461 -164.677667 -18.197017
703.896535 -175.287852 -18.735091
704.390120 -185.020783 -19.228676
704.837110 -193.834890 -19.675666
705.377291 -204.486647 -20.215847
706.027633 -217.310626 -20.866189
706.699171 -225.718580 -21.537727
707.383409 -228.257035 -22.221965
708.048584 -230.724770 -22.887140
708.720109 -233.216062 -23.558665
709.319625 -235.440208 -24.158181
709.641621 -227.341410 -23.836185
710.092852 -215.992105 -23.384954
710.666930 -201.552965 -22.810876
711.353276 -184.290075 -22.124530
712.007872 -167.825756 -21.469934
712.571371 -153.652701 -20.906435
713.308556 -135.111137 -20.169251
714.045765 -116.568934 -19.432041
714.816858 -97.174495 -18.660948
715.575239 -78.099805 -17.902568
716.318799 -59.397887 -17.159008
717.062358 -40.695970 -16.415449
717.841922 -21.088472 -15.635884
718.583361 -2.439900 -14.894446
719.316329 1.424016 -14.161478
720.053526 3.074716 -13.424281
720.841573 4.839278 -12.636233
721.589375 6.513722 -11.888432
722.351997 8.221352 -11.125810
723.104028 9.905266 -10.373779
723.875121 11.631865 -9.602686
724.637743 13.339495 -8.840064
725.389774 15.023409 -8.088033
726.154517 16.735789 -7.323290
726.927718 18.467107 -6.550089
727.683990 20.160519 -5.793816
728.433900 21.839684 -5.043907
729.211356 23.580530 -4.266451
729.990920 25.326096 -3.486887
730.764134 27.057443 -2.713672
731.439901 28.570591 -2.037905
732.204644 30.282970 -1.273162
732.952433 31.957386 -0.525374
733.715068 33.665045 0.237261
734.469207 35.353680 0.991400
735.212779 37.018654 1.734972
735.935142 38.636139 2.457336
736.657506 40.253623 3.179699
737.384136 41.880663 3.906330
738.138275 43.569297 4.660468
738.850059 45.163093 5.372252
739.578785 46.794825 6.100978
740.301161 48.412337 6.823354
741.025658 50.034599 7.547851
741.752250 51.661553 8.274444
742.428030 53.174730 8.950223
743.124981 54.735311 9.647174
743.813473 56.276953 10.335666
744.584566 58.003551 11.106760
745.289988 59.583101 11.812181
745.953055 61.067811 12.475248
746.622459 62.566712 13.144652
747.266451 64.008710 13.788644
747.880788 65.384307 14.402981
748.476049 66.717191 14.998243
749.016244 67.926771 15.538437
749.564922 69.155347 16.087115
750.111467 70.379146 16.633660
750.611402 72.018715 17.133595
751.160080 86.407678 17.682274
751.691791 100.351681 18.213984
752.206560 113.851388 18.728753
752.712858 127.128948 19.235052
753.191623 139.684445 19.713816
753.674604 152.350517 20.196797
754.134306 164.406099 20.656499
754.574920 175.961099 21.097113
755.002846 187.183379 21.525039
755.394755 197.461114 21.916949
755.737922 206.460586 22.260116
756.136181 216.904850 22.658375
756.511149 224.107027 23.033342
756.970838 225.449504 23.493032
757.549158 203.707344 22.914712
757.983435 187.380551 22.480435
758.491854 168.266339 21.972016
759.070174 146.524180 21.393696
759.699344 122.870265 20.764525
760.053103 109.570577 20.410767
760.832680 80.262087 19.631190
761.569889 52.546408 18.893981
762.311315 24.672211 18.152555
763.069708 5.600375 17.394161
763.815389 -1.880405 16.648481
764.525052 -3.454394 15.938818
765.253778 -5.070662 15.210092
765.993109 -6.710450 14.470761
766.738776 -8.364294 13.725093
767.465382 -9.975859 12.998488
768.204699 -11.615619 12.259170
768.920725 -13.203719 11.543144
769.662164 -14.848184 10.801706
770.437499 -16.567828 10.026371
771.151391 -18.151196 9.312478
771.867417 -19.739296 8.596452
772.610964 -21.388437 7.852905
773.384191 -23.103405 7.079678
774.119267 -24.733757 6.344602
774.848006 -26.350053 5.615864
775.564032 -27.938154 4.899838
776.303337 -29.577886 4.160533
777.046897 -31.227054 3.416973
777.779864 -32.852730 2.684005
778.517061 -34.487787 1.946808
779.256392 -36.127575 1.207478
779.974526 -37.720351 0.489344
780.432094 -38.735209 0.031775
781.171412 -40.374969 -0.707542
781.931926 -42.061741 -1.468057
782.652169 -43.659194 -2.188299
783.387257 -45.289574 -2.923388
784.126588 -46.929362 -3.662718
784.791763 -48.404679 -4.327893
785.548023 -50.082015 -5.084153
786.249202 -51.637187 -5.785333
787.009716 -53.323960 -6.545847
787.749034 -54.963720 -7.285164
788.496823 -56.622268 -8.032953
789.234032 -58.257352 -8.770163
789.973350 -59.897113 -9.509481
790.714789 -61.541577 -10.250919
791.477411 -63.233025 -11.013542
792.197666 -64.830505 -11.733797
792.930634 -66.456182 -12.466765
793.650889 -68.053662 -13.187020
794.330898 -69.561878 -13.867028
795.017257 -71.084179 -14.553387
795.680311 -72.554792 -15.216442
796.347607 -74.034812 -15.883738
796.908973 -75.279885 -16.445103
797.375025 -76.313559 -16.911155
797.737267 -79.413485 -17.273397
798.093159 -86.336156 -17.629289
798.559211 -95.401611 -18.095341
799.071859 -105.373440 -18.607989
799.520956 -114.109103 -19.057087
800.037846 -124.163441 -19.573977
800.586499 -134.835614 -20.122629
801.156348 -145.920090 -20.692478
801.738910 -157.251847 -21.275040
802.334184 -168.830887 -21.870314
802.893441 -179.709335 -22.429572
803.439986 -190.340501 -22.976116
803.933571 -199.941529 -23.469702
804.433507 -209.666075 -23.969637
804.916513 -219.061322 -24.452644
805.276647 -210.004787 -24.092510
805.759641 -197.858612 -23.609516
806.350673 -182.995508 -23.018483
807.022199 -166.108201 -22.346958
807.702207 -149.007552 -21.666949
808.227568 -135.795939 -21.141588
808.958415 -117.416829 -20.410742
809.685033 -99.144071 -19.684124
810.426459 -80.498921 -18.942698
811.184852 -61.427084 -18.184304
811.905095 -43.314653 -17.464062
812.625350 -25.201902 -16.743807
813.385864 -6.076730 -15.983293
814.148486 1.125161 -15.220671
814.851787 2.644079 -14.517370
815.595346 4.249944 -13.773810
816.362210 5.906140 -13.006946
817.112120 7.525719 -12.257037
817.868380 9.159012 -11.500777
818.620410 10.783172 -10.748747
819.363982 12.389064 -10.005174
820.118108 14.017750 -9.251048
820.863789 15.628195 -8.505368
821.611590 17.243221 -7.757566
822.357271 18.853667 -7.011886
823.164368 20.596755 -6.204788
823.922762 22.234656 -5.446395
824.659959 23.826780 -4.709198
825.414110 25.455520 -3.955047
826.176732 27.102555 -3.192424
826.933005 28.735875 -2.436152
827.668081 30.323418 -1.701076
828.309951 31.709666 -1.059205
829.081044 33.374995 -0.288112
829.816133 34.962566 0.446976
830.566043 36.582145 1.196886
831.337136 38.247474 1.967979
832.074346 39.839625 2.705189
832.805192 41.418034 3.436036
833.519098 42.959855 4.149941
834.296541 44.638898 4.927384
834.989262 46.134968 5.620106
835.692576 47.653913 6.323419
836.404360 49.191153 7.035203
837.137315 50.774116 7.768158
837.874512 52.366239 8.505355
838.507912 53.734192 9.138755
839.187920 55.202807 9.818764
839.891234 56.721752 10.522077
840.613610 58.281866 11.244453
841.312681 59.791651 11.943525
842.007511 61.292274 12.638354
842.704461 62.797477 13.335305
843.426837 64.357592 14.057681
844.140743 65.899412 14.771586
844.780492 67.281080 15.411336
845.418134 68.658194 16.048977
846.047305 70.017013 16.678148
846.623504 71.261429 17.254347
847.161577 77.524130 17.792421
847.689059 91.195996 18.319902
848.184765 104.044273 18.815609
848.684701 117.002163 19.315544
849.186757 130.015026 19.817601
849.741785 144.400868 20.372629
850.216308 156.700084 20.847152
850.631509 167.461733 21.262353
851.063665 178.662828 21.694508
851.449212 188.655859 22.080055
851.828408 198.484303 22.459252
852.184300 207.708714 22.815144
852.548663 217.152684 23.179507
852.929981 225.178108 23.560824
853.307044 224.617084 23.937887
853.934081 201.065514 23.310850
854.385312 184.117237 22.859619
854.914902 164.225788 22.330029
855.488993 142.662886 21.755938
856.152047 117.758506 21.092884
856.440146 106.937463 20.804784
857.306579 74.394195 19.938352
858.041655 46.784674 19.203276
858.795806 18.458679 18.449125
859.535124 -0.131985 17.709807
860.276575 -2.153390 16.968356
861.005301 -3.739553 16.239630
861.729798 -5.316511 15.515133
862.458524 -6.902674 14.786407
863.193613 -8.502686 14.051318
863.937160 -10.121109 13.307771
864.674357 -11.725710 12.570574
865.390383 -13.284230 11.854548
866.129700 -14.893448 11.115230
866.898673 -16.567212 10.346258
867.631640 -18.162608 9.613290
868.356137 -19.739566 8.888794
869.082755 -21.321140 8.162176
869.839015 -22.967233 7.405916
870.591058 -24.604149 6.653873
871.302829 -26.153409 5.942101
872.031555 -27.739572 5.213375
872.762402 -29.330351 4.482528
873.508083 -30.953418 3.736848
874.251642 -32.571868 2.993288
874.988839 -34.176469 2.256092
875.711215 -35.748811 1.533716
876.442062 -37.339590 0.802869
877.187730 -38.962630 0.057201
877.944002 -40.608751 -0.699071
878.354974 -41.503282 -1.110043
879.079459 -43.080213 -1.834528
879.816668 -44.684841 -2.571737
880.553865 -46.289443 -3.308934
881.293183 -47.898660 -4.048252
881.973192 -49.378784 -4.728261
882.695555 -50.951098 -5.450624
883.422173 -52.532672 -6.177242
884.174203 -54.169561 -6.929272
884.924113 -55.801832 -7.679182
885.665552 -57.415666 -8.420621
886.400640 -59.015679 -9.155709
887.142079 -60.629512 -9.897148
887.881397 -62.238730 -10.636466
888.637669 -63.884851 -11.392738
889.381229 -65.503301 -12.136298
890.120546 -67.112519 -12.875616
890.845031 -68.689449 -13.600100
891.533510 -70.188011 -14.288580
892.249524 -71.746503 -15.004593
892.925303 -73.217422 -15.680373
893.654029 -74.803585 -16.409098
894.321313 -76.256011 -17.076382
894.876341 -77.464099 -17.631410
895.333909 -85.168739 -18.088978
895.776657 -93.743497 -18.531726
896.136778 -100.718021 -18.891847
896.630363 -110.277369 -19.385432
897.134541 -120.041849 -19.889610
897.573059 -128.534702 -20.328128
898.109012 -138.914582 -20.864081
898.676740 -149.909861 -21.431809
899.255047 -161.110027 -22.010116
899.807954 -171.818267 -22.563023
900.346040 -182.239469 -23.101109
900.862918 -192.249912 -23.617987
901.358611 -201.850090 -24.113681
901.837376 -211.122399 -24.592445
902.258940 -200.521882 -24.170881
902.754646 -188.056997 -23.675175
903.360500 -172.822386 -23.069321
904.048967 -155.510400 -22.380854
904.680246 -139.636450 -21.749575
905.237382 -125.626867 -21.192439
905.983075 -106.875888 -20.446746
906.737226 -87.912223 -19.692595
907.480773 -69.215214 -18.949048
908.237046 -50.198217 -18.192775
908.970001 -31.767547 -17.459820
909.690256 -13.656228 -16.739565
910.457120 0.469373 -15.972701
911.221863 2.073404 -15.207958
911.942106 3.584095 -14.487716
912.694136 5.161461 -13.735685
913.469471 6.787708 -12.960350
914.208802 8.338436 -12.221020
914.971411 9.937991 -11.458410
915.723442 11.515357 -10.706379
916.488185 13.119388 -9.941636
917.244457 14.705651 -9.185364
917.992246 16.274120 -8.437575
918.742155 17.847037 -7.687666
919.106518 18.611280 -7.323303
919.578933 19.602158 -6.850888
920.343664 21.206162 -6.086157
921.085102 22.761312 -5.344719
921.841375 24.347575 -4.588446
922.612468 25.964924 -3.817353
923.379319 27.573377 -3.050502
924.125012 29.137450 -2.304809
924.885514 30.732584 -1.544307
925.635411 32.305475 -0.794410
926.262460 33.620697 -0.167361
927.016612 35.202511 0.586791
927.777126 36.797671 1.347305
928.531265 38.379459 2.101444
929.296008 39.983490 2.866187
930.026855 41.516423 3.597034
930.787356 43.111557 4.357535
931.541508 44.693371 5.111687
932.246929 46.172976 5.817108
932.954484 47.657056 6.524663
933.681089 49.181093 7.251268
934.435241 50.762907 8.005420
935.149146 52.260306 8.719325
935.788896 53.602166 9.359075
936.483725 55.059555 10.053904
937.220922 56.605808 10.791101
937.951769 58.138741 11.521948
938.663566 59.631718 12.233745
939.375350 61.124669 12.945529
940.095593 62.635360 13.665771
940.817981 64.150553 14.388160
941.544586 65.674590 15.114765
942.205532 67.060908 15.775711
942.893999 68.504951 16.464178
943.535883 69.851286 17.106062
944.194695 71.233130 17.764874
944.783620 81.128529 18.353799
945.279313 93.851765 18.849492
945.794095 107.064945 19.364274
946.279197 119.516315 19.849376
946.804558 133.001034 20.374737
947.296035 145.616045 20.866214
947.798092 158.502595 21.368271
948.251431 170.138695 21.821610
948.675116 181.013637 22.245295
949.052191 190.692241 22.622370
949.422917 200.207856 22.993096
949.819043 210.375427 23.389222
950.138930 218.586153 23.709109
950.505414 224.253425 24.075593
950.962983 223.572619 24.533161
951.505298 222.765719 25.075477
952.125985 221.842211 25.696164
952.649225 221.063693 26.219404
953.252970 220.165393 26.823149
953.812240 219.333267 27.382419
954.384210 218.482245 27.954389
954.888387 199.567218 27.450212
955.278176 184.943676 27.060423
955.769640 166.505587 26.568959
956.314077 146.080179 26.024522
956.941127 122.555392 25.397473
957.392345 105.627208 24.946254
958.078704 79.877348 24.259896
958.807442 52.537537 23.531157
959.540397 25.039541 22.798202
960.264894 6.822493 22.073705
960.972449 -1.493682 21.366150
961.705405 -2.925494 20.633195
962.457435 -4.394570 19.881164
963.181932 -5.809859 19.156667
963.919129 -7.249958 18.419470
964.645747 -8.669390 17.692853
965.410490 -10.163300 16.928109
966.130745 -11.570303 16.207854
966.874292 -13.022806 15.464307
967.592439 -14.425691 14.746161
968.346577 -15.898885 13.992022
969.104971 -17.380390 13.233629
969.840059 -18.816370 12.498540
970.570906 -20.244064 11.767693
971.318695 -21.704854 11.019904
972.089801 -23.211193 10.248798
972.818527 -24.634744 9.520072
973.538782 -26.041747 8.799817
974.282342 -27.494275 8.056258
975.047085 -28.988184 7.291514
975.799103 -30.457235 6.539497
976.527841 -31.880811 5.810758
977.271401 -33.333339 5.067198
978.004369 -34.765176 4.334231
978.750036 -36.221822 3.588563
979.485125 -37.657802 2.853474
980.228685 -39.110330 2.109914
980.794292 -40.215232 1.544307
981.336595 -41.274609 1.002005
982.080154 -42.727137 0.258445
982.836427 -44.204499 -0.497827
983.579986 -45.657027 -1.241387
984.323533 -47.109530 -1.984934
985.062864 -48.553796 -2.724264
985.808544 -50.010468 -3.469945
986.564804 -51.487805 -4.226204
987.318955 -52.961024 -4.980356
988.037089 -54.363884 -5.698490
988.793362 -55.841245 -6.454762
989.539029 -57.297892 -7.200430
990.185142 -58.560059 -7.846543
990.935051 -60.024991 -8.596452
991.663777 -61.448542 -9.325178
992.409458 -62.905213 -10.070859
993.148776 -64.349455 -10.810177
993.919869 -65.855769 -11.581270
994.650716 -67.283463 -12.312117
995.381563 -68.711157 -13.042964
996.095455 -70.105731 -13.756856
996.743689 -71.372041 -14.405089
997.408864 -72.671447 -15.070265
998.071931 -73.966734 -15.733332
998.679905 -75.154399 -16.341306
999.145957 -76.064822 -16.807358
999.508186 -76.772429 -17.169587
999.861970 -77.463539 -17.523371
1000.353448 -80.966015 -18.014848
1000.899979 -91.279639 -18.561380
1001.444403 -101.553478 -19.105804
1001.914697 -110.428409 -19.576097
1002.410390 -119.782665 -20.071791
1002.980239 -130.536308 -20.641640
1003.567043 -141.609900 -21.228444
1004.177138 -153.123033 -21.838539
1004.761821 -164.156602 -22.423222
1005.331657 -174.910005 -22.993058
1005.865489 -184.983967 -23.526890
1006.361195 -194.338462 -24.022596
1006.835718 -203.293201 -24.497119
1007.397084 -213.886750 -25.058484
1008.043209 -226.079804 -25.704610
1008.706263 -238.592328 -26.367664
1009.371438 -245.883056 -27.032839
1010.057797 -248.429380 -27.719198
1010.735672 -248.601544 -28.397073
1011.343659 -245.771359 -29.005060
1011.705901 -236.664549 -28.642818
1012.157120 -225.320865 -28.191600
1012.733319 -210.835152 -27.615401
1013.402736 -194.005926 -26.945984
1014.072153 -177.176701 -26.276567
1014.550905 -165.140820 -25.797815
1015.269039 -147.086838 -25.079681
1016.008369 -128.499978 -24.340350
1016.732854 -110.286357 -23.615866
1017.461567 -91.966415 -22.887153
1018.200897 -73.379556 -22.147822
1018.969882 -54.047179 -21.378837
1019.707067 -35.514278 -20.641653
1020.450626 -16.821098 -19.898093
1021.200548 0.137306 -19.148171
1021.963158 1.432779 -18.385561
1022.717309 2.713882 -17.631410
1023.469340 3.991384 -16.879379
1024.225612 5.276090 -16.123107
1024.509470 5.758290 -15.839249
1025.111107 6.780312 -15.237612
1025.839833 8.018225 -14.508886
1026.585501 9.284917 -13.763219
1027.360836 10.602007 -12.987884
1028.108625 11.872302 -12.240095
1028.858534 13.146200 -11.490185
1029.599973 14.405709 -10.748747
1030.358366 15.694018 -9.990353
1031.108276 16.967916 -9.240444
1031.860306 18.245417 -8.488413
1032.608108 19.515734 -7.740612
1033.381309 20.829199 -6.967410
1034.133352 22.106722 -6.215367
1034.876899 23.369812 -5.471820
1035.637400 24.661702 -4.711319
1036.391565 25.942828 -3.957155
1037.113928 27.169932 -3.234792
1037.740965 28.235103 -2.607754
1038.495116 29.516207 -1.853603
1039.228084 30.761325 -1.120635
1040.009769 32.089201 -0.338950
1040.755450 33.355915 0.406730
1041.515951 34.647806 1.167232
1042.272211 35.932491 1.923491
1043.009420 37.184816 2.660701
1043.746630 38.437140 3.397910
1044.479585 39.682237 4.130865
1045.240099 40.974150 4.891380
1045.962475 42.201275 5.613756
1046.672138 43.406806 6.323419
1047.369076 44.590719 7.020357
1048.108407 45.846646 7.759687
1048.860437 47.124147 8.511718
1049.498079 48.207332 9.149359
1050.184425 49.373252 9.835705
1050.883509 50.560812 10.534790
1051.618585 51.809512 11.269866
1052.328261 53.015064 11.979542
1053.054866 54.249374 12.706147
1053.758167 55.444095 13.409447
1054.499606 56.703604 14.150886
1055.234694 57.952325 14.885975
1055.912582 59.103878 15.563863
1056.613762 60.294997 16.265042
1057.281058 61.428556 16.932339
1057.965309 62.590917 17.616589
1058.556341 63.594926 18.207622
1059.153724 64.609721 18.805004
1059.693931 65.527390 19.345212
1060.261659 66.491810 19.912940
1060.827266 67.452627 20.478547
1061.346277 68.334289 20.997558
1061.916126 69.302312 21.567407
1062.477504 78.974460 22.128785
1063.057945 92.811529 22.709226
1063.579077 105.234737 23.230357
1064.064179 116.799031 23.715459
1064.585311 129.222239 24.236591
1065.106442 141.645447 24.757723
1065.595786 153.310862 25.247067
1066.089372 165.077396 25.740652
1066.542711 175.884503 26.193991
1066.987566 186.489370 26.638847
1067.379488 195.832359 27.030769
1067.765035 205.023365 27.416315
1068.165402 214.567685 27.816683
1068.597558 217.412341 28.248839
1069.061489 216.722068 28.712770
1069.332647 206.583856 28.441612
1069.703360 192.723409 28.070899
1070.129165 176.803125 27.645093
1070.646055 157.477322 27.128203
1071.203192 136.646765 26.571067
1071.878959 111.380770 25.895300
1072.287810 96.094392 25.486449
1073.020778 68.689739 24.753481
1073.736791 41.918990 24.037468
1074.488834 13.801134 23.285425
1075.204847 -0.596798 22.569411
1075.933573 -1.850527 21.840685
1076.647478 -3.078759 21.126780
1077.369854 -4.321563 20.404404
1078.134598 -5.637258 19.639661
1078.842140 -6.854543 18.932119
1079.570879 -8.108294 18.203380
1080.316559 -9.391193 17.457699
1081.057985 -10.666772 16.716273
1081.786724 -11.920524 15.987535
1082.528150 -13.196103 15.246109
1083.271722 -14.475375 14.502536
1084.038574 -15.794697 13.735685
1084.775771 -17.063000 12.998488
1085.525693 -18.353197 12.248566
1086.252311 -19.603299 11.521948
1086.993737 -20.878879 10.780522
1087.783905 -22.238317 9.990353
1088.493569 -23.459250 9.280690
1089.239236 -24.742127 8.535022
1089.987038 -26.028675 7.787221
1090.734826 -27.315200 7.039432
1091.474157 -28.587174 6.300102
1092.217704 -29.866402 5.556555
1092.946430 -31.120132 4.827829
1093.687881 -32.395755 4.086377
1094.429320 -33.671356 3.344939
1095.177109 -34.957882 2.597150
1095.905835 -36.211611 1.868424
1096.645165 -37.483585 1.129093
1097.399304 -38.781036 0.374955
1098.149213 -40.071211 -0.374955
1098.462738 -40.610612 -0.688480
1099.191477 -41.864363 -1.417218
1099.922311 -43.121720 -2.148053
1100.674342 -44.415543 -2.900083
1101.409430 -45.680220 -3.635172
1102.142398 -46.941247 -4.368140
1102.871124 -48.194977 -5.096866
1103.637976 -49.514299 -5.863717
1104.379414 -50.789900 -6.605156
1105.118745 -52.061874 -7.344486
1105.860171 -53.337453 -8.085912
1106.614322 -54.634925 -8.840064
1107.290089 -55.797542 -9.515831
1108.027299 -57.065867 -10.253040
1108.781438 -58.363318 -11.007179
1109.527118 -59.646217 -11.752859
1110.274919 -60.932765 -12.500661
1111.031179 -62.233864 -13.256920
1111.747192 -63.465722 -13.972934
1112.478052 -64.723123 -14.703793
1113.211007 -65.984128 -15.436748
1113.963038 -67.277952 -16.188779
1114.681172 -68.513459 -16.906913
1115.356939 -69.676076 -17.582680
1116.087786 -70.933454 -18.313527
1116.769915 -72.107018 -18.995657
1117.394832 -73.182149 -19.620573
1117.884188 -74.024057 -20.109929
1118.341756 -74.811276 -20.567498
1118.723074 -75.467310 -20.948815
1119.229372 -76.338366 -21.455113
1119.778037 -86.068574 -22.003779
1120.352115 -96.545501 -22.577857
1120.930435 -107.099840 -23.156177
1121.409187 -115.837063 -23.634929
1121.957853 -125.850208 -24.183594
1122.565840 -136.945974 -24.791581
1123.171693 -148.002802 -25.397435
1123.747892 -158.518435 -25.973634
1124.334696 -169.227600 -26.560437
1124.908774 -179.704526 -27.134515
1125.453210 -189.640490 -27.678952
1125.978571 -199.228327 -28.204312
1126.497569 -208.700045 -28.723311
1126.997517 -217.824101 -29.223259
1127.450857 -206.428719 -28.769920
1127.955034 -193.755443 -28.265742
1128.554537 -178.685996 -27.666239
1129.247259 -161.273370 -26.973517
1129.880646 -145.352206 -26.340130
1130.401778 -132.252752 -25.818998
1131.134733 -113.828792 -25.086043
1131.874063 -95.244577 -24.346713
1132.609152 -76.766986 -23.611624
1133.346336 -58.236721 -22.874440
1134.104730 -39.173335 -22.116047
1134.871581 -19.897340 -21.349195
1135.634216 -0.727330 -20.586560
1136.377763 1.150339 -19.843013
1137.144614 2.384771 -19.076162
1137.928433 3.646515 -18.292343
1138.691055 4.874139 -17.529721
1139.436736 6.074491 -16.784041
1140.377285 7.588532 -15.843491
1141.148391 8.829812 -15.072385
1141.889830 10.023336 -14.330947
1142.650331 11.247545 -13.570445
1143.404482 12.461533 -12.816294
1144.175576 13.702793 -12.045201
1144.919135 14.899731 -11.301641
1145.677516 16.120527 -10.543261
1146.450730 17.365201 -9.770046
1147.213352 18.592825 -9.007424
1147.965383 19.803399 -8.255394
1148.721642 21.020780 -7.499134
1149.488506 22.255232 -6.732270
1150.265962 23.506734 -5.954814
1150.990446 24.672966 -5.230330
1151.753081 25.900610 -4.467695
1152.341993 26.848605 -3.878783
1153.113086 28.089865 -3.107690
1153.879950 29.324317 -2.340826
1154.631968 30.534871 -1.588808
1155.398832 31.769323 -0.821944
1156.176288 33.020825 -0.044488
1156.943140 34.255256 0.722363
1157.707883 35.486294 1.487107
1158.464155 36.703697 2.243379
1159.216186 37.914270 2.995409
1159.957624 39.107794 3.736848
1160.739309 40.366104 4.518533
1161.484990 41.566456 5.264214
1162.209487 42.732708 5.988710
1162.921258 43.878475 6.700482
1163.654226 45.058363 7.433450
1164.433790 46.313259 8.213014
1165.130753 47.435189 8.909977
1165.800170 48.512776 9.579394
1166.482287 49.610808 10.261511
1167.249151 50.845260 11.028375
1167.956694 51.984219 11.735918
1168.666344 53.126573 12.445568
1169.395083 54.299653 13.174307
1170.125930 55.476126 13.905154
1170.886431 56.700336 14.665655
1171.604578 57.856366 15.383802
1172.320592 59.008962 16.099815
1173.040847 60.168386 16.820070
1173.788635 61.372131 17.567859
1174.485599 62.494061 18.264823
1175.184670 63.619385 18.963894
1175.847725 64.686730 19.626948
1176.508671 65.750682 20.287894
1177.110295 66.719141 20.889519
1177.690736 67.653500 21.469960
1178.256343 68.563981 22.035567
1178.815600 73.631169 22.594824
1179.381220 86.839791 23.160444
1179.927765 99.602955 23.706988
1180.467959 112.217831 24.247183
1181.010262 124.881939 24.789486
1181.554698 137.595872 25.333922
1182.031342 148.726680 25.810566
1182.516444 160.055007 26.295668
1182.993087 171.185815 26.772311
1183.435835 181.525061 27.215059
1183.853170 191.270857 27.632393
1184.249295 200.521371 28.028519
1184.626384 209.327316 28.405607
1185.016159 216.377393 28.795383
1185.448328 215.734379 29.227551
1185.732198 205.133835 28.943681
1186.113516 190.894332 28.562364
1186.585917 173.253474 28.089962
1187.102807 153.951301 27.573072
1187.693853 131.879954 26.982026
1188.361136 106.961655 26.314743
1188.719149 93.592411 25.956730
1189.517776 63.769368 25.158103
1190.257106 36.160621 24.418773
1190.973120 9.422606 23.702759
1191.699738 -0.779613 22.976142
1192.417884 -1.960062 22.257995
1193.150840 -3.164852 21.525039
1193.862624 -4.334843 20.813255
1194.614654 -5.570988 20.061225
1195.349743 -6.779285 19.326136
1196.078469 -7.977123 18.597410
1196.807195 -9.174962 17.868684
1197.563467 -10.418079 17.112412
1198.290072 -11.612432 16.385807
1199.048466 -12.859035 15.627413
1199.777192 -14.056874 14.898687
1200.524980 -15.286046 14.150899
1201.285494 -16.536136 13.390385
1202.033296 -17.765330 12.642583
1202.768372 -18.973606 11.907507
1203.520402 -20.209751 11.155477
1204.285145 -21.466793 10.390734
1205.035055 -22.699451 9.640824
1205.755310 -23.883366 8.920569
1206.492520 -25.095149 8.183359
1207.246658 -26.334760 7.429221
1207.996581 -27.567439 6.679298
1208.731657 -28.775716 5.944222
1209.451912 -29.959630 5.223967
1210.174288 -31.147031 4.501591
1210.939031 -32.404072 3.736848
1211.678349 -33.619321 2.997530
1212.417679 -34.834591 2.258200
1213.148514 -36.035894 1.527365
1213.898436 -37.268574 0.777443
1214.644104 -38.494260 0.031775
1215.391892 -39.723433 -0.716013
1216.129102 -40.935216 -1.453223
1216.806990 -42.049490 -2.131111
1217.107802 -34.488701 -1.830299
1217.747552 -42.606617 -2.470048
1218.486882 -43.821886 -3.209379
1219.228321 -45.040621 -3.950818
1219.959155 -46.241925 -4.681652
1220.694244 -47.450222 -5.416741
1221.467458 -48.721187 -6.189955
1222.206776 -49.936436 -6.929272
1222.941865 -51.144733 -7.664361
1223.685411 -52.366933 -8.407908
1224.441684 -53.610051 -9.164180
1225.098388 -54.689504 -9.820885
1225.816522 -55.869932 -10.539019
1226.591857 -57.144384 -11.314354
1227.339646 -58.373557 -12.062143
1228.102268 -59.627112 -12.824765
1228.828886 -60.821485 -13.551383
1229.578796 -62.054144 -14.301292
1230.343539 -63.311185 -15.066035
1231.070144 -64.505538 -15.792640
1231.809462 -65.720786 -16.531958
1232.569976 -66.970876 -17.292472
1233.288110 -68.151305 -18.010607
1234.016836 -69.349143 -18.739333
1234.709545 -70.487778 -19.432041
1235.410725 -71.640338 -20.133221
1236.071683 -72.726784 -20.794180
1236.628807 -73.642553 -21.351304
1237.141468 -74.485236 -21.863964
1237.609628 -76.145509 -22.332124
1238.035421 -83.817720 -22.757917
1238.550190 -93.093160 -23.272686
1239.132752 -103.590132 -23.855248
1239.706842 -113.934469 -24.429339
1240.208899 -122.980844 -24.931395
1240.744852 -132.637985 -25.467348
1241.308338 -142.791243 -26.030834
1241.893008 -153.326201 -26.615504
1242.475582 -163.823402 -27.198079
1243.017885 -173.594960 -27.740381
1243.539017 -182.985048 -28.261513
1244.055894 -192.298476 -28.778391
1244.545250 -201.116014 -29.267747
1245.034607 -188.816246 -28.778391
1245.545134 -175.984356 -28.267863
1246.150988 -160.756481 -27.662010
1246.822525 -143.877657 -26.990472
1247.445333 -128.223639 -26.367664
1247.941040 -115.764266 -25.871957
1248.680358 -97.181822 -25.132640
1249.415446 -78.705675 -24.397551
1250.129339 -60.762288 -23.683658
1250.853823 -42.552681 -22.959174
1251.601612 -23.757324 -22.211386
1252.368476 -4.482516 -21.444522
1253.103564 0.868550 -20.709433
1253.834411 2.008701 -19.978586
1254.582200 3.175282 -19.230797
1255.340593 4.358406 -18.472404
1256.096866 5.538222 -17.716132
1256.838292 6.694877 -16.974706
1257.723786 8.076285 -16.089211
1258.509713 9.302363 -15.303284
1259.234197 10.432588 -14.578800
1259.984107 11.602477 -13.828890
1260.742500 12.785602 -13.070497
1261.496639 13.962089 -12.316358
1262.246561 15.131998 -11.566436
1262.968924 16.258915 -10.844073
1263.723076 17.435422 -10.089921
1264.485698 18.625144 -9.327299
1265.225016 19.778510 -8.587981
1265.957984 20.921969 -7.855014
1266.718485 22.108383 -7.094512
1267.468395 23.278272 -6.344602
1268.231030 24.468014 -5.581968
1268.974577 25.627978 -4.838421
1269.737199 26.817700 -4.075798
1270.480759 27.977683 -3.332239
1271.046366 28.860053 -2.766631
1271.792046 30.023345 -2.020951
1272.541956 31.193235 -1.271041
1273.302457 32.379648 -0.510540
1274.033304 33.519799 0.220307
1274.812868 34.735951 0.999871
1275.560670 35.902552 1.747672
1276.289396 37.039394 2.476398
1277.024484 38.186163 3.211487
1277.784998 39.372596 3.972001
1278.551850 40.568915 4.738853
1279.299639 41.735496 5.486641
1280.045319 42.898788 6.232322
1280.757103 44.009201 6.944106
1281.504892 45.175782 7.691895
1282.197601 46.256436 8.384604
1282.892443 47.340418 9.079446
1283.574573 48.404569 9.761576
1284.288465 49.518270 10.475468
1285.021433 50.661730 11.208436
1285.745930 51.791974 11.932933
1286.472535 52.925508 12.659538
1287.182211 54.032632 13.369214
1287.923637 55.189287 14.110640
1288.662955 56.342653 14.849958
1289.372631 57.449776 15.559634
1290.090765 58.570095 16.277768
1290.811007 59.693702 16.998010
1291.556688 60.856994 17.743691
1292.249409 61.937668 18.436412
1292.935768 63.008416 19.122771
1293.611548 64.062660 19.798551
1294.302136 65.140005 20.489139
1294.939777 66.134752 21.126780
1295.577406 67.129480 21.764409
1296.159981 68.038319 22.346984
1296.746772 70.395522 22.933774
1297.295437 83.048654 23.482440
1297.865286 96.190315 24.052289
1298.382176 108.110654 24.569179
1298.922370 120.568433 25.109373
1299.473157 133.270477 25.660159
1300.030293 146.118962 26.217296
1300.498453 156.915508 26.685456
1300.960276 167.565906 27.147279
1301.400890 177.727190 27.587892
1301.839408 187.840148 28.026411
1302.258851 197.513195 28.445854
1302.604139 205.476099 28.791141
1302.955802 213.586030 29.142804
1303.349832 215.080262 29.536835
1303.868843 214.308036 30.055845
1304.455633 213.434963 30.642636
1305.004299 212.618615 31.191302
1305.593211 211.742385 31.780213
1306.199077 210.840929 32.386080
1306.794351 209.955233 32.981354
1307.362079 209.110522 33.549082
1307.874740 189.991595 33.036421
1308.289941 174.507287 32.621220
1308.779298 156.257466 32.131864
1309.359726 134.611262 31.551436
1309.997367 110.831366 30.913794
1310.446477 94.082472 30.464684
1311.141320 68.169356 29.769841
1311.893338 40.123969 29.017824
1312.630547 12.630832 28.280614
1313.348694 -0.557137 27.562467
1314.064695 -1.608396 26.846466
1314.797663 -2.684567 26.113499
1315.532751 -3.763852 25.378410
1316.269961 -4.846251 24.641200
1316.985974 -5.897528 23.925187
1317.729534 -6.989251 23.181628
1318.466731 -8.071631 22.444431
1319.201819 -9.150916 21.709342
1319.941150 -10.236428 20.970011
1320.678347 -11.318809 20.232814
1321.440982 -12.438538 19.470180
1322.173937 -13.514690 18.737224
1322.925967 -14.618850 17.985194
1323.675877 -15.719895 17.235284
1324.413087 -16.802294 16.498075
1325.156646 -17.894016 15.754515
1325.891722 -18.973282 15.019439
1326.650115 -20.086784 14.261046
1327.389433 -21.172278 13.521728
1328.139343 -22.273324 12.771819
1328.885023 -23.368160 12.026138
1329.624354 -24.453673 11.286808
1330.397568 -25.588935 10.513593
1331.170782 -26.724197 9.740379
1331.891037 -27.781702 9.020124
1332.626113 -28.860968 8.285048
1333.388735 -29.980679 7.522426
1334.140766 -31.084839 6.770395
1334.871613 -32.157895 6.039549
1335.602472 -33.230971 5.308689
1336.333306 -34.304009 4.577855
1337.083229 -35.405073 3.827932
1337.818305 -36.484340 3.092856
1338.568214 -37.585385 2.342947
1339.294832 -38.652233 1.616329
1339.640120 -39.159197 1.271041
1340.358267 -40.213607 0.552894
1341.118768 -41.330204 -0.207607
1341.855978 -42.412603 -0.944816
1342.603766 -43.510534 -1.692605
1343.328251 -44.574249 -2.417089
1344.078160 -45.675295 -3.166999
1344.823841 -46.770131 -3.912679
1345.577992 -47.877404 -4.666831
1346.317310 -48.962898 -5.406149
1347.086295 -50.091951 -6.175134
1347.853146 -51.217871 -6.941985
1348.603056 -52.318917 -7.691895
1349.359328 -53.429304 -8.448167
1350.098646 -54.514798 -9.187485
1350.844326 -55.609634 -9.933165
1351.600586 -56.720003 -10.689425
1352.363208 -57.839714 -11.452047
1353.111010 -58.937664 -12.199849
1353.759230 -59.889406 -12.848069
1354.494319 -60.968691 -13.583158
1355.225166 -62.041748 -14.314005
1355.981426 -63.152117 -15.070265
1356.701681 -64.209622 -15.790520
1357.462195 -65.326238 -16.551034
1358.148554 -66.333975 -17.237392
1358.834900 -67.341695 -17.923739
1359.481012 -68.290341 -18.569851
1360.137729 -69.254558 -19.226568
1360.673669 -70.041445 -19.762508
1361.127008 -70.707055 -20.215847
1361.599410 -71.400653 -20.688249
1362.086646 -72.116030 -21.175485
1362.705212 -73.024233 -21.794051
1363.342841 -73.960423 -22.431680
1363.948707 -80.984565 -23.037546
1364.584228 -92.060507 -23.673067
1365.187960 -102.582441 -24.276799
1365.711213 -111.701760 -24.800052
1366.228103 -120.710190 -25.316942
1366.759814 -129.976920 -25.848653
1367.348726 -140.240554 -26.437565
1367.944000 -150.615077 -27.032839
1368.511728 -160.509520 -27.600567
1369.054044 -169.961067 -28.142882
1369.596346 -179.412392 -28.685185
1370.149254 -189.048535 -29.238092
1370.746636 -199.459800 -29.835475
1371.348248 -209.944771 -30.437087
1371.975298 -220.873080 -31.064137
1372.629881 -232.281249 -31.718720
1373.284464 -228.208420 -32.373303
1373.962352 -223.335935 -33.051191
1374.574569 -218.935482 -33.663407
1375.006711 -208.075675 -33.231265
1375.500310 -195.671488 -32.737666
1376.089209 -180.872380 -32.148767
1376.739576 -164.528574 -31.498400
1377.347537 -149.250417 -30.890439
1377.906795 -135.196212 -30.331181
1378.616458 -117.362281 -29.621518
1379.336726 -99.261858 -28.901250
1380.061197 -81.055796 -28.176779
1380.798407 -62.529623 -27.439569
1381.550437 -43.631000 -26.687539
1382.287634 -25.105146 -25.950342
1383.029073 -6.472696 -25.208903
1383.783212 0.637814 -24.454764
1384.535255 1.603765 -23.702721
1385.274573 2.553372 -22.963403
1386.016011 3.505702 -22.221965
1386.914219 4.659392 -21.323757
1387.670478 5.630759 -20.567498
1388.420388 6.593970 -19.817588
1389.176648 7.565337 -19.061328
1389.949874 8.558497 -18.288102
1390.699771 9.521691 -17.538205
1391.447573 10.482194 -16.790403
1392.239849 11.499823 -15.998126
1392.994001 12.468482 -15.243975
1393.731198 13.415364 -14.506778
1394.489578 14.389455 -13.748398
1395.256442 15.374443 -12.981534
1396.002110 16.332205 -12.235866
1396.764732 17.311745 -11.473244
1397.506184 18.264091 -10.731792
1398.260335 19.232750 -9.977641
1399.016595 20.204117 -9.221381
1399.758034 21.156448 -8.479942
1400.520656 22.135987 -7.717320
1401.291749 23.126407 -6.946227
1402.043780 24.092342 -6.194196
1402.577624 24.778031 -5.660352
1403.304229 25.711308 -4.933747
1404.088035 26.718057 -4.149941
1404.837945 27.681267 -3.400031
1405.611159 28.674411 -2.626817
1406.356839 29.632190 -1.881137
1407.106749 30.595401 -1.131227
1407.886326 31.596717 -0.351650
1408.621402 32.540875 0.383426
1409.384024 33.520414 1.146048
1410.174193 34.535335 1.936217
1410.930465 35.506718 2.692489
1411.682495 36.472653 3.444519
1412.423921 37.424967 4.185945
1413.211969 38.437164 4.973993
1413.949166 39.384046 5.711190
1414.671542 40.311892 6.433566
1415.398147 41.245169 7.160171
1416.148069 42.208397 7.910093
1416.891629 43.163451 8.653653
1417.544091 44.001497 9.306116
1418.257997 44.918463 10.020021
1418.980360 45.846292 10.742384
1419.687915 46.755101 11.449939
1420.391216 47.658445 12.153240
1421.109362 48.580859 12.871386
1421.835968 49.514137 13.597992
1422.596469 50.490952 14.358493
1423.335787 51.440558 15.097811
1424.060284 52.371128 15.822308
1424.814435 53.339787 16.576459
1425.511398 54.234992 17.273422
1426.254945 55.190030 18.016969
1426.964609 56.101547 18.726633
1427.640376 56.969526 19.402400
1428.328855 57.853834 20.090879
1428.994030 58.708209 20.756055
1429.635914 59.532667 21.397938
1430.252372 60.324468 22.014396
1430.866696 61.113528 22.628720
1431.491638 61.916225 23.253662
1432.118675 62.721614 23.880699
1432.720299 63.494362 24.482323
1433.343107 64.294319 25.105131
1433.944732 65.067067 25.706756
1434.546356 65.839815 26.308380
1435.152222 67.316800 26.914246
1435.760197 80.246151 27.522221
1436.366063 93.130668 28.128087
1436.950746 105.564688 28.712770
1437.478227 116.782261 29.240251
1437.995117 127.774585 29.757141
1438.539554 139.352717 30.301578
1439.081856 150.885475 30.843880
1439.588155 161.652551 31.350179
1440.062677 171.743883 31.824701
1440.503304 181.114368 32.265328
1440.948172 190.575059 32.710196
1441.333719 198.774199 33.095743
1441.757403 207.784394 33.519427
1442.217093 207.775195 33.979117
1442.697965 207.059714 34.459989
1442.962773 197.221668 34.195182
1443.344078 183.055561 33.813877
1443.805888 165.898549 33.352067
1444.316415 146.931612 32.841540
1444.913811 124.737384 32.244144
1445.598049 99.316809 31.559906
1445.981487 85.071436 31.176468
1446.769535 55.794154 30.388420
1447.491911 28.956686 29.666044
1448.220637 1.883305 28.937318
1448.953592 -0.823025 28.204363
1449.680210 -1.699556 27.477745
1450.404706 -2.573529 26.753249
1451.144024 -3.465380 26.013931
1451.868521 -4.339352 25.289434
1452.607839 -5.231204 24.550116
1453.321744 -6.092399 23.836211
1454.058941 -6.981692 23.099014
1454.800380 -7.876102 22.357575
1455.537589 -8.765410 21.620366
1456.272665 -9.652144 20.885290
1457.009888 -10.541468 20.148067
1457.764026 -11.451198 19.393929
1458.518178 -12.360943 18.639777
1459.268087 -13.265571 17.889868
1460.026480 -14.180434 17.131474
1460.761556 -15.067168 16.396399
1461.513600 -15.974370 15.644355
1462.261388 -16.876440 14.896567
1463.009177 -17.778510 14.148778
1463.761220 -18.685712 13.396735
1464.511130 -19.590340 12.646825
1465.258919 -20.492410 11.899036
1465.987645 -21.371484 11.170310
1466.750267 -22.291448 10.407688
1467.517131 -23.216529 9.640824
1468.228915 -24.075166 8.929040
1468.953412 -24.949139 8.204543
1469.718155 -25.871661 7.439800
1470.459581 -26.766056 6.698374
1471.203154 -27.663039 5.954801
1471.938230 -28.549773 5.219725
1472.662726 -29.423746 4.495228
1473.402044 -30.315597 3.755911
1474.158304 -31.227886 2.999651
1474.901876 -32.124869 2.256079
1475.630589 -33.003928 1.527365
1476.382633 -33.911130 0.775322
1477.121950 -34.802982 0.036004
1477.867618 -35.702493 -0.709663
1478.505260 -36.471691 -1.347305
1478.975541 -37.038998 -1.817586
1479.712750 -37.928307 -2.554795
1480.454176 -38.822701 -3.296222
1481.199857 -39.722228 -4.041902
1481.924341 -40.596185 -4.766386
1482.655188 -41.477818 -5.497233
1483.413581 -42.392680 -6.255626
1484.171974 -43.307542 -7.014019
1484.938826 -44.232608 -7.780871
1485.697206 -45.147455 -8.539251
1486.459829 -46.067419 -9.301874
1487.190676 -46.949051 -10.032721
1487.936356 -47.848578 -10.778401
1488.694737 -48.763425 -11.536782
1489.351441 -49.555618 -12.193486
1490.084409 -50.439809 -12.926454
1490.842789 -51.354656 -13.684834
1491.582120 -52.246523 -14.424165
1492.357442 -53.181807 -15.199487
1493.058622 -54.027652 -15.900667
1493.844561 -54.975743 -16.686606
1494.579650 -55.862493 -17.421695
1495.365564 -56.810554 -18.207609
1496.081590 -57.674308 -18.923635
1496.778541 -58.515051 -19.620586
1497.483962 -59.366013 -20.326007
1498.157608 -60.178643 -20.999653
1498.841846 -61.004051 -21.683891
1499.451954 -61.740034 -22.293999
1500.026032 -62.432554 -22.868077
1500.528089 -63.038193 -23.370134
1501.142426 -63.779278 -23.984471
1501.760992 -64.525465 -24.603037
1502.347795 -65.233335 -25.189840
1502.959999 -65.971847 -25.802044
1503.580699 -67.631827 -26.422744
1504.222569 -78.118595 -27.064614
1504.847498 -88.328572 -27.689543
1505.478777 -98.642293 -28.320822
1505.980834 -106.844801 -28.822879
1506.495603 -115.255006 -29.337648
1507.095119 -125.049795 -29.937164
1507.692501 -134.809725 -30.534547
1508.302597 -144.777353 -31.144642
1508.887267 -154.329585 -31.729312
1509.427461 -163.155186 -32.269506
1509.967643 -171.980579 -32.809688
1510.522671 -181.048529 -33.364716
1511.050140 -189.666225 -33.892185
1511.577609 -176.412548 -33.364716
1512.096620 -163.371399 -32.845705
1512.689761 -148.467595 -32.252564
1513.354936 -131.753787 -31.587389
1513.926906 -117.381941 -31.015419
1514.528530 -102.264970 -30.413795
1515.255136 -84.007617 -29.687190
1515.975391 -65.909821 -28.966935
1516.699888 -47.705441 -28.242438
1517.447676 -28.915810 -27.494649
1518.201828 -9.966303 -26.740498
1518.936904 0.413721 -26.005422
1519.682584 1.325275 -25.259741
1520.438844 2.249761 -24.503482
1521.180282 3.156129 -23.762043
1521.938663 4.083207 -23.003662
1522.684343 4.994761 -22.257982
1523.582551 6.092770 -21.359774
1524.349402 7.030204 -20.592923
1525.088720 7.933979 -19.853605
1525.836509 8.848110 -19.105816
1526.607602 9.790729 -18.334723
1527.353283 10.702282 -17.589043
1528.107434 11.624191 -16.834891
1528.891240 12.582350 -16.051085
1529.653862 13.514614 -15.288463
1530.382588 14.405442 -14.559737
1531.147331 15.340298 -13.794994
1531.912062 16.275139 -13.030264
1532.653501 17.181507 -12.288825
1533.420377 18.118972 -11.521948
1534.149091 19.009784 -10.793235
1534.901134 19.929116 -10.041192
1535.659502 20.856179 -9.282824
1536.403061 21.765139 -8.539264
1537.148742 22.676693 -7.793584
1537.699528 23.349999 -7.242797
1538.453679 24.271907 -6.488646
1539.205710 25.191223 -5.736615
1539.947149 26.097591 -4.995177
1540.722471 27.045380 -4.219854
1541.478743 27.969882 -3.463582
1542.247728 28.909924 -2.694597
1543.001880 29.831832 -1.940446
1543.758139 30.756318 -1.184186
1544.541945 31.714478 -0.400380
1545.289734 32.628608 0.347409
1546.052369 33.560888 1.110043
1546.817099 34.495729 1.874774
1547.562780 35.407282 2.620455
1548.316919 36.329175 3.374593
1549.073204 37.253692 4.130878
1549.863359 38.219614 4.921034
1550.598435 39.118204 5.656110
1551.348358 40.034943 6.406032
1552.106738 40.962022 7.164413
1552.860890 41.883930 7.918564
1553.602328 42.790298 8.660003
1554.259033 43.593083 9.316707
1554.979288 44.473556 10.036962
1555.744031 45.408412 10.801706
1556.481228 46.309595 11.538903
1557.199375 47.187490 12.257049
1557.915388 48.062777 12.973063
1558.652598 48.963975 13.710272
1559.419449 49.901409 14.477124
1560.169359 50.818132 15.227033
1560.898085 51.708960 15.955759
1561.633173 52.607565 16.690848
1562.387337 53.529489 17.445012
1563.122413 54.428079 18.180088
1563.842656 55.308536 18.900330
1564.575636 56.204564 19.633311
1565.323425 57.118695 20.381100
1566.014026 57.962916 21.071700
1566.715218 58.820085 21.772893
1567.369801 59.620278 22.427476
1568.049810 60.451551 23.107485
1568.702285 61.249166 23.759960
1569.337793 62.026040 24.395468
1569.975435 62.805522 25.033110
1570.615185 63.587581 25.672860
1571.231643 64.341167 26.289317
1571.852343 65.099938 26.910017
1572.453967 65.835391 27.511642
1573.081004 75.329908 28.138679
1573.680520 87.798493 28.738195
1574.244007 99.517736 29.301681
1574.854102 112.206341 29.911777
1575.402767 123.617344 30.460442
1575.995934 135.953862 31.053608
1576.481035 146.042887 31.538710
1576.951329 155.823934 32.009004
1577.472448 166.662036 32.530123
1577.936392 176.311018 32.994067
1578.368548 185.298879 33.426222
1578.781628 193.890015 33.839302
1579.165066 201.864668 34.222741
1579.597209 206.508927 34.654884
1580.023015 205.875380 35.080689
1580.345010 193.930085 34.758693
1580.728449 179.705413 34.375255
1581.217793 161.551901 33.885911
1581.772808 140.962121 33.330896
1582.399858 117.700033 32.703846
1583.075625 92.630650 32.028079
1583.429409 79.506091 31.674295
1583.692083 69.761494 31.411621
1584.264065 48.542270 30.839639
1584.986441 21.743802 30.117263
1585.723638 3.221743 29.380066
1586.452364 -1.000124 28.651340
1587.187453 -1.835745 27.916251
1587.911937 -2.659312 27.191767
1588.644918 -3.492537 26.458786
1589.377885 -4.325747 25.725818
1590.110841 -5.158944 24.992863
1590.854400 -6.004195 24.249304
1591.585247 -6.834994 23.518457
1592.316094 -7.665794 22.787610
1593.049062 -8.499004 22.054642
1593.782042 -9.332229 21.321662
1594.523481 -10.175069 20.580223
1595.294561 -11.051605 19.809143
1596.012708 -11.867968 19.090996
1596.766860 -12.725259 18.336844
1597.537953 -13.601809 17.565751
1598.273029 -14.437416 16.830675
1599.006009 -15.270641 16.097694
1599.747448 -16.113481 15.356256
1600.514300 -16.985209 14.589404
1601.270572 -17.844911 13.833132
1601.999298 -18.673300 13.104406
1602.757691 -19.535413 12.346013
1603.494888 -20.373431 11.608816
1604.253281 -21.235544 10.850423
1605.013783 -22.100054 10.089921
1605.748859 -22.935661 9.354845
1606.483947 -23.771283 8.619757
1607.225399 -24.614137 7.878305
1607.973187 -25.464196 7.130517
1608.720976 -26.314254 6.382728
1609.451823 -27.145054 5.651881
1610.191141 -27.985483 4.912563
1610.915638 -28.809064 4.188066
1611.690973 -29.690436 3.412731
1612.434520 -30.535672 2.669184
1613.173850 -31.376116 1.929854
1613.917410 -32.221367 1.186294
1614.684261 -33.093095 0.419443
1615.427821 -33.938346 -0.324117
1616.162909 -34.773967 -1.059205
1616.908577 -35.621615 -1.804873
1617.643666 -36.457236 -2.539962
1617.972012 -36.830487 -2.868308
1618.747347 -37.711859 -3.643643
1619.484544 -38.549878 -4.380840
1620.217511 -39.383088 -5.113807
1621.005559 -40.278911 -5.901855
1621.746998 -41.121751 -6.643294
1622.486316 -41.962180 -7.382612
1623.255288 -42.836319 -8.151584
1624.009439 -43.693611 -8.905735
1624.746649 -44.531643 -9.642945
1625.485967 -45.372072 -10.382263
1626.168096 -46.147492 -11.064392
1626.941298 -47.026439 -11.837594
1627.680628 -47.866882 -12.576924
1628.396642 -48.680819 -13.292938
1629.157143 -49.545329 -14.053439
1629.898582 -50.388169 -14.794878
1630.640020 -51.231009 -15.536316
1631.396280 -52.090697 -16.292576
1632.135610 -52.931140 -17.031907
1632.917295 -53.819731 -17.813592
1633.675689 -54.681844 -18.571985
1634.391689 -55.495767 -19.287985
1635.122549 -56.326581 -20.018845
1635.840683 -57.142929 -20.736979
1636.546105 -57.944826 -21.442401
1637.245176 -58.739504 -22.141472
1637.946368 -59.536594 -22.842665
1638.626365 -60.309588 -23.522661
1639.198334 -60.959782 -24.094631
1639.776654 -61.617195 -24.672950
1640.350732 -62.269786 -25.247028
1640.965070 -62.968141 -25.861366
1641.606940 -63.697796 -26.503236
1642.227640 -64.403384 -27.123936
1642.825010 -71.217111 -27.721306
1643.464772 -81.449918 -28.361068
1644.072760 -91.174488 -28.969056
1644.676492 -100.831008 -29.572788
1645.246341 -109.945570 -30.142637
1645.744156 -117.907964 -30.640452
1646.318259 -127.090575 -31.214555
1646.905050 -136.476116 -31.801346
1647.449474 -145.184007 -32.345770
1648.002381 -154.027590 -32.898677
1648.519258 -162.294886 -33.415554
1649.006494 -170.088070 -33.902790
1649.610239 -154.918980 -33.299044
1650.165267 -140.973909 -32.744016
1650.762650 -125.964681 -32.146634
1651.429933 -109.199198 -31.479350
1651.927760 -96.691296 -30.981523
1652.620469 -79.286999 -30.288814
1653.349195 -60.977771 -29.560088
1654.063100 -43.040918 -28.846183
1654.808781 -24.305709 -28.100503
1655.539615 -5.943512 -27.369668
1656.302250 0.623918 -26.607033
1657.047918 1.508266 -25.861366
1657.799948 2.400161 -25.109335
1658.543508 3.282009 -24.365776
1659.291297 4.168873 -23.617987
1660.028493 5.043175 -22.880790
1660.981781 6.173757 -21.927502
1661.765574 7.103321 -21.143709
1662.523967 8.002762 -20.385316
1663.263285 8.879579 -19.645998
1664.036499 9.796597 -18.872784
1664.797001 10.698538 -18.112283
1665.549031 11.590432 -17.360252
1666.298941 12.479811 -16.610343
1667.065792 13.389283 -15.843491
1667.847490 14.316363 -15.061794
1668.569866 15.173087 -14.339418
1669.336717 16.082559 -13.572566
1670.097231 16.984515 -12.812052
1670.853491 17.881425 -12.055793
1671.599171 18.765789 -11.310112
1672.353310 19.660184 -10.555973
1673.103232 20.549578 -9.806051
1673.853129 21.438942 -9.056154
1674.596689 22.320790 -8.312594
1675.357203 23.222746 -7.552080
1676.126175 24.134733 -6.783108
1676.880314 25.029128 -6.028969
1677.626007 25.913507 -5.283276
1678.380146 26.807901 -4.529138
1679.168194 27.742512 -3.741090
1679.930816 28.646968 -2.978467
1680.678617 29.533847 -2.230666
1681.466652 30.468442 -1.442631
1682.225033 31.367867 -0.684251
1683.002489 32.289916 0.093205
1683.765111 33.194372 0.855828
1684.519262 34.088782 1.609979
1685.269172 34.978161 2.359889
1685.777591 35.581137 2.868308
1686.525380 36.468001 3.616096
1687.311307 37.400096 4.402023
1688.078171 38.309583 5.168887
1688.845022 39.219054 5.935739
1689.580111 40.090856 6.670827
1690.346975 41.000343 7.437691
1691.130768 41.929908 8.221485
1691.865857 42.801710 8.956573
1692.588233 43.658434 9.678949
1693.325442 44.532752 10.416159
1694.100777 45.452285 11.191494
1694.861279 46.354226 11.951995
1695.609067 47.241089 12.699784
1696.346264 48.115392 13.436981
1697.102549 49.012332 14.193266
1697.810092 49.851464 14.900808
1698.534576 50.710689 15.625293
1699.286619 51.602599 16.377336
1700.059833 52.519617 17.150550
1700.813985 53.414027 17.904701
1701.559652 54.298375 18.650369
1702.273545 55.145039 19.364262
1703.023467 56.034433 20.114184
1703.769148 56.918796 20.859864
1704.493645 57.778036 21.584361
1705.213887 58.632231 22.304604
1705.934142 59.486440 23.024859
1706.628984 60.310511 23.719701
1707.317464 61.127035 24.408181
1707.978410 61.910905 25.069127
1708.649935 62.707322 25.740652
1709.298169 63.476115 26.388886
1709.948510 64.247408 27.039227
1710.596744 65.016201 27.687461
1711.249206 67.422639 28.339923
1711.882619 80.411485 28.973336
1712.492714 92.922186 29.583431
1713.104943 105.476639 30.195660
1713.698097 117.639929 30.788813
1714.263691 129.238090 31.354408
1714.818719 140.619575 31.909436
1715.344080 151.392700 32.434797
1715.803782 160.819412 32.894499
1716.280426 170.593536 33.371142
1716.718919 179.585333 33.809635
1717.138374 188.186749 34.229091
1717.576880 197.178807 34.667596
1717.970910 205.258847 35.061627
1718.358565 205.101329 35.449281
1718.845813 204.376362 35.936530
1719.345748 203.632518 36.436465
1719.919827 201.320302 37.010543
1720.502401 198.823983 37.593118
1721.087071 196.318685 38.177788
1721.692937 193.722560 38.783654
1722.152626 191.752801 39.243343
1722.661045 172.919155 38.734924
1723.116505 156.047299 38.279464
1723.612199 137.685047 37.783770
1724.205353 115.712538 37.190616
1724.855707 91.621109 36.540262
1725.283621 75.769665 36.112348
1725.999647 49.245523 35.396322
1726.734735 22.015232 34.661234
1727.463449 3.707406 33.932520
1728.202779 -0.889802 33.193190
1728.925155 -1.625460 32.470814
1729.675065 -2.389157 31.720904
1730.393212 -3.120508 31.002757
1731.126167 -3.866940 30.269802
1731.850664 -4.604757 29.545305
1732.583632 -5.351202 28.812338
1733.335662 -6.117059 28.060307
1734.089813 -6.885077 27.306156
1734.824902 -7.633681 26.571067
1735.568462 -8.390912 25.827507
1736.331084 -9.167556 25.064885
1737.066173 -9.916160 24.329796
1737.803370 -10.666911 23.592599
1738.538458 -11.415516 22.857511
1739.275668 -12.166280 22.120301
1740.017094 -12.921338 21.378875
1740.760654 -13.678569 20.635316
1741.536001 -14.468172 19.859968
1742.268969 -15.214616 19.127000
1743.012516 -15.971834 18.383453
1743.779367 -16.752785 17.616602
1744.518698 -17.505709 16.877271
1745.264378 -18.265100 16.131591
1746.016409 -19.030958 15.379560
1746.762077 -19.790336 14.633892
1747.528941 -20.571300 13.867028
1748.257679 -21.313437 13.138290
1749.001239 -22.070668 12.394730
1749.738436 -22.821419 11.657533
1750.503166 -23.600210 10.892803
1751.257318 -24.368228 10.138651
1751.996636 -25.121139 9.399333
1752.733858 -25.871916 8.662111
1753.471055 -26.622667 7.924914
1754.225194 -27.390671 7.170776
1754.985708 -28.165169 6.410261
1755.714434 -28.907293 5.681535
1756.434689 -29.640791 4.961280
1757.167644 -30.387223 4.228325
1757.938750 -31.172506 3.457219
1758.692901 -31.940524 2.703068
1759.423735 -32.684795 1.972234
1760.150353 -33.424773 1.245616
1760.917217 -34.205737 0.478752
1761.684069 -34.986688 -0.288099
1762.071749 -35.381496 -0.675780
1762.800475 -36.123620 -1.404506
1763.535551 -36.872212 -2.139582
1764.285460 -37.635909 -2.889491
1765.035370 -38.399607 -3.639401
1765.787413 -39.165477 -4.391444
1766.545794 -39.937802 -5.149825
1767.297824 -40.703659 -5.901855
1768.054097 -41.473837 -6.658127
1768.797643 -42.231055 -7.401674
1769.560266 -43.007699 -8.164297
1770.335601 -43.797289 -8.939632
1771.085510 -44.560987 -9.689541
1771.816370 -45.305284 -10.420401
1772.572630 -46.075449 -11.176660
1773.339494 -46.856412 -11.943525
1774.078799 -47.609311 -12.682830
1774.805417 -48.349288 -13.409447
1775.551097 -49.108679 -14.155128
1776.239564 -49.809804 -14.843595
1776.961940 -50.545462 -15.565971
1777.716091 -51.313480 -16.320122
1778.461759 -52.072858 -17.065790
1779.234986 -52.860301 -17.839017
1779.976412 -53.615359 -18.580443
1780.711488 -54.363950 -19.315519
1781.421164 -55.086675 -20.025195
1782.147769 -55.826639 -20.751800
1782.823536 -56.514831 -21.427567
1783.543791 -57.248329 -22.147822
1784.261925 -57.979667 -22.865956
1784.840245 -58.568620 -23.444276
1785.382548 -59.120894 -23.986579
1785.969352 -59.718487 -24.573382
1786.592160 -60.352746 -25.196190
1787.223451 -60.995644 -25.827482
1787.861080 -61.644997 -26.465111
1788.445763 -62.240430 -27.049793
1789.087621 -62.894089 -27.691651
1789.742217 -70.942715 -28.346248
1790.373483 -80.630061 -28.977514
1790.985712 -90.025263 -29.589743
1791.583094 -99.192634 -30.187125
1792.080922 -106.832241 -30.684953
1792.566024 -114.276565 -31.170054
1793.070214 -122.013812 -31.674245
1793.610395 -130.303386 -32.214426
1794.139998 -138.430615 -32.744029
1794.665359 -146.492749 -33.269390
1795.220374 -155.009958 -33.824405
1795.821986 -164.242229 -34.426017
1796.474461 -174.255046 -35.078492
1797.129045 -184.300215 -35.733076
1797.809054 -194.735560 -36.413084
1798.491183 -193.659527 -37.095214
1799.169058 -188.787134 -37.773089
1799.789746 -186.515549 -38.393776
1800.262147 -174.648336 -37.921374
1800.753612 -162.302248 -37.429910
1801.353116 -147.242114 -36.830406
1802.022533 -130.425681 -36.160989
1802.554256 -117.068247 -35.629266
1803.189751 -101.103962 -34.993770
1803.935432 -82.371713 -34.248090
1804.651458 -64.384416 -33.532064
1805.382292 -46.025121 -32.801230
1806.121623 -27.452391 -32.061899
1806.867303 -8.720143 -31.316219
1807.623563 0.394555 -30.559959
1808.371351 1.115696 -29.812171
1809.104319 1.822545 -29.079203
1809.845745 2.537550 -28.337777
1810.332981 3.007423 -27.850541
1810.724890 3.385367 -27.458632
1811.474800 4.108553 -26.708722
1812.228951 4.835830 -25.954571
1812.991561 5.571265 -25.191961
1813.745712 6.298542 -24.437810
1814.485043 7.011526 -23.698479
1815.239181 7.738791 -22.944341
1815.993333 8.466069 -22.190189
1816.779259 9.223989 -21.404263
1817.524940 9.943097 -20.658582
1818.279079 10.670362 -19.904443
1819.033230 11.397640 -19.150292
1819.802202 12.139210 -18.381320
1820.359339 12.676493 -17.824183
1821.107140 13.397646 -17.076382
1821.857050 14.120833 -16.326472
1822.640856 14.876708 -15.542666
1823.375932 15.585590 -14.807590
1824.127962 16.310821 -14.055560
1824.886355 17.042189 -13.297167
1825.657448 17.785805 -12.526074
1826.411587 18.513070 -11.771935
1827.167859 19.242392 -11.015662
1827.926240 19.973748 -10.257282
1828.680391 20.701025 -9.503131
1829.428180 21.422167 -8.755342
1830.186573 22.153535 -7.996949
1830.951316 22.891026 -7.232206
1831.703347 23.616258 -6.480175
1832.461740 24.347626 -5.721782
1833.222242 25.081027 -4.961280
1833.986972 25.818507 -4.196550
1834.747473 26.551908 -3.436049
1835.507988 27.285321 -2.675534
1836.272731 28.022813 -1.910791
1837.003565 28.727604 -1.179957
1837.783142 29.479400 -0.400380
1838.547885 30.216892 0.364363
1839.310507 30.952338 1.126985
1840.096434 31.710259 1.912912
1840.865406 32.451829 2.681884
1841.606845 33.166846 3.423323
1842.371588 33.904338 4.188066
1843.129981 34.635706 4.946459
1843.873528 35.352757 5.690006
1844.646742 36.098417 6.463221
1845.394544 36.819571 7.211022
1846.169879 37.567277 7.986357
1846.824462 38.198534 8.640940
1847.551067 38.899247 9.367545
1848.262852 39.585667 10.079330
1849.044549 40.339509 10.861027
1849.775396 41.044312 11.591874
1850.529548 41.771589 12.346026
1851.275215 42.490685 13.091693
1852.035717 43.224086 13.852195
1852.791989 43.953409 14.608467
1853.529186 44.664336 15.345664
1854.304521 45.412042 16.120999
1855.065022 46.145443 16.881500
1855.812824 46.866597 17.629302
1856.571217 47.597964 18.387695
1857.293593 48.294599 19.110071
1858.024440 48.999402 19.840918
1858.784941 49.732803 20.601419
1859.498834 50.421256 21.315312
1860.202147 51.099507 22.018625
1860.899098 51.771622 22.715576
1861.572756 52.421275 23.389234
1862.267586 53.091344 24.084064
1862.953945 53.753245 24.770423
1863.640316 54.415157 25.456794
1864.294900 55.046415 26.111378
1864.977017 55.704224 26.793495
1865.657026 56.360001 27.473504
1866.339155 57.017823 28.155633
1867.027635 57.681769 28.844113
1867.690689 58.321196 29.507167
1868.370698 58.976972 30.187176
1869.054936 59.636827 30.871414
1869.718003 60.276266 31.534481
1870.387420 60.921829 32.203898
1871.016591 71.871856 32.833069
1871.641507 83.470433 33.457985
1872.253723 94.833295 34.070201
1872.842647 105.763856 34.659126
1873.404026 116.183153 35.220504
1873.933616 126.012455 35.750094
1874.435672 135.330728 36.252150
1874.908087 144.098843 36.724565
1875.401685 153.260130 37.218163
1875.954579 163.521969 37.771057
1876.331655 170.520573 38.148133
1876.721431 177.754893 38.537909
1877.153599 185.776028 38.970077
1877.579392 190.194326 39.395870
1878.032731 188.251776 39.849209
1878.488191 186.300139 40.304669
1879.142787 162.144339 39.650073
1879.610947 144.868371 39.181913
1880.174434 124.074690 38.618427
1880.786663 101.482318 38.006198
1881.473021 76.154416 37.319839
1881.803488 63.959587 36.989372
1882.663570 32.220976 36.129290
1883.413480 4.547933 35.379381
1884.129493 -0.521843 34.663367
1884.853990 -1.159652 33.938870
1885.580608 -1.799329 33.212253
1886.324167 -2.453920 32.468693
1887.067714 -3.108499 31.725146
1887.792211 -3.746309 31.000649
1888.533663 -4.399044 30.259198
1889.281451 -5.057358 29.511409
1890.018661 -5.706359 28.774200
1890.757979 -6.357215 28.034882
1891.505780 -7.015541 27.287080
1892.253569 -7.673855 26.539292
1892.990766 -8.322844 25.802095
1893.732217 -8.975579 25.060643
1894.488489 -9.641362 24.304371
1895.238399 -10.301543 23.554461
1895.981946 -10.956123 22.810914
1896.719155 -11.605124 22.073705
1897.466944 -12.263438 21.325916
1898.216866 -12.923630 20.575994
1898.983718 -13.598726 19.809143
1899.716698 -14.244004 19.076162
1900.456016 -14.894861 18.336844
1901.205926 -15.555042 17.586935
1901.974911 -16.232016 16.817950
1902.697287 -16.867958 16.095574
1903.447196 -17.528139 15.345664
1904.209806 -18.199501 14.583054
1904.953378 -18.854103 13.839482
1905.688467 -19.501237 13.104393
1906.457439 -20.178200 12.335421
1907.203107 -20.834647 11.589753
1907.942438 -21.485515 10.850423
1908.694468 -22.147563 10.098392
1909.454969 -22.817069 9.337891
1910.204892 -23.477261 8.587969
1910.931497 -24.116926 7.861364
1911.691998 -24.786432 7.100862
1912.458850 -25.461528 6.334011
1913.185467 -26.101204 5.607393
1913.916314 -26.744603 4.876546
1914.640811 -27.382413 4.152049
1915.403434 -28.053786 3.389427
1916.155464 -28.715834 2.637396
1916.894782 -29.366691 1.898079
1917.629871 -30.013824 1.162990
1918.400964 -30.692654 0.391897
1919.146632 -31.349101 -0.353771
1919.892312 -32.005559 -1.099452
1920.640113 -32.663885 -1.847253
1921.385781 -33.320332 -2.592921
1921.915371 -33.786555 -3.122511
1922.555134 -34.349769 -3.762273
1923.292343 -34.998769 -4.499483
1924.035903 -35.653360 -5.243043
1924.821817 -36.345238 -6.028957
1925.575968 -37.009153 -6.783108
1926.319528 -37.663744 -7.526668
1927.073667 -38.327649 -8.280806
1927.857485 -39.017682 -9.064625
1928.598911 -39.670394 -9.806051
1929.334000 -40.317528 -10.541140
1930.026709 -40.927353 -11.233849
1930.763918 -41.576353 -11.971058
1931.507478 -42.230944 -12.714618
1932.253146 -42.887391 -13.460285
1933.005176 -43.549440 -14.212316
1933.755086 -44.209621 -14.962226
1934.471099 -44.839962 -15.678239
1935.233734 -45.511346 -16.440874
1935.983644 -46.171527 -17.190783
1936.742024 -46.839165 -17.949164
1937.481342 -47.490022 -18.688482
1938.218552 -48.139023 -19.425691
1938.938794 -48.773087 -20.145934
1939.686596 -49.431412 -20.893735
1940.385667 -50.046838 -21.592807
1941.108043 -50.682780 -22.315183
1941.845240 -51.331770 -23.052380
1942.504052 -51.911754 -23.711192
1943.171361 -52.499218 -24.378501
1943.838645 -53.086659 -25.045784
1944.436027 -53.612563 -25.643167
1945.099082 -54.196282 -26.306221
1945.755799 -54.774421 -26.962938
1946.446386 -55.382379 -27.653526
1947.145458 -55.997805 -28.352598
1947.793679 -56.568464 -29.000818
1948.490629 -57.182023 -29.697769
1949.200293 -57.806774 -30.407432
1949.823101 -58.355061 -31.030240
1950.464984 -64.845839 -31.672124
1951.083550 -73.791208 -32.290690
1951.714829 -82.920420 -32.921969
1952.352458 -92.141463 -33.559598
1952.979508 -101.209517 -34.186647
1953.543007 -109.358534 -34.750146
1954.098022 -117.384865 -35.305162
1954.642458 -125.258207 -35.849598
1955.203824 -133.376369 -36.410964
1955.752489 -141.310870 -36.959629
1956.318096 -149.490374 -37.525236
1956.887945 -157.731221 -38.095085
1957.421790 -165.451391 -38.628930
1957.945043 -152.308353 -38.105677
1958.474633 -139.006134 -37.576087
1959.088982 -123.574924 -36.961737
1959.743553 -107.133446 -36.307166
1960.232910 -94.841814 -35.817810
1960.917147 -77.655156 -35.133572
1961.645873 -59.351049 -34.404846
1962.374599 -41.046942 -33.676120
1963.094855 -22.955606 -32.955865
1963.829931 -4.492000 -32.220789
1964.577732 0.517293 -31.472988
1965.283166 1.158660 -30.767553
1966.024592 1.832751 -30.026127
1966.778731 2.518400 -29.271989
1967.505349 3.179027 -28.545371
1968.248908 3.855057 -27.801811
1969.003047 4.540706 -27.047673
1969.740257 5.210963 -26.310463
1970.483816 5.886994 -25.566903
1971.229484 6.564941 -24.821236
1971.973031 7.240960 -24.077689
1972.237839 7.481718 -23.812881
1972.771670 7.967068 -23.279049
1973.530064 8.656585 -22.520656
1974.279973 9.338389 -21.770746
1975.036245 10.025977 -21.014474
1975.803097 10.723184 -20.247623
1976.542415 11.395358 -19.508305
1977.307158 12.090649 -18.743562
1978.076130 12.789784 -17.974589
1978.811219 13.458113 -17.239501
1979.571720 14.149546 -16.478999
1980.327993 14.837135 -15.722727
1981.099086 15.538199 -14.951634
1981.829920 16.202659 -14.220800
1982.590434 16.894105 -13.460285
1983.333994 17.570135 -12.716726
1984.092374 18.259640 -11.958345
1984.842284 18.941444 -11.208436
1985.587952 19.619391 -10.462768
1986.329390 20.293494 -9.721329
1987.083554 20.979166 -8.967165
1987.827114 21.655196 -8.223606
1988.577011 22.336988 -7.473709
1989.324812 23.016875 -6.725907
1990.091664 23.714082 -5.959056
1990.820390 24.376626 -5.230330
1991.570299 25.058430 -4.480420
1992.339284 25.757577 -3.711435
1993.101907 26.450939 -2.948813
1993.843345 27.125041 -2.207374
1994.614438 27.826105 -1.436281
1995.364348 28.507908 -0.686372
1996.120633 29.195509 0.069913
1996.885364 29.890787 0.834644
1997.667049 30.601481 1.616329
1998.391545 31.260180 2.340826
1999.143576 31.943912 3.092856
1999.921032 32.650760 3.870312
2000.694233 33.353740 4.643514
2001.435672 34.027843 5.384952
2002.172882 34.698100 6.122162
2002.920683 35.377987 6.869963
2003.676943 36.065564 7.626223
2004.251033 36.587517 8.200314
2004.956468 37.228884 8.905748
2005.683060 37.889488 9.632340
2006.418149 38.557817 10.367429
2007.185013 39.255036 11.134293
2007.932801 39.934911 11.882082
2008.678482 40.612870 12.627762
2009.426283 41.292757 13.375564
2010.178314 41.976489 14.127594
2010.945165 42.673696 14.894446
2011.661179 43.324682 15.610459
2012.398388 43.994939 16.347669
2013.127114 44.657483 17.076395
2013.891870 45.352785 17.841151
2014.633296 46.026876 18.582576
2015.359914 46.687503 19.309194
2016.092869 47.353892 20.042149
2016.836441 48.029934 20.785722
2017.548213 48.677063 21.497493
2018.253647 49.318431 22.202927
2018.961189 49.961715 22.910470
2019.649669 50.587668 23.598949
2020.344499 51.219394 24.293779
2021.028749 51.841502 24.978030
2021.727834 52.477097 25.677114
2022.418421 53.104966 26.367702
2023.096309 53.721289 27.045590
2023.767847 54.331839 27.717128
2024.464785 54.965482 28.414066
2025.151157 55.589518 29.100437
2025.843865 56.219316 29.793146
2026.519645 56.833722 30.468926
2027.208125 57.459675 31.157405
2027.898725 58.087556 31.848006
2028.563901 58.692321 32.513181
2029.216363 59.285528 33.165644
2029.892130 69.563621 33.841411
2030.557318 81.538278 34.506599
2031.197068 93.055001 35.146348
2031.781750 103.580409 35.731031
2032.330416 113.457438 36.279696
2032.879081 123.334467 36.828362
2033.427759 133.211725 37.377040
2033.906511 141.830177 37.855792
2034.378913 150.334316 38.328194
2034.866149 159.105490 38.815429
2035.336430 167.571449 39.285710
2035.779177 175.541751 39.728457
2036.204983 183.207068 40.154263
2036.656201 184.625692 40.605481
2037.226050 182.183901 41.175330
2037.581942 169.072664 40.819438
2038.011977 153.229977 40.389404
2038.528867 134.187499 39.872514
2039.134733 111.867095 39.266647
2039.816863 86.737106 38.584518
2040.518042 60.905306 37.883338
2041.009520 42.799045 37.391861
2041.736125 16.030561 36.665256
2042.500881 -0.278870 35.900500
2043.229607 -0.895396 35.171774
2043.954104 -1.508344 34.447277
2044.693421 -2.133831 33.707959
2045.434860 -2.761112 32.966520
2046.178420 -3.390187 32.222961
2046.905025 -4.004918 31.496356
2047.646463 -4.632199 30.754917
2048.402748 -5.272041 29.998632
2049.152658 -5.906489 29.248722
2049.860200 -6.505092 28.541180
2050.608002 -7.137756 27.793378
2051.357911 -7.772204 27.043469
2052.099350 -8.399485 26.302030
2052.836560 -9.023188 25.564821
2053.550452 -9.627164 24.850928
2054.291891 -10.254445 24.109489
2055.020630 -10.870982 23.380751
2055.764189 -11.500057 22.637191
2056.503494 -12.125533 21.897886
2057.236475 -12.745658 21.164906
2057.984263 -13.378311 20.417117
2058.749007 -14.025309 19.652374
2059.507400 -14.666934 18.893981
2060.253068 -15.297793 18.148313
2061.022040 -15.948368 17.379340
2061.763491 -16.575660 16.637889
2062.509159 -17.206519 15.892221
2063.265444 -17.846360 15.135936
2064.002641 -18.470053 14.398739
2064.754659 -19.106284 13.646721
2065.506702 -19.742537 12.894678
2066.258733 -20.378779 12.142648
2067.000171 -21.006060 11.401209
2067.743731 -21.635135 10.657649
2068.500003 -22.274966 9.901377
2069.271084 -22.927325 9.130297
2070.021006 -23.561784 8.380374
2070.739153 -24.169359 7.662228
2071.510233 -24.821718 6.891147
2072.272868 -25.466932 6.128512
2073.014294 -26.094202 5.387086
2073.732441 -26.701777 4.668939
2074.471759 -27.327264 3.929621
2075.247094 -27.983223 3.154286
2076.001245 -28.621259 2.400135
2076.729959 -29.237774 1.671422
2077.456577 -29.852516 0.944804
2078.219199 -30.497719 0.182182
2078.979713 -31.141138 -0.578333
2079.723260 -31.770203 -1.321880
2080.464699 -32.397484 -2.063318
2081.248504 -33.060609 -2.847124
2082.015369 -33.709401 -3.613988
2082.784341 -34.359976 -4.382961
2083.563905 -35.019513 -5.162525
2084.339253 -35.675482 -5.937872
2085.072208 -36.295585 -6.670827
2085.836951 -36.942583 -7.435571
2086.595331 -37.584197 -8.193951
2087.334649 -38.209684 -8.933269
2088.065509 -38.828015 -9.664129
2088.789993 -39.440952 -10.388613
2089.389509 -39.948162 -10.988129
2090.113981 -40.561088 -11.712600
2090.853311 -41.186585 -12.451931
2091.584158 -41.804905 -13.182778
2092.331960 -42.437569 -13.930579
2093.056444 -43.050506 -14.655063
2093.799991 -43.679571 -15.398610
2094.541442 -44.306863 -16.140062
2095.293460 -44.943094 -16.892080
2095.986181 -45.529159 -17.584801
2096.736104 -46.163617 -18.334723
2097.490242 -46.801643 -19.088862
2098.208377 -47.409208 -19.806996
2098.951936 -48.038283 -20.550556
2099.697604 -48.669142 -21.296224
2100.434814 -49.292845 -22.033433
2101.169890 -49.914743 -22.768509
2101.868961 -50.506180 -23.467581
2102.551078 -51.083273 -24.149698
2103.267104 -51.689054 -24.865724
2103.978888 -52.291247 -25.577508
2104.667368 -52.873723 -26.265988
2105.330410 -53.434677 -26.929029
2106.014660 -54.013575 -27.613280
2106.711611 -54.603218 -28.310230
2107.412803 -55.196449 -29.011423
2108.090691 -55.769964 -29.689311
2108.800342 -56.370352 -30.398961
2109.461288 -56.929533 -31.059907
2110.141284 -57.504832 -31.739904
2110.810701 -61.523726 -32.409320
2111.410204 -70.046377 -33.008824
2112.052075 -79.171328 -33.650695
2112.681246 -88.115733 -34.279865
2113.295570 -96.849081 -34.894190
2113.935333 -105.944061 -35.533952
2114.505182 -114.045138 -36.103801
2115.068668 -122.055762 -36.667288
2115.651217 -130.337385 -37.249837
2116.174470 -137.776041 -37.773089
2116.729485 -145.666241 -38.328105
2117.261196 -153.225140 -38.859816
2117.907296 -136.997705 -38.213716
2118.464432 -123.004676 -37.656579
2119.076648 -107.628261 -37.044363
2119.722761 -91.400507 -36.398251
2120.036286 -83.526019 -36.084726
2120.970498 -60.062361 -35.150514
2121.707695 -41.546932 -34.413317
2122.457604 -22.712212 -33.663407
2123.173617 -4.728830 -32.947394
2123.915056 0.480313 -32.205955
2124.671328 1.136991 -31.449683
2125.423359 1.789986 -30.697653
2126.152085 2.422745 -29.968927
2126.887161 3.061018 -29.233851
2127.641300 3.715843 -28.479712
2128.397572 4.372521 -27.723440
2129.151736 5.027368 -26.969275
2129.912225 5.687707 -26.208787
2130.662147 6.338871 -25.458865
2131.428998 7.004735 -24.692013
2132.195850 7.670599 -23.925162
2132.933059 8.310725 -23.187952
2133.704153 8.980272 -22.416859
2134.485838 9.659016 -21.635174
2135.248473 10.321218 -20.872539
2136.006840 10.979716 -20.114171
2136.765234 11.638235 -19.355778
2137.538448 12.309624 -18.582564
2138.313783 12.982854 -17.807229
2139.086997 13.654243 -17.034015
2139.841136 14.309068 -16.279876
2140.641896 15.004376 -15.479116
2141.366393 15.633463 -14.754619
2142.141715 16.306682 -13.979296
2142.900108 16.965201 -13.220903
2143.662718 17.627382 -12.458294
2144.418990 18.284060 -11.702021
2145.187975 18.951776 -10.933036
2145.952718 19.615810 -10.168293
2146.711086 20.274307 -9.409925
2147.467359 20.930985 -8.653653
2148.210918 21.576624 -7.910093
2148.988374 22.251696 -7.132638
2149.746755 22.910205 -6.374257
2150.483951 23.550319 -5.637060
2151.252936 24.218036 -4.868075
2151.642712 24.556481 -4.478299
2152.028259 24.891255 -4.092753
2152.795136 25.557141 -3.325876
2153.561987 26.223005 -2.559025
2154.333080 26.892552 -1.787931
2155.087232 27.547388 -1.033780
2155.847733 28.207738 -0.273279
2156.599776 28.860744 0.478765
2157.375098 29.533963 1.254087
2158.127142 30.186969 2.006130
2158.879159 30.839952 2.758148
2159.658724 31.516855 3.537712
2160.448892 32.202965 4.327881
2161.215744 32.868829 5.094732
2161.978379 33.531032 5.857367
2162.738880 34.191382 6.617868
2163.501502 34.853573 7.380491
2164.272595 35.523121 8.151584
2165.001334 36.155891 8.880323
2165.738531 36.796005 9.617520
2166.473620 37.434289 10.352608
2167.257426 38.114875 11.136414
2167.998864 38.758673 11.877853
2168.740303 39.402470 12.619291
2169.513517 40.073859 13.392506
2170.278260 40.737892 14.157249
2171.036641 41.396401 14.915629
2171.778080 42.040199 15.657068
2172.538594 42.700560 16.417582
2173.290624 43.353554 17.169613
2174.038413 44.002866 17.917401
2174.769260 44.637467 18.648248
2175.402672 45.187464 19.281661
2176.171645 45.855170 20.050633
2176.932146 46.515520 20.811134
2177.684189 47.168526 21.563178
2178.398082 47.788405 22.277070
2179.135291 48.428530 23.014280
2179.861896 49.059448 23.740885
2180.563089 49.668300 24.442077
2181.281223 50.291862 25.160211
2182.007841 50.922790 25.886829
2182.715383 51.537156 26.594372
2183.437759 52.164401 27.316748
2184.149543 52.782450 28.028532
2184.869786 53.407843 28.748774
2185.604887 54.046138 29.483875
2186.318779 54.666017 30.197768
2187.024214 55.278551 30.903202
2187.742335 55.902103 31.621324
2188.471074 56.534873 32.350062
2189.189221 57.158446 33.068209
2189.877700 57.756259 33.756689
2190.585243 63.942908 34.464231
2191.252539 75.664530 35.131527
2191.896531 86.976790 35.775519
2192.532051 98.140251 36.411040
2193.161222 109.192168 37.040210
2193.726842 119.127762 37.605830
2194.262795 128.542227 38.141783
2194.794518 137.882403 38.673507
2195.313516 146.999047 39.192505
2195.775326 155.111134 39.654315
2196.213845 162.814080 40.092833
2196.677763 170.963199 40.556751
2197.090856 178.219527 40.969844
2197.537832 180.794281 41.416821
2198.022960 178.715521 41.901948
2198.561033 176.409886 42.440022
2199.132991 173.959061 43.011979
2199.681669 172.645286 43.560657
2200.270580 171.757262 44.149569
2200.867976 170.856445 44.746964
2201.410278 170.038702 45.289267
2201.967415 149.548235 44.732130
2202.431346 132.485691 44.268200
2202.948236 113.475410 43.751309
2203.568935 90.647192 43.130610
2204.223519 66.572796 42.476026
2204.632357 51.536458 42.067188
2205.407705 23.020570 41.291840
2206.138552 4.665749 40.560993
2206.850336 -0.638142 39.849209
2207.583304 -1.210857 39.116241
2208.326863 -1.791848 38.372682
2209.049239 -2.356288 37.650306
2209.752540 -2.905822 36.947005
2210.517296 -3.503375 36.182249
2211.248143 -4.074434 35.451402
2211.993811 -4.657072 34.705734
2212.722549 -5.226483 33.976996
2213.463988 -5.805817 33.235557
2214.213898 -6.391770 32.485647
2214.944757 -6.962838 31.754788
2215.686196 -7.542172 31.013349
2216.442468 -8.133097 30.257077
2217.192365 -8.719040 29.507180
2217.925346 -9.291765 28.774200
2218.673134 -9.876061 28.026411
2219.420936 -10.460367 27.278609
2220.156024 -11.034739 26.543521
2220.908055 -11.622350 25.791490
2221.674919 -12.221550 25.024626
2222.420587 -12.804189 24.278958
2223.168376 -13.388485 23.531170
2223.914056 -13.971133 22.785489
2224.640674 -14.538887 22.058871
2225.390583 -15.124840 21.308962
2226.148977 -15.717422 20.550569
2226.922178 -16.321574 19.777367
2227.650917 -16.890985 19.048628
2228.402947 -17.478595 18.296598
2229.163449 -18.072825 17.536096
2229.919721 -18.663749 16.779824
2230.661160 -19.243083 16.038386
2231.383536 -19.807523 15.316009
2232.122866 -20.385209 14.576679
2232.874897 -20.972820 13.824649
2233.616323 -21.552144 13.083222
2234.370474 -22.141411 12.329071
2235.103442 -22.714127 11.596103
2235.844893 -23.293471 10.854652
2236.603274 -23.886043 10.096271
2237.338350 -24.460405 9.361195
2238.079801 -25.039749 8.619744
2238.800044 -25.602521 7.899502
2239.552074 -26.190132 7.147471
2240.291405 -26.767819 6.408141
2241.026481 -27.342181 5.673065
2241.761569 -27.916554 4.937976
2242.473341 -28.472707 4.226204
2243.238084 -29.070250 3.461461
2243.987994 -29.656203 2.711552
2244.714611 -30.223957 1.984934
2245.451808 -30.799977 1.247737
2246.199597 -31.384273 0.499948
2246.955882 -31.975207 -0.256337
2247.705792 -32.561160 -1.006246
2248.447230 -33.140494 -1.747685
2249.190777 -33.721476 -2.491232
2249.944929 -34.310743 -3.245383
2250.699080 -34.900011 -3.999535
2251.434169 -35.474383 -4.734623
2252.207383 -36.078546 -5.507838
2252.978476 -36.681051 -6.278931
2253.738977 -37.275280 -7.039432
2254.488887 -37.861233 -7.789342
2255.247280 -38.453815 -8.547735
2255.562913 -38.700439 -8.863368
2256.501367 -39.433714 -9.801822
2257.234335 -40.006430 -10.534790
2257.980003 -40.589068 -11.280458
2258.727804 -41.173374 -12.028259
2259.465001 -41.749394 -12.765456
2260.185256 -42.312176 -13.485711
2260.837719 -42.821987 -14.138173
2261.577036 -43.399664 -14.877491
2262.326959 -43.985627 -15.627413
2263.074747 -44.569923 -16.375202
2263.831007 -45.160838 -17.131462
2264.576687 -45.743486 -17.877142
2265.318126 -46.322820 -18.618581
2266.068036 -46.908773 -19.368491
2266.726848 -47.423546 -20.027303
2267.421691 -47.966472 -20.722145
2268.171600 -48.552425 -21.472055
2268.870672 -49.098655 -22.171127
2269.523134 -49.608466 -22.823589
2270.237039 -50.166286 -23.537494
2270.933977 -50.710849 -24.234432
2271.620349 -51.247156 -24.920804
2272.306708 -51.783452 -25.607162
2272.971870 -52.303187 -26.272325
2273.685775 -52.861007 -26.986230
2274.412393 -53.428761 -27.712848
2275.132648 -53.991543 -28.433103
2275.812644 -54.522868 -29.113099
2276.520187 -55.075717 -29.820641
2277.223500 -55.625261 -30.523955
2277.886554 -56.143349 -31.187009
2278.545367 -56.658122 -31.845821
2279.225375 -57.189457 -32.525830
2279.816408 -63.260929 -33.116863
2280.443458 -71.865824 -33.743913
2281.087437 -80.703034 -34.387892
2281.716607 -89.337034 -35.017062
2282.318232 -97.593020 -35.618687
2282.919856 -105.849007 -36.220311
2283.451567 -113.145582 -36.752022
2283.996003 -120.616787 -37.296458
2284.561611 -128.378515 -37.862065
2285.097551 -135.733126 -38.398005
2285.612332 -142.797387 -38.912787
2286.203365 -150.908024 -39.503820
2286.855828 -159.861653 -40.156282
2287.491348 -168.582792 -40.791803
2288.169236 -177.885330 -41.469691
2288.836520 -178.254910 -42.136974
2289.529228 -176.796337 -42.829683
2290.160520 -175.467085 -43.460975
2290.643526 -163.337741 -42.977968
2291.164645 -150.251304 -42.456849
2291.751436 -135.515707 -41.870058
2292.391186 -119.450194 -41.230309
2292.840296 -108.172060 -40.781199
2293.600785 -89.074530 -40.020710
2294.350707 -70.242345 -39.270788
2295.087904 -51.729723 -38.533591
2295.808159 -33.642547 -37.813336
2296.555948 -14.863941 -37.065547
2297.333391 0.134736 -36.288104
2298.064238 0.665458 -35.557257
2298.807798 1.205413 -34.813697
2299.553465 1.746898 -34.068029
2300.294917 2.285321 -33.326578
2301.055418 2.837579 -32.566077
2301.801086 3.379064 -31.820409
2302.548887 3.922098 -31.072607
2303.307268 4.472815 -30.314227
2304.065648 5.023532 -29.555846
2304.811329 5.565027 -28.810166
2305.559118 6.108052 -28.062377
2306.328090 6.666461 -27.293405
2307.058937 7.197183 -26.562558
2307.817330 7.747910 -25.804165
2308.582073 8.303247 -25.039422
2309.340454 8.853964 -24.281041
2310.096713 9.403141 -23.524781
2310.861456 9.958478 -22.760038
2311.630429 10.516886 -21.991066
2312.420585 11.090678 -21.200910
2313.178978 11.641404 -20.442517
2313.931008 12.187510 -19.690486
2314.714814 12.756690 -18.906681
2315.511333 13.335102 -18.110162
2316.246409 13.868896 -17.375086
2317.021744 14.431924 -16.599751
2317.792837 14.991873 -15.828658
2318.561822 15.550291 -15.059673
2319.292669 16.081013 -14.328826
2320.067991 16.644033 -13.553503
2320.828505 17.196299 -12.792989
2321.584765 17.745476 -12.036730
2322.343158 18.296202 -11.278337
2323.099418 18.845379 -10.522077
2323.864161 19.400716 -9.757334
2324.611950 19.943742 -9.009545
2325.114019 20.308332 -8.507476
2325.376706 20.499088 -8.244789
2326.088477 21.015959 -7.533018
2326.859570 21.575908 -6.761925
2327.620072 22.128165 -6.001423
2328.359389 22.665039 -5.262105
2329.113541 23.212685 -4.507954
2329.882526 23.771102 -3.738969
2330.645148 24.324900 -2.976347
2331.401420 24.874086 -2.220074
2332.164030 25.427874 -1.457465
2332.930894 25.984751 -0.690601
2333.693516 26.538548 0.072022
2334.456139 27.092345 0.834644
2335.231474 27.655374 1.609979
2335.981383 28.199940 2.359889
2336.744006 28.753737 3.122511
2337.496036 29.299843 3.874541
2338.298917 29.882875 4.677423
2339.042464 30.422820 5.420970
2339.809328 30.979698 6.187834
2340.569830 31.531955 6.948335
2341.315510 32.073449 7.694016
2342.069662 32.621095 8.448167
2342.808980 33.157969 9.187485
2343.524993 33.677920 9.903498
2344.327874 34.260953 10.706379
2345.056600 34.790135 11.435105
2345.702713 35.259326 12.081218
2346.458972 35.808503 12.837478
2347.208882 36.353068 13.587387
2347.967275 36.903794 14.345780
2348.721426 37.451440 15.099932
2349.492520 38.011389 15.871025
2350.221258 38.540581 16.599764
2351.007185 39.111301 17.385690
2351.748611 39.649706 18.127116
2352.487942 40.186589 18.866447
2353.201847 40.705009 19.580352
2353.953865 41.251106 20.332370
2354.691074 41.786449 21.069579
2355.402858 42.303329 21.781364
2356.118872 42.823280 22.497377
2356.817943 43.330928 23.196448
2357.527619 43.846277 23.906124
2358.230932 44.357005 24.609438
2358.944825 44.875416 25.323330
2359.652380 45.389225 26.030885
2360.302722 45.861487 26.681227
2360.986972 46.358372 27.365477
2361.709335 46.882935 28.087841
2362.393573 47.379811 28.772079
2363.120191 47.907463 29.498696
2363.840459 48.430503 30.218964
2364.545880 48.942762 30.924386
2365.276727 49.473485 31.655233
2365.975799 49.981133 32.354304
2366.721467 50.522619 33.099972
2367.407838 51.021044 33.786343
2368.147156 51.557919 34.525661
2368.878003 52.088641 35.256508
2369.562253 52.585527 35.940759
2370.297329 53.119321 36.675835
2370.990051 53.622358 37.368556
2371.672181 54.249099 38.050686
2372.371265 65.370307 38.749770
2373.021606 75.716105 39.400112
2373.642294 85.590152 40.020799
2374.205793 94.554437 40.584298
2374.779883 103.687218 41.158389
2375.349720 112.752318 41.728225
2375.885672 121.278389 42.264178
2376.402575 129.501407 42.781080
2376.919465 137.724224 43.297970
2377.347379 144.531585 43.725884
2377.802839 151.777159 44.181344
2378.251936 158.921514 44.630442
2378.713759 166.268307 45.092264
2379.230649 168.919910 45.609154
2379.698809 168.213968 46.077314
2379.976330 158.046798 45.799794
2380.385168 143.068692 45.390956
2380.910542 123.821232 44.865582
2381.497332 102.323705 44.278791
2382.164629 77.876806 43.611495
2382.846758 52.886467 42.929366
2383.194179 40.158427 42.581944
2384.066962 8.183392 41.709162
2384.793567 -0.355849 40.982557
2385.532897 -0.878648 40.243227
2386.274323 -1.402929 39.501801
2387.030595 -1.937708 38.745528
2387.776276 -2.464997 37.999848
2388.492302 -2.971317 37.283822
2389.221028 -3.486617 36.555096
2389.975179 -4.019897 35.800944
2390.735693 -4.557675 35.040430
2391.475011 -5.080465 34.301113
2392.218571 -5.606255 33.557553
2392.987543 -6.150015 32.788581
2393.731115 -6.675813 32.045008
2394.487375 -7.210583 31.288749
2395.226706 -7.733382 30.549418
2395.957552 -8.250182 29.818571
2396.739237 -8.802931 29.036886
2397.472205 -9.321231 28.303919
2398.222128 -9.851520 27.553996
2398.972024 -10.381791 26.804099
2399.711355 -10.904590 26.064769
2400.471856 -11.442360 25.304267
2401.204824 -11.960659 24.571300
2401.954734 -12.490939 23.821390
2402.715248 -13.028718 23.060876
2403.443974 -13.544018 22.332150
2404.212946 -14.087778 21.563178
2404.952277 -14.610577 20.823847
2405.727612 -15.158836 20.048512
2406.483871 -15.693606 19.292253
2407.233794 -16.223894 18.542330
2407.996416 -16.763164 17.779708
2408.759038 -17.302433 17.017086
2409.489885 -17.819233 16.286239
2410.248266 -18.355503 15.527858
2410.998188 -18.885792 14.777936
2411.769281 -19.431051 14.006843
2412.504370 -19.950851 13.271754
2413.262750 -20.487120 12.513374
2413.999960 -21.008420 11.776164
2414.747749 -21.537200 11.028375
2415.518854 -22.082468 10.257269
2416.260293 -22.606758 9.515831
2416.995382 -23.126558 8.780742
2417.724108 -23.641858 8.052016
2418.469776 -24.169138 7.306348
2419.232398 -24.708408 6.543726
2419.971728 -25.231207 5.804395
2420.698321 -25.744998 5.077803
2421.433422 -26.264807 4.342702
2422.204515 -26.810066 3.571608
2422.952304 -27.338846 2.823820
2423.710685 -27.875116 2.065439
2424.430940 -28.384426 1.345184
2425.212637 -28.937184 0.563486
2425.966789 -29.470464 -0.190665
2426.714565 -29.999235 -0.938441
2427.479321 -30.540013 -1.703197
2428.208047 -31.055313 -2.431923
2428.981261 -31.602072 -3.205137
2429.758717 -32.151831 -3.982593
2430.514976 -32.686601 -4.738853
2431.283961 -33.230369 -5.507838
2432.044450 -33.768130 -6.268326
2432.804964 -34.305908 -7.028840
2433.559103 -34.839179 -7.782979
2434.273008 -35.343999 -8.496884
2434.995384 -35.854809 -9.219260
2435.749535 -36.388088 -9.973412
2436.351160 -36.813512 -10.575036
2437.103190 -37.345292 -11.327067
2437.859463 -37.880071 -12.083339
2438.592418 -38.398362 -12.816294
2439.355040 -38.937631 -13.578916
2440.081658 -39.451440 -14.305534
2440.848509 -39.993700 -15.072385
2441.568764 -40.503011 -15.792640
2442.344099 -41.051269 -16.567975
2443.070704 -41.565070 -17.294581
2443.843918 -42.111829 -18.067795
2444.593841 -42.642118 -18.817717
2445.358571 -43.182878 -19.582448
2446.091526 -43.701169 -20.315403
2446.777898 -44.186519 -21.001774
2447.506624 -44.701820 -21.730500
2448.243821 -45.223110 -22.467697
2448.993730 -45.753390 -23.217607
2449.707635 -46.258210 -23.931512
2450.402465 -46.749541 -24.626341
2451.129083 -47.263351 -25.352959
2451.845096 -47.769662 -26.068973
2452.571701 -48.283463 -26.795578
2453.319490 -48.812243 -27.543366
2454.060941 -49.336541 -28.284818
2454.770605 -49.838362 -28.994481
2455.486618 -50.344673 -29.710494
2456.202631 -50.850984 -30.426508
2456.933478 -51.367784 -31.157355
2457.647371 -51.872595 -31.871247
2458.380338 -52.390895 -32.604215
2459.098473 -52.898706 -33.322349
2459.810257 -53.402026 -34.034133
2460.511437 -53.897848 -34.735313
2461.210508 -54.392179 -35.434384
2461.888396 -54.871530 -36.112272
2462.606530 -63.789986 -36.830406
2463.273814 -72.529779 -37.497690
2463.975019 -81.713865 -38.198895
2464.542734 -89.149559 -38.766610
2465.176134 -97.445559 -39.400010
2465.762937 -105.131261 -39.986814
2466.358212 -112.927911 -40.582088
2466.875089 -119.697749 -41.098965
2467.402571 -126.606481 -41.626447
2467.944874 -133.709330 -42.168750
2468.472355 -140.618062 -42.696232
2469.031613 -147.942974 -43.255489
2469.563323 -154.907097 -43.787200
2470.101384 -141.396871 -43.249139
2470.660642 -127.354426 -42.689882
2471.266508 -112.141670 -42.084015
2471.912608 -95.918685 -41.437916
2472.266379 -87.035808 -41.084144
2473.156115 -64.695322 -40.194408
2473.903904 -45.919021 -39.446619
2474.658055 -26.982957 -38.692468
2475.376190 -8.951253 -37.974334
2476.119749 0.271931 -37.230774
2476.865417 0.795795 -36.485106
2477.623798 1.328592 -35.726726
2478.361007 1.846514 -34.989516
2479.104554 2.368889 -34.245969
2479.862935 2.901685 -33.487589
2480.604373 3.422579 -32.746150
2481.341583 3.940501 -32.008940
2482.110568 4.480748 -31.239955
2482.847752 4.998652 -30.502771
2483.618858 5.540389 -29.731665
2484.366647 6.065743 -28.983877
2485.118664 6.594069 -28.231859
2485.887662 7.134325 -27.462861
2486.641801 7.664141 -26.708722
2487.402302 8.198427 -25.948221
2488.154333 8.726762 -25.196190
2488.931789 9.272959 -24.418734
2489.702882 9.814686 -23.647641
2490.469733 10.353434 -22.880790
2491.242947 10.896651 -22.107576
2492.020403 11.442848 -21.330120
2492.789376 11.983086 -20.561148
2493.537177 12.508450 -19.813346
2494.308270 13.050177 -19.042253
2495.094184 13.602317 -18.256339
2495.844107 14.129170 -17.506417
2496.585533 14.650055 -16.764991
2497.379943 15.208164 -15.970580
2498.138323 15.740960 -15.212200
2498.888233 16.267805 -14.462290
2499.667797 16.815483 -13.682726
2500.426190 17.348288 -12.924333
2501.188813 17.884065 -12.161710
2501.947206 18.416870 -11.403317
2502.705574 18.949657 -10.644949
2503.447025 19.470559 -9.903498
2504.048637 19.893218 -9.301886
2505.027350 20.580808 -8.323174
2505.777259 21.107653 -7.573264
2506.533531 21.638968 -6.816992
2507.304612 22.180686 -6.045911
2508.058763 22.710511 -5.291760
2508.821386 23.246287 -4.529138
2509.584008 23.782063 -3.766515
2510.348751 24.319329 -3.001772
2511.111373 24.855106 -2.239150
2511.861296 25.381959 -1.489227
2512.638739 25.928148 -0.711784
2513.401361 26.463924 0.050838
2514.166104 27.001190 0.815581
2514.935089 27.541436 1.584566
2515.693457 28.074224 2.342934
2516.445500 28.602568 3.094977
2517.203894 29.135373 3.853371
2517.839402 29.581845 4.488879
2518.570249 30.095298 5.219725
2519.307445 30.613211 5.956922
2520.063718 31.144526 6.713195
2520.824219 31.678812 7.473696
2521.572021 32.204176 8.221497
2522.302867 32.717629 8.952344
2523.010410 33.214709 9.659887
2523.751849 33.735603 10.401325
2524.512350 34.269889 11.161827
2525.258030 34.793762 11.907507
2526.016411 35.326559 12.665888
2526.808700 35.883177 13.458177
2527.590385 36.432346 14.239862
2528.350887 36.966632 15.000364
2529.107159 37.497947 15.756636
2529.861311 38.027772 16.510787
2530.666300 38.593313 17.315777
2531.437393 39.135040 18.086870
2532.206378 39.675286 18.855855
2532.937238 40.188748 19.586715
2533.721031 40.739397 20.370508
2534.481532 41.273684 21.131009
2535.193317 41.773744 21.842793
2535.938997 42.297617 22.588474
2536.684678 42.821491 23.334155
2537.415525 43.334944 24.065001
2538.131538 43.837975 24.781015
2538.828501 44.327623 25.477978
2539.529694 44.820242 26.179170
2540.230886 45.312861 26.880363
2540.946899 45.815892 27.596376
2541.662913 46.318923 28.312389
2542.389530 46.829404 29.039007
2543.128848 47.348808 29.778325
2543.863937 47.865241 30.513414
2544.590542 48.375713 31.240019
2545.334102 48.898097 31.983578
2546.024715 49.383284 32.674192
2546.764033 49.902687 33.413510
2547.469454 50.398277 34.118931
2548.172767 50.892386 34.822244
2548.914206 51.413280 35.563683
2549.638703 51.922271 36.288180
2550.358958 52.428283 37.008435
2551.045317 52.910480 37.694794
2551.738038 53.397148 38.387515
2552.464644 59.332103 39.114120
2553.153123 70.072932 39.802600
2553.818311 80.450391 40.467788
2554.479245 90.761476 41.128721
2555.108415 100.577037 41.757892
2555.718523 110.095206 42.368000
2556.256584 118.489382 42.906061
2556.752303 126.222993 43.401780
2557.250118 133.989296 43.899595
2557.697094 140.962484 44.346571
2558.127129 147.671366 44.776606
2558.559297 154.413534 45.208774
2558.976619 160.924088 45.626096
2559.357924 166.872745 46.007401
2559.773138 167.442770 46.422615
2560.080300 156.206954 46.115453
2560.501864 140.786392 45.693889
2561.033588 121.336249 45.162165
2561.656408 98.553826 44.539344
2562.342767 73.447216 43.852986
2563.037597 48.030745 43.158156
2563.346880 36.717347 42.848873
2563.632871 26.255950 42.562882
2564.245087 3.861434 41.950665
2564.992876 -0.439545 41.202877
2565.706781 -0.928148 40.488972
2566.441870 -1.431249 39.753883
2567.198142 -1.948849 38.997611
2567.945944 -2.460651 38.249809
2568.659836 -2.949246 37.535917
2569.401287 -3.456702 36.794465
2570.163910 -3.978647 36.031843
2570.890515 -4.475942 35.305238
2571.638316 -4.987744 34.557437
2572.400938 -5.509690 33.794814
2573.133906 -6.011340 33.061847
2573.892287 -6.530382 32.303466
2574.633725 -7.037829 31.562027
2575.377285 -7.546728 30.818468
2576.114495 -8.051281 30.081258
2576.866525 -8.565978 29.329228
2577.614327 -9.077780 28.581426
2578.351523 -9.582324 27.844229
2579.088733 -10.086877 27.107020
2579.849234 -10.607371 26.346518
2580.592794 -11.116270 25.602959
2581.319412 -11.613573 24.876341
2582.050259 -12.113772 24.145494
2582.806518 -12.631363 23.389234
2583.533136 -13.128666 22.662617
2584.272454 -13.634662 21.923299
2585.013893 -14.142109 21.181860
2585.742619 -14.640856 20.453134
2586.507362 -15.164253 19.688391
2587.236088 -15.663000 18.959665
2587.981768 -16.173350 18.213984
2588.746512 -16.696748 17.449241
2589.494313 -17.208550 16.701440
2590.225160 -17.708748 15.970593
2590.975069 -18.221993 15.220683
2591.708037 -18.723642 14.487716
2592.464310 -19.241242 13.731443
2593.201506 -19.745786 12.994246
2593.953537 -20.260483 12.242216
2594.694976 -20.767930 11.500777
2595.440656 -21.278280 10.755097
2596.199037 -21.797323 9.996716
2596.921413 -22.291724 9.274340
2597.654380 -22.793373 8.541372
2598.389469 -23.296475 7.806284
2599.149971 -23.816969 7.045782
2599.893517 -24.325859 6.302235
2600.615893 -24.820260 5.579859
2601.365816 -25.333513 4.829937
2602.098784 -25.835163 4.096969
2602.855043 -26.352754 3.340710
2603.613436 -26.871805 2.582316
2604.346404 -27.373455 1.849349
2605.092072 -27.883797 1.103681
2605.844102 -28.398493 0.351650
2606.608846 -28.921890 -0.413093
2607.386302 -29.453988 -1.190549
2608.131969 -29.964330 -1.936217
2608.896713 -30.487727 -2.700960
2609.650864 -31.003875 -3.455111
2610.415607 -31.527272 -4.219854
2611.182459 -32.052112 -4.986706
2611.926018 -32.561011 -5.730265
2612.680170 -33.077159 -6.484417
2613.417366 -33.581703 -7.221614
2614.163047 -34.092054 -7.967294
2614.910836 -34.603847 -8.715083
2615.648033 -35.108391 -9.452280
2616.378892 -35.608598 -10.183139
2617.113968 -36.111691 -10.918215
2617.846936 -36.613341 -11.651183
2618.601075 -37.129480 -12.405322
2619.348876 -37.641282 -13.153123
2620.077602 -38.140029 -13.881849
2620.838116 -38.660531 -14.642363
2621.598605 -39.181017 -15.402852
2622.373940 -39.711663 -16.178187
2623.130212 -40.229262 -16.934459
2623.852575 -40.723654 -17.656823
2624.585543 -41.225304 -18.389791
2625.341816 -41.742904 -19.146063
2625.727362 -42.006775 -19.531609
2626.009112 -42.199607 -19.813359
2626.716641 -42.683847 -20.520889
2627.468685 -43.198552 -21.272932
2628.214352 -43.708894 -22.018600
2628.887998 -44.169943 -22.692246
2629.612495 -44.665796 -23.416743
2630.313688 -45.145698 -24.117935
2631.052993 -45.651685 -24.857240
2631.790202 -46.156238 -25.594450
2632.489274 -46.634689 -26.293521
2633.218000 -47.133435 -27.022247
2633.940363 -47.627827 -27.744611
2634.669089 -48.126574 -28.473336
2635.397828 -48.625329 -29.202075
2636.105370 -49.109578 -29.909618
2636.804442 -49.588029 -30.608689
2637.531047 -50.085324 -31.335294
2638.238589 -50.569572 -32.042837
2638.916477 -51.033525 -32.720725
2639.617657 -51.513418 -33.421904
2640.335804 -52.004925 -34.140051
2641.081472 -52.515266 -34.885719
2641.784772 -52.996612 -35.589019
2642.483844 -53.475063 -36.288091
2643.212570 -53.973809 -37.016817
2643.943429 -60.746596 -37.747677
2644.604363 -69.267566 -38.408610
2645.244113 -77.515430 -39.048360
2645.934713 -86.418879 -39.738960
2646.513020 -93.874604 -40.317268
2647.099824 -101.439867 -40.904071
2647.631535 -108.294858 -41.435782
2648.142075 -114.876907 -41.946322
2648.622960 -121.076640 -42.427208
2649.139838 -127.740391 -42.944085
2649.658848 -134.431650 -43.463096
2650.139721 -140.631219 -43.943968
2650.739237 -125.579133 -43.344452
2651.328149 -110.793294 -42.755541
2651.963670 -94.837240 -42.120020
2652.601286 -78.828575 -41.482404
2652.872444 -72.020603 -41.211246
2653.149951 -65.053202 -40.933738
2653.870219 -46.969398 -40.213470
2654.630708 -27.875766 -39.452982
2655.378509 -9.100675 -38.705180
2656.105114 0.251351 -37.978575
2656.846553 0.763150 -37.237137
2657.617646 1.295419 -36.466043
2658.352735 1.802834 -35.730955
2659.102632 2.320472 -34.981058
2659.846192 2.833735 -34.237498
2660.602464 3.355773 -33.481226
2661.329082 3.857341 -32.754608
2662.091691 4.383754 -31.991999
2662.862784 4.916022 -31.220905
2663.599981 5.424893 -30.483708
2664.375329 5.960099 -29.708361
2665.125226 6.477736 -28.958464
2665.879377 6.998310 -28.204312
2666.663183 7.539354 -27.420506
2667.427926 8.067240 -26.655763
2668.179957 8.586350 -25.903733
2668.946808 9.115690 -25.136881
2669.732735 9.658199 -24.350955
2670.495357 10.184620 -23.588332
2671.264342 10.715433 -22.819347
2672.031194 11.244774 -22.052496
2672.831942 11.797513 -21.251748
2673.590335 12.321015 -20.493355
2674.325411 12.828422 -19.758279
2675.113458 13.372394 -18.970231
2675.895143 13.911974 -18.188546
2676.653524 14.435467 -17.430166
2677.409809 14.957514 -16.673881
2678.193602 15.498549 -15.890088
2678.988013 16.046913 -15.095677
2679.720968 16.552856 -14.362722
2680.494182 17.086589 -13.589508
2681.246200 17.605690 -12.837490
2682.015197 18.136512 -12.068492
2682.777807 18.662925 -11.305883
2683.534079 19.184963 -10.549611
2684.296701 19.711385 -9.786988
2685.061445 20.239270 -9.022245
2685.334711 20.427900 -8.748979
2685.906680 20.822718 -8.177009
2686.669290 21.349131 -7.414400
2687.438275 21.879944 -6.645415
2688.207260 22.410757 -5.876430
2688.961399 22.931323 -5.122291
2689.724021 23.457744 -4.359669
2690.488764 23.985630 -3.594925
2691.247157 24.509132 -2.836532
2692.030963 25.050176 -2.052726
2692.774510 25.563430 -1.309179
2693.547737 26.097171 -0.535953
2694.331543 26.638215 0.247853
2695.089923 27.161709 1.006234
2695.850425 27.686666 1.766735
2696.600347 28.204321 2.516657
2697.352378 28.723431 3.268688
2698.138304 29.265939 4.054615
2698.886080 29.782113 4.802391
2699.610590 30.282226 5.526900
2700.332966 30.780866 6.249276
2700.951532 31.207849 6.867843
2701.724734 31.741573 7.641044
2702.489490 32.269467 8.405800
2703.199153 32.759332 9.115463
2703.917287 33.255044 9.833597
2704.690501 33.788777 10.606811
2705.463715 34.322510 11.380026
2706.192441 34.825533 12.108752
2706.940243 35.341724 12.856553
2707.694381 35.862289 13.610692
2708.478200 36.403342 14.394510
2709.266248 36.947314 15.182558
2710.052174 37.489822 15.968485
2710.821147 38.020627 16.737457
2711.607074 38.563135 17.523384
2712.382409 39.098332 18.298719
2713.142910 39.623289 19.059220
2713.916124 40.157022 19.832434
2714.695701 40.695147 20.612011
2715.466794 41.227415 21.383104
2716.218825 41.746525 22.135135
2716.960263 42.258324 22.876573
2717.691123 42.762821 23.607433
2718.424078 43.268763 24.340388
2719.173988 43.786410 25.090298
2719.911197 44.295289 25.827507
2720.642044 44.799777 26.558354
2721.362299 45.296953 27.278609
2722.071962 45.786818 27.988273
2722.777397 46.273764 28.693707
2723.525185 46.789946 29.441496
2724.258166 47.295906 30.174476
2724.999605 47.807705 30.915915
2725.721968 48.306337 31.638278
2726.437994 48.800594 32.354304
2727.196374 49.324087 33.112685
2727.918750 49.822727 33.835061
2728.645368 50.324296 34.561678
2729.359273 50.817089 35.275584
2730.062574 51.302562 35.978884
2730.806133 51.815824 36.722444
2731.509447 52.301306 37.425757
2732.202168 52.779477 38.118479
2732.926652 53.279572 38.842963
2733.644799 61.332807 39.561110
2734.339642 72.057927 40.255952
2735.002696 82.292386 40.919006
2735.653038 92.330621 41.569348
2736.292800 102.205564 42.209110
2736.917729 111.851546 42.834039
2737.474865 120.451127 43.391176
2737.957872 127.906488 43.874182
2738.426032 135.132692 44.342342
2738.881492 142.162867 44.797802
2739.317877 148.898608 45.234187
2739.745803 155.503793 45.662113
2740.114395 161.193132 46.030706
2740.523259 167.216814 46.439569
2740.993540 166.507674 46.909850
2741.542205 165.680337 47.458516
2742.126888 164.798690 48.043198
2742.728512 163.891496 48.644823
2743.349200 162.955557 49.265510
2744.003783 162.095686 49.920093
2744.586357 162.095686 50.502668
2745.183753 140.273780 49.905272
2745.637092 123.714014 49.451933
2746.198470 103.207759 48.890555
2746.842462 79.683763 48.246563
2747.571188 53.064553 47.517837
2747.912259 40.605761 47.176766
2748.776557 9.034301 46.312468
2749.486233 -0.296543 45.602792
2750.238276 -0.778885 44.850749
2750.971232 -1.248985 44.117793
2751.689366 -1.709579 43.399659
2752.413863 -2.174254 42.675162
2753.157422 -2.651156 41.931603
2753.915815 -3.137571 41.173209
2754.655133 -3.611752 40.433892
2755.377509 -4.075067 39.711516
2756.123190 -4.553329 38.965835
2756.887933 -5.043817 38.201092
2757.614551 -5.509852 37.474474
2758.353869 -5.984033 36.735156
2759.124974 -6.478602 35.964050
2759.847338 -6.941909 35.241687
2760.590910 -7.418818 34.498115
2761.349291 -7.905226 33.739734
2762.071654 -8.368532 33.017371
2762.764388 -8.812835 32.324637
2763.486751 -9.276142 31.602274
2764.202777 -9.735384 30.886248
2764.870073 -10.163372 30.218951
2765.613620 -10.640265 29.475405
2766.361422 -11.119887 28.727603
2767.107102 -11.598149 27.981923
2767.848541 -12.073690 27.240484
2768.606934 -12.560106 26.482091
2769.331431 -13.024781 25.757594
2770.096162 -13.515261 24.992863
2770.827021 -13.984017 24.262004
2771.581160 -14.467703 23.507865
2772.320490 -14.941892 22.768535
2773.055566 -15.413353 22.033459
2773.794897 -15.887542 21.294128
2774.527865 -16.357650 20.561160
2775.301079 -16.853571 19.787946
2776.031913 -17.322311 19.057112
2776.773364 -17.797860 18.315661
2777.538108 -18.288348 17.550917
2778.300717 -18.777468 16.788308
2779.046398 -19.255730 16.042627
2779.789957 -19.732631 15.299068
2780.542000 -20.214974 14.547024
2781.306744 -20.705462 13.782281
2782.052411 -21.183715 13.036613
2782.800213 -21.663337 12.288812
2783.545893 -22.141599 11.543132
2784.293669 -22.621205 10.795356
2785.069004 -23.118486 10.020021
2785.785030 -23.577728 9.303995
2786.511635 -24.043756 8.577390
2787.263666 -24.526090 7.825359
2788.024167 -25.013858 7.064858
2788.761377 -25.486686 6.327648
2789.500695 -25.960867 5.588330
2790.269667 -26.454068 4.819358
2791.045015 -26.951357 4.044010
2791.809745 -27.441837 3.279280
2792.566018 -27.926892 2.523007
2793.322277 -28.411939 1.766748
2794.080670 -28.898355 1.008355
2794.845414 -29.388843 0.243611
2795.595336 -29.869825 -0.506311
2796.345233 -30.350791 -1.256208
2797.078213 -30.820908 -1.989188
2797.819639 -31.296441 -2.730614
2798.582262 -31.785568 -3.493237
2799.332171 -32.266543 -4.243146
2800.103277 -32.761112 -5.014252
2800.834111 -33.229851 -5.745086
2801.577671 -33.706753 -6.488646
2802.323351 -34.185015 -7.234326
2803.079624 -34.670070 -7.990599
2803.795637 -35.129304 -8.706612
2804.539184 -35.606197 -9.450159
2805.303927 -36.096685 -10.214902
2806.049608 -36.574947 -10.960583
2806.723254 -37.007007 -11.634229
2807.460451 -37.479828 -12.371426
2808.197660 -37.952657 -13.108635
2808.924265 -38.418684 -13.835240
2809.676296 -38.901018 -14.587271
2810.415626 -39.375207 -15.326601
2811.167657 -39.857542 -16.078632
2811.945100 -40.356175 -16.856075
2812.686539 -40.831717 -17.597514
2813.364414 -41.266490 -18.275389
2814.110094 -41.744751 -19.021069
2814.860004 -42.225726 -19.770979
2815.599322 -42.699906 -20.510297
2816.345002 -43.178168 -21.255977
2817.105504 -43.665936 -22.016479
2817.802467 -44.112951 -22.713442
2818.539651 -44.585764 -23.450626
2819.259906 -45.047718 -24.170881
2820.003466 -45.524620 -24.914441
2820.763980 -46.012395 -25.674955
2821.492706 -46.479783 -26.403681
2822.238374 -46.958037 -27.149349
2822.964992 -47.424072 -27.875967
2823.691597 -47.890099 -28.602572
2824.420323 -48.357487 -29.331298
2825.146928 -48.823514 -30.057903
2825.850228 -49.274594 -30.761203
2826.591680 -49.750144 -31.502655
2827.303464 -50.206665 -32.214439
2828.002523 -50.655025 -32.913498
2828.727020 -51.119700 -33.637995
2829.459987 -51.589808 -34.370962
2830.167530 -52.043609 -35.078505
2830.885651 -52.504195 -35.796626
2831.574131 -52.945770 -36.485106
2832.302857 -53.413157 -37.213832
2832.997699 -54.350116 -37.908674
2833.658633 -62.601474 -38.569608
2834.342871 -71.143774 -39.253846
2834.967800 -78.945637 -39.878775
2835.596958 -86.800298 -40.507933
2836.162565 -93.861566 -41.073540
2836.696397 -100.526136 -41.607372
2837.219649 -107.058633 -42.130624
2837.713235 -113.220752 -42.624210
2838.153849 -118.721552 -43.064824
2838.651689 -124.936786 -43.562664
2839.179158 -131.521922 -44.090133
2839.708760 -138.133694 -44.619735
2840.306143 -145.591658 -45.217118
2840.941664 -153.525754 -45.852639
2841.598355 -161.724155 -46.509330
2842.278364 -168.528161 -47.189339
2842.952023 -168.528161 -47.862998
2843.547285 -168.528161 -48.458260
2844.028157 -156.456364 -47.977387
2844.559881 -143.108011 -47.445663
2845.155143 -128.164603 -46.850402
2845.790663 -112.210536 -46.214881
2846.155026 -103.063592 -45.850518
2847.036279 -80.940678 -44.969265
2847.733230 -63.444479 -44.272314
2848.453472 -45.363564 -43.552072
2849.203395 -26.537567 -42.802150
2849.961775 -7.499235 -42.043769
2850.703214 0.270272 -41.302330
2851.448894 0.725504 -40.556650
2852.207275 1.188490 -39.798269
2852.995310 1.669579 -39.010234
2853.696502 2.097652 -38.309042
2854.446425 2.555474 -37.559120
2855.198442 3.014575 -36.807102
2855.971657 3.486617 -36.033888
2856.715203 3.940547 -35.290341
2857.482068 4.408711 -34.523477
2858.246811 4.875581 -33.758734
2858.996720 5.333396 -33.008824
2859.750872 5.793800 -32.254673
2860.500781 6.251614 -31.504763
2861.271875 6.722360 -30.733670
2862.036605 7.189223 -29.968939
2862.799227 7.654798 -29.206317
2863.544921 8.110038 -28.460624
2864.326593 8.587243 -27.678952
2865.108278 9.064456 -26.897267
2865.873034 9.531334 -26.132511
2866.622931 9.989140 -25.382614
2867.398266 10.462476 -24.607279
2868.177830 10.938395 -23.827715
2868.938344 11.402683 -23.067200
2869.709424 11.873422 -22.296120
2870.489001 12.349347 -21.516543
2871.249503 12.813628 -20.756042
2872.003654 13.274032 -20.001890
2872.768397 13.740902 -19.237147
2873.547974 14.216828 -18.457570
2874.304234 14.678518 -17.701311
2875.066843 15.144086 -16.938701
2875.816765 15.601908 -16.188779
2876.636589 16.102404 -15.368956
2877.356831 16.542106 -14.648713
2878.123695 17.010271 -13.881849
2878.888438 17.477141 -13.117106
2879.655290 17.945298 -12.350255
2880.411562 18.406997 -11.593982
2881.172063 18.871277 -10.833481
2881.936807 19.338147 -10.068738
2882.688837 19.797256 -9.316707
2883.451459 20.262832 -8.554085
2884.262812 20.758156 -7.742733
2885.027542 21.225018 -6.978002
2885.777464 21.682840 -6.228080
2886.518890 22.135475 -5.486654
2887.275163 22.597174 -4.730382
2888.058969 23.075682 -3.946576
2888.819470 23.539962 -3.186074
2889.571513 23.999079 -2.434031
2890.344715 24.471113 -1.660830
2891.092516 24.927640 -0.913028
2891.865730 25.399681 -0.139814
2892.626231 25.863962 0.620687
2893.380383 26.324365 1.374839
2894.109109 26.769247 2.103565
2894.731917 27.149467 2.726373
2895.475464 27.603397 3.469919
2896.263511 28.084494 4.257967
2896.994371 28.530678 4.988827
2897.737918 28.984608 5.732374
2898.481490 29.438553 6.475946
2899.237750 29.900244 7.232206
2899.994009 30.361935 7.988465
2900.733340 30.813291 8.727796
2901.457837 31.255591 9.452293
2902.173850 31.692712 10.168306
2902.974598 32.181562 10.969053
2903.705445 32.627739 11.699900
2904.444775 33.079095 12.439231
2905.222218 33.553718 13.216674
2906.003916 34.030938 13.998372
2906.802543 34.518494 14.796999
2907.567286 34.985364 15.561742
2908.340500 35.457406 16.334956
2909.096773 35.919104 17.091228
2909.891170 36.404078 17.885626
2910.658034 36.872243 18.652490
2911.418536 37.336523 19.412991
2912.191750 37.808565 20.186205
2912.943793 38.267682 20.938249
2913.638623 38.691870 21.633078
2914.367349 39.136752 22.361804
2915.121500 39.597155 23.115956
2915.845984 40.039448 23.840440
2916.549298 40.468815 24.543753
2917.286507 40.918876 25.280963
2917.994050 41.350826 25.988505
2918.695242 41.778898 26.689698
2919.421860 42.222493 27.416315
2920.150586 42.667375 28.145042
2920.851778 43.095448 28.846234
2921.574142 43.536445 29.568597
2922.288047 43.972279 30.282502
2922.978660 44.393893 30.973116
2923.705252 44.837472 31.699708
2924.429749 45.279772 32.424205
2925.175430 45.735005 33.169885
2925.889335 46.170838 33.883791
2926.651957 46.636414 34.646413
2927.412459 47.100694 35.406914
2928.111543 47.527480 36.105998
2928.872044 47.991760 36.866500
2929.602891 48.437937 37.597347
2930.325267 48.878942 38.319723
2931.075177 49.336756 39.069632
2931.780611 49.767418 39.775067
2932.498745 50.205834 40.493201
2933.227484 50.650724 41.221939
2933.932918 51.081386 41.927374
2934.638339 51.512040 42.632795
2935.320469 58.639987 43.314925
2935.991994 68.262284 43.986450
2936.665640 77.914971 44.660096
2937.339299 87.567840 45.333755
2937.959986 96.461676 45.954442
2938.544669 104.839603 46.539125
2939.080622 112.519279 47.075077
2939.578462 119.652837 47.572917
2940.069926 126.695042 48.064382
2940.580454 134.010397 48.574909
2941.046518 140.688645 49.040974
2941.474432 146.820229 49.468888
2941.925638 153.285563 49.920093
2942.412873 160.267169 50.407329
2942.917063 161.633281 50.911519
2943.412769 161.633281 51.407225
2943.728415 150.148745 51.091579
2944.183863 133.577631 50.636132
2944.732541 113.614388 50.087454
2945.372303 90.337107 49.447691
2946.073483 64.825208 48.746512
2946.721729 41.239257 48.098265
2946.994995 31.296681 47.825000
2947.300049 20.197519 47.519946
2948.024546 2.011726 46.795449
2948.759622 -0.555791 46.060373
2949.503181 -1.012710 45.316813
2950.246741 -1.469630 44.573253
2950.979709 -1.920041 43.840286
2951.725389 -2.378264 43.094605
2952.452007 -2.824773 42.367987
2953.206146 -3.288193 41.613849
2953.945489 -3.742522 40.874505
2954.680565 -4.194228 40.139429
2955.436825 -4.658952 39.383170
2956.199460 -5.127593 38.620535
2956.934536 -5.579300 37.885459
2957.667516 -6.029718 37.152478
2958.423776 -6.494442 36.396219
2959.177927 -6.957870 35.642067
2959.942670 -7.427807 34.877324
2960.662938 -7.870414 34.157056
2961.410727 -8.329932 33.409268
2962.179699 -8.802468 32.640295
2962.929621 -9.263298 31.890373
2963.671060 -9.718914 31.148934
2964.406136 -10.170620 30.413858
2965.175134 -10.643172 29.644861
2965.918693 -11.100091 28.901301
2966.655878 -11.553093 28.164117
2967.397329 -12.008717 27.422666
2968.145130 -12.468243 26.674864
2968.871736 -12.914744 25.948259
2969.642841 -13.388591 25.177153
2970.375809 -13.839002 24.444185
2971.108764 -14.289405 23.711230
2971.858687 -14.750235 22.961308
2972.606475 -15.209753 22.213519
2973.360627 -15.673181 21.459368
2974.112657 -16.135306 20.707337
2974.885884 -16.610456 19.934110
2975.640023 -17.073877 19.179972
2976.387811 -17.533395 18.432183
2977.154676 -18.004635 17.665319
2977.902477 -18.464162 16.917518
2978.635445 -18.914572 16.184550
2979.406538 -19.388412 15.413457
2980.164918 -19.854439 14.655076
2980.944495 -20.333491 13.875499
2981.666871 -20.777393 13.153123
2982.433735 -21.248633 12.386259
2983.185753 -21.710750 11.634241
2983.950496 -22.180687 10.869498
2984.723710 -22.655830 10.096284
2985.443978 -23.098436 9.376016
2986.187525 -23.555348 8.632469
2986.952268 -24.025285 7.867726
2987.727603 -24.501731 7.092391
2988.481755 -24.965159 6.338240
2989.238027 -25.429891 5.581968
2989.979453 -25.885499 4.840541
2990.759030 -26.364551 4.060965
2991.532244 -26.839694 3.287751
2992.282166 -27.300523 2.537828
2993.044789 -27.769157 1.775206
2993.798927 -28.232577 1.021067
2994.567912 -28.705121 0.252082
2995.326293 -29.171148 -0.506298
2996.078323 -29.633273 -1.258329
2996.828233 -30.094095 -2.008238
2997.580263 -30.556220 -2.760269
2998.336536 -31.020951 -3.516541
2999.097050 -31.488289 -4.277055
2999.846947 -31.949103 -5.026952
3000.592627 -32.407326 -5.772633
3001.359479 -32.878559 -6.539484
3002.109401 -33.339388 -7.289406
3002.861419 -33.801505 -8.041424
3003.596520 -34.253227 -8.776525
3004.340067 -34.710139 -9.520072
3005.113281 -35.185281 -10.293287
3005.806003 -35.610961 -10.986008
3006.543199 -36.063970 -11.723205
3007.293109 -36.524792 -12.473114
3008.059973 -36.996032 -13.239979
3008.723027 -37.403481 -13.903033
3009.466587 -37.860401 -14.646593
3010.210134 -38.317313 -15.390139
3010.985469 -38.793758 -16.165474
3011.762925 -39.271507 -16.942930
3012.498014 -39.723221 -17.678019
3013.250044 -40.185346 -18.430049
3014.008412 -40.651366 -19.188417
3014.758334 -41.112195 -19.938340
3015.506123 -41.571713 -20.686128
3016.256045 -42.032543 -21.436051
3017.029259 -42.507685 -22.209265
3017.728331 -42.937267 -22.908336
3018.469757 -43.392875 -23.649762
3019.215437 -43.851098 -24.395443
3019.942042 -44.297599 -25.122048
3020.675010 -44.748010 -25.855016
3021.431270 -45.212734 -26.611275
3022.176938 -45.670949 -27.356943
3022.939573 -46.139590 -28.119578
3023.664057 -46.584788 -28.844062
3024.403375 -47.039101 -29.583380
3025.144813 -47.494717 -30.324819
3025.892602 -47.954236 -31.072607
3026.617099 -48.399441 -31.797104
3027.345825 -48.847245 -32.525830
3028.091493 -49.305460 -33.271498
3028.815990 -49.750666 -33.995995
3029.555307 -50.204979 -34.735313
3030.269200 -50.643668 -35.449205
3031.010651 -51.099292 -36.190657
3031.773261 -51.567918 -36.953266
3032.497758 -52.013123 -37.677763
3033.230713 -52.463526 -38.410718
3033.946739 -52.903526 -39.126744
3034.694527 -53.363045 -39.874533
3035.438087 -54.242014 -40.618093
3036.130796 -62.703348 -41.310801
3036.806563 -70.957741 -41.986568
3037.475980 -79.134570 -42.655985
3038.136926 -87.207927 -43.316931
3038.783026 -95.099940 -43.963031
3039.403713 -102.681540 -44.583718
3039.943907 -109.279935 -45.123913
3040.524348 -116.369933 -45.704354
3041.123852 -123.692778 -46.303857
3041.632258 -129.902886 -46.812264
3042.163982 -136.397810 -47.343987
3042.689343 -142.815015 -47.869348
3043.201991 -149.076936 -48.381996
3043.788794 -134.347422 -47.795193
3044.373464 -119.671464 -47.210523
3045.011106 -103.665849 -46.572881
3045.646614 -87.713789 -45.937373
3046.140199 -75.324165 -45.443788
3046.843500 -57.670426 -44.740487
3047.557405 -39.750500 -44.026582
3048.305194 -20.980052 -43.278793
3049.046632 -2.368998 -42.537355
3049.777479 0.381234 -41.806508
3050.508326 0.818999 -41.075661
3051.264586 1.271986 -40.319401
3052.020858 1.724980 -39.563129
3052.758055 2.166549 -38.825932
3053.482552 2.600510 -38.101435
3054.219749 3.042079 -37.364238
3054.990842 3.503950 -36.593145
3055.749222 3.958208 -35.834764
3056.488540 4.401046 -35.095447
3057.261767 4.864196 -34.322220
3058.011664 5.313372 -33.572323
3058.774299 5.770177 -32.809688
3059.513617 6.213016 -32.070370
3060.291060 6.678691 -31.292927
3061.026149 7.118997 -30.557838
3061.790879 7.577058 -29.793108
3062.568335 8.042741 -29.015652
3063.314016 8.489391 -28.269971
3064.066046 8.939844 -27.517941
3064.830777 9.397905 -26.753210
3065.610353 9.864858 -25.973634
3066.368734 10.319115 -25.215253
3067.116523 10.767028 -24.467464
3067.881266 11.225096 -23.702721
3068.645996 11.683157 -22.937991
3069.419223 12.146307 -22.164764
3070.177604 12.600564 -21.406383
3070.961397 13.070043 -20.622590
3071.719790 13.524307 -19.864197
3072.454879 13.964613 -19.129108
3073.215380 14.420141 -18.368607
3073.992823 14.885816 -17.591164
3074.742746 15.335007 -16.841241
3075.509597 15.794338 -16.074390
3076.253157 16.239717 -15.330830
3077.017887 16.697778 -14.566100
3077.750855 17.136813 -13.833132
3078.521961 17.598693 -13.062026
3079.271870 18.047876 -12.312117
3080.040843 18.508477 -11.543144
3080.797115 18.961471 -10.786872
3081.559737 19.418269 -10.024250
3082.305405 19.864912 -9.278582
3083.065906 20.320439 -8.518080
3083.822191 20.773441 -7.761795
3084.580559 21.227691 -7.003428
3085.343194 21.684496 -6.240793
3086.114287 22.146368 -5.469699
3086.866318 22.596821 -4.717669
3087.616228 23.046005 -3.967759
3088.364016 23.493917 -3.219971
3089.139364 23.958338 -2.444623
3089.910444 24.420202 -1.673542
3090.584103 24.823712 -0.999884
3091.482298 25.361715 -0.101689
3092.253404 25.823595 0.669417
3092.999072 26.270237 1.415085
3093.717206 26.700387 2.133219
3094.490420 27.163530 2.906433
3095.278468 27.635557 3.694481
3096.011423 28.074585 4.427436
3096.733812 28.507283 5.149825
3097.456175 28.939967 5.872188
3098.216689 29.395502 6.632702
3098.970828 29.847218 7.386841
3099.691083 30.278639 8.107096
3100.428292 30.720215 8.844305
3101.186673 31.174472 9.602686
3101.919653 31.613515 10.335666
3102.646246 32.048731 11.062259
3103.391926 32.495381 11.807939
3104.139728 32.943302 12.555741
3104.910821 33.405173 13.326834
3105.686156 33.869586 14.102169
3106.440307 34.321310 14.856320
3107.219871 34.788256 15.635884
3107.986735 35.247594 16.402749
3108.730295 35.692974 17.146308
3109.484446 36.144698 17.900460
3110.266131 36.612914 18.682144
3111.032983 37.072245 19.448996
3111.759613 37.507484 20.175626
3112.520115 37.963012 20.936128
3113.270024 38.412195 21.686037
3114.019934 38.861378 22.435947
3114.619450 39.220478 23.035463
3115.354539 39.660784 23.770552
3116.108678 40.112500 24.524691
3116.845887 40.554076 25.261900
3117.540717 40.970268 25.956730
3118.254622 41.397885 26.670635
3118.979119 41.831846 27.395132
3119.686649 42.255644 28.102662
3120.413266 42.690876 28.829279
3121.133521 43.122297 29.549535
3121.862247 43.558791 30.278260
3122.603699 44.002908 31.019712
3123.292179 44.415296 31.708192
3124.027267 44.855602 32.443280
3124.745401 45.285752 33.161414
3125.474127 45.722246 33.890141
3126.196503 46.154937 34.612516
3126.910409 46.582554 35.326422
3127.658210 47.030475 36.074223
3128.372102 47.458084 36.788115
3129.077537 47.880627 37.493550
3129.808383 48.318392 38.224396
3130.515926 48.742198 38.931939
3131.248894 49.181234 39.664907
3131.990332 49.625343 40.406345
3132.685175 50.041542 41.101188
3133.403309 50.471692 41.819322
3134.108743 50.894235 42.524756
3134.799331 51.307886 43.215344
3135.496294 55.345919 43.912307
3136.189016 65.150938 44.605029
3136.885966 75.015816 45.301980
3137.542683 84.311214 45.958697
3138.205738 93.696313 46.621751
3138.864550 103.021371 47.280563
3139.472537 111.627030 47.888550
3140.072041 120.112608 48.488054
3140.614356 127.788727 49.030369
3141.088879 134.505286 49.504892
3141.557052 141.131964 49.973065
3142.016741 147.638563 50.432754
3142.501856 154.505042 50.917869
3142.955195 160.921761 51.371208
3143.355588 161.431561 51.771601
3143.844931 161.431561 52.260945
3144.268616 146.043138 51.837260
3144.721955 129.577650 51.383921
3145.312988 108.111074 50.792888
3145.969705 84.258811 50.136171
3146.687839 58.175847 49.418037
3147.175075 40.479230 48.930801
3147.444111 30.707690 48.661764
3147.918634 13.472803 48.187242
3148.666423 -0.226658 47.439453
3149.416345 -0.677706 46.689531
3150.140829 -1.113455 45.965046
3150.882281 -1.559408 45.223595
3151.632190 -2.010449 44.473686
3152.384221 -2.462765 43.721655
3153.123551 -2.907443 42.982324
3153.852277 -3.345742 42.253599
3154.581016 -3.784050 41.524860
3155.328805 -4.233815 40.777071
3156.076594 -4.683580 40.029282
3156.813816 -5.126989 39.292060
3157.580667 -5.588220 38.525209
3158.311514 -6.027795 37.794362
3159.042361 -6.467370 37.063515
3159.800754 -6.923514 36.305122
3160.569727 -7.386020 35.536149
3161.300586 -7.825603 34.805290
3162.033554 -8.266454 34.072322
3162.804647 -8.730235 33.301229
3163.550328 -9.178732 32.555548
3164.315071 -9.638695 31.790805
3165.060739 -10.087184 31.045137
3165.827603 -10.548422 30.278273
3166.583875 -11.003290 29.522001
3167.316843 -11.444141 28.789033
3168.054040 -11.887535 28.051836
3168.810325 -12.342411 27.295551
3169.549643 -12.787081 26.556233
3170.314373 -13.247036 25.791503
3171.019807 -13.671326 25.086069
3171.754896 -14.113453 24.350980
3172.513276 -14.569588 23.592599
3173.252607 -15.014266 22.853269
3174.002517 -15.465307 22.103359
3174.760910 -15.921450 21.344966
3175.527761 -16.382680 20.578115
3176.284033 -16.837548 19.821842
3177.042414 -17.293684 19.063462
3177.807157 -17.753646 18.298719
3178.559200 -18.205970 17.546676
3179.300626 -18.651908 16.805250
3180.061140 -19.109327 16.044736
3180.804687 -19.556541 15.301189
3181.575793 -20.020330 14.530083
3182.310869 -20.462449 13.795007
3183.071383 -20.919868 13.034493
3183.829764 -21.376004 12.276112
3184.588157 -21.832147 11.517719
3185.323246 -22.274273 10.782630
3186.037138 -22.703651 10.068738
3186.814594 -23.171260 9.291282
3187.547562 -23.612111 8.558314
3188.314426 -24.073349 7.791450
3189.062202 -24.523106 7.043674
3189.826958 -24.983076 6.278918
3190.591688 -25.443031 5.514188
3191.333127 -25.888977 4.772749
3192.066095 -26.329828 4.039781
3192.856251 -26.805075 3.249625
3193.616765 -27.262494 2.489111
3194.392100 -27.728827 1.713776
3195.180135 -28.202799 0.925741
3195.934299 -28.656398 0.171577
3196.696909 -29.115077 -0.591033
3197.461652 -29.575040 -1.355776
3198.224274 -30.033727 -2.118398
3199.001717 -30.501328 -2.895841
3199.753760 -30.953652 -3.647884
3200.512141 -31.409787 -4.406265
3201.268413 -31.864655 -5.162537
3202.018323 -32.315696 -5.912447
3202.766112 -32.765461 -6.660236
3203.507550 -33.211406 -7.401674
3204.255339 -33.661171 -8.149463
3205.011611 -34.116039 -8.905735
3205.753050 -34.561985 -9.647174
3206.481789 -35.000292 -10.375913
3207.233806 -35.452601 -11.127930
3207.983729 -35.903649 -11.877853
3208.737867 -36.357233 -12.631991
3209.492019 -36.810825 -13.386143
3210.235578 -37.258047 -14.129703
3211.006672 -37.721829 -14.900796
3211.769294 -38.180515 -15.663418
3212.529808 -38.637934 -16.423932
3213.315722 -39.110630 -17.209846
3214.086815 -39.574412 -17.980939
3214.843088 -40.029280 -18.737212
3215.590876 -40.479045 -19.485000
3216.349257 -40.935180 -20.243381
3217.120350 -41.398962 -21.014474
3217.863910 -41.846183 -21.758034
3218.495201 -42.225880 -22.389325
3219.298057 -42.708766 -23.192181
3220.033146 -43.150892 -23.927270
3220.783055 -43.601933 -24.677180
3221.532965 -44.052974 -25.427089
3222.295600 -44.511668 -26.189724
3223.024326 -44.949968 -26.918450
3223.740339 -45.380621 -27.634463
3224.492370 -45.832938 -28.386494
3225.216867 -46.268694 -29.110991
3225.962535 -46.717183 -29.856659
3226.689152 -47.154215 -30.583276
3227.445399 -47.609067 -31.339523
3228.178380 -48.049925 -32.072504
3228.913456 -48.492044 -32.807580
3229.654894 -48.937990 -33.549019
3230.389970 -49.380109 -34.284095
3231.120817 -49.819684 -35.014941
3231.845302 -50.255432 -35.739426
3232.578282 -50.696291 -36.472406
3233.340892 -51.154970 -37.235016
3234.073847 -51.595813 -37.967971
3234.796235 -52.030301 -38.690359
3235.529191 -52.471145 -39.423315
3236.270629 -52.917090 -40.164753
3237.022660 -53.369407 -40.916784
3237.723852 -54.151963 -41.617976
3238.401727 -62.340640 -42.295851
3239.107162 -70.862227 -43.001286
3239.785049 -79.051057 -43.679173
3240.409978 -86.600147 -44.304102
3241.013711 -93.893187 -44.907835
3241.553893 -100.418538 -45.448017
3242.140684 -107.506923 -46.034808
3242.714787 -114.442046 -46.608911
3243.271911 -121.172053 -47.166035
3243.814226 -127.723179 -47.708350
3244.348058 -134.171823 -48.242182
3244.833172 -140.031967 -48.727297
3245.513181 -122.964187 -48.047288
3246.099972 -108.236118 -47.460497
3246.752447 -91.859413 -46.808022
3247.347709 -76.918730 -46.212760
3247.945092 -61.924814 -45.615377
3248.673830 -43.633945 -44.886639
3249.387710 -25.716027 -44.172759
3250.131270 -7.053163 -43.429199
3250.902363 0.288248 -42.658106
3251.639572 0.721845 -41.920897
3252.374648 1.154188 -41.185821
3253.135162 1.601492 -40.425306
3253.880830 2.040064 -39.679639
3254.624377 2.477389 -38.936092
3255.363695 2.912226 -38.196774
3256.111496 3.352053 -37.448973
3256.880469 3.804332 -36.680000
3257.636741 4.249141 -35.923728
3258.371817 4.681484 -35.188652
3259.130197 5.127533 -34.430272
3259.888591 5.573590 -33.671878
3260.651213 6.022134 -32.909256
3261.405364 6.465696 -32.155105
3262.165853 6.912985 -31.394616
3262.907304 7.349078 -30.653164
3263.674156 7.800109 -29.886313
3264.426186 8.242424 -29.134283
3265.180338 8.685986 -28.380131
3265.945068 9.135770 -27.615401
3266.720403 9.591791 -26.840066
3267.470313 10.032858 -26.090156
3268.249890 10.491374 -25.310579
3269.008270 10.937423 -24.552199
3269.773013 11.387215 -23.787456
3270.533515 11.834512 -23.026954
3271.306729 12.289286 -22.253740
3272.086306 12.747802 -21.474163
3272.867978 13.207550 -20.692491
3273.615779 13.647377 -19.944690
3274.363568 14.087197 -19.196901
3275.153737 14.551943 -18.406732
3275.907875 14.995497 -17.652594
3276.659906 15.437812 -16.900563
3277.428878 15.890091 -16.131591
3278.187259 16.336140 -15.373210
3278.935060 16.775967 -14.625409
3279.697682 17.224511 -13.862787
3280.464546 17.675550 -13.095923
3281.225048 18.122847 -12.335421
3281.983428 18.568896 -11.577041
3282.758763 19.024918 -10.801706
3283.506552 19.464737 -10.053917
3284.254353 19.904564 -9.306116
3285.031809 20.361833 -8.528660
3285.790190 20.807882 -7.770279
3286.537991 21.247709 -7.022478
3287.302722 21.697493 -6.257747
3288.075936 22.152267 -5.484533
3288.840679 22.602059 -4.719790
3289.590589 23.043126 -3.969880
3290.361695 23.496660 -3.198774
3291.130667 23.948939 -2.429802
3291.878468 24.388766 -1.682001
3292.653791 24.844780 -0.906678
3293.405821 25.287094 -0.154648
3294.179035 25.741868 0.618566
3294.939549 26.189172 1.379080
3295.693688 26.632727 2.133219
3296.443598 27.073794 2.883129
3297.214703 27.527328 3.654234
