# cumulative_displacement force displacement
0.000000 0.000000 0.000000
0.427914 11.165633 0.427914
0.699072 -8.608344 0.156756
1.090968 -9.213449 -0.235141
1.360005 7.981627 0.033896
1.919249 14.558544 0.593141
2.323859 -8.291384 0.188531
2.794140 -9.818555 -0.281749
3.126727 -8.759620 -0.614337
3.927475 9.717703 0.186411
4.562996 16.409878 0.821931
5.181562 20.681633 1.440497
5.795899 27.366604 2.054835
6.350927 36.018166 2.609863
6.632677 -0.799603 2.328113
7.107187 -4.545494 1.853603
7.799908 -8.096886 1.160882
8.534997 -9.544817 0.425793
9.251010 -11.021562 -0.290220
9.592069 -9.991442 -0.631279
10.594073 -14.140737 -1.633284
11.327041 -15.956053 -2.366251
11.964683 -19.032006 -3.003893
12.920078 7.376522 -2.048497
13.655167 8.132903 -1.313409
14.402968 9.119801 -0.565607
15.142286 9.955423 0.173711
15.688818 10.402048 0.720242
16.051073 12.274993 1.082497
16.542537 15.430184 1.573962
17.074261 21.193090 2.105685
17.586909 32.740513 2.618334
17.851704 -0.857233 2.353539
18.355882 -4.703974 1.849361
19.046495 -7.916795 1.158748
19.785800 -9.148617 0.419443
20.531480 -9.732111 -0.326238
21.315286 -10.632566 -1.110043
22.065196 -11.396151 -1.859953
22.599028 -11.518613 -2.393785
23.266324 -17.749759 -3.061081
24.007763 7.189227 -2.319642
24.696230 7.419743 -1.631175
25.367767 8.464270 -0.959637
26.111327 8.615547 -0.216078
26.791323 9.645666 0.463918
27.168399 10.135513 0.840994
27.589975 12.397454 1.262571
28.041181 15.451795 1.713776
28.511462 21.293941 2.184057
28.960572 32.762124 2.633167
29.231730 -0.857233 2.362010
29.738028 -4.776010 1.855711
30.434979 -7.837555 1.158761
31.180659 -9.011748 0.413080
31.936919 -9.530409 -0.343179
32.718616 -10.221959 -1.124877
33.470647 -10.956729 -1.876908
34.161247 -12.102108 -2.567508
34.654820 -17.159060 -3.061081
34.953511 6.893878 -2.762390
35.703421 7.210838 -2.012480
36.457572 7.880776 -1.258329
37.247741 8.356216 -0.468160
38.004001 9.242263 0.288100
38.601396 9.984237 0.885495
38.969988 11.986847 1.254087
39.476286 15.300519 1.760385
39.995285 22.280839 2.279383
40.543963 38.193663 2.828061
41.118041 53.083570 3.402140
41.696373 67.534055 3.980472
42.289514 81.300196 4.573613
42.878439 94.273938 5.162537
43.477929 106.793853 5.762028
43.982119 117.138272 6.266218
44.327420 21.855825 5.920918
44.848551 6.929896 5.399786
45.441692 0.172887 4.806645
45.878090 -2.845436 4.370248
46.524202 -5.906981 3.724135
47.246578 -6.648955 3.001759
47.971075 -7.088377 2.277262
48.701909 -7.484577 1.546428
49.413693 -7.988831 0.834644
50.144540 -8.385031 0.103797
50.881750 -8.954119 -0.633413
51.610476 -9.804148 -1.362138
52.311656 -11.677093 -2.063318
52.625180 -10.366031 -2.376843
53.394165 -21.531668 -3.145828
53.991548 -32.495606 -3.743211
54.561397 -43.834135 -4.313060
55.059224 -54.236195 -4.810887
55.389678 -61.259748 -5.141341
55.688382 -68.376949 -5.440045
56.213743 -81.372330 -5.965406
56.559044 -87.545859 -6.310706
57.387338 -5.273061 -5.482412
57.861860 -0.777993 -5.007889
58.558811 3.169599 -4.310939
59.323541 4.869657 -3.546208
60.092539 4.912879 -2.777211
60.861511 4.898471 -2.008238
61.611421 5.445948 -1.258329
62.357089 6.310384 -0.512661
63.119724 6.742602 0.249974
63.869634 7.340503 0.999884
64.625906 8.032052 1.756156
65.356740 9.984237 2.486990
65.945652 15.696718 3.075902
66.456192 21.358774 3.586442
67.028162 29.830246 4.158412
67.606482 41.615388 4.736732
68.085233 56.051466 5.215484
68.544935 74.463949 5.675186
68.938953 95.455334 6.069203
69.313908 115.236513 6.444158
69.775718 128.066188 6.905968
70.144323 25.176699 6.537363
70.676033 8.550714 6.005652
71.284021 1.145378 5.397665
71.733105 -2.017018 4.948580
72.430069 -5.352301 4.251617
73.169386 -6.079868 3.512299
73.917188 -6.368013 2.764498
74.656506 -6.627344 2.025180
75.425478 -6.778621 1.256208
76.181750 -7.239653 0.499935
76.950722 -7.801537 -0.269037
77.709116 -8.168922 -1.027430
78.446313 -9.854573 -1.764627
79.122080 -12.440678 -2.440394
79.664395 -15.055598 -2.982709
80.376166 -19.601093 -3.694481
81.060417 -26.444549 -4.378731
81.670512 -36.385571 -4.988827
82.172569 -49.330514 -5.490883
82.568720 -64.371722 -5.887034
83.011455 -84.700417 -6.329769
83.839749 -6.670566 -5.501475
84.439252 -1.001305 -4.901971
84.996388 2.168294 -4.344835
85.748419 4.379810 -3.592805
86.519512 4.408624 -2.821711
87.284255 4.379810 -2.056968
88.038407 4.293366 -1.302817
88.788316 5.172210 -0.552907
89.563651 5.438744 0.222428
90.317803 5.878166 0.976579
91.076183 6.238347 1.734960
91.819743 8.197736 2.478519
92.196818 10.366030 2.855595
92.527285 13.355538 3.186062
92.991216 17.742550 3.649993
93.544123 23.800806 4.202900
94.154219 32.740513 4.812995
94.732539 45.080335 5.391315
95.177407 60.366442 5.836183
95.611683 79.715397 6.270460
95.984517 101.564015 6.643294
96.312863 122.065559 6.971640
96.634859 26.574204 6.649644
97.128444 9.573630 6.156058
97.723706 2.038629 5.560797
98.011805 -0.072036 5.272697
98.780803 -4.487865 4.503699
99.488333 -5.734094 3.796170
100.202238 -6.036646 3.082265
100.922493 -6.274366 2.362010
101.672415 -6.447253 1.612087
102.409600 -6.699381 0.874903
103.117155 -7.174821 0.167348
103.869185 -7.434151 -0.584683
104.597911 -8.226551 -1.313409
105.284270 -10.221959 -1.999767
105.955808 -12.822471 -2.671305
106.419726 -15.127635 -3.135224
107.108206 -19.550668 -3.823703
107.773381 -26.026738 -4.488879
108.353822 -35.153749 -5.069319
108.870712 -47.731305 -5.586209
109.262621 -63.183121 -5.978119
109.669351 -84.124125 -6.384849
110.561196 -6.130293 -5.493004
111.143758 -0.929269 -4.910442
111.751732 2.333978 -4.302468
112.529188 4.307773 -3.525012
113.308752 4.307773 -2.745448
114.077725 4.235737 -1.976476
114.842468 4.185312 -1.211732
115.594498 4.927286 -0.459702
116.386788 5.251450 0.332588
117.153652 5.611631 1.099452
117.920503 6.065460 1.866303
118.642879 8.471474 2.588679
118.990300 10.423659 2.936100
119.386426 13.708516 3.332226
119.873662 18.275619 3.819462
120.456223 24.405911 4.402023
121.068440 33.439266 5.014239
121.653109 46.052825 5.598909
122.108582 62.030481 6.054382
122.504721 82.524813 6.450520
122.875434 105.792548 6.821233
123.252509 129.081901 7.198309
123.629572 139.239029 7.575372
123.998190 148.668592 7.943990
124.498125 158.220620 8.443925
124.945102 166.670492 8.890902
125.478946 176.726779 9.424746
126.008549 180.270972 9.954349
126.578398 29.844653 9.384500
127.078346 9.868979 8.884552
127.671487 1.253432 8.291411
128.071880 -1.620818 7.891018
128.749768 -4.891268 7.213130
129.465781 -6.339199 6.497117
130.192386 -6.735399 5.770512
130.925354 -7.030748 5.037544
131.675264 -7.333301 4.287634
132.406111 -7.743908 3.556787
133.128487 -8.320199 2.834411
133.844513 -9.004544 2.118385
134.588059 -9.624057 1.374839
135.293494 -10.891897 0.669404
136.003157 -12.368642 -0.040259
136.702216 -13.838184 -0.739318
137.053879 -10.351624 -1.090981
137.933011 -17.159060 -1.970113
138.640553 -19.557871 -2.677655
139.333262 -22.806712 -3.370364
140.030225 -27.301782 -4.067327
140.676338 -33.590559 -4.713440
141.212291 -42.465443 -5.249393
141.671980 -53.580663 -5.709082
142.263012 -76.682755 -6.300114
142.870987 -97.717416 -6.908089
143.190874 -105.526179 -7.227976
143.548875 -113.925644 -7.585977
144.082706 -125.768462 -8.119808
144.667389 -137.409585 -8.704491
145.247830 -148.740957 -9.284932
145.830392 -156.845089 -9.867494
146.321869 -26.682269 -9.376016
146.940435 -9.256671 -8.757450
147.603489 -2.269145 -8.094396
148.103425 1.174192 -7.594460
148.838514 4.307773 -6.859372
149.590544 4.869657 -6.107341
150.329862 5.251450 -5.368023
151.086134 5.460355 -4.611751
151.865698 5.618835 -3.832187
152.621971 5.770111 -3.075915
153.382472 5.993424 -2.315413
154.130273 6.793027 -1.567612
154.882304 8.010441 -0.815581
155.632213 9.724906 -0.065672
156.365181 11.050375 0.667296
157.127804 13.895810 1.429918
157.754841 15.905624 2.056955
158.405195 18.261212 2.707310
159.015290 21.005796 3.317405
159.695286 24.146580 3.997401
160.404962 27.712378 4.707077
161.087079 31.818449 5.389194
161.758617 36.918620 6.060732
162.387775 43.992587 6.689890
162.972458 53.789526 7.274573
163.432160 64.933544 7.734275
163.934203 79.275975 8.236318
164.364251 96.204512 8.666366
164.732843 114.062320 9.034958
165.050610 131.084512 9.352725
165.321755 144.468871 9.623869
165.756031 165.755629 10.058146
166.082269 179.183222 10.384384
166.681785 27.870858 9.784867
167.183841 9.760924 9.282811
167.817241 1.959389 8.649411
168.154058 -0.057629 8.312594
168.959060 -4.228534 7.507592
169.696257 -5.424337 6.770395
170.437696 -5.726890 6.028957
171.174905 -5.921388 5.291747
171.952348 -6.202330 4.514304
172.702258 -6.612937 3.764394
173.443697 -7.196432 3.022956
174.199969 -7.902388 2.266683
174.960483 -8.730806 1.506169
175.687088 -10.164329 0.779564
176.400993 -11.641075 0.065659
177.136069 -13.175449 -0.669417
177.839383 -14.299217 -1.372730
178.402869 -16.215384 -1.936217
179.127366 -18.254013 -2.660713
179.847621 -20.681639 -3.380969
180.589047 -23.462243 -4.122395
181.328377 -26.718287 -4.861725
182.025328 -30.601049 -5.558676
182.690503 -35.434691 -6.223851
183.334495 -41.853134 -6.867843
183.868339 -48.711001 -7.401687
184.359804 -58.162181 -7.893152
184.700862 -66.921813 -8.234210
185.005904 -75.818317 -8.539251
185.277061 -85.636891 -8.810409
185.575753 -99.143740 -9.109100
185.957058 -120.682677 -9.490405
186.429472 -144.865382 -9.962820
186.918829 -27.438651 -9.473463
187.520440 -10.661380 -8.871852
188.172903 -3.544188 -8.219389
188.575404 -0.763585 -7.816888
189.316843 3.234432 -7.075449
190.054039 4.120479 -6.338253
190.795478 4.430235 -5.596814
191.526325 4.660752 -4.865967
192.288947 4.739991 -4.103345
193.024036 4.848046 -3.368256
193.776067 4.956101 -2.616225
194.502684 5.417133 -1.889608
195.231410 6.396827 -1.160882
195.985562 7.916794 -0.406730
196.678271 9.609648 0.285979
197.406997 10.999949 1.014705
198.190815 13.434778 1.798523
198.773364 15.142039 2.381072
199.408885 17.274314 3.016593
200.027464 19.737957 3.635172
200.669322 22.439319 4.277030
201.351451 25.450437 4.959160
202.027231 28.800127 5.634939
202.698756 32.841364 6.306464
203.323685 38.272903 6.931393
203.925297 45.930364 7.533005
204.410424 55.259067 8.018132
204.887055 67.814997 8.494763
205.293798 82.971439 8.901506
205.628507 98.257547 9.236215
205.963202 116.727665 9.570911
206.316986 134.390981 9.924694
206.893173 163.587333 10.500881
207.213060 171.799486 10.820768
207.575302 59.545228 10.458526
207.958741 28.122985 10.075088
208.507393 10.070681 9.526435
209.115381 2.247534 8.918448
209.481864 -0.057629 8.551964
210.263549 -3.882759 7.770279
210.998638 -5.229839 7.035190
211.742185 -5.532392 6.291644
212.483624 -5.690872 5.550205
213.229304 -5.935795 4.804524
214.000410 -6.346403 4.033418
214.775745 -6.821842 3.258083
215.495988 -7.563817 2.537841
216.222605 -8.543511 1.811223
216.961923 -9.840166 1.071905
217.688528 -11.230468 0.345300
218.419388 -12.678398 -0.385559
219.145980 -14.169551 -1.112152
219.726434 -13.355540 -1.692605
220.414913 -17.087024 -2.381085
221.130927 -19.089635 -3.097098
221.863882 -21.286744 -3.830053
222.611683 -23.908869 -4.577855
223.346772 -26.927193 -5.312943
224.039481 -30.745121 -6.005652
224.681364 -35.427487 -6.647536
225.344418 -41.773894 -7.310590
225.861296 -48.790241 -7.827467
226.335819 -58.911360 -8.301990
226.681119 -68.679503 -8.647290
227.026419 -82.251176 -8.992591
227.331473 -95.347414 -9.297645
227.657711 -113.947255 -9.623882
228.068670 -139.239317 -10.034842
228.606744 -24.874156 -9.496768
229.235902 -9.847369 -8.867610
229.892606 -3.090359 -8.210906
230.220952 -0.734771 -7.882560
231.066200 3.407319 -7.037311
231.818231 3.947592 -6.285281
232.563899 4.271755 -5.539613
233.305337 4.430235 -4.798174
234.074322 4.466253 -4.029189
234.830582 4.603122 -3.272930
235.588975 4.660752 -2.514537
236.330401 5.323486 -1.773111
237.057019 6.555307 -1.046493
237.815412 8.032052 -0.288100
238.548367 9.674481 0.444856
239.277106 11.028764 1.173594
240.086337 13.463592 1.982826
240.681599 15.106021 2.578087
241.317120 17.238296 3.213608
241.956869 19.565069 3.853358
242.619924 22.057526 4.516412
243.316874 24.845332 5.213363
243.982049 27.964505 5.878538
244.659937 31.674376 6.556426
245.295458 36.724122 7.191947
245.920400 44.237510 7.816888
246.435169 53.631046 8.331657
246.894858 66.395881 8.791346
247.301588 81.833265 9.198077
247.659588 98.343991 9.556077
248.000660 116.850127 9.897148
248.333247 136.544869 10.229736
248.602284 154.820501 10.498772
248.943343 169.969760 10.839831
249.307706 182.100699 11.204194
249.708086 191.559088 11.604574
250.237688 199.598361 12.134177
250.695257 202.054806 12.591745
251.184600 212.024661 13.081089
251.743870 215.359953 13.640359
252.218393 51.030535 13.165836
252.652657 22.849926 12.731572
253.194972 6.670565 12.189257
253.743638 0.072036 11.640591
254.258407 -2.838232 11.125822
254.925716 -5.280264 10.458514
255.654429 -6.043850 9.729800
256.397989 -6.418439 8.986241
257.128835 -6.757010 8.255394
257.891458 -7.297282 7.492771
258.613834 -7.751111 6.770395
259.346802 -8.219348 6.037428
260.075540 -8.802842 5.308689
260.821208 -9.652871 4.563021
261.554163 -10.661380 3.830066
262.255356 -11.756333 3.128874
262.967140 -12.865693 2.417089
263.693758 -13.967849 1.690472
264.424592 -15.055598 0.959637
265.032579 -14.644991 0.351650
265.649037 -17.202282 -0.264808
266.386234 -18.585380 -1.002005
267.127672 -20.134162 -1.743443
267.828852 -21.841425 -2.444623
268.527924 -23.692759 -3.143695
269.258783 -25.868258 -3.874554
269.979038 -28.353513 -4.594809
270.684460 -31.234969 -5.300231
271.387760 -34.815178 -6.003531
272.035994 -39.612802 -6.651765
272.686348 -45.887173 -7.302119
273.150279 -51.376348 -7.766050
273.573951 -59.451633 -8.189722
274.046340 -70.703727 -8.662111
274.361986 -79.888379 -8.977757
274.639494 -89.375586 -9.255265
274.908543 -101.312040 -9.524314
275.323744 -121.626357 -9.939515
275.764371 -145.153529 -10.380142
276.257956 -164.012746 -10.873727
276.840518 -175.034377 -11.456289
277.450613 -184.168648 -12.066384
278.067059 -192.359241 -12.682830
278.694109 -199.851081 -13.309879
279.321158 -206.579332 -13.936929
279.918541 -210.137959 -14.534312
280.280783 -57.686740 -14.172070
280.768019 -22.547381 -13.684834
281.392947 -6.151904 -13.059905
282.019985 -0.842825 -12.432868
282.619488 2.333978 -11.833365
283.356698 4.718381 -11.096155
284.096015 5.309079 -10.356837
284.856517 5.842148 -9.596336
285.610668 6.202329 -8.842185
286.349986 6.829045 -8.102867
287.102017 7.434151 -7.350836
287.851939 8.046460 -6.600914
288.595486 8.795637 -5.857367
289.311499 9.667277 -5.141354
290.088955 10.610953 -4.363898
290.838865 11.533018 -3.613988
291.597258 12.361436 -2.855595
291.927724 10.999949 -2.525128
292.425552 13.499610 -2.027301
293.154278 14.472101 -1.298575
293.813090 15.451795 -0.639763
294.550287 16.546747 0.097434
295.264192 17.713736 0.811339
295.961143 18.916742 1.508290
296.683519 20.206193 2.230666
297.395303 21.603698 2.942450
298.088025 23.274940 3.635172
298.797688 25.104663 4.344835
299.541235 27.013626 5.088382
300.255140 29.167512 5.802287
300.949970 31.609543 6.497117
301.617278 34.563032 7.164426
302.293033 38.150441 7.840180
302.945508 43.430703 8.492655
303.521707 50.331783 9.068854
303.994121 58.976141 9.541269
304.540653 69.169280 10.087801
304.945275 79.672175 10.492422
305.402844 91.306042 10.949991
305.796861 101.873771 11.344008
306.142174 113.046608 11.689321
306.451444 124.896588 11.998592
306.781924 138.288149 12.329071
307.093328 152.047100 12.640475
307.514879 164.538214 13.062026
307.813583 178.282766 13.360730
308.099562 194.822341 13.646709
308.523246 205.699854 14.070393
309.078262 48.048231 13.515378
309.501959 22.331264 13.091681
310.052720 7.722296 12.540920
310.684012 1.145378 11.909628
310.965761 -0.050425 11.627879
311.855485 -4.077257 10.738155
312.563027 -4.912879 10.030612
313.298116 -5.172210 9.295524
314.022600 -5.510781 8.571039
314.787343 -5.928592 7.806296
315.535145 -6.267163 7.058495
316.253279 -6.944304 6.340361
316.971413 -7.787130 5.622227
317.681077 -8.774028 4.912563
318.426757 -9.861777 4.166883
319.130058 -10.935118 3.463582
319.846084 -11.958035 2.747556
320.574810 -12.966544 2.018830
321.307777 -13.953442 1.285862
322.013212 -14.911526 0.580428
322.722862 -15.927238 -0.129222
323.078754 -10.783842 -0.485115
323.998145 -17.872220 -1.404506
324.718401 -19.183282 -2.124761
325.434401 -20.595195 -2.840761
326.150440 -22.136774 -3.556800
326.851620 -23.786407 -4.257980
327.603650 -25.630538 -5.010010
328.323905 -27.474669 -5.730265
329.010264 -29.326004 -6.416624
329.753811 -31.422263 -7.160171
330.474079 -33.885908 -7.880439
331.192213 -36.861011 -8.598573
331.855267 -40.542071 -9.261627
332.444192 -44.849849 -9.850552
332.992844 -51.160239 -10.399204
333.467367 -58.976192 -10.873727
333.882568 -66.965035 -11.288928
334.422763 -80.111692 -11.829123
334.732046 -88.928960 -12.138406
335.047692 -98.848390 -12.454052
335.462905 -113.536646 -12.869266
335.962841 -133.800548 -13.369201
336.431001 -156.160740 -13.837361
336.894932 -179.860844 -14.301292
337.339788 -197.077659 -14.746148
337.750760 -53.148445 -14.335176
338.242224 -20.912155 -13.843711
338.890458 -6.764213 -13.195478
339.602229 -1.332672 -12.483706
340.127590 1.584800 -11.958345
340.862666 4.034035 -11.223269
341.604117 4.473457 -10.481818
342.356135 4.941693 -9.729800
343.108166 5.417133 -8.977770
343.847483 6.000627 -8.238452
344.588922 6.432846 -7.497013
345.349424 7.088376 -6.736512
346.095117 7.808740 -5.990819
346.813251 8.910896 -5.272684
347.575861 9.883386 -4.510075
348.334254 10.834266 -3.751682
349.096876 11.734720 -2.989059
349.855257 12.534323 -2.230679
350.134885 11.064782 -1.951050
350.649654 13.535628 -1.436281
351.397443 14.443286 -0.688492
352.073223 15.235686 -0.012713
352.810432 16.222584 0.724497
353.517962 17.231092 1.432027
354.261522 18.369266 2.175586
354.969064 19.593884 2.883129
355.646952 20.969778 3.561017
356.352373 22.626613 4.266438
357.070520 24.362689 4.984585
357.775954 26.120375 5.690019
358.483497 27.993320 6.397562
359.184689 30.190428 7.098754
359.875277 32.913401 7.789342
360.595532 36.270293 8.509597
361.214111 40.700527 9.128176
361.798781 46.802003 9.712846
362.351688 54.337002 10.265753
362.874928 64.674213 10.788993
363.360043 75.616530 11.274107
363.779486 88.021185 11.693550
364.207412 102.133102 12.121477
364.578113 116.331465 12.492177
364.927655 131.768857 12.841719
365.239059 146.529111 13.153123
365.577996 159.293962 13.492061
366.149979 186.206777 14.064044
366.444428 200.311522 14.358493
367.022761 45.915956 13.780160
367.469725 21.207498 13.333197
368.037466 7.527798 12.765456
368.662394 1.188600 12.140527
368.931431 -0.050425 11.871490
369.812684 -3.940388 10.990237
370.556244 -4.689566 10.246678
371.299791 -4.934490 9.503131
371.998862 -5.222635 8.804059
372.748785 -5.676464 8.054137
373.513528 -6.087072 7.289394
374.231662 -6.764213 6.571259
374.943433 -7.607039 5.859488
375.646747 -8.428253 5.156175
376.394535 -9.588039 4.408386
377.110549 -10.632566 3.692373
377.835058 -11.619464 2.967863
378.544722 -12.570344 2.258200
379.284027 -13.485206 1.518895
380.000053 -14.407271 0.802869
380.711824 -15.329337 0.091097
381.434200 -16.273013 -0.631279
381.970153 -17.029395 -1.167232
382.684058 -18.181977 -1.881137
383.389480 -19.392188 -2.586558
384.097022 -20.710453 -3.294101
384.840594 -22.129570 -4.037673
385.577791 -23.671148 -4.774870
386.298046 -25.306374 -5.495125
387.016180 -26.977618 -6.213259
387.732194 -28.742510 -6.929272
388.471524 -30.788343 -7.668603
389.191767 -33.172748 -8.388845
389.880259 -36.097425 -9.077338
390.545434 -39.612802 -9.742513
391.176700 -43.452342 -10.373779
391.738079 -49.762732 -10.935157
392.218951 -57.492242 -11.416030
392.612982 -65.538713 -11.810060
392.932856 -73.347466 -12.129935
393.312040 -84.001663 -12.509119
393.661582 -93.993128 -12.858661
393.960274 -104.323168 -13.157352
394.369138 -121.568727 -13.566216
394.822464 -142.978021 -14.019543
395.267332 -167.398475 -14.464411
395.686775 -188.829434 -14.883854
396.116810 -50.699206 -14.453819
396.629471 -20.148570 -13.941158
397.275571 -7.023544 -13.295058
397.981005 -1.592003 -12.589624
398.472469 1.303858 -12.098160
399.180012 3.753094 -11.390617
399.929921 4.149293 -10.640708
400.684073 4.574308 -9.886556
401.419162 5.078562 -9.151468
402.150008 5.662057 -8.420621
402.887205 6.022238 -7.683424
403.649828 6.620140 -6.920801
404.387025 7.484576 -6.183605
405.117871 8.529103 -5.452758
405.867781 9.523204 -4.702848
406.632524 10.402048 -3.938105
407.378205 11.273687 -3.192424
408.123873 12.130920 -2.446757
408.839899 12.094902 -1.730731
409.657601 13.809366 -0.913028
410.392677 14.630581 -0.177952
411.038802 15.422980 0.468173
411.786591 16.323435 1.215961
412.519546 17.317536 1.948917
413.216509 18.434099 2.645880
413.900747 19.565069 3.330118
414.597698 20.890538 4.027068
415.322182 22.446523 4.751553
416.000082 23.988100 5.429453
416.709746 25.608917 6.139117
417.404575 27.388215 6.833946
418.107876 29.441250 7.537247
418.813310 31.890485 8.242681
419.457302 34.995250 8.886673
420.092822 39.180561 9.522193
420.709268 45.044317 10.138639
421.238883 52.593723 10.668254
421.808719 62.930935 11.238090
422.274771 74.845742 11.704142
422.698456 87.156749 12.127827
423.090353 101.189426 12.519723
423.482262 117.159883 12.911633
423.840262 133.728246 13.269633
424.162271 146.946923 13.591642
424.704573 175.552585 14.133944
425.015977 192.257842 14.445348
425.369749 202.912040 14.799119
425.878168 210.043656 15.307539
426.390829 216.116337 15.820199
426.969149 222.232241 16.398519
427.558048 225.553128 16.987418
428.119438 231.503350 17.548809
428.687166 234.500073 18.116537
429.187115 63.471207 17.616589
429.615028 32.416350 17.188675
430.155210 12.764840 16.648494
430.756847 2.557290 16.046856
431.159348 0.000000 15.644355
431.866891 -3.500967 14.936813
432.606209 -5.071359 14.197495
433.379423 -5.460355 13.424281
434.125091 -5.870963 12.678613
434.860179 -6.411235 11.943525
435.646106 -6.980322 11.157598
436.421441 -7.686279 10.382263
437.156530 -8.399439 9.647174
437.859843 -9.285486 8.943861
438.584327 -10.185940 8.219376
439.361783 -11.043173 7.441921
440.090509 -11.857184 6.713195
440.808643 -12.620769 5.995060
441.543719 -13.369948 5.259984
442.321175 -14.133533 4.482528
443.054143 -14.925933 3.749561
443.776506 -15.747148 3.027197
444.490411 -16.589973 2.313292
445.094169 -17.166264 1.709534
445.814412 -18.189180 0.989292
446.555851 -19.154468 0.247853
447.297302 -20.242217 -0.493598
448.042970 -21.308355 -1.239266
448.782288 -22.525770 -1.978584
449.511014 -23.800814 -2.707310
450.239740 -25.075858 -3.436036
450.983299 -26.386920 -4.179595
451.737451 -27.842055 -4.933747
452.466189 -29.542114 -5.662485
453.165248 -31.587947 -6.361544
453.929991 -33.929130 -7.126288
454.665067 -36.709735 -7.861364
455.359910 -40.174686 -8.556206
456.003901 -44.813831 -9.200197
456.575858 -50.879297 -9.772155
457.116053 -57.297743 -10.312349
457.550329 -63.528896 -10.746626
457.882917 -69.940141 -11.079213
458.249401 -77.489564 -11.445697
458.590459 -85.788168 -11.786756
458.940002 -93.690574 -12.136298
459.285289 -102.154868 -12.481585
459.704732 -113.702330 -12.901028
460.198318 -128.938074 -13.394614
460.666490 -145.852285 -13.862787
461.157955 -165.561537 -14.354251
461.621886 -185.789478 -14.818182
462.068862 -202.487633 -15.265159
462.712854 -210.209996 -15.909150
463.388621 -215.454289 -16.584917
464.053809 -220.388825 -17.250105
464.750747 -225.128863 -17.947043
465.449818 -229.854495 -18.646115
466.072626 -232.310960 -19.268923
466.396730 -76.949290 -18.944819
466.831007 -36.933048 -18.510542
467.396614 -13.470798 -17.944935
468.091456 -3.587410 -17.250093
468.587163 -0.770789 -16.754386
469.290476 3.090359 -16.051073
470.044615 4.739991 -15.296934
470.775462 5.337893 -14.566087
471.519009 5.899777 -13.822540
472.266810 6.562511 -13.074739
472.980702 7.109987 -12.360846
473.705199 7.902387 -11.636350
474.431804 8.701990 -10.909745
475.158422 9.537612 -10.183127
475.914682 10.257975 -9.426867
476.645529 10.963931 -8.696020
477.372147 11.612258 -7.969402
478.136877 12.188549 -7.204672
478.880437 12.750432 -6.461112
479.619754 13.297909 -5.721794
480.342130 13.384352 -4.999418
481.119586 14.335232 -4.221963
481.865254 14.882708 -3.476295
482.617285 15.437388 -2.724264
483.326948 16.013678 -2.014601
484.057795 16.611580 -1.283754
484.790763 17.259907 -0.550786
485.519501 17.987474 0.177952
486.227031 18.801484 0.885482
486.951528 19.709142 1.609979
487.650587 20.638411 2.309038
488.356034 21.654123 3.014485
489.063563 22.835519 3.722014
489.788060 24.031322 4.446511
490.518907 25.327976 5.177358
491.201024 26.631833 5.859475
491.912808 27.957302 6.571259
492.605530 29.412435 7.263981
493.336364 31.069271 7.994815
494.003673 33.093491 8.662124
494.637073 35.629170 9.295524
495.293777 39.058099 9.952228
495.920814 43.927754 10.579265
496.552106 50.050841 11.210557
497.107121 57.621858 11.765572
497.647316 66.712841 12.305767
498.145130 75.890268 12.803581
498.668383 85.463895 13.326834
499.125951 96.060439 13.784402
499.619549 106.592151 14.278000
500.121606 117.664138 14.780057
500.594008 128.793755 15.252459
501.000738 138.309760 15.659189
501.405347 147.494399 16.063798
501.746418 158.054936 16.404869
502.163740 168.845992 16.822191
502.538695 180.170121 17.197146
502.841641 191.501459 17.500092
503.212354 202.645505 17.870805
503.561883 215.115029 18.220334
504.032164 222.225038 18.690615
504.587180 60.135925 18.135600
505.019335 31.854467 17.703444
505.527755 13.996661 17.195025
506.150550 4.430235 16.572230
506.762766 0.136869 15.960014
507.254256 -2.024221 15.468524
507.940615 -3.969203 14.782165
508.684162 -4.372606 14.038618
509.431963 -4.739992 13.290817
510.181873 -5.222635 12.540907
510.912720 -5.935795 11.810060
511.664750 -6.785824 11.058030
512.437964 -7.700686 10.284816
513.147627 -8.629955 9.575152
513.853062 -9.537613 8.869718
514.579667 -10.322809 8.143113
515.335939 -11.035969 7.386841
516.051952 -11.705908 6.670827
516.778558 -12.339828 5.944222
517.496704 -12.980951 5.226075
518.246614 -13.564446 4.476166
518.966869 -14.183958 3.755911
519.704066 -14.789064 3.018714
520.424321 -15.437391 2.298459
521.142455 -16.143348 1.580324
521.881786 -16.849304 0.840994
522.390192 -17.036599 0.332588
523.123160 -18.225199 -0.400380
523.854007 -19.060821 -1.131227
524.531895 -19.759573 -1.809115
525.239437 -20.832915 -2.516657
525.985118 -21.899054 -3.262338
526.711723 -22.979599 -3.988943
527.465874 -24.052941 -4.743094
528.196721 -25.111876 -5.473941
528.916976 -26.214033 -6.194196
529.666886 -27.388226 -6.944106
530.421037 -28.677677 -7.698257
531.145534 -30.060776 -8.422754
531.857306 -31.616762 -9.134526
532.583923 -33.468097 -9.861144
533.314758 -35.744447 -10.591978
533.990525 -38.496238 -11.267745
534.679017 -42.033225 -11.956237
535.284870 -46.751610 -12.562091
535.806002 -52.442488 -13.083222
536.295346 -58.507955 -13.572566
536.659709 -64.681479 -13.936929
537.013480 -71.395277 -14.290700
537.399027 -80.234154 -14.676247
537.803649 -89.541270 -15.080869
538.197666 -98.372949 -15.474887
538.687010 -109.862780 -15.964230
539.212371 -123.290402 -16.489591
539.735624 -137.099827 -17.012844
540.273684 -151.997017 -17.550905
540.799045 -168.716748 -18.076266
541.313814 -187.057326 -18.591035
541.801050 -205.505981 -19.078270
542.269210 -216.376363 -19.546430
542.627210 -67.620567 -19.188430
543.125038 -32.012962 -18.690603
543.743617 -12.231773 -18.072024
544.461738 -3.918777 -17.353902
544.972278 -0.756382 -16.843362
545.675579 2.859843 -16.140062
546.465747 4.048443 -15.349893
547.183881 4.660752 -14.631759
547.938033 5.489169 -13.877607
548.683701 6.259958 -13.131940
549.416668 6.749805 -12.398972
550.160228 7.671871 -11.655412
550.893196 8.413845 -10.922444
551.636743 9.263874 -10.178898
552.397244 10.027459 -9.418396
553.140804 10.726211 -8.674837
553.882242 11.352927 -7.933398
554.655457 11.900404 -7.160184
555.403245 12.447880 -6.412395
556.170109 12.959338 -5.645531
556.917898 13.434778 -4.897742
557.585207 11.230466 -4.230434
558.470689 14.385657 -3.344951
559.246024 14.832282 -2.569616
559.993813 15.314926 -1.821828
560.722551 15.826384 -1.093089
561.447036 16.352249 -0.368605
562.186366 16.942947 0.370726
562.944734 17.598478 1.129093
563.694656 18.304434 1.879016
564.402199 19.147259 2.586558
565.105512 20.018898 3.289871
565.851192 21.005796 4.035552
566.603210 22.064730 4.787570
567.289582 23.109257 5.473941
568.035249 24.168191 6.219609
568.742805 25.234328 6.927164
569.463047 26.329281 7.647407
570.215077 27.517880 8.399437
570.856961 28.893774 9.041320
571.560261 30.629849 9.744621
572.246620 32.718903 10.430980
572.983830 35.441876 11.168190
573.657476 39.180561 11.841836
574.271800 44.323954 12.456160
574.860737 51.001720 13.045097
575.405161 59.617264 13.589521
575.943222 69.515054 14.127582
576.470704 79.758619 14.655063
576.943118 90.909842 15.127478
577.407037 102.529302 15.591396
577.890030 115.013200 16.074390
578.387858 126.236464 16.572217
578.830605 137.178789 17.014965
579.112355 149.439382 17.296714
579.495780 162.996634 17.680140
579.834731 175.631825 18.019090
580.188489 189.167476 18.372849
580.506256 202.393377 18.690615
580.868511 212.788249 19.052870
581.152381 92.559474 18.769000
581.493439 56.029855 18.427941
581.940429 29.628544 17.980952
582.489081 13.002560 17.432299
583.101310 4.314977 16.820070
583.700814 0.115258 16.220567
584.196520 -1.988203 15.724861
584.884987 -3.724279 15.036394
585.641272 -4.091665 14.280109
586.403894 -4.444643 13.517486
587.143200 -4.927286 12.778181
587.880409 -5.604428 12.040972
588.615498 -6.526493 11.305883
589.361166 -7.506188 10.560215
590.098388 -8.392235 9.822993
590.814389 -9.249468 9.106992
591.511352 -10.034664 8.410029
592.267611 -10.769435 7.653769
593.011171 -11.403355 6.910210
593.725076 -12.030071 6.196305
594.449560 -12.606362 5.471820
595.184649 -13.168246 4.736732
595.919738 -13.722926 4.001643
596.665418 -14.313624 3.255962
597.385673 -14.875508 2.535707
598.108037 -15.531038 1.813344
598.845234 -16.186569 1.076147
599.567610 -16.863711 0.353771
600.076029 -17.367966 -0.154648
600.800513 -18.167570 -0.879132
601.522889 -18.837508 -1.601508
602.179606 -19.680333 -2.258225
602.899848 -20.645621 -2.978467
603.639179 -21.632519 -3.717798
604.403909 -22.619417 -4.482528
605.145348 -23.563094 -5.223967
605.852903 -24.549992 -5.931522
606.598571 -25.544094 -6.677190
607.344251 -26.603029 -7.422871
608.070857 -27.748408 -8.149476
608.812295 -28.951415 -8.890914
609.538900 -30.298496 -9.617520
610.267626 -31.746427 -10.346246
610.983652 -33.439282 -11.062271
611.710257 -35.593171 -11.788877
612.381795 -38.525052 -12.460415
613.038487 -41.997207 -13.117106
613.657066 -47.039756 -13.735685
614.173943 -53.112426 -14.252562
614.606099 -59.883851 -14.684718
614.919624 -65.891692 -14.998243
615.300941 -74.312755 -15.379560
615.754268 -84.714824 -15.832887
616.152527 -94.295681 -16.231146
616.631292 -106.462654 -16.709911
617.137577 -120.653862 -17.216196
617.665072 -135.594261 -17.743691
618.177720 -151.766499 -18.256339
618.684018 -170.668946 -18.762637
619.192424 -191.386743 -19.271044
619.624580 -207.134017 -19.703199
620.018610 -64.134002 -19.309169
620.516425 -30.456976 -18.811354
621.137125 -12.030071 -18.190655
621.827712 -4.098868 -17.500067
622.336131 -0.741974 -16.991647
623.024611 2.730178 -16.303168
623.791463 3.810723 -15.536316
624.530780 4.401421 -14.796999
625.261627 5.273060 -14.066152
625.996716 6.007831 -13.331063
626.738142 6.483271 -12.589637
627.471110 7.268467 -11.856669
628.195607 8.046460 -11.132172
628.930695 8.889285 -10.397084
629.680605 9.645666 -9.647174
630.430515 10.351622 -8.897264
631.169832 10.956728 -8.157947
631.928213 11.511407 -7.399566
632.688727 12.037273 -6.639052
633.440758 12.519916 -5.887022
634.173725 12.959338 -5.154054
634.944806 13.405963 -4.382973
635.595160 11.266484 -3.732619
636.516672 14.255992 -2.811107
637.255990 14.673803 -2.071789
638.018612 15.142039 -1.309167
638.762159 15.603071 -0.565620
639.427347 16.085715 0.099568
640.181486 16.662005 0.853707
640.933516 17.238296 1.605737
641.679184 17.872216 2.351405
642.405815 18.606986 3.078035
643.121815 19.406590 3.794036
643.854796 20.335858 4.527017
644.579280 21.337163 5.251501
645.280472 22.280839 5.952693
645.983786 23.303755 6.656007
646.704028 24.305060 7.376249
647.428525 25.385605 8.100746
648.121234 26.480557 8.793455
648.773709 27.712378 9.445930
649.487614 29.160308 10.159835
650.212098 30.917994 10.884319
650.909049 33.208750 11.581270
651.597528 36.183850 12.269749
652.245762 40.239494 12.917983
652.870691 45.800698 13.542912
653.442661 53.011534 14.114882
654.006160 62.073702 14.678381
654.520916 72.713467 15.193137
654.978497 83.554933 15.650718
655.450899 95.383298 16.123120
655.897875 108.112118 16.570096
656.385111 121.482065 17.057332
656.806675 134.074021 17.478896
657.147733 145.535009 17.819954
657.482442 158.926576 18.154663
657.804438 173.189789 18.476658
658.164571 188.389483 18.836792
658.503522 202.955262 19.175743
658.942015 213.638280 19.614236
659.501285 221.310173 20.173506
660.060529 226.756139 20.732750
660.604965 232.418215 21.277186
661.210832 238.137922 21.883053
661.753134 240.767259 22.425355
662.244612 245.600918 22.916833
662.761514 75.097869 22.399930
663.138577 42.595082 22.022867
663.627934 20.494338 21.533510
664.163886 7.383725 20.997558
664.805770 0.929269 20.355674
665.079036 -0.050425 20.082408
665.917921 -3.688261 19.243523
666.653010 -4.358199 18.508434
667.392328 -4.862454 17.769116
668.169771 -5.445948 16.991673
668.923935 -6.209533 16.237509
669.648419 -7.117192 15.513025
670.353854 -7.981628 14.807590
671.110126 -8.817250 14.051318
671.843081 -9.616853 13.318363
672.582399 -10.308402 12.579045
673.306896 -10.913508 11.854548
674.035634 -11.475391 11.125810
674.813078 -12.008460 10.348366
675.541816 -12.519918 9.619628
676.257830 -12.995358 8.903614
676.986556 -13.492409 8.174888
677.759757 -13.982257 7.401687
678.496967 -14.493715 6.664477
679.227814 -15.041191 5.933630
679.954431 -15.552649 5.207013
680.683157 -16.121737 4.478287
681.426717 -16.690824 3.734727
682.157564 -17.288726 3.003880
682.649028 -17.627297 2.512416
683.343871 -18.390882 1.817573
684.085297 -19.039210 1.076147
684.828856 -19.766777 0.332588
685.568187 -20.530363 -0.406743
686.328688 -21.365984 -1.167244
687.061643 -22.216014 -1.900199
687.796732 -23.080450 -2.635288
688.540292 -23.844036 -3.378848
689.190633 -24.607621 -4.029189
689.949027 -25.493669 -4.787583
690.686223 -26.422938 -5.524779
691.406479 -27.409837 -6.245035
692.156388 -28.483179 -6.994944
692.891477 -29.664576 -7.730033
693.632916 -30.990045 -8.471471
694.355279 -32.661289 -9.193835
695.081897 -34.620679 -9.920453
695.810623 -37.192379 -10.649179
696.480040 -39.720856 -11.318596
697.111319 -43.834135 -11.949874
697.732006 -49.488994 -12.570562
698.240425 -55.431999 -13.078981
698.623850 -60.690660 -13.462406
698.935254 -65.387436 -13.773810
699.337756 -72.893636 -14.176312
699.780490 -81.660476 -14.619046
700.202054 -89.851027 -15.040610
700.629968 -97.357234 -15.468524
701.138387 -106.880466 -15.976943
701.695523 -117.549085 -16.534079
702.250539 -128.397800 -17.089095
702.822509 -139.873239 -17.661064
703.358461 -152.738995 -18.197017
703.896535 -167.614586 -18.735091
704.390120 -184.255092 -19.228676
704.837110 -201.349449 -19.675666
705.377291 -213.660568 -20.215847
706.027633 -220.093473 -20.866189
706.699171 -225.208104 -21.537727
707.383409 -230.027384 -22.221965
708.048584 -234.767426 -22.887140
708.720109 -239.413820 -23.558665
709.319625 -241.747824 -24.158181
709.641621 -82.625766 -23.836185
710.092852 -41.802709 -23.384954
710.666930 -17.598482 -22.810876
711.353276 -5.856555 -22.124530
712.007872 -0.886047 -21.469934
712.571371 2.233127 -20.906435
713.308556 4.242941 -20.169251
714.045765 5.107377 -19.432041
714.816858 6.058257 -18.660948
715.575239 6.879471 -17.902568
716.318799 7.614242 -17.159008
717.062358 8.478678 -16.415449
717.841922 9.263874 -15.635884
718.583361 9.948219 -14.894446
719.316329 10.538917 -14.161478
720.053526 11.079189 -13.424281
720.841573 11.590647 -12.636233
721.589375 12.044476 -11.888432
722.351997 12.476694 -11.125810
723.104028 12.858487 -10.373779
723.875121 13.182650 -9.602686
724.637743 13.499610 -8.840064
725.389774 13.802163 -8.088033
726.154517 14.090308 -7.323290
726.927718 14.428879 -6.550089
727.683990 14.753042 -5.793816
728.433900 15.062799 -5.043907
729.211356 15.401369 -4.266451
729.990920 15.761551 -3.486887
730.764134 16.150547 -2.713672
731.439901 16.438693 -2.037905
732.204644 16.899725 -1.273162
732.952433 17.353554 -0.525374
733.715068 17.836198 0.237261
734.469207 18.412488 0.991400
735.212779 19.024797 1.734972
735.935142 19.745160 2.457336
736.657506 20.544764 3.179699
737.384136 21.510050 3.906330
738.138275 22.417708 4.660468
738.850059 23.260533 5.372252
739.578785 24.182598 6.100978
740.301161 25.083052 6.823354
741.025658 25.990710 7.547851
741.752250 26.927182 8.274444
742.428030 27.813229 8.950223
743.124981 28.936996 9.647174
743.813473 30.226446 10.335666
744.584566 31.796838 11.106760
745.289988 33.799447 11.812181
745.953055 36.471995 12.475248
746.622459 40.016182 13.144652
747.266451 44.871430 13.788644
747.880788 51.095368 14.402981
748.476049 58.421461 14.998243
749.016244 66.921747 15.538437
749.564922 76.034341 16.087115
750.111467 84.808365 16.633660
750.611402 94.173087 17.133595
751.160080 103.379331 17.682274
751.691791 112.261412 18.213984
752.206560 121.229937 18.728753
752.712858 129.593359 19.235052
753.191623 137.971189 19.713816
753.674604 146.990144 20.196797
754.134306 156.246822 20.656499
754.574920 166.022164 21.097113
755.002846 176.186506 21.525039
755.394755 186.761458 21.916949
755.737922 197.927114 22.260116
756.136181 210.994539 22.658375
756.511149 221.223729 23.033342
756.970838 228.276111 23.493032
757.549158 66.640805 22.914712
757.983435 37.711020 22.480435
758.491854 18.578172 21.972016
759.070174 7.333300 21.393696
759.699344 1.519967 20.764525
760.053103 -0.014407 20.410767
760.832680 -2.910269 19.631190
761.569889 -3.551392 18.893981
762.311315 -4.134886 18.152555
763.069708 -4.718381 17.394161
763.815389 -5.863759 16.648481
764.525052 -6.785824 15.938818
765.253778 -7.743908 15.210092
765.993109 -8.601140 14.470761
766.738776 -9.350319 13.725093
767.465382 -10.005849 12.998488
768.204699 -10.589344 12.259170
768.920725 -11.086395 11.543144
769.662164 -11.612260 10.801706
770.437499 -12.073293 10.026371
771.151391 -12.519918 9.312478
771.867417 -12.930526 8.596452
772.610964 -13.348337 7.852905
773.384191 -13.751740 7.079678
774.119267 -14.147940 6.344602
774.848006 -14.551344 5.615864
775.564032 -14.983562 4.899838
776.303337 -15.379762 4.160533
777.046897 -15.819184 3.416973
777.779864 -16.287420 2.684005
778.517061 -16.791675 1.946808
779.256392 -17.303133 1.207478
779.974526 -17.872220 0.489344
780.432094 -17.476020 0.031775
781.171412 -18.859119 -0.707542
781.931926 -19.493039 -1.468057
782.652169 -20.177384 -2.188299
783.387257 -20.926563 -2.923388
784.126588 -21.740574 -3.662718
784.791763 -22.237625 -4.327893
785.548023 -23.094857 -5.084153
786.249202 -23.872850 -5.785333
787.009716 -24.650843 -6.545847
787.749034 -25.436040 -7.285164
788.496823 -26.257255 -8.032953
789.234032 -27.107284 -8.770163
789.973350 -28.058164 -9.509481
790.714789 -29.030655 -10.250919
791.477411 -30.111201 -11.013542
792.197666 -31.314209 -11.733797
792.930634 -32.654086 -12.466765
793.650889 -34.274905 -13.187020
794.330898 -35.924538 -13.867028
795.017257 -38.575478 -14.553387
795.680311 -42.047632 -15.216442
796.347607 -46.348206 -15.883738
796.908973 -51.765345 -16.445103
797.375025 -57.953275 -16.911155
797.737267 -62.534793 -17.273397
798.093159 -69.832086 -17.629289
798.559211 -78.678166 -18.095341
799.071859 -88.086133 -18.607989
799.520956 -96.492795 -19.057087
800.037846 -106.563505 -19.573977
800.586499 -117.491455 -20.122629
801.156348 -128.332967 -20.692478
801.738910 -139.376186 -21.275040
802.334184 -151.305464 -21.870314
802.893441 -164.452171 -22.429572
803.439986 -179.572697 -22.976116
803.933571 -196.450938 -23.469702
804.433507 -213.120290 -23.969637
804.916513 -222.809270 -24.452644
805.276647 -74.521661 -24.092510
805.759641 -38.561070 -23.609516
806.350673 -17.115839 -23.018483
807.022199 -6.404032 -22.346958
807.702207 -1.130971 -21.666949
808.227568 1.635225 -21.141588
808.958415 3.637835 -20.410742
809.685033 4.495068 -19.684124
810.426459 5.575613 -18.942698
811.184852 6.353606 -18.184304
811.905095 7.196431 -17.464062
812.625350 8.075274 -16.743807
813.385864 8.838859 -15.983293
814.148486 9.530408 -15.220671
814.851787 10.099495 -14.517370
815.595346 10.654175 -13.773810
816.362210 11.165633 -13.006946
817.112120 11.619462 -12.257037
817.868380 12.037273 -11.500777
818.620410 12.390251 -10.748747
819.363982 12.714414 -10.005174
820.118108 13.045781 -9.251048
820.863789 13.312316 -8.505368
821.611590 13.586054 -7.757566
822.357271 13.737330 -7.011886
823.164368 14.147937 -6.204788
823.922762 14.428879 -5.446395
824.659959 14.709821 -4.709198
825.414110 14.983559 -3.955047
826.176732 15.278908 -3.192424
826.933005 15.603071 -2.436152
827.668081 15.927235 -1.701076
828.309951 16.172158 -1.059205
829.081044 16.611580 -0.288112
829.816133 17.022187 0.446976
830.566043 17.432794 1.196886
831.337136 17.857808 1.967979
832.074346 18.354859 2.705189
832.805192 18.902335 3.436036
833.519098 19.536255 4.149941
834.296541 20.292636 4.927384
834.989262 21.092240 5.620106
835.692576 21.855825 6.323419
836.404360 22.605003 7.035203
837.137315 23.411809 7.768158
837.874512 24.168191 8.505355
838.507912 24.931776 9.138755
839.187920 25.767397 9.818764
839.891234 26.653444 10.522077
840.613610 27.647545 11.244453
841.312681 28.864959 11.943525
842.007511 30.240853 12.638354
842.704461 31.926503 13.335305
843.426837 34.073185 14.057681
844.140743 36.832177 14.771586
844.780492 40.491622 15.411336
845.418134 45.058724 16.048977
846.047305 50.850444 16.678148
846.623504 57.873985 17.254347
847.161577 67.000986 17.792421
847.689059 76.805130 18.319902
848.184765 86.133833 18.815609
848.684701 95.772294 19.315544
849.186757 105.770937 19.817601
849.741785 115.250920 20.372629
850.216308 124.154613 20.847152
850.631509 134.405388 21.262353
851.063665 145.801544 21.694508
851.449212 155.634512 22.080055
851.828408 168.680308 22.459252
852.184300 180.724802 22.815144
852.548663 193.669757 23.179507
852.929981 206.910067 23.560824
853.307044 216.498131 23.937887
853.934081 60.344831 23.310850
854.385312 33.921909 22.859619
854.914902 16.395471 22.330029
855.488993 6.432846 21.755938
856.152047 1.116563 21.092884
856.440146 -0.043222 20.804784
857.306579 -2.737381 19.938352
858.041655 -3.256043 19.203276
858.795806 -3.868352 18.449125
859.535124 -4.675159 17.709807
860.276575 -5.726890 16.968356
861.005301 -6.648955 16.239630
861.729798 -7.549410 15.515133
862.458524 -8.370624 14.786407
863.193613 -9.127006 14.051318
863.937160 -9.753722 13.307771
864.674357 -10.358828 12.570574
865.390383 -10.899100 11.854548
866.129700 -11.396151 11.115230
866.898673 -11.864388 10.346258
867.631640 -12.318217 9.613290
868.356137 -12.743231 8.888794
869.082755 -13.139431 8.162176
869.839015 -13.514020 7.405916
870.591058 -13.874202 6.653873
871.302829 -14.234384 5.942101
872.031555 -14.616177 5.213375
872.762402 -14.990766 4.482528
873.508083 -15.350948 3.736848
874.251642 -15.768758 2.993288
874.988839 -16.179366 2.256092
875.711215 -16.589973 1.533716
876.442062 -17.058209 0.802869
877.187730 -17.569668 0.057201
877.944002 -18.088330 -0.699071
878.354974 -17.778573 -1.110043
879.079459 -19.082431 -1.834528
879.816668 -19.701944 -2.571737
880.553865 -20.335864 -3.308934
881.293183 -20.969784 -4.048252
881.973192 -21.589297 -4.728261
882.695555 -22.316865 -5.450624
883.422173 -23.001210 -6.177242
884.174203 -23.685556 -6.929272
884.924113 -24.369901 -7.679182
885.665552 -25.083062 -8.420621
886.400640 -25.868258 -9.155709
887.142079 -26.682269 -9.897148
887.881397 -27.539502 -10.636466
888.637669 -28.447161 -11.392738
889.381229 -29.441263 -12.136298
890.120546 -30.622659 -12.875616
890.845031 -32.020165 -13.600100
891.533510 -33.280802 -14.288580
892.249524 -35.290618 -15.004593
892.925303 -37.725448 -15.680373
893.654029 -40.902253 -16.409098
894.321313 -44.893071 -17.076382
894.876341 -49.935620 -17.631410
895.333909 -56.274826 -18.088978
895.776657 -62.052149 -18.531726
896.136778 -68.607466 -18.891847
896.630363 -77.914579 -19.385432
897.134541 -87.999689 -19.889610
897.573059 -97.126717 -20.328128
898.109012 -108.069070 -20.864081
898.676740 -119.897478 -21.431809
899.255047 -132.222946 -22.010116
899.807954 -145.571342 -22.563023
900.346040 -160.655833 -23.101109
900.862918 -178.240015 -23.617987
901.358611 -197.481066 -24.113681
901.837376 -211.117662 -24.592445
902.258940 -67.562938 -24.170881
902.754646 -34.418977 -23.675175
903.360500 -15.170857 -23.069321
904.048967 -5.690872 -22.380854
904.680246 -0.907658 -21.749575
905.237382 2.024221 -21.192439
905.983075 3.580206 -20.446746
906.737226 4.502272 -19.692595
907.480773 5.618835 -18.949048
908.237046 6.331995 -18.192775
908.970001 7.232449 -17.459820
909.690256 8.125700 -16.739565
910.457120 8.795637 -15.972701
911.221863 9.422354 -15.207958
911.942106 9.998644 -14.487716
912.694136 10.546120 -13.735685
913.469471 11.050375 -12.960350
914.208802 11.497000 -12.221020
914.971411 11.864385 -11.458410
915.723442 12.238974 -10.706379
916.488185 12.548731 -9.941636
917.244457 12.836876 -9.185364
917.992246 13.103410 -8.437575
918.742155 13.355538 -7.687666
919.106518 11.641073 -7.323303
919.578933 13.665294 -6.850888
920.343664 13.931828 -6.086157
921.085102 14.176752 -5.344719
921.841375 14.450490 -4.588446
922.612468 14.717024 -3.817353
923.379319 14.997966 -3.050502
924.125012 15.314926 -2.304809
924.885514 15.581460 -1.544307
925.635411 15.847995 -0.794410
926.262460 16.186566 -0.167361
927.016612 16.553951 0.586791
927.777126 16.964558 1.347305
928.531265 17.375165 2.101444
929.296008 17.778568 2.866187
930.026855 18.275619 3.597034
930.787356 18.859113 4.357535
931.541508 19.413793 5.111687
932.246929 20.155767 5.817108
932.954484 20.912149 6.524663
933.681089 21.610901 7.251268
934.435241 22.331264 8.005420
935.149146 23.102053 8.719325
935.788896 23.865638 9.359075
936.483725 24.694056 10.053904
937.220922 25.493659 10.791101
937.951769 26.365299 11.521948
938.663566 27.316178 12.233745
939.375350 28.418334 12.945529
940.095593 29.751006 13.665771
940.817981 31.335805 14.388160
941.544586 33.331211 15.114765
942.205532 35.744428 15.775711
942.893999 38.978859 16.464178
943.535883 43.257816 17.106062
944.194695 48.775798 17.764874
944.783620 55.259067 18.353799
945.279313 64.558955 18.849492
945.794095 74.168600 19.364274
946.279197 84.304111 19.849376
946.804558 94.922265 20.374737
947.296035 105.482792 20.866214
947.798092 116.187393 21.368271
948.251431 125.818653 21.821610
948.675116 138.446629 22.245295
949.052191 149.986859 22.622370
949.422917 162.456361 22.993096
949.819043 176.272949 23.389222
950.138930 190.175987 23.709109
950.505414 204.424807 24.075593
950.962983 215.050196 24.533161
951.505298 223.665769 25.075477
952.125985 228.629090 25.696164
952.649225 234.204723 26.219404
953.252970 239.304916 26.823149
953.812240 244.246629 27.382419
954.384210 247.689981 27.954389
954.888387 78.418743 27.450212
955.278176 45.793495 27.060423
955.769640 23.210108 26.568959
956.314077 9.451168 26.024522
956.941127 2.211516 25.397473
957.392345 0.021611 24.946254
958.078704 -2.737381 24.259896
958.807442 -3.536985 23.531157
959.540397 -4.206923 22.798202
960.264894 -4.855250 22.073705
960.972449 -6.187923 21.366150
961.705405 -7.131599 20.633195
962.457435 -8.032053 19.881164
963.181932 -8.860471 19.156667
963.919129 -9.552020 18.419470
964.645747 -10.157126 17.692853
965.410490 -10.704602 16.928109
966.130745 -11.180042 16.207854
966.874292 -11.619464 15.464307
967.592439 -12.044478 14.746161
968.346577 -12.433475 13.992022
969.104971 -12.829675 13.233629
969.840059 -13.182653 12.498540
970.570906 -13.535631 11.767693
971.318695 -13.888609 11.019904
972.089801 -14.227180 10.248798
972.818527 -14.572955 9.520072
973.538782 -14.897118 8.799817
974.282342 -15.242893 8.056258
975.047085 -15.581464 7.291514
975.799103 -15.920035 6.539497
976.527841 -16.251402 5.810758
977.271401 -16.618788 5.067198
978.004369 -17.022191 4.334231
978.750036 -17.432799 3.588563
979.485125 -17.857813 2.853474
980.228685 -18.326050 2.109914
980.794292 -18.679028 1.544307
981.336595 -19.060821 1.002005
982.080154 -19.615501 0.258445
982.836427 -20.148570 -0.497827
983.579986 -20.746472 -1.241387
984.323533 -21.387595 -1.984934
985.062864 -22.050330 -2.724264
985.808544 -22.698657 -3.469945
986.564804 -23.346985 -4.226204
987.318955 -24.002516 -4.980356
988.037089 -24.658047 -5.698490
988.793362 -25.342392 -6.454762
989.539029 -26.019534 -7.200430
990.185142 -26.408531 -7.846543
990.935051 -27.258560 -8.596452
991.663777 -28.094182 -9.325178
992.409458 -28.958619 -10.070859
993.148776 -29.988739 -10.810177
993.919869 -31.213358 -11.581270
994.650716 -32.819769 -12.312117
995.381563 -34.671105 -13.042964
996.095455 -37.019491 -13.756856
996.743689 -39.007696 -14.405089
997.408864 -42.609516 -15.070265
998.071931 -47.507993 -15.733332
998.679905 -52.781059 -16.341306
999.145957 -57.521056 -16.807358
999.508186 -61.915279 -17.169587
999.861970 -67.325217 -17.523371
1000.353448 -75.227618 -18.014848
1000.899979 -83.490204 -18.561380
1001.444403 -91.248536 -19.105804
1001.914697 -98.092007 -19.576097
1002.410390 -105.648641 -20.071791
1002.980239 -114.429900 -20.641640
1003.567043 -123.528123 -21.228444
1004.177138 -133.166626 -21.838539
1004.761821 -143.806443 -22.423222
1005.331657 -155.987852 -22.993058
1005.865489 -170.467243 -23.526890
1006.361195 -186.711549 -24.022596
1006.835718 -202.970280 -24.497119
1007.397084 -214.575438 -25.058484
1008.043209 -221.462177 -25.704610
1008.706263 -226.893771 -26.367664
1009.371438 -231.734664 -27.032839
1010.057797 -236.301816 -27.719198
1010.735672 -240.717693 -28.397073
1011.343659 -242.504214 -29.005060
1011.705901 -85.262302 -28.642818
1012.157120 -45.908784 -28.191600
1012.733319 -21.423614 -27.615401
1013.402736 -8.046461 -26.945984
1014.072153 -1.584800 -26.276567
1014.550905 1.116563 -25.797815
1015.269039 3.940388 -25.079681
1016.008369 5.136191 -24.340350
1016.732854 6.324791 -23.615866
1017.461567 7.210838 -22.887153
1018.200897 8.269772 -22.147822
1018.969882 9.141412 -21.378837
1019.707067 9.832961 -20.641653
1020.450626 10.366030 -19.898093
1021.200548 10.841469 -19.148171
1021.963158 11.288095 -18.385561
1022.717309 11.713109 -17.631410
1023.469340 12.109309 -16.879379
1024.225612 12.426269 -16.123107
1024.509470 11.201651 -15.839249
1025.111107 12.901709 -15.237612
1025.839833 13.211465 -14.508886
1026.585501 13.463592 -13.763219
1027.360836 13.694108 -12.987884
1028.108625 13.874199 -12.240095
1028.858534 14.032679 -11.490185
1029.599973 14.219974 -10.748747
1030.358366 14.428879 -9.990353
1031.108276 14.644988 -9.240444
1031.860306 14.853893 -8.488413
1032.608108 15.041188 -7.740612
1033.381309 15.278908 -6.967410
1034.133352 15.473406 -6.215367
1034.876899 15.725533 -5.471820
1035.637400 15.956049 -4.711319
1036.391565 16.208176 -3.957155
1037.113928 16.402674 -3.234792
1037.740965 16.683616 -2.607754
1038.495116 16.986169 -1.853603
1039.228084 17.310332 -1.120635
1040.009769 17.656107 -0.338950
1040.755450 18.009085 0.406730
1041.515951 18.383674 1.167232
1042.272211 18.758263 1.923491
1043.009420 19.190481 2.660701
1043.746630 19.658717 3.397910
1044.479585 20.213396 4.130865
1045.240099 20.818502 4.891380
1045.962475 21.452421 5.613756
1046.672138 22.143970 6.323419
1047.369076 22.842722 7.020357
1048.108407 23.534271 7.759687
1048.860437 24.175394 8.511718
1049.498079 24.794907 9.149359
1050.184425 25.421623 9.835705
1050.883509 26.134783 10.534790
1051.618585 26.927182 11.269866
1052.328261 27.863654 11.979542
1053.054866 28.879367 12.706147
1053.758167 30.003133 13.409447
1054.499606 31.314194 14.150886
1055.234694 32.848568 14.885975
1055.912582 34.671087 15.563863
1056.613762 36.904213 16.265042
1057.281058 39.972960 16.932339
1057.965309 44.619303 17.616589
1058.556341 50.425430 18.207622
1059.153724 56.887088 18.805004
1059.693931 64.645399 19.345212
1060.261659 72.619819 19.912940
1060.827266 80.212448 20.478547
1061.346277 87.754651 20.997558
1061.916126 95.412112 21.567407
1062.477504 102.846262 22.128785
1063.057945 109.394365 22.709226
1063.579077 116.000098 23.230357
1064.064179 123.491879 23.715459
1064.585311 130.774755 24.236591
1065.106442 138.475444 24.757723
1065.595786 146.766832 25.247067
1066.089372 155.087036 25.740652
1066.542711 164.905599 26.193991
1066.987566 174.392798 26.638847
1067.379488 185.169452 27.030769
1067.765035 196.198238 27.416315
1068.165402 208.285965 27.816683
1068.597558 220.445734 28.248839
1069.061489 225.394647 28.712770
1069.332647 103.638662 28.441612
1069.703360 66.633601 28.070899
1070.129165 38.712325 27.645093
1070.646055 19.521848 27.128203
1071.203192 7.960016 26.571067
1071.878959 1.937778 25.895300
1072.287810 0.028815 25.486449
1073.020778 -2.240330 24.753481
1073.736791 -2.924676 24.037468
1074.488834 -3.796316 23.285425
1075.204847 -5.157803 22.569411
1075.933573 -6.231144 21.840685
1076.647478 -7.189228 21.126780
1077.369854 -8.053664 20.404404
1078.134598 -8.795639 19.639661
1078.842140 -9.508799 18.932119
1079.570879 -10.135515 18.203380
1080.316559 -10.682991 17.457699
1081.057985 -11.158431 16.716273
1081.786724 -11.605057 15.987535
1082.528150 -12.008460 15.246109
1083.271722 -12.383049 14.502536
1084.038574 -12.757638 13.735685
1084.775771 -13.081802 12.998488
1085.525693 -13.391558 12.248566
1086.252311 -13.686908 11.521948
1086.993737 -13.975053 10.780522
1087.783905 -14.234384 9.990353
1088.493569 -14.515326 9.280690
1089.239236 -14.796268 8.535022
1089.987038 -15.062802 7.787221
1090.734826 -15.350948 7.039432
1091.474157 -15.660704 6.300102
1092.217704 -15.948849 5.556555
1092.946430 -16.251402 4.827829
1093.687881 -16.568362 4.086377
1094.429320 -16.914137 3.344939
1095.177109 -17.231097 2.597150
1095.905835 -17.591279 1.868424
1096.645165 -17.958664 1.129093
1097.399304 -18.340457 0.374955
1098.149213 -18.758268 -0.374955
1098.462738 -17.576871 -0.688480
1099.191477 -19.507446 -1.417218
1099.922311 -19.975682 -2.148053
1100.674342 -20.451123 -2.900083
1101.409430 -20.861730 -3.635172
1102.142398 -21.106654 -4.368140
1102.871124 -21.329966 -5.096866
1103.637976 -21.452428 -5.863717
1104.379414 -21.899054 -6.605156
1105.118745 -22.468141 -7.344486
1105.860171 -23.094857 -8.085912
1106.614322 -23.728778 -8.840064
1107.290089 -24.067349 -9.515831
1108.027299 -24.910174 -10.253040
1108.781438 -25.680963 -11.007179
1109.527118 -26.523789 -11.752859
1110.274919 -27.474669 -12.500661
1111.031179 -28.533604 -13.256920
1111.747192 -29.671779 -13.972934
1112.478052 -30.889194 -14.703793
1113.211007 -32.358736 -15.436748
1113.963038 -34.037184 -16.188779
1114.681172 -35.859705 -16.906913
1115.356939 -37.516542 -17.582680
1116.087786 -40.650126 -18.313527
1116.769915 -44.993922 -18.995657
1117.394832 -50.230969 -19.620573
1117.884188 -54.927744 -20.109929
1118.341756 -59.991906 -20.567498
1118.723074 -64.595035 -20.948815
1119.229372 -71.258408 -21.455113
1119.778037 -78.584518 -22.003779
1120.352115 -86.429293 -22.577857
1120.930435 -94.202034 -23.156177
1121.409187 -100.728544 -23.634929
1121.957853 -108.890287 -24.183594
1122.565840 -117.822824 -24.791581
1123.171693 -127.101140 -25.397435
1123.747892 -137.315937 -25.973634
1124.334696 -148.748160 -26.560437
1124.908774 -161.765199 -27.134515
1125.453210 -176.676816 -27.678952
1125.978571 -193.194869 -28.204312
1126.497569 -209.359959 -28.723311
1126.997517 -217.917955 -29.223259
1127.450857 -71.380870 -28.769920
1127.955034 -37.963168 -28.265742
1128.554537 -17.569668 -27.666239
1129.247259 -6.677770 -26.973517
1129.880646 -1.080545 -26.340130
1130.401778 1.793705 -25.818998
1131.134733 3.709872 -25.086043
1131.874063 5.201024 -24.346713
1132.609152 6.216737 -23.611624
1133.346336 7.275671 -22.874440
1134.104730 8.320198 -22.116047
1134.871581 9.112597 -21.349195
1135.634216 9.739314 -20.586560
1136.377763 10.200346 -19.843013
1137.144614 10.675786 -19.076162
1137.928433 11.115208 -18.292343
1138.691055 11.511407 -17.529721
1139.436736 11.741924 -16.784041
1140.377285 12.311011 -15.843491
1141.148391 12.606360 -15.072385
1141.889830 12.872894 -14.330947
1142.650331 13.096207 -13.570445
1143.404482 13.326723 -12.816294
1144.175576 13.557239 -12.045201
1144.919135 13.773348 -11.301641
1145.677516 13.967846 -10.543261
1146.450730 14.198363 -9.770046
1147.213352 14.407268 -9.007424
1147.965383 14.601766 -8.255394
1148.721642 14.839486 -7.499134
1149.488506 15.070002 -6.732270
1150.265962 15.293315 -5.954814
1150.990446 15.516628 -5.230330
1151.753081 15.696718 -4.467695
1152.341993 15.898420 -3.878783
1153.113086 16.157751 -3.107690
1153.879950 16.395471 -2.340826
1154.631968 16.676413 -1.588808
1155.398832 16.935743 -0.821944
1156.176288 17.195074 -0.044488
1156.943140 17.504830 0.722363
1157.707883 17.865012 1.487107
1158.464155 18.210786 2.243379
1159.216186 18.578172 2.995409
1159.957624 18.945557 3.736848
1160.739309 19.341757 4.518533
1161.484990 19.752364 5.264214
1162.209487 20.285433 5.988710
1162.921258 20.926556 6.700482
1163.654226 21.495643 7.433450
1164.433790 22.021508 8.213014
1165.130753 22.626613 8.909977
1165.800170 23.210108 9.579394
1166.482287 23.764787 10.261511
1167.249151 24.362689 11.028375
1167.956694 25.039830 11.735918
1168.666344 25.817823 12.445568
1169.395083 26.624630 13.174307
1170.125930 27.489065 13.905154
1170.886431 28.461556 14.665655
1171.604578 29.650155 15.383802
1172.320592 30.982827 16.099815
1173.040847 32.481183 16.820070
1173.788635 34.375738 17.567859
1174.485599 36.673697 18.264823
1175.184670 39.331837 18.963894
1175.847725 42.825598 19.626948
1176.508671 47.443126 20.287894
1177.110295 53.256457 20.889519
1177.690736 60.863492 21.469960
1178.256343 68.737062 22.035567
1178.815600 76.934795 22.594824
1179.381220 84.801161 23.160444
1179.927765 92.336161 23.706988
1180.467959 100.044049 24.247183
1181.010262 107.910417 24.789486
1181.554698 115.863229 25.333922
1182.031342 124.550813 25.810566
1182.516444 133.043901 26.295668
1182.993087 143.431547 26.772311
1183.435835 153.811991 27.215059
1183.853170 165.172134 27.632393
1184.249295 178.001824 28.028519
1184.626384 190.557781 28.405607
1185.016159 204.864230 28.795383
1185.448328 213.429374 29.227551
1185.732198 95.390501 28.943681
1186.113516 60.438478 28.562364
1186.585917 34.685494 28.089962
1187.102807 17.115834 27.573072
1187.693853 6.807434 26.982026
1188.361136 1.462338 26.314743
1188.719149 -0.028815 25.956730
1189.517776 -2.254738 25.158103
1190.257106 -3.039934 24.418773
1190.973120 -4.106072 23.702759
1191.699738 -5.301875 22.976142
1192.417884 -6.331995 22.257995
1193.150840 -7.182024 21.525039
1193.862624 -8.024850 20.813255
1194.614654 -8.766824 20.061225
1195.349743 -9.429559 19.326136
1196.078469 -10.027460 18.597410
1196.807195 -10.574937 17.868684
1197.563467 -11.071988 17.112412
1198.290072 -11.525817 16.385807
1199.048466 -11.943628 15.627413
1199.777192 -12.325420 14.898687
1200.524980 -12.678398 14.150899
1201.285494 -13.031377 13.390385
1202.033296 -13.348337 12.642583
1202.768372 -13.643686 11.907507
1203.520402 -13.910220 11.155477
1204.285145 -14.169551 10.390734
1205.035055 -14.450493 9.640824
1205.755310 -14.695417 8.920569
1206.492520 -14.933137 8.183359
1207.246658 -15.221282 7.429221
1207.996581 -15.466206 6.679298
1208.731657 -15.732740 5.944222
1209.451912 -15.977664 5.223967
1210.174288 -16.287420 4.501591
1210.939031 -16.568362 3.736848
1211.678349 -16.856508 2.997530
1212.417679 -17.151857 2.258200
1213.148514 -17.483224 1.527365
1213.898436 -17.800184 0.777443
1214.644104 -18.117144 0.031775
1215.391892 -18.484530 -0.716013
1216.129102 -18.801490 -1.453223
1216.806990 -19.168875 -2.131111
1217.107802 -15.948849 -1.830299
1217.747552 -19.384984 -2.470048
1218.486882 -20.076533 -3.209379
1219.228321 -20.544770 -3.950818
1219.959155 -20.904952 -4.681652
1220.694244 -21.257930 -5.416741
1221.467458 -21.668537 -6.189955
1222.206776 -22.057534 -6.929272
1222.941865 -22.360086 -7.664361
1223.685411 -22.612214 -8.407908
1224.441684 -23.022821 -9.164180
1225.098388 -23.303763 -9.820885
1225.816522 -23.937683 -10.539019
1226.591857 -24.578807 -11.314354
1227.339646 -25.284763 -12.062143
1228.102268 -26.048349 -12.824765
1228.828886 -26.934397 -13.551383
1229.578796 -28.000535 -14.301292
1230.343539 -29.138710 -15.066035
1231.070144 -30.363328 -15.792640
1231.809462 -31.760834 -16.531958
1232.569976 -33.302413 -17.292472
1233.288110 -34.995269 -18.010607
1234.016836 -36.731346 -18.739333
1234.709545 -39.072529 -19.432041
1235.410725 -42.818422 -20.133221
1236.071683 -47.738509 -20.794180
1236.628807 -51.671698 -21.351304
1237.141468 -57.168078 -21.863964
1237.609628 -62.441145 -22.332124
1238.035421 -67.375643 -22.757917
1238.550190 -74.550475 -23.272686
1239.132752 -82.359230 -23.855248
1239.706842 -90.744280 -24.429339
1240.208899 -98.048785 -24.931395
1240.744852 -106.671560 -25.467348
1241.308338 -116.663034 -26.030834
1241.893008 -127.627008 -26.615504
1242.475582 -140.024516 -27.198079
1243.017885 -154.222951 -27.740381
1243.539017 -170.899463 -28.261513
1244.055894 -188.908674 -28.778391
1244.545250 -201.075709 -29.267747
1245.034607 -64.450962 -28.778391
1245.545134 -34.613476 -28.267863
1246.150988 -16.193773 -27.662010
1246.822525 -6.375217 -26.990472
1247.445333 -1.058934 -26.367664
1247.941040 1.721669 -25.871957
1248.680358 3.508170 -25.132640
1249.415446 4.984915 -24.397551
1250.129339 6.094275 -23.683658
1250.853823 7.037951 -22.959174
1251.601612 7.996034 -22.211386
1252.368476 8.774027 -21.444522
1253.103564 9.364725 -20.709433
1253.834411 9.904997 -19.978586
1254.582200 10.351622 -19.230797
1255.340593 10.805451 -18.472404
1256.096866 11.252077 -17.716132
1256.838292 11.569036 -16.974706
1257.723786 12.109309 -16.089211
1258.509713 12.404658 -15.303284
1259.234197 12.692803 -14.578800
1259.984107 12.944930 -13.828890
1260.742500 13.161039 -13.070497
1261.496639 13.398759 -12.316358
1262.246561 13.650887 -11.566436
1262.968924 13.874199 -10.844073
1263.723076 14.097512 -10.089921
1264.485698 14.328028 -9.327299
1265.225016 14.544137 -8.587981
1265.957984 14.731432 -7.855014
1266.718485 14.925930 -7.094512
1267.468395 15.106021 -6.344602
1268.231030 15.307722 -5.581968
1268.974577 15.516628 -4.838421
1269.737199 15.703922 -4.075798
1270.480759 15.891217 -3.332239
1271.046366 16.114529 -2.766631
1271.792046 16.373860 -2.020951
1272.541956 16.611580 -1.271041
1273.302457 16.878114 -0.510540
1274.033304 17.130241 0.220307
1274.812868 17.353554 0.999871
1275.560670 17.483219 1.747672
1276.289396 17.663310 2.476398
1277.024484 17.965863 3.211487
1277.784998 18.254008 3.972001
1278.551850 18.592579 4.738853
1279.299639 18.895132 5.486641
1280.045319 19.226499 6.232322
1280.757103 19.543459 6.944106
1281.504892 19.874826 7.691895
1282.197601 20.307044 8.384604
1282.892443 20.796891 9.079446
1283.574573 21.236312 9.761576
1284.288465 21.718956 10.475468
1285.021433 22.165581 11.208436
1285.745930 22.655428 11.932933
1286.472535 23.138071 12.659538
1287.182211 23.678344 13.369214
1287.923637 24.369893 14.110640
1288.662955 25.119070 14.849958
1289.372631 25.976303 15.559634
1290.090765 26.898368 16.277768
1290.811007 28.202225 16.998010
1291.556688 29.678970 17.743691
1292.249409 31.350212 18.436412
1292.935768 33.309600 19.122771
1293.611548 35.672392 19.798551
1294.302136 38.654695 20.489139
1294.939777 42.523046 21.126780
1295.577406 47.320665 21.764409
1296.159981 53.573417 22.346984
1296.746772 60.618569 22.933774
1297.295437 67.915848 23.482440
1297.865286 75.659752 24.052289
1298.382176 82.697701 24.569179
1298.922370 90.650511 25.109373
1299.473157 98.343991 25.660159
1300.030293 106.044675 26.217296
1300.498453 115.250920 26.685456
1300.960276 124.305890 27.147279
1301.400890 136.307149 27.587892
1301.839408 147.660083 28.026411
1302.258851 159.697366 28.445854
1302.604139 174.068634 28.791141
1302.955802 187.690729 29.142804
1303.349832 200.880611 29.536835
1303.868843 211.145815 30.055845
1304.455633 218.976189 30.642636
1305.004299 223.485678 31.191302
1305.593211 229.205383 31.780213
1306.199077 233.909373 32.386080
1306.794351 239.405767 32.981354
1307.362079 242.265621 33.549082
1307.874740 76.178414 33.036421
1308.289941 45.368480 32.621220
1308.779298 23.584697 32.131864
1309.359726 9.724906 31.551436
1309.997367 2.369996 30.913794
1310.446477 0.000000 30.464684
1311.141320 -2.355589 29.769841
1311.893338 -3.299265 29.017824
1312.630547 -4.307774 28.280614
1313.348694 -5.575614 27.562467
1314.064695 -6.764213 26.846466
1314.797663 -7.787130 26.113499
1315.532751 -8.622751 25.378410
1316.269961 -9.371929 24.641200
1316.985974 -9.955424 23.925187
1317.729534 -10.517308 23.181628
1318.466731 -10.978340 22.444431
1319.201819 -11.410558 21.709342
1319.941150 -11.806758 20.970011
1320.678347 -12.202958 20.232814
1321.440982 -12.555937 19.470180
1322.173937 -12.887304 18.737224
1322.925967 -13.204264 17.985194
1323.675877 -13.506817 17.235284
1324.413087 -13.780555 16.498075
1325.156646 -14.032682 15.754515
1325.891722 -14.284809 15.019439
1326.650115 -14.558548 14.261046
1327.389433 -14.789064 13.521728
1328.139343 -15.019580 12.771819
1328.885023 -15.264504 12.026138
1329.624354 -15.480613 11.286808
1330.397568 -15.754351 10.513593
1331.170782 -15.970460 9.740379
1331.891037 -16.236995 9.020124
1332.626113 -16.481918 8.285048
1333.388735 -16.741249 7.522426
1334.140766 -16.993377 6.770395
1334.871613 -17.259911 6.039549
1335.602472 -17.533649 5.308689
1336.333306 -17.778573 4.577855
1337.083229 -18.088330 3.827932
1337.818305 -18.390882 3.092856
1338.568214 -18.736657 2.342947
1339.294832 -19.075228 1.616329
1339.640120 -17.720944 1.271041
1340.358267 -19.680333 0.552894
1341.118768 -20.105348 -0.207607
1341.855978 -20.501548 -0.944816
1342.603766 -20.904952 -1.692605
1343.328251 -21.322763 -2.417089
1344.078160 -21.812610 -3.166999
1344.823841 -22.244828 -3.912679
1345.577992 -22.655436 -4.666831
1346.317310 -22.994007 -5.406149
1347.086295 -23.246134 -6.175134
1347.853146 -23.512668 -6.941985
1348.603056 -23.570298 -7.691895
1349.359328 -23.894461 -8.448167
1350.098646 -24.398716 -9.187485
1350.844326 -25.068654 -9.933165
1351.600586 -25.789018 -10.689425
1352.363208 -26.567011 -11.452047
1353.111010 -27.172117 -12.199849
1353.759230 -28.050960 -12.848069
1354.494319 -29.167524 -13.583158
1355.225166 -30.327310 -14.314005
1355.981426 -31.753631 -15.070265
1356.701681 -33.547337 -15.790520
1357.462195 -35.982167 -16.551034
1358.148554 -39.043714 -17.237392
1358.834900 -42.177298 -17.923739
1359.481012 -47.162218 -18.569851
1360.137729 -52.046287 -19.226568
1360.673669 -55.143854 -19.762508
1361.127008 -58.371086 -20.215847
1361.599410 -62.016130 -20.688249
1362.086646 -66.107801 -21.175485
1362.705212 -71.150353 -21.794051
1363.342841 -76.084852 -22.431680
1363.948707 -81.667680 -23.037546
1364.584228 -87.517044 -23.673067
1365.187960 -93.712185 -24.276799
1365.711213 -99.338239 -24.800052
1366.228103 -105.382106 -25.316942
1366.759814 -112.837891 -25.848653
1367.348726 -121.626357 -26.437565
1367.944000 -131.480968 -27.032839
1368.511728 -142.855558 -27.600567
1369.054044 -156.254388 -28.142882
1369.596346 -171.007519 -28.685185
1370.149254 -184.672906 -29.238092
1370.746636 -195.514458 -29.835475
1371.348248 -204.742389 -30.437087
1371.975298 -212.810531 -31.064137
1372.629881 -219.279455 -31.718720
1373.284464 -224.682233 -32.373303
1373.962352 -229.652792 -33.051191
1374.574569 -232.066034 -33.663407
1375.006711 -79.600233 -33.231265
1375.500310 -43.387510 -32.737666
1376.089209 -20.616806 -32.148767
1376.739576 -7.794333 -31.498400
1377.347537 -1.649632 -30.890439
1377.906795 1.541578 -30.331181
1378.616458 3.954795 -29.621518
1379.336726 5.604428 -28.901250
1380.061197 6.901082 -28.176779
1380.798407 7.938405 -27.439569
1381.550437 8.939710 -26.687539
1382.287634 9.739314 -25.950342
1383.029073 10.315604 -25.208903
1383.783212 10.726211 -24.454764
1384.535255 11.093597 -23.702721
1385.274573 11.446575 -22.963403
1386.016011 11.698702 -22.221965
1386.914219 12.296603 -21.323757
1387.670478 12.656785 -20.567498
1388.420388 12.995356 -19.817588
1389.176648 13.326723 -19.061328
1389.949874 13.643683 -18.288102
1390.699771 13.903014 -17.538205
1391.447573 14.162345 -16.790403
1392.239849 14.364046 -15.998126
1392.994001 14.551341 -15.243975
1393.731198 14.724228 -14.506778
1394.489578 14.868301 -13.748398
1395.256442 14.983559 -12.981534
1396.002110 15.106021 -12.235866
1396.764732 15.235686 -11.473244
1397.506184 15.358148 -10.731792
1398.260335 15.487813 -9.977641
1399.016595 15.675108 -9.221381
1399.758034 15.819180 -8.479942
1400.520656 15.999271 -7.717320
1401.291749 16.186566 -6.946227
1402.043780 16.337842 -6.194196
1402.577624 16.489118 -5.660352
1403.304229 16.698023 -4.933747
1404.088035 16.899725 -4.149941
1404.837945 17.108631 -3.400031
1405.611159 17.310332 -2.626817
1406.356839 17.519238 -1.881137
1407.106749 17.756958 -1.131227
1407.886326 17.929845 -0.351650
1408.621402 18.088325 0.383426
1409.384024 18.160361 1.146048
1410.174193 17.670514 1.936217
1410.930465 17.166260 2.692489
1411.682495 17.728143 3.444519
1412.423921 18.412488 4.185945
1413.211969 18.851910 4.973993
1413.949166 19.255313 5.711190
1414.671542 19.709142 6.433566
1415.398147 20.148564 7.160171
1416.148069 20.681633 7.910093
1416.891629 21.344367 8.653653
1417.544091 21.978286 9.306116
1418.257997 22.641021 10.020021
1418.980360 23.397402 10.742384
1419.687915 24.038525 11.449939
1420.391216 24.737278 12.153240
1421.109362 25.508067 12.871386
1421.835968 26.286059 13.597992
1422.596469 26.970404 14.358493
1423.335787 27.589916 15.097811
1424.060284 28.403927 15.822308
1424.814435 29.354806 16.576459
1425.511398 30.514591 17.273422
1426.254945 31.825652 18.016969
1426.964609 33.302397 18.726633
1427.640376 35.521115 19.402400
1428.328855 38.416976 20.090879
1428.994030 42.278122 20.756055
1429.635914 46.737170 21.397938
1430.252372 52.075062 22.014396
1430.866696 57.535414 22.628720
1431.491638 62.822880 23.253662
1432.118675 68.016699 23.880699
1432.720299 73.016019 24.482323
1433.343107 78.015340 25.105131
1433.944732 82.935421 25.706756
1434.546356 87.826687 26.308380
1435.152222 93.049321 26.914246
1435.760197 98.574507 27.522221
1436.366063 103.970029 28.128087
1436.950746 109.459198 28.712770
1437.478227 115.272531 29.240251
1437.995117 122.137595 29.757141
1438.539554 130.003966 30.301578
1439.081856 138.352982 30.843880
1439.588155 147.141421 31.350179
1440.062677 156.736670 31.824701
1440.503304 166.483197 32.265328
1440.948172 177.331885 32.710196
1441.333719 188.130151 33.095743
1441.757403 199.713619 33.519427
1442.217093 211.830163 33.979117
1442.697965 218.205397 34.459989
1442.962773 99.136391 34.195182
1443.344078 63.874610 33.813877
1443.805888 37.213969 33.352067
1444.316415 18.743855 32.841540
1444.913811 7.484576 32.244144
1445.598049 1.793705 31.559906
1445.981487 -0.021611 31.176468
1446.769535 -2.319570 30.388420
1447.491911 -3.292061 29.666044
1448.220637 -4.509476 28.937318
1448.953592 -5.698075 28.204363
1449.680210 -6.793028 27.477745
1450.404706 -7.815944 26.753249
1451.144024 -8.665973 26.013931
1451.868521 -9.343115 25.289434
1452.607839 -9.948220 24.550116
1453.321744 -10.474086 23.836211
1454.058941 -10.956729 23.099014
1454.800380 -11.381744 22.357575
1455.537589 -11.763537 21.620366
1456.272665 -12.123718 20.885290
1457.009888 -12.440678 20.148067
1457.764026 -12.750435 19.393929
1458.518178 -13.038580 18.639777
1459.268087 -13.326726 17.889868
1460.026480 -13.578853 17.131474
1460.761556 -13.830980 16.396399
1461.513600 -14.068700 15.644355
1462.261388 -14.306420 14.896567
1463.009177 -14.536937 14.148778
1463.761220 -14.753046 13.396735
1464.511130 -14.940340 12.646825
1465.258919 -15.142042 11.899036
1465.987645 -15.343744 11.170310
1466.750267 -15.545446 10.407688
1467.517131 -15.747148 9.640824
1468.228915 -15.948849 8.929040
1468.953412 -16.136144 8.204543
1469.718155 -16.337846 7.439800
1470.459581 -16.532344 6.698374
1471.203154 -16.719639 5.954801
1471.938230 -16.906933 5.219725
1472.662726 -17.101431 4.495228
1473.402044 -17.310337 3.755911
1474.158304 -17.504835 2.999651
1474.901876 -17.771369 2.256079
1475.630589 -18.037904 1.527365
1476.382633 -18.326050 0.775322
1477.121950 -18.650213 0.036005
1477.867618 -18.981581 -0.709663
1478.505260 -19.262522 -1.347305
1478.975541 -19.493039 -1.817586
1479.712750 -20.119755 -2.554795
1480.454176 -20.515955 -3.296222
1481.199857 -20.940970 -4.041902
1481.924341 -21.351577 -4.766386
1482.655188 -21.718963 -5.497233
1483.413581 -21.855832 -6.255626
1484.171974 -21.257930 -7.014019
1484.938826 -20.796897 -7.780871
1485.697206 -21.063432 -8.539251
1486.459829 -21.517261 -9.301874
1487.190676 -22.071941 -10.032721
1487.936356 -22.662639 -10.778401
1488.694737 -23.289356 -11.536782
1489.351441 -23.635130 -12.193486
1490.084409 -24.499567 -12.926454
1490.842789 -25.335189 -13.684834
1491.582120 -26.214033 -14.424165
1492.357442 -27.143302 -15.199487
1493.058622 -28.159015 -15.900667
1493.844561 -29.455670 -16.686606
1494.579650 -30.766732 -17.421695
1495.365564 -32.502809 -18.207609
1496.081590 -34.462199 -18.923635
1496.778541 -37.120342 -19.620586
1497.483962 -39.756875 -20.326007
1498.157608 -43.711673 -20.999653
1498.841846 -47.652065 -21.683891
1499.451954 -50.432671 -22.293999
1500.026032 -54.106529 -22.868077
1500.528089 -56.829506 -23.370134
1501.142426 -60.589809 -23.984471
1501.760992 -64.083577 -24.603037
1502.347795 -67.771843 -25.189840
1502.959999 -72.151660 -25.802044
1503.580699 -76.999715 -26.422744
1504.222569 -82.524914 -27.064614
1504.847498 -88.539963 -27.689543
1505.478777 -95.188934 -28.320822
1505.980834 -100.742951 -28.822879
1506.495603 -107.744905 -29.337648
1507.095119 -115.964279 -29.937164
1507.692501 -125.206577 -30.534547
1508.302597 -135.623076 -31.144642
1508.887267 -147.444296 -31.729312
1509.427461 -161.354590 -32.269506
1509.967643 -177.195481 -32.809688
1510.522671 -193.137240 -33.364716
1511.050140 -202.574077 -33.892185
1511.577609 -65.337011 -33.364716
1512.096620 -35.542745 -32.845705
1512.689761 -16.525140 -32.252564
1513.354936 -6.267163 -31.587389
1513.926906 -1.102156 -31.015419
1514.528530 1.966592 -30.413795
1515.255136 3.796315 -29.687190
1515.975391 5.568409 -28.966935
1516.699888 6.785824 -28.242438
1517.447676 7.758314 -27.494649
1518.201828 8.651565 -26.740498
1518.936904 9.407946 -26.005422
1519.682584 9.955423 -25.259741
1520.438844 10.402048 -24.503482
1521.180282 10.805451 -23.762043
1521.938663 11.244873 -23.003662
1522.684343 11.482593 -22.257982
1523.582551 12.066087 -21.359774
1524.349402 12.411862 -20.592923
1525.088720 12.692803 -19.853605
1525.836509 13.016967 -19.105816
1526.607602 13.290705 -18.334723
1527.353283 13.521221 -17.589043
1528.107434 13.758941 -16.834891
1528.891240 13.960643 -16.051085
1529.653862 14.147937 -15.288463
1530.382588 14.320824 -14.559737
1531.147331 14.479304 -13.794994
1531.912062 14.623377 -13.030264
1532.653501 14.781857 -12.288825
1533.420377 14.925930 -11.521948
1534.149091 15.062799 -10.793235
1534.901134 15.199668 -10.041192
1535.659502 15.372555 -9.282824
1536.403061 15.502220 -8.539264
1537.148742 15.595868 -7.793584
1537.699528 15.739940 -7.242797
1538.453679 15.876809 -6.488646
1539.205710 16.013678 -5.736615
1539.947149 16.143344 -4.995177
1540.722471 16.258602 -4.219854
1541.478743 16.359453 -3.463582
1542.247728 16.438693 -2.694597
1543.001880 16.517933 -1.940446
1543.758139 16.280213 -1.184186
1544.541945 15.271704 -0.400380
1545.289734 15.610275 0.347409
1546.052369 16.251398 1.110043
1546.817099 16.726838 1.874774
1547.562780 16.964558 2.620455
1548.316919 17.187871 3.374593
1549.073204 17.396776 4.130878
1549.863359 17.648903 4.921034
1550.598435 17.886623 5.656110
1551.348358 18.131546 6.406032
1552.106738 18.405285 7.164413
1552.860890 18.722244 7.918564
1553.602328 19.140055 8.660003
1554.259033 19.449811 9.316707
1554.979288 19.838807 10.036962
1555.744031 20.098138 10.801706
1556.481228 20.141360 11.538903
1557.199375 20.624003 12.257049
1557.915388 21.063425 12.973063
1558.652598 21.524458 13.710272
1559.419449 22.028712 14.477124
1560.169359 22.504152 15.227033
1560.898085 23.008406 15.955759
1561.633173 23.570289 16.690848
1562.387337 24.218616 17.445012
1563.122413 24.953387 18.180088
1563.842656 25.781805 18.900330
1564.575636 26.732684 19.633311
1565.323425 28.043745 20.381100
1566.014026 29.815839 21.071700
1566.715218 32.272277 21.772893
1567.369801 35.088898 22.427476
1568.049810 38.272903 23.107485
1568.702285 42.134050 23.759960
1569.337793 46.196898 24.395468
1569.975435 50.598317 25.033110
1570.615185 55.014143 25.672860
1571.231643 59.401155 26.289317
1571.852343 64.069108 26.910017
1572.453967 69.046818 27.511642
1573.081004 74.053342 28.138679
1573.680520 79.153514 28.738195
1574.244007 84.462591 29.301681
1574.854102 90.772973 29.911777
1575.402767 97.630831 30.460442
1575.995934 104.647170 31.053608
1576.481035 112.491928 31.538710
1576.951329 120.862552 32.009004
1577.472448 131.934541 32.530123
1577.936392 143.114587 32.994067
1578.368548 154.626003 33.426222
1578.781628 166.382346 33.839302
1579.165066 178.664559 34.222741
1579.597209 192.509969 34.654884
1580.023015 201.413681 35.080689
1580.345010 87.790669 34.758693
1580.728449 55.496787 34.375255
1581.217793 31.595136 33.885911
1581.772808 15.221279 33.330896
1582.399858 6.072664 32.703846
1583.075625 1.260636 32.028079
1583.429409 -0.057629 31.674295
1583.692083 -0.842825 31.411621
1584.264065 -2.283552 30.839639
1584.986441 -3.349690 30.117263
1585.723638 -4.581512 29.380066
1586.452364 -5.770112 28.651340
1587.187453 -6.857861 27.916251
1587.911937 -7.830351 27.191767
1588.644918 -8.644362 26.458786
1589.377885 -9.357522 25.725818
1590.110841 -9.955424 24.992863
1590.854400 -10.459679 24.249304
1591.585247 -10.906304 23.518457
1592.316094 -11.316911 22.787610
1593.049062 -11.669889 22.054642
1593.782042 -12.030071 21.321662
1594.523481 -12.339828 20.580223
1595.294561 -12.642380 19.809143
1596.012708 -12.908915 19.090996
1596.766860 -13.168246 18.336844
1597.537953 -13.427577 17.565751
1598.273029 -13.672500 16.830675
1599.006009 -13.866998 16.097694
1599.747448 -14.090311 15.356256
1600.514300 -14.313624 14.589404
1601.270572 -14.493715 13.833132
1601.999298 -14.717028 13.104406
1602.757691 -14.904322 12.346013
1603.494888 -15.091617 11.608816
1604.253281 -15.286115 10.850423
1605.013783 -15.495020 10.089921
1605.748859 -15.660704 9.354845
1606.483947 -15.862406 8.619757
1607.225399 -16.071311 7.878305
1607.973187 -16.244198 7.130517
1608.720976 -16.417086 6.382728
1609.451823 -16.604380 5.651881
1610.191141 -16.777268 4.912563
1610.915638 -16.950155 4.188066
1611.690973 -17.123042 3.412731
1612.434520 -17.324744 2.669184
1613.173850 -17.540853 1.929854
1613.917410 -17.807388 1.186294
1614.684261 -18.102737 0.419443
1615.427821 -18.419697 -0.324117
1616.162909 -18.794286 -1.059205
1616.908577 -19.140061 -1.804873
1617.643666 -19.457021 -2.539962
1617.972012 -18.679028 -2.868308
1618.747347 -20.047719 -3.643643
1619.484544 -20.451123 -4.380840
1620.217511 -20.710453 -5.113807
1621.005559 -20.652824 -5.901855
1621.746998 -20.054922 -6.643294
1622.486316 -20.011701 -7.382612
1623.255288 -20.278235 -8.151584
1624.009439 -20.739268 -8.905735
1624.746649 -21.200301 -9.642945
1625.485967 -21.466835 -10.382263
1626.168096 -21.877443 -11.064392
1626.941298 -22.410512 -11.837594
1627.680628 -23.044432 -12.576924
1628.396642 -23.678352 -13.292938
1629.157143 -24.326680 -14.053439
1629.898582 -24.967803 -14.794878
1630.640020 -25.796222 -15.536316
1631.396280 -26.711084 -16.292576
1632.135610 -27.661964 -17.031907
1632.917295 -28.800139 -17.813592
1633.675689 -30.103997 -18.571985
1634.391689 -31.703205 -19.287985
1635.122549 -33.576152 -20.018845
1635.840683 -35.982167 -20.736979
1636.546105 -38.035205 -21.442401
1637.245176 -41.240825 -22.141472
1637.946368 -44.720183 -22.842665
1638.626365 -47.868175 -23.522661
1639.198334 -51.131425 -24.094631
1639.776654 -53.616681 -24.672950
1640.350732 -56.966376 -25.247028
1640.965070 -60.402514 -25.861366
1641.606940 -64.357315 -26.503236
1642.227640 -68.096007 -27.123936
1642.825010 -72.115642 -27.721306
1643.464772 -77.316676 -28.361068
1644.072760 -83.317316 -28.969056
1644.676492 -90.131970 -29.572788
1645.246341 -96.838571 -30.142637
1645.744156 -104.107058 -30.640452
1646.318259 -113.363758 -31.214555
1646.905050 -124.356544 -31.801346
1647.449474 -137.596880 -32.345770
1648.002381 -153.538602 -32.898677
1648.519258 -171.389314 -33.415554
1649.006494 -184.572054 -33.902790
1649.610239 -56.606193 -33.299044
1650.165267 -30.039165 -32.744016
1650.762650 -13.456391 -32.146634
1651.429933 -4.876861 -31.479350
1651.927760 -0.871640 -30.981523
1652.620469 2.355589 -30.288814
1653.349195 4.062850 -29.560088
1654.063100 5.683668 -28.846183
1654.808781 6.771416 -28.100503
1655.539615 7.765518 -27.369668
1656.302250 8.622750 -26.607033
1657.047918 9.321503 -25.861366
1657.799948 9.854572 -25.109335
1658.543508 10.308401 -24.365776
1659.291297 10.747822 -23.617987
1660.028493 11.100800 -22.880790
1660.981781 11.662684 -21.927502
1661.765574 12.051680 -21.143709
1662.523967 12.361436 -20.385316
1663.263285 12.685600 -19.645998
1664.036499 12.966541 -18.872784
1664.797001 13.218669 -18.112283
1665.549031 13.485203 -17.360252
1666.298941 13.672497 -16.610343
1667.065792 13.874199 -15.843491
1667.847490 14.068697 -15.061794
1668.569866 14.205566 -14.339418
1669.336717 14.371250 -13.572566
1670.097231 14.493712 -12.812052
1670.853491 14.630581 -12.055793
1671.599171 14.767450 -11.310112
1672.353310 14.889912 -10.555973
1673.103232 15.019577 -9.806051
1673.853129 15.170853 -9.056154
1674.596689 15.286111 -8.312594
1675.357203 15.408573 -7.552080
1676.126175 15.538239 -6.783108
1676.880314 15.653497 -6.028969
1677.626007 15.775958 -5.283276
1678.380146 15.891217 -4.529138
1679.168194 15.984864 -3.741090
1679.930816 16.078511 -2.978467
1680.678617 16.121733 -2.230666
1681.466652 15.912827 -1.442631
1682.225033 15.495017 -0.684251
1683.002489 15.170853 0.093205
1683.765111 15.790366 0.855828
1684.519262 16.301824 1.609979
1685.269172 16.481914 2.359889
1685.777591 16.553951 2.868308
1686.525380 16.777263 3.616096
1687.311307 16.978965 4.402023
1688.078171 17.151852 5.168887
1688.845022 17.317536 5.935739
1689.580111 17.540849 6.670827
1690.346975 17.785772 7.437691
1691.130768 18.001881 8.221485
1691.865857 18.138750 8.956573
1692.588233 18.001881 9.678949
1693.325442 17.828994 10.416159
1694.100777 18.045103 11.191494
1694.861279 18.124343 11.951995
1695.609067 18.362063 12.699784
1696.346264 18.643004 13.436981
1697.102549 19.118444 14.193266
1697.810092 19.586680 14.900808
1698.534576 20.191786 15.625293
1699.286619 20.732058 16.377336
1700.059833 21.293941 17.150550
1700.813985 21.906250 17.904701
1701.559652 22.576188 18.650369
1702.273545 23.476642 19.364262
1703.023467 24.456336 20.114184
1703.769148 25.479252 20.859864
1704.493645 26.761499 21.584361
1705.213887 28.353501 22.304604
1705.934142 30.240853 23.024859
1706.628984 32.437961 23.719701
1707.317464 35.168138 24.408181
1707.978410 38.323328 25.069127
1708.649935 41.543352 25.740652
1709.298169 44.720154 26.388886
1709.948510 48.307562 27.039227
1710.596744 51.808527 27.687461
1711.249206 55.648063 28.339923
1711.882619 59.754133 28.973336
1712.492714 64.537344 29.583431
1713.104943 69.363778 30.195660
1713.698097 75.025832 30.788813
1714.263691 81.458676 31.354408
1714.818719 89.130544 31.909436
1715.344080 97.349890 32.434797
1715.803782 106.123915 32.894499
1716.280426 116.309855 33.371142
1716.718919 128.339926 33.809635
1717.138374 140.636535 34.229091
1717.576880 154.712446 34.667596
1717.970910 168.089609 35.061627
1718.358565 181.769331 35.449281
1718.845813 193.511277 35.936530
1719.345748 204.309549 36.436465
1719.919827 210.735207 37.010543
1720.502401 218.616006 37.593118
1721.087071 224.097989 38.177788
1721.692937 230.321950 38.783654
1722.152626 232.699158 39.243343
1722.661045 72.093954 38.734924
1723.116505 42.919246 38.279464
1723.612199 22.302450 37.783770
1724.205353 9.105394 37.190616
1724.855707 2.305163 36.540262
1725.283621 -0.014407 36.112348
1725.999647 -2.564494 35.396322
1726.734735 -3.421727 34.661234
1727.463449 -4.250145 33.932520
1728.202779 -5.561206 33.193190
1728.925155 -6.908286 32.470814
1729.675065 -7.923999 31.720904
1730.393212 -8.867675 31.002757
1731.126167 -9.660075 30.269802
1731.850664 -10.351624 29.545305
1732.583632 -10.906304 28.812338
1733.335662 -11.396151 28.060307
1734.089813 -11.799555 27.306156
1734.824902 -12.152533 26.571067
1735.568462 -12.397457 25.827507
1736.331084 -12.678398 25.064885
1737.066173 -12.944933 24.329796
1737.803370 -13.146635 23.592599
1738.538458 -13.362744 22.857511
1739.275668 -13.564446 22.120301
1740.017094 -13.744537 21.378875
1740.760654 -13.931831 20.635316
1741.536001 -14.090311 19.859968
1742.268969 -14.270402 19.127000
1743.012516 -14.414475 18.383453
1743.779367 -14.580158 17.616602
1744.518698 -14.731435 16.877271
1745.264378 -14.904322 16.131591
1746.016409 -15.070006 15.379560
1746.762077 -15.250097 14.633892
1747.528941 -15.430188 13.867028
1748.257679 -15.610278 13.138290
1749.001239 -15.804777 12.394730
1749.738436 -15.977664 11.657533
1750.503166 -16.164958 10.892803
1751.257318 -16.337846 10.138651
1751.996636 -16.510733 9.399333
1752.733858 -16.669213 8.662111
1753.471055 -16.849304 7.924914
1754.225194 -17.014988 7.170776
1754.985708 -17.187875 6.410261
1755.714434 -17.367966 5.681535
1756.434689 -17.569668 4.961280
1757.167644 -17.778573 4.228325
1757.938750 -17.980275 3.457219
1758.692901 -18.210791 2.703068
1759.423735 -18.434104 1.972234
1760.150353 -18.671824 1.245616
1760.917217 -18.952766 0.478752
1761.684069 -19.291337 -0.288100
1762.071749 -18.196384 -0.675780
1762.800475 -20.076533 -1.404506
1763.535551 -20.551973 -2.139582
1764.285460 -20.948173 -2.889491
1765.035370 -21.293948 -3.639401
1765.787413 -21.589297 -4.391444
1766.545794 -21.704555 -5.149825
1767.297824 -21.582094 -5.901855
1768.054097 -20.984192 -6.658127
1768.797643 -20.861730 -7.401674
1769.560266 -20.904952 -8.164297
1770.335601 -21.171486 -8.939632
1771.085510 -21.625315 -9.689541
1771.816370 -22.151181 -10.420401
1772.572630 -22.619417 -11.176660
1773.339494 -23.325374 -11.943525
1774.078799 -24.060145 -12.682830
1774.805417 -24.917378 -13.409447
1775.551097 -25.810629 -14.155128
1776.239564 -26.386920 -14.843595
1776.961940 -27.366615 -15.565971
1777.716091 -28.677677 -16.320122
1778.461759 -30.334514 -17.065790
1779.234986 -32.286700 -17.839017
1779.976412 -34.462199 -18.580443
1780.711488 -36.861011 -19.315519
1781.421164 -39.699245 -20.025195
1782.147769 -42.436629 -20.751800
1782.823536 -45.174013 -21.427567
1783.543791 -48.134709 -22.147822
1784.261925 -50.893704 -22.865956
1784.840245 -52.226378 -23.444276
1785.382548 -54.308231 -23.986579
1785.969352 -56.995190 -24.573382
1786.592160 -59.357985 -25.196190
1787.223451 -62.491571 -25.827482
1787.861080 -64.984032 -26.465111
1788.445763 -68.412968 -27.049793
1789.087621 -71.870718 -27.691651
1789.742217 -76.178500 -28.346248
1790.373483 -80.954519 -28.977514
1790.985712 -86.436497 -29.589743
1791.583094 -92.710877 -30.187125
1792.080922 -98.812372 -30.684953
1792.566024 -104.899461 -31.170054
1793.070214 -113.378166 -31.674245
1793.610395 -124.212471 -32.214426
1794.139998 -136.998976 -32.744029
1794.665359 -151.953794 -33.269390
1795.220374 -167.348049 -33.824405
1795.821986 -179.515067 -34.426017
1796.474461 -188.851045 -35.078492
1797.129045 -196.731882 -35.733076
1797.809054 -203.373687 -36.413084
1798.491183 -209.230293 -37.095214
1799.169058 -214.697901 -37.773089
1799.789746 -217.370474 -38.393776
1800.262147 -70.984670 -37.921374
1800.753612 -38.805994 -37.429910
1801.353116 -18.160366 -36.830406
1802.022533 -6.548104 -36.160989
1802.554256 -1.123767 -35.629266
1803.189751 2.341181 -34.993770
1803.935432 4.495068 -34.248090
1804.651458 6.440049 -33.532064
1805.382292 7.808740 -32.801230
1806.121623 8.730805 -32.061899
1806.867303 9.487186 -31.316219
1807.623563 10.164328 -30.559959
1808.371351 10.776637 -29.812171
1809.104319 11.237669 -29.079203
1809.845745 11.576240 -28.337777
1810.332981 10.495695 -27.850541
1810.724890 11.893200 -27.458632
1811.474800 12.210160 -26.708722
1812.228951 12.512712 -25.954571
1812.991561 12.808061 -25.191961
1813.745712 13.074596 -24.437810
1814.485043 13.348334 -23.698479
1815.239181 13.600461 -22.944341
1815.993333 13.859792 -22.190189
1816.779259 14.111919 -21.404263
1817.524940 14.364046 -20.658582
1818.279079 14.594563 -19.904443
1819.033230 14.853893 -19.150292
1819.802202 15.098817 -18.381320
1820.359339 15.286111 -17.824183
1821.107140 15.516628 -17.076382
1821.857050 15.761551 -16.326472
1822.640856 15.963253 -15.542666
1823.375932 16.121733 -14.807590
1824.127962 16.208176 -14.055560
1824.886355 16.294620 -13.297167
1825.657448 16.316231 -12.526074
1826.411587 16.323435 -11.771935
1827.167859 16.323435 -11.015662
1827.926240 16.323435 -10.257282
1828.680391 16.330638 -9.503131
1829.428180 16.417082 -8.755342
1830.186573 16.510729 -7.996949
1830.951316 16.597173 -7.232206
1831.703347 16.698023 -6.480175
1832.461740 16.820485 -5.721782
1833.222242 16.950151 -4.961280
1833.986972 17.058205 -4.196550
1834.747473 17.216685 -3.436049
1835.507988 17.389572 -2.675534
1836.272731 17.576867 -1.910791
1837.003565 17.735347 -1.179957
1837.783142 17.836198 -0.400380
1838.547885 17.843401 0.364363
1839.310507 17.238296 1.126985
1840.096434 16.719634 1.912912
1840.865406 16.309027 2.681884
1841.606845 16.532340 3.423323
1842.371588 17.339147 4.188066
1843.129981 17.958659 4.946459
1843.873528 18.232397 5.690006
1844.646742 18.441303 6.463221
1845.394544 18.729448 7.211022
1846.169879 19.024797 7.986357
1846.824462 19.298535 8.640940
1847.551067 19.716346 9.367545
1848.262852 20.126953 10.079330
1849.044549 20.465524 10.861027
1849.775396 20.804094 11.591874
1850.529548 21.049018 12.346026
1851.275215 21.157072 13.091693
1852.035717 21.178683 13.852195
1852.791989 21.524458 14.608467
1853.529186 21.927861 15.345664
1854.304521 22.208803 16.120999
1855.065022 22.655428 16.881500
1855.812824 23.116460 17.629302
1856.571217 23.505457 18.387695
1857.293593 24.045729 19.110071
1858.024440 24.758889 19.840918
1858.784941 25.731379 20.601419
1859.498834 27.042440 21.315312
1860.202147 28.778516 22.018625
1860.899098 30.881976 22.715576
1861.572756 33.165528 23.389234
1862.267586 35.830872 24.084064
1862.953945 38.546641 24.770423
1863.640316 41.284021 25.456794
1864.294900 43.819700 26.111378
1864.977017 46.333767 26.793495
1865.657026 48.602911 27.473504
1866.339155 50.619928 28.155633
1867.027635 52.817036 28.844113
1867.690689 55.114994 29.507167
1868.370698 57.571433 30.187176
1869.054936 60.409663 30.871414
1869.718003 63.319931 31.534481
1870.387420 66.590379 32.203898
1871.016591 70.458730 32.833069
1871.641507 74.737687 33.457985
1872.253723 79.852266 34.070201
1872.842647 85.867299 34.659126
1873.404026 91.831907 35.220504
1873.933616 99.698274 35.750094
1874.435672 107.679900 36.252150
1874.908087 116.958182 36.724565
1875.401685 127.713210 37.218163
1875.954579 138.324167 37.771057
1876.331655 149.597862 38.148133
1876.721431 160.785116 38.537909
1877.153599 172.678331 38.970077
1877.579392 184.600364 39.395870
1878.032731 194.591824 39.849209
1878.488191 202.069213 40.304669
1879.142787 54.754813 39.650073
1879.610947 31.090882 39.181913
1880.174434 14.897115 38.618427
1880.786663 5.856555 38.006198
1881.473021 1.087749 37.319839
1881.803488 -0.057629 36.989372
1882.663570 -2.636530 36.129290
1883.413480 -3.580207 35.379381
1884.129493 -4.833639 34.663367
1884.853990 -5.971813 33.938870
1885.580608 -6.980322 33.212253
1886.324167 -7.931202 32.468693
1887.067714 -8.745213 31.725146
1887.792211 -9.429559 31.000649
1888.533663 -10.020257 30.259198
1889.281451 -10.538918 29.511409
1890.018661 -10.935118 28.774200
1890.757979 -11.331318 28.034882
1891.505780 -11.698704 27.287080
1892.253569 -11.994053 26.539292
1892.990766 -12.260588 25.802095
1893.732217 -12.447882 25.060643
1894.488489 -12.656788 24.304371
1895.238399 -12.858489 23.554461
1895.981946 -13.031377 22.810914
1896.719155 -13.211468 22.073705
1897.466944 -13.369948 21.325916
1898.216866 -13.514020 20.575994
1898.983718 -13.665297 19.809143
1899.716698 -13.794962 19.076162
1900.456016 -13.960646 18.336844
1901.205926 -14.126329 17.586935
1901.974911 -14.270402 16.817950
1902.697287 -14.407271 16.095574
1903.447196 -14.551344 15.345664
1904.209806 -14.724231 14.583054
1904.953378 -14.868304 13.839482
1905.688467 -15.033988 13.104393
1906.457439 -15.206875 12.335421
1907.203107 -15.408577 11.589753
1907.942438 -15.574260 10.850423
1908.694468 -15.783166 10.098392
1909.454969 -15.956053 9.337891
1910.204892 -16.136144 8.587969
1910.931497 -16.301828 7.861364
1911.691998 -16.474715 7.100862
1912.458850 -16.676417 6.334011
1913.185467 -16.863711 5.607393
1913.916314 -17.058209 4.876546
1914.640811 -17.267115 4.152049
1915.403434 -17.483224 3.389427
1916.155464 -17.684926 2.637396
1916.894782 -17.944257 1.898079
1917.629871 -18.189180 1.162990
1918.400964 -18.441308 0.391897
1919.146632 -18.751064 -0.353771
1919.892312 -19.104042 -1.099452
1920.640113 -19.471428 -1.847253
1921.385781 -19.701944 -2.592921
1921.915371 -19.903646 -3.122511
1922.555134 -20.011701 -3.762273
1923.292343 -20.307050 -4.499483
1924.035903 -20.307050 -5.243043
1924.821817 -20.040515 -6.028957
1925.575968 -19.867628 -6.783108
1926.319528 -19.709148 -7.526668
1927.073667 -19.745166 -8.280806
1927.857485 -19.961275 -9.064625
1928.598911 -20.451123 -9.806051
1929.334000 -21.121061 -10.541140
1930.026709 -21.402003 -11.233849
1930.763918 -22.086348 -11.971058
1931.507478 -22.835527 -12.714618
1932.253146 -23.541483 -13.460285
1933.005176 -24.225829 -14.212316
1933.755086 -24.975007 -14.962226
1934.471099 -25.796222 -15.678239
1935.233734 -26.775916 -16.440874
1935.983644 -27.921295 -17.190783
1936.742024 -29.102692 -17.949164
1937.481342 -30.428161 -18.688482
1938.218552 -32.034573 -19.425691
1938.938794 -33.929130 -20.145934
1939.686596 -35.477912 -20.893735
1940.385667 -37.336451 -21.592807
1941.108043 -39.612802 -22.315183
1941.845240 -41.881949 -23.052380
1942.504052 -43.373102 -23.711192
1943.171361 -45.548602 -24.378501
1943.838645 -47.536807 -25.045784
1944.436027 -49.488994 -25.643167
1945.099082 -51.570847 -26.306221
1945.755799 -53.328536 -26.962938
1946.446386 -55.475221 -27.653526
1947.145458 -57.629111 -28.352598
1947.793679 -60.272848 -29.000818
1948.490629 -63.147103 -29.697769
1949.200293 -66.244670 -30.407432
1949.823101 -69.212572 -31.030240
1950.464984 -72.821600 -31.672124
1951.083550 -76.545886 -32.290690
1951.714829 -81.494793 -32.921969
1952.352458 -86.883123 -33.559598
1952.979508 -92.732488 -34.186647
1953.543007 -98.632281 -34.750146
1954.098022 -105.886362 -35.305162
1954.642458 -114.530751 -35.849598
1955.203824 -125.941350 -36.410964
1955.752489 -140.146979 -36.959629
1956.318096 -156.873904 -37.525236
1956.887945 -174.011454 -38.095085
1957.421790 -185.169960 -38.628930
1957.945043 -56.109142 -38.105677
1958.474633 -29.772630 -37.576087
1959.088982 -13.506817 -36.961737
1959.743553 -4.776010 -36.307166
1960.232910 -0.857233 -35.817810
1960.917147 2.434828 -35.133572
1961.645873 4.552697 -34.404846
1962.374599 6.231144 -33.676120
1963.094855 7.412540 -32.955865
1963.829931 8.291383 -32.220789
1964.577732 9.018950 -31.472988
1965.283166 9.732110 -30.767553
1966.024592 10.330011 -30.026127
1966.778731 10.834266 -29.271989
1967.505349 11.165633 -28.545371
1968.248908 11.482593 -27.801811
1969.003047 11.777942 -27.047673
1969.740257 12.066087 -26.310463
1970.483816 12.339825 -25.566903
1971.229484 12.606360 -24.821236
1971.973031 12.779247 -24.077689
1972.237839 11.194448 -23.812881
1972.771670 13.096207 -23.279049
1973.530064 13.319519 -22.520656
1974.279973 13.571647 -21.770746
1975.036245 13.780552 -21.014474
1975.803097 13.975050 -20.247623
1976.542415 14.176752 -19.508305
1977.307158 14.313621 -18.743562
1978.076130 14.436083 -17.974589
1978.811219 14.508119 -17.239501
1979.571720 14.565748 -16.478999
1980.327993 14.637784 -15.722727
1981.099086 14.666599 -14.951634
1981.829920 14.608970 -14.220800
1982.590434 14.472101 -13.460285
1983.333994 14.486508 -12.716726
1984.092374 14.608970 -11.958345
1984.842284 14.767450 -11.208436
1985.587952 14.846690 -10.462768
1986.329390 14.990762 -9.721329
1987.083554 15.084410 -8.967165
1987.827114 15.199668 -8.223606
1988.577011 15.343740 -7.473709
1989.324812 15.473406 -6.725907
1990.091664 15.631886 -5.959056
1990.820390 15.761551 -5.230330
1991.570299 15.934438 -4.480420
1992.339284 16.121733 -3.711435
1993.101907 16.273009 -2.948813
1993.843345 16.409878 -2.207374
1994.614438 16.532340 -1.436281
1995.364348 16.662005 -0.686372
1996.120633 16.777263 0.069914
1996.885364 16.870911 0.834644
1997.667049 16.928540 1.616329
1998.391545 16.863707 2.340826
1999.143576 16.438693 3.092856
1999.921032 15.365351 3.870312
2000.694233 15.408573 4.643514
2001.435672 16.136140 5.384952
2002.172882 16.842096 6.122162
2002.920683 17.288721 6.869963
2003.676943 17.555256 7.626223
2004.251033 17.641699 8.200314
2004.956468 18.095528 8.905748
2005.683060 18.362063 9.632340
2006.418149 18.534950 10.367429
2007.185013 18.563764 11.134293
2007.932801 18.549357 11.882082
2008.678482 18.246805 12.627762
2009.426283 16.827689 13.375564
2010.178314 16.690820 14.127594
2010.945165 16.265805 14.894446
2011.661179 17.058205 15.610459
2012.398388 17.987474 16.347669
2013.127114 18.808688 17.076395
2013.891870 19.457015 17.841151
2014.633296 20.076527 18.582576
2015.359914 20.674429 19.309194
2016.092869 21.344367 20.042149
2016.836441 22.172785 20.785722
2017.548213 23.174090 21.497493
2018.253647 24.470743 22.202927
2018.961189 25.925877 22.910470
2019.649669 27.820433 23.598949
2020.344499 29.722192 24.293779
2021.028749 31.804041 24.978030
2021.727834 33.936316 25.677114
2022.418421 36.104610 26.367702
2023.096309 38.251292 27.045590
2023.767847 40.030589 27.717128
2024.464785 42.134050 28.414066
2025.151157 43.985383 29.100437
2025.843865 45.980789 29.793146
2026.519645 47.875344 30.468926
2027.208125 50.050841 31.157405
2027.898725 52.636945 31.848006
2028.563901 55.489583 32.513181
2029.216363 58.464683 33.165644
2029.892130 61.540634 33.841411
2030.557318 64.955155 34.506599
2031.197068 69.277334 35.146348
2031.781750 74.017324 35.731031
2032.330416 79.809044 36.279696
2032.879081 86.313924 36.828362
2033.427759 93.985793 37.377040
2033.906511 101.657662 37.855792
2034.378913 110.935943 38.328194
2034.866149 122.461759 38.815429
2035.336430 134.218094 39.285710
2035.779177 146.550722 39.728457
2036.204983 158.984206 40.154263
2036.656201 170.711736 40.605481
2037.226050 173.139364 41.175330
2037.581942 67.289132 40.819438
2038.011977 40.938247 40.389404
2038.528867 22.086341 39.872514
2039.134733 10.178735 39.266647
2039.816863 3.875555 38.584518
2040.518042 0.223313 37.883338
2041.009520 -1.296654 37.391861
2041.736125 -2.773399 36.665256
2042.500881 -3.911574 35.900500
2043.229607 -4.898472 35.171774
2043.954104 -5.878166 34.447277
2044.693421 -6.677770 33.707959
2045.434860 -7.254061 32.966520
2046.178420 -7.837555 32.222961
2046.905025 -8.399439 31.496356
2047.646463 -8.939711 30.754917
2048.402748 -9.357522 29.998632
2049.152658 -9.660075 29.248722
2049.860200 -9.948220 28.541180
2050.608002 -10.243569 27.793378
2051.357911 -10.589344 27.043469
2052.099350 -10.985544 26.302030
2052.836560 -11.331318 25.564821
2053.550452 -11.698704 24.850928
2054.291891 -11.994053 24.109489
2055.020630 -12.246180 23.380751
2055.764189 -12.447882 22.637191
2056.503494 -12.548733 21.897886
2057.236475 -12.779249 21.164906
2057.984263 -13.060191 20.417117
2058.749007 -13.197060 19.652374
2059.507400 -13.333929 18.893981
2060.253068 -13.478002 18.148313
2061.022040 -13.622075 17.379340
2061.763491 -13.787758 16.637889
2062.509159 -13.975053 15.892221
2063.265444 -14.162348 15.135936
2064.002641 -14.349642 14.398739
2064.754659 -14.544140 13.646721
2065.506702 -14.709824 12.894678
2066.258733 -14.911526 12.142648
2067.000171 -15.142042 11.401209
2067.743731 -15.271708 10.657649
2068.500003 -15.322133 9.901377
2069.271084 -15.466206 9.130297
2070.021006 -15.631889 8.380374
2070.739153 -15.747148 7.662228
2071.510233 -15.660704 6.891147
2072.272868 -16.006478 6.128512
2073.014294 -16.215384 5.387086
2073.732441 -16.402678 4.668939
2074.471759 -16.582769 3.929621
2075.247094 -16.791675 3.154286
2076.001245 -16.964562 2.400135
2076.729959 -17.137449 1.671422
2077.456577 -17.324744 0.944804
2078.219199 -17.476020 0.182181
2078.979713 -17.612889 -0.578333
2079.723260 -17.713740 -1.321880
2080.464699 -17.677722 -2.063318
2081.248504 -17.295929 -2.847124
2082.015369 -16.301828 -3.613988
2082.784341 -15.855202 -4.382961
2083.563905 -15.847998 -5.162525
2084.339253 -15.797573 -5.937872
2085.072208 -16.107329 -6.670827
2085.836951 -16.654806 -7.435571
2086.595331 -17.519242 -8.193951
2087.334649 -18.217995 -8.933269
2088.065509 -18.498937 -9.664129
2088.789993 -19.032006 -10.388613
2089.389509 -19.132857 -10.988129
2090.113981 -20.004497 -11.712600
2090.853311 -20.724861 -12.451931
2091.584158 -21.416410 -13.182778
2092.331960 -21.863035 -13.930579
2093.056444 -22.194403 -14.655063
2093.799991 -22.770694 -15.398610
2094.541442 -23.642334 -16.140062
2095.293460 -24.362698 -16.892080
2095.986181 -24.852545 -17.584801
2096.736104 -25.904276 -18.334723
2097.490242 -27.013637 -19.088862
2098.208377 -28.195033 -19.806996
2098.951936 -29.326004 -20.550556
2099.697604 -30.723510 -21.296224
2100.434814 -32.250682 -22.033433
2101.169890 -33.677002 -22.768509
2101.868961 -35.067305 -23.467581
2102.551078 -36.558458 -24.149698
2103.267104 -38.301739 -24.865724
2103.978888 -40.217908 -25.577508
2104.667368 -41.997207 -26.265988
2105.330410 -43.697266 -26.929029
2106.014660 -45.627842 -27.613280
2106.711611 -47.536807 -28.310230
2107.412803 -49.460180 -29.011423
2108.090691 -51.477199 -29.689311
2108.800342 -53.839994 -30.398961
2109.461288 -56.296437 -31.059907
2110.141284 -59.321967 -31.739904
2110.810701 -62.786920 -32.409320
2111.410204 -66.237467 -33.008824
2112.052075 -70.646098 -33.650695
2112.681246 -75.083545 -34.279865
2113.295570 -80.788835 -34.894190
2113.935333 -87.517044 -35.533952
2114.505182 -94.598234 -36.103801
2115.068668 -103.530766 -36.667288
2115.651217 -114.804490 -37.249837
2116.174470 -128.786798 -37.773089
2116.729485 -145.348028 -38.328105
2117.261196 -157.774363 -38.859816
2117.907296 -41.601007 -38.213716
2118.464432 -21.034617 -37.656579
2119.076648 -8.795639 -37.044363
2119.722761 -2.355589 -36.398251
2120.036286 -0.684345 -36.084726
2120.970498 3.003916 -35.150514
2121.707695 4.848046 -34.413317
2122.457604 6.382420 -33.663407
2123.173617 7.398132 -32.947394
2123.915056 8.075274 -32.205955
2124.671328 8.774027 -31.449683
2125.423359 9.479983 -30.697653
2126.152085 10.005848 -29.968927
2126.887161 10.373233 -29.233851
2127.641300 10.675786 -28.479712
2128.397572 10.927913 -27.723440
2129.151736 11.172837 -26.969275
2129.912225 11.396149 -26.208787
2130.662147 11.626666 -25.458865
2131.428998 11.849978 -24.692013
2132.195850 12.058884 -23.925162
2132.933059 12.238974 -23.187952
2133.704153 12.383047 -22.416859
2134.485838 12.483898 -21.635174
2135.248473 12.577545 -20.872539
2136.006840 12.620767 -20.114171
2136.765234 12.663989 -19.355778
2137.538448 12.671192 -18.582564
2138.313783 12.548731 -17.807229
2139.086997 12.404658 -17.034015
2139.841136 12.375843 -16.279876
2140.641896 12.577545 -15.479116
2141.366393 12.757636 -14.754619
2142.141715 12.923320 -13.979296
2142.900108 13.067392 -13.220903
2143.662718 13.233076 -12.458294
2144.418990 13.369945 -11.702021
2145.187975 13.514018 -10.933036
2145.952718 13.701312 -10.168293
2146.711086 13.852588 -9.409925
2147.467359 14.003865 -8.653653
2148.210918 14.176752 -7.910093
2148.988374 14.342435 -7.132638
2149.746755 14.515323 -6.374257
2150.483951 14.673803 -5.637060
2151.252936 14.839486 -4.868075
2151.642712 13.197058 -4.478299
2152.028259 14.839486 -4.092753
2152.795136 15.228482 -3.325876
2153.561987 15.451795 -2.559025
2154.333080 15.675108 -1.787931
2155.087232 15.920031 -1.033780
2155.847733 16.150547 -0.273279
2156.599776 16.388267 0.478765
2157.375098 16.582765 1.254087
2158.127142 16.654802 2.006130
2158.879159 16.726838 2.758148
2159.658724 16.625987 3.537712
2160.448892 16.402674 4.327881
2161.215744 15.250093 5.094732
2161.978379 15.214075 5.857367
2162.738880 15.192464 6.617868
2163.501502 15.725533 7.380491
2164.272595 16.481914 8.151584
2165.001334 17.022187 8.880323
2165.738531 17.432794 9.617520
2166.473620 17.605681 10.352608
2167.257426 17.749754 11.136414
2167.998864 17.836198 11.877853
2168.740303 17.742550 12.619291
2169.513517 17.000576 13.392506
2170.278260 16.179362 14.157249
2171.036641 15.610275 14.915629
2171.778080 15.646293 15.657068
2172.538594 15.977660 16.417582
2173.290624 16.690820 17.169613
2174.038413 17.526441 17.917401
2174.769260 18.181972 18.648248
2175.402672 18.779873 19.281661
2176.171645 19.521848 20.050633
2176.932146 20.321451 20.811134
2177.684189 21.149869 21.563178
2178.398082 22.100748 22.277070
2179.135291 23.116460 23.014280
2179.861896 24.305060 23.740885
2180.563089 25.738583 24.442077
2181.281223 27.229735 25.160211
2182.007841 28.792923 25.886829
2182.715383 30.363315 26.594372
2183.437759 31.897689 27.316748
2184.149543 33.432062 28.028532
2184.869786 34.937621 28.748774
2185.604887 36.414366 29.483875
2186.318779 37.941536 30.197768
2187.024214 38.950044 30.903202
2187.742335 40.433993 31.621324
2188.471074 41.831497 32.350062
2189.189221 43.459518 33.068209
2189.877700 45.490942 33.756689
2190.585243 47.925770 34.464231
2191.252539 50.893666 35.131527
2191.896531 54.747609 35.775519
2192.532051 59.552431 36.411040
2193.161222 64.962359 37.040210
2193.726842 70.977391 37.605830
2194.262795 77.727194 38.141783
2194.794518 85.860095 38.673507
2195.313516 95.325669 39.192505
2195.775326 105.720512 39.654315
2196.213845 117.397603 40.092833
2196.677763 130.861199 40.556751
2197.090856 143.489176 40.969844
2197.537832 156.088342 41.416821
2198.022960 167.412467 41.901948
2198.561033 177.656049 42.440022
2199.132991 185.839391 43.011979
2199.681669 192.762097 43.560657
2200.270580 200.196264 44.149569
2200.867976 207.111770 44.746964
2201.410278 210.072471 45.289267
2201.967415 58.781643 44.732130
2202.431346 33.878687 44.268200
2202.948236 16.726838 43.751309
2203.568935 6.612936 43.130610
2204.223519 1.339876 42.476026
2204.632357 -0.057629 42.067188
2205.407705 -2.701363 41.291840
2206.138552 -4.055646 40.560993
2206.850336 -5.301875 39.849209
2207.583304 -6.295977 39.116241
2208.326863 -7.138802 38.372682
2209.049239 -8.039257 37.650306
2209.752540 -8.846064 36.947005
2210.517296 -9.544817 36.182249
2211.248143 -10.106700 35.451402
2211.993811 -10.618158 34.705734
2212.722549 -11.043173 33.976996
2213.463988 -11.396151 33.235557
2214.213898 -11.669889 32.485647
2214.944757 -11.943628 31.754788
2215.686196 -12.174144 31.013349
2216.442468 -12.383049 30.257077
2217.192365 -12.563140 29.507180
2217.925346 -12.707213 28.774200
2218.673134 -12.858489 28.026411
2219.420936 -12.966544 27.278609
2220.156024 -13.081802 26.543521
2220.908055 -13.197060 25.791490
2221.674919 -11.172838 25.024626
2222.420587 -11.280893 24.278958
2223.168376 -11.482595 23.531170
2223.914056 -11.734722 22.785489
2224.640674 -12.022868 22.058871
2225.390583 -12.303809 21.308962
2226.148977 -12.613566 20.550569
2226.922178 -12.923322 19.777367
2227.650917 -13.225875 19.048628
2228.402947 -13.470798 18.296598
2229.163449 -13.686908 17.536096
2229.919721 -13.903017 16.779824
2230.661160 -14.097515 16.038386
2231.383536 -14.313624 15.316009
2232.122866 -14.522529 14.576679
2232.874897 -14.738638 13.824649
2233.616323 -14.911526 13.083222
2234.370474 -15.106024 12.329071
2235.103442 -15.242893 11.596103
2235.844893 -15.379762 10.854652
2236.603274 -15.559853 10.096271
2237.338350 -15.768758 9.361195
2238.079801 -15.977664 8.619744
2238.800044 -16.193773 7.899502
2239.552074 -16.402678 7.147471
2240.291405 -16.625991 6.408141
2241.026481 -16.820489 5.673065
2241.761569 -17.022191 4.937976
2242.473341 -17.252708 4.226204
2243.238084 -17.476020 3.461461
2243.987994 -17.663315 2.711552
2244.714611 -17.893831 1.984934
2245.451808 -18.081126 1.247737
2246.199597 -18.239606 0.499948
2246.955882 -18.426900 -0.256337
2247.705792 -18.671824 -1.006246
2248.447230 -18.830304 -1.747685
2249.190777 -18.938359 -2.491232
2249.944929 -18.873526 -3.245383
2250.699080 -18.585380 -3.999535
2251.434169 -18.138755 -4.734623
2252.207383 -17.677722 -5.507838
2252.978476 -17.677722 -6.278931
2253.738977 -17.735351 -7.039432
2254.488887 -18.275624 -7.789342
2255.247280 -18.959970 -8.547735
2255.562913 -17.324744 -8.863368
2256.501367 -20.076533 -9.801822
2257.234335 -20.955377 -10.534790
2257.980003 -21.445224 -11.280458
2258.727804 -21.863035 -12.028259
2259.465001 -22.511363 -12.765456
2260.185256 -22.921970 -13.485711
2260.837719 -22.929174 -14.138173
2261.577036 -23.627927 -14.877491
2262.326959 -24.586011 -15.627413
2263.074747 -25.731389 -16.375202
2263.831007 -26.833546 -17.131462
2264.576687 -27.978924 -17.877142
2265.318126 -29.268375 -18.618581
2266.068036 -30.298496 -19.368491
2266.726848 -31.804056 -20.027303
2267.421691 -33.468097 -20.722145
2268.171600 -35.211378 -21.472055
2268.870672 -36.472015 -22.171127
2269.523134 -37.833503 -22.823589
2270.237039 -39.461525 -23.537494
2270.933977 -40.895050 -24.234432
2271.620349 -42.263742 -24.920804
2272.306708 -43.538786 -25.607162
2272.971870 -44.835441 -26.272325
2273.685775 -46.218541 -26.986230
2274.412393 -47.623251 -27.712848
2275.132648 -49.042368 -28.433103
2275.812644 -50.533522 -29.113099
2276.520187 -52.305618 -29.820641
2277.223500 -54.279417 -30.523955
2277.886554 -56.555768 -31.187009
2278.545367 -59.199505 -31.845821
2279.225375 -62.736495 -32.525830
2279.816408 -65.481084 -33.116863
2280.443458 -69.392664 -33.743913
2281.087437 -73.743667 -34.387892
2281.716607 -78.166707 -35.017062
2282.318232 -83.259687 -35.618687
2282.919856 -89.008200 -36.220311
2283.451567 -95.052065 -36.752022
2283.996003 -103.235416 -37.296458
2284.561611 -113.904033 -37.862065
2285.097551 -125.898128 -38.398005
2285.612332 -139.289742 -38.912787
2286.203365 -152.025831 -39.503820
2286.855828 -163.674174 -40.156282
2287.491348 -174.256379 -40.791803
2288.169236 -183.224965 -41.469691
2288.836520 -190.760022 -42.136974
2289.529228 -197.387418 -42.829683
2290.160520 -200.621876 -43.460975
2290.643526 -59.927073 -42.977968
2291.164645 -31.292598 -42.456849
2291.751436 -13.701315 -41.870058
2292.391186 -4.300570 -41.230309
2292.840296 -0.785196 -40.781199
2293.600785 2.924676 -40.020710
2294.350707 5.136191 -39.270788
2295.087904 6.807434 -38.533591
2295.808159 8.053663 -37.813336
2296.555948 9.011746 -37.065547
2297.333391 9.760924 -36.288104
2298.064238 10.402048 -35.557257
2298.807798 10.906302 -34.813697
2299.553465 11.316909 -34.068029
2300.294917 11.720313 -33.326578
2301.055418 12.044476 -32.566077
2301.801086 12.282196 -31.820409
2302.548887 12.519916 -31.072607
2303.307268 12.728821 -30.314227
2304.065648 12.923320 -29.555846
2304.811329 13.139429 -28.810166
2305.559118 13.348334 -28.062377
2306.328090 13.514018 -27.293405
2307.058937 13.694108 -26.562558
2307.817330 13.859792 -25.804165
2308.582073 14.011068 -25.039422
2309.340454 14.119123 -24.281041
2310.096713 14.241585 -23.524781
2310.861456 14.299214 -22.760038
2311.630429 14.306417 -21.991066
2312.420585 14.227177 -21.200910
2313.178978 13.946236 -20.442517
2313.931008 13.542832 -19.690486
2314.714814 13.110614 -18.906681
2315.511333 12.800858 -18.110162
2316.246409 12.815265 -17.375086
2317.021744 12.995356 -16.599751
2317.792837 13.197058 -15.828658
2318.561822 13.355538 -15.059673
2319.292669 13.528425 -14.328826
2320.067991 13.730127 -13.553503
2320.828505 13.939032 -12.792989
2321.584765 14.191159 -12.036730
2322.343158 14.392861 -11.278337
2323.099418 14.544137 -10.522077
2323.864161 14.673803 -9.757334
2324.611950 14.825079 -9.009545
2325.114019 13.931828 -8.507476
2325.376706 14.544137 -8.244789
2326.088477 15.192464 -7.533018
2326.859570 15.329333 -6.761925
2327.620072 15.487813 -6.001423
2328.359389 15.653497 -5.262105
2329.113541 15.833587 -4.507954
2329.882526 16.028086 -3.738969
2330.645148 16.229787 -2.976347
2331.401420 16.402674 -2.220074
2332.164030 16.496322 -1.457465
2332.930894 16.683616 -0.690601
2333.693516 16.935743 0.072022
2334.456139 17.166260 0.834644
2335.231474 17.382369 1.609979
2335.981383 17.605681 2.359889
2336.744006 17.771365 3.122511
2337.496036 17.893827 3.874541
2338.298917 17.792976 4.677423
2339.042464 17.274314 5.420970
2339.809328 16.330638 6.187834
2340.569830 15.963253 6.948335
2341.315510 16.503525 7.694016
2342.069662 17.000576 8.448167
2342.808980 17.670514 9.187485
2343.524993 18.095528 9.903498
2344.327874 18.419692 10.706379
2345.056600 18.679023 11.435105
2345.702713 18.931150 12.081218
2346.458972 19.334553 12.837478
2347.208882 19.766771 13.587387
2347.967275 20.242211 14.345780
2348.721426 20.688836 15.099932
2349.492520 21.164276 15.871025
2350.221258 21.524458 16.599764
2351.007185 21.913454 17.385690
2351.748611 22.352875 18.127116
2352.487942 22.842722 18.866447
2353.201847 23.519864 19.580352
2353.953865 24.377096 20.332370
2354.691074 25.508067 21.069579
2355.402858 26.718277 21.781364
2356.118872 28.187818 22.497377
2356.817943 29.981522 23.196448
2357.527619 31.739209 23.906124
2358.230932 33.540117 24.609438
2358.944825 35.312210 25.323330
2359.652380 36.716918 26.030885
2360.302722 38.517826 26.681227
2360.986972 40.044996 27.365477
2361.709335 41.615388 28.087841
2362.393573 43.012893 28.772079
2363.120191 44.489637 29.498696
2363.840459 45.879938 30.218964
2364.545880 47.061334 30.924386
2365.276727 48.199508 31.655233
2365.975799 49.352089 32.354304
2366.721467 50.627132 33.099972
2367.407838 51.650047 33.786343
2368.147156 53.054755 34.525661
2368.878003 54.401835 35.256508
2369.562253 55.777728 35.940759
2370.297329 57.290491 36.675835
2370.990051 59.105806 37.368556
2371.672181 61.576652 38.050686
2372.371265 64.530141 38.749770
2373.021606 68.304844 39.400112
2373.642294 73.332979 40.020799
2374.205793 78.606038 40.584298
2374.779883 84.916419 41.158389
2375.349720 92.213699 41.728225
2375.885672 100.476266 42.264178
2376.402575 109.790565 42.781080
2376.919465 120.819330 43.297970
2377.347379 130.875606 43.725884
2377.802839 143.165012 44.181344
2378.251936 154.647614 44.630442
2378.713759 165.489094 45.092264
2379.230649 176.035229 45.609154
2379.698809 183.771945 46.077314
2379.976330 73.289757 45.799794
2380.385168 44.871430 45.390956
2380.910542 24.744481 44.865582
2381.497332 11.612258 44.278791
2382.164629 4.646344 43.611495
2382.846758 0.814011 42.929366
2383.194179 -0.079240 42.581944
2384.066962 -2.305163 41.709162
2384.793567 -3.652243 40.982557
2385.532897 -4.725585 40.243227
2386.274323 -5.690872 39.501801
2387.030595 -6.591326 38.745528
2387.776276 -7.261264 37.999848
2388.492302 -7.844759 37.283822
2389.221028 -8.399439 36.555096
2389.975179 -8.860471 35.800944
2390.735693 -9.191839 35.040430
2391.475011 -9.170228 34.301113
2392.218571 -9.278282 33.557553
2392.987543 -9.537613 32.788581
2393.731115 -9.941017 32.045008
2394.487375 -10.221959 31.288749
2395.226706 -10.416457 30.549418
2395.957552 -10.625362 29.818571
2396.739237 -10.827064 29.036886
2397.472205 -10.985544 28.303919
2398.222128 -11.187246 27.553996
2398.972024 -11.367337 26.804099
2399.711355 -11.547428 26.064769
2400.471856 -11.720315 25.304267
2401.204824 -11.871591 24.571300
2401.954734 -12.008460 23.821390
2402.715248 -12.195755 23.060876
2403.443974 -12.390253 22.332150
2404.212946 -12.555937 21.563178
2404.952277 -12.757638 20.823847
2405.727612 -12.952137 20.048512
2406.483871 -13.139431 19.292253
2407.233794 -13.312318 18.542330
2407.996416 -13.521224 17.779708
2408.759038 -13.672500 17.017086
2409.489885 -13.830980 16.286239
2410.248266 -14.032682 15.527858
2410.998188 -14.212773 14.777936
2411.769281 -14.414475 14.006843
2412.504370 -14.594566 13.271754
2413.262750 -14.810675 12.513374
2413.999960 -15.041191 11.776164
2414.747749 -15.228486 11.028375
2415.518854 -15.459002 10.257269
2416.260293 -15.653500 9.515831
2416.995382 -15.855202 8.780742
2417.724108 -16.049700 8.052016
2418.469776 -16.244198 7.306348
2419.232398 -16.417086 6.543726
2419.971728 -16.597177 5.804395
2420.698321 -16.755657 5.077803
2421.433422 -16.957359 4.342702
2422.204515 -17.123042 3.571608
2422.952304 -17.324744 2.823820
2423.710685 -17.490428 2.065439
2424.430940 -17.648908 1.345184
2425.212637 -17.778573 0.563486
2425.966789 -17.901035 -0.190665
2426.714565 -17.965868 -0.938441
2427.479321 -17.951460 -1.703197
2428.208047 -17.879424 -2.431923
2428.981261 -17.677722 -3.205137
2429.758717 -17.159060 -3.982593
2430.514976 -16.806082 -4.738853
2431.283961 -16.798879 -5.507838
2432.044450 -16.878119 -6.268326
2432.804964 -17.043802 -7.028840
2433.559103 -17.331948 -7.782979
2434.273008 -17.879424 -8.496884
2434.995384 -18.534955 -9.219260
2435.749535 -19.032006 -9.973412
2436.351160 -18.823100 -10.575036
2437.103190 -19.759573 -11.327067
2437.859463 -20.155773 -12.083339
2438.592418 -20.076533 -12.816294
2439.355040 -19.737962 -13.578916
2440.081658 -19.795592 -14.305534
2440.848509 -20.126959 -15.072385
2441.568764 -20.818508 -15.792640
2442.344099 -21.654130 -16.567975
2443.070704 -22.475345 -17.294581
2443.843918 -23.361392 -18.067795
2444.593841 -24.398716 -18.817717
2445.358571 -25.436040 -19.582448
2446.091526 -26.516586 -20.315403
2446.777898 -27.020840 -21.001774
2447.506624 -28.209441 -21.730500
2448.243821 -29.585335 -22.467697
2448.993730 -30.918009 -23.217607
2449.707635 -32.128220 -23.931512
2450.402465 -33.266395 -24.626341
2451.129083 -34.591865 -25.352959
2451.845096 -35.874113 -26.068973
2452.571701 -37.055509 -26.795578
2453.319490 -38.150463 -27.543366
2454.060941 -39.115751 -28.284818
2454.770605 -40.066631 -28.994481
2455.486618 -40.981493 -29.710494
2456.202631 -41.925170 -30.426508
2456.933478 -42.804015 -31.157355
2457.647371 -43.632433 -31.871247
2458.380338 -43.862950 -32.604215
2459.098473 -45.771915 -33.322349
2459.810257 -47.580029 -34.034133
2460.511437 -49.424161 -34.735313
2461.210508 -51.419570 -35.434384
2461.888396 -53.465405 -36.112272
2462.606530 -55.972273 -36.830406
2463.273814 -58.702454 -37.497690
2463.975019 -62.311480 -38.198895
2464.542734 -65.848470 -38.766610
2465.176134 -71.071113 -39.400010
2465.762937 -76.963697 -39.986814
2466.358212 -84.023274 -40.582088
2466.875089 -91.291758 -41.098965
2467.402571 -101.427299 -41.626447
2467.944874 -114.732454 -42.168750
2468.472355 -130.386011 -42.696232
2469.031613 -147.840498 -43.255489
2469.563323 -160.821518 -43.787200
2470.101384 -42.033225 -43.249139
2470.660642 -21.466835 -42.689882
2471.266508 -9.616853 -42.084015
2471.912608 -2.845436 -41.437916
2472.266379 -0.756382 -41.084144
2473.156115 2.780603 -40.194408
2473.903904 4.523882 -39.446619
2474.658055 5.928591 -38.692468
2475.376190 7.066765 -37.974334
2476.119749 8.068070 -37.230774
2476.865417 8.838859 -36.485106
2477.623798 9.415150 -35.726726
2478.361007 9.919404 -34.989516
2479.104554 10.466881 -34.245969
2479.862935 10.870284 -33.487589
2480.604373 11.201651 -32.746150
2481.341583 11.497000 -32.008940
2482.110568 11.720313 -31.239955
2482.847752 11.907607 -30.502771
2483.618858 12.044476 -29.731665
2484.366647 12.210160 -28.983877
2485.118664 12.332622 -28.231859
2485.887662 12.455083 -27.462861
2486.641801 12.534323 -26.708722
2487.402302 12.505509 -25.948221
2488.154333 12.390251 -25.196190
2488.931789 12.253382 -24.418734
2489.702882 11.936422 -23.647641
2490.469733 11.540222 -22.880790
2491.242947 11.259280 -22.107576
2492.020403 11.093597 -21.330120
2492.789376 11.100800 -20.561148
2493.537177 11.244873 -19.813346
2494.308270 11.410557 -19.042253
2495.094184 11.597851 -18.256339
2495.844107 11.806756 -17.506417
2496.585533 12.058884 -16.764991
2497.379943 12.325418 -15.970580
2498.138323 12.462287 -15.212200
2498.888233 12.649582 -14.462290
2499.667797 12.793654 -13.682726
2500.426190 12.923320 -12.924333
2501.188813 13.089003 -12.161710
2501.947206 13.233076 -11.403317
2502.705574 13.377148 -10.644949
2503.447025 13.528425 -9.903498
2504.048637 12.736025 -9.301886
2505.027350 13.895810 -8.323174
2505.777259 14.025476 -7.573264
2506.533531 14.191159 -6.816992
2507.304612 14.342435 -6.045911
2508.058763 14.515323 -5.291760
2508.821386 14.695413 -4.529138
2509.584008 14.889912 -3.766515
2510.348751 15.077206 -3.001772
2511.111373 15.300519 -2.239150
2511.861296 15.458999 -1.489227
2512.638739 15.689515 -0.711784
2513.401361 15.840791 0.050838
2514.166104 16.006475 0.815581
2514.935089 16.092918 1.584566
2515.693457 16.273009 2.342934
2516.445500 16.474711 3.094977
2517.203894 16.654802 3.853371
2517.839402 16.712431 4.488879
2518.570249 16.950151 5.219725
2519.307445 17.036594 5.956922
2520.063718 17.173463 6.713195
2520.824219 17.259907 7.473696
2521.572021 17.231092 8.221497
2522.302867 17.267110 8.952344
2523.010410 17.533645 9.659887
2523.751849 17.735347 10.401325
2524.512350 17.929845 11.161827
2525.258030 17.915437 11.907507
2526.016411 17.036594 12.665888
2526.808700 14.983559 13.458177
2527.590385 13.996661 14.239862
2528.350887 14.450490 15.000364
2529.107159 15.336537 15.756636
2529.861311 15.826384 16.510787
2530.666300 16.330638 17.315777
2531.437393 16.971762 18.086870
2532.206378 17.555256 18.855855
2532.937238 18.131546 19.586715
2533.721031 18.657412 20.370508
2534.481532 19.240906 21.131009
2535.193317 19.759568 21.842793
2535.938997 20.379080 22.588474
2536.684678 21.178683 23.334155
2537.415525 22.043119 24.065001
2538.131538 23.224515 24.781015
2538.828501 24.672445 25.477978
2539.529694 26.206819 26.179170
2540.230886 27.690767 26.880363
2540.946899 29.059457 27.596376
2541.662913 30.240853 28.312389
2542.389530 31.249362 29.039007
2543.128848 32.106594 29.778325
2543.863937 32.971030 30.513414
2544.590542 33.806651 31.240019
2545.334102 34.310905 31.983578
2546.024715 35.045676 32.674192
2546.764033 35.787650 33.413510
2547.469454 36.688104 34.118931
2548.172767 37.610169 34.822244
2548.914206 38.517826 35.563683
2549.638703 39.627186 36.288180
2550.358958 40.765360 37.008435
2551.045317 42.227697 37.694794
2551.738038 43.776478 38.387515
2552.464644 45.879938 39.114120
2553.153123 48.278748 39.802600
2553.818311 51.441142 40.467788
2554.479245 55.086180 41.128721
2555.108415 59.991853 41.757892
2555.718523 65.999682 42.368000
2556.256584 72.886354 42.906061
2556.752303 81.336214 43.401780
2557.250118 91.075525 43.899595
2557.697094 102.241157 44.346571
2558.127129 115.121255 44.776606
2558.559297 128.476795 45.208774
2558.976619 142.567110 45.626096
2559.357924 156.426913 46.007401
2559.773138 167.455689 46.422615
2560.080300 63.665705 46.115453
2560.501864 37.948740 45.693889
2561.033588 20.090935 45.162165
2561.656408 9.278281 44.539344
2562.342767 3.616225 43.852986
2563.037597 0.511458 43.158156
2563.346880 -0.136869 42.848873
2563.632871 -0.821214 42.562882
2564.245087 -2.089054 41.950665
2564.992876 -3.097563 41.202877
2565.706781 -4.163701 40.488972
2566.441870 -4.977712 39.753883
2567.198142 -5.762908 38.997611
2567.945944 -6.317588 38.249809
2568.659836 -6.713788 37.535917
2569.401287 -7.117192 36.794465
2570.163910 -7.369319 36.031843
2570.890515 -7.643057 35.305238
2571.638316 -7.801537 34.557437
2572.400938 -7.909591 33.794814
2573.133906 -8.053664 33.061847
2573.892287 -8.190533 32.303466
2574.633725 -8.312995 31.562027
2575.377285 -8.464271 30.818468
2576.114495 -8.615548 30.081258
2576.866525 -8.810046 29.329228
2577.614327 -9.004544 28.581426
2578.351523 -9.220653 27.844229
2579.088733 -9.436762 27.107020
2579.849234 -9.674482 26.346518
2580.592794 -9.962628 25.602959
2581.319412 -10.236366 24.876341
2582.050259 -10.553326 24.145494
2582.806518 -10.855878 23.389234
2583.533136 -11.136820 22.662617
2584.272454 -11.396151 21.923299
2585.013893 -11.677093 21.181860
2585.742619 -11.950831 20.453134
2586.507362 -12.174144 19.688391
2587.236088 -12.404660 18.959665
2587.981768 -12.627973 18.213984
2588.746512 -12.822471 17.449241
2589.494313 -13.031377 16.701440
2590.225160 -13.233078 15.970593
2590.975069 -13.405966 15.220683
2591.708037 -13.607668 14.487716
2592.464310 -13.794962 13.731443
2593.201506 -14.011071 12.994246
2593.953537 -14.227180 12.242216
2594.694976 -14.450493 11.500777
2595.440656 -14.659398 10.755097
2596.199037 -14.846693 9.996716
2596.921413 -15.062802 9.274340
2597.654380 -15.235689 8.541372
2598.389469 -15.430188 7.806284
2599.149971 -15.617482 7.045782
2599.893517 -15.790369 6.302235
2600.615893 -15.999275 5.579859
2601.365816 -16.186569 4.829937
2602.098784 -16.373864 4.096969
2602.855043 -16.525140 3.340710
2603.613436 -16.640399 2.582316
2604.346404 -16.726842 1.849349
2605.092072 -16.712435 1.103681
2605.844102 -16.517937 0.351650
2606.608846 -15.646297 -0.413093
2607.386302 -14.861100 -1.190549
2608.131969 -14.248791 -1.936217
2608.896713 -14.169551 -2.700960
2609.650864 -14.414475 -3.455111
2610.415607 -14.688213 -4.219854
2611.182459 -15.033988 -4.986706
2611.926018 -15.516631 -5.730265
2612.680170 -16.453104 -6.484417
2613.417366 -17.115839 -7.221614
2614.163047 -17.367966 -7.967294
2614.910836 -17.576871 -8.715083
2615.648033 -17.792980 -9.452280
2616.378892 -17.944257 -10.183139
2617.113968 -18.174773 -10.918215
2617.846936 -18.498937 -11.651183
2618.601075 -18.887933 -12.405322
2619.348876 -19.075228 -13.153123
2620.077602 -18.643010 -13.881849
2620.838116 -17.756962 -14.642363
2621.598605 -15.055598 -15.402852
2622.373940 -14.068700 -16.178187
2623.130212 -15.012377 -16.934459
2623.852575 -16.669213 -17.656823
2624.585543 -18.217995 -18.389791
2625.341816 -19.341762 -19.146063
2625.727362 -17.540853 -19.531609
2626.009112 -18.981581 -19.813359
2626.716641 -21.164283 -20.520889
2627.468685 -22.230421 -21.272932
2628.214352 -23.001210 -22.018600
2628.887998 -24.024127 -22.692246
2629.612495 -25.119080 -23.416743
2630.313688 -26.494975 -24.117935
2631.052993 -27.885277 -24.857240
2631.790202 -29.196339 -25.594450
2632.489274 -30.356125 -26.293521
2633.218000 -31.530318 -27.022247
2633.940363 -32.711715 -27.744611
2634.669089 -33.893112 -28.473336
2635.397828 -35.024083 -29.202075
2636.105370 -36.205480 -29.909618
2636.804442 -37.538153 -30.608689
2637.531047 -38.820401 -31.335294
2638.238589 -40.073835 -32.042837
2638.916477 -41.240825 -32.720725
2639.617657 -42.530276 -33.421904
2640.335804 -43.769303 -34.140051
2641.081472 -45.022736 -34.885719
2641.784772 -46.290577 -35.589019
2642.483844 -47.724102 -36.288091
2643.212570 -49.402550 -37.016817
2643.943429 -51.203461 -37.747677
2644.604363 -53.436590 -38.408610
2645.244113 -55.936255 -39.048360
2645.934713 -59.257134 -39.738960
2646.513020 -63.175917 -40.317268
2647.099824 -68.549837 -40.904071
2647.631535 -76.012816 -41.435782
2648.142075 -84.801268 -41.946322
2648.622960 -96.449573 -42.427208
2649.139838 -112.074303 -42.944085
2649.658848 -130.112272 -43.463096
2650.139721 -145.499305 -43.943968
2650.739237 -34.721530 -43.344452
2651.328149 -17.281522 -42.755541
2651.963670 -7.607039 -42.120020
2652.601286 -1.908963 -41.482404
2652.872444 -0.540273 -41.211246
2653.149951 0.720363 -40.933738
2653.870219 2.679752 -40.213470
2654.630708 4.163701 -39.452982
2655.378509 5.157802 -38.705180
2656.105114 6.231144 -37.978575
2656.846553 7.246856 -37.237137
2657.617646 8.111292 -36.466043
2658.352735 8.752416 -35.730955
2659.102632 9.328706 -34.981058
2659.846192 9.832961 -34.237498
2660.602464 10.322808 -33.481226
2661.329082 10.682990 -32.754608
2662.091691 10.920709 -31.991999
2662.862784 11.108004 -31.220905
2663.599981 11.266484 -30.483708
2664.375329 11.453778 -29.708361
2665.125226 11.590647 -28.958464
2665.879377 11.727516 -28.204312
2666.663183 11.756331 -27.420506
2667.427926 11.605055 -26.655763
2668.179957 11.403353 -25.903733
2668.946808 11.100800 -25.136881
2669.732735 10.726211 -24.350955
2670.495357 10.380437 -23.588332
2671.264342 10.113902 -22.819347
2672.031194 10.049070 -22.052496
2672.831942 10.128310 -21.251748
2673.590335 10.293993 -20.493355
2674.325411 10.510102 -19.758279
2675.113458 10.733415 -18.970231
2675.895143 10.971135 -18.188546
2676.653524 11.237669 -17.430166
2677.409809 11.497000 -16.673881
2678.193602 11.698702 -15.890088
2678.988013 11.907607 -15.095677
2679.720968 12.087698 -14.362722
2680.494182 12.260585 -13.589508
2681.246200 12.433473 -12.837490
2682.015197 12.584749 -12.068492
2682.777807 12.757636 -11.305883
2683.534079 12.930523 -10.549611
2684.296701 13.089003 -9.786988
2685.061445 13.269094 -9.022245
2685.334711 11.691498 -8.748979
2685.906680 13.470796 -8.177009
2686.669290 13.679701 -7.414400
2687.438275 13.866996 -6.645415
2688.207260 14.054290 -5.876430
2688.961399 14.212770 -5.122291
2689.724021 14.371250 -4.359669
2690.488764 14.544137 -3.594925
2691.247157 14.688210 -2.836532
2692.030963 14.825079 -2.052726
2692.774510 14.983559 -1.309179
2693.547737 15.170853 -0.535953
2694.331543 15.307722 0.247853
2695.089923 15.379759 1.006234
2695.850425 15.444591 1.766735
2696.600347 15.473406 2.516657
2697.352378 15.408573 3.268688
2698.138304 14.219974 4.054615
2698.886080 14.479304 4.802391
2699.610590 15.322130 5.526900
2700.332966 15.711126 6.249276
2700.951532 16.078511 6.867843
2701.724734 16.309027 7.641044
2702.489490 16.539544 8.405800
2703.199153 16.755653 9.115463
2703.917287 16.921336 9.833597
2704.690501 17.094223 10.606811
2705.463715 17.231092 11.380026
2706.192441 17.396776 12.108752
2706.940243 17.512034 12.856553
2707.694381 17.548052 13.610692
2708.478200 17.411183 14.394510
2709.266248 16.424285 15.182558
2710.052174 15.278908 15.968485
2710.821147 15.012373 16.737457
2711.607074 15.696718 17.523384
2712.382409 16.280213 18.298719
2713.142910 16.755653 19.059220
2713.916124 17.151852 19.832434
2714.695701 17.483219 20.612011
2715.466794 17.836198 21.383104
2716.218825 18.318841 22.135135
2716.960263 18.794281 22.876573
2717.691123 19.435404 23.607433
2718.424078 20.141360 24.340388
2719.173988 20.912149 25.090298
2719.911197 21.690141 25.827507
2720.642044 22.561781 26.558354
2721.362299 23.714362 27.278609
2722.071962 24.888554 27.988273
2722.777397 25.969099 28.693707
2723.525185 27.078458 29.441496
2724.258166 28.173411 30.174476
2724.999605 29.246752 30.915915
2725.721968 30.262464 31.638278
2726.437994 31.242158 32.354304
2727.196374 32.171427 33.112685
2727.918750 33.086288 33.835061
2728.645368 33.468080 34.561678
2729.359273 34.462182 35.275584
2730.062574 35.240174 35.978884
2730.806133 36.363940 36.722444
2731.509447 37.350838 37.425757
2732.202168 38.726732 38.118479
2732.926652 40.189069 38.842963
2733.644799 42.155661 39.561110
2734.339642 44.468026 40.255952
2735.002696 47.363886 40.919006
2735.653038 50.821630 41.569348
2736.292800 55.410343 42.209110
2736.917729 60.921121 42.834039
2737.474865 67.714146 43.391176
2737.957872 75.832639 43.874182
2738.426032 85.485506 44.342342
2738.881492 97.040133 44.797802
2739.317877 109.855398 45.234187
2739.745803 123.938504 45.662113
2740.114395 138.403407 46.030706
2740.523259 153.394180 46.439569
2740.993540 167.376449 46.909850
2741.542205 178.923891 47.458516
2742.126888 187.748358 48.043198
2742.728512 194.029939 48.644823
2743.349200 199.915321 49.265510
2744.003783 205.404504 49.920093
2744.586357 207.551192 50.502668
2745.183753 54.718794 49.905272
2745.637092 30.132799 49.451933
2746.198470 14.126326 48.890555
2746.842462 5.287468 48.246563
2747.571188 0.792400 47.517837
2747.912259 -0.122462 47.176766
2748.776557 -2.427625 46.312468
2749.486233 -3.450541 45.602792
2750.238276 -4.617530 44.850749
2750.971232 -5.647650 44.117793
2751.689366 -6.404032 43.399659
2752.413863 -7.066766 42.675162
2753.157422 -7.614242 41.931603
2753.915815 -7.844759 41.173209
2754.655133 -7.938406 40.433892
2755.377509 -8.132904 39.711516
2756.123190 -8.168922 38.965835
2756.887933 -8.104090 38.201092
2757.614551 -8.024850 37.474474
2758.353869 -8.046461 36.735156
2759.124974 -7.996035 35.964050
2759.847338 -7.996035 35.241687
2760.590910 -8.176126 34.498115
2761.349291 -8.629955 33.739734
2762.071654 -9.163024 33.017371
2762.764388 -9.479984 32.324637
2763.486751 -9.688889 31.602274
2764.202777 -9.883388 30.886248
2764.870073 -10.056275 30.218951
2765.613620 -10.236366 29.475405
2766.361422 -10.409253 28.727603
2767.107102 -10.589344 27.981923
2767.848541 -10.726213 27.240484
2768.606934 -10.985544 26.482091
2769.331431 -11.129617 25.757594
2770.096162 -11.316911 24.992863
2770.827021 -11.266486 24.262004
2771.581160 -10.956729 23.507865
2772.320490 -11.136820 22.768535
2773.055566 -11.381744 22.033459
2773.794897 -11.648278 21.294128
2774.527865 -11.893202 20.561160
2775.301079 -12.145329 19.787946
2776.031913 -12.375846 19.057112
2776.773364 -12.584751 18.315661
2777.538108 -12.786453 17.550917
2778.300717 -13.024173 16.788308
2779.046398 -13.218671 16.042627
2779.789957 -13.398762 15.299068
2780.542000 -13.571649 14.547024
2781.306744 -13.737333 13.782281
2782.052411 -13.903017 13.036613
2782.800213 -14.032682 12.288812
2783.545893 -14.219977 11.543132
2784.293669 -14.378457 10.795356
2785.069004 -14.529733 10.020021
2785.785030 -14.681009 9.303995
2786.511635 -14.832286 8.577390
2787.263666 -14.954748 7.825359
2788.024167 -15.026784 7.064858
2788.761377 -15.041191 6.327648
2789.500695 -14.882711 5.588330
2790.269667 -14.111922 4.819358
2791.045015 -12.901711 4.044010
2791.809745 -12.267791 3.279280
2792.566018 -12.001257 2.523007
2793.322277 -12.087700 1.766748
2794.080670 -12.311013 1.008355
2794.845414 -12.894508 0.243611
2795.595336 -13.830980 -0.506311
2796.345233 -15.048395 -1.256208
2797.078213 -15.545446 -1.989188
2797.819639 -15.790369 -2.730614
2798.582262 -16.078515 -3.493237
2799.332171 -16.381068 -4.243146
2800.103277 -16.633195 -5.014252
2800.834111 -16.899729 -5.745086
2801.577671 -17.166264 -6.488646
2802.323351 -17.425595 -7.234326
2803.079624 -17.677722 -7.990599
2803.795637 -17.915442 -8.706612
2804.539184 -18.189180 -9.450159
2805.303927 -18.484530 -10.214902
2806.049608 -18.959970 -10.960583
2806.723254 -18.527751 -11.634229
2807.460451 -19.882035 -12.371426
2808.197660 -20.307050 -13.108635
2808.924265 -20.515955 -13.835240
2809.676296 -20.292642 -14.587271
2810.415626 -19.478631 -15.326601
2811.167657 -19.348966 -16.078632
2811.945100 -20.170181 -16.856075
2812.686539 -21.013006 -17.597514
2813.364414 -21.394799 -18.275389
2814.110094 -22.165588 -19.021069
2814.860004 -22.914767 -19.770979
2815.599322 -23.800814 -20.510297
2816.345002 -24.830934 -21.255977
2817.105504 -25.572909 -22.016479
2817.802467 -26.379716 -22.713442
2818.539651 -27.395429 -23.450626
2819.259906 -28.245459 -24.170881
2820.003466 -29.225154 -24.914441
2820.763980 -30.248070 -25.674955
2821.492706 -31.314209 -26.403681
2822.238374 -32.293904 -27.149349
2822.964992 -33.259191 -27.875967
2823.691597 -34.188461 -28.602572
2824.420323 -35.103323 -29.331298
2825.146928 -36.018185 -30.057903
2825.850228 -36.911437 -30.761203
2826.591680 -37.761466 -31.502655
2827.303464 -38.604292 -32.214439
2828.002523 -39.504747 -32.913498
2828.727020 -40.635719 -33.637995
2829.459987 -41.766690 -34.370962
2830.167530 -43.020124 -35.078505
2830.885651 -44.345594 -35.796626
2831.574131 -45.721489 -36.485106
2832.302857 -47.299087 -37.213832
2832.997699 -49.150423 -37.908674
2833.658633 -51.232276 -38.569608
2834.342871 -53.984067 -39.253846
2834.967800 -56.728655 -39.878775
2835.596958 -60.856344 -40.507933
2836.162565 -64.926403 -41.073540
2836.696397 -70.235490 -41.607372
2837.219649 -76.841235 -42.130624
2837.713235 -84.102514 -42.624210
2838.153849 -93.373613 -43.064824
2838.651689 -106.044842 -43.562664
2839.179158 -119.313981 -44.090133
2839.708760 -132.446259 -44.619735
2840.306143 -145.470490 -45.217118
2840.941664 -156.571349 -45.852639
2841.598355 -165.972147 -46.509330
2842.278364 -174.169935 -47.189339
2842.952023 -181.344803 -47.862998
2843.547285 -184.759350 -48.458260
2844.028157 -48.739815 -47.977387
2844.559881 -23.973701 -47.445663
2845.155143 -10.193144 -46.850402
2845.790663 -2.823825 -46.214881
2846.155026 -0.741974 -45.850518
2847.036279 2.737381 -44.969265
2847.733230 4.394217 -44.272314
2848.453472 5.813333 -43.552072
2849.203395 7.059562 -42.802150
2849.961775 8.125700 -42.043769
2850.703214 9.062172 -41.302330
2851.448894 9.811350 -40.556650
2852.207275 10.423659 -39.798269
2852.995310 10.935117 -39.010234
2853.696502 11.367335 -38.309042
2854.446425 11.713109 -37.559120
2855.198442 11.972440 -36.807102
2855.971657 12.174142 -36.033888
2856.715203 12.375843 -35.290341
2857.482068 12.599156 -34.523477
2858.246811 12.728821 -33.758734
2858.996720 12.829672 -33.008824
2859.750872 12.851283 -32.254673
2860.500781 12.880098 -31.504763
2861.271875 12.815265 -30.733670
2862.036605 12.498305 -29.968939
2862.799227 12.174142 -29.206317
2863.544921 11.842775 -28.460624
2864.326593 11.432167 -27.678952
2865.108278 10.935117 -26.897267
2865.873034 10.459677 -26.132511
2866.622931 10.049070 -25.382614
2867.398266 9.746517 -24.607279
2868.177830 9.609648 -23.827715
2868.938344 9.696092 -23.067200
2869.709424 9.811350 -22.296120
2870.489001 9.912201 -21.516543
2871.249503 10.056273 -20.756042
2872.003654 10.236364 -20.001890
2872.768397 10.423659 -19.237147
2873.547974 10.610953 -18.457570
2874.304234 10.791044 -17.701311
2875.066843 10.985542 -16.938701
2875.816765 11.201651 -16.188779
2876.636589 11.432167 -15.368956
2877.356831 11.626666 -14.648713
2878.123695 11.799553 -13.881849
2878.888438 12.051680 -13.117106
2879.655290 12.274993 -12.350255
2880.411562 12.584749 -11.593982
2881.172063 12.887301 -10.833481
2881.936807 13.175447 -10.068738
2882.688837 13.384352 -9.316707
2883.451459 13.593257 -8.554085
2884.262812 13.823774 -7.742733
2885.027542 14.003865 -6.978002
2885.777464 14.205566 -6.228080
2886.518890 14.378454 -5.486654
2887.275163 14.580155 -4.730382
2888.058969 14.753042 -3.946576
2888.819470 14.933133 -3.186074
2889.571513 15.091613 -2.434031
2890.344715 15.199668 -1.660830
2891.092516 15.293315 -0.913028
2891.865730 15.466202 -0.139814
2892.626231 15.624682 0.620687
2893.380383 15.869606 1.374839
2894.109109 16.092918 2.103565
2894.731917 16.330638 2.726373
2895.475464 16.611580 3.469919
2896.263511 16.842096 4.257967
2896.994371 16.950151 4.988827
2897.737918 17.051001 5.732374
2898.481490 17.195074 6.475946
2899.237750 17.476016 7.232206
2899.994009 17.749754 7.988465
2900.733340 18.030696 8.727796
2901.457837 18.297230 9.452293
2902.173850 18.527746 10.168306
2902.974598 18.758263 10.969053
2903.705445 18.887928 11.699900
2904.444775 18.398081 12.439231
2905.222218 16.870911 13.216674
2906.003916 15.768755 13.998372
2906.802543 15.754348 14.796999
2907.567286 15.920031 15.561742
2908.340500 16.316231 16.334956
2909.096773 16.820485 17.091228
2909.891170 17.295925 17.885626
2910.658034 17.800179 18.652490
2911.418536 18.441303 19.412991
2912.191750 19.140055 20.186205
2912.943793 19.809993 20.938249
2913.638623 20.537560 21.633078
2914.367349 21.293941 22.361804
2915.121500 22.230414 23.115956
2915.845984 23.253329 23.840440
2916.549298 24.398707 24.543753
2917.286507 25.616121 25.280963
2917.994050 26.819128 25.988505
2918.695242 28.000523 26.689698
2919.421860 29.181919 27.416315
2920.150586 30.514591 28.145042
2920.851778 31.912096 28.846234
2921.574142 33.280786 29.568597
2922.288047 34.109204 30.282502
2922.978660 35.074490 30.973116
2923.705252 35.859686 31.699708
2924.429749 36.572846 32.424205
2925.175430 37.350838 33.169885
2925.889335 37.948740 33.883791
2926.651957 38.546641 34.646413
2927.412459 38.906823 35.406914
2928.111543 39.259801 36.105998
2928.872044 39.728037 36.866500
2929.602891 40.318734 37.597347
2930.325267 41.031894 38.319723
2931.075177 41.701832 39.069632
2931.780611 42.443806 39.775067
2932.498745 43.466722 40.493201
2933.227484 44.525655 41.221939
2933.932918 46.132065 41.927374
2934.638339 47.760086 42.632795
2935.320469 50.115674 43.314925
2935.991994 52.925090 43.986450
2936.665640 56.166724 44.660096
2937.339299 60.402460 45.333755
2937.959986 65.445002 45.954442
2938.544669 72.007511 46.539125
2939.080622 78.447558 47.075077
2939.578462 87.401673 47.572917
2940.069926 96.824024 48.064382
2940.580454 107.362940 48.574909
2941.046518 118.831127 49.040974
2941.474432 129.809468 49.468888
2941.925638 142.264557 49.920093
2942.412873 153.833602 50.407329
2942.917063 165.092894 50.911519
2943.412769 171.619395 51.407225
2943.728415 62.642789 51.091579
2944.183863 36.212664 50.636132
2944.732541 18.787077 50.087454
2945.372303 8.428252 49.447691
2946.073483 2.852639 48.746512
2946.721729 0.014407 48.098265
2946.994995 -0.597902 47.825000
2947.300049 -1.282247 47.519946
2948.024546 -2.319570 46.795449
2948.759622 -3.133581 46.060373
2949.503181 -3.954796 45.316813
2950.246741 -4.732788 44.573253
2950.979709 -5.647650 43.840286
2951.725389 -6.223941 43.094605
2952.452007 -6.706584 42.367987
2953.206146 -7.102784 41.613849
2953.945489 -7.405337 40.874505
2954.680565 -7.599835 40.139429
2955.436825 -7.621446 39.383170
2956.199460 -7.527799 38.620535
2956.934536 -7.441355 37.885459
2957.667516 -7.362115 37.152478
2958.423776 -7.311690 36.396219
2959.177927 -7.304486 35.642067
2959.942670 -7.326097 34.877324
2960.662938 -7.455762 34.157056
2961.410727 -7.693482 33.409268
2962.179699 -7.909591 32.640295
2962.929621 -8.118497 31.890373
2963.671060 -8.341810 31.148934
2964.406136 -8.586733 30.413858
2965.175134 -8.853268 29.644861
2965.918693 -9.076580 28.901301
2966.655878 -9.314300 28.164117
2967.397329 -9.530409 27.422666
2968.145130 -9.746519 26.674864
2968.871736 -9.948220 25.948259
2969.642841 -10.178737 25.177153
2970.375809 -10.373235 24.444185
2971.108764 -10.567733 23.711230
2971.858687 -10.783842 22.961308
2972.606475 -10.992748 22.213519
2973.360627 -11.237671 21.459368
2974.112657 -11.432169 20.707337
2974.885884 -11.641075 19.934110
2975.640023 -11.828369 19.179972
2976.387811 -12.037275 18.432183
2977.154676 -12.238977 17.665319
2977.902477 -12.397457 16.917518
2978.635445 -12.570344 16.184550
2979.406538 -12.779249 15.413457
2980.164918 -12.952137 14.655076
2980.944495 -13.146635 13.875499
2981.666871 -13.312318 13.153123
2982.433735 -13.478002 12.386259
2983.185753 -13.629278 11.634241
2983.950496 -13.766148 10.869498
2984.723710 -13.866998 10.096284
2985.443978 -13.960646 9.376016
2986.187525 -13.953442 8.632469
2986.952268 -13.600464 7.867726
2987.727603 -13.016969 7.092391
2988.481755 -12.296606 6.338240
2989.238027 -11.907609 5.581968
2989.979453 -11.878795 4.840541
2990.759030 -11.958035 4.060965
2991.532244 -12.274995 3.287751
2992.282166 -12.973748 2.537828
2993.044789 -13.737333 1.775206
2993.798927 -14.270402 1.021067
2994.567912 -14.500918 0.252082
2995.326293 -14.760249 -0.506298
2996.078323 -15.019580 -1.258329
2996.828233 -15.271708 -2.008238
2997.580263 -15.545446 -2.760269
2998.336536 -15.833591 -3.516541
2999.097050 -16.100126 -4.277055
2999.846947 -16.366660 -5.026952
3000.592627 -16.633195 -5.772633
3001.359479 -16.906933 -6.539484
3002.109401 -17.166264 -7.289406
3002.861419 -17.418391 -8.041424
3003.596520 -17.663315 -8.776525
3004.340067 -17.908239 -9.520072
3005.113281 -18.030700 -10.293287
3005.806003 -18.268420 -10.986008
3006.543199 -18.628602 -11.723205
3007.293109 -19.003191 -12.473114
3008.059973 -19.327355 -13.239979
3008.723027 -18.326050 -13.903033
3009.466587 -19.255319 -14.646593
3010.210134 -18.506140 -15.390139
3010.985469 -16.899729 -16.165474
3011.762925 -17.252708 -16.942930
3012.498014 -17.605686 -17.678019
3013.250044 -17.922646 -18.430049
3014.008412 -18.275624 -19.188417
3014.758334 -19.075228 -19.938340
3015.506123 -19.882035 -20.686128
3016.256045 -20.667232 -21.436051
3017.029259 -21.531668 -22.209265
3017.728331 -21.877443 -22.908336
3018.469757 -22.799508 -23.649762
3019.215437 -23.836832 -24.395443
3019.942042 -24.600418 -25.122048
3020.675010 -25.529687 -25.855016
3021.431270 -26.502178 -26.611275
3022.176938 -27.359411 -27.356943
3022.939573 -28.173422 -28.119578
3023.664057 -28.915397 -28.844062
3024.403375 -29.570928 -29.583380
3025.144813 -30.255274 -30.324819
3025.892602 -31.011656 -31.072607
3026.617099 -31.775242 -31.797104
3027.345825 -32.538827 -32.525830
3028.091493 -33.338431 -33.271498
3028.815990 -34.080406 -33.995995
3029.555307 -34.843992 -34.735313
3030.269200 -35.658003 -35.449205
3031.010651 -36.522440 -36.190657
3031.773261 -37.487728 -36.953266
3032.497758 -38.546663 -37.677763
3033.230713 -39.634413 -38.410718
3033.946739 -40.895050 -39.126744
3034.694527 -42.278149 -39.874533
3035.438087 -43.790913 -40.618093
3036.130796 -45.512584 -41.310801
3036.806563 -47.515196 -41.986568
3037.475980 -49.899602 -42.655985
3038.136926 -52.896317 -43.316931
3038.783026 -56.173975 -43.963031
3039.403713 -60.928380 -44.583718
3039.943907 -65.870081 -45.123913
3040.524348 -72.396584 -45.704354
3041.123852 -89.742973 -46.303857
3041.632258 -102.284534 -46.812264
3042.163982 -117.995711 -47.343987
3042.689343 -135.615872 -47.869348
3043.201991 -149.101140 -48.381996
3043.788794 -34.591865 -47.795193
3044.373464 -17.245504 -47.210523
3045.011106 -7.434151 -46.572881
3045.646614 -1.851334 -45.937373
3046.140199 0.648327 -45.443788
3046.843500 2.514068 -44.740487
3047.557405 3.616225 -44.026582
3048.305194 4.372606 -43.278793
3049.046632 5.273060 -42.537355
3049.777479 6.209533 -41.806508
3050.508326 7.045154 -41.075661
3051.264586 7.787129 -40.319401
3052.020858 8.442659 -39.563129
3052.758055 9.076579 -38.825932
3053.482552 9.674481 -38.101435
3054.219749 10.056273 -37.364238
3054.990842 10.481288 -36.593145
3055.749222 10.899099 -35.834764
3056.488540 11.064782 -35.095447
3057.261767 11.079189 -34.322220
3058.011664 11.180040 -33.572323
3058.774299 11.331317 -32.809688
3059.513617 11.396149 -32.070370
3060.291060 11.446575 -31.292927
3061.026149 11.367335 -30.557838
3061.790879 11.172837 -29.793108
3062.568335 10.899099 -29.015652
3063.314016 10.589342 -28.269971
3064.066046 10.221957 -27.517941
3064.830777 9.883386 -26.753210
3065.610353 9.552019 -25.973634
3066.368734 9.343114 -25.215253
3067.116523 9.263874 -24.467464
3067.881266 8.939710 -23.702721
3068.645996 8.831656 -22.937991
3069.419223 8.954117 -22.164764
3070.177604 9.177430 -21.406383
3070.961397 9.429557 -20.622590
3071.719790 9.688888 -19.864197
3072.454879 9.926608 -19.129108
3073.215380 10.200346 -18.368607
3073.992823 10.438066 -17.591164
3074.742746 10.711804 -16.841241
3075.509597 10.935117 -16.074390
3076.253157 11.144022 -15.330830
3077.017887 11.410557 -14.566100
3077.750855 11.713109 -13.833132
3078.521961 12.001254 -13.062026
3079.271870 12.246178 -12.312117
3080.040843 12.483898 -11.543144
3080.797115 12.707211 -10.786872
3081.559737 12.880098 -10.024250
3082.305405 12.851283 -9.278582
3083.065906 12.361436 -8.518080
3083.822191 12.563138 -7.761795
3084.580559 12.786451 -7.003428
3085.343194 12.959338 -6.240793
3086.114287 12.908912 -5.469699
3086.866318 12.916116 -4.717669
3087.616228 13.153836 -3.967759
3088.364016 13.355538 -3.219971
3089.139364 13.578850 -2.444623
3089.910444 13.773348 -1.673542
3090.584103 13.845385 -0.999884
3091.482298 13.953439 -0.101689
3092.253404 14.147937 0.669417
3092.999072 14.349639 1.415085
3093.717206 14.536933 2.133219
3094.490420 14.616173 2.906433
3095.278468 14.522526 3.694481
3096.011423 14.479304 4.427436
3096.733812 14.587359 5.149825
3097.456175 14.673803 5.872188
3098.216689 14.594563 6.632702
3098.970828 14.681006 7.386841
3099.691083 14.997966 8.107096
3100.428292 15.329333 8.844305
3101.186673 15.444591 9.602686
3101.919653 15.545442 10.335666
3102.646246 15.523831 11.062259
3103.391926 15.372555 11.807939
3104.139728 15.142039 12.555741
3104.910821 14.652192 13.326834
3105.686156 13.362741 14.102169
3106.440307 12.087698 14.856320
3107.219871 11.605055 15.635884
3107.986735 11.007153 16.402749
3108.730295 11.079189 17.146308
3109.484446 11.965236 17.900460
3110.266131 12.880098 18.682144
3111.032983 13.564443 19.448996
3111.759613 14.299214 20.175626
3112.520115 14.947541 20.936128
3113.270024 15.473406 21.686037
3114.019934 16.107326 22.435947
3114.619450 16.712431 23.035463
3115.354539 17.425590 23.770552
3116.108678 18.138750 24.524691
3116.845887 18.887928 25.261900
3117.540717 19.651513 25.956730
3118.254622 20.515949 26.670635
3118.979119 21.416403 27.395132
3119.686649 22.273635 28.102662
3120.413266 23.181293 28.829279
3121.133521 24.110562 29.549535
3121.862247 24.895758 30.278260
3122.603699 25.817823 31.019712
3123.292179 26.754295 31.708192
3124.027267 27.647545 32.443280
3124.745401 28.411130 33.161414
3125.474127 29.268363 33.890141
3126.196503 30.082373 34.612516
3126.910409 30.831551 35.326422
3127.658210 31.566321 36.074223
3128.372102 32.243463 36.788115
3129.077537 32.855772 37.493550
3129.808383 33.071881 38.224396
3130.515926 33.568931 38.931939
3131.248894 34.109204 39.664907
3131.990332 34.815160 40.406345
3132.685175 35.420265 41.101188
3133.403309 36.299108 41.819322
3134.108743 37.228376 42.524756
3134.799331 38.416976 43.215344
3135.496294 39.965756 43.912307
3136.189016 41.903533 44.605029
3136.885966 44.115048 45.301980
3137.542683 46.607505 45.958697
3138.205738 49.841936 46.621751
3138.864550 54.120893 47.280563
3139.472537 59.530820 47.888550
3140.072041 66.215791 48.488054
3140.614356 73.642735 49.030369
3141.088879 83.461286 49.504892
3141.557052 94.158680 49.973065
3142.016741 105.857381 50.432754
3142.501856 118.831127 50.917869
3142.955195 131.401472 51.371208
3143.355588 144.007838 51.771601
3143.844931 152.760260 52.260945
3144.268616 51.469956 51.837260
3144.721955 29.066661 51.383921
3145.312988 14.306417 50.792888
3145.969705 5.928591 50.136171
3146.687839 1.419116 49.418037
3147.175075 -0.086444 48.930801
3147.444111 -0.741974 48.661764
3147.918634 -1.656836 48.187242
3148.666423 -2.521272 47.439453
3149.416345 -3.270450 46.689531
3150.140829 -3.969203 45.965046
3150.882281 -4.588715 45.223595
3151.632190 -5.186617 44.473686
3152.384221 -5.633243 43.721655
3153.123551 -6.007832 42.982324
3153.852277 -6.353606 42.253599
3154.581016 -6.670566 41.524860
3155.328805 -6.915490 40.777071
3156.076594 -7.066766 40.029282
3156.813816 -7.160413 39.292060
3157.580667 -7.146006 38.525209
3158.311514 -7.146006 37.794362
3159.042361 -7.146006 37.063515
3159.800754 -7.088377 36.305122
3160.569727 -7.023544 35.536149
3161.300586 -7.016341 34.805290
3162.033554 -7.095581 34.072322
3162.804647 -7.261264 33.301229
3163.550328 -7.434151 32.555548
3164.315071 -7.621446 31.790805
3165.060739 -7.851962 31.045137
3165.827603 -8.060868 30.278273
3166.583875 -8.262570 29.522001
3167.316843 -8.471475 28.789033
3168.054040 -8.680380 28.051836
3168.810325 -8.860471 27.295551
3169.549643 -9.062173 26.556233
3170.314373 -9.271079 25.791503
3171.019807 -9.487188 25.086069
3171.754896 -9.696093 24.350980
3172.513276 -9.890591 23.592599
3173.252607 -10.113904 22.853269
3174.002517 -10.322809 22.103359
3174.760910 -10.488493 21.344966
3175.527761 -10.632566 20.578115
3176.284033 -10.791046 19.821842
3177.042414 -10.935118 19.063462
3177.807157 -11.115209 18.298719
3178.559200 -11.417762 17.546676
3179.300626 -11.821166 16.805250
3180.061140 -12.123718 16.044736
3180.804687 -12.375846 15.301189
3181.575793 -12.613566 14.530083
3182.310869 -12.858489 13.795007
3183.071383 -13.060191 13.034493
3183.829764 -13.218671 12.276112
3184.588157 -13.449188 11.517719
3185.323246 -13.629278 10.782630
3186.037138 -13.809369 10.068738
3186.814594 -14.025478 9.291282
3187.547562 -14.147940 8.558314
3188.314426 -14.219977 7.791450
3189.062202 -14.299217 7.043674
3189.826958 -14.292013 6.278918
3190.591688 -14.140737 5.514188
3191.333127 -13.686908 4.772749
3192.066095 -13.189857 4.039781
3192.856251 -12.822471 3.249625
3193.616765 -12.483900 2.489111
3194.392100 -12.296606 1.713776
3195.180135 -11.691500 0.925741
3195.934299 -12.022868 0.171577
3196.696909 -12.498308 -0.591033
3197.461652 -13.110617 -1.355776
3198.224274 -13.744537 -2.118398
3199.001717 -14.356846 -2.895841
3199.753760 -14.904322 -3.647884
3200.512141 -15.264504 -4.406265
3201.268413 -15.631889 -5.162537
3202.018323 -16.006478 -5.912447
3202.766112 -16.179366 -6.660236
3203.507550 -15.847998 -7.401674
3204.255339 -15.286115 -8.149463
3205.011611 -15.523835 -8.905735
3205.753050 -16.186569 -9.647174
3206.481789 -16.597177 -10.375913
3207.233806 -16.957359 -11.127930
3207.983729 -17.324744 -11.877853
3208.737867 -17.584075 -12.631991
3209.492019 -17.238300 -13.386143
3210.235578 -17.195079 -14.129703
3211.006672 -16.078515 -14.900796
3211.769294 -14.025478 -15.663418
3212.529808 -13.326726 -16.423932
3213.315722 -13.658093 -17.209846
3214.086815 -13.650889 -17.980939
3214.843088 -14.234384 -18.737212
3215.590876 -15.221282 -19.485000
3216.349257 -16.107329 -20.243381
3217.120350 -17.166264 -21.014474
3217.863910 -18.131551 -21.758034
3218.495201 -18.657417 -22.389325
3219.298057 -18.859119 -23.192181
3220.033146 -19.773981 -23.927270
3220.783055 -20.580788 -24.677180
3221.532965 -21.402003 -25.427089
3222.295600 -22.194403 -26.189724
3223.024326 -22.972396 -26.918450
3223.740339 -23.844036 -27.634463
3224.492370 -24.809323 -28.386494
3225.216867 -25.709778 -29.110991
3225.962535 -26.581418 -29.856659
3226.689152 -27.366615 -30.583276
3227.445399 -28.130200 -31.339523
3228.178380 -28.864972 -32.072504
3228.913456 -29.570928 -32.807580
3229.654894 -30.312903 -33.549019
3230.389970 -31.098100 -34.284095
3231.120817 -31.818464 -35.014941
3231.845302 -32.603660 -35.739426
3232.578282 -33.518522 -36.472406
3233.340892 -34.534236 -37.235016
3234.073847 -35.535541 -37.967971
3234.796235 -36.666513 -38.690359
3235.529191 -37.876724 -39.423315
3236.270629 -39.180583 -40.164753
3237.022660 -40.635719 -40.916784
3237.723852 -42.314167 -41.617976
3238.401727 -44.179910 -42.295851
3239.107162 -46.355410 -43.001286
3239.785049 -48.811852 -43.679173
3240.409978 -52.363247 -44.304102
3241.013711 -56.800692 -44.907835
3241.553893 -61.843243 -45.448017
3242.140684 -68.830779 -46.034808
3242.714787 -77.345491 -46.608911
3243.271911 -88.143762 -47.166035
3243.814226 -101.463317 -47.708350
3244.348058 -117.383400 -48.242182
3244.833172 -131.135192 -48.727297
3245.513181 -27.028044 -48.047288
3246.099972 -12.844082 -47.460497
3246.752447 -5.035341 -46.808022
3247.347709 -0.950880 -46.212760
3247.945092 1.592003 -45.615377
3248.673830 2.406014 -44.886639
3249.387710 3.637835 -44.172759
3250.131270 4.365403 -43.429199
3250.902363 5.172210 -42.658106
3251.639572 6.022238 -41.920897
3252.374648 6.829045 -41.185821
3253.135162 7.470169 -40.425306
3253.880830 8.053663 -39.679639
3254.624377 8.529103 -38.936092
3255.363695 8.918099 -38.196774
3256.111496 9.235059 -37.448973
3256.880469 9.501594 -36.680000
3257.636741 9.796943 -35.923728
3258.371817 10.077884 -35.188652
3259.130197 10.293993 -34.430272
3259.888591 10.459677 -33.671878
3260.651213 10.603750 -32.909256
3261.405364 10.704600 -32.155105
3262.165853 10.776637 -31.394616
3262.907304 10.834266 -30.653164
3263.674156 10.877488 -29.886313
3264.426186 10.884691 -29.134283
3265.180338 10.733415 -28.380131
3265.945068 10.495695 -27.615401
3266.720403 10.315604 -26.840066
3267.470313 10.092292 -26.090156
3268.249890 9.847368 -25.310579
3269.008270 9.681684 -24.552199
3269.773013 9.472779 -23.787456
3270.533515 9.343114 -23.026954
3271.306729 9.235059 -22.253740
3272.086306 9.163023 -21.474163
3272.867978 9.170226 -20.692491
3273.615779 9.220652 -19.944690
3274.363568 9.307095 -19.196901
3275.153737 9.415150 -18.406732
3275.907875 9.559223 -17.652594
3276.659906 9.739314 -16.900563
3277.428878 9.969830 -16.131591
3278.187259 10.185939 -15.373210
3278.935060 10.394844 -14.625409
3279.697682 10.625360 -13.862787
3280.464546 10.841469 -13.095923
3281.225048 11.043171 -12.335421
3281.983428 11.194448 -11.577041
3282.758763 11.309706 -10.801706
3283.506552 11.424964 -10.053917
3284.254353 11.554629 -9.306116
3285.031809 11.648276 -8.528660
3285.790190 11.777942 -7.770279
3286.537991 11.907607 -7.022478
3287.302722 12.051680 -6.257747
3288.075936 12.181345 -5.484533
3288.840679 12.332622 -4.719790
3289.590589 12.469491 -3.969880
3290.361695 12.599156 -3.198774
3291.130667 12.743229 -2.429802
3291.878468 12.858487 -1.682001
3292.653791 12.959338 -0.906678
3293.405821 13.060189 -0.154648
3294.179035 13.153836 0.618566
3294.939549 13.283501 1.379080
3295.693688 13.456388 2.133219
3296.443598 13.593257 2.883129
3297.214703 13.751737 3.654234
