# cumulative_displacement force displacement
0.000000 -0.000000 0.000000
0.176555 12.966670 0.176555
0.353124 -0.001189 -0.000013
0.529704 12.967602 0.176568
0.706234 25.932407 0.353098
0.889330 39.379427 0.536194
1.065847 52.343299 0.712711
1.248893 38.900009 0.529666
1.425385 25.938003 0.353174
1.628077 11.051796 0.150482
1.804708 -2.611101 -0.026149
1.987804 -19.748431 -0.209245
2.177352 -37.489616 -0.398793
2.367090 -19.730601 -0.209055
2.556599 -1.992983 -0.019545
2.759304 12.894157 0.183159
2.948889 26.817797 0.372745
3.131998 40.265750 0.555854
3.308490 53.227756 0.732345
3.485071 66.196292 0.908926
3.681209 76.994238 1.105065
3.857739 64.032029 0.928535
4.073462 48.192024 0.712813
4.263073 34.269306 0.523202
4.472254 18.909555 0.314020
4.674972 4.024463 0.111303
4.864633 -10.048667 -0.078359
5.047679 -25.506387 -0.261404
5.224259 -41.607538 -0.437985
5.413845 -58.894504 -0.627571
5.603431 -67.832951 -0.817156
5.806224 -48.862206 -0.614363
5.989231 -31.742439 -0.431356
6.165748 -15.229765 -0.254838
6.348768 -1.791067 -0.071819
6.544920 10.635285 0.124333
6.767208 22.949889 0.346621
6.963385 36.914879 0.542798
7.139902 49.480387 0.719315
7.316445 62.047703 0.895858
7.499477 75.076993 1.078890
7.695667 78.648132 1.275080
7.904912 80.683665 1.484325
8.081442 82.400945 1.660855
8.264563 84.182346 1.843976
8.447646 85.963375 2.027060
8.630768 87.744776 2.210181
8.820404 89.589555 2.399817
9.049258 91.815842 2.628671
9.225852 93.600029 2.805265
9.422041 79.238266 2.609075
9.605099 65.837796 2.426017
9.781654 52.913325 2.249462
9.964699 39.513785 2.066417
10.160876 25.152951 1.870240
10.337368 12.233129 1.693748
10.553154 -0.471043 1.477963
10.736199 -2.242450 1.294917
10.971492 -4.519482 1.059624
11.213389 -6.860423 0.817728
11.468430 -9.328570 0.562686
11.703876 -11.607076 0.327241
11.958942 -14.075468 0.072174
12.155183 -15.974572 -0.124066
12.338241 -28.032192 -0.307124
12.521375 -42.263428 -0.490258
12.710960 -56.996015 -0.679844
12.913652 -69.385279 -0.882536
13.122923 -74.354514 -1.091806
13.371347 -80.253482 -1.340231
13.574014 -85.065901 -1.542898
13.770166 -89.723616 -1.739049
13.946657 -93.914504 -1.915541
14.175511 -99.348756 -2.144395
14.352029 -103.540248 -2.320912
14.548129 -108.196756 -2.517013
14.737753 -90.523434 -2.327389
14.920925 -73.451414 -2.144217
15.104008 -56.387680 -1.961134
15.280589 -39.929982 -1.784553
15.522499 -17.383506 -1.542644
15.725178 -2.547561 -1.339964
15.999701 2.165095 -1.065441
16.222028 3.821018 -0.843115
16.490048 5.817281 -0.575094
16.803853 8.154548 -0.261290
17.130738 10.589244 0.065596
17.405299 12.634222 0.340157
17.634153 14.338765 0.569011
17.810620 15.653116 0.745477
18.006797 17.114275 0.941654
18.209463 18.623769 1.144321
18.438330 20.328406 1.373188
18.647575 21.886899 1.582433
18.876404 30.784123 1.811261
19.052959 41.489691 1.987817
19.236068 52.592618 2.170925
19.432207 64.485641 2.367064
19.621830 75.983616 2.556688
19.811467 87.482361 2.746324
19.994524 95.011171 2.929382
20.197204 80.176448 2.726703
20.373785 67.251956 2.550122
20.550315 54.331181 2.373592
20.733385 40.931687 2.190521
20.916417 27.534982 2.007489
21.151774 10.308522 1.772133
21.393658 -0.855625 1.530248
21.635580 -2.904184 1.288326
21.870835 -4.896284 1.053071
22.158554 -7.332637 0.765353
22.433140 -9.657793 0.490766
22.648926 -11.485032 0.274980
22.910457 -13.699635 0.013449
23.132809 -15.582472 -0.208902
23.315879 -17.132684 -0.391973
23.525099 -18.904323 -0.601193
23.708208 -20.454857 -0.784301
23.904346 -22.115729 -0.980440
24.087404 -23.665833 -1.163498
24.283568 -25.326919 -1.359662
24.466677 -33.117503 -1.542771
24.649735 -46.965116 -1.725828
24.839384 -61.311336 -1.915477
25.015901 -74.664185 -2.091995
25.192482 -88.021838 -2.268576
25.369037 -101.377570 -2.445131
25.552171 -84.309685 -2.261997
25.748412 -66.020298 -2.065757
25.944576 -47.738012 -1.869592
26.127685 -30.672495 -1.686484
26.317296 -13.000960 -1.496873
26.500366 0.320931 -1.313802
26.709535 1.861519 -1.104633
26.938338 3.546718 -0.875830
27.206410 5.521140 -0.607758
27.382927 6.821239 -0.431241
27.722881 9.325091 -0.091288
27.912479 10.721535 0.098311
28.226296 13.032885 0.412128
28.455150 14.718458 0.640982
28.710115 16.596347 0.895947
28.965068 18.474143 1.150899
29.161232 19.918947 1.347064
29.363899 21.411643 1.549730
29.566553 23.784821 1.752384
29.775849 36.450312 1.961680
29.978528 48.715396 2.164359
30.155045 59.397293 2.340877
30.331575 70.079959 2.517407
30.508169 80.766467 2.694000
30.691252 91.845698 2.877083
30.867795 78.923994 2.700541
31.044388 65.998571 2.523947
31.233961 52.123147 2.334374
31.488939 33.460529 2.079396
31.691593 18.627665 1.876742
31.907378 2.833645 1.660957
32.083858 -1.169598 1.484478
32.260400 -2.668416 1.307935
32.534936 -4.999179 1.033399
32.724560 -6.609052 0.843775
32.999172 -8.940463 0.569163
33.267282 -11.216669 0.301053
33.568068 -13.770298 0.000267
33.810016 -15.824394 -0.241681
34.012759 -17.545646 -0.444424
34.280805 -19.821313 -0.712470
34.490000 -21.597338 -0.921664
34.679636 -23.207319 -1.111301
34.882290 -24.927817 -1.313955
35.084956 -30.815172 -1.516621
35.261525 -44.178307 -1.693189
35.438029 -57.536636 -1.869694
35.640708 -72.875935 -2.072373
35.823842 -86.735995 -2.255507
36.006900 -100.590288 -2.438565
36.183443 -84.136821 -2.262022
36.373105 -66.460678 -2.072361
36.556213 -49.395281 -1.889252
36.732743 -32.942998 -1.712722
36.928895 -14.662026 -1.516571
37.118519 -0.782883 -1.326947
37.386552 2.210794 -1.058913
37.634989 4.039557 -0.810476
37.948806 6.349583 -0.496659
38.125336 7.649031 -0.320129
38.511048 10.488278 0.065583
38.837972 12.894781 0.392506
39.125627 15.012227 0.680161
39.361021 16.744980 0.915556
39.589875 18.429588 1.144410
39.785976 19.873097 1.340510
39.962506 21.172545 1.517040
40.197888 23.793826 1.752422
40.374456 34.477737 1.928990
40.564041 45.949320 2.118576
40.773312 58.612018 2.327847
40.975991 70.875885 2.530526
41.152572 81.560564 2.707107
41.329077 92.240633 2.883611
41.505581 96.501223 3.060116
41.682187 98.515467 3.236722
41.865220 100.603005 3.419754
42.094099 103.213440 3.648634
42.303382 105.600377 3.857917
42.486517 107.689073 4.041051
42.682719 109.926817 4.237253
42.891977 112.313464 4.446511
43.094707 114.625659 4.649241
43.343195 117.459739 4.897730
43.578678 120.145495 5.133213
43.755234 122.159160 5.309768
44.003760 124.993675 5.558295
44.304572 126.338476 5.859107
44.546533 126.170920 6.101067
44.873520 125.944484 6.428054
45.063232 125.813109 6.617767
45.239800 112.924089 6.441199
45.422896 99.558556 6.258103
45.606005 86.192096 6.074994
45.782522 73.306784 5.898477
45.965618 59.941251 5.715381
46.181366 44.192227 5.499633
46.403628 27.967618 5.277371
46.606282 13.174400 5.074717
46.861235 -0.317334 4.819764
47.096477 -1.319690 4.584522
47.429852 -2.740185 4.251147
47.795980 -4.300241 3.885019
47.992132 -5.136034 3.688867
48.227513 -6.138984 3.453486
48.469436 -7.169804 3.211563
48.730954 -8.284122 2.950045
48.920565 -9.092046 2.760434
49.195190 -10.262209 2.485809
49.450244 -11.348983 2.230755
49.692179 -12.379857 1.988820
49.953735 -13.494337 1.727264
50.202224 -14.553133 1.478775
50.463869 -15.667992 1.217130
50.725489 -16.782743 0.955510
50.987122 -17.897548 0.693877
51.248780 -19.012461 0.432219
51.490791 -20.043659 0.190208
51.791705 -21.325839 -0.110706
51.987869 -22.161686 -0.306870
52.216748 -23.136930 -0.535749
52.393304 -23.889225 -0.712305
52.576412 -24.669442 -0.895413
52.779104 -25.533103 -1.098105
52.955660 -26.722728 -1.274661
53.164930 -40.070804 -1.483931
53.341473 -51.331370 -1.660474
53.524569 -63.009924 -1.843570
53.707640 -74.686858 -2.026641
53.890761 -86.367032 -2.209762
54.067304 -97.627598 -2.386305
54.250361 -109.303722 -2.569362
54.466147 -113.659410 -2.785148
54.642664 -115.049997 -2.961665
54.858463 -116.750038 -3.177464
55.080713 -118.500903 -3.399714
55.303090 -120.252769 -3.622091
55.505756 -121.849359 -3.824757
55.780368 -124.012728 -4.099369
56.054993 -126.176198 -4.373994
56.238038 -127.618211 -4.557039
56.493080 -129.627404 -4.812081
56.695784 -131.224293 -5.014786
56.996571 -133.593865 -5.315572
57.238506 -135.499807 -5.557507
57.415125 -119.081323 -5.380888
57.591681 -102.668743 -5.204333
57.768274 -86.252620 -5.027740
57.964464 -68.014846 -4.831550
58.160666 -49.775890 -4.635348
58.356932 -31.531032 -4.439082
58.566215 -12.076067 -4.229799
58.827708 0.438544 -3.968306
59.004213 1.026788 -3.791801
59.291842 1.985382 -3.504171
59.559927 2.878836 -3.236087
59.775700 3.597951 -3.020314
60.024200 4.426139 -2.771813
60.253143 5.189145 -2.542870
60.560521 6.213556 -2.235492
60.782924 6.954764 -2.013090
61.109949 8.044653 -1.686065
61.358437 8.872798 -1.437577
61.606963 9.701071 -1.189050
61.920780 10.746941 -0.875233
62.221542 11.749299 -0.574472
62.476532 12.599116 -0.319481
62.757647 13.535997 -0.038367
63.025693 14.429324 0.229680
63.260999 15.213536 0.464985
63.581305 16.281034 0.785292
63.849364 17.174404 1.053351
64.110832 18.045806 1.314818
64.431202 19.113516 1.635188
64.633894 19.789035 1.837881
64.843114 20.486310 2.047100
65.163497 21.554062 2.367483
65.405394 22.360240 2.609380
65.595043 22.992291 2.799029
65.823859 23.754874 3.027845
66.163914 24.888189 3.367900
66.464650 25.890463 3.668636
66.719666 26.740364 3.923652
66.915843 27.394170 4.119829
67.105441 28.026051 4.309427
67.347363 28.832314 4.551350
67.530472 29.442567 4.734458
67.713581 30.052820 4.917567
67.929366 39.821647 5.133353
68.132058 49.942819 5.336045
68.308652 58.760795 5.512638
68.491735 67.902826 5.695721
68.714036 79.003139 5.918022
68.890604 87.819847 6.094590
69.067134 96.634653 6.271120
69.256770 106.103910 6.460757
69.446394 115.572533 6.650380
69.642571 125.368381 6.846557
69.851905 125.490498 7.055891
70.028410 112.608826 6.879387
70.231114 97.815015 6.676682
70.414248 84.449515 6.493548
70.603834 70.613164 6.303962
70.786955 57.248590 6.120841
71.009243 41.025543 5.898553
71.211935 26.232659 5.695861
71.408061 11.918968 5.499735
71.656473 -0.300097 5.251323
71.832914 -0.922311 5.074882
72.126945 -1.959201 4.780851
72.310003 -2.604748 4.597794
72.532291 -3.388641 4.375506
72.761119 -4.195598 4.146677
73.022663 -5.117924 3.885133
73.244951 -5.901817 3.662845
73.532619 -6.916268 3.375177
73.794150 -7.838550 3.113646
74.029557 -8.668706 2.878239
74.245292 -9.429489 2.662504
74.526521 -10.421234 2.381275
74.768418 -11.274276 2.139378
75.016919 -12.150607 1.890878
75.317744 -13.211457 1.590053
75.572810 -14.110942 1.334986
75.795162 -14.895059 1.112634
76.043714 -15.771569 0.864083
76.324917 -16.763224 0.582879
76.579971 -17.662665 0.327825
76.802348 -18.446871 0.105448
77.148919 -19.669040 -0.241122
77.364730 -20.430092 -0.456933
77.606690 -21.283358 -0.698894
77.822476 -22.044320 -0.914679
78.044777 -22.828257 -1.136980
78.280209 -23.658503 -1.372413
78.633282 -24.903603 -1.725486
78.809850 -25.526265 -1.902054
79.064853 -26.425527 -2.157057
79.326384 -27.347808 -2.418588
79.516046 -28.016645 -2.608250
79.725266 -28.754452 -2.817470
79.914953 -29.423378 -3.007157
80.124173 -30.161186 -3.216377
80.300741 -30.783848 -3.392945
80.503458 -31.498725 -3.595662
80.732338 -32.305861 -3.824542
80.935055 -38.338763 -4.027259
81.150879 -51.234276 -4.243083
81.360099 -63.735198 -4.452303
81.536692 -74.286693 -4.628896
81.732869 -86.008300 -4.825073
81.929059 -97.730666 -5.021262
82.131776 -109.843069 -5.223980
82.314834 -120.780807 -5.407038
82.530632 -133.674802 -5.622836
82.726809 -115.439377 -5.426659
82.916484 -97.808376 -5.236985
83.119239 -78.961443 -5.034229
83.308888 -61.332803 -4.844580
83.524674 -41.274662 -4.628794
83.747102 -20.599111 -4.406367
83.943330 -2.358964 -4.210139
84.126387 0.509556 -4.027081
84.342084 1.206598 -3.811384
84.629727 2.136137 -3.523742
84.852065 2.854644 -3.301403
85.074354 3.572986 -3.079115
85.303296 4.312834 -2.850172
85.571419 5.179293 -2.582050
85.826575 6.003850 -2.326894
86.062045 6.764792 -2.091423
86.349853 7.694866 -1.803616
86.696436 8.814877 -1.457033
86.938358 9.596669 -1.215111
87.199940 10.441992 -0.953529
87.507229 11.435022 -0.646239
87.716423 12.111051 -0.437045
88.036806 13.146394 -0.116662
88.272137 13.906886 0.118669
88.572861 14.878698 0.419392
88.853988 15.787183 0.700519
89.069685 16.484225 0.916216
89.357302 17.413683 1.203833
89.618820 18.258801 1.465351
89.899947 19.167286 1.746479
90.154887 19.991145 2.001418
90.422971 20.857482 2.269503
90.671396 21.660286 2.517927
90.900275 22.399929 2.746807
91.142185 23.181679 2.988716
91.442959 24.153656 3.289490
91.619514 24.724209 3.466046
91.815666 25.358088 3.662197
92.051048 26.118744 3.897579
92.351873 27.090884 4.198404
92.613391 27.936002 4.459923
92.822624 28.612154 4.669155
93.005719 29.203844 4.852251
93.234586 29.943445 5.081118
93.437278 37.871482 5.283810
93.639983 47.893535 5.486514
93.829619 57.269469 5.676151
94.012766 66.324542 5.859297
94.221986 76.668711 6.068517
94.411622 86.044646 6.258154
94.588165 94.773206 6.434696
94.771248 103.825139 6.617780
94.954369 112.878956 6.800901
95.163615 123.224382 7.010146
95.346698 125.391004 7.193229
95.529743 112.032837 7.010184
95.719341 98.196435 6.820586
95.922059 83.402634 6.617868
96.098614 70.518070 6.441313
96.288288 56.676107 6.251639
96.490904 41.889721 6.049023
96.726286 24.712155 5.813641
96.955165 8.009118 5.584761
97.144637 -0.276757 5.395290
97.347227 -0.980040 5.192700
97.667508 -2.091883 4.872419
97.850579 -2.727404 4.689348
98.092463 -3.567094 4.447464
98.308223 -4.316097 4.231704
98.609010 -5.360265 3.930917
98.818192 -6.086430 3.721735
99.086264 -7.017029 3.453663
99.341280 -7.902306 3.198647
99.609364 -8.832949 2.930563
99.818584 -9.559246 2.721343
100.067059 -10.421818 2.472868
100.302466 -11.239024 2.237461
100.590223 -12.237958 1.949704
100.877929 -13.236716 1.661998
101.146051 -14.167491 1.393876
101.388037 -15.007534 1.151890
101.623508 -15.824961 0.916419
101.904736 -16.801234 0.635190
102.127075 -17.573074 0.412852
102.395198 -18.503849 0.144729
102.682891 -19.502563 -0.142964
102.905242 -20.274447 -0.365316
103.153743 -21.137107 -0.613816
103.415287 -22.045045 -0.875360
103.663788 -22.907705 -1.123861
103.944979 -23.883846 -1.405052
104.167229 -24.655377 -1.627302
104.369997 -25.359278 -1.830070
104.579242 -26.085663 -2.039315
104.899625 -27.197859 -2.359698
105.148139 -28.060563 -2.608212
105.390036 -28.900297 -2.850109
105.605872 -29.649564 -3.065945
105.802011 -30.330451 -3.262084
106.030916 -31.125084 -3.490989
106.253255 -31.896924 -3.713328
106.429848 -32.509961 -3.889921
106.612919 -39.055482 -4.072992
106.802593 -50.324571 -4.262666
106.985664 -61.201297 -4.445737
107.181904 -72.860483 -4.641977
107.364974 -83.737210 -4.825048
107.548083 -94.616199 -5.008156
107.724638 -105.105846 -5.184711
107.901143 -115.592473 -5.361216
108.077737 -126.084383 -5.537810
108.267398 -108.455065 -5.348148
108.463563 -90.221340 -5.151984
108.653237 -72.590842 -4.962309
108.836371 -55.568292 -4.779175
109.012952 -39.154870 -4.602594
109.235342 -18.483450 -4.380205
109.425029 -0.851772 -4.190517
109.614614 0.574787 -4.000932
109.830311 1.261952 -3.785235
110.144128 2.261708 -3.471418
110.405647 3.094852 -3.209900
110.608377 3.740708 -3.007169
110.856979 4.532704 -2.758567
111.144787 5.449599 -2.470760
111.399955 6.262512 -2.215591
111.668077 7.116695 -1.947469
111.929672 7.950081 -1.685874
112.178173 8.741753 -1.437373
112.426661 9.533385 -1.188885
112.786274 10.679038 -0.829272
113.054371 11.533140 -0.561175
113.296243 12.303692 -0.319303
113.597055 13.262017 -0.018491
113.819305 13.970060 0.203759
114.126531 14.948817 0.510984
114.361887 15.698614 0.746341
114.662585 16.656575 1.047039
114.937134 17.531230 1.321587
115.185546 18.322619 1.569999
115.433958 19.114008 1.818411
115.708557 19.988825 2.093011
115.989697 20.884479 2.374151
116.238122 21.675908 2.622575
116.519312 22.571724 2.903766
116.761196 23.342317 3.145650
117.029293 24.196418 3.413747
117.245092 24.883907 3.629546
117.500070 25.696214 3.884524
117.683166 26.279519 4.067620
118.003587 27.300314 4.388040
118.284727 28.195968 4.669180
118.507027 28.904172 4.891481
118.749026 29.675129 5.133480
118.951692 33.998095 5.336146
119.160950 44.295966 5.545404
119.389842 55.560063 5.774296
119.572964 64.571716 5.957418
119.762524 73.900236 6.146978
119.971845 84.201231 6.356299
120.154890 93.209134 6.539344
120.370702 103.829497 6.755155
120.547270 112.518658 6.931724
120.723800 121.205943 7.108254
120.900355 125.324297 7.284809
121.103136 125.183872 7.487590
121.279742 125.061574 7.664196
121.534847 124.884915 7.919301
121.816127 124.690131 8.200580
121.999261 124.563312 8.383714
122.365529 124.309674 8.749982
122.587817 124.155741 8.972271
122.855926 123.970077 9.240380
123.078240 123.816126 9.462694
123.307094 123.657646 9.691548
123.549054 123.490090 9.933508
123.784436 123.327090 10.168890
124.072117 123.127873 10.456570
124.274796 122.961070 10.659250
124.490582 122.035858 10.875035
124.673716 121.250645 11.058169
124.856837 107.905778 10.875048
125.046422 94.089828 10.685462
125.242612 79.792615 10.489273
125.419142 66.928085 10.312743
125.595710 54.060779 10.136175
125.772278 41.193473 9.959607
125.961838 27.379374 9.770046
126.171071 12.131667 9.560814
126.373674 -0.090205 9.358211
126.569686 -0.579590 9.162199
126.798464 -1.150782 8.933421
127.001130 -1.656782 8.730755
127.269113 -2.325858 8.462772
127.680987 -3.354188 8.050898
127.929437 -3.974496 7.802448
128.171321 -4.578411 7.560564
128.413218 -5.182358 7.318667
128.655115 -5.786304 7.076770
128.896986 -6.390188 6.834899
129.145436 -7.010496 6.586449
129.413470 -7.679698 6.318415
129.661945 -8.300070 6.069940
129.975788 -9.083644 5.756097
130.224238 -9.703952 5.507647
130.446564 -10.259036 5.285321
130.688512 -10.863110 5.043373
130.930472 -11.467215 4.801413
131.159364 -12.038693 4.572521
131.420933 -12.691756 4.310951
131.689069 -13.361212 4.042816
131.930991 -13.965222 3.800894
132.186020 -14.601955 3.545865
132.460657 -15.287645 3.271228
132.669915 -15.810102 3.061970
132.944552 -16.495793 2.787333
133.199594 -17.132557 2.532291
133.448095 -17.752992 2.283790
133.748894 -18.504002 1.982991
133.990817 -19.108012 1.741068
134.265467 -19.793734 1.466418
134.527049 -20.446829 1.204836
134.762481 -21.034636 0.969404
134.971777 -21.557188 0.760108
135.246478 -22.243037 0.485407
135.566975 -23.043226 0.164909
135.828519 -23.696225 -0.096634
136.024798 -24.186276 -0.292913
136.273286 -24.806680 -0.541401
136.508731 -25.394519 -0.776846
136.750666 -25.998560 -1.018781
136.992639 -26.602697 -1.260754
137.358831 -27.516973 -1.626946
137.653141 -28.251779 -1.921256
137.921238 -28.921140 -2.189353
138.130509 -29.443629 -2.398624
138.352860 -29.998776 -2.620975
138.620983 -30.668201 -2.889098
138.817210 -31.158125 -3.085325
139.019940 -31.664283 -3.288055
139.229211 -32.186771 -3.497326
139.431966 -32.692993 -3.700082
139.628194 -37.774523 -3.896309
139.843980 -49.011623 -4.112095
140.027101 -58.547716 -4.295216
140.229882 -69.107588 -4.497997
140.419518 -78.982957 -4.687633
140.615721 -89.200247 -4.883836
140.792302 -98.395741 -5.060417
140.975347 -107.927866 -5.243462
141.158468 -117.463959 -5.426583
141.341564 -126.998729 -5.609679
141.622640 -138.058717 -5.890755
141.838451 -139.293654 -6.106566
142.073859 -138.268927 -6.341974
142.322398 -137.187037 -6.590513
142.610129 -135.934543 -6.878244
142.832442 -134.966813 -7.100557
143.152838 -133.572131 -7.420953
143.375151 -132.604401 -7.643266
143.774058 -130.867959 -8.042173
144.055211 -129.644103 -8.323326
144.264456 -128.733259 -8.532571
144.473727 -127.822304 -8.741842
144.650257 -127.053869 -8.918372
144.826838 -110.664404 -8.741791
145.003406 -94.276118 -8.565223
145.179986 -77.886653 -8.388642
145.356555 -61.498367 -8.212074
145.559297 -42.680659 -8.009331
145.762002 -23.866487 -7.806627
145.964783 -5.045242 -7.603846
146.180721 0.278505 -7.387907
146.409613 0.673029 -7.159015
146.644957 1.078674 -6.923672
146.906399 1.529303 -6.662229
147.102500 1.867308 -6.466129
147.350950 2.295544 -6.217679
147.632090 2.780124 -5.936539
147.821688 3.106921 -5.746941
148.070113 3.535113 -5.498516
148.344687 4.008376 -5.223942
148.671521 4.571717 -4.897107
148.919946 4.999909 -4.648683
149.148724 5.394237 -4.419905
149.449409 5.912506 -4.119220
149.717468 6.374540 -3.851161
149.952812 6.780185 -3.615817
150.246956 7.287181 -3.321672
150.514964 7.749127 -3.053664
150.789538 8.222391 -2.779090
151.057559 8.684359 -2.511069
151.306035 9.112638 -2.262594
151.567655 9.563574 -2.000974
151.822747 10.003258 -1.745882
152.090907 10.465466 -1.477721
152.424447 11.040365 -1.144181
152.666370 11.457349 -0.902259
152.927926 11.908176 -0.640702
153.202576 12.381570 -0.366052
153.483754 12.866217 -0.084874
153.784529 13.384639 0.215900
154.059166 13.858012 0.490538
154.366519 14.387774 0.797890
154.647697 14.872420 1.079068
154.896172 15.300699 1.327544
155.144660 15.729000 1.576032
155.425851 16.213669 1.857223
155.622003 16.551761 2.053374
155.962020 17.137824 2.393391
156.236619 17.611131 2.667991
156.472014 18.016863 2.903385
156.727017 18.456394 3.158388
156.995063 18.918406 3.426435
157.289271 19.425512 3.720643
157.511610 19.808741 3.942982
157.799253 20.304529 4.230624
158.067350 20.766629 4.498721
158.270080 21.116060 4.701451
158.544679 21.589367 4.976051
158.799695 22.028920 5.231066
159.002463 22.378417 5.433835
159.192023 22.705148 5.623395
159.388200 23.043284 5.819572
159.571334 23.358939 6.002706
159.878674 23.888679 6.310046
160.153325 24.362074 6.584696
160.388732 24.767828 6.820103
160.604530 25.139784 7.035902
160.833460 25.534375 7.264832
161.036152 25.883740 7.467524
161.225852 26.210712 7.657224
161.408935 26.526279 7.840307
161.624810 26.898367 8.056181
161.821012 27.236547 8.252384
162.063011 27.653662 8.494382
162.272332 28.014454 8.703704
162.455466 28.330109 8.886838
162.651694 28.668333 9.083065
162.841356 35.924980 9.272727
163.063733 44.492705 9.495104
163.266501 52.304943 9.697872
163.449597 59.359249 9.880968
163.626203 66.163519 10.057574
163.822418 73.723276 10.253789
164.005527 80.778071 10.436898
164.221312 89.091846 10.652684
164.397855 95.893670 10.829227
164.594108 103.454895 11.025480
164.796749 111.262240 11.228121
164.979871 118.317524 11.411242
165.156363 105.457218 11.234750
165.332981 92.587658 11.058131
165.509511 79.724576 10.881601
165.699161 65.905554 10.691952
165.875716 53.040621 10.515397
166.052259 40.176614 10.338854
166.248423 25.882861 10.142690
166.470686 9.687407 9.920427
166.660157 -0.101772 9.730956
166.862785 -0.466608 9.528327
167.137283 -0.960846 9.253830
167.333384 -1.313929 9.057729
167.607996 -1.808373 8.783117
167.791028 -2.137927 8.600084
168.078683 -2.655855 8.312429
168.529762 -3.468030 7.861351
168.758565 -3.879995 7.632548
169.033177 -4.374439 7.357935
169.268508 -4.798157 7.122604
169.510405 -5.233696 6.880708
169.785005 -5.728118 6.606108
170.059591 -6.222516 6.331522
170.268786 -6.599174 6.122327
170.536832 -7.081797 5.854281
170.804967 -7.564579 5.586146
171.033821 -7.976635 5.357292
171.471971 -8.765532 4.919142
171.772770 -9.307127 4.618342
172.047408 -9.801617 4.343705
172.302437 -10.260801 4.088676
172.544384 -10.696432 3.846728
172.786332 -11.132063 3.604781
173.054442 -11.614800 3.336671
173.302955 -12.062253 3.088157
173.590687 -12.580318 2.800426
173.845715 -13.039502 2.545397
174.146515 -13.581097 2.244598
174.421127 -14.075541 1.969986
174.656572 -14.499465 1.734541
174.944291 -15.017508 1.446822
175.160051 -15.405988 1.231062
175.447820 -15.924122 0.943292
175.709415 -16.395128 0.681698
175.984103 -16.889709 0.407010
176.258855 -17.384405 0.132258
176.500790 -17.820013 -0.109677
176.775440 -18.314526 -0.384327
177.010835 -18.738358 -0.619722
177.305106 -19.268200 -0.913994
177.547054 -19.703831 -1.155941
177.788938 -20.139348 -1.397825
178.057061 -20.622107 -1.665948
178.325107 -21.104730 -1.933994
178.553999 -21.516854 -2.162886
178.776351 -21.917202 -2.385238
179.024775 -22.364495 -2.633662
179.273302 -22.811972 -2.882189
179.665655 -23.518412 -3.274543
179.848764 -23.848102 -3.457651
180.051507 -24.213144 -3.660394
180.358885 -24.766584 -3.967772
180.626982 -25.249298 -4.235869
180.882023 -25.708505 -4.490911
181.169780 -26.226616 -4.778667
181.477120 -26.779987 -5.086007
181.771430 -27.309897 -5.380317
181.961079 -27.651364 -5.569966
182.209542 -28.098726 -5.818429
182.418850 -28.475590 -6.027737
182.615053 -28.828856 -6.223940
182.811229 -29.182076 -6.420117
183.000891 -29.523566 -6.609779
183.177459 -29.841480 -6.786347
183.399811 -31.019787 -7.008698
183.576417 -38.874531 -7.185304
183.792190 -48.471260 -7.401077
183.988392 -57.197562 -7.597280
184.178054 -65.632968 -7.786942
184.374257 -74.359270 -7.983144
184.570433 -83.084442 -8.179321
184.766636 -91.810744 -8.375523
184.962800 -100.535351 -8.571687
185.145909 -108.679297 -8.754796
185.328992 -116.822113 -8.937879
185.512050 -124.963799 -9.120937
185.688605 -108.578036 -8.944381
185.878254 -90.977071 -8.754732
186.094027 -70.951598 -8.538959
186.277148 -53.956466 -8.355838
186.473363 -35.746133 -8.159623
186.656497 -18.749823 -7.976489
186.846172 -1.146501 -7.786815
187.081579 0.379623 -7.551407
187.290900 0.735874 -7.342086
187.474009 1.047513 -7.158977
187.670148 1.381329 -6.962839
187.853269 1.692989 -6.779717
188.088651 2.093594 -6.544335
188.297922 2.449758 -6.335065
188.520273 2.828186 -6.112713
188.788421 3.284556 -5.844565
189.063033 3.751928 -5.569953
189.278806 4.119160 -5.354180
189.566499 4.608795 -5.066487
189.841073 5.076102 -4.791913
190.141771 5.587870 -4.491215
190.350953 5.943884 -4.282034
190.671272 6.489046 -3.961714
190.971945 7.000771 -3.661042
191.253046 7.479188 -3.379940
191.534123 7.957562 -3.098864
191.782509 8.380300 -2.850477
192.050543 8.836475 -2.582443
192.325117 9.303782 -2.307869
192.580108 9.737759 -2.052879
192.835085 10.171715 -1.797901
193.070480 10.572341 -1.562506
193.351683 11.050931 -1.281303
193.665564 11.585135 -0.967422
193.920555 12.019113 -0.712432
194.221341 12.531032 -0.411645
194.456774 12.931723 -0.176212
194.751033 13.432533 0.118046
195.038739 13.922189 0.405752
195.319917 14.400736 0.686930
195.548783 14.790252 0.915797
195.829949 15.268777 1.196962
196.058841 15.658336 1.425854
196.405373 16.248111 1.772387
196.719254 16.782316 2.086267
196.941580 17.160700 2.308593
197.209677 17.616984 2.576690
197.471221 18.062114 2.838234
197.745820 18.529465 3.112833
198.033488 19.019056 3.400501
198.249261 19.386288 3.616274
198.556512 19.909209 3.923525
198.818068 20.354361 4.185082
199.105736 20.843953 4.472749
199.373820 21.300215 4.740834
199.609202 21.700819 4.976216
199.831503 22.079161 5.198516
200.093059 22.524313 5.460073
200.341560 22.947245 5.708574
200.550767 23.303302 5.917781
200.740455 23.626137 6.107468
200.975849 24.026763 6.342863
201.198188 24.405170 6.565201
201.413961 24.772401 6.780975
201.760557 25.362284 7.127570
202.067897 25.885357 7.434910
202.342547 26.352794 7.709560
202.610669 26.809120 7.977683
202.833059 27.187613 8.200072
203.075032 27.599436 8.442046
203.264681 27.922206 8.631695
203.526314 28.367488 8.893327
203.702920 28.668060 9.069934
203.918744 36.915851 9.285757
204.108469 44.181928 9.475483
204.317752 52.197036 9.684766
204.540129 60.713604 9.907143
204.716723 67.476762 10.083737
204.899819 74.488947 10.266832
205.096021 82.003080 10.463035
205.298751 89.767214 10.665765
205.475332 96.529885 10.842346
205.664981 103.793044 11.031995
205.848077 110.805230 11.215091
206.044229 118.317417 11.411242
206.220822 118.942160 11.587836
206.462757 117.904830 11.829771
206.652368 104.090090 11.640160
206.848570 89.795118 11.443957
207.051250 75.028243 11.241278
207.234346 61.688182 11.058182
207.450157 45.964546 10.842371
207.626699 33.101941 10.665828
207.803306 20.234708 10.489222
208.038637 3.088885 10.253891
208.241265 -0.278367 10.051263
208.437302 -0.618937 9.855225
208.613756 -0.925484 9.678772
209.005957 -1.606844 9.286570
209.417869 -2.322445 8.874658
209.659715 -2.742597 8.632812
209.855867 -3.083365 8.436661
210.097776 -3.503627 8.194751
210.352716 -3.946526 7.939811
210.653465 -4.469007 7.639063
210.908379 -4.911862 7.384148
211.156817 -5.343465 7.135711
211.405241 -5.775045 6.887286
211.673300 -6.240736 6.619227
211.941321 -6.706360 6.351206
212.183231 -7.126622 6.109297
212.457843 -7.603697 5.834685
212.712846 -8.046706 5.579682
212.948317 -8.455782 5.344211
213.236048 -8.955649 5.056480
213.504145 -9.421405 4.788383
213.759174 -9.864459 4.533354
213.988066 -10.262106 4.304462
214.269193 -10.750499 4.023335
214.517732 -11.182278 3.774796
214.785816 -11.648013 3.506711
215.073560 -12.147901 3.218967
215.322061 -12.579614 2.970467
215.596699 -13.056733 2.695829
215.877877 -13.545215 2.414651
216.165646 -14.045148 2.126882
216.427177 -14.499498 1.865351
216.708342 -14.987958 1.584185
216.930669 -15.374198 1.361859
217.224940 -15.885427 1.067587
217.480007 -16.328547 0.812521
217.754645 -16.805666 0.537883
218.003171 -17.237423 0.289357
218.271331 -17.703290 0.021196
218.552535 -18.191816 -0.260007
218.807602 -18.634935 -0.515074
219.023387 -19.009813 -0.730860
219.304527 -19.498229 -1.011999
219.572599 -19.963941 -1.280071
219.814534 -20.384247 -1.522006
220.056507 -20.804620 -1.763979
220.285323 -21.202134 -1.992795
220.553420 -21.667891 -2.260892
220.815002 -22.122329 -2.522474
221.043843 -22.519888 -2.751315
221.331574 -23.019754 -3.039046
221.534292 -23.371929 -3.241764
221.802389 -23.837686 -3.509861
222.037834 -24.246717 -3.745306
222.234023 -24.587551 -3.941496
222.580594 -25.189637 -4.288066
222.763715 -25.507768 -4.471187
223.038416 -25.984998 -4.745888
223.214997 -26.291766 -4.922469
223.463485 -26.723457 -5.170957
223.698930 -27.132489 -5.406403
223.934350 -27.541476 -5.641823
224.169783 -27.950486 -5.877255
224.431390 -28.404968 -6.138863
224.653754 -28.791275 -6.361227
224.882621 -29.188878 -6.590094
225.091892 -29.552437 -6.799364
225.307716 -29.927381 -7.015188
225.510446 -35.480163 -7.217918
225.693605 -43.474611 -7.401077
225.870148 -51.180256 -7.577620
226.046716 -58.887009 -7.754188
226.255974 -68.020591 -7.963446
226.432542 -75.727344 -8.140014
226.609123 -83.434652 -8.316595
226.818406 -92.569342 -8.525878
227.001464 -100.559355 -8.708936
227.178057 -108.267217 -8.885530
227.361140 -116.258339 -9.068613
227.557330 -98.051231 -8.872423
227.746992 -80.449927 -8.682761
227.943169 -62.243998 -8.486584
228.119711 -45.860194 -8.310042
228.302845 -28.864694 -8.126908
228.505576 -10.050604 -7.924178
228.695212 0.133207 -7.734541
228.937236 0.529577 -7.492517
229.166153 0.904481 -7.263600
229.414692 1.311521 -7.015061
229.617461 1.643600 -6.812293
229.852893 2.029174 -6.576860
230.068666 2.382552 -6.361087
230.330312 2.811056 -6.099442
230.578787 3.217991 -5.850966
230.774926 3.539213 -5.654827
231.049487 3.988870 -5.380266
231.297950 4.395784 -5.131803
231.579090 4.856215 -4.850663
231.873260 5.337986 -4.556493
232.187102 5.851974 -4.242651
232.402901 6.205393 -4.026853
232.657866 6.622957 -3.771887
232.965193 7.126275 -3.464560
233.233278 7.565325 -3.196476
233.527562 8.047282 -2.902191
233.802187 8.497043 -2.627566
234.089867 8.968185 -2.339886
234.351449 9.396585 -2.078304
234.619571 9.835697 -1.810182
234.920346 10.328283 -1.509408
235.181940 10.756704 -1.247813
235.463105 11.217176 -0.966648
235.770407 11.720453 -0.659346
236.071232 12.213122 -0.358521
236.332776 12.641460 -0.096977
236.581239 13.048374 0.151486
236.849349 13.487465 0.419595
237.123961 13.937205 0.694207
237.378989 14.354873 0.949236
237.653525 14.804488 1.223772
237.954249 15.296991 1.524495
238.176460 15.660914 1.746707
238.464128 16.132035 2.034375
238.751720 16.603032 2.321966
239.032796 17.063358 2.603043
239.313885 17.523706 2.884132
239.568812 17.941207 3.139059
239.836846 18.380173 3.407093
240.065674 18.754932 3.635921
240.281422 19.108268 3.851669
240.588698 19.611503 4.158945
240.869851 20.071955 4.440098
241.111723 20.468074 4.681969
241.392901 20.928568 4.963147
241.647891 21.346173 5.218138
241.896379 21.753129 5.466626
242.197153 22.245715 5.767400
242.425969 22.620453 5.996216
242.700645 23.070297 6.270892
242.916380 23.423612 6.486627
243.204162 23.894921 6.774409
243.380666 24.183987 6.950913
243.609559 24.558850 7.179805
243.943099 25.105098 7.513345
244.276588 25.651263 7.846835
244.564345 26.122530 8.134591
244.865157 26.615179 8.435403
245.074453 26.957949 8.644699
245.296855 27.322183 8.867102
245.506126 27.664912 9.076372
245.767720 28.093332 9.337967
245.983633 32.331325 9.553880
246.186350 39.952783 9.756597
246.415306 48.560706 9.985553
246.624564 56.428065 10.194811
246.814315 63.562021 10.384561
247.010492 70.937580 10.580738
247.193562 77.820385 10.763809
247.370181 84.460632 10.940428
247.546749 91.098970 11.116996
247.736385 98.228629 11.306632
247.912941 104.866489 11.483188
248.096062 111.751204 11.666309
248.272618 117.840646 11.842864
248.468769 116.999619 12.039016
248.678052 116.102287 12.248299
248.867701 115.289140 12.437948
249.227365 113.747030 12.797612
249.456283 112.765514 13.026530
249.776691 111.391718 13.346938
250.012137 110.382214 13.582383
250.312961 109.092385 13.883208
250.554922 108.054945 14.125169
250.809938 106.952145 14.380185
251.019208 105.982063 14.589455
251.319983 104.587813 14.890229
251.561956 103.466138 15.132202
251.738524 102.647649 15.308770
252.130852 100.828996 15.701099
252.340123 99.858914 15.910369
252.516691 87.006972 15.733801
252.693246 74.155954 15.557246
252.889423 59.876738 15.361069
253.065991 47.024795 15.184501
253.275262 31.792522 14.975230
253.471426 17.514229 14.779066
253.654535 4.186221 14.595958
253.889942 -0.246558 14.360550
254.092507 -0.527309 14.157985
254.268973 -0.771887 13.981519
254.497840 -1.089092 13.752652
254.674421 -1.333829 13.576071
254.877126 -1.614774 13.373367
255.066787 -1.877641 13.183705
255.295629 -2.194810 12.954864
255.524470 -2.511980 12.726022
255.779422 -2.865338 12.471070
256.040915 -3.227762 12.209577
256.269744 -3.544914 11.980748
256.544343 -3.925503 11.706149
256.786253 -4.260785 11.464239
257.001975 -4.559771 11.248517
257.256902 -4.913095 10.993590
257.524949 -5.284601 10.725544
257.819157 -5.692368 10.431335
258.034904 -5.991389 10.215588
258.302963 -6.362913 9.947529
258.564494 -6.725390 9.685998
258.819523 -7.078854 9.430969
259.022215 -7.359781 9.228277
259.283810 -7.722346 8.966683
259.506187 -8.030556 8.744306
259.715445 -8.320583 8.535048
259.970524 -8.674118 8.279968
260.160122 -8.936897 8.090370
260.395542 -9.263184 7.854950
260.670192 -9.643844 7.580300
260.918668 -9.988225 7.331824
261.167182 -10.332660 7.083311
261.415657 -10.677042 6.834835
261.677239 -11.039589 6.573253
261.958417 -11.429296 6.292075
262.233042 -11.809920 6.017450
262.501139 -12.181497 5.749353
262.716937 -12.480589 5.533555
262.991575 -12.861231 5.258918
263.266212 -13.241873 4.984280
263.475457 -13.531882 4.775035
263.782785 -13.957831 4.467708
264.031260 -14.302213 4.219232
264.299370 -14.673808 3.951122
264.573995 -15.054432 3.676498
264.822470 -15.398814 3.428022
265.123270 -15.815716 3.127223
265.384826 -16.178228 2.865666
265.659464 -16.558869 2.591029
265.875249 -16.857944 2.375243
266.156427 -17.247651 2.094065
266.404928 -17.592068 1.845564
266.653391 -17.936432 1.597101
266.914973 -18.298979 1.335519
267.156908 -18.634296 1.093584
267.444614 -19.033050 0.805879
267.699630 -19.386497 0.550863
267.948080 -19.730844 0.302412
268.248879 -20.147746 0.001613
268.523568 -20.528458 -0.273075
268.726222 -20.809332 -0.475729
269.033587 -21.235334 -0.783095
269.471686 -21.842530 -1.221194
269.779013 -22.268479 -1.528521
269.981693 -22.549389 -1.731200
270.269424 -22.948178 -2.018932
270.511384 -23.283530 -2.260892
270.759860 -23.627912 -2.509368
270.969130 -23.917957 -2.718638
271.171810 -24.198866 -2.921317
271.413757 -24.534201 -3.163265
271.609960 -24.806133 -3.359468
271.793030 -25.059865 -3.542538
272.106898 -25.494879 -3.856406
272.296534 -25.757711 -4.046042
272.623559 -26.210961 -4.373067
272.917793 -26.618763 -4.667301
273.179400 -26.981345 -4.928908
273.447535 -27.352974 -5.197043
273.663359 -27.652102 -5.412867
273.905307 -27.987436 -5.654815
274.094994 -28.250339 -5.844502
274.278090 -28.504106 -6.027598
274.526604 -28.848540 -6.276111
274.729346 -29.129538 -6.478854
274.951685 -29.437695 -6.701193
275.134832 -29.691532 -6.884340
275.311413 -31.983499 -7.060921
275.507590 -39.532432 -7.257098
275.690686 -46.578005 -7.440193
275.867305 -53.374341 -7.616812
276.076575 -61.427122 -7.826083
276.285820 -69.478926 -8.035328
276.475495 -76.777645 -8.225003
276.665144 -84.075387 -8.414652
276.861346 -91.625297 -8.610854
277.090188 -100.431163 -8.839695
277.273296 -107.477225 -9.022804
277.593717 -119.807100 -9.343225
277.809528 -124.121123 -9.559036
278.012258 -123.238639 -9.761766
278.241112 -122.242438 -9.990620
278.483060 -121.192524 -10.232568
278.751195 -120.033195 -10.500703
278.973559 -119.071763 -10.723067
279.182805 -118.167054 -10.932312
279.431306 -117.092616 -11.180813
279.673279 -116.046402 -11.422786
279.961023 -114.802290 -11.710530
280.183361 -113.840968 -11.932869
280.444905 -112.710137 -12.194413
280.739152 -111.437911 -12.488659
280.941907 -110.561261 -12.691415
281.118501 -94.189598 -12.514821
281.308175 -76.605219 -12.325147
281.491284 -59.629553 -12.142038
281.667877 -43.257890 -11.965445
281.883688 -23.250434 -11.749634
282.086431 -4.454517 -11.546891
282.269565 0.125630 -11.363757
282.485389 0.326348 -11.147933
282.662059 0.490653 -10.971263
282.858388 0.673241 -10.774934
283.067862 0.868053 -10.565460
283.244442 1.032275 -10.388879
283.434066 1.208626 -10.199256
283.695623 1.451876 -9.937699
283.944073 1.682937 -9.689249
284.218659 1.938305 -9.414662
284.447463 2.151094 -9.185859
284.761242 2.442911 -8.872080
285.016219 2.680042 -8.617102
285.290730 2.935339 -8.342592
285.591441 3.215003 -8.041881
285.918275 3.518962 -7.715047
286.166687 3.749987 -7.466635
286.460870 4.023579 -7.172452
286.715746 4.260616 -6.917576
286.964196 4.491677 -6.669126
287.225638 4.734821 -6.407683
287.493647 4.984070 -6.139675
287.735531 5.209025 -5.897791
287.977428 5.433991 -5.655894
288.245448 5.683252 -5.387873
288.454681 5.877840 -5.178641
288.696591 6.102818 -4.936731
288.905823 6.297406 -4.727499
289.095409 6.473723 -4.537913
289.337344 6.698724 -4.295978
289.605403 6.948021 -4.027919
289.873487 7.197342 -3.759835
290.148137 7.452769 -3.485185
290.442383 7.726420 -3.190939
290.690846 7.957493 -2.942476
291.057025 8.298043 -2.576297
291.312029 8.535198 -2.321293
291.567057 8.772377 -2.066265
291.887478 9.070371 -1.745844
292.188240 9.350082 -1.445082
292.462903 9.605520 -1.170419
292.724421 9.848735 -0.908901
293.038289 10.140634 -0.595033
293.293317 10.377813 -0.340004
293.567942 10.633217 -0.065380
293.836065 10.882573 0.202743
294.130311 11.156224 0.496989
294.398433 11.405580 0.765112
294.679573 11.667043 1.046251
294.967292 11.934623 1.333970
295.235414 12.183980 1.602092
295.523133 12.451560 1.889811
295.830460 12.737377 2.197138
296.111663 12.998899 2.478341
296.360126 13.229971 2.726804
296.588980 13.442807 2.955658
296.863618 13.698223 3.230296
297.105553 13.923224 3.472231
297.393271 14.190805 3.759949
297.628678 14.409736 3.995357
297.890209 14.652962 4.256888
298.171349 14.914424 4.538028
298.426302 15.151532 4.792980
298.655143 15.364356 5.021821
298.910185 15.601547 5.276863
299.178269 15.850868 5.544947
299.374420 16.033290 5.741098
299.688326 16.325225 6.055004
299.930236 16.550203 6.296914
300.119872 16.726567 6.486550
300.401063 16.988077 6.767741
300.616899 17.188806 6.983578
300.878456 17.432056 7.245134
301.094229 17.632727 7.460907
301.316568 17.839504 7.683246
301.578124 18.082754 7.944802
301.761233 18.253046 8.127911
301.983572 18.459823 8.350250
302.186251 18.648317 8.552929
302.421722 18.867306 8.788400
302.598277 19.031504 8.964955
302.964558 19.372149 9.331236
303.154182 19.548500 9.520860
303.330775 19.712734 9.697453
303.513846 19.882991 9.880524
303.827828 20.174997 10.194506
304.102541 20.430483 10.469220
304.429528 20.734583 10.796207
304.704179 20.990010 11.070857
305.005054 21.269827 11.371732
305.318986 21.561786 11.685664
305.580542 21.805036 11.947220
305.848664 22.054392 12.215343
306.116812 22.303772 12.483490
306.404594 22.571411 12.771272
306.646542 22.796425 13.013220
306.868919 23.003237 13.235597
307.123948 23.240416 13.490626
307.320125 23.667165 13.686803
307.581706 30.851701 13.948385
307.817152 37.318376 14.183830
308.046082 43.606109 14.412760
308.242335 48.996342 14.609013
308.451580 54.743413 14.818258
308.667379 60.670472 15.034057
308.850513 65.700379 15.217191
309.046715 71.089217 15.413393
309.269041 77.195567 15.635719
309.465243 82.584405 15.831922
309.641799 87.433626 16.008477
309.838001 92.822464 16.204679
310.014557 97.642319 16.381235
310.230368 96.641918 16.597046
310.446166 80.936682 16.381247
310.629313 67.607750 16.198101
310.812409 54.282515 16.015005
311.021667 39.053279 15.805747
311.230975 23.820346 15.596438
311.414058 10.496036 15.413355
311.623380 -0.065950 15.204034
311.839216 -0.284604 14.988197
312.120293 -0.569349 14.707121
312.460246 -0.913740 14.367167
312.643368 -1.099251 14.184046
312.826464 -1.284737 14.000950
313.029130 -1.490049 13.798283
313.231809 -1.695374 13.595604
313.506358 -1.973506 13.321055
313.728684 -2.198734 13.098729
313.983611 -2.456988 12.843802
314.232011 -2.708630 12.595403
314.480410 -2.960272 12.347003
314.774593 -3.258294 12.052821
314.970719 -3.456980 11.856695
315.232212 -3.721886 11.595202
315.519892 -4.013322 11.307521
315.787926 -4.284854 11.039488
316.042904 -4.543160 10.784510
316.297920 -4.801504 10.529494
316.579047 -5.086301 10.248367
316.807863 -5.318103 10.019551
317.062841 -5.576410 9.764573
317.272073 -5.788373 9.555340
317.481395 -6.000427 9.346019
317.749504 -6.272036 9.077909
318.024116 -6.550232 8.803297
318.279183 -6.808628 8.548230
318.521182 -7.053786 8.306232
318.867803 -7.404931 7.959611
319.181683 -7.722908 7.645730
319.489011 -8.034247 7.338403
319.744052 -8.292617 7.083361
319.992553 -8.544362 6.834861
320.247569 -8.802706 6.579845
320.567990 -9.127310 6.259424
320.809950 -9.372428 6.017463
321.084575 -9.650638 5.742838
321.372281 -9.942099 5.455133
321.653446 -10.226934 5.173967
321.915003 -10.491905 4.912411
322.124261 -10.703894 4.703153
322.431575 -11.015220 4.395838
322.706213 -11.293442 4.121201
322.954701 -11.545173 3.872713
323.235866 -11.830009 3.591547
323.503963 -12.101605 3.323450
323.765545 -12.366601 3.061868
324.000952 -12.605081 2.826461
324.275590 -12.883303 2.551824
324.510984 -13.121770 2.316429
324.759485 -13.373515 2.067928
325.066800 -13.684841 1.760614
325.328382 -13.949837 1.499032
325.583410 -14.208194 1.244003
325.831886 -14.459913 0.995528
326.152294 -14.784503 0.675119
326.400808 -15.036261 0.426606
326.649309 -15.288005 0.178105
326.897784 -15.539724 -0.070371
327.172422 -15.817946 -0.345008
327.414382 -16.063065 -0.586969
327.715182 -16.367790 -0.887768
327.944074 -16.599670 -1.116660
328.199077 -16.858002 -1.371663
328.421390 -17.083217 -1.593977
328.722139 -17.387891 -1.894726
328.951019 -17.619758 -2.123605
329.225631 -17.897955 -2.398217
329.467578 -18.143060 -2.640165
329.729084 -18.407980 -2.901671
329.957951 -18.639833 -3.130537
330.212992 -18.898204 -3.385579
330.461430 -19.149884 -3.634016
330.781876 -19.474513 -3.954462
331.239609 -19.938221 -4.412196
331.645019 -20.348922 -4.817605
331.873911 -20.580802 -5.046497
332.089671 -20.799378 -5.262258
332.279320 -20.991503 -5.451907
332.488553 -21.203466 -5.661139
332.697836 -21.415481 -5.870423
333.044368 -21.766537 -6.216955
333.234030 -21.958674 -6.406617
333.508706 -22.236935 -6.681292
333.711461 -22.442337 -6.884048
333.966515 -22.700720 -7.139102
334.286936 -23.025323 -7.459523
334.594276 -23.336675 -7.766863
334.855845 -23.601658 -8.028432
335.130521 -23.879919 -8.303108
335.359388 -24.111773 -8.531974
335.634051 -24.390021 -8.806637
335.869496 -24.628539 -9.042082
336.111431 -24.873632 -9.284017
336.359919 -25.125364 -9.532506
336.588849 -25.357282 -9.761436
336.837325 -25.609001 -10.009911
337.026987 -25.801138 -10.199573
337.301688 -26.108318 -10.474274
337.582878 -35.007204 -10.755465
337.785621 -41.423437 -10.958208
337.981811 -47.632280 -11.154397
338.204124 -54.667871 -11.376711
338.433080 -61.913665 -11.605666
338.648866 -68.742669 -11.821452
338.851621 -75.159304 -12.024208
339.067445 -81.989514 -12.240031
339.257094 -87.991368 -12.429680
339.446730 -93.992821 -12.619317
339.656014 -100.616043 -12.828600
339.839071 -106.409302 -13.011658
340.041814 -87.615274 -12.808915
340.224885 -70.644846 -12.625845
340.408057 -53.664999 -12.442673
340.610774 -34.873325 -12.239955
340.806989 -16.684417 -12.043740
340.996651 -2.881333 -11.854078
341.232134 0.220762 -11.618595
341.441430 0.409229 -11.409299
341.631105 0.580027 -11.219625
341.886350 0.809869 -10.964380
342.154764 1.051571 -10.695965
342.455830 1.322675 -10.394899
342.678169 1.522887 -10.172560
342.939789 1.758470 -9.910940
343.181724 1.976328 -9.669005
343.456324 2.223599 -9.394406
343.691629 2.435487 -9.159100
343.985850 2.700427 -8.864879
344.279995 2.965298 -8.570735
344.580718 3.236094 -8.270011
344.822551 3.453860 -8.028178
345.070963 3.677550 -7.779766
345.338959 3.918874 -7.511771
345.626588 4.177879 -7.224141
345.907690 4.431005 -6.943039
346.169158 4.666452 -6.681572
346.411017 4.884241 -6.439713
346.685578 5.131478 -6.165152
346.940518 5.361046 -5.910212
347.202011 5.596515 -5.648719
347.430814 5.802548 -5.419916
347.659643 6.008603 -5.191087
347.881943 6.208780 -4.968786
348.084661 6.391323 -4.766069
348.326583 6.609170 -4.524146
348.646953 6.897656 -4.203776
348.947740 7.168509 -3.902989
349.235420 7.427559 -3.615309
349.510071 7.674876 -3.340659
349.823913 7.957485 -3.026816
350.065848 8.175343 -2.784881
350.366622 8.446184 -2.484107
350.621651 8.675832 -2.229079
350.935519 8.958463 -1.915211
351.210131 9.205746 -1.640599
351.510905 9.476587 -1.339825
351.772461 9.712113 -1.078268
352.047112 9.959430 -0.803618
352.328277 10.212614 -0.522453
352.596374 10.454030 -0.254356
352.877539 10.707214 0.026810
353.119474 10.925071 0.268745
353.407205 11.184167 0.556476
353.681843 11.431473 0.831113
353.969561 11.690558 1.118832
354.211509 11.908427 1.360780
354.486147 12.155732 1.635417
354.767325 12.408927 1.916595
355.048490 12.662111 2.197760
355.349277 12.932963 2.498547
355.584709 13.144966 2.733980
355.892024 13.421696 3.041294
356.094741 13.604239 3.244012
356.408571 13.886837 3.557841
356.663600 14.116485 3.812870
356.905535 14.334342 4.054805
357.199768 14.599294 4.349039
357.435188 14.811285 4.584459
357.696732 15.046800 4.846002
357.958263 15.282303 5.107534
358.219807 15.517818 5.369077
358.455214 15.729797 5.604485
358.749397 15.994703 5.898667
358.952089 16.177223 6.101359
359.226650 16.424460 6.375921
359.442360 16.618702 6.591630
359.690797 16.842415 6.840068
359.998137 17.119168 7.147408
360.220425 17.319334 7.369696
360.462322 17.537158 7.611593
360.750053 17.796254 7.899324
360.933136 17.961116 8.082407
361.168518 18.173073 8.317789
361.423496 18.402675 8.572767
361.658903 18.614655 8.808174
361.920511 18.850227 9.069781
362.129769 19.038660 9.279039
362.371729 19.256540 9.521000
362.620192 19.480276 9.769462
362.842531 19.680487 9.991801
363.032180 19.851263 10.181450
363.267625 20.063276 10.416896
363.489964 20.263488 10.639235
363.666481 20.422438 10.815752
364.019681 20.740488 11.168952
364.346681 21.034944 11.495951
364.660586 21.317610 11.809857
364.954896 21.582630 12.104167
365.236176 21.835917 12.385446
365.510851 22.083256 12.660122
365.805110 22.348231 12.954381
366.099420 22.613251 13.248691
366.328338 22.819386 13.477608
366.563770 23.031389 13.713041
366.759998 24.287274 13.909269
366.956213 29.568547 14.105484
367.165484 35.201220 14.314754
367.433606 42.417934 14.582877
367.662485 48.578393 14.811756
367.897931 54.915578 15.047201
368.100686 60.372893 15.249957
368.303429 65.829866 15.452700
368.480023 70.583011 15.629293
368.682740 76.039300 15.832011
368.905079 82.023717 16.054349
369.081660 86.776520 16.230930
369.271334 91.881750 16.420605
369.460971 96.569626 16.610241
369.735621 95.296474 16.884891
369.912163 82.448889 16.708349
370.095285 69.122559 16.525227
370.284908 55.323027 16.335604
370.461489 42.472669 16.159023
370.664194 27.721191 15.956318
370.866937 12.966940 15.753575
371.108923 -0.062769 15.511589
371.383585 -0.332979 15.236927
371.579699 -0.525913 15.040813
371.795561 -0.738275 14.824951
372.200957 -1.137099 14.419555
372.377513 -1.310792 14.242999
372.612882 -1.542346 14.007630
373.050956 -1.973317 13.569556
373.279772 -2.198424 13.340740
373.495494 -2.410649 13.125018
373.789651 -2.700037 12.830861
374.044616 -2.950869 12.575896
374.253836 -3.156697 12.366676
374.547994 -3.446085 12.072518
374.776810 -3.671191 11.843702
375.012141 -3.902707 11.608372
375.299796 -4.185699 11.320716
375.574408 -4.455859 11.046104
375.835901 -4.713112 10.784611
376.090955 -4.964031 10.529557
376.365592 -5.234217 10.254920
376.581391 -5.446516 10.039121
376.842973 -5.703857 9.777539
377.058809 -5.916195 9.561703
377.307323 -6.160679 9.313189
377.582049 -6.430952 9.038463
377.850171 -6.694728 8.770341
378.151022 -6.990700 8.469490
378.432225 -7.267345 8.188287
378.713429 -7.543989 7.907083
379.020730 -7.846309 7.599782
379.314989 -8.135798 7.305523
379.589665 -8.406020 7.030847
379.903520 -8.714787 6.716992
380.145493 -8.952837 6.475019
380.400497 -9.203706 6.220015
380.688215 -9.486760 5.932297
380.936691 -9.731208 5.683821
381.217856 -10.007815 5.402656
381.466344 -10.252274 5.154168
381.714832 -10.496734 4.905680
382.002538 -10.779775 4.617974
382.283703 -11.056382 4.336809
382.571396 -11.339411 4.049116
382.826425 -11.590306 3.794087
383.094548 -11.854081 3.525965
383.369172 -12.124254 3.251340
383.663406 -12.413717 2.957106
383.885732 -12.632439 2.734780
384.193072 -12.934796 2.427440
384.487318 -13.224272 2.133194
384.729253 -13.462285 1.891259
385.030053 -13.758208 1.590459
385.278541 -14.002668 1.341971
385.572813 -14.292168 1.047699
385.821288 -14.536616 0.799224
386.115547 -14.826104 0.504965
386.409819 -15.115605 0.210693
386.638711 -15.340786 -0.018199
386.893714 -15.591655 -0.273202
387.142215 -15.836128 -0.521703
387.403772 -16.093444 -0.783260
387.671894 -16.357219 -1.051382
387.953072 -16.633839 -1.332560
388.181952 -16.859008 -1.561440
388.430440 -17.103467 -1.809928
388.750797 -17.418631 -2.130285
389.031975 -17.695251 -2.411463
389.234655 -17.894644 -2.614143
389.541982 -18.196989 -2.921470
389.777376 -18.428567 -3.156864
390.051976 -18.698715 -3.431464
390.346209 -18.988178 -3.725697
390.568536 -19.206900 -3.948024
390.823539 -19.457769 -4.203027
391.117823 -19.747282 -4.497311
391.327030 -19.953098 -4.706518
391.568965 -20.191111 -4.948453
391.863237 -20.480612 -5.242725
392.078972 -20.692849 -5.458460
392.301324 -20.911596 -5.680812
392.549774 -21.156018 -5.929262
392.857114 -21.458375 -6.236602
393.242952 -21.837959 -6.622440
393.452223 -22.043837 -6.831711
393.661494 -22.249714 -7.040982
394.001523 -22.584232 -7.381011
394.197688 -22.777216 -7.577176
394.374243 -22.950909 -7.753731
394.701268 -23.272632 -8.080756
394.995527 -23.562120 -8.375015
395.276756 -23.838790 -8.656244
395.564462 -24.121831 -8.943950
395.865274 -24.417767 -9.244762
396.120303 -24.668661 -9.499790
396.342667 -24.887420 -9.722155
396.565006 -25.106154 -9.944494
396.793923 -25.331361 -10.173411
397.003156 -25.537201 -10.382644
397.310559 -26.135528 -10.690047
397.559047 -33.848218 -10.938535
397.774871 -40.547056 -11.154359
397.997223 -47.448507 -11.376711
398.226140 -54.553753 -11.605628
398.441951 -61.252196 -11.821439
398.625060 -66.935605 -12.004548
398.821262 -73.025421 -12.200750
399.010911 -78.911837 -12.390399
399.187492 -84.392632 -12.566980
399.396750 -90.887675 -12.776238
399.586387 -96.773696 -12.965874
399.789142 -103.066914 -13.168630
399.972263 -86.092759 -12.985509
400.155397 -69.117427 -12.802375
400.332004 -52.747180 -12.625768
400.521627 -35.170295 -12.436145
400.724383 -16.376178 -12.233389
400.940207 -0.669980 -12.017565
401.129856 0.199570 -11.827916
401.365339 0.404967 -11.592433
401.581137 0.593195 -11.376635
401.836306 0.815762 -11.121466
402.111299 1.055621 -10.846473
402.490711 1.386559 -10.467061
402.915755 1.757297 -10.042017
403.190367 1.996824 -9.767405
403.458401 2.230613 -9.499371
403.700259 2.441571 -9.257513
403.994442 2.698168 -8.963330
404.340886 3.000349 -8.616886
404.615434 3.239820 -8.342338
404.870361 3.462177 -8.087411
405.138382 3.695955 -7.819390
405.406416 3.929743 -7.551356
405.674398 4.163488 -7.283374
405.968581 4.420085 -6.989191
406.216930 4.636704 -6.740843
406.524206 4.904721 -6.433566
406.726822 5.081450 -6.230950
406.994881 5.315261 -5.962891
407.223671 5.514821 -5.734101
407.452487 5.714402 -5.505285
407.700975 5.931143 -5.256797
407.929817 6.130747 -5.027955
408.184845 6.353192 -4.772927
408.479104 6.609856 -4.478668
408.779878 6.872202 -4.177894
409.067584 7.123150 -3.890188
409.348762 7.368403 -3.609010
409.643009 7.625056 -3.314764
409.898025 7.847490 -3.059747
410.205326 8.115530 -2.752446
410.506126 8.377899 -2.451646
410.800372 8.634551 -2.157400
411.061916 8.862679 -1.895856
411.310392 9.079409 -1.647380
411.578476 9.313242 -1.379296
411.892306 9.586976 -1.065467
412.166994 9.826569 -0.790778
412.467768 10.088915 -0.490004
412.755474 10.339863 -0.202298
413.023571 10.573707 0.065799
413.304761 10.818972 0.346989
413.585914 11.064203 0.628142
413.847483 11.292354 0.889711
414.128674 11.537619 1.170902
414.396771 11.771463 1.438999
414.645246 11.988192 1.687474
414.926424 12.233446 1.968652
415.188019 12.461618 2.230247
415.443022 12.684042 2.485250
415.704604 12.912203 2.746832
415.966135 13.140320 3.008363
416.234245 13.374175 3.276473
416.502329 13.608008 3.544557
416.790061 13.858978 3.832289
417.071239 14.104232 4.113467
417.319689 14.320939 4.361917
417.600867 14.566193 4.643095
417.836261 14.771513 4.878489
418.097856 14.999685 5.140084
418.372455 15.239201 5.414683
418.647093 15.478750 5.689321
418.889053 15.689797 5.931281
419.189853 15.952165 6.232081
419.477533 16.203091 6.519761
419.699859 16.397012 6.742087
420.000570 16.659303 7.042798
420.216343 16.847508 7.258571
420.458240 17.058499 7.500468
420.719745 17.286594 7.761973
420.981289 17.514722 8.023517
421.255914 17.754260 8.298142
421.471700 17.942476 8.513928
421.752903 18.187752 8.795131
422.014396 18.415836 9.056624
422.256369 18.626894 9.298597
422.491789 18.832236 9.534017
422.687953 19.003338 9.730181
422.942969 19.225772 9.985197
423.178376 19.431103 10.220604
423.407256 19.630740 10.449484
423.695000 19.881721 10.737228
424.061166 20.201104 11.103394
424.276990 20.389354 11.319218
424.453583 20.543385 11.495811
424.819826 20.862836 11.862054
425.166434 21.165160 12.208662
425.480378 21.438994 12.522606
425.742037 21.667222 12.784265
426.042887 21.929634 13.085115
426.225970 22.089326 13.268198
426.474496 22.306100 13.516724
426.664184 22.471552 13.706411
426.912684 22.688304 13.954912
427.102410 23.007484 14.144638
427.311668 28.527075 14.353896
427.573326 35.428825 14.615554
427.762975 40.431195 14.805203
427.972258 45.951457 15.014486
428.174976 51.298529 15.217204
428.416974 57.681718 15.459202
428.632836 63.375503 15.675064
428.868230 69.584499 15.910458
429.057880 74.586869 16.100108
429.267176 80.107465 16.309403
429.443744 84.764799 16.485972
429.653014 90.284725 16.695242
429.862247 95.196315 16.904475
430.091139 94.135277 17.133367
430.293894 93.195396 17.336122
430.483543 92.316271 17.525771
430.915140 90.315587 17.957368
431.196331 89.012117 18.238559
431.477509 87.708706 18.519737
431.726010 86.556770 18.768238
431.954877 85.495850 18.997104
432.229539 84.222640 19.271767
432.491096 83.010185 19.533324
432.772274 81.706773 19.814502
433.046911 80.433681 20.089139
433.328089 79.130269 20.370317
433.609280 77.826799 20.651508
433.857781 76.674864 20.900009
434.053945 75.765537 21.096173
434.263190 60.549217 20.886928
434.459380 46.282300 20.690738
434.649055 32.489162 20.501064
434.845231 18.223169 20.304887
435.028404 4.902886 20.121715
435.224644 -0.107043 19.925474
435.407778 -0.259219 19.742341
435.623653 -0.438601 19.526466
435.839375 -0.617857 19.310744
436.140212 -0.867839 19.009906
436.316780 -1.014560 18.833338
436.539119 -1.199313 18.610999
436.853038 -1.460166 18.297080
437.094960 -1.661192 18.055158
437.363006 -1.883927 17.787112
437.598376 -2.079508 17.551743
437.853353 -2.291383 17.296765
438.121362 -2.514086 17.028757
438.317475 -2.677048 16.832643
438.605155 -2.916097 16.544963
438.833959 -3.106223 16.316160
439.160793 -3.377808 15.989325
439.402690 -3.578813 15.747428
439.664208 -3.796123 15.485910
439.906118 -3.997139 15.244001
440.174177 -4.219884 14.975942
440.422640 -4.426346 14.727479
440.677605 -4.638211 14.472514
440.912999 -4.833813 14.237119
441.115742 -5.002283 14.034376
441.351162 -5.197907 13.798956
441.593097 -5.398944 13.557021
441.808895 -5.578263 13.341223
442.057409 -5.784766 13.092709
442.279748 -5.969520 12.870370
442.482478 -6.137980 12.667640
442.776737 -6.382496 12.373381
443.031753 -6.594403 12.118365
443.332603 -6.844396 11.817515
443.653012 -7.110641 11.497107
443.908040 -7.322559 11.242078
444.195759 -7.561640 10.954360
444.463894 -7.784448 10.686224
444.764693 -8.034399 10.385425
445.013169 -8.240871 10.136950
445.307466 -8.485419 9.842652
445.601687 -8.729904 9.548431
445.876350 -8.958136 9.273769
446.137894 -9.175467 9.012225
446.360233 -9.360221 8.789886
446.634857 -9.588422 8.515261
446.935644 -9.838363 8.214474
447.203728 -10.061129 7.946390
447.498000 -10.305655 7.652118
447.753016 -10.517562 7.397102
448.066909 -10.778394 7.083209
448.308870 -10.979452 6.841249
448.596601 -11.218544 6.553517
448.871226 -11.446745 6.278893
449.139323 -11.669521 6.010796
449.407407 -11.892288 5.742711
449.675504 -12.115064 5.474614
449.924018 -12.321568 5.226101
450.231332 -12.576933 4.918786
450.479833 -12.783426 4.670285
450.728321 -12.989909 4.421797
451.035636 -13.245273 4.114483
451.264490 -13.435441 3.885629
451.486854 -13.620216 3.663264
451.787641 -13.870156 3.362477
452.068806 -14.103792 3.081312
452.323835 -14.315709 2.826283
452.598498 -14.543942 2.551620
452.846986 -14.750425 2.303132
453.167394 -15.016670 1.982724
453.415883 -15.223152 1.734236
453.657843 -15.424211 1.492275
453.919400 -15.641552 1.230719
454.200565 -15.875188 0.949554
454.455606 -16.087116 0.694512
454.684473 -16.277294 0.465645
455.031069 -16.565300 0.119050
455.253408 -16.750054 -0.103289
455.475746 -16.934807 -0.325628
455.756899 -17.168433 -0.606781
456.018494 -17.385806 -0.868375
456.286591 -17.608583 -1.136472
456.528538 -17.809631 -1.378420
456.809716 -18.043277 -1.659598
457.058217 -18.249770 -1.908099
457.339383 -18.483406 -2.189264
457.561709 -18.668149 -2.411590
457.836308 -18.896329 -2.686190
458.032510 -19.059364 -2.882392
458.320216 -19.298435 -3.170098
458.568666 -19.504886 -3.418548
458.823695 -19.716804 -3.673577
459.059051 -19.912374 -3.908933
459.301075 -20.113485 -4.150957
459.569122 -20.336220 -4.419003
459.765298 -20.499234 -4.615180
460.020365 -20.711183 -4.870247
460.242717 -20.895948 -5.092598
460.445396 -21.064365 -5.295278
460.706965 -21.281717 -5.556847
460.922776 -21.461047 -5.772658
461.105872 -21.613191 -5.955754
461.308577 -21.781630 -6.158459
461.537495 -21.971850 -6.387376
461.727131 -22.129430 -6.577013
461.936363 -22.303292 -6.786245
462.282972 -22.591309 -7.132853
462.472596 -22.748877 -7.322477
462.799595 -23.020600 -7.649477
462.982742 -23.172786 -7.832623
463.309665 -23.444445 -8.159547
463.675844 -23.748724 -8.525726
463.865481 -23.906303 -8.715362
464.198983 -24.183428 -9.048864
464.480173 -24.417085 -9.330055
464.794079 -24.677927 -9.643961
465.075283 -24.911595 -9.925164
465.395716 -25.177861 -10.245598
465.650758 -25.389789 -10.500639
465.866518 -26.784198 -10.716400
466.056180 -32.029228 -10.906061
466.252357 -37.454430 -11.102238
466.513939 -44.688385 -11.363820
466.742793 -51.017261 -11.592674
466.925939 -56.082118 -11.775821
467.109073 -61.146624 -11.958955
467.311778 -66.752351 -12.161660
467.488346 -71.635279 -12.338228
467.691026 -77.240303 -12.540907
467.880675 -82.484982 -12.730556
468.076826 -87.909482 -12.926708
468.351527 -95.506241 -13.201409
468.528070 -100.388467 -13.377951
468.737328 -106.175420 -13.587209
469.005425 -105.363613 -13.855306
469.214695 -104.458794 -14.064577
469.456618 -103.412800 -14.306499
469.744349 -102.168743 -14.594230
469.992824 -101.094415 -14.842706
470.260934 -99.935195 -15.110816
470.496341 -98.917370 -15.346223
470.731748 -97.899545 -15.581630
470.999896 -96.740160 -15.849778
471.254912 -95.637553 -16.104794
471.490307 -94.619783 -16.340188
471.764970 -93.432229 -16.614851
472.000390 -92.414349 -16.850271
472.190102 -74.842802 -16.660559
472.366683 -58.487548 -16.483978
472.549817 -41.525323 -16.300844
472.752585 -22.744541 -16.098076
472.935770 -5.777612 -15.914891
473.145104 0.075643 -15.705557
473.328276 0.169928 -15.522384
473.517951 0.267560 -15.332710
473.760013 0.392158 -15.090648
473.962755 0.496516 -14.887905
474.263758 0.651453 -14.586903
474.597476 0.823229 -14.253185
474.800359 0.927659 -14.050302
474.996675 1.028710 -13.853986
475.264874 1.166761 -13.585787
475.487314 1.281259 -13.363346
475.703240 1.392403 -13.147421
475.977852 1.533755 -12.872809
476.226264 1.661622 -12.624397
476.507353 1.806308 -12.343308
476.781914 1.947634 -12.068746
477.049922 2.085587 -11.800738
477.272172 2.199987 -11.578488
477.566342 2.351406 -11.284318
477.867040 2.506185 -10.983620
478.128533 2.640785 -10.722127
478.396516 2.778725 -10.454145
478.657984 2.913311 -10.192677
478.926030 3.051284 -9.924631
479.174366 3.179111 -9.676295
479.468586 3.330556 -9.382074
479.677717 3.438203 -9.172943
479.919614 3.562716 -8.931046
480.161511 3.687228 -8.689149
480.370718 3.794914 -8.479942
480.632287 3.929553 -8.218373
480.841495 4.037239 -8.009166
481.076876 4.158398 -7.773784
481.325365 4.286304 -7.525296
481.626151 4.441129 -7.224509
481.894248 4.579127 -6.956412
482.181954 4.727220 -6.668706
482.469660 4.875312 -6.381001
482.711595 4.999844 -6.139066
482.986220 5.141203 -5.864441
483.247764 5.275828 -5.602897
483.502780 5.407094 -5.347881
483.803554 5.561912 -5.047107
484.117434 5.723477 -4.733226
484.372437 5.854736 -4.478223
484.640534 5.992735 -4.210126
484.928228 6.140821 -3.922433
485.215959 6.288926 -3.634702
485.490622 6.430304 -3.360039
485.778327 6.578396 -3.072333
486.020250 6.702922 -2.830411
486.353752 6.874587 -2.496909
486.641470 7.022685 -2.209190
486.883405 7.147218 -1.967255
487.158030 7.288576 -1.692631
487.432655 7.429935 -1.418006
487.687709 7.561220 -1.162952
487.975415 7.709312 -0.875246
488.223890 7.837211 -0.626770
488.524702 7.992049 -0.325958
488.747003 8.106475 -0.103657
489.034747 8.254587 0.184086
489.296240 8.389186 0.445580
489.518604 8.503645 0.667944
489.806323 8.651743 0.955662
490.080935 8.793096 1.230274
490.355585 8.934468 1.504925
490.610614 9.065740 1.759953
490.898332 9.213838 2.047672
491.146808 9.341737 2.296147
491.441092 9.493215 2.590432
491.709202 9.631220 2.858541
491.957652 9.759106 3.106991
492.212668 9.890372 3.362007
492.461169 10.018284 3.610508
492.748875 10.166376 3.898214
493.010419 10.301001 4.159758
493.239298 10.418813 4.388637
493.513923 10.560172 4.663262
493.775492 10.694811 4.924831
494.043589 10.832809 5.192928
494.318227 10.974175 5.467566
494.619026 11.129007 5.768365
494.815152 11.229959 5.964492
495.083262 11.367965 6.232601
495.357887 11.509323 6.507226
495.580226 11.623769 6.729565
495.828638 11.751635 6.977977
496.083628 11.882888 7.232967
496.325487 12.007381 7.474826
496.567435 12.131919 7.716774
496.828966 12.266538 7.978305
497.116595 12.414591 8.265935
497.345526 12.532429 8.494865
497.600440 12.663643 8.749779
497.809698 12.771355 8.959037
498.090850 12.916074 9.240190
498.358947 13.054072 9.508287
498.555112 13.155045 9.704451
498.790532 13.276223 9.939871
499.032492 13.400769 10.181831
499.241724 13.508468 10.391064
499.470629 13.626293 10.619969
499.725683 13.757578 10.875023
499.993793 13.895583 11.143132
500.196510 13.999929 11.345850
500.464595 14.137921 11.613934
500.700027 14.259106 11.849367
500.909285 14.366819 12.058625
501.112015 14.471171 12.261355
501.354014 14.595736 12.503353
501.582881 14.713541 12.732220
501.779070 14.814527 12.928410
502.021018 14.939065 13.170357
502.217169 15.040031 13.366509
502.432993 15.151123 13.582332
502.629208 15.252122 13.778548
502.831951 15.356480 13.981290
503.067345 15.477646 14.216685
503.296238 15.595465 14.445577
503.518538 15.709891 14.667878
503.734311 15.820956 14.883651
503.943582 15.928675 15.092921
504.165959 16.043140 15.315298
504.381745 16.154212 15.531084
504.623718 16.278764 15.773057
504.813316 16.376357 15.962655
505.022587 16.484076 16.171926
505.199180 16.574974 16.348519
505.447668 16.702880 16.597008
505.650424 16.807245 16.799763
505.892359 16.931777 17.041698
506.127791 17.052963 17.277131
506.337062 17.160681 17.486401
506.592065 17.291940 17.741405
506.794795 17.396292 17.944135
507.049837 17.527571 18.199176
507.285244 17.648743 18.434583
507.494515 20.791627 18.643854
507.742990 25.333295 18.892329
507.984925 29.755414 19.134265
508.351180 36.449876 19.500520
508.632358 41.589284 19.781698
508.933221 47.088497 20.082561
509.227544 52.468162 20.376883
509.449896 56.532333 20.599235
509.639570 59.999228 20.788909
509.842313 63.704987 20.991652
510.058111 67.649378 21.207451
510.306638 72.191974 21.455977
510.574747 72.820098 21.724087
510.770962 71.910536 21.920302
510.960662 58.117287 21.730602
511.137294 45.274246 21.553970
511.313849 32.436745 21.377415
511.510115 18.166083 21.181149
511.712909 3.420779 20.978355
511.896043 -0.082900 20.795221
512.131551 -0.226364 20.559712
512.314635 -0.337892 20.376629
512.523918 -0.465380 20.167346
512.837836 -0.656608 19.853427
513.210581 -0.883672 19.480682
513.583238 -1.110681 19.108026
513.838279 -1.266043 18.852985
514.106325 -1.429328 18.584939
514.335154 -1.568722 18.356110
514.590094 -1.724023 18.101170
514.812344 -1.859410 17.878920
515.060819 -2.010773 17.630445
515.315746 -2.166066 17.375518
515.570673 -2.321358 17.120591
515.819098 -2.472690 16.872166
516.106753 -2.647920 16.584511
516.361705 -2.803228 16.329558
516.610143 -2.954567 16.081121
516.838984 -3.093970 15.852280
517.152814 -3.285144 15.538450
517.394787 -3.432546 15.296477
517.662884 -3.595861 15.028380
517.872167 -3.723349 14.819097
518.127171 -3.878688 14.564093
518.342969 -4.010145 14.348295
518.663390 -4.205335 14.027874
518.905363 -4.352737 13.785901
519.219231 -4.543934 13.472033
519.631282 -4.794942 13.059981
519.892839 -4.954273 12.798425
520.206707 -5.145470 12.484557
520.514021 -5.332676 12.177243
520.834468 -5.527881 11.856796
521.154889 -5.723070 11.536375
521.436054 -5.894346 11.255210
521.789177 -6.109457 10.902086
522.135735 -6.320568 10.555529
522.423492 -6.495859 10.267772
522.750415 -6.695010 9.940849
523.044687 -6.874270 9.646577
523.325865 -7.045554 9.365399
523.587421 -7.204885 9.103843
523.875127 -7.380146 8.816137
524.162833 -7.555406 8.528431
524.430930 -7.718722 8.260334
524.705593 -7.886037 7.985671
524.986809 -8.057344 7.704455
525.241799 -8.212675 7.449464
525.503356 -8.372007 7.187908
525.758385 -8.527361 6.932879
526.033060 -8.694684 6.658204
526.301132 -8.857984 6.390132
526.543105 -9.005386 6.148159
526.843904 -9.188623 5.847359
527.092380 -9.339985 5.598884
527.406235 -9.531175 5.285029
527.661264 -9.686530 5.030000
527.929361 -9.849845 4.761903
528.230186 -10.033097 4.461078
528.478661 -10.184460 4.212603
528.772895 -10.363697 3.918369
529.047545 -10.531004 3.643719
529.322233 -10.698335 3.369031
529.583764 -10.857651 3.107499
529.884551 -11.040880 2.806713
530.146108 -11.200211 2.545156
530.433852 -11.375495 2.257412
530.695408 -11.534826 1.995856
530.956965 -11.694157 1.734299
531.225074 -11.857480 1.466190
531.493171 -12.020796 1.198093
531.754740 -12.180135 0.936523
532.022863 -12.343466 0.668401
532.343271 -12.538647 0.347993
532.617909 -12.705947 0.073355
532.872950 -12.861309 -0.181686
533.121438 -13.012680 -0.430174
533.402654 -13.183987 -0.711391
533.651117 -13.335342 -0.959853
533.932295 -13.506626 -1.241031
534.174268 -13.654028 -1.483004
534.475080 -13.837272 -1.783817
534.697407 -13.972706 -2.006143
534.985125 -14.147974 -2.293861
535.240141 -14.303321 -2.548877
535.449361 -14.430770 -2.758097
535.723986 -14.598062 -3.032722
536.011704 -14.773330 -3.320440
536.299397 -14.948583 -3.608134
536.547835 -15.099923 -3.856571
536.763659 -15.231395 -4.072395
537.051352 -15.406648 -4.360088
537.280206 -15.546058 -4.588942
537.561396 -15.717349 -4.870133
537.816374 -15.872673 -5.125110
538.064875 -16.024051 -5.373611
538.267567 -16.147524 -5.576303
538.568430 -16.330800 -5.877166
538.797297 -16.470217 -6.106033
539.052300 -16.625557 -6.361036
539.287733 -16.768974 -6.596469
539.549302 -16.928313 -6.858038
539.758560 -17.055786 -7.067296
539.993967 -17.199188 -7.302703
540.235915 -17.346574 -7.544651
540.458254 -17.482015 -7.766990
540.700214 -17.629409 -8.008950
540.909510 -17.756905 -8.218246
541.125258 -17.888331 -8.433994
541.314932 -18.003874 -8.623668
541.556918 -18.151284 -8.865654
541.766150 -18.278741 -9.074887
541.988464 -18.414167 -9.297200
542.165083 -18.521757 -9.473819
542.380856 -18.653198 -9.689592
542.590088 -18.780655 -9.898824
542.812415 -18.916089 -10.121151
542.988995 -19.023656 -10.297731
543.185160 -19.143152 -10.493896
543.387864 -19.266633 -10.696600
543.584067 -19.386153 -10.892803
543.956799 -19.613208 -11.265535
544.257636 -19.796468 -11.566373
544.453788 -19.915957 -11.762524
544.774222 -20.111154 -12.082958
545.094681 -20.306367 -12.403417
545.284304 -20.421879 -12.593041
545.591644 -20.609100 -12.900381
545.918581 -20.808258 -13.227317
546.219393 -20.991503 -13.528129
546.428663 -21.118983 -13.737400
546.762153 -21.322133 -14.070889
547.049871 -21.497402 -14.358607
547.311440 -27.103624 -14.620176
547.566507 -32.721025 -14.875243
547.782331 -37.474168 -15.091067
547.978508 -41.794623 -15.287244
548.168170 -45.971593 -15.476906
548.364347 -50.292047 -15.673083
548.540889 -54.180092 -15.849625
548.737117 -58.501665 -16.045853
548.939834 -62.966163 -16.248570
549.122943 -66.998810 -16.431679
549.325673 -71.463587 -16.634409
549.528403 -75.928364 -16.837139
549.874935 -83.560132 -17.183671
550.058069 -66.599891 -17.000538
550.260825 -47.822482 -16.797782
550.457078 -29.647267 -16.601529
550.653318 -11.473228 -16.405289
550.869206 0.045184 -16.189401
551.052390 0.135150 -16.006216
551.248656 0.231540 -15.809951
551.425288 0.318288 -15.633319
551.654256 0.430739 -15.404351
551.883199 0.543178 -15.175408
552.066384 0.633144 -14.992223
552.243168 0.719967 -14.815439
552.439484 0.816382 -14.619122
552.616167 0.903155 -14.442440
552.943255 1.063795 -14.115351
553.211390 1.195482 -13.847216
553.440295 1.307902 -13.618312
553.695438 1.433209 -13.363169
553.976540 1.571264 -13.082067
554.211896 1.686852 -12.846710
554.466811 1.812047 -12.591796
554.754440 1.953308 -12.304166
555.015908 2.081720 -12.042699
555.310091 2.226200 -11.748516
555.571546 2.354606 -11.487061
555.813405 2.473388 -11.245202
556.114102 2.621068 -10.944504
556.342918 2.733444 -10.715689
556.617442 2.868268 -10.441165
556.911612 3.012742 -10.146995
557.166539 3.137942 -9.892068
557.401870 3.253518 -9.656737
557.663325 3.381924 -9.395282
557.879060 3.487877 -9.179547
558.160199 3.625951 -8.898407
558.356326 3.722272 -8.702281
558.598261 3.841092 -8.460346
558.872885 3.975966 -8.185721
559.127939 4.101229 -7.930667
559.402539 4.236091 -7.656068
559.670636 4.367759 -7.387971
559.958367 4.509070 -7.100240
560.285303 4.669636 -6.773304
560.546847 4.798085 -6.511760
560.841106 4.942602 -6.217501
561.115743 5.077483 -5.942863
561.429586 5.231618 -5.629021
561.736926 5.382559 -5.321681
561.972346 5.498179 -5.086261
562.292729 5.655526 -4.765878
562.508514 5.761503 -4.550092
562.815880 5.912457 -4.242727
563.129697 6.066580 -3.928910
563.358589 6.178993 -3.700018
563.679010 6.336359 -3.379597
563.934026 6.461603 -3.124581
564.228298 6.606126 -2.830309
564.535638 6.757068 -2.522969
564.771032 6.872675 -2.287575
565.071819 7.020398 -1.986788
565.352997 7.158491 -1.705610
565.634175 7.296584 -1.424432
565.895731 7.425040 -1.162875
566.137679 7.543866 -0.920928
566.425398 7.685170 -0.633209
566.673873 7.807202 -0.384734
566.974673 7.954931 -0.083934
567.255812 8.093005 0.197206
567.452002 8.189358 0.393395
567.752776 8.337075 0.694169
568.020873 8.468743 0.962266
568.275889 8.593987 1.217282
568.511258 8.709582 1.452651
568.812070 8.857318 1.753464
569.099776 8.998616 2.041169
569.361358 9.127085 2.302751
569.603280 9.245898 2.544674
569.871365 9.377560 2.812758
570.119853 9.499598 3.061246
570.381435 9.628067 3.322828
570.629898 9.750093 3.571291
570.917642 9.891410 3.859035
571.133389 9.997368 4.074782
571.421146 10.138692 4.362539
571.676149 10.263930 4.617542
571.898475 10.373119 4.839868
572.179653 10.511211 5.121046
572.434682 10.636462 5.376075
572.696264 10.764930 5.637657
572.938186 10.883744 5.879579
573.258607 11.041109 6.200000
573.461325 11.140668 6.402718
573.722868 11.269118 6.664262
573.984399 11.397562 6.925793
574.265539 11.535636 7.206932
574.514002 11.657661 7.455395
574.755886 11.776456 7.697279
574.984740 11.888851 7.926133
575.265868 12.026919 8.207261
575.547058 12.165018 8.488451
575.802049 12.290249 8.743442
576.057039 12.415481 8.998433
576.253229 12.511834 9.194622
576.527854 12.646708 9.469247
576.769789 12.765528 9.711182
577.018277 12.887566 9.959670
577.227484 12.990312 10.168877
577.475985 13.112356 10.417378
577.704864 13.224764 10.646258
577.953365 13.346808 10.894759
578.156045 13.446348 11.097438
578.456870 13.594090 11.398263
578.666127 13.696861 11.607521
578.901573 13.812493 11.842966
579.156576 13.937731 12.097969
579.378864 14.046902 12.320257
579.607744 14.159309 12.549137
579.823504 14.265274 12.764897
580.085137 14.393767 13.026530
580.274773 14.486902 13.216166
580.523261 14.608940 13.464654
580.758668 14.724554 13.700062
580.974467 14.830537 13.915860
581.183687 14.933289 14.125080
581.464915 15.071407 14.406308
581.667645 15.170972 14.609039
581.890010 15.280180 14.831403
582.099230 15.382933 15.040623
582.301972 15.482504 15.243365
582.563478 15.610935 15.504871
582.792370 15.723349 15.733763
582.995075 15.822902 15.936468
583.230520 15.938534 16.171913
583.439778 16.041305 16.381171
583.675173 16.156913 16.616566
583.897499 16.266102 16.838892
584.080607 16.356031 17.022001
584.302934 16.465220 17.244327
584.551434 16.587264 17.492828
584.780314 16.699672 17.721707
584.983031 16.799231 17.924424
585.218451 16.914851 18.159844
585.480033 17.043319 18.421426
585.708912 17.155727 18.650306
585.950847 18.474520 18.892241
586.192833 22.743840 19.134226
586.395563 26.320577 19.336956
586.611362 30.127876 19.552755
586.807564 33.589444 19.748957
587.049537 37.858540 19.990930
587.396107 43.973028 20.337501
587.696907 49.279989 20.638300
587.932352 53.433916 20.873745
588.180879 57.818629 21.122272
588.390200 61.511655 21.331593
588.612513 65.433899 21.553907
588.802163 68.779850 21.743556
588.978705 71.894567 21.920098
589.174895 70.989650 22.116288
589.351438 58.153447 21.939745
589.554218 43.409498 21.736964
589.730812 30.569602 21.560371
589.907482 17.724166 21.383701
590.129884 1.553561 21.161299
590.319622 -0.099427 20.971561
590.594260 -0.261607 20.696923
590.829692 -0.400635 20.461491
591.006209 -0.504873 20.284973
591.346328 -0.705721 19.944855
591.562063 -0.833117 19.729120
591.967485 -1.072528 19.323698
592.196339 -1.207672 19.094844
592.431683 -1.346647 18.859500
592.719351 -1.516522 18.571832
592.895893 -1.620774 18.395290
593.131250 -1.759758 18.159933
593.366581 -1.898726 17.924602
593.647670 -2.064716 17.643513
593.915729 -2.223011 17.375454
594.170668 -2.373558 17.120514
594.432161 -2.527976 16.859021
594.667505 -2.666952 16.623678
594.909402 -2.809797 16.381781
595.223206 -2.995106 16.067977
595.471656 -3.141822 15.819526
595.726685 -3.292422 15.564498
595.935918 -3.415978 15.355265
596.190934 -3.566571 15.100249
596.445988 -3.717187 14.845195
596.727178 -3.883236 14.564004
597.001854 -4.045438 14.289329
597.315760 -4.230807 13.975423
597.655828 -4.431625 13.635355
597.943521 -4.601514 13.347662
598.283576 -4.802325 13.007607
598.630146 -5.006982 12.661036
598.911337 -5.173032 12.379846
599.284044 -5.393124 12.007139
599.552166 -5.551456 11.739016
599.885643 -5.748382 11.405540
600.206013 -5.937568 11.085170
600.565665 -6.149950 10.725518
600.899205 -6.346913 10.391978
601.226179 -6.539999 10.065004
601.546613 -6.729223 9.744570
601.840859 -6.902982 9.450324
602.108943 -7.061292 9.182240
602.390096 -7.227319 8.901087
602.651665 -7.381781 8.639518
602.932843 -7.547824 8.358340
603.266358 -7.744772 8.024825
603.521374 -7.895364 7.769809
603.815620 -8.069124 7.475563
604.116394 -8.246738 7.174789
604.364933 -8.393506 6.926250
604.613396 -8.540229 6.677787
604.914195 -8.717858 6.376988
605.169224 -8.868458 6.121959
605.496186 -9.061536 5.794997
605.764295 -9.219861 5.526888
606.025839 -9.374309 5.265344
606.300477 -9.536488 4.990706
606.575127 -9.698676 4.716056
606.790874 -9.826080 4.500309
607.124376 -10.023020 4.166806
607.398988 -10.185185 3.892194
607.660570 -10.339655 3.630612
607.909033 -10.486378 3.382150
608.190211 -10.652420 3.100972
608.484496 -10.826202 2.806687
608.778742 -10.999961 2.512441
609.066473 -11.169873 2.224710
609.380354 -11.355227 1.910829
609.648451 -11.513544 1.642732
609.910020 -11.668007 1.381163
610.204291 -11.841781 1.086891
610.452780 -11.988519 0.838403
610.733945 -12.154553 0.557238
610.995514 -12.309016 0.295669
611.283271 -12.478943 0.007912
611.492478 -12.602484 -0.201295
611.780209 -12.772396 -0.489026
612.028735 -12.919157 -0.737553
612.290305 -13.073619 -0.999122
612.564955 -13.235807 -1.273772
612.865754 -13.413436 -1.574571
613.075012 -13.537007 -1.783829
613.375812 -13.714636 -2.084629
613.656952 -13.880656 -2.365769
613.944683 -14.050568 -2.653500
614.212767 -14.208878 -2.921584
614.480839 -14.367180 -3.189656
614.709693 -14.502324 -3.418510
614.964683 -14.652901 -3.673500
615.239308 -14.815074 -3.948125
615.513907 -14.977231 -4.222725
615.782055 -15.135578 -4.490872
616.036970 -15.286111 -4.745787
616.318198 -15.452183 -5.027016
616.560095 -15.595029 -5.268912
616.867423 -15.776513 -5.576240
617.135520 -15.934830 -5.844337
617.344778 -16.058402 -6.053595
617.612887 -16.216727 -6.321704
617.848269 -16.355725 -6.557086
618.096757 -16.502463 -6.805574
618.351824 -16.653086 -7.060641
618.587231 -16.792099 -7.296048
618.855316 -16.950409 -7.564133
619.090748 -17.089438 -7.799565
619.358883 -17.247777 -8.067700
619.568103 -17.371327 -8.276920
619.810076 -17.514217 -8.518893
620.065118 -17.664825 -8.773935
620.293933 -17.799946 -9.002751
620.516298 -17.931257 -9.225115
620.745203 -18.066431 -9.454020
620.947958 -18.186163 -9.656775
621.150675 -18.305872 -9.859493
621.359921 -18.429436 -10.068738
621.562638 -18.549145 -10.271455
621.739206 -18.653413 -10.448023
621.968060 -18.788556 -10.676877
622.334201 -19.004771 -11.043018
622.680810 -19.209451 -11.389627
622.975094 -19.383233 -11.683911
623.315162 -19.584051 -12.023979
623.589799 -19.746231 -12.298616
623.785989 -19.862085 -12.494806
624.073707 -20.031989 -12.782525
624.354885 -20.198031 -13.063703
624.727605 -20.418131 -13.436422
625.002306 -20.580348 -13.711123
625.198470 -20.696188 -13.907287
625.525444 -20.889273 -14.234262
625.767405 -21.032157 -14.476222
626.028974 -22.502888 -14.737791
626.244798 -27.144280 -14.953615
626.447528 -31.504086 -15.156345
626.669892 -36.286135 -15.378709
626.918406 -41.630537 -15.627223
627.108055 -45.709030 -15.816872
627.323853 -50.349876 -16.032670
627.598516 -56.256631 -16.307333
627.833962 -61.319993 -16.542779
628.017045 -65.257283 -16.725862
628.206681 -69.335503 -16.915498
628.422518 -73.977168 -17.131335
628.651392 -78.899218 -17.360209
628.841125 -61.328930 -17.170476
629.050421 -41.946995 -16.961180
629.227014 -25.593488 -16.784587
629.423267 -7.419396 -16.588334
629.599899 0.046261 -16.411702
629.802718 0.143476 -16.208883
629.992456 0.234421 -16.019145
630.227939 0.347292 -15.783662
630.555041 0.504078 -15.456560
630.790638 0.617005 -15.220963
631.019746 0.726821 -14.991855
631.373086 0.896183 -14.638515
631.562811 0.987122 -14.448790
631.745856 1.074859 -14.265745
632.000948 1.197129 -14.010653
632.236419 1.309995 -13.775182
632.504630 1.438554 -13.506971
632.772702 1.567046 -13.238899
633.027604 1.689225 -12.983997
633.328340 1.833373 -12.683261
633.576739 1.952436 -12.434862
633.831679 2.074633 -12.179922
634.158513 2.231291 -11.853088
634.348073 2.322151 -11.663528
634.661852 2.472551 -11.349749
634.910239 2.591608 -11.101362
635.178247 2.720069 -10.833354
635.498579 2.873610 -10.513022
635.746991 2.992679 -10.264610
636.008421 3.117987 -10.003180
636.276416 3.246443 -9.735185
636.544450 3.374916 -9.467151
636.779831 3.487739 -9.231770
637.015213 3.600562 -8.996388
637.302906 3.738459 -8.708695
637.551356 3.857546 -8.460245
637.806385 3.979786 -8.205216
638.074495 4.108296 -7.937106
638.381835 4.255610 -7.629766
638.649932 4.384114 -7.361669
638.957272 4.531428 -7.054329
639.199232 4.647404 -6.812369
639.526156 4.804105 -6.485445
639.813861 4.942008 -6.197740
640.068877 5.064242 -5.942724
640.369664 5.208414 -5.641937
640.605071 5.321250 -5.406530
640.918952 5.471699 -5.092649
641.200117 5.606466 -4.811484
641.461686 5.731842 -4.549915
641.775529 5.882272 -4.236072
642.024042 6.001389 -3.987559
642.298680 6.133028 -3.712921
642.573292 6.264655 -3.438309
642.913334 6.427644 -3.098267
643.161823 6.546749 -2.849778
643.475703 6.697198 -2.535898
643.743787 6.825696 -2.267814
644.031506 6.963605 -1.980095
644.312684 7.098379 -1.698917
644.580768 7.226877 -1.430833
644.855431 7.358528 -1.156170
645.084285 7.468222 -0.927316
645.365463 7.602996 -0.646138
645.653182 7.740905 -0.358419
645.921279 7.869409 -0.090322
646.209023 8.007330 0.197421
646.450932 8.123282 0.439331
646.732110 8.258056 0.720509
646.993717 8.383450 0.982116
647.301007 8.530739 1.289406
647.529873 8.640439 1.518272
647.830673 8.784618 1.819072
648.039931 8.884920 2.028330
648.353799 9.035362 2.342198
648.615368 9.160737 2.603767
648.804991 9.251628 2.793390
649.112331 9.398942 3.100730
649.321551 9.499225 3.309950
649.641972 9.652809 3.630371
649.883882 9.768760 3.872281
650.119314 9.881608 4.107713
650.393927 10.013235 4.382326
650.622793 10.122935 4.611192
650.917052 10.263979 4.905451
651.152459 10.376814 5.140858
651.414029 10.502189 5.402428
651.682138 10.630699 5.670537
651.910967 10.740381 5.899366
652.166008 10.862627 6.154407
652.427501 10.987966 6.415900
652.695560 11.116452 6.683959
652.924389 11.226133 6.912788
653.212031 11.364006 7.200430
653.401629 11.454884 7.390028
653.689272 11.592756 7.677671
653.983518 11.733794 7.971917
654.186197 11.830942 8.174596
654.447678 11.956275 8.436077
654.715800 12.084791 8.704199
654.938101 12.191344 8.926500
655.232347 12.332382 9.220746
655.467754 12.445217 9.456153
655.722796 12.567463 9.711195
655.984314 12.692814 9.972713
656.213232 12.802539 10.201631
656.474763 12.927895 10.463162
656.723251 13.047000 10.711650
657.010957 13.184903 10.999356
657.194078 13.272677 11.182477
657.488299 13.413703 11.476698
657.723693 13.526532 11.712092
657.978773 13.648796 11.967172
658.168384 13.739680 12.156783
658.423400 13.861914 12.411799
658.684969 13.987289 12.673368
658.939960 14.109511 12.928359
659.175329 14.222328 13.163728
659.423766 14.341409 13.412165
659.685424 14.466827 13.673823
659.914304 14.576533 13.902703
660.149698 14.689362 14.138097
660.430864 14.824130 14.419263
660.868963 15.034119 14.857362
661.078221 15.134421 15.066620
661.294044 15.237869 15.282443
661.496762 15.335035 15.485161
661.712535 15.438459 15.700934
661.928359 15.541908 15.916758
662.163702 15.654713 16.152101
662.346811 15.742480 16.335210
662.595299 15.861585 16.583698
662.843825 15.980709 16.832224
663.079258 16.093556 17.067657
663.308125 16.203256 17.296524
663.537004 16.312962 17.525403
663.765884 16.422669 17.754282
663.988235 16.529246 17.976634
664.230183 16.645216 18.218582
664.439441 16.745517 18.427840
664.655226 16.848948 18.643625
664.890672 16.961801 18.879071
665.113011 18.763531 19.101410
665.315741 22.274761 19.304140
665.538092 26.125830 19.526491
665.740822 29.637061 19.729221
665.923931 32.808452 19.912330
666.159351 36.885861 20.147750
666.571339 44.021381 20.559738
666.891798 49.571646 20.880197
667.205691 55.008191 21.194090
667.414975 58.632921 21.403374
667.676556 63.163449 21.664955
667.912040 67.241957 21.900439
668.206337 70.616759 22.194736
668.461378 69.434505 22.449777
668.801446 67.858107 22.789845
669.108812 66.433303 23.097211
669.455369 64.826822 23.443768
669.730019 63.553670 23.718418
670.063521 62.007709 24.051920
670.423173 60.340532 24.411572
670.750147 58.824830 24.738546
671.057474 57.400203 25.045873
671.358274 56.005835 25.346673
671.724453 54.308398 25.712852
672.064495 52.732118 26.052894
672.417644 51.095083 26.406043
672.724946 49.670573 26.713345
673.071555 48.063857 27.059953
673.418150 46.457199 27.406549
673.640464 45.426656 27.628863
673.817095 32.593373 27.452231
673.993676 19.763781 27.275650
674.170270 6.933266 27.099057
674.353454 -0.043754 26.915872
674.543091 -0.138300 26.726236
674.758953 -0.245922 26.510374
674.987832 -0.360034 26.281494
675.229767 -0.480655 26.039559
675.465212 -0.598040 25.804114
675.667968 -0.699128 25.601358
675.896847 -0.813240 25.372479
676.295780 -1.012134 24.973547
676.485442 -1.106694 24.783885
676.746985 -1.237091 24.522341
676.969312 -1.347936 24.300015
677.237383 -1.481588 24.031943
677.453093 -1.589133 23.816234
677.727679 -1.726034 23.541647
678.002253 -1.862927 23.267073
678.257168 -1.990019 23.012159
678.551401 -2.136715 22.717925
678.793260 -2.257298 22.476066
679.087468 -2.403981 22.181858
679.296663 -2.508278 21.972664
679.525466 -2.622352 21.743861
679.800065 -2.759259 21.469261
680.028983 -2.873389 21.240344
680.316765 -3.016868 20.952562
680.565253 -3.140757 20.704073
680.839941 -3.277707 20.429385
681.108089 -3.411397 20.161237
681.454685 -3.584199 19.814642
681.781634 -3.747205 19.487693
682.082420 -3.897167 19.186906
682.415910 -4.063434 18.853417
682.821357 -4.265578 18.447969
683.167940 -4.438373 18.101386
683.494902 -4.601385 17.774425
683.834995 -4.770945 17.434331
684.214281 -4.960044 17.055046
684.521659 -5.113293 16.747668
684.848696 -5.276344 16.420630
685.227944 -5.465424 16.041383
685.541812 -5.621909 15.727515
685.809934 -5.755586 15.459392
686.130317 -5.915318 15.139010
686.489943 -6.094616 14.779384
686.875642 -6.286913 14.393685
687.228689 -6.462931 14.040637
687.581851 -6.639006 13.687476
687.908838 -6.802032 13.360489
688.261986 -6.978100 13.007340
688.647787 -7.170448 12.621539
688.935480 -7.313883 12.333846
689.301608 -7.496422 11.967718
689.563114 -7.626801 11.706212
689.890038 -7.789794 11.379289
690.177731 -7.933229 11.091596
690.491598 -8.089713 10.777728
690.785832 -8.236409 10.483494
691.034282 -8.360278 10.235044
691.341622 -8.513508 9.927704
691.583583 -8.634141 9.685744
691.851667 -8.767800 9.417660
692.139385 -8.911247 9.129941
692.433632 -9.057948 8.835695
692.701754 -9.191626 8.567572
692.996013 -9.338334 8.273313
693.257570 -9.468737 8.011757
693.519139 -9.599147 7.750188
693.767602 -9.723023 7.501725
694.101104 -9.889296 7.168223
694.369213 -10.022967 6.900113
694.624229 -10.150110 6.645097
694.938110 -10.306601 6.331217
695.212747 -10.443526 6.056579
695.487397 -10.580458 5.781929
695.762035 -10.717383 5.507292
696.036660 -10.854302 5.232667
696.298254 -10.984725 4.971072
696.559798 -11.115122 4.709528
696.854044 -11.261824 4.415282
697.096005 -11.382458 4.173322
697.370655 -11.519390 3.898671
697.645293 -11.656315 3.624034
697.952658 -11.809558 3.316669
698.214214 -11.939961 3.055112
698.488852 -12.076887 2.780474
698.737353 -12.200781 2.531974
699.005463 -12.334452 2.263864
699.280100 -12.471377 1.989226
699.522035 -12.591998 1.747291
699.803226 -12.732191 1.466101
700.058254 -12.859340 1.211072
700.359054 -13.009309 0.910273
700.601002 -13.129937 0.668325
700.882154 -13.270110 0.387172
701.137132 -13.397234 0.132194
701.431378 -13.543936 -0.162052
701.679854 -13.667818 -0.410527
701.941410 -13.798221 -0.672084
702.202967 -13.928625 -0.933640
702.464549 -14.059041 -1.195222
702.752229 -14.202469 -1.482903
702.994190 -14.323103 -1.724863
703.177273 -14.414382 -1.907946
703.504184 -14.577370 -2.234857
703.772331 -14.711060 -2.503005
704.059948 -14.854456 -2.790622
704.288853 -14.968581 -3.019527
704.563503 -15.105512 -3.294177
704.857762 -15.252220 -3.588436
705.073510 -15.359785 -3.804183
705.322011 -15.483680 -4.052684
705.609717 -15.627121 -4.340390
705.877826 -15.760792 -4.608500
706.158992 -15.900972 -4.889665
706.394386 -16.018332 -5.125060
706.675551 -16.158512 -5.406225
706.897878 -16.269356 -5.628551
707.211771 -16.425853 -5.942444
707.421003 -16.530170 -6.151677
707.715288 -16.676891 -6.445961
707.944154 -16.790996 -6.674828
708.218766 -16.927909 -6.949440
708.480386 -17.058344 -7.211060
708.722347 -17.178978 -7.453020
708.925077 -17.280053 -7.655750
709.186659 -17.410469 -7.917332
709.454756 -17.544134 -8.185429
709.683584 -17.658220 -8.414258
709.905961 -17.769090 -8.636635
710.160990 -17.896239 -8.891664
710.402963 -18.016879 -9.133637
710.788777 -18.209233 -9.519450
711.004575 -18.316824 -9.735249
711.220348 -18.424401 -9.951021
711.449189 -18.538494 -10.179863
711.802300 -18.714544 -10.532974
711.985421 -18.805842 -10.716095
712.175070 -18.900395 -10.905744
712.508572 -19.066668 -11.239246
712.855219 -19.239495 -11.585892
713.221373 -19.422048 -11.952046
713.522210 -19.572036 -12.252884
713.698778 -19.660067 -12.429452
713.881849 -19.751340 -12.612522
714.195717 -19.907824 -12.926390
714.378838 -19.999123 -13.109511
714.575015 -20.096930 -13.305688
714.954288 -20.286023 -13.684961
715.143899 -20.380557 -13.874572
715.536278 -20.576185 -14.266951
715.863252 -20.739204 -14.593926
716.039795 -22.948505 -14.770468
716.307930 -27.999539 -15.038603
716.556418 -32.680471 -15.287092
716.850715 -38.224335 -15.581389
717.073079 -42.413154 -15.803753
717.373866 -48.079269 -16.104540
717.661661 -53.500643 -16.392335
717.903621 -58.058607 -16.634295
718.080240 -61.385691 -16.810914
718.315698 -65.821165 -17.046372
718.544608 -70.133287 -17.275282
718.793100 -74.814291 -17.523774
719.015452 -79.002872 -17.746125
719.263953 -83.684043 -17.994626
719.518995 -86.187404 -18.249669
719.728237 -85.282712 -18.458910
719.989812 -84.151743 -18.720486
720.205620 -83.218662 -18.936293
720.460660 -82.115951 -19.191333
720.748383 -80.603663 -19.479057
720.990345 -77.904714 -19.721018
721.193072 -75.643400 -19.923746
721.467707 -72.579999 -20.198381
721.722745 -69.735195 -20.453419
721.932019 -67.400854 -20.662693
722.187053 -64.556093 -20.917727
722.396302 -62.222036 -21.126976
722.585944 -60.106689 -21.316617
722.788702 -41.341344 -21.113859
722.984952 -23.178269 -20.917609
723.168129 -6.225141 -20.734431
723.390553 0.035428 -20.512007
723.567214 0.075765 -20.335347
723.743898 0.116107 -20.158663
723.946700 0.162413 -19.955861
724.182204 0.216186 -19.720357
724.404659 0.266979 -19.497902
724.646733 0.322252 -19.255828
724.908424 0.382004 -18.994137
725.268289 0.464172 -18.634272
725.510313 0.519433 -18.392248
725.732658 0.570201 -18.169903
725.935395 0.616492 -17.967166
726.210107 0.679217 -17.692454
726.458686 0.735975 -17.443875
726.687661 0.788257 -17.214900
726.955741 0.849468 -16.946820
727.249960 0.916647 -16.652601
727.491857 0.971879 -16.410704
727.779499 1.037557 -16.123061
728.093278 1.109202 -15.809283
728.341676 1.165918 -15.560885
728.583542 1.221144 -15.319019
728.897327 1.292790 -15.005234
729.106509 1.340553 -14.796052
729.381013 1.403230 -14.521548
729.649027 1.464426 -14.253534
729.917042 1.525622 -13.985519
730.198105 1.589797 -13.704456
730.472660 1.652486 -13.429901
730.675276 1.698749 -13.227285
730.930265 1.756971 -12.972296
731.165626 1.810711 -12.736935
731.453380 1.876414 -12.449181
731.721430 1.937618 -12.181131
731.982995 1.997341 -11.919566
732.264131 2.061533 -11.638430
732.506099 2.116781 -11.396462
732.787268 2.180981 -11.115293
733.055335 2.242188 -10.847226
733.303789 2.298918 -10.598772
733.552264 2.355652 -10.350297
733.846498 2.422835 -10.056063
734.094999 2.479575 -9.807562
734.336896 2.534807 -9.565665
734.618048 2.599003 -9.284513
734.925350 2.669169 -8.977211
735.147689 2.719936 -8.754872
735.448450 2.788609 -8.454111
735.677330 2.840869 -8.225231
736.017360 2.918508 -7.885201
736.318146 2.987187 -7.584415
736.586243 3.048401 -7.316318
736.854328 3.109613 -7.048233
737.102829 3.166353 -6.799732
737.384019 3.230557 -6.518542
737.658644 3.293263 -6.243917
737.965984 3.363437 -5.936577
738.168676 3.409718 -5.733885
738.462948 3.476909 -5.439613
738.717951 3.535134 -5.184610
738.999142 3.599338 -4.903419
739.260698 3.659060 -4.641863
739.515714 3.717288 -4.386847
739.796905 3.781492 -4.105656
740.078058 3.845687 -3.824503
740.346116 3.906893 -3.556445
740.614252 3.968117 -3.288309
740.882310 4.029323 -3.020250
741.150382 4.090531 -2.752179
741.411900 4.150244 -2.490661
741.647257 4.203983 -2.255304
741.921869 4.266685 -1.980692
742.203034 4.330884 -1.699527
742.510349 4.401053 -1.392212
742.745756 4.454803 -1.156805
743.020343 4.517500 -0.882218
743.288414 4.578708 -0.614147
743.549958 4.638427 -0.352603
743.804974 4.696655 -0.097587
744.060003 4.754885 0.157442
744.315006 4.813110 0.412445
744.615768 4.881783 0.713207
744.870822 4.940020 0.968261
745.158527 5.005712 1.255966
745.393947 5.059465 1.491386
745.648951 5.117690 1.746390
745.903967 5.175918 2.001406
746.185132 5.240116 2.282571
746.440161 5.298347 2.537600
746.701679 5.358059 2.799118
746.982870 5.422264 3.080309
747.211762 5.474527 3.309201
747.492889 5.538717 3.590328
747.754420 5.598432 3.851859
748.002921 5.655172 4.100360
748.290690 5.720879 4.388129
748.571868 5.785080 4.669307
748.768045 5.829873 4.865484
749.029602 5.889594 5.127041
749.304239 5.952302 5.401678
749.578889 6.015013 5.676329
749.840421 6.074729 5.937860
750.154288 6.146394 6.251727
750.435466 6.210595 6.532905
750.644724 6.258375 6.742163
750.912809 6.319587 7.010248
751.154769 6.374834 7.252208
751.435922 6.439029 7.533361
751.743262 6.509204 7.840701
751.939451 6.554000 8.036890
752.174896 6.607760 8.272336
752.449521 6.670465 8.546960
752.750321 6.739146 8.847760
752.979213 6.791409 9.076652
753.260416 6.855617 9.357855
753.535066 6.918327 9.632506
753.770461 6.972075 9.867900
754.005919 7.025837 10.103358
754.247892 7.081087 10.345331
754.574866 7.155745 10.672305
754.810299 7.209501 10.907738
755.098068 7.275208 11.195507
755.346569 7.331948 11.444008
755.608151 7.391675 11.705590
755.863180 7.449906 11.960619
756.065910 7.496195 12.163349
756.333981 7.557404 12.431420
756.628266 7.624598 12.725705
756.922537 7.691789 13.019977
757.177553 7.750017 13.274992
757.419514 7.805264 13.516953
757.713760 7.872449 13.811199
757.968802 7.930683 14.066241
758.197681 7.982943 14.295120
758.433063 8.036687 14.530502
758.746956 8.108359 14.844395
758.988904 8.163603 15.086343
759.230851 8.218846 15.328290
759.479314 8.275578 15.576753
759.753977 8.338292 15.851416
760.041683 8.403984 16.139122
760.296712 8.462214 16.394151
760.551753 8.520448 16.649192
760.793713 8.575695 16.891152
761.002933 8.623466 17.100372
761.290715 8.689175 17.388154
761.552297 8.748902 17.649736
761.820381 8.810114 17.917820
762.068870 8.866851 18.166309
762.369682 8.935536 18.467121
762.618157 8.992270 18.715596
762.945119 9.066925 19.042558
763.200173 9.125162 19.297612
763.461742 9.184886 19.559181
763.729864 9.246107 19.827303
763.997987 9.307327 20.095426
764.279152 9.371525 20.376591
764.553828 9.434242 20.651267
764.848087 9.501430 20.945526
765.122737 9.564141 21.220176
765.430090 9.634319 21.527529
765.711318 9.698532 21.808757
765.985931 9.761234 22.083370
766.273687 9.826938 22.371126
766.587555 9.898603 22.684994
766.875299 9.964304 22.972738
767.169596 10.031501 23.267035
767.463830 10.098683 23.561269
767.731927 10.159898 23.829366
768.026198 10.227089 24.123637
768.340053 10.298751 24.437492
768.673517 11.628146 24.770956
768.980895 14.525275 25.078334
769.235899 16.928757 25.333338
769.504059 19.456249 25.601498
769.857157 22.784303 25.954596
770.118752 25.249909 26.216191
770.452267 28.393384 26.549706
770.753104 31.228868 26.850543
771.047325 34.001987 27.144764
771.393921 37.268754 27.491360
771.668571 39.857413 27.766010
772.021682 43.113842 28.119121
772.309400 41.780112 28.406839
772.512080 40.840584 28.609519
772.701881 27.052013 28.419717
772.930837 10.419001 28.190762
773.133592 -0.015937 27.988006
773.316777 -0.065139 27.804821
773.552286 -0.128395 27.569312
773.787756 -0.191640 27.333842
774.003542 -0.249598 27.118056
774.219506 -0.307604 26.902092
774.546708 -0.395488 26.574890
774.867383 -0.481619 26.254215
775.181454 -0.565976 25.940144
775.456219 -0.639775 25.665379
775.848801 -0.745219 25.272797
776.136571 -0.822512 24.985028
776.430842 -0.901551 24.690756
776.770936 -0.992897 24.350662
777.117519 -1.085986 24.004079
777.496791 -1.187856 23.624807
777.856405 -1.284445 23.265193
778.183328 -1.372253 22.938270
778.510264 -1.460066 22.611334
778.909082 -1.567185 22.212516
779.262168 -1.662021 21.859430
779.660935 -1.769126 21.460663
780.046659 -1.872728 21.074939
780.432396 -1.976334 20.689202
780.693889 -2.046569 20.427709
781.007541 -2.130813 20.114057
781.334325 -2.218584 19.787273
781.667725 -2.308133 19.453873
782.014296 -2.401219 19.107302
782.301963 -2.478484 18.819635
782.556865 -2.546948 18.564733
782.824772 -2.618906 18.296827
783.112414 -2.696164 18.009184
783.413175 -2.776946 17.708423
783.700868 -2.854218 17.420730
784.014711 -2.938513 17.106887
784.335081 -3.024562 16.786517
784.616246 -3.100081 16.505352
784.923574 -3.182626 16.198024
785.158981 -3.245854 15.962617
785.525122 -3.344197 15.596476
785.793181 -3.416195 15.328417
786.061265 -3.488200 15.060333
786.296660 -3.551425 14.824939
786.584327 -3.628690 14.537271
786.819709 -3.691912 14.301889
787.113943 -3.770941 14.007656
787.395095 -3.846456 13.726503
787.689303 -3.925478 13.432295
787.931188 -3.990446 13.190411
788.238388 -4.072957 12.883210
788.480310 -4.137935 12.641288
788.715578 -4.201126 12.406020
788.964002 -4.267851 12.157596
789.205849 -4.332809 11.915750
789.473869 -4.404797 11.647729
789.709200 -4.468005 11.412398
789.990315 -4.543510 11.131283
790.304106 -4.627792 10.817492
790.532897 -4.689243 10.588701
790.807496 -4.762998 10.314102
791.095189 -4.840270 10.026409
791.363248 -4.912268 9.758350
791.650954 -4.989543 9.470644
791.932081 -5.065052 9.189517
792.200216 -5.137071 8.921382
792.435624 -5.200299 8.685975
792.729845 -5.279324 8.391754
793.017563 -5.356603 8.104035
793.279158 -5.426865 7.842441
793.560298 -5.502377 7.561301
793.848016 -5.579656 7.273582
794.103045 -5.648154 7.018553
794.351508 -5.714889 6.770091
794.626170 -5.788661 6.495428
794.940038 -5.872963 6.181560
795.214727 -5.946742 5.906872
795.443581 -6.008211 5.678018
795.750908 -6.090756 5.370690
795.992830 -6.155734 5.128768
796.287089 -6.234770 4.834509
796.548671 -6.305028 4.572927
796.823309 -6.378794 4.298290
797.071784 -6.445532 4.049814
797.372545 -6.526314 3.749053
797.653723 -6.601836 3.467875
797.882565 -6.663301 3.239033
798.137606 -6.731803 2.983992
798.418797 -6.807328 2.702801
798.726124 -6.889874 2.395474
798.961569 -6.953112 2.160029
799.229666 -7.025121 1.891932
799.497751 -7.097126 1.623847
799.798576 -7.177925 1.323022
800.079804 -7.253461 1.041794
800.315275 -7.316706 0.806323
800.550682 -7.379935 0.570916
800.851533 -7.460741 0.270066
801.126196 -7.534513 -0.004597
801.440076 -7.618818 -0.318478
801.708173 -7.690827 -0.586575
801.989376 -7.766356 -0.867778
802.283674 -7.845401 -1.162075
802.538702 -7.913900 -1.417104
802.865664 -8.001719 -1.744066
803.133799 -8.073738 -2.012201
803.414951 -8.149253 -2.293353
803.669980 -8.217752 -2.548382
803.925009 -8.286250 -2.803411
804.193119 -8.358262 -3.071520
804.487390 -8.437301 -3.365792
804.729325 -8.502283 -3.607727
805.036678 -8.584835 -3.915080
805.298247 -8.655090 -4.176649
805.520573 -8.714805 -4.398975
805.795249 -8.788581 -4.673651
806.089457 -8.867603 -4.967859
806.324915 -8.930845 -5.203317
806.566812 -8.995816 -5.445214
806.848015 -9.071345 -5.726417
807.135734 -9.148624 -6.014136
807.364626 -9.210102 -6.243028
807.600008 -9.273324 -6.478410
807.881211 -9.348852 -6.759613
808.162402 -9.424378 -7.040804
808.417431 -9.492876 -7.295833
808.672434 -9.561368 -7.550836
808.933990 -9.631620 -7.812392
809.202126 -9.703639 -8.080527
809.450601 -9.770377 -8.329003
809.725277 -9.844153 -8.603678
809.908398 -9.893338 -8.786800
810.189589 -9.968863 -9.067991
810.444643 -10.037368 -9.323045
810.712727 -10.109374 -9.591129
811.020080 -10.191926 -9.898482
811.275121 -10.260428 -10.153523
811.484392 -10.316636 -10.362794
811.739433 -10.385138 -10.617835
812.001040 -10.455404 -10.879442
812.262622 -10.525662 -11.141024
812.491540 -10.587148 -11.369942
812.746607 -10.655656 -11.625008
813.034363 -10.732945 -11.912765
813.243621 -10.789150 -12.122023
813.544433 -10.869946 -12.422835
813.747176 -10.924401 -12.625578
814.041397 -11.003426 -12.919799
814.263749 -11.063148 -13.142150
814.486100 -11.122870 -13.364502
814.734601 -11.189615 -13.613003
814.956978 -11.249343 -13.835380
815.153168 -11.302038 -14.031570
815.388600 -11.365273 -14.267002
815.610965 -11.424999 -14.489366
815.826776 -11.482964 -14.705178
816.036046 -11.539172 -14.914448
816.271479 -11.602407 -15.149881
816.487290 -11.660372 -15.365692
816.722697 -11.723600 -15.601099
816.918912 -11.776302 -15.797314
817.193550 -11.850067 -16.071952
817.370131 -11.897496 -16.248532
817.625147 -11.965991 -16.503548
817.880213 -12.034499 -16.758615
818.102561 -12.094220 -16.980963
818.324889 -12.153935 -17.203290
818.547197 -12.213646 -17.425599
818.776073 -12.275120 -17.654474
819.011494 -12.338352 -17.889896
819.253452 -12.403340 -18.131853
819.514999 -12.473589 -18.393401
819.743870 -14.099217 -18.622272
819.992353 -16.881826 -18.870755
820.247382 -19.737735 -19.125783
820.489337 -22.447243 -19.367739
820.744367 -25.303166 -19.622769
821.012519 -28.306031 -19.890920
821.247904 -30.941969 -20.126306
821.476787 -33.505090 -20.355189
821.712210 -36.141441 -20.590612
821.954177 -38.851077 -20.832578
822.189645 -41.487940 -21.068047
822.398885 -43.831091 -21.277287
822.647397 -46.614027 -21.525799
822.882858 -49.250804 -21.761260
823.065941 -51.301040 -21.944343
823.242631 -34.950037 -21.767653
823.419293 -18.601621 -21.590991
823.628592 -3.396641 -21.381692
823.837827 0.045831 -21.172457
824.079767 0.096807 -20.930517
824.256335 0.134010 -20.753949
824.465595 0.178100 -20.544688
824.772931 0.242855 -20.237352
824.988561 0.288287 -20.021723
825.296004 0.353064 -19.714280
825.524996 0.401312 -19.485287
825.767031 0.452308 -19.243252
825.969782 0.495027 -19.040502
826.231436 0.550156 -18.778847
826.421144 0.590127 -18.589140
826.708997 0.650777 -18.301287
826.983736 0.708663 -18.026548
827.219214 0.758278 -17.791069
827.422009 0.801006 -17.588274
827.716338 0.863020 -17.293946
827.971374 0.916755 -17.038909
828.239485 0.973245 -16.770798
828.520672 1.032490 -16.489611
828.775679 1.086219 -16.234604
829.089567 1.152354 -15.920716
829.344567 1.206082 -15.665717
829.651907 1.270837 -15.358377
829.906923 1.324568 -15.103361
830.155398 1.376921 -14.854885
830.449645 1.438918 -14.560639
830.717729 1.495402 -14.292555
830.966243 1.547763 -14.044041
831.234314 1.604245 -13.775969
831.495858 1.659351 -13.514426
831.757427 1.714463 -13.252856
832.012430 1.768191 -12.997853
832.280515 1.824675 -12.729769
832.561655 1.883910 -12.448629
832.842782 1.943143 -12.167502
833.065083 1.989981 -11.945201
833.339695 2.047841 -11.670589
833.594673 2.101564 -11.415611
833.843148 2.153917 -11.167135
834.085083 2.204891 -10.925200
834.385870 2.268266 -10.624414
834.660507 2.326131 -10.349776
834.895915 2.375731 -10.114369
835.190174 2.437730 -9.820110
835.451756 2.492844 -9.558528
835.713261 2.547943 -9.297022
835.974830 2.603054 -9.035453
836.282120 2.667799 -8.728164
836.569775 2.728407 -8.440509
836.870587 2.791787 -8.139697
837.164820 2.853781 -7.845463
837.400177 2.903370 -7.610107
837.648602 2.955712 -7.361682
837.968934 3.023205 -7.041350
838.276210 3.087947 -6.734073
838.511503 3.137522 -6.498780
838.746834 3.187105 -6.263450
839.080196 3.257344 -5.930087
839.367851 3.317952 -5.642432
839.655481 3.378554 -5.354803
839.864650 3.422625 -5.145634
840.171838 3.487349 -4.838446
840.439871 3.543822 -4.570412
840.688232 3.596151 -4.322051
840.936670 3.648496 -4.073614
841.198125 3.703583 -3.812159
841.492269 3.765559 -3.518014
841.740694 3.817901 -3.269590
842.041443 3.881268 -2.968841
842.257203 3.926727 -2.753081
842.518696 3.981823 -2.491588
842.819457 4.045192 -2.190826
843.048349 4.093419 -1.961934
843.349124 4.156791 -1.661160
843.623748 4.214654 -1.386535
843.898386 4.272519 -1.111898
844.153389 4.326247 -0.856894
844.414996 4.381367 -0.595287
844.663485 4.433722 -0.346799
844.964322 4.497108 -0.045961
845.232457 4.553603 0.222174
845.526742 4.615608 0.516458
845.729485 4.658325 0.719201
845.991028 4.713431 0.980745
846.252598 4.768543 1.242314
846.488005 4.818142 1.477721
846.834588 4.891166 1.824304
847.083089 4.943524 2.072805
847.318547 4.993134 2.308263
847.567009 5.045485 2.556726
847.848200 5.104730 2.837917
848.103229 5.158464 3.092945
848.397501 5.220466 3.387217
848.672125 5.278328 3.661842
848.907520 5.327925 3.897236
849.182157 5.385790 4.171874
849.450267 5.442280 4.439984
849.705258 5.496006 4.694974
849.973355 5.552493 4.963071
850.261048 5.613109 5.250764
850.509561 5.665470 5.499278
850.803770 5.727458 5.793486
851.071905 5.783953 6.061621
851.294205 5.830791 6.283922
851.575422 5.890043 6.565138
851.863140 5.950664 6.852856
852.124747 6.005783 7.114464
852.392832 6.062268 7.382548
852.693657 6.125651 7.683373
852.942157 6.178009 7.931874
853.229876 6.238630 8.219592
853.537216 6.303386 8.526932
853.792232 6.357116 8.781948
854.053814 6.412231 9.043530
854.295762 6.463208 9.285478
854.563884 6.519701 9.553600
854.812385 6.572059 9.802101
855.093614 6.631313 10.083330
855.387860 6.693310 10.377576
855.662548 6.751185 10.652265
855.917602 6.804924 10.907319
856.172682 6.858669 11.162398
856.460489 6.919309 11.450206
856.826757 6.996480 11.816474
857.055675 7.044712 12.045391
857.363015 7.109468 12.352731
857.546098 7.148042 12.535814
857.807718 7.203165 12.797434
858.056219 7.255523 13.045935
858.357031 7.318903 13.346747
858.690508 7.389165 13.680224
858.978201 7.449781 13.967917
859.233242 7.503518 14.222959
859.468649 7.553117 14.458366
859.775977 7.617870 14.765693
860.011397 7.667472 15.001113
860.286021 7.725334 15.275738
860.586859 7.788720 15.576575
860.854969 7.845210 15.844685
861.083861 7.893436 16.073577
861.365026 7.952677 16.354743
861.659310 8.014682 16.649027
861.901258 8.065659 16.890975
862.169355 8.122146 17.159072
862.483223 8.188277 17.472939
862.757848 8.246139 17.747564
862.986714 8.294361 17.976431
863.248271 8.349470 18.237987
863.555611 8.414225 18.545327
863.784478 8.462447 18.774194
864.072209 8.523071 19.061925
864.340319 8.579560 19.330035
864.562645 8.626404 19.552361
864.850351 8.687022 19.840067
865.098851 8.739380 20.088568
865.419260 8.806889 20.408976
865.667723 8.859239 20.657439
865.975050 8.923992 20.964766
866.230040 8.977718 21.219757
866.511257 9.036969 21.500973
866.825137 9.103103 21.814854
867.112843 9.163721 22.102559
867.380965 9.220214 22.370682
867.681765 9.283591 22.671481
867.943347 9.338705 22.933063
868.217984 9.396570 23.207701
868.499124 9.455806 23.488840
868.819532 9.523314 23.809249
869.074536 9.577043 24.064252
869.388378 9.643168 24.378094
869.669556 9.702411 24.659273
869.957211 9.763019 24.946928
870.218755 10.949949 25.208471
870.584909 14.166738 25.574625
870.853006 16.522064 25.842722
871.173388 19.336740 26.163105
871.493797 22.151640 26.483513
871.827248 25.081126 26.816964
872.167303 28.068630 27.157020
872.513835 31.113037 27.503552
872.840797 33.985509 27.830513
873.174324 36.915664 28.164041
873.462081 39.443707 28.451797
873.860988 39.711319 28.850704
874.063680 38.771732 29.053396
874.240337 25.938723 28.876739
874.423585 12.626897 28.693491
874.619826 -0.005476 28.497251
874.829223 -0.056619 28.287853
875.045110 -0.109346 28.071966
875.437756 -0.205245 27.679320
875.686435 -0.265981 27.430641
875.922058 -0.323529 27.195018
876.144588 -0.377879 26.972489
876.347445 -0.427424 26.769631
876.582953 -0.484944 26.534123
876.805369 -0.539266 26.311708
877.106244 -0.612751 26.010832
877.413559 -0.687808 25.703517
877.707805 -0.759674 25.409271
878.041206 -0.841103 25.075871
878.368104 -0.920943 24.748973
878.740785 -1.011966 24.376291
879.067645 -1.091797 24.049431
879.381487 -1.168449 23.735589
879.688827 -1.243512 23.428249
880.068062 -1.336135 23.049014
880.427688 -1.423969 22.689388
880.787276 -1.511794 22.329800
881.159957 -1.602816 21.957119
881.486665 -1.682610 21.630411
881.793890 -1.757646 21.323186
882.199173 -1.856631 20.917903
882.538974 -1.939623 20.578102
882.852842 -2.016281 20.264234
883.218996 -2.105709 19.898081
883.467484 -2.166399 19.649592
883.807539 -2.249453 19.309537
884.095270 -2.319727 19.021806
884.382976 -2.389996 18.734100
884.696856 -2.466657 18.420220
884.958388 -2.530532 18.158689
885.265740 -2.605599 17.851336
885.507675 -2.664689 17.609401
885.743070 -2.722181 17.374006
886.070031 -2.802037 17.047045
886.351222 -2.870714 16.765854
886.606251 -2.933001 16.510825
886.880875 -3.000075 16.236201
887.162066 -3.068752 15.955010
887.443244 -3.137426 15.673832
887.685192 -3.196518 15.431884
887.966344 -3.265186 15.150732
888.260654 -3.337067 14.856422
888.502589 -3.396157 14.614487
888.796823 -3.468019 14.320253
889.045311 -3.528709 14.071765
889.326514 -3.597389 13.790562
889.555356 -3.653281 13.561720
889.836534 -3.721955 13.280542
890.071954 -3.779453 13.045122
890.372791 -3.852929 12.744285
890.660497 -3.923197 12.456579
890.889326 -3.979085 12.227751
891.163989 -4.046168 11.953088
891.412451 -4.106852 11.704625
891.680548 -4.172331 11.436528
891.961739 -4.241008 11.155337
892.203674 -4.300097 10.913402
892.465231 -4.363979 10.651846
892.726787 -4.427861 10.390289
893.001399 -4.494931 10.115677
893.269433 -4.560395 9.847644
893.530900 -4.624255 9.586176
893.818619 -4.694526 9.298457
894.047397 -4.750402 9.069680
894.335077 -4.820664 8.781999
894.557327 -4.874946 8.559749
894.818845 -4.938818 8.298231
895.080364 -5.002691 8.036712
895.335316 -5.064959 7.781760
895.583792 -5.125646 7.533284
895.786471 -5.175148 7.330605
896.119922 -5.256589 6.997154
896.348802 -5.312490 6.768275
896.571128 -5.366790 6.545948
896.878417 -5.441841 6.238659
897.179204 -5.515305 5.937872
897.466910 -5.585573 5.650167
897.708845 -5.644662 5.408232
898.003104 -5.716531 5.113973
898.271188 -5.782007 4.845888
898.539310 -5.847492 4.577766
898.813922 -5.914563 4.303154
899.062423 -5.975256 4.054653
899.356682 -6.047125 3.760394
899.703253 -6.131770 3.413823
899.958294 -6.194060 3.158782
900.252553 -6.265929 2.864523
900.481407 -6.321824 2.635669
900.801853 -6.400089 2.315223
901.037248 -6.457581 2.079828
901.318451 -6.526261 1.798625
901.593114 -6.593344 1.523962
901.880858 -6.663621 1.236218
902.162062 -6.732301 0.955015
902.456321 -6.804170 0.660756
902.730958 -6.871247 0.386118
903.018689 -6.941521 0.098387
903.332570 -7.018182 -0.215494
903.594101 -7.082058 -0.477025
903.868738 -7.149135 -0.751662
904.136835 -7.214614 -1.019759
904.391851 -7.276898 -1.274775
904.673029 -7.345572 -1.555953
904.954220 -7.414249 -1.837144
905.202696 -7.474936 -2.085619
905.477333 -7.542012 -2.360257
905.771579 -7.613878 -2.654503
906.033174 -7.677769 -2.916098
906.288177 -7.740050 -3.171101
906.503925 -7.792744 -3.386849
906.817805 -7.869405 -3.700729
907.072783 -7.931680 -3.955707
907.367030 -8.003546 -4.249953
907.635127 -8.069025 -4.518050
907.935875 -8.142479 -4.818799
908.164767 -8.198383 -5.047691
908.491678 -8.278226 -5.374602
908.799018 -8.353290 -5.681942
909.060575 -8.417172 -5.943498
909.354795 -8.489031 -6.237719
909.590241 -8.546535 -6.473165
909.851759 -8.610408 -6.734683
910.152533 -8.683868 -7.035457
910.381413 -8.739769 -7.264336
910.669131 -8.810040 -7.552055
910.904538 -8.867535 -7.787462
911.198721 -8.939385 -8.081645
911.453788 -9.001682 -8.336712
911.741506 -9.071954 -8.624430
912.003101 -9.135845 -8.886025
912.231930 -9.191733 -9.114854
912.532716 -9.265196 -9.415640
912.715812 -9.309915 -9.598736
913.016599 -9.383378 -9.899523
913.297803 -9.452058 -10.180726
913.572415 -9.519129 -10.455338
913.860133 -9.589400 -10.743057
914.134796 -9.656483 -11.017720
914.383272 -9.717170 -11.266195
914.612151 -9.773070 -11.495075
914.893304 -9.841738 -11.776227
915.128749 -9.899243 -12.011673
915.390305 -9.963124 -12.273229
915.664943 -10.030201 -12.547867
915.900350 -10.087696 -12.783274
916.142272 -10.146782 -13.025196
916.377705 -10.204283 -13.260629
916.645827 -10.269769 -13.528751
916.920554 -10.336867 -13.803478
917.175621 -10.399164 -14.058544
917.424121 -10.459857 -14.307045
917.666082 -10.518952 -14.549006
917.927664 -10.582840 -14.810588
918.163071 -10.640335 -15.045995
918.418100 -10.702623 -15.301023
918.836552 -10.804824 -15.719476
919.026150 -10.851131 -15.909074
919.418409 -10.946935 -16.301333
919.634226 -10.999646 -16.517150
919.993752 -11.087455 -16.876676
920.183355 -11.133763 -17.066279
920.412194 -11.189654 -17.295118
920.654132 -11.248744 -17.537055
920.882964 -11.304633 -17.765888
921.092193 -11.355734 -17.975116
921.307938 -11.408427 -18.190862
921.490983 -11.453134 -18.373907
921.687087 -11.501030 -18.570011
921.902797 -11.553714 -18.785721
922.111985 -13.526167 -18.994909
922.392982 -16.419284 -19.275906
922.575864 -18.302207 -19.458788
922.771949 -20.321078 -19.654873
923.079120 -23.483673 -19.962044
923.255594 -25.300628 -20.138518
923.445199 -27.252774 -20.328123
923.778605 -30.685475 -20.661528
923.981269 -32.772079 -20.864192
924.164386 -15.827142 -20.681075
924.360328 -1.593203 -20.485133
924.536156 0.040492 -20.309305
924.804285 0.094580 -20.041177
925.052789 0.144710 -19.792672
925.320993 0.198813 -19.524468
925.582632 0.251592 -19.262829
925.791909 0.293808 -19.053552
926.046920 0.345249 -18.798541
926.315069 0.399342 -18.530392
926.583142 0.453418 -18.262319
926.812053 0.499595 -18.033408
927.073614 0.552358 -17.771847
927.341727 0.606443 -17.503734
927.616382 0.661847 -17.229079
927.871398 0.713290 -16.974063
928.126434 0.764737 -16.719027
928.401043 0.820132 -16.444418
928.695312 0.879493 -16.150149
928.950319 0.930934 -15.895142
929.224956 0.986335 -15.620505
929.519228 1.045697 -15.326233
929.793878 1.101100 -15.051583
930.055435 1.153862 -14.790026
930.369328 1.217182 -14.476133
930.617816 1.267308 -14.227645
930.866292 1.317432 -13.979169
931.140916 1.372830 -13.704545
931.389417 1.422958 -13.456044
931.644433 1.474401 -13.201028
931.879802 1.521881 -12.965659
932.167534 1.579923 -12.677927
932.416009 1.630046 -12.429452
932.690672 1.685452 -12.154789
932.939173 1.735581 -11.906288
933.200729 1.788343 -11.644732
933.495001 1.847705 -11.350460
933.736962 1.896514 -11.108500
934.037748 1.957190 -10.807713
934.266640 2.003363 -10.578821
934.541278 2.058764 -10.304183
934.809413 2.112853 -10.036048
935.012130 2.153746 -9.833331
935.260631 2.203874 -9.584830
935.561456 2.264558 -9.284005
935.823076 2.317333 -9.022385
936.051968 2.363506 -8.793493
936.307035 2.414959 -8.538426
936.562140 2.466420 -8.283321
936.797560 2.513910 -8.047901
937.124509 2.579863 -7.720952
937.366431 2.628664 -7.479030
937.667167 2.689330 -7.178294
937.895983 2.735488 -6.949478
938.196706 2.796151 -6.648755
938.464740 2.850219 -6.380721
938.706573 2.899003 -6.138888
938.994215 2.957027 -5.851246
939.249117 3.008447 -5.596344
939.504070 3.059877 -5.341391
939.778656 3.115268 -5.066805
940.059707 3.171962 -4.785754
940.314634 3.223387 -4.530827
940.582655 3.277453 -4.262806
940.896396 3.340742 -3.949065
941.170995 3.396136 -3.674466
941.399799 3.442291 -3.445662
941.667883 3.496370 -3.177578
941.955614 3.554412 -2.889847
942.230226 3.609808 -2.615235
942.498323 3.663889 -2.347138
942.746811 3.714015 -2.098650
943.067207 3.778647 -1.778254
943.348436 3.835377 -1.497025
943.610056 3.888152 -1.235405
943.897812 3.946200 -0.947649
944.172539 4.001618 -0.672922
944.421040 4.051747 -0.424421
944.721827 4.112423 -0.123634
944.944178 4.157276 0.098717
945.225331 4.213992 0.379870
945.526143 4.274673 0.680682
945.846577 4.339312 1.001116
946.121227 4.394715 1.275766
946.376217 4.446153 1.530756
946.677017 4.506831 1.831556
946.932046 4.558277 2.086585
947.187049 4.609717 2.341588
947.474780 4.667759 2.629319
947.729809 4.719205 2.884348
947.997919 4.773289 3.152458
948.259488 4.826053 3.414027
948.534138 4.881457 3.688677
948.841478 4.943455 3.996017
949.109575 4.997536 4.264114
949.351523 5.046343 4.506062
949.671956 5.110982 4.826495
949.926947 5.162420 5.081486
950.201584 5.217821 5.356123
950.450073 5.267946 5.604612
950.744344 5.327308 5.898883
950.999386 5.378756 6.153925
951.234806 5.426246 6.389345
951.515984 5.482966 6.670523
951.771012 5.534411 6.925551
952.052190 5.591132 7.206729
952.359518 5.653127 7.514057
952.601478 5.701936 7.756017
952.876141 5.757342 8.030680
953.150766 5.812741 8.305305
953.399279 5.862872 8.553818
953.686972 5.920906 8.841511
953.941988 5.972349 9.096527
954.262397 6.036983 9.416936
954.497829 6.084475 9.652368
954.818225 6.149107 9.972764
955.060173 6.197913 10.214712
955.347878 6.255951 10.502417
955.602894 6.307393 10.757433
955.890613 6.365433 11.045152
956.112965 6.410287 11.267504
956.433360 6.474918 11.587899
956.747241 6.538235 11.901780
956.982635 6.585720 12.137174
957.257260 6.641118 12.411799
957.525332 6.695195 12.679870
957.773794 6.745316 12.928333
958.074594 6.805994 13.229133
958.388462 6.869309 13.543001
958.630422 6.918118 13.784961
958.891966 6.970877 14.046505
959.133914 7.019684 14.288453
959.454322 7.084318 14.608861
959.722419 7.138400 14.876958
959.997031 7.193795 15.151570
960.219332 7.238639 15.373871
960.513591 7.297998 15.668130
960.775160 7.350762 15.929699
961.075972 7.411443 16.230511
961.311367 7.458928 16.465906
961.566383 7.510371 16.720922
961.834442 7.564445 16.988981
962.135241 7.625123 17.289780
962.416444 7.681849 17.570983
962.677976 7.734606 17.832514
962.933004 7.786051 18.087543
963.194561 7.838813 18.349100
963.443024 7.888934 18.597562
963.704580 7.941696 18.859119
963.946515 7.990500 19.101054
964.234272 8.048548 19.388811
964.508909 8.103949 19.663448
964.777006 8.158030 19.931545
965.051631 8.213429 20.206170
965.319728 8.267510 20.474267
965.581272 8.320270 20.735811
965.842854 8.373037 20.997393
966.110938 8.427116 21.265477
966.352898 8.475925 21.507437
966.653685 8.536601 21.808224
966.954472 8.597277 22.109011
967.242190 8.655317 22.396729
967.523318 8.712027 22.677857
967.771806 8.762153 22.926345
968.020307 8.812281 23.174846
968.288416 8.866365 23.442955
968.595744 8.928360 23.750283
968.850798 8.979811 24.005337
969.118908 9.033895 24.273446
969.413128 9.093246 24.567667
969.681251 9.147333 24.835790
970.080132 9.227797 25.234671
970.322042 9.276596 25.476581
970.662085 11.397784 25.816623
970.936760 13.720088 26.091299
971.250615 16.373644 26.405154
971.564534 19.027736 26.719073
971.845725 21.405124 27.000263
972.166146 24.114192 27.320684
972.473473 26.712557 27.628012
972.813528 29.587627 27.968067
973.186260 32.738973 28.340799
973.545937 35.779937 28.700476
973.905588 38.732576 29.060127
974.226022 37.247193 29.380561
974.566039 35.671031 29.720578
974.899541 34.125070 30.054080
975.187247 32.791399 30.341786
975.573060 31.002946 30.727599
975.828064 29.820869 30.982602
976.174634 28.214329 31.329173
976.514676 27.724270 31.669215
976.822016 27.304759 31.976555
977.155518 26.849537 32.310057
977.443237 26.456809 32.597776
977.783267 25.992678 32.937806
978.149471 25.492818 33.304010
978.417568 25.126873 33.572107
978.744530 24.680579 33.899069
978.927626 24.430658 34.082164
979.143399 24.136134 34.297938
979.320043 11.311038 34.121293
979.562168 -0.017658 33.879168
979.738749 -0.053774 33.702587
979.941517 -0.095246 33.499819
980.268657 -0.162156 33.172679
980.497638 -0.208990 32.943698
980.955689 -0.302675 32.485647
981.243432 -0.361528 32.197904
981.609637 -0.436428 31.831699
981.956195 -0.507309 31.485142
982.309280 -0.579526 31.132056
982.610092 -0.641051 30.831244
982.930500 -0.706584 30.510836
983.296667 -0.781476 30.144669
983.695536 -0.863057 29.745800
984.055124 -0.936604 29.386212
984.434358 -1.014169 29.006978
984.820172 -1.093079 28.621164
985.212487 -1.173320 28.228849
985.696421 -1.272299 27.744915
986.062600 -1.347194 27.378736
986.467997 -1.430109 26.973340
986.781839 -1.494300 26.659497
987.102184 -1.559820 26.339152
987.461797 -1.633372 25.979539
987.808316 -1.704246 25.633020
988.122146 -1.768433 25.319190
988.429512 -1.831299 25.011824
988.769567 -1.900850 24.671769
989.096516 -1.967721 24.344821
989.403868 -2.030584 24.037468
989.678480 -2.086751 23.762856
989.998914 -2.152289 23.442422
990.273552 -2.208461 23.167784
990.600500 -2.275332 22.840836
990.914355 -2.339525 22.526981
991.149788 -2.387678 22.291548
991.470171 -2.453206 21.971165
991.705565 -2.501351 21.735771
992.012918 -2.564214 21.428418
992.333326 -2.629747 21.108010
992.614530 -2.687262 20.826806
992.928385 -2.751455 20.512951
993.183426 -2.803619 20.257910
993.510401 -2.870495 19.930936
993.739242 -2.917300 19.702094
994.020445 -2.974814 19.420891
994.282027 -3.028316 19.159309
994.543571 -3.081809 18.897765
994.857477 -3.146013 18.583859
995.099425 -3.195498 18.341911
995.406765 -3.258359 18.034571
995.681440 -3.314538 17.759896
995.956065 -3.370707 17.485271
996.198000 -3.420190 17.243336
996.492284 -3.480380 16.949052
996.799624 -3.543241 16.641712
997.041559 -3.592724 16.399777
997.283520 -3.642212 16.157816
997.571213 -3.701054 15.870123
997.839297 -3.755885 15.602039
998.087785 -3.806709 15.353551
998.368938 -3.864213 15.072398
998.591290 -3.909691 14.850046
998.865902 -3.965857 14.575434
999.173204 -4.028710 14.268133
999.474041 -4.090240 13.967295
999.729019 -4.142391 13.712317
1000.010159 -4.199892 13.431177
1000.258622 -4.250711 13.182714
1000.467842 -4.293502 12.973494
1000.742416 -4.349661 12.698920
1001.043139 -4.411168 12.398197
1001.324228 -4.468659 12.117108
1001.611883 -4.527494 11.829453
1001.847214 -4.575626 11.594122
1002.121826 -4.631792 11.319510
1002.396387 -4.687949 11.044949
1002.677540 -4.745453 10.763796
1002.912922 -4.793596 10.528414
1003.187508 -4.849757 10.253828
1003.488295 -4.911277 9.953041
1003.802176 -4.975475 9.639160
1004.070285 -5.030312 9.371051
1004.364519 -5.090491 9.076817
1004.599901 -5.138634 8.841435
1004.894185 -5.198824 8.547151
1005.208028 -5.263014 8.233308
1005.476150 -5.317853 7.965186
1005.763869 -5.376701 7.677467
1006.012369 -5.427527 7.428967
1006.306603 -5.487706 7.134733
1006.542036 -5.535859 6.899300
1006.816648 -5.592026 6.624688
1007.097800 -5.649530 6.343536
1007.392034 -5.709710 6.049302
1007.692872 -5.771240 5.748464
1007.941360 -5.822064 5.499976
1008.242147 -5.883584 5.199190
1008.529865 -5.942431 4.911471
1008.824111 -6.002613 4.617225
1009.033382 -6.045415 4.407954
1009.340697 -6.108270 4.100639
1009.615372 -6.164450 3.825964
1009.903091 -6.223297 3.538245
1010.171200 -6.278134 3.270136
1010.452404 -6.335648 2.988932
1010.713960 -6.389145 2.727376
1010.929733 -6.433277 2.511603
1011.263223 -6.501485 2.178113
1011.570563 -6.564346 1.870774
1011.805957 -6.612491 1.635379
1012.093688 -6.671341 1.347648
1012.342176 -6.722164 1.099160
1012.610286 -6.777001 0.831050
1012.924167 -6.841199 0.517169
1013.192264 -6.896033 0.249072
1013.473467 -6.953547 -0.032131
1013.741551 -7.008379 -0.300215
1013.970418 -7.055189 -0.529082
1014.245081 -7.111366 -0.803745
1014.513178 -7.166200 -1.071842
1014.787841 -7.222377 -1.346505
1015.023261 -7.270527 -1.581925
1015.297911 -7.326702 -1.856575
1015.579076 -7.384208 -2.137740
1015.853726 -7.440383 -2.412390
1016.108755 -7.492544 -2.667419
1016.409542 -7.554064 -2.968206
1016.625328 -7.598199 -3.183992
1016.880369 -7.650362 -3.439033
1017.141938 -7.703861 -3.700602
1017.442750 -7.765386 -4.001414
1017.684736 -7.814880 -4.243400
1017.965889 -7.872384 -4.524553
1018.240526 -7.928556 -4.799190
1018.462840 -7.974026 -5.021504
1018.730924 -8.028857 -5.289588
1018.966306 -8.077000 -5.524970
1019.254050 -8.135852 -5.812714
1019.548271 -8.196029 -6.106935
1019.816419 -8.250873 -6.375083
1020.084503 -8.305705 -6.643167
1020.319910 -8.353853 -6.878574
1020.607616 -8.412697 -7.166280
1020.882279 -8.468874 -7.440943
1021.150338 -8.523700 -7.709002
1021.385745 -8.571848 -7.944409
1021.666936 -8.629360 -8.225599
1021.993884 -8.696231 -8.552548
1022.255441 -8.749727 -8.814105
1022.510457 -8.801886 -9.069121
1022.771988 -8.855377 -9.330652
1023.027017 -8.907538 -9.585681
1023.314735 -8.966385 -9.873399
1023.576304 -9.019884 -10.134968
1023.824831 -9.070715 -10.383495
1024.099430 -9.126879 -10.658094
1024.354471 -9.179043 -10.913135
1024.629109 -9.235215 -11.187773
1024.864503 -9.283360 -11.423167
1025.165316 -9.344885 -11.723980
1025.413766 -9.395701 -11.972430
1025.662279 -9.446529 -12.220943
1025.936904 -9.502698 -12.495568
1026.191920 -9.554857 -12.750584
1026.414284 -9.600337 -12.972948
1026.669300 -9.652496 -13.227964
1026.917763 -9.703314 -13.476427
1027.244725 -9.770187 -13.803389
1027.512822 -9.825021 -14.071486
1027.767812 -9.877175 -14.326476
1028.003245 -9.925328 -14.561909
1028.258274 -9.977489 -14.816938
1028.545979 -10.036333 -15.104643
1028.787914 -10.085817 -15.346578
1029.036390 -10.136637 -15.595054
1029.271757 -10.184777 -15.830420
1029.546438 -10.240958 -16.105102
1029.814549 -10.295795 -16.373213
1030.102264 -10.354641 -16.660928
1030.331137 -10.401452 -16.889801
1030.566567 -10.449605 -17.125231
1030.841179 -10.505771 -17.399843
1031.102735 -10.559267 -17.661399
1031.377400 -10.615445 -17.936064
1031.593191 -10.659581 -18.151855
1031.887450 -10.719766 -18.446114
1032.090203 -10.761235 -18.648867
1032.351800 -12.147077 -18.910464
1032.619905 -14.501260 -19.178568
1032.855296 -16.568199 -19.413960
1033.129967 -18.980036 -19.688631
1033.404622 -21.391740 -19.963286
1033.712054 -24.091245 -20.270718
1033.954017 -26.215883 -20.512681
1034.254784 -28.856876 -20.813448
1034.529456 -31.268724 -21.088120
1034.784487 -33.508112 -21.343151
1035.144197 -36.666665 -21.702861
1035.333837 -38.331865 -21.892501
1035.562731 -40.341740 -22.121395
1035.778477 -42.236174 -22.337141
1035.974650 -43.958738 -22.533314
1037.065999 -34.079129 -23.624663
1037.373508 -30.649037 -23.932172
1037.726656 -26.709870 -24.285320
1038.112505 -22.405938 -24.671169
1038.563839 -17.371558 -25.122502
1038.786147 -16.443504 -25.344811
1039.034600 -16.477533 -25.593264
1039.276526 -16.510668 -25.835190
1039.505392 -16.542015 -26.064056
1039.766960 -16.577841 -26.325624
1039.943514 -16.602023 -26.502178
1040.120043 -16.626201 -26.678707
1040.296601 -0.297723 -26.502149
1040.505778 0.020425 -26.292973
1040.708466 0.040526 -26.090284
1040.911218 0.060634 -25.887533
1041.153156 0.084627 -25.645594
1041.395094 0.108621 -25.403656
1041.676322 0.136511 -25.122429
1041.918264 0.160505 -24.880486
1042.153680 0.183851 -24.645070
1042.395647 0.207848 -24.403103
1042.644168 0.232494 -24.154582
1042.899192 0.257785 -23.899559
1043.186915 0.286320 -23.611835
1043.435428 0.310965 -23.363323
1043.710050 0.338200 -23.088700
1043.932409 0.360252 -22.866341
1044.233149 0.390077 -22.565601
1044.475118 0.414074 -22.323632
1044.756277 0.441957 -22.042473
1045.017859 0.467898 -21.780891
1045.285957 0.494486 -21.512793
1045.567129 0.522371 -21.231621
1045.841779 0.549608 -20.956971
1046.116423 0.576845 -20.682327
1046.391029 0.604079 -20.407721
1046.659145 0.630668 -20.139605
1046.933808 0.657907 -19.864942
1047.182302 0.682551 -19.616448
1047.483102 0.712382 -19.315648
1047.711971 0.735079 -19.086779
1047.986631 0.762318 -18.812119
1048.254727 0.788906 -18.544023
1048.490141 0.812252 -18.308610
1048.771319 0.840137 -18.027432
1049.045970 0.867375 -17.752780
1049.333714 0.895911 -17.465036
1049.608336 0.923146 -17.190414
1049.876441 0.949735 -16.922309
1050.118389 0.973729 -16.680362
1050.399573 1.001615 -16.399177
1050.661133 1.027554 -16.137617
1050.961939 1.057386 -15.836811
1051.236589 1.084624 -15.562161
1051.504712 1.111214 -15.294038
1051.772834 1.137804 -15.025916
1052.040969 1.164396 -14.757781
1052.315607 1.191632 -14.483144
1052.622998 1.222117 -14.175753
1052.904252 1.250009 -13.894498
1053.120050 1.271411 -13.678700
1053.362074 1.295413 -13.436676
1053.643328 1.323305 -13.155422
1053.931098 1.351844 -12.867653
1054.238488 1.382329 -12.560262
1054.519743 1.410221 -12.279008
1054.787865 1.436811 -12.010885
1055.101822 1.467947 -11.696929
1055.369970 1.494540 -11.428781
1055.651224 1.522433 -11.147527
1055.965193 1.553570 -10.833557
1056.266069 1.583408 -10.532682
1056.501489 1.606755 -10.297262
1056.861178 1.642427 -9.937572
1057.135866 1.669668 -9.662884
1057.449772 1.700799 -9.348978
1057.717920 1.727392 -9.080830
1058.025247 1.757870 -8.773503
1058.319532 1.787055 -8.479218
1058.594182 1.814292 -8.204568
1058.868845 1.841531 -7.929905
1059.123899 1.866826 -7.674851
1059.444333 1.898604 -7.354418
1059.679753 1.921951 -7.118998
1059.987118 1.952433 -6.811632
1060.294458 1.982912 -6.504292
1060.608351 2.014042 -6.190399
1060.876474 2.040632 -5.922277
1061.118853 -0.042641 -6.164656
1061.315030 0.029134 -5.968479
1061.583140 0.069043 -5.700370
1061.896995 0.115763 -5.386514
1062.178186 0.157620 -5.105324
1062.446308 0.197531 -4.837201
1062.662106 0.229654 -4.621403
1063.002162 0.280274 -4.281348
1063.289880 0.323103 -3.993629
1063.564518 0.363984 -3.718992
1063.799950 0.399030 -3.483559
1064.094196 0.442830 -3.189313
1064.323101 0.476904 -2.960408
1064.650063 0.525574 -2.633447
1064.878917 0.559641 -2.404593
1065.192823 0.606368 -2.090687
1065.487069 0.650168 -1.796440
1065.735595 0.687163 -1.547914
1065.990573 0.725118 -1.292936
1066.271751 0.766973 -1.011758
1066.585632 0.813696 -0.697878
1066.827579 0.849712 -0.455930
1067.121851 0.893516 -0.161658
1067.396501 0.934399 0.112992
1067.658045 0.973332 0.374536
1067.952291 1.017132 0.668782
1068.233457 1.058985 0.949947
1068.527728 1.102789 1.244219
1068.723905 1.131992 1.440396
1068.998530 1.172871 1.715021
1069.273180 1.213755 1.989671
1069.541303 1.253666 2.257793
1069.783238 1.289680 2.499728
1070.070931 1.332505 2.787421
1070.345594 1.373390 3.062084
1070.594069 1.410377 3.310560
1070.862179 1.450287 3.578670
1071.123748 1.489224 3.840239
1071.424560 1.534001 4.141051
1071.712279 1.576830 4.428769
1071.960754 1.613817 4.677245
1072.189634 1.647887 4.906124
1072.470799 1.689741 5.187290
1072.771611 1.734518 5.488102
1073.020125 1.771511 5.736615
1073.268600 1.808498 5.985091
1073.530195 1.847438 6.246685
1073.817901 1.890265 6.534391
1074.079457 1.929200 6.795948
1074.373729 1.973004 7.090219
1074.602583 2.007070 7.319074
1074.864139 2.046005 7.580630
1075.125721 2.084943 7.842212
1075.400346 2.125822 8.116837
1075.635779 2.160868 8.352269
1075.916957 2.202723 8.633447
1076.178539 2.241661 8.895029
1076.433605 2.279629 9.150096
1076.721311 2.322456 9.437802
1076.989383 2.362360 9.705873
1077.270573 2.404218 9.987064
1077.551701 2.446065 10.268191
1077.819747 2.485965 10.536238
1078.133538 2.532675 10.850029
1078.460411 2.581332 11.176902
1078.741487 2.623172 11.457978
1078.983346 2.659175 11.699837
1079.270963 2.701988 11.987454
1079.565146 2.745779 12.281637
1079.846197 2.787615 12.562688
1080.114205 2.827510 12.830696
1080.428009 2.874222 13.144500
1080.689464 2.913141 13.405955
1080.918267 2.947200 13.634758
1081.160177 2.983210 13.876668
1081.447857 3.026033 14.164348
1081.689742 3.062039 14.406232
1081.970945 3.103898 14.687436
1082.239029 3.143804 14.955520
1082.520207 3.185659 15.236698
1082.814416 3.229454 15.530906
1083.075985 3.268390 15.792475
1083.363716 3.311220 16.080207
1083.605613 3.347228 16.322104
1083.906450 3.392010 16.622941
1084.154926 3.428997 16.871417
1084.449172 3.472798 17.165663
1084.730363 3.514655 17.446854
1085.011528 3.556508 17.728019
1085.273072 3.595440 17.989563
1085.534616 3.634373 18.251106
1085.815768 3.676224 18.532259
1086.070772 3.714183 18.787262
1086.391244 3.761887 19.107734
1086.685477 3.805686 19.401968
1086.966655 3.847541 19.683146
1087.215131 3.884528 19.931621
1087.483215 3.924434 20.199706
1087.738256 3.962399 20.454747
1088.019396 4.004248 20.735887
1088.326736 4.049998 21.043227
1088.594846 4.089907 21.311337
1088.862930 4.129813 21.579421
1089.091822 4.163885 21.808313
1089.399124 4.209629 22.115615
1089.641047 4.245641 22.357537
1089.948374 4.291389 22.664865
1090.203377 4.329347 22.919868
1090.432244 4.363416 23.148734
1090.713447 4.405275 23.429938
1091.001153 4.448101 23.717644
1091.262748 4.487042 23.979238
1091.563496 4.531810 24.279987
1091.851228 4.574640 24.567718
1092.119325 4.614548 24.835815
1092.393975 4.655432 25.110465
1092.668625 4.696315 25.385116
1092.949765 4.738165 25.666255
1093.244049 4.781971 25.960540
1093.499040 4.819928 26.215530
1093.793286 4.863728 26.509777
1094.061409 4.903640 26.777899
1094.309871 4.940625 27.026362
1094.636795 4.989290 27.353285
1094.944122 5.035037 27.660613
1095.225275 5.076889 27.941765
1095.493359 5.116795 28.209850
1095.807214 5.163514 28.523705
1096.140678 5.213152 28.857169
1096.461099 5.260849 29.177590
1096.735736 5.301731 29.452227
1097.082307 5.353320 29.798797
1097.396187 5.400043 30.112678
1097.729689 5.449687 30.446180
1098.069732 5.500304 30.786222
1098.390140 5.547999 31.106631
1098.710536 5.595692 31.427026
1099.089783 5.652145 31.806274
1099.384055 7.093377 32.100545
1099.717582 9.239584 32.434073
1100.051059 11.385464 32.767549
1100.391089 13.573514 33.107579
1100.744187 15.845656 33.460677
1101.084204 18.033623 33.800694
1101.273853 4.264812 33.611045
1101.463502 -0.009168 33.421396
1101.738178 -0.028404 33.146721
1102.104369 -0.054050 32.780529
1102.503378 -0.081993 32.381520
1102.758584 -0.099866 32.126314
1102.967931 -0.114527 31.916967
1103.491019 -0.151161 31.393879
1103.896377 -0.179549 30.988521
1104.236344 -0.203358 30.648554
1104.556765 -0.225798 30.328133
1104.929472 -0.251900 29.955427
1105.315272 -0.278919 29.569626
1105.701098 -0.305939 29.183800
1106.060737 -0.331126 28.824161
1106.407294 -0.355396 28.477604
1106.753877 -0.379669 28.131021
1107.093907 -0.403482 27.790991
1107.453559 -0.428669 27.431340
1107.747779 -0.449275 27.137119
1108.048541 -0.470338 26.836357
1108.388533 -0.494148 26.496366
1108.695809 -0.515668 26.189089
1108.976987 -0.535360 25.907911
1109.271246 -0.555967 25.613652
1109.598182 -0.578864 25.286716
1109.885901 -0.599014 24.998998
1110.186713 -0.620080 24.698185
1110.513649 -0.642977 24.371249
1110.788299 -0.662211 24.096599
1111.049868 -0.680530 23.835030
1111.337587 -0.700679 23.547311
1111.605697 -0.719456 23.279202
1111.873781 -0.738231 23.011117
1112.174606 -0.759298 22.710292
1112.423081 -0.776700 22.461817
1112.710812 -0.796851 22.174086
1112.965867 -0.814713 21.919032
1113.207802 -0.831656 21.677097
1113.515167 -0.853182 21.369731
1113.789817 -0.872416 21.095081
1114.044820 -0.890275 20.840078
1114.365229 -0.912714 20.519669
1114.626836 -0.931035 20.258062
1114.927724 -0.952108 19.957174
1115.228537 -0.973174 19.656361
1115.509689 -0.992864 19.375209
1115.790905 -1.012559 19.093993
1116.052487 -1.030878 18.832411
1116.333665 -1.050570 18.551233
1116.621396 -1.070720 18.263502
1116.869910 -1.088125 18.014988
1117.164156 -1.108732 17.720742
1117.412619 -1.126132 17.472279
1117.687282 -1.145368 17.197616
1118.020797 -1.168725 16.864101
1118.282353 -1.187042 16.602545
1118.530841 -1.204445 16.354057
1118.805492 -1.223679 16.079407
1119.080129 -1.242913 15.804769
1119.354767 -1.262147 15.530131
1119.609795 -1.280007 15.275103
1119.884458 -1.299242 15.000440
1120.165636 -1.318934 14.719262
1120.440299 -1.338170 14.444599
1120.741099 -1.359235 14.143800
1121.061507 -1.381675 13.823391
1121.296914 -1.398161 13.587984
1121.558483 -1.416479 13.326415
1121.833159 -1.435716 13.051739
1122.127418 -1.456324 12.757480
1122.434783 -1.477849 12.450115
1122.702918 -1.496628 12.181980
1122.944866 -1.513572 11.940032
1123.232635 -1.533725 11.652263
1123.487664 -1.551586 11.397234
1123.795017 -1.573111 11.089881
1124.043530 -1.590515 10.841368
1124.337815 -1.611124 10.547083
1124.605925 -1.629901 10.278974
1124.874034 -1.648677 10.010864
1125.142144 -1.667454 9.742754
1125.410241 -1.686229 9.474657
1125.697959 -1.706379 9.186939
1125.952988 -1.724240 8.931910
1126.240719 -1.744390 8.644179
1126.534966 -1.764997 8.349932
1126.783441 -1.782399 8.101457
1127.051576 -1.801177 7.833322
1127.313133 -1.819495 7.571765
1127.587796 -1.838730 7.297103
1127.868974 -1.858422 7.015924
1128.130556 -1.876741 6.754343
1128.392125 -1.895060 6.492773
1128.653681 -1.913377 6.231217
1128.947953 -1.933986 5.936945
1129.222590 -1.953220 5.662308
1129.497228 -1.972453 5.387670
1129.719554 -1.988024 5.165344
1130.026894 -2.009548 4.858004
1130.314625 -2.029698 4.570273
1130.543492 -2.045726 4.341406
1130.824683 -2.065419 4.060215
1131.086227 -2.083736 3.798672
1131.328200 -2.100682 3.556698
1131.576688 -2.118084 3.308210
1131.844785 -2.136860 3.040113
1132.112895 -2.155636 2.772004
1132.407154 -2.176244 2.477745
1132.668723 -2.194563 2.216175
1132.910658 -2.211506 1.974240
1133.159184 -2.228911 1.725714
1133.479592 -2.251350 1.405306
1133.924270 -2.282492 0.960628
1134.185814 -2.300809 0.699084
1134.453924 -2.319586 0.430974
1134.682803 -2.335615 0.202095
1134.931304 -2.353018 -0.046406
1135.212495 -2.372711 -0.327597
1135.493723 -2.392406 -0.608825
1135.774876 -2.412096 -0.889978
1136.023390 -2.429500 -1.138491
1136.317661 -2.450109 -1.432763
1136.624989 -2.471632 -1.740090
1136.866949 -2.488577 -1.982051
1137.089275 -2.504147 -2.204377
1137.396603 -2.525670 -2.511704
1137.664725 -2.544448 -2.779827
1137.965499 -2.565512 -3.080601
1138.181272 -2.580623 -3.296374
1138.495178 -2.602607 -3.610280
1138.678261 -2.615429 -3.793363
1138.952899 -2.634662 -4.068001
1139.181765 -2.650691 -4.296867
1139.495646 -2.672673 -4.610748
1139.717972 -2.688243 -4.833074
1139.933707 -2.703351 -5.048809
1140.254090 -2.725789 -5.369192
1140.489522 -2.742277 -5.604624
1140.737896 -2.759671 -5.852998
1140.979768 -2.776610 -6.094870
1141.254367 -2.795841 -6.369469
1141.515873 -2.814155 -6.630975
1141.764310 -2.831554 -6.879412
1142.025791 -2.849866 -7.140892
1142.313458 -2.870012 -7.428560
1142.620735 -2.891532 -7.735837
1142.875751 -2.909391 -7.990853
1143.130716 -2.927247 -8.245818
1143.477312 -2.951520 -8.592414
1143.745396 -2.970295 -8.860498
1144.046170 -2.991359 -9.161272
1144.242322 -3.005096 -9.357423
1144.543096 -3.026161 -9.658198
1144.745839 -3.040359 -9.860940
1145.007395 -3.058677 -10.122497
1145.255883 -3.076079 -10.370985
1145.458588 -3.090275 -10.573690
1145.720157 -3.108594 -10.835259
1145.922887 -3.122791 -11.037989
1146.190959 -3.141565 -11.306061
1146.432919 -3.158511 -11.548021
1146.668288 -3.174994 -11.783390
1146.936423 -3.193772 -12.051525
1147.126047 -3.207052 -12.241149
1147.361454 -3.223539 -12.476556
1147.590308 -3.239566 -12.705410
1147.838758 -3.256966 -12.953860
1148.093787 -3.274826 -13.208889
1148.342237 -3.292226 -13.457339
1148.610334 -3.311001 -13.725436
1148.858825 -3.328404 -13.973927
1149.133442 -3.347636 -14.248544
1149.349195 -3.362746 -14.464297
1149.695779 -3.387018 -14.810881
1149.963898 -3.405795 -15.079000
1150.362868 -3.433737 -15.477970
1150.729160 -3.459389 -15.844262
1151.056171 -3.482291 -16.171273
1151.350447 -3.502900 -16.465549
1151.546603 -3.516637 -16.661705
1151.873574 -3.539536 -16.988676
1152.128592 -3.557396 -17.243694
1152.337866 -3.572052 -17.452967
1152.619055 -3.591744 -17.734157
1152.893704 -3.610979 -18.008806
1153.142217 -3.628383 -18.257319
1153.358017 -3.643496 -18.473119
1153.600031 -3.660445 -18.715133
1153.789691 -3.673727 -18.904793
1154.018566 -3.689756 -19.133668
1154.312867 -3.710367 -19.427969
1154.535186 -3.725937 -19.650288
1154.835989 -3.747003 -19.951090
1155.273958 -3.777675 -20.389060
1155.515917 -3.794620 -20.631019
1156.038798 -3.831239 -21.153900
1156.300391 -3.849559 -21.415493
1156.568523 -3.868337 -21.683624
1156.797361 -3.884363 -21.912463
1156.993499 -3.898099 -22.108601
1157.241973 -3.915501 -22.357075
1157.490435 -3.932901 -22.605536
1157.765058 -3.952134 -22.880160
1158.065814 -3.973197 -23.180916
1158.347028 -3.992891 -23.462130
1158.575854 -4.008917 -23.690956
1158.817759 -4.105180 -23.932860
1159.033544 -4.797134 -24.148646
1159.236234 -5.447091 -24.351336
1159.458588 -6.160107 -24.573690
1159.844376 -7.397201 -24.959478
1160.020958 -7.963441 -25.136060
1160.236763 -8.655456 -25.351864
1160.511395 -9.536111 -25.626497
1160.733795 -10.249273 -25.848897
1160.943114 -10.920489 -26.058216
1161.139386 -11.549869 -26.254488
1161.335862 0.007141 -26.058011
1161.571431 0.030643 -25.822443
1161.865882 0.060020 -25.527992
1162.107838 0.084160 -25.286035
1162.356344 0.108954 -25.037529
1162.611381 0.134399 -24.782493
1162.899100 0.163104 -24.494773
1163.127968 0.185938 -24.265905
1163.415681 0.214643 -23.978193
1163.683789 0.241392 -23.710085
1163.945359 0.267489 -23.448514
1164.246146 0.297498 -23.147727
1164.514281 0.324250 -22.879592
1164.743130 0.347082 -22.650743
1165.017766 0.374483 -22.376107
1165.259726 0.398623 -22.134148
1165.508204 0.423413 -21.885670
1165.776334 0.450165 -21.617540
1166.037881 0.476259 -21.355992
1166.332149 0.505618 -21.061724
1166.613327 0.533671 -20.780546
1166.835650 0.555852 -20.558224
1167.123411 0.584562 -20.270462
1167.398046 0.611962 -19.995827
1167.646513 0.636752 -19.747361
1167.901555 0.662197 -19.492318
1168.163128 0.688294 -19.230745
1168.457395 0.717653 -18.936479
1168.732069 0.745057 -18.661804
1168.967459 0.768542 -18.426415
1169.202888 0.792030 -18.190986
1169.536419 0.825307 -17.857455
1169.791460 0.850752 -17.602413
1170.066104 0.878153 -17.327770
1170.327672 0.904250 -17.066202
1170.576186 0.929044 -16.817688
1170.877016 0.959057 -16.516858
1171.171299 0.988418 -16.222575
1171.413249 1.012557 -15.980625
1171.714085 1.042572 -15.679788
1171.982246 1.069326 -15.411628
1172.302667 1.101294 -15.091207
1172.544653 1.125437 -14.849221
1172.793192 1.150234 -14.600682
1173.080897 1.178938 -14.312976
1173.362139 1.206997 -14.031735
1173.623734 1.233096 -13.770140
1173.891843 1.259846 -13.502030
1174.159966 1.286596 -13.233908
1174.428101 1.313348 -12.965773
1174.715845 1.342056 -12.678029
1174.964358 1.366850 -12.429515
1175.284767 1.398817 -12.109107
1175.533280 1.423611 -11.860594
1175.788296 1.449054 -11.605578
1176.108717 1.481022 -11.285156
1176.376814 1.507770 -11.017060
1176.625328 1.532564 -10.768546
1176.886897 1.558661 -10.506977
1177.154994 1.585409 -10.238880
1177.455806 1.615421 -9.938068
1177.697767 1.639561 -9.696107
1177.978945 1.667614 -9.414929
1178.227445 1.692407 -9.166428
1178.521704 1.721765 -8.872169
1178.789827 1.748515 -8.604047
1179.005625 1.770045 -8.388248
1179.299872 1.799402 -8.094002
1179.620318 1.831373 -7.773556
1179.862253 1.855511 -7.531621
1180.169606 1.886175 -7.224268
1180.411553 1.910314 -6.982320
1180.705812 1.939672 -6.688061
1180.908492 1.959894 -6.485382
1181.196223 1.988600 -6.197651
1181.431617 2.012086 -5.962256
1181.680106 2.036877 -5.713768
1181.980956 2.066893 -5.412918
1182.294874 2.098212 -5.098999
1182.615295 2.130181 -4.778578
1182.870311 2.155623 -4.523562
1183.125327 2.181066 -4.268546
1183.426178 2.211082 -3.967696
1183.824932 2.250866 -3.568941
1184.132285 2.281530 -3.261589
1184.380786 2.306323 -3.013088
1184.648896 2.333072 -2.744978
1184.910465 2.359169 -2.483409
1185.172009 2.385263 -2.221865
1185.472834 2.415276 -1.921040
1185.760565 2.443983 -1.633309
1186.035202 2.471383 -1.358671
1186.296759 2.497479 -1.097115
1186.551775 2.522922 -0.842099
1186.826400 2.550321 -0.567474
1187.068360 2.574461 -0.325514
1187.329929 2.600558 -0.063945
1187.650337 2.632525 0.256464
1187.924988 2.659926 0.531114
1188.199625 2.687327 0.805751
1188.467709 2.714074 1.073836
1188.716210 2.738866 1.322337
1188.971226 2.764309 1.577353
1189.258970 2.793017 1.865097
1189.520527 2.819113 2.126653
1189.782096 2.845209 2.388222
1190.037099 2.870651 2.643226
1190.298681 2.896749 2.904807
1190.579872 2.924803 3.185998
1190.802198 2.946984 3.408324
1191.089878 2.975686 3.696005
1191.279540 2.994609 3.885667
1191.586893 3.025273 4.193019
1191.855003 3.052022 4.461129
1192.083869 3.074856 4.689996
1192.404290 3.106825 5.010417
1192.665834 3.132919 5.271960
1192.927403 3.159015 5.533530
1193.195513 3.185765 5.801639
1193.489797 3.215125 6.095924
1193.751354 3.241221 6.357480
1194.025979 3.268620 6.632105
1194.333331 3.299284 6.939458
1194.594901 3.325381 7.201027
1194.876079 3.353434 7.482205
1195.124554 3.378224 7.730681
1195.412260 3.406928 8.018386
1195.673842 3.433026 8.279968
1195.961573 3.461733 8.567699
1196.236211 3.489134 8.842337
1196.510873 3.516537 9.117000
1196.752847 3.540678 9.358973
1197.060199 3.571343 9.666326
1197.347905 3.600047 9.954031
1197.609474 3.626144 10.215601
1197.923367 3.657461 10.529494
1198.211124 3.686170 10.817250
1198.459625 3.710963 11.065751
1198.688504 3.733798 11.294631
1199.015491 3.766421 11.621618
1199.263979 3.791213 11.870106
1199.499361 3.814697 12.105488
1199.793658 3.844059 12.399785
1200.081390 3.872766 12.687516
1200.342984 3.898865 12.949110
1200.663418 3.930834 13.269544
1200.872650 3.951709 13.478777
1201.193046 3.983675 13.799172
1201.467709 4.011078 14.073835
1201.676967 4.031956 14.283093
1201.977766 4.061966 14.583893
1202.213173 4.085453 14.819300
1202.494390 4.113509 15.100516
1202.736350 4.137650 15.342476
1203.017515 4.165702 15.623642
1203.285638 4.192452 15.891764
1203.619152 4.225727 16.225279
1203.880683 4.251819 16.486810
1204.129172 4.276611 16.735298
1204.410350 4.304664 17.016476
1204.698081 4.333371 17.304207
1204.959625 4.359465 17.565751
1205.247292 4.388165 17.853419
1205.528445 4.416216 18.134571
1205.789913 4.442302 18.396039
1206.038299 4.467084 18.644426
1206.299779 4.493172 18.905906
1206.574328 4.520563 19.180454
1206.875013 4.550562 19.481140
1207.123400 4.575344 19.729526
1207.345650 4.597518 19.951776
1207.633279 4.626214 20.239406
1207.862083 4.649042 20.468209
1208.117086 4.674484 20.723212
1208.430928 4.705795 21.037055
1208.666323 4.729281 21.272449
1208.973587 4.759936 21.579713
1209.215509 4.784073 21.821635
1209.490134 4.811472 22.096260
1209.784329 4.840824 22.390456
1210.006617 4.863001 22.612744
1210.412090 4.903455 23.018217
1210.667081 4.928895 23.273207
1210.941718 4.956296 23.547845
1211.229424 4.985000 23.835551
1211.523658 5.014356 24.129784
1211.745959 5.036535 24.352085
1212.086014 5.070462 24.692140
1212.301799 5.091991 24.907926
1212.648319 5.126563 25.254445
1212.962212 5.157880 25.568338
1213.184526 5.180060 25.790652
1213.557220 5.217243 26.163346
1213.799155 5.241381 26.405281
1214.126129 5.274003 26.732255
1214.433444 5.304664 27.039570
1214.721149 5.333368 27.327276
1215.002327 5.361421 27.608454
1215.322761 5.393391 27.928887
1215.636629 5.424705 28.242755
1215.872036 5.448192 28.478162
1216.166295 5.477550 28.772422
1216.506338 5.511476 29.112464
1216.800546 5.540829 29.406672
1217.127482 5.573447 29.733608
1217.408622 5.601496 30.014748
1217.722490 5.632811 30.328616
1218.010221 5.661517 30.616347
1218.337157 7.066095 30.943283
1218.605241 8.257131 31.211368
1218.951799 9.796805 31.557925
1219.246058 11.104129 31.852184
1219.514155 12.295221 32.120281
1219.906458 14.038131 32.512584
1220.272662 15.665092 32.878789
1220.560368 16.943301 33.166494
1220.782694 17.931045 33.388821
1220.959250 5.112856 33.212265
1221.135792 -0.007471 33.035723
1221.443120 -0.029107 32.728395
1221.717783 -0.048444 32.453732
1222.051297 -0.071923 32.120218
1222.437149 -0.099088 31.734366
1222.849365 -0.128108 31.322150
1223.111163 -0.146539 31.060352
1223.418744 -0.168193 30.752771
1223.719607 -0.189374 30.451908
1223.961504 -0.206404 30.210011
1224.268768 -0.228035 29.902747
1224.589075 -0.250585 29.582440
1224.916062 -0.273605 29.255453
1225.282266 -0.299386 28.889249
1225.609202 -0.322403 28.562313
1225.890317 -0.342194 28.281198
1226.197581 -0.363825 27.973934
1226.517951 -0.386380 27.653564
1226.799154 -0.406177 27.372361
1227.093401 -0.426892 27.078115
1227.439958 -0.451290 26.731557
1227.734230 -0.472007 26.437285
1228.061204 -0.495026 26.110311
1228.420830 -0.520344 25.750685
1228.675871 -0.538299 25.495644
1228.989752 -0.560397 25.181763
1229.244755 -0.578349 24.926760
1229.539014 -0.599065 24.632501
1229.813664 -0.618401 24.357851
1230.049059 -0.634973 24.122456
1230.317169 -0.653848 23.854346
1230.591793 -0.673182 23.579722
1230.872984 -0.692978 23.298531
1231.114919 -0.710011 23.056596
1231.383054 -0.728888 22.788461
1231.644611 -0.747301 22.526904
1231.925789 -0.767097 22.245726
1232.193911 -0.785973 21.977604
1232.455455 -0.804386 21.716060
1232.717049 -0.822802 21.454466
1232.985146 -0.841676 21.186369
1233.266312 -0.861471 20.905203
1233.521366 -0.879427 20.650149
1233.756773 -0.896000 20.414742
1234.096803 -0.919938 20.074712
1234.345278 -0.937431 19.826237
1234.580724 -0.954006 19.590791
1234.855348 -0.973340 19.316167
1235.162688 -0.994977 19.008827
1235.385027 -1.010630 18.786488
1235.659690 -1.029967 18.511825
1235.953949 -1.050683 18.217566
1236.195884 -1.067715 17.975631
1236.464019 -1.086592 17.707496
1236.751725 -1.106847 17.419790
1237.039469 -1.127104 17.132046
1237.255255 -1.142296 16.916260
1237.582229 -1.165315 16.589286
1237.863432 -1.185112 16.308083
1238.111959 -1.202609 16.059556
1238.412784 -1.223787 15.758731
1238.687497 -1.243127 15.484018
1238.981794 -1.263846 15.189721
1239.243376 -1.282261 14.928139
1239.524567 -1.302058 14.646948
1239.799204 -1.321392 14.372311
1240.047705 -1.338887 14.123810
1240.335437 -1.359144 13.836078
1240.623142 -1.379398 13.548373
1240.910874 -1.399655 13.260642
1241.198592 -1.419910 12.972923
1241.486336 -1.440168 12.685179
1241.728309 -1.457203 12.443206
1241.983300 -1.475155 12.188215
1242.271018 -1.495410 11.900497
1242.571843 -1.516589 11.599672
1242.833412 -1.535003 11.338103
1243.094956 -1.553416 11.076559
1243.343444 -1.570910 10.828071
1243.663853 -1.593467 10.507663
1243.905813 -1.610501 10.265702
1244.154276 -1.627993 10.017239
1244.402764 -1.645487 9.768751
1244.690482 -1.665743 9.481033
1245.010916 -1.688302 9.160599
1245.259392 -1.705794 8.912123
1245.547097 -1.726049 8.624418
1245.795598 -1.743544 8.375917
1246.089857 -1.764260 8.081658
1246.364508 -1.783596 7.807008
1246.619524 -1.801549 7.551991
1246.868037 -1.819045 7.303478
1247.175352 -1.840680 6.996163
1247.449989 -1.860015 6.721526
1247.711546 -1.878428 6.459969
1248.031941 -1.900985 6.139574
1248.267323 -1.917556 5.904192
1248.496152 -1.933665 5.675363
1248.757708 -1.952079 5.413807
1249.032333 -1.971413 5.139182
1249.241566 -1.986143 4.929950
1249.542340 -2.007318 4.629175
1249.803871 -2.025730 4.367644
1250.071980 -2.044605 4.099535
1250.346605 -2.063939 3.824910
1250.640877 -2.084656 3.530638
1250.908999 -2.103532 3.262516
1251.144381 -2.120103 3.027134
1251.419057 -2.139441 2.752458
1251.700247 -2.159237 2.471268
1251.987953 -2.179491 2.183562
1252.203739 -2.194683 1.967776
1252.524173 -2.217242 1.647342
1252.785742 -2.235656 1.385773
1253.040783 -2.253612 1.130732
1253.302340 -2.272025 0.869175
1253.537747 -2.288598 0.633768
1253.851615 -2.310695 0.319900
1254.106669 -2.328651 0.064846
1254.381306 -2.347986 -0.209791
1254.655957 -2.367321 -0.484442
1254.897879 -2.384353 -0.726364
1255.198704 -2.405531 -1.027189
1255.447205 -2.423026 -1.275690
1255.721842 -2.442361 -1.550327
1255.963752 -2.459391 -1.792237
1256.251483 -2.479648 -2.079968
1256.506537 -2.497604 -2.335022
1256.755025 -2.515098 -2.583510
1257.036191 -2.534892 -2.864676
1257.337003 -2.556069 -3.165488
1257.592044 -2.574025 -3.420529
1257.866656 -2.593358 -3.695141
1258.134766 -2.612233 -3.963251
1258.422472 -2.632487 -4.250957
1258.703701 -2.652286 -4.532185
1258.952163 -2.669778 -4.780648
1259.233341 -2.689573 -5.061826
1259.553750 -2.712130 -5.382235
1259.808804 -2.730086 -5.637289
1260.103050 -2.750802 -5.931535
1260.364619 -2.769216 -6.193104
1260.639269 -2.788552 -6.467754
1260.887745 -2.806045 -6.716230
1261.110084 -2.821698 -6.938569
1261.417437 -2.843336 -7.245921
1261.685546 -2.862211 -7.514031
1261.947115 -2.880626 -7.775600
1262.169454 -2.896278 -7.997939
1262.463739 -2.916996 -8.292224
1262.751457 -2.937252 -8.579942
1262.993405 -2.954285 -8.821890
1263.300732 -2.975921 -9.129217
1263.575408 -2.995259 -9.403893
1263.843518 -3.014134 -9.672002
1264.118117 -3.033466 -9.946602
1264.386227 -3.052341 -10.214712
1264.667419 -3.072137 -10.495904
1264.961673 -3.092853 -10.790157
1265.249378 -3.113108 -11.077863
1265.517488 -3.131983 -11.345973
1265.772519 -3.149938 -11.601004
1266.053716 -3.169734 -11.882201
1266.308744 -3.187688 -12.137229
1266.563767 -3.205642 -12.392252
1266.818795 -3.223596 -12.647280
1267.126113 -3.245232 -12.954598
1267.368062 -3.262265 -13.196547
1267.649253 -3.282061 -13.477738
1267.923897 -3.301397 -13.752382
1268.133120 -3.316126 -13.961605
1268.381597 -3.333619 -14.210082
1268.630101 -3.351114 -14.458586
1268.957070 -3.374133 -14.785555
1269.205557 -3.391627 -15.034042
1269.480197 -3.410961 -15.308682
1269.735228 -3.428916 -15.563713
1270.022957 -3.449172 -15.851441
1270.264894 -3.466205 -16.093379
1270.526470 -3.484620 -16.354955
1270.781492 -3.502574 -16.609977
1271.023464 -3.519609 -16.851949
1271.271915 -3.537100 -17.100400
1271.520406 -3.554594 -17.348891
1271.795048 -3.573929 -17.623533
1272.030471 -3.590503 -17.858956
1272.318177 -3.610758 -18.146662
1272.625547 -3.632397 -18.454032
1272.906725 -3.652192 -18.735210
1273.161730 -3.670145 -18.990215
1273.429852 -3.689021 -19.258337
1273.691411 -3.707435 -19.519896
1273.952966 -3.725849 -19.781451
1274.221077 -3.744724 -20.049562
1274.430349 -3.759457 -20.258834
1274.718093 -3.779714 -20.546578
1274.986238 -3.798592 -20.814723
1275.228231 -3.815628 -21.056716
1275.457140 -3.831744 -21.285625
1275.686053 -3.847859 -21.514538
1275.928003 -3.864893 -21.756488
1276.137241 -3.879623 -21.965726
1276.366095 -3.895735 -22.194580
1276.660326 -3.916449 -22.488811
1276.908750 -3.933938 -22.737235
1277.111385 -3.948204 -22.939870
1277.431740 -3.970757 -23.260225
1277.719360 -3.991006 -23.547845
1277.993948 -4.010337 -23.822433
1278.203119 -4.025063 -24.031604
1278.471153 -4.691936 -24.299638
1278.745715 -5.576831 -24.574200
1279.026846 -6.482895 -24.855331
1279.275289 -7.283607 -25.103774
1279.536822 -8.126510 -25.365307
1279.785242 -8.927148 -25.613727
1280.007534 -9.643579 -25.836019
1280.269106 -10.486605 -26.097591
1280.537177 -11.350580 -26.365662
1280.792140 -12.172305 -26.620625
1280.994807 -12.825485 -26.823292
1281.275977 -13.731676 -27.104462
1281.504792 -14.469129 -27.333277
1281.772889 0.010946 -27.065180
1282.132616 0.046224 -26.705452
1282.420368 0.074443 -26.417701
1282.681974 0.100098 -26.156094
1283.146272 0.145631 -25.691796
1283.420914 0.172565 -25.417154
1283.715175 0.201422 -25.122894
1283.983294 0.227716 -24.854774
1284.212146 0.250159 -24.625922
1284.441019 0.272605 -24.397049
1284.702596 0.298257 -24.135472
1285.042634 0.331604 -23.795434
1285.369587 0.363667 -23.468481
1285.604997 0.386754 -23.233071
1285.886187 0.414329 -22.951881
1286.101976 0.435491 -22.736092
1286.317782 0.456655 -22.520286
1286.585875 0.482946 -22.252193
1286.840916 0.507958 -21.997152
1287.095959 0.532969 -21.742109
1287.364061 0.559262 -21.474007
1287.638705 0.586195 -21.199363
1287.900279 0.611848 -20.937789
1288.174923 0.638781 -20.663145
1288.436505 0.664434 -20.401563
1288.724218 0.692650 -20.113850
1288.979260 0.717661 -19.858808
1289.253932 0.744598 -19.584137
1289.535090 0.772170 -19.302978
1289.822824 0.800388 -19.015244
1290.084409 0.826041 -18.753659
1290.339451 0.851052 -18.498617
1290.627184 0.879270 -18.210884
1290.901830 0.906204 -17.936238
1291.137268 0.929293 -17.700800
1291.431545 0.958152 -17.406523
1291.693118 0.983804 -17.144950
1291.928527 1.006890 -16.909541
1292.209719 1.034466 -16.628349
1292.530133 1.065888 -16.307935
1292.785170 1.090899 -16.052898
1293.092528 1.121041 -15.745540
1293.367148 1.147973 -15.470920
1293.628718 1.173625 -15.209350
1293.883729 1.198633 -14.954339
1294.184562 1.228135 -14.653506
1294.433042 1.252503 -14.405026
1294.720824 1.280725 -14.117244
1294.936648 1.301891 -13.901420
1295.211324 1.328828 -13.626744
1295.479421 1.355119 -13.358647
1295.793339 1.385905 -13.044729
1296.041802 1.410271 -12.796266
1296.316465 1.437207 -12.521603
1296.584575 1.463500 -12.253493
1296.839591 1.488509 -11.998477
1297.061930 1.510313 -11.776139
1297.303890 1.534042 -11.534178
1297.630864 1.566107 -11.207204
1297.905527 1.593043 -10.932541
1298.199735 1.621895 -10.638333
1298.480977 1.649476 -10.357091
1298.768670 1.677690 -10.069398
1299.004077 1.700776 -9.833991
1299.278727 1.727710 -9.559341
1299.559918 1.755286 -9.278150
1299.808406 1.779655 -9.029662
1300.076516 1.805948 -8.761552
1300.344626 1.832241 -8.493443
1300.625804 1.859815 -8.212264
1300.880820 1.884824 -7.957249
1301.135848 1.909834 -7.702220
1301.390890 1.934846 -7.447178
1301.658974 1.961136 -7.179094
1301.953258 1.989996 -6.884810
1302.214802 2.015645 -6.623266
1302.489452 2.042580 -6.348616
1302.718319 2.065024 -6.119749
1302.986429 2.091317 -5.851639
1303.247998 2.116969 -5.590070
1303.457243 2.137489 -5.380825
1303.790758 2.170196 -5.047310
1304.006531 2.191357 -4.831537
1304.307343 2.220857 -4.530725
1304.575453 2.247150 -4.262615
1304.850090 2.274083 -3.987978
1305.098591 2.298453 -3.739477
1305.360148 2.324103 -3.477920
1305.608623 2.348471 -3.229445
1305.922516 2.379254 -2.915552
1306.177545 2.404264 -2.660523
1306.484872 2.434403 -2.353196
1306.739914 2.459414 -2.098154
1307.014551 2.486347 -1.823517
1307.243418 2.508792 -1.594650
1307.531149 2.537009 -1.306919
1307.831949 2.566508 -1.006119
1308.080450 2.590878 -0.757618
1308.328925 2.615246 -0.509143
1308.583967 2.640257 -0.254102
1308.871672 2.668472 0.033604
1309.159391 2.696688 0.321323
1309.401326 2.720414 0.563258
1309.669448 2.746708 0.831380
1309.931017 2.772360 1.092949
1310.172940 2.796085 1.334872
1310.460671 2.824302 1.622603
