# cumulative_displacement force displacement
0.000000 0.000000 0.000000
0.642442 3.953719 0.642442
1.323442 6.216880 1.323442
2.338527 1.224931 0.308356
3.327883 -2.882687 -0.680999
4.073119 -4.463651 -1.426235
4.715561 -5.726979 -2.068678
5.666384 -1.435275 -1.117854
6.668592 2.365536 -0.115646
7.940624 6.419012 1.156386
8.788654 1.708605 0.308356
9.893656 -2.399014 -0.796646
10.574655 2.130918 -0.115646
11.319891 4.448221 0.629590
12.193626 -0.254966 -0.244145
13.195833 -3.979978 -1.246353
13.876833 0.124032 -0.565353
15.187422 4.415736 0.745236
16.253892 -0.291061 -0.321234
17.256100 -3.983587 -1.323442
17.962778 0.073499 -0.616763
19.132042 4.376031 0.552501
19.890130 -0.244138 -0.205588
21.033689 -3.983587 -1.349146
21.740393 0.080718 -0.642442
22.935336 4.368812 0.552501
23.564926 6.209661 1.182091
24.323015 1.632806 0.424002
24.939752 -0.294671 -0.192735
25.582194 -2.456766 -0.835177
26.327430 2.044290 -0.089941
26.931315 4.350765 0.513944
27.509521 6.498421 1.092149
28.344698 8.635250 1.927327
29.539641 12.103987 3.122270
30.284877 6.855763 2.377034
31.030113 4.513192 1.631798
31.621146 2.221155 1.040765
32.790409 -1.189829 -0.128499
33.368615 -3.045115 -0.706704
34.088146 -4.521404 -1.426235
34.769146 -6.066273 -2.107235
36.143971 -8.589318 -3.482061
37.120500 -4.470870 -2.505532
37.750090 -2.590317 -1.875942
38.803707 0.318945 -0.822325
39.947240 3.935671 0.321208
40.576856 5.740425 0.950824
41.758946 8.869868 2.132914
42.491330 4.332717 1.400531
43.210886 2.004585 0.680974
44.341567 -1.615751 -0.449707
45.665009 -4.737974 -1.773149
46.513039 -0.359642 -0.925119
47.656572 3.473654 0.218415
48.299014 5.393912 0.860857
48.992866 7.314170 1.554709
49.853748 1.975709 0.693826
50.907340 -1.561608 -0.359766
51.639749 -3.229200 -1.092175
52.256487 -4.719926 -1.708912
52.860372 -6.059053 -2.312797
53.734081 -2.059720 -1.439088
54.440785 -0.428223 -0.732384
55.417288 3.314836 0.244119
56.072583 5.238703 0.899414
57.357467 8.790459 2.184298
58.218324 4.321889 1.323442
58.847939 1.946833 0.693826
59.503234 0.113203 0.038532
60.698177 -3.268905 -1.156411
61.314914 -4.705488 -1.773149
62.073003 -0.439051 -1.015060
62.843918 1.246588 -0.244145
64.013182 5.292846 0.925119
64.604214 7.241980 1.516151
65.310918 8.794068 2.222856
66.184653 4.296622 1.349121
66.801390 1.946833 0.732384
67.430980 0.131251 0.102794
68.664480 -3.225591 -1.130706
69.255538 -4.712707 -1.721764
69.833744 -6.142072 -2.299970
70.707479 -2.045282 -1.426235
71.709686 1.206884 -0.424028
72.390686 3.311227 0.256972
73.058833 5.253141 0.925119
73.649865 7.195056 1.516151
74.433633 1.878252 0.732384
75.667133 -1.684331 -0.501117
76.283871 -3.243638 -1.117854
76.913461 -4.748803 -1.747444
77.504519 -6.163729 -2.338502
78.391080 -2.066939 -1.451940
79.418993 1.185227 -0.424028
79.997198 3.267912 0.154178
80.922317 5.231484 1.079297
81.988787 8.736316 2.145767
82.798285 4.249698 1.336269
83.376465 1.845767 0.758088
84.031760 0.109594 0.102794
85.213876 -3.276124 -1.079322
85.946259 -4.723536 -1.811706
86.922788 -0.265795 -0.835177
88.220525 3.701053 0.462559
89.556793 7.675121 1.798828
90.250645 9.721712 2.492680
90.931644 12.024577 3.173679
91.638323 14.103654 3.880358
92.512058 6.285460 3.006623
93.180179 4.318279 2.338502
94.375148 0.748477 1.143533
95.415887 -2.391795 0.102794
96.366711 -3.669560 -0.848030
97.587359 -6.524680 -2.068678
98.216949 -8.029844 -2.698267
98.936505 -9.304000 -3.417824
99.707421 -10.502356 -4.188739
100.812422 -4.521404 -3.083738
101.416307 -2.770793 -2.479853
102.624103 -0.110586 -1.272057
103.228013 1.008361 -0.668147
104.602839 4.444612 0.706679
105.836339 7.743701 1.940179
106.568723 9.440170 2.672563
107.468137 3.726320 1.773149
108.213373 1.607539 1.027913
109.292695 -1.550779 -0.051410
109.973669 -2.832154 -0.732384
110.641816 -4.232643 -1.400531
111.387052 -5.690884 -2.145767
112.633404 -8.278900 -3.392119
113.545671 -3.947492 -2.479853
114.175286 -2.157177 -1.850238
114.920522 -0.637574 -1.105002
115.922730 2.152575 -0.102794
116.629409 3.939281 0.603885
117.207614 5.758472 1.182091
117.978555 7.379141 1.953031
118.620997 9.075610 2.595474
119.327676 10.815392 3.302152
120.239942 5.653797 2.389886
120.946621 3.581940 1.683207
121.537679 1.557006 1.092149
122.861121 -1.579655 -0.231292
124.017507 -4.221815 -1.387678
124.801300 -5.705322 -2.171471
125.893449 -8.304167 -3.263621
126.690069 -4.001635 -2.467000
127.268275 -2.168005 -1.888795
128.026363 -0.677279 -1.130706
129.041423 2.083994 -0.115646
129.863748 3.877919 0.706679
130.673221 5.650187 1.516151
131.778248 9.007029 2.621178
132.433543 10.746812 3.276473
133.320130 5.581607 2.389886
134.001129 3.513359 1.708887
134.592162 1.484816 1.117854
135.877046 -1.604922 -0.167030
137.123399 -4.218205 -1.413383
137.791546 -5.745026 -2.081530
138.433988 -7.156344 -2.723972
139.037873 -8.329433 -3.327857
139.950139 -4.041339 -2.415591
140.528345 -2.171615 -1.837385
141.748967 0.452497 -0.616763
142.879674 3.838215 0.513944
143.740556 5.596045 1.374826
144.935499 8.931229 2.569769
145.590793 10.649355 3.225063
146.451676 5.570778 2.364181
147.068413 3.520578 1.747444
147.749412 1.441502 1.066444
148.353297 -0.013129 0.462559
149.599650 -2.875468 -0.783793
150.961623 -5.734198 -2.145767
151.591213 -7.185220 -2.775356
152.593421 -2.171615 -1.773149
153.736980 0.477763 -0.629590
154.405101 2.080385 0.038532
155.150337 3.859872 0.783768
156.306749 7.256418 1.940179
156.974896 8.934839 2.608326
157.553076 10.689060 3.186506
158.336844 5.534683 2.402738
159.030695 3.426731 1.708887
160.418374 -0.060053 0.321208
161.536228 -2.900735 -0.796646
162.165817 -4.268738 -1.426235
162.756875 -5.716150 -2.017293
163.553496 -7.178001 -2.813914
164.555703 -2.200491 -1.811706
165.185293 -0.688107 -1.182116
166.341704 2.076775 -0.025705
167.048383 3.841824 0.680974
168.346120 7.245589 1.978711
168.962883 8.913182 2.595474
169.785208 3.408683 1.773149
170.479060 1.416235 1.079297
171.584061 -1.622970 -0.025705
172.303592 -2.875468 -0.745236
172.971739 -4.250691 -1.413383
173.665591 -5.726979 -2.107235
174.320886 -7.149125 -2.762529
174.924771 -8.318605 -3.366414
175.965536 -4.030511 -2.325649
177.031980 -0.691717 -1.259205
177.712980 0.484982 -0.578206
178.985012 3.845434 0.693826
179.601774 5.567168 1.310589
180.231364 7.227542 1.940179
180.886659 8.887915 2.595474
181.644747 10.923678 3.353562
182.312869 13.038849 4.021684
183.070957 15.049345 4.779772
183.662015 16.868537 5.370830
184.343015 18.601101 6.051829
185.139635 20.254256 6.848450
186.360283 23.647195 8.069097
186.977020 25.365322 8.685835
187.709404 27.029306 9.418218
188.287609 28.224054 9.996424
188.981436 20.247037 9.302598
190.420523 13.038849 7.863510
191.011556 10.118757 7.272477
191.641171 7.671511 6.642862
192.219351 5.740425 6.064682
193.054554 4.228041 5.229479
194.223792 1.816891 4.060241
194.904792 0.723210 3.379241
196.253913 -1.399180 2.030120
196.832118 -2.334042 1.451915
197.513118 -3.362752 0.770915
198.258354 -4.438385 0.025679
199.029269 -5.539284 -0.745236
199.607475 -6.629356 -1.323442
200.352711 -7.665284 -2.068678
201.033710 -8.585708 -2.749677
201.676152 -9.347314 -3.392119
202.665508 -10.202767 -4.381475
203.937540 -12.242139 -5.653507
205.248129 -14.465595 -6.964096
205.967686 -15.609809 -7.683652
206.545866 -16.757632 -8.261833
207.303954 -17.966817 -9.019921
207.984954 -19.273459 -9.700920
208.832983 -11.563551 -8.852891
209.526810 -9.307610 -8.159064
210.207809 -7.372914 -7.478065
210.875956 -5.665617 -6.809918
211.544103 -4.254300 -6.141771
212.135136 -2.951268 -5.550738
212.867545 -1.756521 -4.818329
213.484282 -0.745859 -4.201592
214.190961 0.131251 -3.494913
215.514403 1.759138 -2.171471
216.182550 2.459383 -1.503324
216.786435 3.329274 -0.899439
217.608785 4.531240 -0.077089
218.276907 5.599654 0.591033
219.047847 6.556173 1.361973
220.281348 8.501698 2.595474
221.052288 9.515970 3.366414
221.720410 10.699888 4.034536
222.452794 12.020968 4.766920
223.120941 13.558618 5.435067
223.853324 15.312839 6.167450
224.431530 17.225879 6.745656
225.061120 18.842938 7.375246
225.857740 11.667236 6.578625
226.448798 8.490869 5.987567
227.168329 6.072500 5.268036
227.746535 4.325498 4.689831
228.491771 2.867257 3.944595
229.172745 1.621977 3.263621
230.496186 -0.327157 1.940179
231.100097 -1.197048 1.336269
231.678277 -2.095815 0.758088
232.474922 -3.153400 -0.038557
233.284395 -4.182110 -0.848030
234.607837 -6.322547 -2.171471
235.250279 -7.271848 -2.813914
235.969810 -8.091206 -3.533445
236.702194 -8.780622 -4.265828
237.421750 -9.477256 -4.985385
238.077045 -10.509575 -5.640680
238.796576 -11.549113 -6.360211
239.965814 -13.678723 -7.529449
240.852376 -8.560442 -6.642887
242.188670 -4.788507 -5.306593
243.447849 -1.911730 -4.047414
244.167406 -0.760297 -3.327857
245.336644 1.051675 -2.158619
245.966234 1.867424 -1.529029
246.685765 2.629030 -0.809498
247.482411 3.769634 -0.012852
248.304736 4.953552 0.809473
249.473974 7.075943 1.978711
250.219210 8.162404 2.723947
250.874505 9.158628 3.379241
251.696855 10.299233 4.201592
252.339297 11.717769 4.844034
253.020271 13.190448 5.525008
253.675566 15.060174 6.180303
254.356565 17.088717 6.861302
255.063244 8.425898 6.154623
256.001215 6.047233 5.216652
257.196184 2.885305 4.021684
257.787216 1.632806 3.430651
258.699483 0.672677 2.518385
259.843041 -1.121248 1.374826
260.524041 -2.012796 0.693826
261.102221 -3.016239 0.115646
262.001660 -4.059387 -0.783793
262.618398 -5.135020 -1.400531
263.273692 -6.156510 -2.055825
264.108870 -7.066106 -2.891003
264.712780 -7.824102 -3.494913
265.509400 -8.484642 -4.291533
266.241784 -9.325657 -5.023917
266.858547 -10.321881 -5.640680
267.526668 -11.466095 -6.308801
268.349019 -12.689718 -7.131152
269.505430 -6.528289 -5.974740
270.147872 -4.802945 -5.332298
270.803167 -3.294171 -4.677004
271.394225 -1.926168 -4.085946
272.704814 0.210660 -2.775356
273.295847 1.044456 -2.184324
273.951141 1.849376 -1.529029
274.863408 2.596544 -0.616763
275.441613 3.657739 -0.038557
276.173997 4.845267 0.693826
276.777907 5.956995 1.297737
277.561675 6.985705 2.081505
278.255527 8.010805 2.775356
278.962206 8.985372 3.482035
279.604648 10.107929 4.124477
280.375589 11.483151 4.895418
281.018031 13.024411 5.537860
282.380030 16.984042 6.899859
283.356558 8.469212 5.923331
284.050410 6.000309 5.229479
284.667147 4.264136 4.612742
285.271032 2.813115 4.008857
285.887795 1.625587 3.392094
286.735825 0.654629 2.544064
287.917915 -1.070715 1.361973
288.740240 -1.947825 0.539648
289.960888 -4.012463 -0.680999
290.744656 -5.059220 -1.464767
291.451360 -6.087930 -2.171471
292.145187 -6.936164 -2.865298
292.749097 -7.658065 -3.469208
293.558570 -8.408842 -4.278681
294.265274 -9.195715 -4.985385
294.907716 -10.206377 -5.627827
295.588690 -11.339762 -6.308801
296.269689 -12.581432 -6.989801
296.847895 -13.646237 -7.568006
297.760161 -8.564051 -6.655740
298.376924 -6.503023 -6.038977
298.993662 -4.792117 -5.422240
299.738898 -3.240029 -4.677004
301.010930 -0.738640 -3.404972
301.717634 0.210660 -2.698267
302.809783 1.849376 -1.606118
303.657813 2.553230 -0.758088
304.325960 3.578330 -0.089941
305.045491 4.704496 0.629590
305.649376 5.758472 1.233475
306.394612 6.740258 1.978711
306.985670 7.718435 2.569769
307.743758 8.689392 3.327857
308.476142 9.793902 4.060241
309.169994 11.100543 4.754093
309.850968 12.663460 5.435067
310.493410 14.551233 6.077509
311.161557 16.623091 6.745656
311.868261 18.853767 7.452360
312.459294 21.113320 8.043393
313.153146 23.239321 8.737244
313.808440 25.293131 9.392539
314.489414 27.422742 10.073513
315.221798 29.328564 10.805897
315.825708 31.043082 11.409807
316.686590 32.649314 12.270689
317.290475 34.168918 12.874574
317.984327 35.699351 13.568426
318.691006 37.146766 14.275105
319.269212 38.536428 14.853310
320.040152 39.384664 15.624251
321.003828 30.898701 14.660575
322.134535 23.343996 13.529869
322.866918 19.983543 12.797485
323.457976 16.947947 12.206427
324.100419 14.136140 11.563985
325.333893 9.534017 10.330510
326.130539 7.519912 9.533865
327.351187 4.332717 8.313217
328.096423 3.195722 7.567981
328.700308 2.210327 6.964096
329.419839 1.351264 6.244565
330.036602 0.622144 5.627802
330.768985 -0.023958 4.895418
331.411428 -0.579822 4.252976
332.118106 -1.153734 3.546297
332.760549 -1.843149 2.903855
333.492958 -2.550613 2.171446
334.083990 -3.344704 1.580413
334.829226 -4.164062 0.835177
335.574462 -4.965373 0.089941
336.396787 -5.748636 -0.732384
337.039229 -6.416395 -1.374826
337.938669 -6.975868 -2.274265
339.172169 -8.264462 -3.507765
339.968789 -9.112696 -4.304386
340.649789 -10.119749 -4.985385
341.369320 -11.130411 -5.704916
342.063146 -12.278234 -6.398743
342.641352 -13.505466 -6.976948
343.296646 -14.761575 -7.632243
344.054735 -16.057388 -8.390331
344.774266 -17.454267 -9.109862
345.365324 -18.995527 -9.700920
346.084855 -20.482644 -10.420452
346.804412 -21.973370 -11.140008
348.089296 -24.702158 -12.424893
348.821680 -25.943829 -13.157276
349.502679 -27.337099 -13.838276
350.170801 -28.640132 -14.506397
350.826095 -29.914288 -15.161692
351.417153 -30.859979 -15.752750
352.226626 -23.456878 -14.943277
352.869068 -20.211931 -14.300835
353.961243 -14.725480 -13.208660
354.693626 -12.494804 -12.476277
355.374600 -10.505966 -11.795303
356.081305 -8.798669 -11.088599
356.698042 -7.224924 -10.471861
357.340484 -5.831655 -9.829419
358.869513 -3.485475 -8.300390
359.447719 -2.478423 -7.722184
360.103014 -1.576046 -7.066890
360.783988 -0.807221 -6.385916
361.439282 -0.117805 -5.730621
362.120282 0.535516 -5.049622
362.775576 1.203274 -4.394327
363.456576 1.777186 -3.713328
364.278901 2.286126 -2.891003
365.589490 3.267912 -1.580413
366.386110 3.719101 -0.783793
367.092814 4.415736 -0.077089
367.876582 5.090714 0.706679
369.174319 6.545345 2.004416
369.881023 7.339437 2.711120
370.561997 8.144357 3.392094
371.512821 9.097267 4.342917
372.682059 11.299066 5.512156
373.440147 12.710384 6.270244
374.121147 14.233596 6.951243
375.483120 17.503811 8.313217
376.189824 19.236375 9.019921
376.819414 20.994206 9.649511
378.168535 24.665077 10.998632
378.772445 26.188290 11.602542
379.581918 18.467550 10.793070
380.327154 14.959107 10.047834
381.599211 9.241647 8.775776
382.228801 7.079552 8.146186
382.871243 5.217046 7.503744
383.552243 3.805729 6.822745
384.233217 2.625420 6.141771
384.862832 1.650853 5.512156
385.466717 0.849543 4.908271
386.340452 0.235927 4.034536
387.586779 -0.673669 2.788209
388.280631 -1.301723 2.094357
388.974457 -1.994749 1.400531
389.616899 -2.756355 0.758088
390.349308 -3.528789 0.025679
391.055987 -4.402290 -0.680999
391.865460 -5.199991 -1.490472
392.469370 -5.907454 -2.094382
393.227458 -6.484975 -2.852471
393.998374 -7.076934 -3.623386
394.692226 -7.715817 -4.317238
395.411757 -8.405233 -5.036769
396.015667 -9.228201 -5.640680
396.837992 -10.123358 -6.463005
397.544671 -11.036563 -7.169683
398.238523 -12.079711 -7.863535
398.880965 -13.166173 -8.505977
399.574791 -14.332043 -9.199804
400.268643 -15.602590 -9.893656
400.949643 -17.021126 -10.574655
401.630617 -18.522681 -11.255629
402.568588 -10.975202 -10.317658
403.352356 -8.910564 -9.533890
404.483062 -5.571770 -8.403184
405.228298 -4.207376 -7.657948
406.024918 -3.034287 -6.861327
406.615976 -2.001968 -6.270269
407.207034 -1.077934 -5.679211
407.900861 -0.309109 -4.985385
408.543303 0.420011 -4.342943
409.995243 1.719434 -2.891003
410.586276 2.278907 -2.299970
411.280127 2.773410 -1.606118
412.038216 3.195722 -0.848030
412.680658 3.646911 -0.205588
413.541540 4.365203 0.655295
414.196835 5.115980 1.310589
414.800720 5.866758 1.914474
415.610192 6.650021 2.723947
416.201250 7.458550 3.315005
417.023575 8.292347 4.137330
417.666018 9.371589 4.779772
418.475516 10.440004 5.589270
419.760400 13.305953 6.874154
420.415695 14.948279 7.529449
421.122373 16.644748 8.236128
421.751963 18.427845 8.865718
422.445815 20.304790 9.559569
423.152494 22.196172 10.266248
423.846346 24.195841 10.960100
424.758612 14.803899 10.047834
425.927876 9.270523 8.878570
426.660259 7.039847 8.146186
427.366938 5.191780 7.439508
428.035085 3.802119 6.771361
428.626143 2.647077 6.180303
429.345674 1.665291 5.460771
430.026674 0.874809 4.779772
430.604854 0.253974 4.201592
431.440031 -0.092539 3.366414
432.082499 -0.612308 2.723947
432.686384 -1.182610 2.120062
433.315974 -1.875635 1.490472
434.074062 -2.644460 0.732384
434.793593 -3.380799 0.012852
436.219829 -4.987030 -1.413383
436.965065 -5.745026 -2.158619
437.646064 -6.358643 -2.839618
438.327038 -6.910897 -3.520592
439.200773 -7.531732 -4.394327
439.920304 -8.206710 -5.113858
441.166656 -9.841817 -6.360211
442.001834 -10.776679 -7.195388
443.312423 -12.953212 -8.505977
444.006249 -14.086597 -9.199804
444.661544 -15.378800 -9.855098
445.368248 -16.790118 -10.561803
445.959281 -18.284454 -11.152835
446.563191 -19.601924 -11.756746
447.321280 -13.444105 -10.998657
448.220694 -10.967983 -10.099243
449.300016 -7.149125 -9.019921
450.058104 -5.618694 -8.261833
451.458609 -3.073991 -6.861327
452.049667 -2.016406 -6.270269
452.679257 -1.106810 -5.640680
453.347404 -0.323547 -4.972533
453.989846 0.398354 -4.330090
454.632289 1.055285 -3.687648
455.326140 1.676120 -2.993796
456.097081 2.224765 -2.222856
456.726671 2.712048 -1.593266
457.484759 3.127142 -0.835177
458.152906 3.538625 -0.167030
458.910969 4.209994 0.591033
459.579116 4.949943 1.259180
460.298648 5.689892 1.978711
461.005352 6.476764 2.685415
461.699178 7.260027 3.379241
462.495824 8.097433 4.175887
463.086856 9.147800 4.766920
463.677914 10.208995 5.357978
464.500239 11.486761 6.180303
465.078445 13.042459 6.758508
465.836533 14.717270 7.516597
466.453271 16.435396 8.133334
467.327005 18.214884 9.007069
468.547653 22.026525 10.227716
469.190095 24.073117 10.870159
469.961036 14.908574 10.099218
470.552094 11.948778 9.508160
471.284478 9.461827 8.775776
471.926920 7.148133 8.133334
472.582215 5.235094 7.478039
473.211804 3.870700 6.848450
473.944188 2.690391 6.116066
474.548098 1.683339 5.512156
475.280482 0.896466 4.779772
476.424015 -0.067272 3.636239
477.400544 -0.532898 2.659710
478.621192 -1.807054 1.439062
479.237929 -2.507299 0.822325
479.918928 -3.283343 0.141326
480.805490 -4.055777 -0.745236
481.473637 -4.849869 -1.413383
482.193168 -5.622303 -2.132914
482.835610 -6.228700 -2.775356
483.645108 -6.802612 -3.584854
484.313255 -7.387352 -4.253001
485.007082 -8.058720 -4.946828
485.739465 -8.813107 -5.679211
486.407612 -9.679389 -6.347358
487.139996 -10.632299 -7.079742
487.872380 -11.671837 -7.812126
488.514822 -12.776346 -8.454568
489.247231 -13.913341 -9.186977
490.622057 -16.649347 -10.561803
491.804147 -19.526124 -11.743893
492.677882 -13.422448 -10.870159
493.371708 -10.989640 -10.176332
494.540972 -7.192439 -9.007069
495.376149 -5.640351 -8.171891
495.967182 -4.265129 -7.580859
496.609624 -3.070382 -6.938416
497.316328 -2.045282 -6.231712
497.945918 -1.132077 -5.602122
498.665449 -0.352423 -4.882591
499.821860 1.015580 -3.726180
500.579949 1.661682 -2.968092
501.260923 2.195889 -2.287118
502.006159 2.690391 -1.541882
502.700011 3.123532 -0.848030
503.393837 3.477264 -0.154203
504.074836 4.119756 0.526796
504.845777 4.852486 1.297737
505.552456 5.603264 2.004416
506.194898 6.397355 2.646858
507.017223 7.180618 3.469183
508.469163 9.017858 4.921123
509.162990 10.111538 5.614949
510.357933 12.916126 6.809892
511.231667 14.590938 7.683627
511.848405 16.305454 8.300364
512.478020 18.157132 8.929980
513.133315 20.019638 9.585274
513.801436 21.994040 10.253396
514.495288 24.051460 10.947248
515.214819 26.227995 11.666779
515.870114 28.426186 12.322073
516.525408 30.479998 12.977368
517.283497 32.472448 13.735456
518.555529 36.500663 15.007488
519.313617 38.366781 15.765577
519.930355 40.027157 16.382314
520.739853 41.546762 17.191812
521.382295 42.878673 17.834254
522.114678 44.131174 18.566638
522.782825 45.322314 19.234785
523.463799 46.462921 19.915759
524.093389 47.603528 20.545349
524.723004 48.220755 21.174964
525.558182 39.150045 20.339787
526.264886 35.165144 19.633082
527.446977 28.191568 18.450992
528.038035 25.137923 17.859934
528.693329 22.181734 17.204639
529.451392 19.442117 16.446576
530.672040 14.562062 15.225928
531.378744 12.381919 14.519224
532.034039 10.382251 13.863930
532.650776 8.696611 13.247192
533.421717 7.061505 12.476251
534.115543 5.614092 11.782425
535.361896 3.152408 10.536072
536.004338 2.275298 9.893630
536.659633 1.538959 9.238336
537.469105 0.882028 8.428863
538.111548 0.290069 7.786421
538.818226 -0.204433 7.079742
539.614872 -0.496803 6.283096
540.257314 -0.828878 5.640654
541.465110 -1.821492 4.432859
542.351671 -2.348480 3.546297
543.045523 -2.922392 2.852445
543.790759 -3.543227 2.107209
544.407496 -4.167672 1.490472
545.255526 -4.817383 0.642442
545.975057 -5.340762 -0.077089
546.694614 -5.835264 -0.796646
547.414145 -6.304500 -1.516177
548.185086 -6.795393 -2.287118
548.814676 -7.358476 -2.916707
549.547059 -8.008187 -3.649091
550.305148 -8.726479 -4.407179
551.011827 -9.524180 -5.113858
551.654269 -10.357976 -5.756300
552.489446 -11.256743 -6.591478
553.106209 -12.245748 -7.208241
553.761504 -13.267239 -7.863535
554.468182 -14.360919 -8.570214
555.162034 -15.562885 -9.264066
555.804476 -16.880355 -9.906508
556.485450 -18.233921 -10.587482
557.153597 -19.677724 -11.255629
557.757508 -21.200936 -11.859539
558.592685 -22.724148 -12.694717
559.247980 -24.269017 -13.350011
559.928979 -25.831934 -14.031011
560.532864 -27.409289 -14.634896
561.290953 -29.019130 -15.392984
562.023336 -30.462933 -16.125368
563.359630 -33.502140 -17.461662
563.989220 -34.880972 -18.091252
565.338366 -37.526743 -19.440398
566.032193 -38.862262 -20.134224
566.700340 -40.107543 -20.802371
567.458428 -29.094930 -20.044283
568.036634 -25.687554 -19.466077
568.666224 -22.568939 -18.836488
569.257282 -19.746304 -18.245430
569.938256 -17.187163 -17.564456
570.940489 -12.917117 -16.562222
571.865608 -11.105144 -15.637104
572.572286 -9.513352 -14.930425
573.291818 -8.102034 -14.210894
573.985669 -6.806221 -13.517042
574.679496 -5.643960 -12.823215
575.386200 -4.571937 -12.116511
576.105731 -3.586541 -11.396980
576.812435 -2.720260 -10.690276
577.531967 -1.926168 -9.970745
578.290055 -1.215095 -9.212656
578.958202 -0.590651 -8.544509
579.536382 -0.005910 -7.966329
580.307323 0.513859 -7.195388
581.656469 1.463159 -5.846242
582.388853 1.914347 -5.113858
583.095532 2.365536 -4.407179
583.699442 2.784238 -3.803269
584.534620 3.072999 -2.968092
585.254151 3.350931 -2.248560
585.909445 3.607206 -1.593266
586.757475 3.859872 -0.745236
587.348508 4.220822 -0.154203
588.222242 4.776686 0.719531
588.877537 5.375865 1.374826
589.558536 6.003919 2.055825
590.162421 6.603097 2.659710
590.933362 7.285294 3.430651
591.781392 8.090214 4.278681
592.423834 8.938448 4.921123
593.169070 9.902187 5.666359
593.785808 10.988649 6.283096
595.199191 13.475600 7.696479
595.995811 14.814727 8.493100
596.651105 16.168293 9.148394
597.242163 17.590439 9.739452
598.090193 19.048680 10.587482
599.413635 22.044573 11.910924
599.991815 23.618319 12.489104
600.749903 25.253427 13.247192
601.495139 26.888535 13.992428
602.163286 28.592224 14.660575
602.908522 30.328398 15.405811
603.872198 20.138752 14.442135
604.630287 17.056232 13.684047
605.208467 14.381586 13.105867
605.966555 11.898245 12.347778
606.583318 9.736150 11.731015
607.225760 7.830330 11.088573
608.574881 4.668401 9.739452
609.281560 3.441169 9.032773
609.911175 2.481040 8.403158
610.579297 1.650853 7.735037
611.247444 0.939780 7.066890
612.018385 0.394745 6.295949
612.699384 0.044623 5.614949
613.508857 -0.247747 4.805477
614.935092 -0.919116 3.379241
615.513272 -1.428056 2.801061
616.258508 -1.980311 2.055825
616.965213 -2.547003 1.349121
617.620507 -3.203934 0.693826
618.404275 -3.857254 -0.089941
619.213773 -4.492528 -0.899439
619.843363 -5.066439 -1.529029
620.575746 -5.568161 -2.261413
622.091923 -6.549946 -3.777590
622.760045 -7.080544 -4.445711
623.518133 -7.719427 -5.203800
624.263369 -8.390795 -5.949036
625.625368 -9.881521 -7.311034
626.203548 -10.697270 -7.889215
626.935957 -11.585209 -8.621624
627.694020 -12.541728 -9.379687
628.375020 -13.574047 -10.060686
629.043167 -14.667727 -10.728833
629.737018 -15.848036 -11.422685
630.417992 -17.107754 -12.103659
631.060435 -18.334987 -12.746101
631.934169 -19.721038 -13.619836
632.525227 -21.089041 -14.210894
633.219054 -22.449825 -14.904720
633.848643 -23.954990 -15.534310
634.568200 -25.066718 -16.253866
635.454787 -18.078712 -15.367279
636.110082 -15.331877 -14.711985
636.752524 -12.906288 -14.069543
637.446350 -10.827212 -13.375716
638.153054 -9.069382 -12.669012
638.846881 -7.542561 -11.975186
640.298821 -4.961763 -10.523245
640.915558 -3.868083 -9.906508
641.493764 -2.897125 -9.328302
642.251852 -2.038063 -8.570214
642.984236 -1.308942 -7.837830
643.575294 -0.633965 -7.246772
644.217736 -0.042006 -6.604330
644.975825 0.517468 -5.846242
646.273561 1.510082 -4.548505
647.005945 1.964880 -3.816121
647.764033 2.441335 -3.058033
648.470712 2.784238 -2.351354
649.100302 3.098266 -1.721764
649.832686 3.390636 -0.989381
650.616479 3.664958 -0.205588
651.361715 3.964547 0.539648
652.017009 4.451831 1.194943
652.736541 5.083495 1.914474
653.584570 5.733206 2.762504
654.227013 6.361260 3.404946
654.920864 7.057895 4.098798
655.653248 7.862815 4.831182
656.398484 8.743535 5.576418
657.040926 9.739759 6.218860
657.657664 10.898411 6.835597
658.479989 12.190615 7.657922
659.096751 13.526133 8.274685
659.983313 14.941060 9.161247
661.152577 17.861152 10.330510
661.872108 19.402412 11.050041
662.501698 21.005034 11.679631
663.324023 22.643751 12.501956
664.030727 24.376316 13.208660
664.698848 26.126928 13.876782
665.354143 27.960559 14.532077
666.073700 29.848333 15.251633
666.677585 31.281309 15.855518
667.487057 23.445063 15.046046
668.360792 20.073781 14.172311
669.465793 14.388805 13.067309
670.198177 11.963216 12.334926
670.853472 9.765026 11.679631
671.637265 7.877253 10.895838
672.755093 4.758639 9.778009
673.448945 3.495311 9.084158
674.168476 2.531573 8.364626
674.926565 1.708605 7.606538
675.607564 1.008361 6.925539
676.237154 0.434449 6.295949
677.624832 -0.233309 4.908271
678.344363 -0.485975 4.188739
679.012510 -0.796392 3.520592
679.706362 -1.305333 2.826741
680.541540 -1.810664 1.991563
681.222514 -2.417061 1.310589
682.558808 -3.651512 -0.025705
683.291191 -4.308443 -0.758088
683.946486 -4.918449 -1.413383
684.730279 -5.423780 -2.197176
685.475515 -5.864140 -2.942412
686.220751 -6.329767 -3.687648
686.863193 -6.871193 -4.330090
687.711223 -7.463152 -5.178120
688.392197 -8.112863 -5.859094
689.111754 -8.809498 -6.578651
689.728491 -9.599980 -7.195388
690.370933 -10.419338 -7.837830
691.167553 -11.289229 -8.634451
691.848553 -12.220482 -9.315450
692.555257 -13.252801 -10.022154
693.171994 -14.350091 -10.638892
693.904378 -15.548447 -11.371275
694.701024 -16.772070 -12.167921
696.075849 -19.522515 -13.542747
696.654055 -20.908566 -14.120952
697.347881 -22.366807 -14.814779
698.157354 -23.850314 -15.624251
699.172414 -15.476257 -14.609191
699.789152 -13.050668 -13.992454
700.457299 -10.960764 -13.324307
702.037712 -7.665284 -11.743893
703.245507 -5.073658 -10.536098
703.875097 -3.979978 -9.906508
704.581801 -3.012630 -9.199804
705.352717 -2.135520 -8.428888
705.943775 -1.384742 -7.837830
706.637627 -0.706155 -7.143979
707.215807 -0.092539 -6.565798
708.128099 0.481373 -5.653507
709.310189 1.502863 -4.471416
710.145367 1.957661 -3.636239
710.787809 2.423288 -2.993796
711.661543 2.762581 -2.120062
712.933575 3.361760 -0.848030
713.665959 3.625254 -0.115646
714.308401 3.888748 0.526796
715.092194 4.361593 1.310589
715.863110 4.953552 2.081505
716.505552 5.599654 2.723947
717.340729 6.234927 3.559124
717.970345 6.927953 4.188739
718.715581 7.743701 4.933975
719.409407 8.628031 5.627802
720.103259 9.624255 6.321654
720.784233 10.775688 7.002628
721.619410 12.017358 7.837805
722.852910 14.767803 9.071305
723.495353 16.215216 9.713747
724.124942 17.720381 10.343337
724.972972 19.283299 11.191367
725.641119 20.896749 11.859514
726.360650 22.542685 12.579045
727.028797 24.296907 13.247192
728.480712 27.935293 14.699107
729.136007 29.891648 15.354402
729.804154 31.884098 16.022549
731.294626 35.699351 17.513021
732.553831 39.391883 18.772226
733.247657 41.236344 19.466052
733.941509 43.062758 20.159904
734.686745 44.896391 20.905140
735.945925 47.924775 22.164319
736.729718 49.224200 22.948113
738.091691 51.447662 24.310086
738.759838 52.436670 24.978233
739.466517 53.385973 25.684912
740.070402 54.295572 26.288797
740.841343 55.215999 27.059738
741.548022 56.024531 27.766416
742.126227 56.811406 28.344622
742.858611 57.656033 29.077006
743.693788 58.468175 29.912183
744.284846 59.208127 30.503241
745.094319 59.911983 31.312714
745.698229 60.644716 31.916624
746.379203 61.316086 32.597598
747.188701 61.944143 33.407096
747.856823 62.583028 34.075218
748.486413 63.196647 34.704807
749.180264 63.831923 35.398659
749.861264 64.427494 36.079659
750.645032 64.994189 36.863426
751.313179 65.553664 37.531573
751.968473 65.683607 38.186868
753.112032 55.656360 37.043309
754.101387 47.960870 36.053954
754.769534 44.376621 35.385807
756.015862 37.843402 34.139480
756.658304 34.793364 33.497037
757.866099 29.259983 32.289242
758.572803 26.736935 31.582538
759.228098 24.361878 30.927243
759.857688 22.163687 30.297653
760.538687 20.138752 29.616654
761.271071 18.146303 28.884270
762.478866 14.673956 27.676475
763.211250 13.038849 26.944091
763.943633 11.522856 26.211708
764.547518 10.162071 25.607823
765.356991 8.924010 24.798350
765.986606 7.722044 24.168735
766.667580 6.610316 23.487761
767.322875 5.635749 22.832466
768.093816 4.690058 22.061526
768.749110 3.805729 21.406231
769.507199 2.986371 20.648143
770.278114 2.210327 19.877227
771.550171 1.030018 18.605170
772.359644 0.560782 17.795697
773.708765 -0.233309 16.446576
774.454001 -0.540117 15.701340
775.828827 -1.114029 14.326514
776.574063 -1.345038 13.581278
777.306472 -1.561608 12.848869
778.026003 -1.792616 12.129338
778.758387 -2.001968 11.396955
779.400829 -2.341261 10.754512
780.171770 -2.749136 9.983572
780.904153 -3.128134 9.251188
781.508038 -3.474647 8.647303
782.394625 -3.821159 7.760716
783.101304 -4.160453 7.054037
783.808008 -4.478089 6.347333
784.668865 -4.813774 5.486476
785.388422 -5.127801 4.766920
786.030864 -5.474313 4.124477
786.840336 -5.799169 3.315005
787.534163 -6.178167 2.621178
788.253719 -6.625746 1.901622
789.101749 -7.073325 1.053592
789.757044 -7.546170 0.398297
790.515107 -8.019016 -0.359766
791.208959 -8.527956 -1.053617
791.967047 -9.036897 -1.811706
792.699431 -9.578323 -2.544089
793.329020 -10.177501 -3.173679
794.087109 -10.812774 -3.931768
794.729551 -11.469704 -4.574210
795.603286 -12.126635 -5.447944
796.232875 -12.859364 -6.077534
796.875318 -13.649847 -6.719976
797.556317 -14.422281 -7.400976
798.288701 -15.292172 -8.133359
799.200967 -16.190939 -9.045626
800.434467 -18.031788 -10.279126
801.051205 -19.013574 -10.895863
801.667967 -20.049503 -11.512626
802.567381 -21.103479 -12.412040
803.209824 -22.236864 -13.054482
803.877971 -23.456878 -13.722629
804.571797 -24.655235 -14.416456
805.150003 -25.951048 -14.994661
805.933796 -27.264909 -15.778455
806.717564 -28.539065 -16.562222
807.360031 -29.903460 -17.204690
808.696300 -32.794676 -18.540959
809.338742 -34.180728 -19.183401
809.955505 -35.613703 -19.800164
810.726420 -36.999755 -20.571079
811.420272 -38.349711 -21.264931
812.062714 -39.670792 -21.907373
812.743714 -40.901635 -22.588372
813.424713 -42.154135 -23.269372
814.118539 -43.291131 -23.963198
814.696745 -44.341499 -24.541404
815.429129 -45.460447 -25.273787
816.212922 -46.398920 -26.057581
816.906748 -47.398755 -26.751407
818.243042 -49.355111 -28.087701
818.936894 -50.387432 -28.781553
819.733514 -51.271762 -29.578173
820.337425 -52.271597 -30.182083
821.185429 -53.170366 -31.030088
821.969222 -53.993335 -31.813881
823.241254 -55.657321 -33.085913
823.922254 -56.509167 -33.766912
824.628958 -57.342965 -34.473617
825.374194 -58.007115 -35.218853
826.029488 -58.855351 -35.874147
826.671931 -59.602521 -36.516589
827.442871 -60.237796 -37.287530
828.175255 -60.977747 -38.019914
828.856229 -61.284556 -38.700888
829.537203 -52.062246 -38.019914
830.231055 -48.153143 -37.326062
831.413145 -40.959387 -36.143971
832.633793 -34.458660 -34.923324
833.751647 -28.723150 -33.805470
834.432647 -26.178447 -33.124470
835.023705 -23.738420 -32.533412
835.743236 -21.468039 -31.813881
837.092357 -17.364029 -30.464760
837.773356 -15.515962 -29.783761
838.428651 -13.783398 -29.128466
839.250976 -12.242139 -28.306141
839.893443 -10.819993 -27.663673
840.574417 -9.520571 -26.982699
841.396742 -8.329433 -26.160374
842.052037 -7.221315 -25.505080
842.810125 -6.246748 -24.746991
843.478272 -5.358809 -24.078844
844.107862 -4.550280 -23.449255
844.865951 -3.821159 -22.691166
845.598334 -3.171448 -21.958783
846.343570 -2.536175 -21.213547
847.050274 -1.973092 -20.506842
847.782658 -1.460542 -19.774459
848.515042 -0.973258 -19.042075
849.337367 -0.540117 -18.219750
849.915572 -0.143072 -17.641545
850.699365 0.243146 -16.857751
852.099896 0.943390 -15.457221
852.755191 1.246588 -14.801926
853.487574 1.585882 -14.069543
854.232810 1.907128 -13.324307
854.875252 2.231984 -12.681864
855.697577 2.520744 -11.859539
856.417109 2.755362 -11.140008
857.188049 2.910571 -10.369067
857.881901 3.083828 -9.675216
858.588580 3.264303 -8.968537
859.372373 3.397855 -8.184744
860.066200 3.560282 -7.490917
860.824288 3.737148 -6.732829
861.530992 3.928452 -6.026125
862.250523 4.145023 -5.306593
862.982907 4.386860 -4.574210
863.651054 4.603430 -3.906063
864.293496 4.874143 -3.263621
865.205763 5.227875 -2.351354
865.822500 5.577997 -1.734617
866.529204 5.942557 -1.027913
867.312972 6.364870 -0.244145
868.019676 6.823277 0.462559
868.726355 7.281684 1.169238
869.535828 7.768968 1.978711
870.178295 8.256251 2.621178
870.949211 8.772411 3.392094
871.617358 9.324666 4.060241
872.362594 9.894968 4.805477
873.210623 10.483318 5.653507
873.814508 11.082496 6.257392
874.546917 11.674455 6.989801
875.279301 12.327776 7.722184
876.024537 12.948611 8.467420
876.834010 13.576666 9.276893
877.502157 14.237206 9.945040
878.131746 14.919403 10.574630
878.966924 15.594381 11.409807
879.699307 16.305454 12.142191
880.328897 17.002089 12.771780
881.202632 17.752867 13.645515
881.922163 18.528911 14.365046
883.284136 20.124314 15.727020
883.990841 20.940063 16.433724
884.710372 21.773860 17.153255
885.571254 22.661799 18.014137
887.087405 24.477382 19.530289
887.717021 25.437512 20.159904
888.423699 26.448175 20.866583
889.207493 27.480495 21.650376
890.543761 29.602887 22.986644
891.237613 30.725445 23.680496
891.982849 31.844393 24.425732
893.177792 34.280813 25.620675
894.000117 35.533314 26.443000
894.706796 36.843567 27.149679
895.876059 39.482121 28.318943
896.544181 40.348404 28.987064
897.417890 32.436353 28.113355
898.021801 29.216669 27.509445
898.728479 26.238823 26.802766
899.383774 23.423406 26.147471
900.000511 20.983377 25.530734
900.694363 18.669682 24.836882
901.401042 16.543682 24.130203
902.094894 14.681175 23.436351
902.698779 12.970268 22.832466
903.456867 11.367647 22.074378
904.176398 9.905796 21.354847
904.934487 8.624421 20.596758
906.180839 6.386527 19.350406
906.938902 5.375865 18.592343
908.455079 3.610816 17.076166
909.187463 2.831162 16.343782
910.459520 1.502863 15.071725
911.166199 1.019190 14.365046
911.821494 0.596877 13.709752
912.669523 0.253974 12.861722
913.363350 0.037404 12.167895
913.980113 -0.179167 11.551133
914.995173 -0.392128 10.536072
916.215795 -0.825269 9.315450
916.961031 -1.009353 8.570214
917.693440 -1.233143 7.837805
918.387267 -1.417228 7.143979
919.209592 -1.695160 6.321654
919.839181 -2.023625 5.692064
920.558738 -2.370137 4.972507
921.303974 -2.716650 4.227271
922.074889 -3.077601 3.456356
922.730184 -3.434942 2.801061
923.565361 -3.781455 1.965884
924.297770 -4.127967 1.233475
924.953040 -4.431166 0.578206
925.801069 -4.691050 -0.269824
926.533453 -4.994249 -1.002208
927.265862 -5.304667 -1.734617
927.998246 -5.607865 -2.467000
928.807718 -5.957987 -3.276473
929.411629 -6.373081 -3.880383
930.208249 -6.780955 -4.677004
931.004869 -7.192439 -5.473624
931.647337 -7.636408 -6.116091
932.341163 -8.112863 -6.809918
933.124956 -8.567661 -7.593711
933.741694 -9.080211 -8.210448
934.525487 -9.603589 -8.994242
935.938844 -10.747803 -10.407599
936.684080 -11.336153 -11.152835
937.365080 -11.938940 -11.833835
938.123168 -12.559775 -12.591923
938.958346 -13.173392 -13.427100
940.230378 -14.476424 -14.699132
940.962787 -15.169449 -15.431541
941.746554 -15.902179 -16.215309
942.568879 -16.660175 -17.037634
943.185642 -17.454267 -17.654397
943.918026 -18.270016 -18.386781
945.215763 -20.013408 -19.684517
946.089497 -20.948270 -20.558252
946.667677 -21.908399 -21.136432
947.464323 -22.908233 -21.933078
948.132470 -23.922504 -22.601225
949.044736 -25.012576 -23.513491
950.239679 -27.301004 -24.708434
950.984915 -28.481313 -25.453670
952.488240 -31.040455 -26.956995
953.734592 -33.729539 -28.203347
954.389887 -35.130029 -28.858642
955.225064 -25.149737 -28.023464
955.880359 -22.309055 -27.368170
956.535654 -19.796837 -26.712875
957.216653 -17.519238 -26.031876
957.871948 -15.469038 -25.376581
958.463006 -13.635408 -24.785523
959.208242 -11.982254 -24.040287
959.786447 -10.491528 -23.462082
960.570215 -9.112696 -22.678314
961.289746 -7.871026 -21.958783
962.638893 -5.799169 -20.609636
963.435513 -4.907621 -19.813016
964.116512 -4.120748 -19.132017
964.758954 -3.380799 -18.489574
965.568452 -2.741917 -17.680076
966.339368 -2.146348 -16.909161
967.084604 -1.626579 -16.163925
967.778456 -1.153734 -15.470073
968.485134 -0.731421 -14.763394
969.281780 -0.319938 -13.966749
969.924222 0.059061 -13.324307
970.579517 0.391135 -12.669012
971.363285 0.723210 -11.885244
971.992900 1.019190 -11.255629
972.712431 1.311560 -10.536098
973.496224 1.643634 -9.752305
974.151519 1.936004 -9.097010
974.858198 2.181451 -8.390331
975.564876 2.412459 -7.683652
976.361522 2.636249 -6.887007
977.145290 2.849210 -6.103239
978.430200 3.184894 -4.818329
979.406703 3.368979 -3.841826
979.984908 3.531406 -3.263621
980.781528 3.672177 -2.467000
981.449675 3.870700 -1.798853
982.182059 4.098099 -1.066470
983.081498 4.343546 -0.167030
984.404915 4.989647 1.156386
985.163003 5.375865 1.914474
986.602091 6.260194 3.353562
987.295917 6.751087 4.047388
988.092563 7.241980 4.844034
989.467389 8.411460 6.218860
990.199772 9.007029 6.951243
990.893599 9.631474 7.645070
991.728776 10.255919 8.480247
992.384071 10.902021 9.135542
993.180716 11.587827 9.932187
993.797454 12.309729 10.548925
994.491305 13.013583 11.242777
995.262221 13.753532 12.013692
996.123103 14.522357 12.874574
996.778398 15.298401 13.529869
997.523634 16.110541 14.275105
998.294574 16.958775 15.046046
998.937017 17.832276 15.688488
999.682253 18.720215 16.433724
1000.376079 19.611764 17.127550
1001.198404 20.579112 17.949875
1001.892256 21.568118 18.643727
1002.470461 22.582390 19.221933
1003.408433 23.614710 20.159904
1004.127964 24.740876 20.879435
1004.718996 25.852606 21.470468
1005.464232 27.032915 22.215704
1006.170937 28.220444 22.922408
1006.877615 29.469335 23.629087
1007.584320 30.775978 24.335791
1008.316703 32.079011 25.068174
1008.971998 33.439797 25.723469
1009.820002 34.815021 26.571473
1010.989266 37.727897 27.740737
1011.721649 39.200579 28.473121
1012.788119 28.982051 27.406651
1014.201477 23.235711 25.993293
1014.818240 20.835387 25.376530
1015.422125 18.525302 24.772645
1016.064567 16.522025 24.130203
1016.732714 14.627033 23.462056
1017.336624 12.937783 22.858146
1018.184629 11.349599 22.010141
1018.865628 9.909406 21.329142
1020.304690 7.465769 19.890080
1020.895748 6.375698 19.299022
1021.551043 5.408350 18.643727
1022.373368 4.484316 17.821402
1023.786751 2.841991 16.408019
1024.519135 2.148965 15.675635
1025.264371 1.528130 14.930399
1025.958222 1.040847 14.236548
1026.549255 0.643801 13.645515
1027.384432 0.308117 12.810338
1028.052579 0.098765 12.142191
1028.836373 -0.103367 11.358397
1030.185494 -0.522070 10.009276
1030.943582 -0.702545 9.251188
1031.675966 -0.901068 8.518804
1032.408349 -1.103201 7.786421
1033.127880 -1.323380 7.066890
1034.014467 -1.547170 6.180303
1035.260795 -2.218538 4.933975
1036.083120 -2.565051 4.111650
1036.725587 -2.882687 3.469183
1037.522207 -3.240029 2.672563
1038.267443 -3.575713 1.927327
1038.999827 -3.900568 1.194943
1039.693679 -4.221815 0.501091
1040.503151 -4.478089 -0.308381
1041.222683 -4.756022 -1.027913
1041.993623 -5.059220 -1.798853
1042.764564 -5.366028 -2.569794
1044.203627 -6.055444 -4.008857
1044.936010 -6.448880 -4.741240
1045.604157 -6.853145 -5.409387
1046.259452 -7.250191 -6.064682
1047.081777 -7.712208 -6.887007
1047.788481 -8.170615 -7.593711
1048.495160 -8.654289 -8.300390
1049.266101 -9.188496 -9.071331
1049.985632 -9.708265 -9.790862
1050.820809 -10.267738 -10.626039
1051.424720 -10.859698 -11.229950
1052.799545 -12.061663 -12.604775
1053.724664 -12.718594 -13.529894
1054.392811 -13.361086 -14.198041
1055.651991 -14.664118 -15.457221
1056.512873 -15.440162 -16.318103
1057.155315 -16.198159 -16.960545
1058.003345 -17.010298 -17.808575
1059.378171 -18.713985 -19.183401
1059.982081 -19.645238 -19.787311
1060.894348 -20.558443 -20.699578
1062.166380 -22.590596 -21.971610
1062.873084 -23.651791 -22.678314
1063.592615 -24.788786 -23.397845
1064.414940 -25.940219 -24.220170
1065.648440 -28.448828 -25.453670
1066.316587 -29.694108 -26.121817
1066.920498 -31.127083 -26.725728
1067.832764 -32.491477 -27.637994
1069.104796 -35.375475 -28.910026
1070.004210 -25.478202 -28.010612
1070.672357 -22.670005 -27.342465
1071.366209 -20.139740 -26.648613
1072.715330 -15.743361 -25.299492
1073.293535 -13.891683 -24.721287
1073.987387 -12.224091 -24.027435
1074.809712 -10.686441 -23.205110
1076.030360 -8.094815 -21.984462
1076.698507 -6.968649 -21.316315
1077.572216 -6.012130 -20.442606
1078.201806 -5.127801 -19.813016
1078.818569 -4.344538 -19.196253
1079.615189 -3.593760 -18.399633
1080.244804 -2.954878 -17.770018
1080.951483 -2.341261 -17.063339
1081.773808 -1.817883 -16.241014
1082.467660 -1.323380 -15.547162
1083.277132 -0.872192 -14.737690
1084.664811 -0.092539 -13.350011
1085.294400 0.257584 -12.720422
1086.142430 0.596877 -11.872392
1086.720636 0.896466 -11.294186
1087.517281 1.178008 -10.497541
1088.223960 1.466768 -9.790862
1088.866402 1.784405 -9.148420
1089.598786 2.040680 -8.416036
1090.382579 2.268079 -7.632243
1090.960785 2.491868 -7.054037
1091.808789 2.715658 -6.206033
1092.554025 2.903352 -5.460797
1093.196493 3.087437 -4.818329
1093.941729 3.235427 -4.073093
1094.596998 3.401464 -3.417824
1095.445028 3.553063 -2.569794
1096.138880 3.686615 -1.875942
1096.909820 3.917624 -1.105002
1097.565115 4.137804 -0.449707
1098.451677 4.368812 0.436855
1099.106971 4.686449 1.092149
1099.877912 5.029352 1.863090
1100.481797 5.440836 2.466975
1101.368384 5.895634 3.353562
1102.049358 6.332384 4.034536
1102.756062 6.830496 4.741240
1103.475593 7.371922 5.460771
1104.143740 7.949443 6.128918
1104.978918 8.534184 6.964096
1105.659892 9.129752 7.645070
1106.353744 9.754197 8.338922
1107.111832 10.396689 9.097010
1107.805658 11.057229 9.790836
1108.692245 11.753864 10.677423
1109.938573 13.183229 11.923751
1110.658129 13.919569 12.643307
1111.377660 14.699223 13.362838
1112.289927 15.500534 14.275105
1112.932369 16.348768 14.917547
1113.703310 17.189784 15.688488
1114.397136 18.059675 16.382314
1115.206634 19.005366 17.191812
1115.900461 19.965496 17.885639
1116.645697 20.940063 18.630875
1117.365228 21.965164 19.350406
1118.071932 23.026359 20.057110
1118.727227 24.127260 20.712405
1119.510994 25.275084 21.496172
1120.217699 26.455394 22.202877
1120.937230 27.689846 22.922408
1121.643909 28.978441 23.629087
1122.299203 30.288694 24.284381
1123.057292 31.616994 25.042470
1123.776823 33.010265 25.762001
1125.254442 35.962846 27.239620
1126.410854 39.009274 28.396032
1127.104680 40.615508 29.089858
1127.798532 42.207303 29.783710
1129.044859 45.199591 31.030037
1129.802947 46.661444 31.788125
1131.113537 49.632076 33.098715
1131.858773 51.093930 33.843951
1132.501215 52.523298 34.486393
1133.156509 53.876868 35.141687
1133.760394 55.226827 35.745572
1135.173777 57.825681 37.158955
1135.841924 58.980727 37.827102
1136.522898 60.070802 38.508076
1137.332396 61.067029 39.317574
1137.987691 61.951362 39.972869
1138.694370 62.814037 40.679548
1139.413901 63.608132 41.399079
1140.107753 64.315598 42.092931
1140.878668 65.037503 42.863846
1141.649609 65.737750 43.634787
1142.921641 66.954159 44.906819
1143.641172 67.531683 45.626350
1144.335024 68.058673 46.320202
1145.208733 68.578445 47.193911
1145.864028 69.098216 47.849206
1146.557880 69.563845 48.543058
1147.213174 70.025864 49.198352
1148.112588 70.480664 50.097766
1148.780735 70.877712 50.765913
1149.551651 71.267540 51.536829
1150.245502 71.704293 52.230680
1151.029270 72.112169 53.014448
1151.723122 72.491169 53.708300
1152.352712 72.859341 54.337890
1153.239273 73.202246 55.224451
1154.202924 58.969898 54.260801
1155.500661 51.833881 52.963064
1156.644220 45.322314 51.819505
1157.415135 42.330027 51.048590
1158.031898 39.431587 50.431827
1158.828518 36.731672 49.635207
1159.972077 31.624213 48.491648
1160.575962 29.382707 47.887763
1161.205552 27.238657 47.258173
1162.066434 25.220941 46.397291
1162.657492 23.275416 45.806233
1163.364171 21.463442 45.099554
1164.738996 18.110208 43.724728
1165.381439 16.608653 43.082286
1166.036733 15.204554 42.426992
1166.781969 13.858207 41.681756
1167.514353 12.616537 40.949372
1168.375235 11.454275 40.088490
1169.428827 9.357151 39.034898
1170.161211 8.378975 38.302514
1170.855062 7.491036 37.608662
1171.664535 6.668068 36.799190
1172.332682 5.873977 36.131043
1173.052213 5.105152 35.411512
1173.733213 4.415736 34.730512
1174.401360 3.751586 34.062365
1175.185127 3.087437 33.278597
1175.878979 2.546011 32.584746
1176.547101 1.990147 31.916624
1177.240953 1.499254 31.222772
1178.076130 1.037237 30.387595
1178.757104 0.607706 29.706621
1179.412399 0.286460 29.051326
1180.067693 -0.002301 28.396032
1180.851486 -0.305500 27.612238
1181.583870 -0.576213 26.879855
1182.200607 -0.879411 26.263117
1182.958696 -1.106810 25.505029
1183.588286 -1.276457 24.875439
1184.269285 -1.467761 24.194440
1185.168699 -1.648236 23.295026
1185.836846 -1.821492 22.626879
1186.607787 -2.005577 21.855938
1187.288761 -2.168005 21.174964
1188.098259 -2.319604 20.365466
1188.856322 -2.489251 19.607403
1189.537321 -2.640850 18.926404
1190.256852 -2.817716 18.206872
1190.989236 -3.016239 17.474489
1191.927207 -3.247248 16.536518
1193.289206 -3.716484 15.174519
1194.060121 -3.929444 14.403603
1194.766826 -4.153234 13.696899
1195.653387 -4.377023 12.810338
1196.385771 -4.597203 12.077954
1196.963976 -4.828212 11.499748
1197.773449 -5.048392 10.690276
1198.493006 -5.304667 9.970719
1199.341010 -5.582599 9.122715
1200.034862 -5.838874 8.428863
1200.831482 -6.142072 7.632243
1201.499629 -6.398347 6.964096
1202.116392 -6.687108 6.347333
1203.015806 -6.979478 5.447919
1203.761042 -7.261019 4.702683
1204.364927 -7.556999 4.098798
1205.328603 -7.881854 3.135122
1205.983897 -8.203101 2.479827
1206.690576 -8.524347 1.773149
1207.422960 -8.874469 1.040765
1208.245310 -9.239029 0.218415
1208.964841 -9.581932 -0.501117
1209.697225 -9.960930 -1.233500
1210.545255 -10.311053 -2.081530
1211.842992 -11.087097 -3.379267
1212.729553 -11.473314 -4.265828
1213.307759 -11.830655 -4.844034
1214.117231 -12.213263 -5.653507
1214.811083 -12.617528 -6.347358
1215.402141 -13.018183 -6.938416
1216.301555 -13.429667 -7.837830
1216.956850 -13.848369 -8.493125
1217.650702 -14.277901 -9.186977
1218.485879 -14.747137 -10.022154
1219.886410 -15.700047 -11.422685
1220.618793 -16.227035 -12.155068
1221.286940 -16.757632 -12.823215
1222.083560 -17.255744 -13.619836
1222.790239 -17.836875 -14.326514
1223.535475 -18.399958 -15.071750
1224.255032 -19.024403 -15.791307
1224.948858 -19.587486 -16.485133
1226.490740 -20.930223 -18.027015
1227.801329 -22.384854 -19.337604
1228.508008 -23.056223 -20.044283
1229.176155 -23.890019 -20.712430
1229.972775 -24.716596 -21.509050
1230.602390 -25.597316 -22.138665
1231.283364 -26.463598 -22.819639
1232.131394 -27.456213 -23.667669
1232.889482 -28.409123 -24.425758
1234.225776 -30.437667 -25.762052
1235.420719 -32.617810 -26.956995
1236.345838 -33.816167 -27.882113
1237.566486 -36.184005 -29.102761
1238.388811 -37.454553 -29.925086
1238.967017 -38.685396 -30.503292
1239.712253 -39.916239 -31.248528
1240.341842 -41.251758 -31.878118
1241.009989 -42.522305 -32.546265
1241.652432 -43.782025 -33.188707
1242.500461 -45.103106 -34.036737
1243.104372 -46.315902 -34.640647
1243.733962 -47.608107 -35.270237
1244.466345 -48.755932 -36.002620
1245.121640 -49.954290 -36.657915
1245.751255 -51.123772 -37.287530
1246.535023 -52.184969 -38.071298
1247.190317 -53.188414 -38.726593
1247.858464 -54.195468 -39.394740
1248.449522 -55.119504 -39.985798
1249.323232 -56.003835 -40.859507
1250.017083 -56.848461 -41.553359
1250.672378 -57.656992 -42.208653
1251.404762 -58.422210 -42.941037
1252.201407 -59.104408 -43.737682
1252.843849 -59.822702 -44.380125
1253.563381 -60.591529 -45.099656
1254.218675 -61.244851 -45.754950
1254.951059 -61.923440 -46.487334
1256.313058 -63.208428 -47.849333
1256.981205 -63.789560 -48.517480
1257.739293 -64.374302 -49.275568
1258.356030 -64.890463 -49.892306
1259.229765 -65.569052 -50.766040
1259.885060 -66.114089 -51.421335
1260.617443 -66.630250 -52.153718
1261.324122 -67.229430 -52.860397
1261.953737 -67.745591 -53.490012
1262.853151 -68.297848 -54.389426
1263.444209 -68.803180 -54.980484
1264.215150 -69.297684 -55.751425
1264.857592 -67.799734 -56.393867
1265.577123 -60.028444 -55.674336
1266.605061 -52.610892 -54.646398
1267.208946 -49.138540 -54.042513
1267.800004 -45.756427 -53.451455
1268.532388 -42.587277 -52.719072
1269.650242 -36.692946 -51.601218
1270.446888 -34.025519 -50.804572
1271.551889 -29.102149 -49.699570
1272.232889 -26.835377 -49.018571
1273.003804 -24.687720 -48.247656
1274.185920 -20.811109 -47.065540
1274.815510 -19.064107 -46.435950
1275.560746 -17.429000 -45.690714
1276.807098 -14.490862 -44.444361
1277.552334 -13.177001 -43.699125
1278.246161 -11.953378 -43.005299
1278.888628 -10.819993 -42.362831
1279.788042 -9.733531 -41.463417
1280.366248 -8.740917 -40.885212
1281.021543 -7.816883 -40.229917
1281.805310 -6.943383 -39.446149
1282.563399 -6.113196 -38.688061
1283.347192 -5.387685 -37.904268
1284.015339 -4.680222 -37.236121
1284.709165 -4.005244 -36.542294
1285.492959 -3.395237 -35.758501
1286.353841 -2.824935 -34.897619
1287.600193 -1.893683 -33.651266
1288.242636 -1.453323 -33.008824
1289.874433 -0.695326 -31.377026
1291.107933 -0.031177 -30.143526
1291.788933 0.293679 -29.462527
1292.521316 0.593268 -28.730143
1293.292257 0.878419 -27.959202
1293.998936 1.149132 -27.252524
1294.757024 1.401797 -26.494435
1295.502260 1.683339 -25.749199
1296.337438 1.946833 -24.914022
1296.928496 2.170622 -24.322964
1297.673732 2.401631 -23.577728
1298.547441 2.585716 -22.704019
1299.215588 2.737315 -22.035872
1300.037913 2.856429 -21.213547
1300.667528 2.979152 -20.583931
1301.451296 3.087437 -19.800164
1302.222237 3.199332 -19.029223
1302.838974 3.347322 -18.412485
1303.699856 3.524187 -17.551603
1304.432240 3.672177 -16.819220
1305.190328 3.856262 -16.061131
1305.858475 4.018690 -15.392984
1306.822151 4.173899 -14.429308
1308.171272 4.516802 -13.080187
1308.877977 4.693668 -12.373483
1309.726006 4.852486 -11.525453
1310.342744 5.032961 -10.908716
1311.177921 5.195389 -10.073538
1311.846068 5.440836 -9.405391
1312.578452 5.715158 -8.673008
1313.362245 5.982262 -7.889215
1313.978982 6.263803 -7.272477
1314.788455 6.548954 -6.463005
1315.482307 6.826887 -5.769153
1316.086192 7.101209 -5.165268
1316.780044 7.397189 -4.471416
1317.615221 7.682340 -3.636239
1318.424694 7.974710 -2.826766
1319.118545 8.292347 -2.132914
1319.863781 8.595545 -1.387678
1320.480519 8.891525 -0.770941
1321.315696 9.194723 0.064237
1322.099489 9.512360 0.848030
1322.780463 9.833606 1.529004
1323.525699 10.154852 2.274240
1324.309493 10.472489 3.058033
1325.054729 10.804564 3.803269
1325.825669 11.133029 4.574210
1326.455259 11.443447 5.203800
1327.226175 11.771912 5.974715
1327.971411 12.114815 6.719951
1328.639558 12.461328 7.388098
1329.500440 12.786184 8.248980
1330.104325 13.143525 8.852865
1330.965207 13.493647 9.713747
1331.671911 13.850988 10.420452
1332.391442 14.186673 11.139983
1333.149531 14.529576 11.898071
1333.817652 14.883308 12.566193
1334.807033 15.251478 13.555574
1335.488007 15.626866 14.236548
1336.143302 15.962551 14.891842
1336.862858 16.323502 15.611399
1337.479596 16.706109 16.228136
1338.481804 17.110374 17.230344
1339.265597 17.518249 18.014137
1339.985128 17.897247 18.733668
1340.717512 18.315950 19.466052
1341.385659 18.734653 20.134199
1342.220836 19.182232 20.969376
1342.876131 19.644249 21.624671
1343.711308 20.109876 22.459848
1344.456544 20.543017 23.205084
1345.291721 21.037520 24.040262
1345.959868 21.521194 24.708409
1346.615138 22.037354 25.363678
1347.321842 22.575171 26.070382
1348.054225 23.131035 26.802766
1348.979344 23.676071 27.727885
1350.379875 24.892476 29.128415
1351.022317 25.513312 29.770857
1351.690464 26.163023 30.439004
1352.474232 26.838002 31.222772
1353.129526 27.552685 31.878067
1353.900467 28.292634 32.649008
1354.530057 29.003708 33.278597
1355.223883 29.776143 33.972424
1356.007677 30.573845 34.756217
1356.675824 31.418471 35.424364
1357.331118 32.259487 36.079659
1358.037797 33.154646 36.786337
1358.924359 34.071462 37.672899
1359.515417 34.984668 38.263957
1360.222095 35.948408 38.970636
1360.890242 36.951852 39.638783
1361.506980 37.951687 40.255520
1362.303625 39.012884 41.052166
1363.010304 40.095738 41.758845
1363.896866 30.887873 40.872283
1364.577865 28.270977 40.191284
1365.811365 23.430625 38.957783
1366.466635 21.250481 38.302514
1367.134782 19.359098 37.634367
1367.905722 17.608487 36.863426
1368.561017 15.951722 36.208132
1369.203459 14.479043 35.565690
1369.922990 13.096601 34.846158
1370.616842 11.800788 34.152307
1371.195022 10.587993 33.574126
1371.773228 9.479875 32.995921
1372.724052 8.498088 32.045097
1373.327937 7.581274 31.441212
1374.047468 6.693335 30.721681
1374.805556 5.877586 29.963593
1375.435146 5.166513 29.334003
1376.218939 4.459050 28.550210
1376.977028 3.830996 27.792121
1378.300444 2.694001 26.468705
1379.020000 2.163403 25.749148
1379.752384 1.694167 25.016765
1380.510472 1.282684 24.258676
1381.692563 0.589658 23.076586
1382.591977 0.300898 22.177172
1383.324361 0.098765 21.444788
1384.056744 -0.063663 20.712405
1385.341629 -0.421004 19.427520
1386.189658 -0.612308 18.579490
1386.986304 -0.800002 17.782845
1387.718688 -0.955211 17.050461
1388.451071 -1.103201 16.318078
1389.324806 -1.272847 15.444343
1389.941543 -1.438885 14.827606
1390.661074 -1.601313 14.108074
1391.354926 -1.760131 13.414223
1392.035900 -1.908121 12.733249
1392.909635 -2.063329 11.859514
1393.642018 -2.211319 11.127130
1394.387254 -2.453156 10.381894
1395.055401 -2.676946 9.713747
1395.864874 -2.915173 8.904275
1396.622962 -3.135353 8.146186
1397.381051 -3.362752 7.388098
1398.126287 -3.572103 6.642862
1398.961464 -3.767017 5.807685
1399.565349 -3.961930 5.203800
1400.336290 -4.189329 4.432859
1401.094378 -4.395071 3.674770
1401.813910 -4.636908 2.955239
1402.559146 -4.835431 2.210003
1403.407175 -5.084487 1.361973
1404.062470 -5.319105 0.706679
1404.846238 -5.597037 -0.077089
1405.591474 -5.871359 -0.822325
1406.400972 -6.134853 -1.631823
1407.107651 -6.398347 -2.338502
1407.827182 -6.658232 -3.058033
1408.521034 -6.954211 -3.751885
1409.163476 -7.257410 -4.394327
1410.217093 -7.578656 -5.447944
1411.527682 -8.213929 -6.758534
1412.144420 -8.542394 -7.375271
1413.005302 -8.849202 -8.236153
1413.724833 -9.192105 -8.955684
1414.405833 -9.524180 -9.636684
1415.228158 -9.877912 -10.459009
1415.960541 -10.181110 -11.191392
1416.821423 -10.534842 -12.052275
1418.132013 -11.198991 -13.362864
1418.851544 -11.505799 -14.082395
1419.571075 -11.899236 -14.801926
1420.547603 -12.234920 -15.778455
1421.909577 -13.003745 -17.140428
1422.603429 -13.389962 -17.834280
1423.361517 -13.812274 -18.592368
1424.119605 -14.234587 -19.350457
1424.877668 -14.649680 -20.108520
1425.532963 -15.061164 -20.763814
1426.201110 -15.479867 -21.431961
1427.061992 -15.913007 -22.292843
1427.858612 -16.364196 -23.089464
1428.565317 -16.847870 -23.796168
1429.233464 -17.331544 -24.464315
1430.042936 -17.822437 -25.273787
1430.865261 -18.327768 -26.096112
1431.443467 -18.825880 -26.674318
1432.240112 -19.381744 -27.470964
1432.895407 -19.948437 -28.126258
1433.499292 -20.518739 -28.730143
1434.540057 -21.143184 -29.770908
1435.786410 -22.395683 -31.017261
1436.595882 -23.067051 -31.826733
1437.276882 -23.713153 -32.507733
1437.983560 -24.438664 -33.214412
1438.690265 -25.196661 -33.921116
1439.384091 -26.001581 -34.614942
1440.026533 -26.723483 -35.257384
1440.951652 -27.550060 -36.182503
1441.568415 -28.437999 -36.799266
1442.223709 -29.362033 -37.454561
1442.981798 -30.264410 -38.212649
1443.701329 -31.231759 -38.932180
1444.626448 -32.224374 -39.857299
1445.757154 -34.382860 -40.988005
1446.502390 -35.332161 -41.733241
1447.157685 -36.451109 -42.388536
1447.838684 -37.414848 -43.069535
1448.468274 -30.841932 -42.439946
1449.059332 -27.853259 -41.848888
1449.766036 -25.135299 -41.142183
1451.089452 -20.460987 -39.818767
1452.374362 -16.631299 -38.533857
1453.093893 -14.960098 -37.814326
1453.736336 -13.458543 -37.171884
1454.455867 -12.072492 -36.452353
1455.149719 -10.805555 -35.758501
1455.882102 -9.628856 -35.026117
1456.524544 -8.567661 -34.383675
1457.218396 -7.582265 -33.689823
1457.925075 -6.614918 -32.983145
1458.657484 -5.766683 -32.250736
1459.479809 -5.023125 -31.428411
1460.173635 -4.366195 -30.734584
1460.957429 -3.748969 -29.950791
1461.741222 -3.178667 -29.166998
1462.409343 -2.662508 -28.498876
1463.038959 -2.189662 -27.869261
1463.835579 -1.781788 -27.072641
1464.542283 -1.366695 -26.365937
1465.223257 -1.016572 -25.684963
1466.019903 -0.666450 -24.888317
1466.688050 -0.348814 -24.220170
1467.471817 -0.067272 -23.436402
1468.152817 0.210660 -22.755403
1468.769554 0.456106 -22.138665
1469.553347 0.679896 -21.354872
1470.298583 0.918123 -20.609636
1471.005262 1.178008 -19.902957
1471.776203 1.416235 -19.132017
1472.739879 1.629196 -18.168341
1473.973379 2.011804 -16.934840
1474.718615 2.188670 -16.189604
1475.412442 2.361926 -15.495778
1476.286176 2.513525 -14.622043
1476.941471 2.661515 -13.966749
1477.661002 2.802286 -13.247218
1478.431943 2.925009 -12.476277
1479.164326 3.040513 -11.743893
1480.038061 3.134361 -10.870159
1480.719035 3.257084 -10.189185
1481.451419 3.390636 -9.456801
1482.132418 3.556673 -8.775802
1483.070389 3.715491 -7.837830
1483.648595 3.877919 -7.259625
1484.342421 4.033128 -6.565798
1485.087657 4.209994 -5.820562
1485.832893 4.361593 -5.075326
1486.603834 4.538459 -4.304386
1487.284833 4.722544 -3.623386
1488.094306 4.935505 -2.813914
1488.762453 5.184561 -2.145767
1490.240073 5.765691 -0.668147
1490.933899 6.068890 0.025679
1491.691987 6.382917 0.783768
1492.372987 6.711382 1.464767
1493.092518 7.036238 2.184298
1493.824902 7.386360 2.916682
1494.685784 7.747311 3.777564
1495.379636 8.075776 4.471416
1495.970668 8.425898 5.062449
1496.895787 8.790459 5.987567
1497.538229 9.122533 6.630010
1498.270638 9.483484 7.362419
1499.067258 9.829997 8.159039
1499.799642 10.223433 8.891422
1500.621967 10.580774 9.713747
1501.213025 10.948944 10.304805
1501.996793 11.327942 11.088573
1502.729202 11.696112 11.820982
1503.345939 12.067892 12.437720
1504.283910 12.464937 13.375691
1505.003442 12.876421 14.095222
1505.722973 13.273467 14.814753
1506.339736 13.688561 15.431516
1507.252002 14.114483 16.343782
1508.010090 14.533185 17.101871
1508.832415 14.959107 17.924196
1509.603331 15.392248 18.695111
1510.310035 15.865094 19.401815
1511.183744 16.287406 20.275525
1511.826186 16.745814 20.917967
1512.558595 17.229488 21.650376
1513.342363 17.709553 22.434144
1513.959101 18.207665 23.050881
1514.832835 18.731044 23.924616
1515.578071 19.272470 24.669852
1516.169129 19.813896 25.260910
1516.927192 20.384199 26.018973
1517.633896 20.976158 26.725677
1518.404812 21.607822 27.496592
1519.239989 22.207001 28.331770
1519.908136 22.874760 28.999917
1520.537726 23.556957 29.629506
1521.475697 24.271640 30.567478
1522.066755 25.011590 31.158536
1522.760582 25.787634 31.852362
1523.480138 26.621431 32.571919
1524.161112 27.462447 33.252893
1524.996290 28.303463 34.088070
1525.625879 29.198622 34.717660
1526.358263 30.119047 35.450043
1527.013558 31.097224 36.105338
1527.771646 32.122325 36.863426
1528.401236 33.187131 37.493016
1529.146472 34.273594 38.238252
1529.891708 35.327572 38.983488
1531.433589 37.641269 40.525370
1532.615680 40.070471 41.707460
1533.232417 41.178592 42.324198
1533.977653 34.500993 41.578962
1534.671480 31.212729 40.885135
1535.815039 25.921186 39.741577
1536.585979 23.553348 38.970636
1538.012189 19.434898 37.544426
1539.117191 15.897580 36.439424
1540.055162 14.396024 35.501453
1540.684752 12.988316 34.871863
1541.352899 11.696112 34.203716
1542.136692 10.519413 33.419923
1542.804814 9.411294 32.751801
1543.434429 8.393413 32.122186
1544.128255 7.433284 31.428360
1544.950580 6.567002 30.606035
1546.312554 5.065447 29.244061
1547.006406 4.419345 28.550210
1547.623143 3.758805 27.933472
1548.381231 3.177675 27.175384
1549.036526 2.639858 26.520089
1549.820319 2.138137 25.736296
1550.591235 1.679729 24.965381
1551.207997 1.289903 24.348618
1551.850440 0.932561 23.706176
1552.698469 0.629363 22.858146
1553.405148 0.369478 22.151467
1554.201768 0.174565 21.354847
1554.895620 0.041013 20.660995
1555.589447 -0.146681 19.967169
1556.437476 -0.334376 19.119139
1557.157008 -0.518460 18.399608
1557.863712 -0.684498 17.692903
1558.647480 -0.836097 16.909136
1559.367036 -1.005744 16.189579
1560.048010 -1.171781 15.508605
1560.767541 -1.330599 14.789074
1561.641276 -1.478589 13.915339
1563.003249 -1.770959 12.553366
1563.748485 -1.918949 11.808130
1564.403780 -2.052501 11.152835
1565.200426 -2.254633 10.356190
1565.817163 -2.453156 9.739452
1566.767987 -2.691384 8.788629
1567.474665 -2.911564 8.081950
1568.168517 -3.120915 7.388098
1569.042226 -3.323047 6.514389
1569.813167 -3.546837 5.743448
1571.136609 -3.947492 4.420006
1571.843288 -4.149624 3.713328
1572.678465 -4.362585 2.878150
1573.526495 -4.561108 2.030120
1574.143232 -4.799336 1.413383
1574.939878 -5.008687 0.616737
1575.685114 -5.279400 -0.128499
1577.111349 -5.773902 -1.554734
1577.895117 -6.055444 -2.338502
1578.627501 -6.322547 -3.070885
1579.321352 -6.611308 -3.764737
1580.040884 -6.910897 -4.484268
1580.786120 -7.170782 -5.229504
1581.569913 -7.470371 -6.013298
1582.289444 -7.809664 -6.732829
1582.919034 -8.138129 -7.362419
1583.998356 -8.452157 -8.441741
1584.576536 -8.780622 -9.019921
1585.218978 -9.076601 -9.662363
1585.977067 -9.387019 -10.420452
1586.632361 -9.726312 -11.075746
1587.467539 -10.069216 -11.910924
1588.161391 -10.401290 -12.604775
1588.932331 -10.740584 -13.375716
1589.600453 -11.076268 -14.043838
1590.217216 -11.397514 -14.660601
1591.116630 -11.772903 -15.560015
1591.861866 -12.130244 -16.305251
1592.658511 -12.523680 -17.101896
1593.236692 -12.913507 -17.680076
1594.084721 -13.278067 -18.528106
1594.894219 -13.671504 -19.337604
1595.652308 -14.122692 -20.095693
1596.333282 -14.545004 -20.776667
1597.207016 -14.981755 -21.650401
1597.888016 -15.450991 -22.331401
1598.543310 -15.923836 -22.986695
1599.249989 -16.396681 -23.693374
1600.059462 -16.883965 -24.502847
1600.766166 -17.374858 -25.209551
1601.421461 -17.876579 -25.864845
1602.282343 -18.381910 -26.725728
1603.001874 -18.941384 -27.445259
1603.682873 -19.515296 -28.126258
1604.428109 -20.121693 -28.871494
1605.121936 -20.724481 -29.565321
1605.892877 -21.359754 -30.336261
1606.728054 -22.045560 -31.171439
1607.948702 -23.438830 -32.392087
1608.835263 -24.189608 -33.278648
1609.439174 -24.925948 -33.882559
1610.235794 -25.774182 -34.679179
1610.968203 -26.633245 -35.411588
1611.687734 -27.495917 -36.131119
1612.972619 -29.362033 -37.416003
1613.666470 -30.314944 -38.109855
1614.308913 -31.289511 -38.752297
1615.092706 -32.347097 -39.536091
1615.863621 -33.498530 -40.307006
1616.531768 -34.603040 -40.975153
1617.212768 -35.740036 -41.656152
1618.600446 -38.147579 -43.043831
1619.230036 -31.740699 -42.414241
1619.911035 -28.752026 -41.733241
1621.080273 -23.529068 -40.564003
1621.786977 -21.204545 -39.857299
1623.136098 -17.252135 -38.508178
1623.740009 -15.519571 -37.904268
1624.395303 -13.992750 -37.248973
1625.101982 -12.552556 -36.542294
1625.847218 -11.260353 -35.797058
1626.476833 -10.033121 -35.167443
1627.222069 -8.910564 -34.422207
1627.915896 -7.867416 -33.728381
1628.635452 -6.903678 -33.008824
1629.534866 -6.066273 -32.109410
1630.858308 -4.629689 -30.785968
1631.603544 -3.994416 -30.040732
1632.335928 -3.398847 -29.308349
1633.042632 -2.871859 -28.601645
1633.864957 -2.370137 -27.779320
1634.558783 -1.929778 -27.085493
1635.342576 -1.529122 -26.301700
1636.177754 -1.160953 -25.466523
1637.514048 -0.496803 -24.130229
1638.182195 -0.197214 -23.462082
1639.672667 0.333383 -21.971610
1640.289404 0.560782 -21.354872
1641.098877 0.788181 -20.545400
1641.818433 1.030018 -19.825843
1642.576496 1.261026 -19.067780
1643.296053 1.477597 -18.348223
1644.066968 1.676120 -17.577308
1644.747968 1.845767 -16.896309
1645.467499 2.019023 -16.176777
1646.392643 2.192279 -15.251633
1647.047938 2.369145 -14.596339
1647.664675 2.513525 -13.979601
1648.435616 2.672344 -13.208660
1649.232236 2.802286 -12.412040
1650.247296 2.928619 -11.396980
1651.403708 3.134361 -10.240569
1652.187475 3.239036 -9.456801
1652.984121 3.376198 -8.660155
1653.755062 3.527797 -7.889215
1654.525977 3.686615 -7.118299
1655.849419 3.989814 -5.794858
1656.646039 4.152242 -4.998237
1657.237097 4.321889 -4.407179
1658.149363 4.498754 -3.494913
1658.791806 4.686449 -2.852471
1659.511362 4.870534 -2.132914
1660.410776 5.126809 -1.233500
1661.734218 5.689892 0.089941
1662.466601 6.003919 0.822325
1663.134748 6.299898 1.490472
1664.034162 6.628364 2.389886
1664.638073 6.971267 2.993796
1665.396136 7.303342 3.751859
1666.115692 7.628197 4.471416
1666.848076 7.981929 5.203800
1667.644696 8.335661 6.000420
1668.274286 8.671345 6.630010
1669.109463 9.028686 7.465187
1669.739079 9.371589 8.094802
1670.779818 9.732540 9.135542
1671.961934 10.458051 10.317658
1672.732850 10.833440 11.088573
1673.580879 11.183562 11.936603
1674.364673 11.569779 12.720396
1675.019967 11.952387 13.375691
1675.752351 12.360262 14.108074
1676.561823 12.753698 14.917547
1677.178561 13.136306 15.534284
1678.078000 13.555009 16.433724
1678.810384 13.977321 17.166107
1679.542767 14.399634 17.898491
1680.326561 14.843603 18.682284
1681.084624 15.298401 19.440347
1681.791328 15.727933 20.147051
1682.600800 16.179121 20.956524
1683.384594 16.670014 21.740317
1683.975626 17.128422 22.331350
1684.977834 17.626534 23.333558
1685.556040 18.153522 23.911763
1686.301276 18.669682 24.656999
1686.995127 19.225546 25.350851
1687.740363 19.810287 26.096087
1688.549836 20.398637 26.905560
1689.192278 21.008644 27.548002
1690.001751 21.618651 28.357474
1690.669898 22.308067 29.025621
1692.134665 23.668852 30.490389
1692.828517 24.430459 31.184240
1693.612285 25.195675 31.968008
1694.190490 26.022252 32.546214
1694.987110 26.902973 33.342834
1695.693815 27.769255 34.049538
1696.387641 28.689681 34.743365
1697.068640 29.657029 35.424364
1697.801024 30.667692 36.156748
1698.584792 31.681965 36.940515
1699.201555 32.775647 37.557278
1699.869676 33.898205 38.225400
1700.640617 35.024373 38.996341
1701.989738 37.435527 40.345462
1702.632206 38.695247 40.987929
1703.351737 39.969405 41.707460
1703.981327 41.276049 42.337050
1704.713710 42.539379 43.069434
1705.381857 43.773832 43.737581
1706.139946 45.026334 44.495669
1706.833772 46.282445 45.189496
1708.028715 48.765792 46.384439
1708.915277 50.018294 47.271000
1709.583424 51.198606 47.939147
1710.868308 53.602544 49.224032
1711.523603 54.829780 49.879326
1712.243134 56.013702 50.598857
1713.026927 57.197624 51.382651
1713.682222 58.356280 52.037945
1714.311811 59.529374 52.667535
1715.146989 60.579744 53.502712
1715.776579 61.640943 54.132302
1716.573199 62.644390 54.928922
1717.960877 64.395008 56.316601
1718.641876 65.225198 56.997600
1719.412817 65.979588 57.768541
1720.145201 66.730369 58.500924
1720.800495 67.441445 59.156219
1721.507174 68.008140 59.862898
1722.201001 68.693950 60.556724
1723.023326 69.296740 61.379049
1723.717177 69.798464 62.072901
1724.346767 70.372378 62.702491
1725.181945 70.827178 63.537668
1725.901476 71.296417 64.257199
1726.608180 71.758436 64.963904
1727.430505 72.166312 65.786229
1728.355624 72.628331 66.711347
1729.550567 73.343017 67.906290
1730.308630 73.682313 68.664353
1731.002482 73.942199 69.358205
1731.811954 74.335637 70.167678
1732.531485 74.570256 70.887209
1733.263869 74.909552 71.619593
1733.854927 75.198314 72.210651
1734.651547 75.400447 73.007271
1735.383931 75.552048 73.739654
1736.553169 62.128229 72.570416
1737.298405 58.511489 71.825180
1737.876611 54.847828 71.246975
1738.506200 51.454881 70.617385
1739.765380 45.307876 69.358205
1740.369290 42.550207 68.754295
1741.088822 39.630111 68.034764
1741.718411 37.024042 67.405174
1742.540736 34.630936 66.582849
1743.799916 30.140704 65.323669
1744.429531 28.086892 64.694054
1745.020564 26.224385 64.103021
1745.727243 24.397973 63.396343
1746.446799 22.669018 62.676786
1747.050684 21.070005 62.072901
1747.821625 19.575669 61.301960
1748.502599 18.135475 60.620986
1749.234983 16.702500 59.888603
1749.903130 15.496924 59.220456
1750.545572 14.233596 58.578013
1751.290808 13.085773 57.832777
1752.087428 12.053453 57.036157
1752.755575 11.060839 56.368010
1753.449427 10.118757 55.674158
1754.117548 9.284961 55.006037
1754.747164 8.454774 54.376422
1755.595168 7.703997 53.528417
1756.301872 6.978486 52.821713
1756.969994 6.343213 52.153591
1757.740935 5.675454 51.382651
1758.499023 5.054618 50.624562
1759.257111 4.466269 49.866474
1759.950938 3.903186 49.172647
1760.606232 3.394245 48.517353
1761.338616 2.867257 47.784969
1762.058147 2.401631 47.065438
1762.777678 1.950442 46.345907
1763.612856 1.571444 45.510729
1764.281003 1.185227 44.842582
1764.897766 0.813448 44.225820
1765.668681 0.510249 43.454904
1766.311123 0.253974 42.812462
1767.094916 0.015747 42.028669
1767.878684 -0.280233 41.244901
1769.279215 -0.789173 39.844370
1770.011598 -1.016572 39.111987
1770.641188 -1.240362 38.482397
1771.450686 -1.431666 37.672899
1772.131660 -1.583265 36.991925
1773.005395 -1.698769 36.118190
1773.660689 -1.868416 35.462896
1774.341663 -2.009187 34.781922
1775.022663 -2.124691 34.100922
1775.755046 -2.243805 33.368539
1776.538840 -2.355699 32.584746
1777.206961 -2.467594 31.916624
1777.990754 -2.590317 31.132831
1778.620344 -2.694993 30.503241
1779.429817 -2.792450 29.693768
1780.213610 -2.936830 28.909975
1780.945994 -3.081210 28.177592
1781.678377 -3.211153 27.445208
1782.346524 -3.333876 26.777061
1783.233086 -3.503523 25.890499
1783.952617 -3.651512 25.170968
1784.633616 -3.824769 24.489969
1785.391705 -4.001635 23.731880
1786.149793 -4.182110 22.973792
1786.869324 -4.340928 22.254261
1787.691649 -4.525013 21.431936
1788.449738 -4.716317 20.673847
1789.053623 -4.911230 20.069962
1789.747475 -5.084487 19.376111
1790.582652 -5.257743 18.540933
1791.392125 -5.452656 17.731461
1792.214450 -5.647570 16.909136
1792.921154 -5.856921 16.202431
1793.602128 -6.048225 15.521457
1794.411626 -6.246748 14.711959
1795.169689 -6.430833 13.953896
1795.837836 -6.647403 13.285749
1796.750102 -6.845926 12.373483
1797.456806 -7.051668 11.666779
1798.124953 -7.242972 10.998632
1798.921574 -7.448714 10.202012
1799.653957 -7.668894 9.469628
1800.309252 -7.899902 8.814333
1801.195839 -8.098425 7.927746
1801.889665 -8.333043 7.233920
1802.699138 -8.527956 6.424447
1803.341580 -8.791450 5.782005
1804.086816 -9.026068 5.036769
1804.857757 -9.246248 4.265828
1805.602993 -9.444771 3.520592
1806.322524 -9.661341 2.801061
1807.042081 -9.874302 2.081505
1807.877258 -10.101701 1.246327
1808.673878 -10.318272 0.449707
1809.380557 -10.552890 -0.256972
1810.112966 -10.780288 -0.989381
1810.909586 -10.967983 -1.786001
1811.577733 -11.198991 -2.454148
1812.374353 -11.411952 -3.250768
1813.119589 -11.646570 -3.996004
1813.877678 -11.852312 -4.754093
1814.751412 -12.076101 -5.627827
1816.036297 -12.592261 -6.912712
1816.781533 -12.852145 -7.657948
1818.310562 -13.339429 -9.186977
1818.978684 -13.602923 -9.855098
1819.801034 -13.862807 -10.677449
1821.252949 -14.429500 -12.129364
1822.023890 -14.725480 -12.900304
1822.640627 -15.007021 -13.517042
1823.514362 -15.281344 -14.390776
1824.143951 -15.580933 -15.020366
1825.004834 -15.891350 -15.881248
1825.711512 -16.180111 -16.587927
1826.379659 -16.504967 -17.256074
1827.137748 -16.826213 -18.014163
1827.831574 -17.161897 -18.707989
1828.756693 -17.515629 -19.633108
1829.411988 -17.833265 -20.288402
1830.118692 -18.190607 -20.995107
1830.838223 -18.573214 -21.714638
1832.405784 -19.342039 -23.282199
1833.112488 -19.735476 -23.988903
1833.819167 -20.143350 -24.695582
1834.461609 -20.547615 -25.338024
1835.283960 -20.980756 -26.160374
1835.964934 -21.424725 -26.841348
1836.774432 -21.912009 -27.650846
1837.532520 -22.377635 -28.408935
1838.239199 -22.864919 -29.115614
1839.022992 -23.373859 -29.899407
1839.639729 -23.940552 -30.516144
1840.449202 -24.478369 -31.325617
1841.104497 -25.063109 -31.980911
1841.824053 -25.665897 -32.700468
1842.620673 -26.297561 -33.497088
1843.211731 -26.932834 -34.088146
1844.098293 -27.553670 -34.974708
1844.727908 -28.243086 -35.604323
1846.154118 -29.726594 -37.030533
1846.809413 -30.502638 -37.685828
1847.567501 -31.267854 -38.443916
1848.235648 -32.112479 -39.112063
1848.955179 -32.892133 -39.831594
1849.738973 -33.805339 -40.615387
1850.368562 -34.707716 -41.244977
1851.113798 -35.635360 -41.990213
1851.871887 -36.609927 -42.748302
1852.552886 -37.566448 -43.429301
1853.850623 -39.616649 -44.727038
1854.647269 -40.533465 -45.523683
1855.855064 -42.634200 -46.731479
1856.523211 -43.717053 -47.399626
1857.165653 -44.724107 -48.042068
1857.859480 -45.857494 -48.735894
1858.707509 -46.933128 -49.583924
1860.082361 -49.185464 -50.958775
1861.328688 -51.322295 -52.205103
1862.086776 -52.401540 -52.963191
1862.742071 -53.311137 -53.618486
1863.397365 -54.332630 -54.273780
1864.052660 -55.224180 -54.929075
1864.875010 -56.162653 -55.751425
1865.530305 -56.956747 -56.406720
1866.211279 -57.776106 -57.087694
1866.969367 -58.559371 -57.845782
1867.637514 -59.198255 -58.513929
1868.331366 -59.949035 -59.207781
1869.076602 -60.634843 -59.953017
1869.731897 -61.255679 -60.608312
1870.554222 -61.966754 -61.430637
1871.132427 -62.573153 -62.008842
1872.031867 -63.212037 -62.908282
1872.635752 -63.749855 -63.512167
1873.393840 -64.302111 -64.270255
1874.126224 -64.843539 -65.002639
1875.629548 -65.926394 -66.505963
1876.323400 -66.413679 -67.199815
1876.965842 -66.843212 -67.842257
1877.788167 -67.359373 -68.664582
1878.366373 -67.825001 -69.242788
1879.137314 -68.225657 -70.013728
1880.011048 -68.669628 -70.887463
1880.679195 -69.012532 -71.555610
1881.527225 -69.467332 -72.403640
1882.285313 -69.900474 -73.161728
1882.902051 -70.246988 -73.778466
1883.647287 -70.420245 -74.523702
1884.264024 -61.324260 -73.906964
1885.317642 -53.975288 -72.853347
1885.934379 -50.589564 -72.236609
1886.576847 -47.315737 -71.594142
1887.694701 -41.327557 -70.476288
1888.362848 -38.559063 -69.808141
1889.108084 -36.010749 -69.062905
1890.225938 -31.199273 -67.945051
1890.984026 -28.993863 -67.186962
1891.652173 -26.903958 -66.518815
1892.243231 -24.925948 -65.927757
1893.014146 -23.081489 -65.156842
1893.605204 -21.363364 -64.565784
1894.273351 -19.742695 -63.897637
1894.864409 -18.215873 -63.306579
1895.905174 -16.808165 -62.265814
1897.035881 -14.220149 -61.135108
1897.832501 -13.039840 -60.338487
1898.526353 -11.960597 -59.644636
1899.361530 -10.939107 -58.809458
1900.749208 -9.109087 -57.421780
1901.931324 -7.492028 -56.239664
1902.882123 -6.734031 -55.288866
1903.524590 -6.069882 -54.646398
1904.192712 -5.427390 -53.978277
1904.860859 -4.802945 -53.310130
1905.567563 -4.232643 -52.603425
1906.531239 -3.694827 -51.639749
1907.764714 -2.709431 -50.406275
1908.651301 -2.251024 -49.519688
1909.537862 -1.846759 -48.633126
1910.784215 -1.074325 -47.386773
1911.362421 -0.756688 -46.808568
1912.159066 -0.471537 -46.011922
1912.917129 -0.193605 -45.253859
1914.369069 0.355040 -43.801919
1915.037216 0.622144 -43.133772
1916.437747 1.127475 -41.733241
1917.195835 1.362093 -40.975153
1917.851130 1.600320 -40.319858
1918.583514 1.809672 -39.587475
1919.328750 2.029851 -38.842239
1920.125395 2.217546 -38.045593
1920.922015 2.423288 -37.248973
1921.628694 2.582106 -36.542294
1922.348251 2.697610 -35.822738
1923.273370 2.816724 -34.897619
1923.851575 2.899743 -34.319413
1924.609664 2.957495 -33.561325
1925.367727 3.036904 -32.803262
1926.202929 3.174065 -31.968059
1926.896756 3.343712 -31.274233
1927.590608 3.466435 -30.580381
1928.310139 3.585549 -29.860850
1929.158169 3.729929 -29.012820
1929.967641 3.859872 -28.203347
1930.700025 4.000642 -27.470964
1931.355319 4.141413 -26.815669
1932.113408 4.282184 -26.057581
1932.755850 4.422955 -25.415138
1933.655289 4.560116 -24.515699
1934.374821 4.690058 -23.796168
1935.132909 4.838048 -23.038079
1935.826761 4.967990 -22.344228
1936.636233 5.108761 -21.534755
1937.394322 5.242313 -20.776667
1938.049616 5.375865 -20.121372
1938.859089 5.505807 -19.311899
1939.630030 5.686282 -18.540959
1940.542296 5.881196 -17.628692
1941.865738 6.267413 -16.305251
1942.533885 6.458717 -15.637104
1943.420446 6.646411 -14.750542
1944.101446 6.844934 -14.069543
1944.833829 7.021800 -13.337159
1945.540508 7.231151 -12.630480
1946.350006 7.393579 -11.820982
1947.108095 7.581274 -11.062894
1947.917567 7.761749 -10.253421
1948.572862 7.938615 -9.598127
1949.241009 8.137138 -8.929980
1950.037629 8.328442 -8.133359
1950.872806 8.530574 -7.298182
1951.553806 8.721878 -6.617183
1952.247632 8.913182 -5.923356
1952.915779 9.118924 -5.255209
1953.802366 9.295790 -4.368622
1954.470513 9.483484 -3.700475
1955.100103 9.700054 -3.070885
1955.922428 9.887749 -2.248560
1956.577723 10.104319 -1.593266
1957.335811 10.281185 -0.835177
1958.145284 10.476099 -0.025705
1958.993313 10.671012 0.822325
1959.597198 10.858706 1.426210
1960.329607 11.071667 2.158619
1961.061991 11.262971 2.891003
1961.961405 11.457885 3.790417
1962.655257 11.641970 4.484268
1963.361936 11.872978 5.190947
1964.042935 12.060673 5.871947
1964.800998 12.262805 6.630010
1965.559086 12.443280 7.388098
1966.368584 12.641803 8.197596
1967.036706 12.818669 8.865718
1967.743410 13.031630 9.572422
1968.784175 13.215715 10.613187
1970.120444 13.601932 11.949455
1970.891385 13.793236 12.720396
1971.508122 13.980931 13.337134
1972.433241 14.201111 14.262252
1973.191329 14.396024 15.020341
1973.910860 14.587328 15.739872
1974.707506 14.800289 16.536518
1975.427037 14.998812 17.256049
1976.236510 15.208163 18.065521
1977.007451 15.410296 18.836462
1977.829776 15.641304 19.658787
1978.472218 15.832608 20.301229
1979.307395 16.052788 21.136407
1980.065484 16.272968 21.894495
1980.746483 16.500367 22.575495
1981.581660 16.731376 23.410672
1982.455370 16.947947 24.284381
1983.084959 17.193393 24.913971
1983.881605 17.420792 25.710617
1984.601136 17.659020 26.430148
1985.372077 17.933342 27.201089
1986.040199 18.182398 27.869210
1986.798287 18.438674 28.627299
1987.530671 18.716606 29.359682
1988.211670 19.001757 30.040682
1988.892669 19.279689 30.721681
1989.766379 19.564840 31.595390
1990.460230 19.853601 32.289242
1991.218293 20.164019 33.047305
1991.924998 20.456389 33.754009
1992.683086 20.784854 34.512098
1993.595352 21.120539 35.424364
1994.944473 21.831612 36.773485
1995.638325 22.214220 37.467337
1996.447798 22.604047 38.276809
1997.180181 22.972217 39.009193
1997.874008 23.380091 39.703019
1998.632096 23.784356 40.461108
1999.236007 24.199450 41.065018
2000.032627 24.636201 41.861638
2000.842099 25.087389 42.671111
2001.535951 25.563845 43.364963
2002.268335 26.040300 44.097346
2002.872220 26.505927 44.701231
2003.733102 27.014868 45.562114
2004.568279 27.545466 46.397291
2005.904548 28.664414 47.733560
2006.611252 29.263593 48.440264
2007.433577 29.862771 49.262589
2008.114577 30.447512 49.943588
2008.834108 31.115272 50.663119
2009.579344 31.746936 51.408355
2010.170376 32.393039 51.999388
2011.069790 33.122160 52.898802
2011.776495 33.840453 53.605506
2012.444642 34.594841 54.273653
2013.048527 35.342010 54.877538
2014.063587 36.132493 55.892598
2015.040090 28.151863 54.916095
2015.695384 25.794853 54.260801
2016.286442 23.665243 53.669743
2017.031678 21.687232 52.924507
2018.355095 18.196836 51.601091
2019.087504 16.688062 50.868682
2019.665684 15.258697 50.290501
2020.629360 13.941226 49.326825
2021.901392 11.623922 48.054793
2022.530982 10.580774 47.425204
2023.276218 9.617036 46.679968
2024.291278 8.689392 45.664907
2024.869483 7.870034 45.086702
2026.218604 6.408184 43.737581
2026.950988 5.758472 43.005197
2027.631987 5.134028 42.324198
2028.338666 4.524021 41.617519
2029.071050 3.968157 40.885135
2029.829138 3.502530 40.127047
2030.497285 3.051342 39.458900
2031.242521 2.596544 38.713664
2031.987757 2.192279 37.968428
2032.771525 1.802453 37.184660
2033.516761 1.463159 36.439424
2034.159203 1.167179 35.796982
2034.968701 0.874809 34.987484
2035.649675 0.600487 34.306510
2036.227881 0.355040 33.728304
2037.037353 0.152908 32.918832
2037.833999 -0.016739 32.122186
2038.514973 -0.193605 31.441212
2039.311619 -0.352423 30.644567
2039.966913 -0.518460 29.989272
2040.737829 -0.662841 29.218357
2041.393123 -0.792783 28.563062
2042.151212 -0.937163 27.804974
2042.883595 -1.063496 27.072590
2043.564595 -1.204267 26.391591
2044.245569 -1.326990 25.710617
2045.183540 -1.428056 24.772645
2045.774598 -1.543560 24.181587
2046.648307 -1.662674 23.307878
2047.265070 -1.785397 22.691115
2047.933217 -1.915340 22.022968
2048.845483 -2.001968 21.110702
2049.513605 -2.121082 20.442580
2050.271693 -2.261852 19.684492
2050.888456 -2.373747 19.067729
2051.864959 -2.500080 18.091226
2052.610195 -2.611974 17.345990
2053.368283 -2.756355 16.587902
2054.100667 -2.893516 15.855518
2054.794493 -3.070382 15.161692
2055.809579 -3.218372 14.146606
2057.145848 -3.525180 12.810338
2057.942493 -3.676779 12.013692
2059.420113 -3.994416 10.536072
2060.139644 -4.113529 9.816541
2060.910585 -4.294005 9.045600
2061.578706 -4.456432 8.377479
2062.259706 -4.618860 7.696479
2063.184825 -4.806555 6.771361
2063.852972 -4.972592 6.103214
2064.649592 -5.153067 5.306593
2065.240650 -5.326324 4.715535
2066.242858 -5.521237 3.713328
2066.911005 -5.701712 3.045181
2067.681945 -5.878578 2.274240
2068.337240 -6.080711 1.618945
2069.198097 -6.282843 0.758088
2069.930506 -6.499413 0.025679
2070.650037 -6.708765 -0.693852
2071.472362 -6.900069 -1.516177
2072.127657 -7.123858 -2.171471
2072.885745 -7.325990 -2.929560
2073.630981 -7.535342 -3.674796
2074.401896 -7.748303 -4.445711
2075.185690 -7.921559 -5.229504
2075.789600 -8.138129 -5.833415
2076.547663 -8.351090 -6.591478
2077.318604 -8.542394 -7.362419
2078.102397 -8.726479 -8.146212
2078.911870 -8.914173 -8.955684
2079.490075 -9.127134 -9.533890
2080.299548 -9.314829 -10.343363
2081.057636 -9.545837 -11.101451
2081.725783 -9.744360 -11.769598
2082.560961 -9.960930 -12.604775
2083.498932 -10.195548 -13.542747
2084.745259 -10.614251 -14.789074
2085.477668 -10.834431 -15.521483
2086.428466 -11.087097 -16.472281
2087.250817 -11.310886 -17.294631
2087.880406 -11.545504 -17.924221
2088.522849 -11.801779 -18.566663
2089.422263 -12.000302 -19.466077
2090.039025 -12.234920 -20.082840
2090.912735 -12.473147 -20.956549
2091.568029 -12.725813 -21.611844
2092.326118 -12.945993 -22.369932
2093.032822 -13.184220 -23.076637
2093.867999 -13.429667 -23.911814
2094.561826 -13.689551 -24.605640
2095.307062 -13.916950 -25.350876
2096.090855 -14.173225 -26.134670
2096.746149 -14.433110 -26.789964
2097.671268 -14.664118 -27.715083
2098.390799 -14.952879 -28.434614
2099.148888 -15.194716 -29.192703
2099.829887 -15.523181 -29.873702
2100.587976 -15.815551 -30.631790
2101.680125 -16.107921 -31.723940
2102.823684 -16.678223 -32.867498
2103.581772 -16.963374 -33.625587
2104.211362 -17.277401 -34.255177
2105.033687 -17.595038 -35.077502
2105.753243 -17.952379 -35.797058
2106.511306 -18.273625 -36.555121
2107.218011 -18.623747 -37.261825
2107.899010 -19.009965 -37.942825
2108.747040 -19.363696 -38.790855
2109.479423 -19.767961 -39.523238
2110.288896 -20.154179 -40.332711
2110.867102 -20.547615 -40.910916
2111.483839 -20.980756 -41.527654
2112.486072 -21.392240 -42.529887
2113.141367 -21.865085 -43.185182
2113.822341 -22.309055 -43.866156
2114.683223 -22.778291 -44.727038
2115.428459 -23.233089 -45.472274
2116.122311 -23.738420 -46.166126
2116.803310 -24.290674 -46.847125
2117.420048 -24.821272 -47.463862
2118.242373 -25.348260 -48.286187
2118.897667 -25.918562 -48.941482
2119.681460 -26.553836 -49.725275
2120.336755 -27.203547 -50.380570
2121.120548 -27.842430 -51.164363
2122.379728 -29.221262 -52.423543
2123.291994 -29.921507 -53.335809
2123.870200 -30.661456 -53.914015
2124.512642 -31.433891 -54.556457
2125.386377 -32.202717 -55.430191
2126.709818 -33.740367 -56.753633
2127.377965 -27.965154 -56.085486
2128.007555 -25.387965 -55.455896
2129.202498 -20.969927 -54.260953
2129.947759 -19.056888 -53.515692
2130.615881 -17.320715 -52.847570
2131.348290 -15.739751 -52.115161
2131.939323 -14.299558 -51.524129
2132.620322 -12.989307 -50.843129
2133.442647 -11.780122 -50.020804
2134.727557 -9.628856 -48.735894
2135.459940 -8.690384 -48.003511
2136.166619 -7.809664 -47.296832
2136.847619 -6.993916 -46.615833
2137.541470 -6.272014 -45.921981
2138.248149 -5.593427 -45.215302
2138.942001 -5.001468 -44.521450
2139.661532 -4.402290 -43.801919
2140.393916 -3.882521 -43.069535
2141.074915 -3.395237 -42.388536
2141.987182 -2.972925 -41.476270
2143.310623 -2.160786 -40.152828
2144.094416 -1.796226 -39.369035
2144.724006 -1.460542 -38.739445
2145.482095 -1.139296 -37.981357
2146.240183 -0.861364 -37.223268
2146.985419 -0.579822 -36.478032
2147.692098 -0.323547 -35.771353
2148.463039 -0.103367 -35.000413
2149.092628 0.105984 -34.370823
2149.876422 0.308117 -33.587030
2150.711599 0.513859 -32.751852
2151.392598 0.712381 -32.070853
2152.099277 0.914514 -31.364174
2152.947307 1.113037 -30.516144
2153.576897 1.289903 -29.886554
2154.270749 1.463159 -29.192703
2155.028837 1.621977 -28.434614
2155.825457 1.766357 -27.637994
2156.429368 1.899909 -27.034084
2157.431575 2.022632 -26.031876
2158.099722 2.152575 -25.363729
2158.819254 2.282517 -24.644198
2159.474548 2.398021 -23.988903
2160.245489 2.509916 -23.217962
2161.042109 2.625420 -22.421342
2161.800198 2.722877 -21.663254
2162.583991 2.831162 -20.879460
2163.264990 2.888914 -20.198461
2164.112995 2.979152 -19.350457
2164.832551 3.080218 -18.630900
2165.513525 3.181284 -17.949926
2166.284466 3.300398 -17.178985
2166.978318 3.433950 -16.485133
2167.980526 3.560282 -15.482926
2168.635820 3.675787 -14.827631
2169.393909 3.812948 -14.069543
2170.049203 3.953719 -13.414248
2170.884381 4.062004 -12.579071
2171.642469 4.191946 -11.820982
2172.297764 4.303841 -11.165688
2173.030147 4.448221 -10.433304
2173.685442 4.581773 -9.778009
2174.494914 4.726153 -8.968537
2175.317239 4.881362 -8.146212
2175.998239 5.029352 -7.465212
2176.666386 5.188170 -6.797065
2177.398769 5.383084 -6.064682
2178.233947 5.585216 -5.229504
2178.940626 5.794567 -4.522826
2179.608773 5.993090 -3.854679
2180.379713 6.220489 -3.083738
2181.099245 6.429841 -2.364207
2181.883038 6.657240 -1.580413
2182.666806 6.862982 -0.796646
2183.399189 7.086771 -0.064262
2184.067336 7.306951 0.603885
2185.532129 7.747311 2.068678
2186.303044 7.971100 2.839593
2187.099690 8.173233 3.636239
2187.896310 8.393413 4.432859
2188.705783 8.609983 5.242331
2189.296841 8.837382 5.833389
2190.042077 9.068391 6.578625
2190.787313 9.259695 7.323861
2191.738136 9.501532 8.274685
2192.354874 9.696445 8.891422
2193.035873 9.931063 9.572422
2193.806788 10.158462 10.343337
2194.539197 10.356985 11.075746
2195.310113 10.580774 11.846662
2196.081054 10.811783 12.617602
2196.800585 11.046401 13.337134
2197.520116 11.270190 14.056665
2198.380998 11.501199 14.917547
2199.177644 11.728598 15.714193
2199.832913 11.963216 16.369462
2200.668090 12.187005 17.204639
2201.413326 12.414404 17.949875
2202.955208 12.898078 19.491757
2203.713296 13.107430 20.249845
2204.394270 13.370924 20.930819
2205.268005 13.616370 21.804554
2205.961831 13.847379 22.498380
2206.719920 14.100044 23.256469
2207.555097 14.363539 24.091646
2208.197539 14.598157 24.734088
2209.019864 14.879698 25.556413
2209.944983 15.150411 26.481532
2211.268425 15.648523 27.804974
2211.936572 15.944503 28.473121
2213.555517 16.489539 30.092066
2215.007457 17.095936 31.544006
2215.714136 17.406354 32.250685
2217.217460 18.056066 33.754009
2217.962696 18.391750 34.499245
2218.553729 18.731044 35.090278
2219.298965 19.088385 35.835514
2220.134142 19.456555 36.670691
2220.892231 19.842772 37.428780
2221.650319 20.247037 38.186868
2222.356998 20.672959 38.893547
2223.025145 21.095272 39.561694
2223.950264 21.524804 40.486813
2224.554149 21.990430 41.090698
2225.260853 22.456057 41.797402
2226.121710 22.975826 42.658259
2227.535093 24.008146 44.071642
2228.203240 24.574839 44.739789
2228.858534 25.130704 45.395083
2229.642302 25.740711 46.178851
2230.413243 26.379594 46.949792
2231.132774 27.007649 47.669323
2231.916567 27.689846 48.453116
2232.571862 28.364825 49.108411
2233.407039 29.093946 49.943588
2234.088013 29.815848 50.624562
2234.769013 30.584674 51.305562
2235.514249 31.353499 52.050798
2236.259485 32.183687 52.796034
2237.004721 33.039141 53.541270
2237.659990 33.952348 54.196539
2238.353842 34.840288 54.890391
2239.214724 35.764323 55.751273
2239.844314 36.486225 56.380863
2240.718048 30.487217 55.507128
2241.309081 27.845055 54.916095
2241.964376 25.488045 54.260801
2242.748169 23.387310 53.477008
2244.033053 19.554012 52.192123
2244.675495 17.911685 51.549681
2245.343642 16.384863 50.881534
2246.153115 14.955498 50.072061
2246.769852 13.681342 49.455324
2247.540793 12.461328 48.684383
2248.170383 11.367647 48.054793
2248.915619 10.335328 47.309557
2249.622298 9.378808 46.602879
2250.418943 8.526965 45.806233
2251.125622 7.689559 45.099554
2251.780917 6.931562 44.444260
2252.487596 6.213270 43.737581
2253.258536 5.585216 42.966640
2253.978068 4.975209 42.247109
2254.671919 4.419345 41.553257
2255.417155 3.895967 40.808021
2256.239480 3.430340 39.985696
2257.665690 2.585716 38.559486
2258.372395 2.181451 37.852782
2259.040516 1.838548 37.184660
2259.939956 1.510082 36.285221
2260.556693 1.214103 35.668483
2261.211988 0.957828 35.013189
2261.982928 0.687115 34.242248
2262.561109 0.456106 33.664068
2263.370607 0.279241 32.854570
2264.167227 0.127641 32.057950
2264.822521 -0.034787 31.402655
2265.734788 -0.179167 30.490389
2266.390082 -0.319938 29.835094
2267.109614 -0.453489 29.115563
2267.764908 -0.594260 28.460268
2268.522997 -0.731421 27.702180
2269.152586 -0.861364 27.072590
2270.077705 -0.980477 26.147471
2270.745852 -1.088763 25.479324
2271.503941 -1.218705 24.721236
2272.172062 -1.319771 24.053114
2272.840209 -1.428056 23.384967
2273.624002 -1.543560 22.601174
2274.394918 -1.648236 21.830259
2275.178711 -1.752912 21.046465
2275.911095 -1.875635 20.314082
2276.604946 -1.994749 19.620230
2277.375862 -2.106643 18.849315
2278.172507 -2.214929 18.052669
2278.930570 -2.334042 17.294606
2279.650127 -2.485642 16.575049
2280.485304 -2.626412 15.739872
2281.179131 -2.734698 15.046046
2282.001456 -2.922392 14.223721
2282.669603 -3.063163 13.555574
2283.453396 -3.232810 12.771780
2284.237164 -3.355533 11.988013
2285.020957 -3.489085 11.204219
2285.637694 -3.658731 10.587482
2286.498577 -3.799502 9.726600
2287.141019 -3.958320 9.084158
2288.027580 -4.106310 8.197596
2288.772816 -4.283176 7.452360
2289.543757 -4.449213 6.681419
2290.211904 -4.608032 6.013272
2290.982845 -4.759631 5.242331
2291.753760 -4.925668 4.471416
2292.409055 -5.088096 3.816121
2293.218553 -5.286619 3.006623
2294.079410 -5.463485 2.145767
2294.683320 -5.651179 1.541856
2295.544202 -5.842483 0.680974
2296.263734 -6.022958 -0.038557
2296.957560 -6.239529 -0.732384
2297.831295 -6.448880 -1.606118
2298.537973 -6.640184 -2.312797
2299.244678 -6.860364 -3.019501
2300.028445 -7.040839 -3.803269
2300.735150 -7.242972 -4.509973
2301.737357 -7.412619 -5.512181
2302.932300 -7.831321 -6.707124
2303.664684 -8.051501 -7.439508
2304.255742 -8.228367 -8.030566
2305.257950 -8.419671 -9.032773
2305.900392 -8.610975 -9.675216
2306.658480 -8.816717 -10.433304
2307.326627 -9.022459 -11.101451
2307.969070 -9.195715 -11.743893
2308.881336 -9.412285 -12.656160
2309.626572 -9.607199 -13.401396
2310.397513 -9.834598 -14.172336
2311.091365 -10.054778 -14.866188
2312.080720 -10.271348 -15.855544
2312.800251 -10.487918 -16.575075
2313.455546 -10.718927 -17.230369
2314.187929 -10.935497 -17.962753
2314.868929 -11.162896 -18.643752
2315.806900 -11.404733 -19.581724
2316.526431 -11.599647 -20.301255
2317.168873 -11.830655 -20.943697
2317.991224 -12.047225 -21.766047
2318.646518 -12.299891 -22.421342
2319.443139 -12.545337 -23.217962
2320.226932 -12.787174 -24.001755
2321.126346 -13.036230 -24.901169
2322.462640 -13.516295 -26.237463
2323.220728 -13.740084 -26.995552
2323.953112 -13.992750 -27.727935
2324.685495 -14.274291 -28.460319
2325.315085 -14.555833 -29.089909
2326.227352 -14.851812 -30.002175
2326.946908 -15.108087 -30.721732
2327.756381 -15.386019 -31.531204
2328.398823 -15.689218 -32.173647
2329.272558 -15.999636 -33.047381
2329.979236 -16.270349 -33.754060
2330.660236 -16.566328 -34.435059
2331.405472 -16.912841 -35.180295
2332.099324 -17.237697 -35.874147
2332.806002 -17.620304 -36.580826
2333.615475 -17.977646 -37.390299
2334.232238 -18.342206 -38.007061
2335.195914 -18.728423 -38.970737
2335.799799 -19.114640 -39.574622
2336.776327 -19.500858 -40.551151
2337.405917 -19.908732 -41.180741
2338.086916 -20.334654 -41.861740
2338.819300 -20.807499 -42.594124
2339.551684 -21.247859 -43.326507
2340.142742 -21.745971 -43.917565
2340.926509 -22.233255 -44.701333
2341.723155 -22.792729 -45.497979
2342.314213 -23.280012 -46.089037
2343.033744 -23.810610 -46.808568
2343.868922 -24.402569 -47.643745
2344.447127 -25.012576 -48.221951
2345.230920 -25.618973 -49.005744
2345.886215 -26.265075 -49.661039
2346.644278 -26.925615 -50.419102
2347.389539 -27.625860 -51.164363
2348.121923 -28.373028 -51.896747
2348.764365 -29.134634 -52.539189
2349.612395 -29.921507 -53.387219
2350.241985 -30.730037 -54.016808
2350.897279 -31.567443 -54.672103
2351.693925 -32.408459 -55.468749
2352.349220 -33.318055 -56.124043
2353.120160 -34.054395 -56.894984
2353.942511 -28.210600 -56.072634
2354.597805 -25.633411 -55.417339
2355.779896 -21.208155 -54.235248
2356.448043 -19.295116 -53.567101
2357.141895 -17.519238 -52.873250
2357.874278 -15.923836 -52.140866
2358.503868 -14.461986 -51.511276
2359.223399 -13.151735 -50.791745
2359.801605 -11.913674 -50.213539
2360.546841 -10.798336 -49.468303
2361.292077 -9.776846 -48.723067
2361.973076 -8.827545 -48.042068
2362.718312 -7.939607 -47.296832
2363.347928 -7.134687 -46.667217
2364.876931 -5.737807 -45.138213
2365.455137 -5.120582 -44.560007
2366.277462 -4.561108 -43.737682
2366.958461 -4.034120 -43.056683
2367.549519 -3.561275 -42.465625
2368.436081 -3.138962 -41.579063
2369.155638 -2.694993 -40.859507
2369.900874 -2.312385 -40.114271
2370.568995 -1.955044 -39.446149
2371.391346 -1.619360 -38.623799
2372.136582 -1.312552 -37.878563
2372.791876 -1.027401 -37.223268
2373.601349 -0.742250 -36.413796
2374.192407 -0.500413 -35.822738
2375.014732 -0.280233 -35.000413
2375.759968 -0.049225 -34.255177
2376.428115 0.109594 -33.587030
2377.276145 0.329774 -32.739000
2378.792321 0.715991 -31.222823
2379.409059 0.907295 -30.606086
2380.064353 1.073332 -29.950791
2380.860974 1.250198 -29.154171
2381.631914 1.401797 -28.383230
2382.364298 1.557006 -27.650846
2383.186648 1.701386 -26.828496
2383.919032 1.827719 -26.096112
2384.638563 1.939614 -25.376581
2385.525150 2.076775 -24.489994
2386.116183 2.185060 -23.898962
2386.874271 2.304174 -23.140873
2387.593802 2.430507 -22.421342
2388.274802 2.542401 -21.740343
2389.225625 2.647077 -20.789519
2390.613304 2.834772 -19.401841
2391.384244 2.906962 -18.630900
2392.155185 2.979152 -17.859959
2392.861864 3.091047 -17.153280
2393.619952 3.181284 -16.395192
2394.467982 3.307617 -15.547162
2395.084720 3.401464 -14.930425
2395.971307 3.524187 -14.043838
2396.729370 3.654130 -13.285775
2397.320428 3.773243 -12.694717
2398.207015 3.899576 -11.808130
2398.785195 4.011471 -11.229950
2399.684634 4.141413 -10.330510
2400.404165 4.256917 -9.610979
2401.059460 4.397688 -8.955684
2401.830401 4.545678 -8.184744
2402.498548 4.690058 -7.516597
2403.320873 4.827220 -6.694272
2404.066109 4.953552 -5.949036
2404.721403 5.144856 -5.293741
2405.479492 5.336160 -4.535653
2406.147613 5.516635 -3.867531
2406.969938 5.715158 -3.045206
2407.676643 5.924510 -2.338502
2408.409026 6.126642 -1.606118
2409.038616 6.339603 -0.976528
2409.822409 6.548954 -0.192735
2410.644734 6.765525 0.629590
2411.454207 6.974876 1.439062
2412.083822 7.195056 2.068678
2412.918999 7.404408 2.903855
2413.664235 7.620978 3.649091
2414.396619 7.859206 4.381475
2415.206092 8.036072 5.190947
2415.835681 8.274299 5.820537
2416.529533 8.483650 6.514389
2417.351858 8.703830 7.336714
2418.071389 8.913182 8.056245
2418.880862 9.133362 8.865718
2419.536157 9.346323 9.521012
2420.217156 9.548455 10.202012
2421.078038 9.765026 11.062894
2421.874658 9.985206 11.859514
2422.529953 10.212605 12.514809
2423.416515 10.425565 13.401370
2424.046130 10.645745 14.030985
2424.881307 10.869535 14.866163
2425.703632 11.096934 15.688488
2426.358927 11.299066 16.343782
2427.181252 11.519246 17.166107
2428.042134 11.757474 18.026990
2428.761665 11.984873 18.746521
2429.442665 12.194224 19.427520
2430.239285 12.403576 20.224140
2431.023053 12.645413 21.007908
2431.845403 12.883640 21.830259
2432.526377 13.114649 22.511233
2433.245908 13.370924 23.230764
2434.132495 13.583885 24.117351
2434.864879 13.836550 24.849734
2435.545878 14.096435 25.530734
2436.381056 14.341882 26.365911
2437.036350 14.608985 27.021206
2437.871528 14.847213 27.856383
2438.552502 15.135973 28.537357
2439.259206 15.392248 29.244061
2440.004416 15.666571 29.989272
2440.672563 15.962551 30.657419
2441.520593 16.247702 31.505449
2442.252977 16.561729 32.237832
2443.062449 16.864928 33.047305
2443.743449 17.146469 33.728304
2444.411596 17.521858 34.396451
2445.285305 17.839495 35.270161
2445.889215 18.186008 35.874071
2446.685836 18.565006 36.670691
2447.431072 18.944005 37.415927
2448.253397 19.333832 38.238252
2448.921544 19.756144 38.906399
2449.628222 20.200114 39.613078
2450.309222 20.618817 40.294077
2451.260045 21.041129 41.244901
2451.953872 21.524804 41.938727
2452.686255 22.055401 42.671111
2453.380107 22.560733 43.364963
2454.061081 23.080502 44.045937
2454.857727 23.639976 44.842582
2455.718584 24.249983 45.703439
2457.080582 25.466388 47.065438
2457.761556 26.123319 47.746412
2458.519645 26.809126 48.504500
2459.213497 27.527418 49.198352
2459.933028 28.231273 49.917883
2460.665411 29.043413 50.650267
2461.397795 29.823067 51.382651
2462.168736 30.620769 52.153591
2462.811178 31.487051 52.796034
2463.517857 32.382210 53.502712
2464.198856 33.313464 54.183712
2465.085418 34.244718 55.070273
2465.984832 35.168753 55.969687
2467.128391 37.103452 57.113246
2467.835069 38.049144 57.819925
2468.528921 39.027322 58.513777
2469.286984 39.991062 59.271840
2469.955131 40.951192 59.939987
2470.648983 41.893276 60.633839
2471.342809 42.846187 61.327665
2472.113750 43.820756 62.098606
2472.820429 44.773668 62.805285
2473.501428 45.755456 63.486284
2474.169550 46.758901 64.154406
2474.760608 47.762346 64.745464
2475.557228 48.754963 65.542084
2476.328169 49.765628 66.313025
2476.944906 50.732978 66.929762
2477.690142 51.732814 67.674998
2478.345437 52.700165 68.330293
2479.142057 53.598935 69.126913
2479.810204 54.497705 69.795060
2480.478351 55.371208 70.463207
2481.287824 56.172521 71.272679
2481.866029 56.890815 71.850885
2482.675502 57.583843 72.660358
2483.523532 58.269652 73.508387
2484.731327 59.554640 74.716183
2485.605036 60.110507 75.589892
2486.928478 61.157267 76.913334
2487.673714 61.709524 77.658570
2489.189865 62.633561 79.174721
2490.538986 63.442094 80.523842
2491.232838 63.875237 81.217694
2492.042311 64.225360 82.027166
2492.697605 64.647674 82.682461
2493.442841 64.903950 83.427697
2494.200930 65.275731 84.185785
2494.869051 65.499522 84.853907
2495.884112 65.748579 85.868967
2496.488022 66.033731 86.472878
2497.117612 66.105921 87.102467
2497.965642 66.300836 87.950497
2499.533177 66.596817 89.518033
2500.227029 66.672616 90.211885
2500.959413 66.842264 90.944268
2501.730353 66.849483 91.715209
2502.347091 66.643740 92.331946
2503.516329 54.205334 91.162708
2504.107387 50.938721 90.571650
2504.711272 47.867022 89.967765
2505.893388 41.997951 88.785649
2506.574362 39.406321 88.104675
2508.026277 34.443241 86.652760
2508.681571 32.183687 85.997466
2509.324014 30.140704 85.355024
2510.660308 26.300185 84.018730
2511.289897 24.542353 83.389140
2512.009429 22.972217 82.669609
2512.613314 21.463442 82.065724
2513.448491 20.012419 81.230546
2514.078081 18.680511 80.600956
2514.874726 17.384697 79.804311
2515.465759 16.204388 79.213278
2516.326641 15.096269 78.352396
2517.059025 14.053121 77.620012
2518.369614 12.114815 76.309423
2519.037736 11.266581 75.641302
2519.680203 10.468880 74.998834
2520.579617 9.696445 74.099420
2521.183502 8.967324 73.495535
2521.864502 8.299566 72.814536
2522.596885 7.642635 72.082152
2523.187918 7.050676 71.491119
2523.971711 6.520078 70.707326
2524.742626 5.967824 69.936411
2525.436478 5.458883 69.242559
2526.053216 4.964381 68.625822
2527.004039 4.487926 67.674998
2527.723570 4.051175 66.955467
2528.417422 3.621644 66.261615
2529.201190 3.231817 65.477847
2529.895016 2.831162 64.784021
2530.730194 2.470211 63.948843
2531.372636 2.134527 63.306401
2532.040783 1.798843 62.638254
2532.786019 1.492035 61.893018
2533.492698 1.199665 61.186339
2534.392137 0.921733 60.286900
2535.008875 0.647410 59.670163
2535.689874 0.405573 58.989163
2536.563583 0.181784 58.115454
2537.167494 0.001309 57.511544
2537.887025 -0.222481 56.792012
2538.645113 -0.460708 56.033924
2539.377497 -0.670060 55.301540
2540.867943 -1.020182 53.811094
2541.548943 -1.222314 53.130094
2542.229942 -1.391961 52.449095
2543.065120 -1.557998 51.613918
2544.517034 -1.857587 50.162003
2545.377917 -1.965873 49.301121
2546.046038 -2.059720 48.632999
2546.778422 -2.157177 47.900615
2547.523658 -2.247414 47.155379
2548.294599 -2.341261 46.384439
2549.104071 -2.445937 45.574966
2549.862160 -2.521737 44.816878
2550.555986 -2.608365 44.123051
2551.506810 -2.713041 43.172228
2552.804546 -2.868249 41.874491
2553.536930 -2.962097 41.142107
2554.269314 -3.073991 40.409724
2555.014550 -3.207543 39.664488
2555.798343 -3.305000 38.880694
2556.517874 -3.438552 38.161163
2557.237405 -3.543227 37.441632
2558.034025 -3.647903 36.645012
2558.856376 -3.759798 35.822661
2559.524497 -3.871692 35.154540
2560.256881 -3.972759 34.422156
2560.912176 -4.081044 33.766862
2561.773058 -4.214595 32.905979
2562.505441 -4.322881 32.173596
2563.199293 -4.445604 31.479744
2564.021618 -4.525013 30.657419
2564.728297 -4.658565 29.950740
2565.524943 -4.784898 29.154095
2566.231621 -4.893183 28.447416
2566.964005 -5.023125 27.715032
2567.696389 -5.120582 26.982649
2568.608655 -5.246914 26.070382
2569.199713 -5.366028 25.479324
2570.034890 -5.474313 24.644147
2570.728717 -5.586208 23.950320
2571.345480 -5.712541 23.333558
2572.360540 -5.824436 22.318497
2572.990130 -5.968816 21.688908
2573.722513 -6.069882 20.956524
2574.467749 -6.221481 20.211288
2575.174428 -6.362252 19.504609
2575.958221 -6.499413 18.720816
2576.741989 -6.640184 17.937048
2577.602871 -6.752079 17.076166
2578.245313 -6.889240 16.433724
2579.196137 -7.015573 15.482900
2579.838579 -7.120248 14.840458
2580.545258 -7.246581 14.133779
2581.303346 -7.362085 13.375691
2582.189933 -7.492028 12.489104
2583.089347 -7.607532 11.589690
2584.309995 -7.831321 10.369042
2585.196557 -7.972092 9.482480
2585.813320 -8.102034 8.865718
2586.828380 -8.188663 7.850657
2587.406560 -8.278900 7.272477
2588.151796 -8.430499 6.527241
2588.922737 -8.517128 5.756300
2589.590884 -8.632632 5.088153
2590.413209 -8.715651 4.265828
2591.184150 -8.827545 3.494888
2591.865149 -8.921392 2.813888
2592.546123 -9.015240 2.132914
2593.317064 -9.127134 1.361973
2594.177946 -9.242639 0.501091
2594.884625 -9.365362 -0.205588
2595.758359 -9.480866 -1.079322
2596.503595 -9.589151 -1.824558
2597.338773 -9.701046 -2.659736
2597.916953 -9.827379 -3.237916
2598.777835 -9.946492 -4.098798
2599.420277 -10.051168 -4.741240
2600.126982 -10.166672 -5.447944
2600.885070 -10.285786 -6.206033
2601.604601 -10.415728 -6.925564
2602.478310 -10.527623 -7.799273
2603.056516 -10.661175 -8.377479
2603.840309 -10.791117 -9.161272
2604.688339 -10.917450 -10.009302
2605.343634 -11.047392 -10.664596
2606.101722 -11.180944 -11.422685
2606.782696 -11.282010 -12.103659
2607.759224 -11.433609 -13.080187
2608.465903 -11.574380 -13.786866
2609.159755 -11.686275 -14.480718
2609.917843 -11.830655 -15.238806
2610.624522 -11.964207 -15.945485
2611.523936 -12.094149 -16.844899
2612.153551 -12.213263 -17.474514
2612.898787 -12.375691 -18.219750
2613.708260 -12.527290 -19.029223
2614.389259 -12.689718 -19.710222
2615.250116 -12.805222 -20.571079
2615.918263 -12.960431 -21.239226
2616.650647 -13.115639 -21.971610
2617.305941 -13.285286 -22.626904
2618.192528 -13.454933 -23.513491
2619.053411 -13.606532 -24.374373
2619.734385 -13.779789 -25.055347
2620.389679 -13.938607 -25.710642
2622.072886 -14.274291 -27.393849
2622.792443 -14.458376 -28.113406
2623.524827 -14.664118 -28.845789
2624.180121 -14.869860 -29.501084
2625.105240 -15.075602 -30.426203
2625.734830 -15.245249 -31.055793
2626.441534 -15.469038 -31.762497
2627.263859 -15.700047 -32.584822
2628.060479 -15.916617 -33.381442
2628.728626 -16.115140 -34.049589
2629.422478 -16.349758 -34.743441
2630.244803 -16.613252 -35.565766
2630.990039 -16.876746 -36.311002
2631.593949 -17.118583 -36.914912
2632.557600 -17.407343 -37.878563
2633.187215 -17.667228 -38.508178
2634.009540 -17.883798 -39.330503
2634.741924 -18.179778 -40.062887
2636.181012 -18.811442 -41.501974
2636.874838 -19.129078 -42.195801
2637.671484 -19.450325 -42.992446
2638.326778 -19.746304 -43.647741
2639.161956 -20.071160 -44.482918
2639.868634 -20.392406 -45.189597
2640.588191 -20.775014 -45.909154
2641.320575 -21.132355 -46.641537
2641.937312 -21.478868 -47.258275
2642.682548 -21.854257 -48.003511
2643.427784 -22.287397 -48.748747
2644.108783 -22.706100 -49.429746
2644.892577 -23.121194 -50.213539
2645.586403 -23.536287 -50.907366
2646.305960 -23.929724 -51.626922
2647.051196 -24.406179 -52.372158
2647.693638 -24.871805 -53.014601
2648.541668 -25.359089 -53.862630
2649.132726 -25.795839 -54.453688
2649.877962 -26.315608 -55.198924
2650.636050 -26.849815 -55.957013
2651.342729 -27.365975 -56.663692
2652.087965 -27.929058 -57.408928
2652.820348 -28.510189 -58.141311
2653.437111 -29.066054 -58.758074
2654.208027 -29.607480 -59.528989
2654.953288 -30.195830 -60.274251
2655.737056 -30.683113 -61.058019
2656.533701 -31.235368 -61.854664
2657.869995 -32.498696 -63.190958
2658.718025 -33.137579 -64.038988
2659.437556 -33.736758 -64.758519
2660.709588 -34.873753 -66.030551
2661.416293 -35.498199 -66.737255
2662.225765 -36.108206 -67.546728
2663.073795 -36.736260 -68.394758
2664.320148 -37.923789 -69.641110
2665.142473 -38.515749 -70.463435
2665.823472 -39.057175 -71.144435
2666.568708 -39.594992 -71.889671
2667.288265 -40.136419 -72.609227
2667.879297 -40.508198 -73.200260
2668.675943 -40.995482 -73.996906
2669.382622 -41.518861 -74.703584
2670.192120 -41.959222 -75.513082
2670.924503 -42.349049 -76.245466
2671.644034 -42.767752 -76.964997
2672.479237 -43.132313 -77.800200
2673.147359 -43.467997 -78.468322
2673.918300 -43.702615 -79.239262
2674.535062 -43.987767 -79.856025
2675.383092 -44.204337 -80.704055
2676.064092 -44.373984 -81.385054
2677.002063 -44.406470 -82.323026
2677.618800 -44.265699 -82.939763
2678.402593 -44.106881 -83.723556
2679.160682 -44.031081 -84.481645
2679.867361 -43.919186 -85.188323
2680.651154 -43.745930 -85.972117
2681.422095 -43.265865 -86.743057
2682.231567 -42.255201 -87.552530
2682.912567 -41.056844 -88.233529
2684.004741 -39.876534 -89.325704
2684.595774 -38.966937 -89.916737
2685.469508 -37.115259 -90.790471
2686.433184 -35.815835 -91.754147
2687.075627 -35.231095 -92.396589
2687.987893 -34.480317 -93.308856
2688.733154 -33.819777 -94.054117
2689.426981 -33.209770 -94.747944
2690.056571 -28.055391 -94.118354
2690.686160 -26.218152 -93.488764
2691.392865 -24.539730 -92.782060
2692.048159 -22.955156 -92.126765
2693.448690 -20.229978 -90.726235
2694.142542 -18.999136 -90.032383
2694.849220 -17.927112 -89.325704
2695.504540 -16.862308 -88.670384
2696.339718 -15.873303 -87.835207
2696.956455 -14.956488 -87.218469
2697.624602 -14.093816 -86.550322
2698.331306 -13.328600 -85.843618
2698.935191 -12.559775 -85.239733
2699.757542 -11.834264 -84.417383
2700.502778 -11.180944 -83.672147
2701.158072 -10.549280 -83.016852
2701.877604 -9.917616 -82.297321
2702.571455 -9.343705 -81.603469
2703.393780 -8.805888 -80.781144
2704.010543 -8.304167 -80.164381
2704.704370 -7.816883 -79.470555
2705.488163 -7.376523 -78.686762
2706.207694 -6.910897 -77.967230
2706.940078 -6.492194 -77.234847
2707.749576 -6.116806 -76.425349
2708.366313 -5.719760 -75.808611
2709.085870 -5.358809 -75.089055
2710.023841 -5.008687 -74.151084
2710.704840 -4.683831 -73.470084
2711.398667 -4.369804 -72.776258
2712.053961 -4.077434 -72.120963
2712.991932 -3.774236 -71.182992
2713.647227 -3.499913 -70.527697
2714.456725 -3.258076 -69.718199
2715.124872 -3.012630 -69.050052
2715.805846 -2.759964 -68.369078
2716.833784 -2.528956 -67.341140
2718.157200 -2.106643 -66.017724
2718.915289 -1.900902 -65.259636
2720.508554 -1.529122 -63.666370
2721.151022 -1.359476 -63.023902
2721.921937 -1.168172 -62.252987
2722.692878 -1.016572 -61.482046
2723.489524 -0.854145 -60.685401
2724.106261 -0.713374 -60.068663
2724.928586 -0.565384 -59.246338
2725.673848 -0.435442 -58.501077
2726.393379 -0.312719 -57.781546
2727.292793 -0.171948 -56.882132
2728.616234 0.095156 -55.558690
2729.348618 0.217879 -54.826306
2730.839115 0.452497 -53.335809
2731.571499 0.560782 -52.603425
2732.265325 0.651020 -51.909599
2733.061971 0.748477 -51.112953
2733.678708 0.853152 -50.496216
2734.513886 0.950609 -49.661039
2735.387620 1.055285 -48.787304
2736.042915 1.145522 -48.132009
2736.672505 1.250198 -47.502420
2737.597649 1.329607 -46.577275
2738.214386 1.405407 -45.960538
2739.011007 1.473987 -45.163918
2739.666327 1.535349 -44.508598
2740.385858 1.589492 -43.789067
2741.246740 1.650853 -42.928184
2741.902035 1.708605 -42.272890
2742.672950 1.766357 -41.501974
2743.456743 1.809672 -40.718181
2744.266216 1.860205 -39.908709
2744.985772 1.917957 -39.189152
2745.641067 1.972099 -38.533857
2746.450540 2.022632 -37.724385
2747.260012 2.073166 -36.914912
2748.056658 2.102042 -36.118267
2748.724805 2.170622 -35.450120
2749.405804 2.224765 -34.769120
2750.266661 2.268079 -33.908263
2751.731454 2.365536 -32.443471
2752.566631 2.419678 -31.608293
2753.183368 2.470211 -30.991556
2753.992841 2.517135 -30.182083
2754.712398 2.578497 -29.462527
2755.509018 2.632639 -28.665907
2756.228574 2.683172 -27.946350
2756.999490 2.744534 -27.175435
2757.770431 2.777019 -26.404494
2758.541371 2.820334 -25.633553
2759.299460 2.881695 -24.875465
2760.108932 2.906962 -24.065992
2760.802784 2.953885 -23.372140
2761.702198 3.004418 -22.472726
2762.434582 3.047732 -21.740343
2763.089876 3.091047 -21.085048
2763.822260 3.137970 -20.352664
2764.580348 3.184894 -19.594576
2765.338437 3.224598 -18.836488
2766.173614 3.260693 -18.001310
2766.880293 3.314836 -17.294631
2767.638381 3.365369 -16.536543
2768.229439 3.408683 -15.945485
2769.077469 3.451997 -15.097455
2769.874089 3.513359 -14.300835
2770.709267 3.563892 -13.465658
2771.493060 3.636082 -12.681864
2772.264001 3.693834 -11.910924
2773.034916 3.755196 -11.140008
2773.741620 3.830996 -10.433304
2774.474004 3.888748 -9.700920
2775.219240 3.960938 -8.955684
2775.964476 4.040347 -8.210448
2776.761096 4.101709 -7.413828
2777.467800 4.188337 -6.707124
2778.174479 4.253308 -6.000445
2778.919715 4.339936 -5.255209
2779.639272 4.415736 -4.535653
2780.397335 4.473488 -3.777590
2781.142571 4.556506 -3.032354
2781.900659 4.625087 -2.274265
2782.568806 4.697277 -1.606118
2783.301190 4.780296 -0.873735
2784.187777 4.859705 0.012852
2784.881603 4.935505 0.706679
2785.549750 5.004085 1.374826
2786.217897 5.076276 2.042973
2787.220105 5.155685 3.045181
2787.965341 5.249532 3.790417
2788.749134 5.343379 4.574210
2789.494370 5.404741 5.319446
2790.856344 5.574388 6.681419
2791.627284 5.642968 7.452360
2792.333963 5.736815 8.159039
2793.207698 5.819834 9.032773
2794.621055 5.989481 10.446131
2795.430553 6.072500 11.255629
2796.240026 6.159128 12.065102
2796.869616 6.249365 12.694691
2797.781882 6.361260 13.606958
2798.527118 6.440669 14.352194
2799.298059 6.523688 15.123135
2800.030443 6.624754 15.855518
2800.994119 6.718601 16.819194
2801.585151 6.816058 17.410227
2802.381797 6.927953 18.206872
2803.216974 7.014581 19.042050
2803.949358 7.112038 19.774433
2804.604652 7.202275 20.429728
2805.452682 7.321389 21.277758
2806.120804 7.426065 21.945879
2806.981686 7.505474 22.806762
2807.752627 7.617369 23.577702
2808.485010 7.711216 24.310086
2809.165984 7.830330 24.991060
2809.962630 7.945834 25.787706
2810.682161 8.032462 26.507237
2811.478781 8.144357 27.303857
2812.211190 8.256251 28.036266
2812.994958 8.357318 28.820034
2813.675958 8.483650 29.501033
2814.382636 8.588326 30.207712
2815.217814 8.685783 31.042889
2815.963050 8.819335 31.788125
2816.772522 8.942058 32.597598
2817.504906 9.057562 33.329982
2818.275847 9.162238 34.100922
2819.188113 9.292180 35.013189
2820.460145 9.548455 36.285221
2821.153997 9.689226 36.979073
2821.886381 9.804730 37.711456
2822.747263 9.945501 38.572338
2823.428237 10.075443 39.253312
2824.276267 10.216214 40.101342
2824.957266 10.360594 40.782342
2825.638240 10.472489 41.463316
2826.486270 10.631307 42.311345
2827.205801 10.757640 43.030877
2828.015299 10.898411 43.840375
2828.683421 11.042791 44.508496
2829.685654 11.179953 45.510729
2831.060480 11.486761 46.885555
2831.754306 11.631141 47.579382
2832.499542 11.800788 48.324618
2833.386104 11.959606 49.211179
2834.863723 12.244757 50.688799
2835.634664 12.428842 51.459740
2836.289959 12.569613 52.115034
2837.099431 12.746479 52.924507
2837.947461 12.872812 53.772537
2838.602756 13.078554 54.427831
2839.412228 13.233763 55.237304
2840.247406 13.399800 56.072481
2840.851316 13.576666 56.676392
2841.776409 13.749922 57.601485
2842.380320 13.887084 58.205395
2843.960733 14.219158 59.785809
2844.628880 14.403243 60.453956
2845.438353 14.569281 61.263428
2846.209268 14.756975 62.034344
2846.851710 14.926622 62.676786
2847.648356 15.128754 63.473432
2848.444976 15.258697 64.270052
2849.177360 15.457220 65.002435
2849.909743 15.576333 65.734819
2850.654979 15.800123 66.480055
2851.413068 15.930065 67.238143
2852.119747 16.114150 67.944822
2853.057718 16.254921 68.882793
2854.483928 16.594215 70.309003
2855.164927 16.680843 70.990003
2856.128578 14.179454 70.026352
2856.886666 13.111039 69.268264
2857.580518 12.251976 68.574412
2858.338581 11.436228 67.816349
2858.981023 10.642136 67.173907
2859.790521 9.949110 66.364409
2860.471495 9.313837 65.683435
2861.165347 8.739925 64.989583
2861.897731 8.176842 64.257199
2862.475911 7.628197 63.679019
2863.311088 7.169790 62.843842
2864.146266 6.729430 62.008664
2864.840117 6.274632 61.314813
2865.598206 5.873977 60.556724
2866.266327 5.458883 59.888603
2867.165767 5.101542 58.989163
2868.463478 4.433783 57.691452
2869.208714 4.112537 56.946216
2870.018212 3.838215 56.136718
2870.801980 3.560282 55.352950
2871.470127 3.304007 54.684803
2872.228215 3.044123 53.926715
2872.986278 2.831162 53.168652
2873.834308 2.625420 52.320622
2874.476750 2.405240 51.678180
2875.299075 2.203108 50.855855
2875.902986 2.026242 50.251944
2876.648222 1.860205 49.506708
2877.534783 1.679729 48.620147
2878.228635 1.517301 47.926295
2879.025255 1.372921 47.129675
2879.783344 1.228541 46.371586
2880.592816 1.098599 45.562114
2881.222406 0.975875 44.932524
2881.993347 0.853152 44.161583
2882.751435 0.759305 43.403495
2883.419557 0.672677 42.735373
2884.318996 0.596877 41.835934
2884.974291 0.524687 41.180639
2885.655265 0.463325 40.499665
2886.464738 0.391135 39.690192
2887.325620 0.326164 38.829310
2888.096561 0.272022 38.058369
2888.751855 0.214269 37.403075
2889.509918 0.160127 36.645012
2890.293711 0.095156 35.861219
2891.668537 -0.013129 34.486393
2892.413773 -0.067272 33.741157
2893.159009 -0.121415 32.995921
2893.929950 -0.175557 32.224980
2895.407570 -0.287452 30.747360
2896.204190 -0.323547 29.950740
2896.859484 -0.381299 29.295446
2897.656105 -0.442661 28.498825
2899.159429 -0.540117 26.995501
2899.853281 -0.587041 26.301649
2900.611369 -0.652012 25.543561
2901.382285 -0.702545 24.772645
2902.037579 -0.749469 24.117351
2902.859904 -0.803611 23.295026
2903.528051 -0.850535 22.626879
2904.324671 -0.904678 21.830259
2905.172701 -0.958820 20.982229
2905.789464 -1.009353 20.365466
2906.508995 -1.077934 19.645935
2907.318468 -1.128467 18.836462
2908.140793 -1.189829 18.014137
2909.078764 -1.247581 17.076166
2910.376501 -1.363085 15.778429
2911.147442 -1.428056 15.007488
2911.905530 -1.485808 14.249400
2912.702150 -1.557998 13.452780
2913.473091 -1.608532 12.681839
2914.244006 -1.677112 11.910924
2914.899301 -1.749302 11.255629
2915.747331 -1.803445 10.407599
2916.518272 -1.868416 9.636658
2917.263508 -1.929778 8.891422
2918.008744 -1.987530 8.146186
2918.818216 -2.045282 7.336714
2919.756187 -2.113862 6.398743
2920.925451 -2.232976 5.229479
2921.786308 -2.305166 4.368622
2922.493012 -2.366528 3.661918
2923.443810 -2.420671 2.711120
2924.150514 -2.492861 2.004416
2924.741547 -2.539784 1.413383
2925.589577 -2.611974 0.565353
2927.080049 -2.734698 -0.925119
2927.876694 -2.796059 -1.721764
2928.609078 -2.871859 -2.454148
2929.251520 -2.929611 -3.096590
2930.215196 -3.009020 -4.060266
2930.896170 -3.073991 -4.741240
2931.641406 -3.131743 -5.486476
2932.373790 -3.203934 -6.218860
2933.967056 -3.362752 -7.812126
2934.622350 -3.442161 -8.467420
2935.367586 -3.514351 -9.212656
2936.035733 -3.590151 -9.880803
2936.691028 -3.662341 -10.536098
2937.603294 -3.738141 -11.448364
2938.335678 -3.795893 -12.180748
2939.183708 -3.864473 -13.028778
2939.864707 -3.951101 -13.709777
2940.571386 -4.044949 -14.416456
2941.406563 -4.113529 -15.251633
2942.267445 -4.210986 -16.112515
2942.935592 -4.265129 -16.780662
2944.451769 -4.405899 -18.296839
2945.209858 -4.506966 -19.054928
2945.890832 -4.582765 -19.735902
2946.700330 -4.669393 -20.545400
2947.445566 -4.756022 -21.290636
2948.203654 -4.849869 -22.048724
2948.974569 -4.929278 -22.819639
2949.758363 -5.005077 -23.603433
2950.477894 -5.095315 -24.322964
2951.338776 -5.192772 -25.183846
2952.045455 -5.286619 -25.890525
2952.790691 -5.358809 -26.635761
2953.600189 -5.445437 -27.445259
2954.345425 -5.532065 -28.190495
2954.975015 -5.625913 -28.820085
2955.900133 -5.726979 -29.745203
2956.593985 -5.835264 -30.439055
2957.326369 -5.929111 -31.171439
2958.212930 -6.026568 -32.058000
2958.829693 -6.113196 -32.674763
2959.690575 -6.214262 -33.535645
2960.410107 -6.329767 -34.255177
2961.026844 -6.423614 -34.871914
2961.926283 -6.549946 -35.771353
2962.645815 -6.651013 -36.490885
2963.378198 -6.723203 -37.223268
2964.187696 -6.853145 -38.032766
2964.920080 -6.972259 -38.765150
2965.691021 -7.080544 -39.536091
2966.423404 -7.196048 -40.268474
2967.155788 -7.333209 -41.000858
2967.952408 -7.445104 -41.797478
2968.774758 -7.571437 -42.619828
2969.545674 -7.694160 -43.390744
2970.136732 -7.820493 -43.981802
2970.881968 -7.943216 -44.727038
2971.768555 -8.094815 -45.613625
2972.385292 -8.213929 -46.230362
2973.130528 -8.343871 -46.975598
2973.850085 -8.517128 -47.695155
2974.621000 -8.675946 -48.466070
2975.224911 -8.816717 -49.069981
2975.931589 -8.957487 -49.776659
2976.869561 -9.116306 -50.714631
2977.576265 -9.296781 -51.421335
2978.321501 -9.441161 -52.166571
2978.989648 -9.625246 -52.834718
2979.837678 -9.798503 -53.682748
2980.595766 -9.968149 -54.440836
2981.276740 -10.155844 -55.121810
2982.111943 -10.329100 -55.957013
2982.831474 -10.520404 -56.676544
2983.602415 -10.718927 -57.447485
2984.360503 -10.913840 -58.205573
2985.118592 -11.090706 -58.963662
2985.825270 -11.292838 -59.670340
2986.454860 -11.462485 -60.299930
2987.302890 -11.689884 -61.147960
2988.060978 -11.888407 -61.906048
2988.780535 -12.097759 -62.625605
2989.538623 -12.325157 -63.383693
2990.296686 -12.538118 -64.141756
2990.977686 -12.743860 -64.822756
2991.761479 -12.982088 -65.606549
2992.455331 -13.184220 -66.300401
2993.406129 -13.447714 -67.251199
2994.035744 -13.642627 -67.880814
2994.780980 -13.906122 -68.626050
2995.487659 -14.162397 -69.332729
2996.387098 -14.436719 -70.232168
2997.222276 -14.732699 -71.067346
2997.890423 -14.591928 -71.735493
2998.584275 -12.357643 -71.041641
2999.650719 -11.408343 -69.975197
3000.832835 -9.834598 -68.793081
3001.590923 -9.127134 -68.034992
3002.271923 -8.520737 -67.353993
3003.222746 -7.939607 -66.403169
3004.571867 -6.896459 -65.054048
3005.252867 -6.438052 -64.373049
3006.756191 -5.589818 -62.869724
3007.539984 -5.189162 -62.085931
3008.298073 -4.824602 -61.327843
3008.953367 -4.445604 -60.672548
3009.891339 -4.113529 -59.734577
3010.585165 -3.813940 -59.040751
3011.227607 -3.503523 -58.398308
3012.101342 -3.229200 -57.524574
3012.756636 -2.987363 -56.869279
3013.514725 -2.731088 -56.111191
3014.337050 -2.507299 -55.288866
3014.992344 -2.290728 -54.633571
3015.647639 -2.077767 -53.978277
3016.457137 -1.890073 -53.168779
3017.266610 -1.705988 -52.359306
3018.037550 -1.539951 -51.588365
3018.757082 -1.373914 -50.868834
3019.540875 -1.215095 -50.085041
3020.209022 -1.070715 -49.416894
3021.005642 -0.933554 -48.620274
3021.738051 -0.807221 -47.887865
3022.431877 -0.673669 -47.194038
3023.189966 -0.543727 -46.435950
3023.845260 -0.431832 -45.780655
3024.667585 -0.319938 -44.958330
3025.412821 -0.211652 -44.213094
3026.003879 -0.117805 -43.622036
3026.864762 -0.020348 -42.761154
3027.532909 0.077108 -42.093007
3028.303849 0.174565 -41.322066
3029.061912 0.264803 -40.564003
3029.794321 0.347821 -39.831594
3030.770824 0.420011 -38.855091
3032.068561 0.546344 -37.557354
3032.852354 0.600487 -36.773561
3033.533354 0.658239 -36.092562
3034.342826 0.719600 -35.283089
3035.088062 0.759305 -34.537853
3035.859003 0.827886 -33.766912
3036.629944 0.878419 -32.995972
3037.259534 0.932561 -32.366382
3038.056154 0.986704 -31.569762
3038.827095 1.040847 -30.798821
3039.662272 1.091380 -29.963643
3040.266183 1.145522 -29.359733
3041.139892 1.196055 -28.486024
3041.897980 1.246588 -27.727935
3042.578980 1.286293 -27.046936
3043.337068 1.329607 -26.288848
3044.133688 1.376531 -25.492227
3045.020275 1.423454 -24.605640
3045.637013 1.463159 -23.988903
3046.459338 1.513692 -23.166578
3047.166042 1.560616 -22.459874
3047.949810 1.603930 -21.676106
3048.656514 1.643634 -20.969402
3049.324661 1.701386 -20.301255
3050.146986 1.741091 -19.478930
3051.007868 1.784405 -18.618048
3051.701694 1.824110 -17.924221
3052.498340 1.878252 -17.127576
3053.230724 1.925176 -16.395192
3053.988812 1.972099 -15.637104
3054.656959 2.015413 -14.968957
3055.646314 2.065947 -13.979601
3056.956904 2.152575 -12.669012
3057.804933 2.185060 -11.820982
3058.537317 2.224765 -11.088599
3059.321085 2.271688 -10.304831
3060.040641 2.325831 -9.585274
3060.785877 2.354707 -8.840038
3061.415467 2.401631 -8.210448
3062.212087 2.434116 -7.413828
3063.060117 2.481040 -6.565798
3063.741117 2.535182 -5.884799
3064.422116 2.571278 -5.203800
3065.411471 2.614592 -4.214444
3066.066766 2.665125 -3.559150
3066.760618 2.712048 -2.865298
3067.518681 2.751753 -2.107235
3068.289622 2.802286 -1.336294
3069.086267 2.852819 -0.539648
3069.780094 2.896133 0.154178
3070.499625 2.943057 0.873709
3071.232008 2.993590 1.606093
3072.002949 3.033294 2.377034
3073.506274 3.134361 3.880358
3074.264362 3.181284 4.638446
3074.919657 3.231817 5.293741
3075.754834 3.282350 6.128918
3076.358719 3.322055 6.732803
3077.168217 3.387026 7.542301
3078.080483 3.455607 8.454568
3078.722926 3.513359 9.097010
3079.622340 3.571111 9.996424
3080.277634 3.650520 10.651719
3081.035723 3.711882 11.409807
3081.806663 3.784072 12.180748
3082.539047 3.849043 12.913131
3083.348520 3.924843 13.722604
3084.055198 3.997033 14.429283
3084.954638 4.094490 15.328722
3085.687021 4.173899 16.061106
3086.329464 4.246089 16.703548
3087.344524 4.318279 17.718608
3088.012671 4.408517 18.386755
3088.745054 4.491535 19.119139
3089.567379 4.567335 19.941464
3090.158437 4.657573 20.532522
3091.173498 4.740591 21.547582
3091.841619 4.816391 22.215704
3092.471234 4.903019 22.845319
3093.293559 4.978819 23.667644
3094.128737 5.065447 24.502821
3094.848268 5.170123 25.222352
3095.580652 5.260360 25.954736
3096.325888 5.350598 26.699972
3097.096828 5.444445 27.470913
3097.919153 5.549121 28.293238
3098.625832 5.650187 28.999917
3099.396773 5.736815 29.770857
3100.103452 5.848710 30.477536
3100.810156 5.946167 31.184240
3101.671013 6.047233 32.045097
3102.429101 6.148299 32.803186
3103.135780 6.252975 33.509864
3103.893868 6.379308 34.267953
3104.613400 6.494812 34.987484
3105.307251 6.617535 35.681336
3106.206665 6.711382 36.580750
3106.861960 6.834106 37.236044
3107.555812 6.949610 37.929896
3108.480931 7.065114 38.855015
3109.110520 7.209494 39.484605
3109.907141 7.328608 40.281225
3110.678081 7.462160 41.052166
3111.346228 7.592102 41.720313
3112.374116 7.722044 42.748200
3113.620468 7.999976 43.994553
3114.417088 8.122700 44.791173
3115.303675 8.292347 45.677760
3115.984649 8.429508 46.358734
3116.639944 8.588326 47.014028
3117.462269 8.711049 47.836353
3118.271767 8.869868 48.645851
3119.749387 9.198333 50.123471
3120.417508 9.360761 50.791593
3121.316948 9.530408 51.691032
3121.946537 9.700054 52.320622
3122.897336 9.862482 53.271420
3123.552630 10.050177 53.926715
3124.272187 10.230652 54.646271
3125.030250 10.411127 55.404334
3125.711249 10.606041 56.085334
3126.649220 10.790126 57.023305
3127.330194 11.006696 57.704279
3128.062578 11.194391 58.436662
3128.782135 11.389304 59.156219
3129.591607 11.609484 59.965692
3130.221197 11.818835 60.595281
3131.043522 12.020968 61.417606
3131.840142 12.219491 62.214227
3132.469757 12.428842 62.843842
3133.446260 12.638194 63.820345
3134.024466 12.880031 64.398550
3134.743997 13.060506 65.118082
3135.566322 13.316781 65.940407
3136.170207 13.555009 66.544292
3137.108178 13.728265 67.482263
3137.750621 13.980931 68.124705
3138.650035 14.154187 69.024119
3139.292477 14.341882 69.666561
3140.204769 14.587328 70.578853
3140.782949 14.720880 71.157033
3141.759452 12.540737 70.180530
3142.748807 11.540903 69.191175
3144.085101 10.057396 67.854881
3144.778928 9.414903 67.161054
3145.472779 8.783240 66.467203
3146.359341 8.212937 65.580641
3146.976078 7.682340 64.963904
3147.669930 7.220323 64.270052
3148.428019 6.761915 63.511963
3149.134697 6.299898 62.805285
3149.841376 5.928119 62.098606
3150.612317 5.527464 61.327665
3151.434642 5.177342 60.505340
3152.102789 4.816391 59.837193
3153.092144 4.495145 58.847838
3154.325645 3.917624 57.614337
3155.109412 3.639692 56.830570
3156.702678 3.127142 55.237304
3157.319416 2.892524 54.620566
3158.103209 2.704829 53.836773
3158.899829 2.502697 53.040153
3160.351744 2.138137 51.588238
3161.186921 1.982928 50.753061
3161.932157 1.824110 50.007825
3162.638861 1.672510 49.301121
3163.448334 1.524521 48.491648
3164.090776 1.387359 47.849206
3164.925954 1.271855 47.014028
3165.696869 1.149132 46.243113
3166.313632 1.037237 45.626350
3167.315840 0.936171 44.624142
3167.894045 0.853152 44.045937
3168.652108 0.784572 43.287874
3169.345960 0.723210 42.594022
3170.078344 0.661848 41.861638
3170.926373 0.596877 41.013609
3171.607347 0.542735 40.332635
3172.391141 0.481373 39.548841
3172.982199 0.434449 38.957783
3173.894465 0.380307 38.045517
3174.626849 0.344212 37.313133
3175.256438 0.300898 36.683544
3176.168705 0.239536 35.771277
3176.811147 0.192612 35.128835
3177.800502 0.152908 34.139480
3178.995445 0.055451 32.944537
3179.856328 0.012137 32.083654
3180.537327 -0.020348 31.402655
3181.488151 -0.081710 30.451831
3182.747330 -0.175557 29.192652
3183.556803 -0.218871 28.383179
3184.250655 -0.262185 27.689327
3185.072980 -0.316328 26.867002
3185.831068 -0.341595 26.108914
3186.563452 -0.395737 25.376530
3187.244426 -0.431832 24.695556
3188.143865 -0.496803 23.796117
3188.799160 -0.536508 23.140822
3189.415897 -0.572603 22.524085
3190.251074 -0.623136 21.688908
3190.944901 -0.670060 20.995081
3191.702989 -0.698936 20.236993
3192.640960 -0.760297 19.299022
3193.283403 -0.796392 18.656579
3193.951550 -0.846926 17.988432
3194.812432 -0.886630 17.127550
3195.519111 -0.929944 16.420871
3196.315731 -0.994915 15.624251
3197.048140 -1.045448 14.891842
3197.806203 -1.081544 14.133779
3198.577144 -1.142905 13.362838
3199.348084 -1.204267 12.591898
3200.054763 -1.240362 11.885219
3200.838556 -1.287285 11.101426
3201.558088 -1.348647 10.381894
3202.431822 -1.402790 9.508160
3203.087117 -1.460542 8.852865
3203.883737 -1.511075 8.056245
3204.564736 -1.561608 7.375246
3205.541239 -1.608532 6.398743
3206.157977 -1.669893 5.782005
3206.800444 -1.716817 5.139538
3207.597065 -1.785397 4.342917
3208.342301 -1.835930 3.597681
3209.280272 -1.893683 2.659710
3209.974098 -1.936997 1.965884
3210.616540 -2.001968 1.323442
3211.438891 -2.052501 0.501091
3212.068481 -2.103034 -0.128499
3213.019304 -2.157177 -1.079322
3213.764540 -2.204100 -1.824558
3214.445514 -2.265462 -2.505532
3215.165071 -2.315995 -3.225089
3216.000248 -2.377356 -4.060266
3216.668370 -2.424280 -4.728388
3217.477868 -2.496470 -5.537886
3218.184547 -2.547003 -6.244565
3218.852694 -2.615584 -6.912712
3219.919138 -2.676946 -7.979156
3221.229727 -2.814107 -9.289745
3221.923579 -2.882687 -9.983597
3222.810141 -2.936830 -10.870159
3223.555377 -2.994582 -11.615395
3224.262081 -3.070382 -12.322099
3225.122963 -3.138962 -13.182981
3226.472084 -3.290562 -14.532102
3227.255877 -3.355533 -15.315895
3227.975408 -3.424113 -16.035426
3228.823438 -3.503523 -16.883456
3229.504438 -3.572103 -17.564456
3230.403852 -3.658731 -18.463870
3231.149088 -3.723703 -19.209106
3231.791530 -3.795893 -19.851548
3232.523913 -3.860864 -20.583931
3233.217765 -3.947492 -21.277783
3234.181441 -4.012463 -22.241459
3234.823883 -4.099091 -22.883901
3235.646208 -4.174891 -23.706226
3236.378592 -4.265129 -24.438610
3237.149533 -4.366195 -25.209551
3237.907621 -4.427556 -25.967639
3238.717094 -4.517794 -26.777112
3239.436625 -4.593594 -27.496643
3240.246123 -4.676612 -28.306141
3241.042743 -4.766850 -29.102761
3241.698038 -4.842650 -29.758056
3242.507510 -4.936497 -30.567528
3243.265599 -5.037563 -31.325617
3243.985155 -5.124191 -32.045173
3244.666129 -5.218038 -32.726147
3245.501307 -5.308276 -33.561325
3246.220863 -5.398514 -34.280881
3246.927542 -5.499580 -34.987560
3247.852661 -5.604256 -35.912679
3248.572218 -5.687274 -36.632236
3249.304601 -5.781121 -37.364619
3250.114074 -5.914673 -38.174092
3250.846457 -6.026568 -38.906475
3251.476073 -6.127634 -39.536091
3252.336929 -6.232310 -40.396947
3253.082165 -6.340595 -41.142183
3253.865959 -6.456099 -41.925977
3254.521253 -6.575213 -42.581271
3255.253637 -6.694327 -43.313655
3256.024578 -6.813440 -44.084596
3256.769814 -6.939773 -44.829832
3257.553607 -7.080544 -45.613625
3258.208901 -7.210486 -46.268919
3259.146873 -7.344038 -47.206891
3260.444609 -7.632798 -48.504627
3261.305492 -7.784398 -49.365510
3261.973639 -7.921559 -50.033657
3262.718875 -8.051501 -50.778893
3263.489790 -8.235586 -51.549808
3264.209347 -8.398014 -52.269365
3264.928878 -8.538785 -52.988896
3265.853997 -8.693993 -53.914015
3266.496439 -8.899735 -54.556457
3267.267380 -9.083820 -55.327398
3267.999763 -9.260686 -56.059781
3268.642231 -9.462818 -56.702249
3269.528792 -9.639684 -57.588810
3270.222644 -9.845426 -58.282662
3270.942175 -10.033121 -59.002193
3271.738821 -10.224424 -59.798839
3272.394116 -10.462652 -60.454134
3273.113647 -10.664784 -61.173665
3273.910292 -10.899402 -61.970310
3274.668355 -11.108754 -62.728373
3275.349355 -11.321715 -63.409373
3276.402972 -11.585209 -64.462990
3277.700709 -12.029178 -65.760727
3278.356004 -12.267405 -66.416022
3279.242591 -12.509242 -67.302609
3280.090620 -12.747470 -68.150638
3281.388357 -13.195049 -69.448375
3282.223535 -13.451324 -70.283553
3283.688327 -13.805055 -71.748345
3284.587767 -11.534675 -70.848906
3285.872651 -9.877912 -69.564021
3286.669297 -9.195715 -68.767376
3287.311739 -8.574880 -68.124934
3288.031270 -8.008187 -67.405402
3288.866447 -7.473980 -66.570225
3289.586004 -6.979478 -65.850668
3290.331240 -6.524680 -65.105432
3290.986535 -6.077101 -64.450138
3292.477007 -5.283010 -62.959666
3293.273652 -4.918449 -62.163020
3294.108830 -4.543061 -61.327843
3294.841213 -4.229034 -60.595459
3295.599302 -3.936663 -59.837371
3296.370242 -3.615417 -59.066430
3297.038364 -3.355533 -58.398308
3297.822157 -3.099258 -57.614515
3298.528861 -2.861030 -56.907811
3299.376891 -2.662508 -56.059781
3300.096422 -2.435109 -55.340250
3300.751717 -2.222148 -54.684955
3301.522658 -2.041672 -53.914015
3302.139395 -1.872026 -53.297277
3303.038835 -1.687941 -52.397838
3303.809750 -1.532732 -51.626922
3304.529307 -1.381133 -50.907366
3305.171749 -1.240362 -50.264924
3306.084015 -1.099591 -49.352657
3306.790719 -0.980477 -48.645953
3307.484546 -0.857754 -47.952127
3308.229782 -0.738640 -47.206891
3309.090664 -0.623136 -46.346008
3310.388401 -0.410175 -45.048272
3311.210726 -0.319938 -44.225947
3311.878873 -0.222481 -43.557800
3312.611282 -0.135853 -42.825391
3313.356518 -0.045615 -42.080155
3314.114606 0.041013 -41.322066
3314.911226 0.127641 -40.525446
3315.630758 0.199831 -39.805915
3316.350314 0.272022 -39.086358
3317.121230 0.322555 -38.315443
3317.917875 0.373088 -37.518797
3318.714495 0.434449 -36.722177
3319.305553 0.499421 -36.131119
3320.204967 0.546344 -35.231705
3320.834583 0.604096 -34.602090
3321.721144 0.640191 -33.715528
3322.453528 0.687115 -32.983145
3323.031733 0.734038 -32.404939
3323.956852 0.788181 -31.479820
3324.637852 0.838714 -30.798821
3325.408792 0.878419 -30.027880
3326.205413 0.928952 -29.231260
3326.783618 0.983094 -28.653054
3327.708737 1.033628 -27.727935
3328.543914 1.066113 -26.892758
3329.212061 1.109427 -26.224611
3329.983002 1.156351 -25.453670
3330.586887 1.192446 -24.849785
3331.473474 1.246588 -23.963198
3332.295799 1.275465 -23.140873
3332.976799 1.325998 -22.459874
3333.722035 1.362093 -21.714638
3334.608596 1.394578 -20.828076
3335.199654 1.437892 -20.237018
3336.009127 1.477597 -19.427546
3336.805772 1.517301 -18.630900
3337.525304 1.557006 -17.911369
3338.321949 1.596711 -17.114723
3339.028628 1.643634 -16.408044
3339.812421 1.683339 -15.624251
3340.711835 1.715824 -14.724837
3342.060956 1.795234 -13.375716
3342.857602 1.842157 -12.579071
3343.628543 1.871033 -11.808130
3344.309517 1.907128 -11.127156
3345.119015 1.957661 -10.317658
3345.825693 1.979318 -9.610979
3346.648018 2.022632 -8.788654
3347.316165 2.058728 -8.120507
3348.074254 2.094823 -7.362419
3348.845195 2.145356 -6.591478
3349.616110 2.163403 -5.820562
3350.335667 2.217546 -5.101006
3351.029493 2.257250 -4.407179
3351.851818 2.286126 -3.584854
3352.609906 2.329441 -2.826766
3353.290906 2.379974 -2.145767
3354.126083 2.412459 -1.310589
3354.794230 2.452164 -0.642442
3355.539466 2.509916 0.102794
3356.361791 2.553230 0.925119
3356.978529 2.585716 1.541856
3357.865116 2.636249 2.428443
3358.481853 2.690391 3.045181
3359.484061 2.730096 4.047388
3360.165060 2.784238 4.728388
3360.794650 2.809505 5.357978
3361.527034 2.860038 6.090361
3362.310827 2.906962 6.874154
3363.120299 2.946666 7.683627
3363.904093 2.997199 8.467420
3364.636476 3.029685 9.199804
3366.319683 3.152408 10.883011
3367.630247 3.278741 12.193575
3368.478277 3.311227 13.041605
3369.159276 3.405074 13.722604
3369.968749 3.455607 14.532077
3370.752542 3.513359 15.315870
3371.549162 3.585549 16.112490
3372.307251 3.661349 16.870578
3373.180985 3.729929 17.744313
3373.849107 3.787681 18.412435
3374.632900 3.859872 19.196228
3375.455225 3.946500 20.018553
3377.048491 4.094490 21.611819
3377.703786 4.166680 22.267113
3378.461874 4.238870 23.025202
3379.232789 4.311060 23.796117
3379.939494 4.368812 24.502821
3380.697582 4.433783 25.260910
3381.442793 4.502364 26.006120
3382.175202 4.578164 26.738529
3382.946117 4.661182 27.509445
3383.588559 4.758639 28.151887
3384.552235 4.841658 29.115563
3385.271766 4.928286 29.835094
3385.978445 5.014914 30.541773
3386.800796 5.108761 31.364123
3387.481770 5.198999 32.045097
3388.316947 5.285627 32.880275
3388.946537 5.375865 33.509864
3389.717478 5.480540 34.280805
3390.514098 5.585216 35.077425
3391.259334 5.675454 35.822661
3391.978890 5.787348 36.542218
3392.711274 5.884805 37.274602
3393.456510 5.975043 38.019838
3394.214573 6.076109 38.777901
3394.985514 6.202442 39.548841
3395.769307 6.307117 40.332635
3396.553075 6.422622 41.116402
3397.234074 6.541735 41.797402
3398.172045 6.657240 42.735373
3398.840167 6.776353 43.403495
3399.521166 6.906296 44.084494
3400.292107 7.018190 44.855435
3401.037343 7.151742 45.600671
3401.795406 7.285294 46.358734
3402.527790 7.411627 47.091117
3403.362967 7.534350 47.926295
3404.121056 7.693168 48.684383
3404.802055 7.841158 49.365383
3405.662912 7.956662 50.226239
3406.331059 8.122700 50.894386
3407.153384 8.270689 51.716711
3407.937177 8.454774 52.500505
3408.669561 8.599155 53.232888
3409.401944 8.765192 53.965272
3410.198564 8.960105 54.761892
3410.969505 9.115314 55.532833
3411.689036 9.306618 56.252364
3412.472830 9.483484 57.036157
3413.282302 9.671178 57.845630
3413.963276 9.873311 58.526604
3414.682833 10.046567 59.246160
3415.428069 10.245090 59.991396
3416.211837 10.461661 60.775164
3416.995630 10.642136 61.558957
3417.779398 10.840659 62.342725
3418.511781 11.028353 63.075109
3419.295574 11.281019 63.858902
3420.683227 11.681674 65.246555
3421.428463 11.916292 65.991791
3422.340730 12.122034 66.904057
3422.970345 12.342214 67.533672
3423.664171 12.547956 68.227499
3424.627847 12.728431 69.191175
3425.218880 12.991926 69.782207
3425.989821 13.147134 70.553148
3426.786441 13.414238 71.349768
3427.403178 13.555009 71.966506
3428.251208 13.764360 72.814536
3428.957912 13.944836 73.521240
3429.690296 14.146968 74.253623
3430.486916 14.345491 75.050244
3431.167915 14.453776 75.731243
3431.938831 14.608985 76.502158
3432.774008 14.742537 77.337336
3433.557801 14.858041 78.121129
3434.174539 14.987983 78.737866
3434.906922 15.114316 79.470250
3435.742100 15.179287 80.305427
3437.296808 15.435563 81.860136
3437.952103 15.475267 82.515431
3438.658782 15.644914 83.222109
3439.506812 15.677400 84.070139
3440.110697 15.818170 84.674024
3440.997284 15.847046 85.560611
3441.832436 15.865094 86.395763
3442.449198 15.933675 87.012526
3443.168730 15.951722 87.732057
3444.093848 15.966160 88.657176
3444.736291 15.987817 89.299618
3445.610000 15.969770 90.173327
3446.329531 15.991427 90.892859
3447.177561 15.980598 91.740888
3447.948502 15.976989 92.511829
3448.655180 15.912018 93.218508
3449.438974 15.875923 94.002301
3450.248446 15.886751 94.811774
3451.057919 15.904799 95.621246
3451.803155 15.912018 96.366482
3452.599775 15.857875 97.163103
3453.280774 15.839827 97.844102
3454.141631 15.854265 98.704959
3455.670660 15.796513 100.233988
3456.428723 15.749590 100.992051
3457.251048 15.720714 101.814376
3457.842106 15.576333 102.405434
3458.895698 15.529410 103.459026
3460.244845 15.439172 104.808172
3461.092849 15.399467 105.656177
3461.863790 15.410296 106.427118
3462.660410 15.442782 107.223738
3463.367114 15.421124 107.930442
3464.048088 15.363372 108.611416
3464.780472 15.334496 109.343800
3465.654207 15.276744 110.217534
3466.258092 15.197335 110.821419
3467.067564 15.038517 111.630892
3467.838505 15.024079 112.401833
3468.455242 15.024079 113.018570
3469.341804 14.948279 113.905132
3470.536747 12.937783 112.710189
3471.166337 12.277243 112.080599
3471.975809 11.620313 111.271126
3472.592547 10.956163 110.654389
3473.350635 10.440004 109.896300
3474.057314 9.894968 109.189622
3474.841107 9.429341 108.405828
3475.457845 9.014248 107.789091
3476.113139 8.566669 107.133796
3476.935464 8.155185 106.311471
3477.565054 7.747311 105.681882
3478.541557 7.400798 104.705379
3479.145467 7.032628 104.101468
3479.877851 6.707773 103.369085
3480.623062 6.382917 102.623874
3481.509649 6.097766 101.737287
3482.229180 5.819834 101.017756
3482.910179 5.527464 100.336756
3483.565448 5.256751 99.681487
3484.490567 5.051009 98.756368
3485.222951 4.783905 98.023985
3485.916803 4.563725 97.330133
3486.674866 4.357984 96.572070
3487.317308 4.145023 95.929628
3488.113953 3.960938 95.132982
3488.974810 3.776853 94.272125
3489.630105 3.581940 93.616831
3490.465282 3.408683 92.781653
3491.159134 3.249865 92.087802
3491.840108 3.083828 91.406828
3492.778079 2.957495 90.468856
3493.381964 2.798676 89.864971
3494.191462 2.650687 89.055473
3494.962378 2.527963 88.284558
3495.643377 2.401631 87.603559
3496.401440 2.264469 86.845496
3497.185233 2.148965 86.061702
3497.969001 2.019023 85.277935
3498.739942 1.899909 84.506994
3499.716445 1.809672 83.530491
3500.962797 1.596711 82.284138
3501.720886 1.499254 81.526050
3502.478949 1.405407 80.767987
3503.365536 1.304341 79.881400
3503.969421 1.217712 79.277515
3504.727509 1.138303 78.519426
3505.459893 1.055285 77.787043
3506.063778 0.961437 77.183158
3506.976044 0.900076 76.270891
3507.759837 0.813448 75.487098
3508.440811 0.759305 74.806124
3509.198900 0.705162 74.048036
3509.918431 0.654629 73.328505
3510.663667 0.614925 72.583269
3511.537402 0.564392 71.709534
3512.179844 0.503030 71.067092
3512.976464 0.456106 70.270472
3513.914435 0.420011 69.332500
3515.289261 0.326164 67.957675
3516.073029 0.293679 67.173907
3516.741176 0.253974 66.505760
3517.627763 0.214269 65.619173
3518.360146 0.167346 64.886789
3519.079678 0.124032 64.167258
3519.786356 0.073499 63.460579
3520.724328 0.030185 62.522608
3522.034917 -0.045615 61.212019
3522.882921 -0.088929 60.364014
3524.373393 -0.168338 58.873542
3525.041540 -0.197214 58.205395
3525.773924 -0.244138 57.473012
3526.609101 -0.273014 56.637834
3527.290101 -0.323547 55.956835
3528.048164 -0.356033 55.198772
3528.921898 -0.392128 54.325037
3529.577193 -0.421004 53.669743
3530.412370 -0.460708 52.834565
3531.170459 -0.496803 52.076477
3531.992784 -0.518460 51.254152
3532.660905 -0.561775 50.586030
3533.521787 -0.594260 49.725148
3534.164230 -0.630355 49.082706
3534.909466 -0.670060 48.337470
3535.757495 -0.698936 47.489440
3536.477027 -0.735031 46.769909
3537.312204 -0.771126 45.934732
3537.980351 -0.807221 45.266585
3538.725587 -0.836097 44.521349
3539.586444 -0.879411 43.660492
3540.293148 -0.908287 42.953788
3540.961295 -0.937163 42.285641
3541.860709 -0.966039 41.386227
3542.503151 -0.987696 40.743784
3543.338329 -1.009353 39.908607
3544.122096 -1.038229 39.124839
3544.815948 -1.063496 38.430987
3545.586864 -1.077934 37.660072
3546.383509 -1.106810 36.863426
3547.154450 -1.124858 36.092486
3547.873981 -1.150124 35.372954
3548.580660 -1.175391 34.666276
3549.338748 -1.189829 33.908187
3550.135369 -1.211486 33.111567
3550.867752 -1.233143 32.379183
3551.612988 -1.251190 31.633947
3552.499575 -1.276457 30.747360
3553.180549 -1.316161 30.066386
3553.848696 -1.319771 29.398239
3554.683874 -1.341428 28.563062
3555.326316 -1.373914 27.920620
3556.328524 -1.410009 26.918412
3556.919582 -1.424447 26.327354
3557.626260 -1.449713 25.620675
3558.422906 -1.471370 24.824030
3559.193821 -1.507465 24.053114
3559.964762 -1.529122 23.282173
3560.658614 -1.543560 22.588322
3561.403850 -1.572436 21.843086
3562.251854 -1.619360 20.995081
3562.997090 -1.633798 20.249845
3563.716647 -1.655455 19.530289
3564.449031 -1.695160 18.797905
3565.245651 -1.713207 18.001285
3566.016592 -1.749302 17.230344
3566.941710 -1.778178 16.305225
3567.558448 -1.810664 15.688488
3568.329389 -1.839540 14.917547
3569.074625 -1.846759 14.172311
3569.781303 -1.879245 13.465632
3570.680743 -1.893683 12.566193
3571.413126 -1.929778 11.833809
3572.158362 -1.969482 11.088573
3572.787952 -1.976701 10.458983
3573.584572 -2.023625 9.662363
3574.458307 -2.048891 8.788629
3575.164986 -2.074158 8.081950
3576.051573 -2.113862 7.195363
3576.706867 -2.139129 6.540068
3577.464930 -2.175224 5.782005
3578.184487 -2.218538 5.062449
3578.904018 -2.254633 4.342917
3579.764900 -2.272681 3.482035
3580.561521 -2.305166 2.685415
3581.268225 -2.344871 1.978711
3582.000608 -2.399014 1.246327
3582.835786 -2.413452 0.411150
3583.581022 -2.471204 -0.334086
3585.161435 -2.528956 -1.914500
3585.868114 -2.554222 -2.621178
3586.549113 -2.615584 -3.302178
3587.281497 -2.655289 -4.034561
3587.898234 -2.684165 -4.651299
3588.849058 -2.734698 -5.602122
3589.594294 -2.781621 -6.347358
3590.326678 -2.821326 -7.079742
3591.046209 -2.864640 -7.799273
3591.804297 -2.897125 -8.557362
3592.549533 -2.954878 -9.302598
3593.281917 -3.009020 -10.034981
3594.014326 -3.045115 -10.767390
3594.772389 -3.099258 -11.525453
3595.658976 -3.138962 -12.412040
3596.391359 -3.185886 -13.144424
3597.200832 -3.229200 -13.953896
3597.946068 -3.290562 -14.699132
3598.691304 -3.323047 -15.444368
3599.436540 -3.377190 -16.189604
3600.143244 -3.442161 -16.896309
3600.901333 -3.492694 -17.654397
3601.582307 -3.543227 -18.335371
3602.494598 -3.586541 -19.247663
3603.162720 -3.640684 -19.915784
3604.049307 -3.687607 -20.802371
3604.691749 -3.738141 -21.444814
3605.372749 -3.803112 -22.125813
3606.297867 -3.857254 -23.050932
3606.966014 -3.911397 -23.719079
3607.775487 -3.969149 -24.528551
3608.520723 -4.026901 -25.273787
3609.368753 -4.073825 -26.121817
3610.126841 -4.127967 -26.879906
3610.859225 -4.196548 -27.612289
3611.630166 -4.243472 -28.383230
3612.401106 -4.308443 -29.154171
3613.082080 -4.369804 -29.835145
3613.917258 -4.431166 -30.670322
3614.649641 -4.506966 -31.402706
3615.446287 -4.568327 -32.199351
3616.152966 -4.618860 -32.906030
3617.078110 -4.691050 -33.831174
3617.681995 -4.770460 -34.435059
3618.452936 -4.831821 -35.206000
3619.146762 -4.896792 -35.899827
3619.917703 -4.968982 -36.670767
3620.650087 -5.044782 -37.403151
3621.510969 -5.109753 -38.264033
3622.230500 -5.192772 -38.983564
3622.924352 -5.264962 -39.677416
3623.785234 -5.351590 -40.538298
3624.440529 -5.420171 -41.193593
3625.339943 -5.517627 -42.093007
3626.020942 -5.611475 -42.774006
3626.676237 -5.687274 -43.429301
3627.627060 -5.763074 -44.380125
3628.963354 -5.965206 -45.716419
3629.824211 -6.033787 -46.577275
3631.186210 -6.214262 -47.939274
3631.982830 -6.322547 -48.735894
3632.740918 -6.430833 -49.493983
3634.244243 -6.629356 -50.997307
3634.912390 -6.719593 -51.665454
3635.670478 -6.835097 -52.423543
3636.505656 -6.943383 -53.258720
3637.199507 -7.040839 -53.952572
3637.957596 -7.138296 -54.710660
3638.741364 -7.250191 -55.494428
3639.396658 -7.351257 -56.149723
3640.219009 -7.463152 -56.972073
3641.041334 -7.589484 -57.794398
3641.619539 -7.658065 -58.372604
3642.493274 -7.759131 -59.246338
3643.199953 -7.874635 -59.953017
3644.125071 -7.972092 -60.878136
3644.767514 -8.055111 -61.520578
3645.474218 -8.167005 -62.227282
3646.206601 -8.250024 -62.959666
3647.028926 -8.361919 -63.781991
3647.722778 -8.477423 -64.475843
3648.660749 -8.571270 -65.413814
3650.022723 -8.766184 -66.775787
3650.703722 -8.878078 -67.456787
3651.538900 -8.971926 -68.291964
3652.245604 -9.091039 -68.998668
3653.055076 -9.181277 -69.808141
3653.787485 -9.260686 -70.540550
3654.519869 -9.387019 -71.272933
3655.650575 -9.491695 -72.403640
3656.884076 -9.664951 -73.637140
3657.603607 -9.773236 -74.356671
3658.233197 -9.881521 -74.986261
3659.286814 -9.968149 -76.039878
3660.635960 -10.148625 -77.389025
3661.471138 -10.220815 -78.224202
3662.087875 -10.332710 -78.840940
3662.961610 -10.430166 -79.714674
3663.693993 -10.513185 -80.447058
3664.426402 -10.560109 -81.179467
3665.120229 -10.639518 -81.873293
3665.942579 -10.733365 -82.695644
3666.649258 -10.798336 -83.402322
3667.291700 -10.884964 -84.044765
3668.191140 -10.953545 -84.944204
3669.771553 -11.119582 -86.524617
3670.388316 -11.170115 -87.141380
3671.133552 -11.256743 -87.886616
3671.801699 -11.328934 -88.554763
3672.701113 -11.379467 -89.454177
3673.420669 -11.451657 -90.173734
3674.127348 -11.527456 -90.880413
3674.949673 -11.592428 -91.702738
3675.707762 -11.624913 -92.460826
3676.388761 -11.653789 -93.141825
3677.275348 -11.657399 -94.028412
3678.020584 -11.664618 -94.773648
3678.778672 -11.682665 -95.531737
3679.575318 -11.697103 -96.328382
3680.269144 -11.697103 -97.022209
3681.052938 -11.700713 -97.806002
3681.875263 -11.693494 -98.628327
3682.594819 -11.711541 -99.347884
3683.250114 -11.744027 -100.003178
3684.162380 -11.765684 -100.915445
3685.023262 -11.819826 -101.776327
3685.614320 -11.855922 -102.367385
3686.462350 -11.877579 -103.215415
3687.233291 -11.881188 -103.986355
3687.991379 -11.899236 -104.744444
3688.749468 -11.892017 -105.502532
3689.546088 -11.913674 -106.299152
3690.201408 -11.946159 -106.954472
3691.036585 -11.971426 -107.789650
3691.884615 -11.993083 -108.637680
3692.591294 -12.011130 -109.344358
3693.387940 -12.025568 -110.141004
3694.814175 -12.159120 -111.567239
3695.636500 -12.242139 -112.389564
3696.445998 -12.307110 -113.199062
3697.126997 -12.361253 -113.880062
3698.000732 -11.953378 -114.753796
3699.118611 -10.354367 -113.635917
3699.722496 -9.740750 -113.032032
3700.429201 -9.220981 -112.325328
3701.148732 -8.744527 -111.605797
3701.893993 -8.296948 -110.860535
3702.677761 -7.892683 -110.076767
3703.268819 -7.495637 -109.485709
3704.219643 -7.149125 -108.534886
3705.029141 -6.795393 -107.725388
3705.722967 -6.448880 -107.031561
3706.429671 -6.131244 -106.324857
3707.123498 -5.824436 -105.631031
3707.894438 -5.521237 -104.860090
3708.665379 -5.246914 -104.089149
3709.423468 -4.987030 -103.331061
3710.220113 -4.741583 -102.534415
3710.901113 -4.488918 -101.853416
3711.697733 -4.254300 -101.056796
3712.340200 -4.052168 -100.414328
3713.136821 -3.835597 -99.617708
3713.715026 -3.647903 -99.039502
3714.691555 -3.452990 -98.062974
3715.449643 -3.279733 -97.304885
3716.143469 -3.099258 -96.611059
3716.940115 -2.929611 -95.814413
3717.621114 -2.770793 -95.133414
3718.417735 -2.611974 -94.336794
3719.214380 -2.485642 -93.540148
3719.972469 -2.337652 -92.782060
3720.576379 -2.196881 -92.178149
3721.437236 -2.077767 -91.317293
3722.221029 -1.958654 -90.533499
3722.940586 -1.832321 -89.813943
3723.762911 -1.713207 -88.991618
3724.443910 -1.615751 -88.310618
3725.446118 -1.511075 -87.308411
3726.641061 -1.312552 -86.113468
3727.334913 -1.207876 -85.419616
3728.067296 -1.114029 -84.687232
3728.992440 -1.023791 -83.762088
3729.647735 -0.933554 -83.106793
3730.392971 -0.861364 -82.361557
3731.061118 -0.774735 -81.693410
3731.870591 -0.695326 -80.883938
3732.757178 -0.623136 -79.997351
3734.106299 -0.467927 -78.648230
3734.735914 -0.410175 -78.018615
3735.750974 -0.345204 -77.003554
3736.431973 -0.291061 -76.322555
3737.125800 -0.236919 -75.628729
3737.909593 -0.179167 -74.844935
3738.693386 -0.121415 -74.061142
3739.412917 -0.063663 -73.341611
3740.106769 -0.013129 -72.647759
3740.826300 0.030185 -71.928228
3741.751419 0.069889 -71.003109
3743.164802 0.156517 -69.589726
3743.948595 0.196222 -68.805933
3744.668127 0.239536 -68.086402
3745.336274 0.279241 -67.418255
3746.312802 0.322555 -66.441726
3747.083743 0.362259 -65.670786
3747.700480 0.391135 -65.054048
3748.432864 0.438059 -64.321665
3749.319451 0.477763 -63.435078
3750.090392 0.506640 -62.664137
3750.784218 0.549954 -61.970310
3751.709362 0.578830 -61.045166
3752.351804 0.625753 -60.402724
3752.955689 0.658239 -59.798839
3753.932218 0.679896 -58.822311
3754.523276 0.701553 -58.231253
3755.371306 0.737648 -57.383223
3756.090837 0.762915 -56.663692
3757.054513 0.780962 -55.700016
3757.632718 0.802619 -55.121810
3758.429339 0.835105 -54.325190
3759.200279 0.853152 -53.554249
3760.729309 0.896466 -52.025220
3761.346046 0.928952 -51.408482
3762.116987 0.943390 -50.637542
3762.862223 0.968656 -49.892306
3763.646016 0.983094 -49.108512
3764.416931 1.001142 -48.337597
3765.200725 1.011971 -47.553804
3765.907403 1.037237 -46.847125
3766.665492 1.062504 -46.089037
3767.307959 1.069723 -45.446569
3768.117432 1.091380 -44.637096
3769.016846 1.109427 -43.737682
3769.595052 1.127475 -43.159477
3770.404524 1.145522 -42.350004
3771.111228 1.163570 -41.643300
3771.920701 1.178008 -40.833827
3772.691642 1.199665 -40.062887
3773.398346 1.221322 -39.356182
3774.053641 1.239369 -38.700888
3774.875966 1.257417 -37.878563
3775.711143 1.275465 -37.043385
3776.520616 1.297122 -36.233913
3777.201615 1.322388 -35.552913
3778.011088 1.329607 -34.743441
3778.730644 1.347655 -34.023884
3779.501560 1.369312 -33.252969
3780.156854 1.380140 -32.597674
3780.927795 1.401797 -31.826733
3781.942855 1.419845 -30.811673
3782.521061 1.441502 -30.233468
3783.292002 1.452330 -29.462527
3784.050090 1.473987 -28.704438
3784.731064 1.495644 -28.023464
3785.630503 1.517301 -27.124025
3786.439976 1.528130 -26.314552
3787.185212 1.546178 -25.569316
3787.943300 1.564225 -24.811228
3788.829862 1.582273 -23.924666
3790.166156 1.618368 -22.588372
3790.962802 1.632806 -21.791727
3791.618096 1.668901 -21.136432
3792.697393 1.668901 -20.057135
3793.982277 1.712215 -18.772251
3794.778923 1.719434 -17.975605
3795.459897 1.737481 -17.294631
3796.269395 1.759138 -16.485133
3797.117425 1.777186 -15.637104
3797.798399 1.791624 -14.956130
3798.530808 1.806062 -14.223721
3799.468754 1.820500 -13.285775
3800.085516 1.838548 -12.669012
3800.920694 1.842157 -11.833835
3801.601693 1.860205 -11.152835
3802.308372 1.867424 -10.446156
3803.066460 1.896300 -9.688068
3803.863081 1.907128 -8.891448
3804.698258 1.907128 -8.056270
3805.404962 1.928785 -7.349566
3806.098789 1.928785 -6.655740
3806.908287 1.961271 -5.846242
3807.627818 1.964880 -5.126711
3808.347349 1.979318 -4.407179
3809.169674 1.993756 -3.584854
3809.927762 2.015413 -2.826766
3810.621614 2.022632 -2.132914
3811.366850 2.051509 -1.387678
3812.189175 2.062337 -0.565353
3812.805913 2.080385 0.051384
3813.602558 2.094823 0.848030
3814.437736 2.112870 1.683207
3815.131562 2.130918 2.377034
3815.889650 2.152575 3.135122
3816.699123 2.170622 3.944595
3817.482916 2.185060 4.728388
3818.176743 2.203108 5.422214
3818.934831 2.217546 6.180303
3819.680067 2.228374 6.925539
3820.425303 2.246422 7.670775
3821.299038 2.264469 8.544509
3821.980012 2.282517 9.225483
3822.763805 2.293346 10.009276
3823.419099 2.322222 10.664571
3824.215720 2.325831 11.461191
3825.063749 2.351098 12.309221
3825.770454 2.369145 13.015925
3826.605631 2.387193 13.851103
3827.273753 2.419678 14.519224
3828.186044 2.441335 15.431516
3828.956960 2.455773 16.202431
3829.676516 2.470211 16.921988
3830.550251 1.932395 16.048253
